user_id,account_id,user_name,user_reputation
194215.0,41402813.0,cloudy,1.0
143982.0,4742522.0,user164175,1.0
194775.0,20545732.0,Endofunctor reticulum,1.0
194774.0,47055815.0,Yoeel Fakhry,1.0
193216.0,45887944.0,Shubham Singh,1.0
194783.0,47058657.0,Rabab Mustafa Ramadan,1.0
154644.0,25026055.0,databaseBoss,1.0
140704.0,26408610.0,maasai_moran,1.0
144072.0,20694482.0,Hogan Marhoefer,1.0
194188.0,30090770.0,Shubham Kunkerkar,1.0
120898.0,22245546.0,Sarah,1.0
122316.0,22332225.0,Agata,1.0
136113.0,17229697.0,Jessica López Espejel,1.0
155218.0,29644783.0,Jovi,1.0
166958.0,18188306.0,Pedro Castilho,1.0
165960.0,34237992.0,David Quispe,1.0
169865.0,36005236.0,Mahesh Rajendra,1.0
151800.0,29024501.0,Prabhakar Reddy,1.0
164728.0,7361858.0,RaZieRSarE,1.0
155076.0,21192164.0,Anandhu H,1.0
155391.0,28984548.0,Jarun Vantanavijarn,1.0
190551.0,44953650.0,vinvin,1.0
190520.0,44940123.0,user190520,1.0
166493.0,34457677.0,Jeannett Trent,1.0
121302.0,22328380.0,Davis,1.0
155165.0,29629654.0,user155165,1.0
189909.0,44644465.0,Neville Aga,1.0
190628.0,32322737.0,Shivani Toorpu,1.0
190637.0,24844173.0,bilalj,1.0
111034.0,20576722.0,user111034,1.0
139511.0,12937774.0,dhananjaya,1.0
111125.0,2570101.0,user2229066,1.0
190198.0,44728112.0,Daniel Farinha Ribeiro,1.0
190197.0,6533358.0,ind_1617,1.0
189842.0,44598199.0,Rachel,1.0
184279.0,42745695.0,Sayan,1.0
189699.0,8797665.0,Brandon Heng,1.0
189657.0,15524164.0,help_help_help,1.0
190444.0,43008104.0,Ujas Diyora,1.0
108743.0,14202297.0,koprotk,1.0
151535.0,14094123.0,yuckyh,1.0
151049.0,28835844.0,M3thWh1zK1d,1.0
154687.0,14387036.0,Gabriel Verreault,1.0
178338.0,26734789.0,0xQuasar,1.0
156404.0,29955120.0,ankit joshi,1.0
158423.0,15514967.0,QQQQ,1.0
127770.0,19388248.0,Rima,1.0
122481.0,22361594.0,Niko,1.0
190398.0,17470857.0,The Bit Plumber,1.0
143864.0,27248205.0,Cactus,1.0
143742.0,27210320.0,3 months,1.0
143727.0,22450034.0,Harsh Jhunjhunwala,1.0
151012.0,28860716.0,user151012,1.0
150903.0,11209043.0,ErikSC,1.0
151536.0,28968510.0,user151536,1.0
154890.0,13994304.0,Bryant Reininger,1.0
152986.0,16240478.0,Mas,1.0
122720.0,22403131.0,TMC,1.0
122705.0,22399947.0,Teefs,1.0
122687.0,22398133.0,myfinanceprofessor,1.0
155734.0,6643023.0,Eugenia Pais,1.0
150591.0,28772188.0,munyao adika,1.0
120846.0,22125401.0,user,1.0
120700.0,21995476.0,mike,1.0
111151.0,17052207.0,Carlos Natalino,1.0
111129.0,13631470.0,Bhasker Kumar,1.0
143651.0,27181219.0,Adrián Pérez Diéguez,1.0
143646.0,27179722.0,Sanket,1.0
155854.0,29818643.0,citara3996,1.0
177630.0,40055274.0,Anon,1.0
155337.0,7969867.0,Mr. KT,1.0
189912.0,44645105.0,BIGJe,1.0
190210.0,44835804.0,James Whitmore,1.0
122843.0,22430334.0,Shahrin Islam,1.0
143726.0,27206412.0,AMRITA DAS,1.0
119711.0,5097309.0,JJ Levine,1.0
122875.0,20863612.0,Rajdeep datta,1.0
174769.0,23519676.0,keter,1.0
143121.0,21905262.0,m-jeu,1.0
178780.0,15394903.0,Robert Wilcox,1.0
149053.0,28331381.0,nastiag67,1.0
173876.0,37919147.0,Jeff,1.0
183268.0,42148508.0,jenkie,1.0
156083.0,29871079.0,citara3996,1.0
152146.0,10548946.0,adrianCFR,1.0
155393.0,17865799.0,Corne van Zyl,1.0
161296.0,30706300.0,Lucas,1.0
149323.0,28421162.0,Tabeye,1.0
144435.0,18220943.0,Filippos_p,1.0
144418.0,21890742.0,God gives Pizza,1.0
149974.0,28625037.0,Matan Sandori,1.0
191970.0,45220533.0,VecMachine,1.0
123111.0,22482462.0,MikeB,1.0
123017.0,22416994.0,user16624899,1.0
156454.0,29963027.0,khm,1.0
150375.0,10843886.0,ahxmeds,1.0
122916.0,22445929.0,NewbierThanANewbie,1.0
142965.0,22667319.0,LearnerABC,1.0
144782.0,25481223.0,Cat March,1.0
149363.0,28433860.0,Chiyu Song,1.0
138765.0,7469358.0,Chetan,1.0
120579.0,21912544.0,ravan,1.0
143663.0,27184717.0,PowerBIUser,1.0
111378.0,20632120.0,Ifeakachukwu okwuazu,1.0
147961.0,26779057.0,gillan_data,1.0
123322.0,8135878.0,kazi fahim lateef,1.0
123272.0,4994400.0,User,1.0
180205.0,28894978.0,mr.grixa,1.0
184114.0,32303410.0,Ruba Egbaria,1.0
156798.0,30054925.0,lel,1.0
3117.0,1988549.0,peterh,1.0
149791.0,13673363.0,a__a,1.0
184703.0,42950941.0,Simon Hergott,1.0
147592.0,26611186.0,Pragyan Tiwari,1.0
163151.0,27070127.0,Yugal Chambhare,1.0
110796.0,20534847.0,luoji,1.0
143514.0,20263818.0,Erdogan Seref,1.0
172627.0,30248094.0,Ben Peers,1.0
192437.0,45543547.0,Predictability Calculator,1.0
145879.0,15125570.0,Amdj3dax,1.0
123437.0,22541132.0,Никита Юсупов,1.0
120400.0,13772301.0,Ananth Subramanian,1.0
120341.0,22143806.0,Anon,1.0
122615.0,16261641.0,Yash Sandansing,1.0
149167.0,28366335.0,Han Lim,1.0
136336.0,25425101.0,xjtupanda,1.0
156144.0,29886840.0,samsam,1.0
165907.0,28221308.0,mahsa zamani,1.0
145480.0,27676939.0,DataScientistExpert,1.0
161086.0,14769470.0,Vasim Biradar,1.0
120290.0,22133491.0,vml96,1.0
177455.0,39948786.0,Wannabe_PhD,1.0
134923.0,12899364.0,Kanan Suleyman,1.0
143500.0,16700595.0,1stTimeStackOverflow,1.0
143498.0,11518949.0,Alex,1.0
134643.0,24388328.0,Shreyas Prasad,1.0
124800.0,22637218.0,Ashwini,1.0
153576.0,29202620.0,Chay,1.0
143173.0,26900875.0,Arancium,1.0
158340.0,30201821.0,Eamonn Keogh,1.0
120283.0,18030863.0,ConvXET,1.0
120268.0,22130115.0,Rupert,1.0
124844.0,22646385.0,r3v1,1.0
139112.0,20735945.0,Nick NaSvlishvili,1.0
141053.0,26502003.0,R Gupta,1.0
158071.0,17711424.0,Jack,1.0
144566.0,27447385.0,Chrysa Rinou,1.0
144548.0,6399945.0,Adam Prior,1.0
158417.0,421488.0,sudar,1.0
123725.0,22620507.0,bolarpear,1.0
149464.0,28465731.0,Ricardo Moro,1.0
181807.0,38874549.0,Freeziey,1.0
158900.0,30347313.0,Shreeyansh Das,1.0
148599.0,5419773.0,Srila Maiti,1.0
37720.0,6185722.0,Nitin Mahajan,1.0
96117.0,13369580.0,stvhuang,1.0
151452.0,20135565.0,Junming Zheng,1.0
181100.0,41686458.0,user181100,1.0
111425.0,20638526.0,DSNewbie,1.0
111427.0,17008440.0,Steffen44,1.0
143439.0,27116630.0,Lucas ,1.0
143989.0,22579855.0,etet,1.0
150475.0,25110304.0,BenjaminLi,1.0
125140.0,21759114.0,PassaroBagante,1.0
111458.0,20644496.0,user111458,1.0
142475.0,24947707.0,Crn,1.0
143291.0,15043775.0,Jordan Fletcher,1.0
111526.0,19683790.0,adamsalenushka,1.0
60358.0,14498962.0,ViggoTW,1.0
175033.0,8384887.0,DataOmbudsman,1.0
133336.0,123167.0,Jack G,1.0
140494.0,23131667.0,Rory Majule,1.0
143334.0,5203058.0,HAKG,1.0
143307.0,27075853.0,Kate,1.0
142068.0,25412325.0,Arseniy Maryin,1.0
143110.0,17407189.0,Alex Boquist,1.0
154758.0,29513009.0,Chris,1.0
143367.0,4061157.0,openloop,1.0
144820.0,27523932.0,kumar humrai,1.0
144775.0,27510398.0,Irfan,1.0
143205.0,27041139.0,Bad Coder,1.0
151411.0,8124436.0,Nikhil Khedkar,1.0
176379.0,18353637.0,mbuuck,1.0
153596.0,12206103.0,Vodis,1.0
155269.0,29657541.0,Anil Kumar,1.0
148314.0,28123857.0,Avanish Parmessur,1.0
148663.0,28219663.0,Ella,1.0
142420.0,15088470.0,Yonatan Lourie,1.0
142588.0,26563441.0,Ahmed Hekal,1.0
159135.0,30391790.0,souvikdcoder,1.0
122973.0,17107531.0,cris2019,1.0
150801.0,28819917.0,Take Lama,1.0
142404.0,7888199.0,SuleymanSelim,1.0
89994.0,15194082.0,Pravin Borate,1.0
143846.0,22900220.0,Anıl Özlü,1.0
119837.0,16711041.0,thilopuetz,1.0
111444.0,20641563.0,newbieeeee_e,1.0
119701.0,22025756.0,Brindha Ganesan,1.0
125960.0,22811340.0,puajeh,1.0
125964.0,22915968.0,Corinne Rydgren,1.0
126074.0,22941265.0,cristina,1.0
125821.0,22880042.0,TKTK,1.0
145384.0,16973724.0,AGuyNextDoor,1.0
151013.0,28861563.0,Ando,1.0
143241.0,19896814.0,Mukilan Krishnakumar,1.0
177831.0,40167570.0,Rolaro,1.0
126226.0,10664172.0,Harsha Vardhana,1.0
119705.0,22026185.0,Luis Patiño Quiroz,1.0
104449.0,16812175.0,Sakib Khan Inan,1.0
183733.0,15538835.0,Hemel,1.0
126359.0,23004161.0,Zak,1.0
177985.0,40260832.0,Anil Bhagwat,1.0
111615.0,20668466.0,Nabarun,1.0
134887.0,3032173.0,B McMinn,1.0
141038.0,26497922.0,user141038,1.0
141264.0,26550770.0,Anika,1.0
141299.0,26174764.0,wsanzone,1.0
177197.0,17130300.0,Swagat Mishra,1.0
119542.0,20864999.0,Ralvin3,1.0
162134.0,1076500.0,sread,1.0
177716.0,20201660.0,ahmad javaid,1.0
176734.0,16793741.0,Andrew Liu,1.0
178195.0,40371938.0,Comander Rasyid,1.0
178438.0,35483817.0,therinoa,1.0
150977.0,28853102.0,Vaishnavi Kaushik,1.0
161410.0,1696101.0,ashishfa,1.0
176653.0,39488702.0,MLNoob,1.0
159867.0,30578161.0,MathToad,1.0
119508.0,21983810.0,RockstarGuru,1.0
119473.0,19680667.0,gurke,1.0
150895.0,18400377.0,SAch,1.0
163816.0,31146180.0,gummy,1.0
169272.0,14389514.0,许延泽,1.0
126557.0,23050730.0,Gerasimos Delivorias,1.0
176518.0,39400516.0,ryan,1.0
140108.0,14519919.0,wz7475,1.0
140413.0,26331935.0,floydpric,1.0
142564.0,26874321.0,VIjay Srinivas Tida,1.0
168617.0,35496753.0,Alex Roman,1.0
176378.0,39311934.0,Yogananda,1.0
161508.0,30793323.0,bmatichuk,1.0
119322.0,17449894.0,X Z,1.0
165837.0,34182121.0,Ching,1.0
127004.0,6639280.0,Logan ,1.0
146062.0,1313483.0,Thiago Vieira,1.0
119290.0,17573103.0,Rahul Kumar,1.0
152236.0,29117176.0,Ernest,1.0
149455.0,28121081.0,Nyra Miller,1.0
119526.0,16452776.0,cLwill,1.0
175894.0,29999389.0,X.Pan,1.0
138488.0,25889369.0,Doğukan Yılmaz,1.0
144904.0,11929060.0,Toan Nguyen,1.0
143047.0,27001528.0,jamesruu,1.0
175310.0,38673157.0,PKI0273,1.0
144971.0,27565775.0,user144971,1.0
142931.0,26975249.0,gigi rawa,1.0
111212.0,18045270.0,ites,1.0
111775.0,6095999.0,user4756766,1.0
103887.0,19374731.0,super_nova_Utah,1.0
127147.0,19145139.0,Alee Emran,1.0
127137.0,19716605.0,tureehh,1.0
142661.0,18806998.0,BDI,1.0
142351.0,20444444.0,Nerdy19,1.0
119101.0,3358076.0,dexterbla,1.0
149451.0,4681743.0,user3790272,1.0
140912.0,15645359.0,Zhengxiao Du,1.0
118987.0,21880765.0,DataDonkey,1.0
118952.0,16506351.0,Sayani,1.0
155953.0,29840024.0,161shaa,1.0
168144.0,32236211.0,RedSean,1.0
138220.0,19029051.0,Abhishek Pandir,1.0
118887.0,21858154.0,Jayne,1.0
145290.0,19285801.0,A N D E U S,1.0
173185.0,37557121.0,Nguyen Dao,1.0
118812.0,17036204.0,Anekant Jain,1.0
193164.0,15748931.0,Hannah Vogel,1.0
180052.0,41134438.0,Viru,1.0
142589.0,26880372.0,Lauren,1.0
142659.0,26412526.0,pedritoanonimo,1.0
118794.0,20807129.0,Linh NV,1.0
118765.0,12297776.0,JohnnyPire,1.0
137014.0,23535756.0,ImotVoksim,1.0
118562.0,2434188.0,Amin Zadenoori,1.0
173137.0,37531517.0,Burger,1.0
151596.0,28977191.0,Anu,1.0
64881.0,4729974.0,user3825890,1.0
172738.0,37340050.0,DsKiLlEr DsKiLlEr,1.0
172731.0,17554056.0,Eliza Romanski,1.0
171245.0,23513216.0,user999605,1.0
171188.0,36620041.0,Aryan,1.0
118571.0,17888317.0,Jonathan Duran,1.0
170716.0,5263100.0,Luis Felipe,1.0
170678.0,18145693.0,Leila,1.0
118516.0,17151141.0,Olfa2,1.0
118612.0,21786468.0,Lerry C,1.0
172562.0,13559314.0,Jet,1.0
149660.0,2412286.0,saeedeh sadeghi,1.0
137765.0,25731711.0,Prithiviraj V,1.0
172972.0,37469645.0,Thomas Evers,1.0
136982.0,18849436.0,Hetarth Chopra,1.0
170498.0,3736698.0,Jon,1.0
170309.0,25697595.0,HaughtyNavigator,1.0
170151.0,36136186.0,김동휘,1.0
170118.0,20300433.0,WitHappens,1.0
128082.0,23431320.0,JumboJetlin,1.0
144684.0,14039424.0,sohailziahh,1.0
144976.0,27566445.0,Manar-01,1.0
128043.0,23042077.0,Arnold Lima,1.0
118540.0,14073091.0,Tiltlord,1.0
135071.0,22713030.0,learner,1.0
162140.0,13950808.0,Eugene,1.0
144586.0,15924952.0,bid2019,1.0
144826.0,27526241.0,Tyler Durden,1.0
144614.0,27459817.0,MJay,1.0
128098.0,10169292.0,J.Harebell,1.0
118496.0,20758874.0,Deli,1.0
118486.0,20904245.0,Ciprian Teletin,1.0
144448.0,27414402.0,soumalya saha,1.0
144517.0,27432197.0,Julia,1.0
118425.0,21336653.0,Abdelhamid,1.0
171766.0,17430308.0,Aref Sayareh,1.0
169990.0,35990792.0,Arya,1.0
142461.0,17953882.0,RyuGood0,1.0
142450.0,12913433.0,Estheralda,1.0
168926.0,35605133.0,Harsh Singh,1.0
144264.0,24770580.0,Rajat Gaur,1.0
144350.0,27282870.0,tayron.vikranth,1.0
144343.0,26530226.0,hokge,1.0
141921.0,25591679.0,bdzh,1.0
117697.0,21600830.0,codeprof,1.0
142362.0,15147682.0,jeanrwx,1.0
159524.0,27506337.0,Boby Sinha,1.0
141497.0,26607224.0,Daniel,1.0
128252.0,23470542.0,Nanna Brandt,1.0
128229.0,22474063.0,rachel tan,1.0
191955.0,45209516.0,Abhish Khanal,1.0
118352.0,21727281.0,Prashant,1.0
122592.0,22314594.0,Kirill Shurshev,1.0
113079.0,5837602.0,learner,1.0
111355.0,11899538.0,Yuval Argaman,1.0
118371.0,15278626.0,FNF,1.0
141698.0,26660491.0,yann halrd,1.0
169075.0,35666913.0,user169075,1.0
169059.0,35660298.0,Alfonso Moreno,1.0
162548.0,29127069.0,Omar,1.0
168097.0,35222625.0,Helge Dyvik,1.0
161415.0,4357044.0,Steven Dorsher,1.0
112908.0,20541024.0,Avizyt,1.0
168042.0,35199368.0,Daveonwave,1.0
167727.0,35055070.0,DurgaKant Gupta,1.0
167695.0,35043907.0,Reese Oliver,1.0
144371.0,14933502.0,Gabriel Monteiro,1.0
144363.0,7975781.0,akkig,1.0
118798.0,20698465.0,Bartiez,1.0
148887.0,15718097.0,Costa,1.0
119030.0,21890394.0,Anna,1.0
135201.0,25161249.0,Unknown _,1.0
156082.0,29870972.0,citara3996,1.0
128597.0,23566940.0,Qwerty,1.0
144213.0,16720273.0,ArchanaR,1.0
144196.0,8054623.0,Can Nguyen,1.0
128671.0,18352905.0,DaddyMuffin,1.0
167269.0,34824893.0,Raghav Rathi,1.0
167033.0,22611803.0,Rayyan Khan,1.0
119045.0,9484578.0,Swarnima,1.0
99565.0,3630000.0,Nik,1.0
144022.0,27287990.0,ML_newbie,1.0
143866.0,21101851.0,TecK97,1.0
146304.0,4241007.0,notnot,1.0
143964.0,27099441.0,sai_0033,1.0
119426.0,21967802.0,Sameera89 Talafha,1.0
164269.0,33080597.0,Sadra,1.0
137682.0,10845963.0,Yiding,1.0
138085.0,21141703.0,Sushil Kokil,1.0
143761.0,27217489.0,Mateusz,1.0
143751.0,27213825.0,user143751,1.0
128857.0,19362835.0,Hashim,1.0
145476.0,23533332.0,Genevieve,1.0
145446.0,27670703.0,liu2188,1.0
145445.0,27669718.0,Esmeralda Ruiz Pujadas,1.0
163810.0,5376472.0,KalmanFilteredCoffee,1.0
166550.0,34477275.0,NotProbabaleResult,1.0
143654.0,24291129.0,user18236139,1.0
129968.0,23669082.0,Kristina Aivazova,1.0
143797.0,27228569.0,Thomas O'Brien,1.0
128820.0,23632561.0,KevG.,1.0
142245.0,26789306.0,David,1.0
169644.0,15202472.0,Leon,1.0
165264.0,28823650.0,Filipy,1.0
143665.0,27185112.0,akuea3728,1.0
27638.0,9971238.0,user_8162627833723,1.0
128901.0,6202229.0,Chili,1.0
88933.0,17214251.0,Anıl Gürbüz,1.0
142827.0,19472425.0,edd1,1.0
130007.0,9576884.0,TheGame,1.0
129982.0,3708689.0,Soumik Mukherjee,1.0
130051.0,21225795.0,7ired,1.0
143603.0,17633528.0,D_M,1.0
129933.0,23661322.0,Monsoniland,1.0
143662.0,25476350.0,ScubaNinjaDog,1.0
165819.0,4227032.0,user3460324,1.0
165714.0,34130949.0,Lasantha Kulasooriya,1.0
165615.0,26170246.0,Pedro Henrique Fernandes,1.0
165500.0,34035718.0,Jacob Perius,1.0
165471.0,24251438.0,Ramon Araneta,1.0
165453.0,34012676.0,Darth_Vader_DataAnalyst,1.0
130138.0,23717705.0,Łukasz Czop,1.0
130116.0,22599075.0,Pietro,1.0
111344.0,20625566.0,Barinder Thind,1.0
173398.0,16409931.0,Richard M,1.0
184068.0,42585192.0,Priyanka,1.0
148778.0,15869587.0,Prathamesh Dinkar,1.0
136310.0,13042143.0,Skywalker,1.0
143898.0,27254458.0,Arpad,1.0
190155.0,44635358.0,Anjali Sonkar,1.0
164601.0,23815353.0,DIMITRIS TSAKATSONIS,1.0
143232.0,22082938.0,Stak33,1.0
141301.0,353627.0,emekadavid,1.0
143299.0,11337351.0,T.A. Anderson,1.0
143595.0,27164181.0,Ostlimpa,1.0
119337.0,21947430.0,Abby Crisp,1.0
165052.0,33604111.0,Bianca,1.0
164958.0,13662162.0,Mai Khanh,1.0
128501.0,23540595.0,Ren,1.0
145391.0,14376350.0,user624,1.0
142316.0,26807864.0,Grace,1.0
167804.0,33094297.0,ujjwal mishra,1.0
111893.0,20714796.0,Emyn Arnen,1.0
164232.0,33063046.0,Pranav Kaushik,1.0
163914.0,16503574.0,hollowhills,1.0
130129.0,22994292.0,zyezye11,1.0
130163.0,19923719.0,ikram zouaoui,1.0
130140.0,19984384.0,afwksh,1.0
141372.0,26555712.0,Vasiliy Molochkov,1.0
163712.0,32843344.0,kazu,1.0
163255.0,17401437.0,mcas,1.0
134332.0,24866183.0,Maysa,1.0
119116.0,21449477.0,sdbvuf sbjdsfdib,1.0
130376.0,7420204.0,YentlPauwels,1.0
117951.0,21648017.0,JAL,1.0
130203.0,10080370.0,mos2g,1.0
145437.0,23378957.0,Hemangi khatri,1.0
145422.0,27097501.0,WLD,1.0
145410.0,27664281.0,Hanson Zhao,1.0
145404.0,27663186.0,Miuni Nihara,1.0
145396.0,27660956.0,ml_beginner,1.0
143612.0,27170717.0,user143612,1.0
136119.0,15088114.0,Pier,1.0
133615.0,4155834.0,Jagat Bhat,1.0
142941.0,19227190.0,Homayra Alam,1.0
142970.0,26983950.0,Samuel Ahiadjipé,1.0
143204.0,24988943.0,Digitas Merero,1.0
145638.0,10146837.0,inane,1.0
145620.0,27709337.0,The New Guy,1.0
145617.0,27708559.0,Leon,1.0
142851.0,23642004.0,AccelUp,1.0
142853.0,2781811.0,Mohammed Nafie,1.0
86100.0,17198903.0,Gajan T,1.0
130550.0,23814835.0,geogeek,1.0
142801.0,17363495.0,Badri Narayanan S,1.0
142507.0,23278475.0,Aman Desai,1.0
130630.0,8766773.0,Jan,1.0
90957.0,1472494.0,Sandra Sukarieh,1.0
163334.0,32680697.0,ggtb,1.0
140669.0,14796619.0,Raziel Amador Rios,1.0
110397.0,20462228.0,farzaneh,1.0
145499.0,27680383.0,johnjohnson,1.0
117304.0,21523651.0,Brendon Lucas,1.0
167578.0,1511832.0,DanCar,1.0
166486.0,23726800.0,Alaa,1.0
130737.0,23869705.0,user130737,1.0
84817.0,17030065.0,Kareem Althwaini,1.0
171667.0,36842290.0,Ann,1.0
172712.0,37337432.0,yuya,1.0
112963.0,15970198.0,haroun EZZAHRAOUI,1.0
136953.0,25255239.0,user19087072,1.0
165820.0,13215432.0,nathan oupresque,1.0
130846.0,1831615.0,Mav,1.0
130825.0,23894699.0,David Sriker,1.0
130800.0,19805930.0,hello,1.0
142453.0,9570314.0,Muhammad Iqbal,1.0
130690.0,22994397.0,John,1.0
176360.0,13119078.0,Zhiang Fan,1.0
137030.0,11834220.0,chodry,1.0
143712.0,27201593.0,Davide,1.0
162980.0,27612686.0,Leo Selker,1.0
162970.0,9992757.0,Hugo Guay,1.0
162895.0,32210275.0,user162895,1.0
139588.0,26148881.0,Aditi jain,1.0
142373.0,16919704.0,Pranav,1.0
130776.0,15213558.0,Sparsh Garg,1.0
130863.0,20958743.0,Frank Ch,1.0
140943.0,26472487.0,Ini-Abasi Affiah,1.0
70816.0,269996.0,user559678,1.0
162870.0,30357020.0,Роман Чаузов,1.0
119594.0,20035719.0,user14687500,1.0
151928.0,29050245.0,Joanie Brazeau,1.0
130906.0,23916523.0,DiogoS,1.0
119630.0,18070781.0,Dirk,1.0
167190.0,8397789.0,Arthur VP,1.0
162747.0,32095576.0,Muhammad Umer,1.0
162725.0,32075008.0,ANA,1.0
168347.0,23192913.0,aam,1.0
111996.0,20270807.0,James Delles,1.0
142011.0,26735580.0,kidkondo,1.0
162646.0,24380534.0,Foch29,1.0
119690.0,11651613.0,nahila,1.0
162559.0,17842576.0,SamoloH,1.0
168101.0,35148899.0,Helge Dyvik,1.0
130975.0,10124327.0,ForkyTheEditor,1.0
142187.0,15664771.0,Jacob Pradels,1.0
156877.0,30080184.0,John Pegram,1.0
131067.0,23948928.0,Alex,1.0
131048.0,23945153.0,ElenaWu,1.0
133361.0,22303949.0,Chin Han Lu,1.0
177453.0,39948378.0,Vivek Parashar,1.0
134109.0,19286441.0,Dranikf,1.0
128361.0,23500314.0,user128361,1.0
142195.0,26777129.0,Kodak,1.0
142163.0,26122853.0,Zoro,1.0
106942.0,14165127.0,Aditi,1.0
107115.0,15759947.0,m8tey7,1.0
131160.0,2030591.0,jmuller,1.0
162503.0,26608303.0,pomelo,1.0
131223.0,18831517.0,Tom_nerd,1.0
131178.0,23974797.0,Michele Papucci,1.0
131167.0,10283759.0,Jd_mahmud,1.0
156832.0,6962298.0,Pann Vandet,1.0
171857.0,36927917.0,user171857,1.0
49759.0,9104164.0,Anshuman Kirty,1.0
128266.0,23475422.0,Connor Mills,1.0
131474.0,24048634.0,Mohammed,1.0
136525.0,25467939.0,banalyst,1.0
158381.0,30213869.0,user158381,1.0
162363.0,31669772.0,GulNkt,1.0
131341.0,24014099.0,user131341,1.0
105323.0,12353338.0,Lazar Gugleta,1.0
117476.0,21552843.0,nerdygeek,1.0
131416.0,24014195.0,Tegig,1.0
131284.0,23999811.0,E4-Pawn,1.0
131264.0,18915307.0,sigma_factor,1.0
132267.0,24225677.0,DMPio,1.0
142146.0,26764088.0,Anna,1.0
142123.0,11597473.0,Vincent H,1.0
128150.0,23446846.0,Code Learner,1.0
131455.0,24040889.0,Olmar,1.0
131588.0,1945017.0,TGD,1.0
117437.0,1979660.0,user1776576,1.0
162348.0,31653398.0,Jai,1.0
162990.0,32293622.0,jojo,1.0
186237.0,5079467.0,David K,1.0
169077.0,35667140.0,Ramandeep Singh,1.0
126633.0,20146742.0,ajn,1.0
162175.0,31420253.0,NoobinStatistics,1.0
169660.0,35451697.0,Artem Frenk,1.0
169684.0,35923150.0,vvtrip,1.0
131357.0,19652537.0,Parth Ankolikar,1.0
131348.0,24015278.0,user131348,1.0
162327.0,31622788.0,Alex Ferry,1.0
161679.0,18899987.0,Curious student,1.0
180882.0,41557468.0,Amarjeet,1.0
141261.0,26550002.0,Stefan,1.0
71706.0,12928467.0,neurhaus,1.0
132151.0,18021457.0,0-0,1.0
162112.0,26037133.0,tailsrockc,1.0
131533.0,24061581.0,nikhil parmar,1.0
168681.0,19153823.0,Marco.B.M,1.0
162210.0,31457431.0,Skyence,1.0
162208.0,20070222.0,Arun Singh G,1.0
142030.0,26738633.0,Yinka,1.0
142029.0,14660388.0,Michael W,1.0
142014.0,26736021.0,steven,1.0
117272.0,21519919.0,user117272,1.0
131013.0,5175085.0,Serj,1.0
139656.0,24111011.0,Aryan Pandey,1.0
169724.0,26323800.0,HamHam,1.0
161967.0,2179567.0,onyourmark,1.0
131795.0,19612952.0,TDI-India,1.0
131617.0,22003220.0,Abrar Hussain,1.0
131775.0,24117845.0,pauper,1.0
141821.0,26691414.0,AR_Jini,1.0
112114.0,20752651.0,Timothy,1.0
141954.0,22805856.0,Harrylever,1.0
138960.0,12481311.0,user9085964,1.0
141916.0,25492578.0,王嘉恒,1.0
142060.0,26746113.0,xyz_,1.0
131886.0,24142561.0,kurmanjo,1.0
109110.0,11835753.0,Kevin M,1.0
131738.0,11034487.0,Exo,1.0
161825.0,31030423.0,Shanthanu,1.0
141356.0,26540221.0,Navya,1.0
120149.0,15669284.0,Shravan K,1.0
119307.0,15174331.0,Swati Shah,1.0
131945.0,17051564.0,shobhit_kulshreshtha,1.0
120343.0,19848450.0,Jacob Nordstrom,1.0
141776.0,26680673.0,Nik Li,1.0
166868.0,15865429.0,Danielakaws,1.0
184155.0,42669358.0,BiotechieStefnie,1.0
144550.0,25725232.0,Aaron Collins,1.0
161683.0,30893269.0,user161683,1.0
117225.0,21510009.0,Bharadwaj,1.0
117198.0,21504859.0,Payal,1.0
112121.0,14256581.0,Shaggy,1.0
145864.0,24568401.0,Ayush Gupta,1.0
145823.0,27757451.0,android_developer,1.0
145777.0,27745439.0,S.S.,1.0
141820.0,26599929.0,Tom,1.0
112207.0,20768144.0,Sanjay Murali,1.0
98443.0,13270347.0,Hasibul Islam Polok,1.0
112154.0,15570436.0,mathematical inutition,1.0
132233.0,19218723.0,LoneWolf,1.0
132229.0,12871380.0,tgm_jack_learn,1.0
63831.0,8250747.0,Karima Touati,1.0
127170.0,22442025.0,Srikant Ramaswamy,1.0
161607.0,21915229.0,Minhaz Khan,1.0
141007.0,9906146.0,D van der Schaaf,1.0
130000.0,426033.0,osipenks,1.0
119036.0,7488797.0,lasmeninas,1.0
138651.0,7085137.0,Gabriele Castellano,1.0
137288.0,25632219.0,anonymous,1.0
189866.0,44619052.0,Amit Mistry,1.0
112424.0,11275312.0,mrbonewithgale,1.0
128913.0,23654967.0,Likith kumar Yammanuru,1.0
132685.0,11654893.0,Julien Audet,1.0
191808.0,45091659.0,Meenakshi Manikandan,1.0
115593.0,21181108.0,Andi,1.0
132109.0,12961179.0,komal,1.0
132091.0,19828734.0,alyonushka,1.0
132079.0,15072520.0,Alireza Azhdari,1.0
161385.0,17659990.0,Shaurya Uniyal,1.0
117022.0,21471561.0,Enish Shah,1.0
132283.0,8915943.0,Heroshizen,1.0
110476.0,20477625.0,Suhaib Khalil,1.0
132328.0,24245779.0,Mads Boyd-Madsen,1.0
125178.0,12158834.0,Steve2Fish,1.0
132310.0,10806642.0,leevii,1.0
132307.0,24238492.0,shinjitos,1.0
161314.0,30712983.0,CuriousGirl,1.0
183698.0,42382909.0,Iti,1.0
145891.0,27768873.0,Ahmed Mohamdy,1.0
123236.0,7597382.0,reza karbasi,1.0
161193.0,9006521.0,GrGr11,1.0
128256.0,12239690.0,Muhammad Ovais,1.0
132486.0,24280911.0,macarom,1.0
117091.0,21127131.0,Osama Hamada,1.0
174659.0,38303110.0,Artem Goryushin,1.0
170830.0,5579031.0,John,1.0
161048.0,26336087.0,Bryan Carty,1.0
117292.0,7838415.0,Harsh Kumar,1.0
160000.0,30610566.0,naomit,1.0
132400.0,6623909.0,Pavan,1.0
132393.0,12868523.0,user12838,1.0
132385.0,8966997.0,dangus poochie,1.0
141685.0,12517580.0,Islen,1.0
141677.0,23994005.0,Geng Wang,1.0
141630.0,26645405.0,shrikanth Arunagiri,1.0
110188.0,17963724.0,Developer700,1.0
183725.0,42401252.0,Jennifer Christine Bragg,1.0
117062.0,7533342.0,zzzz,1.0
132602.0,24312994.0,Janya,1.0
132656.0,24319465.0,MttRch,1.0
120507.0,22170150.0,Christopher,1.0
120508.0,22170445.0,EmmaM,1.0
159995.0,30608645.0,Shreedatta Nasik,1.0
163946.0,32593301.0,Alessio Calvagno,1.0
166553.0,26593094.0,joshpopelka20,1.0
112229.0,12663136.0,dev dev,1.0
139816.0,26189871.0,Matthew,1.0
146166.0,27832463.0,jjw_1906,1.0
143195.0,23346118.0,user17420392,1.0
190244.0,44863419.0,Vedant Bhoyar,1.0
120292.0,4516676.0,SINFER,1.0
120597.0,17065784.0,montty,1.0
120653.0,2084138.0,user1855463,1.0
116982.0,21463428.0,Tessa,1.0
159852.0,18609298.0,Aayesha Qureshi,1.0
128219.0,23462008.0,user128219,1.0
128203.0,19578911.0,soravoid,1.0
166803.0,31252475.0,Haytam Erreggui,1.0
166712.0,31652450.0,Sofia Malik,1.0
166636.0,29854232.0,Diep Luong,1.0
153204.0,13418627.0,user555095,1.0
112070.0,14974041.0,JD21,1.0
175526.0,38681066.0,Raynard Bond,1.0
176076.0,4133295.0,John SS,1.0
159624.0,30485449.0,Krishnan Ganapathy,1.0
132893.0,24388327.0,Leapfrog,1.0
132889.0,20321397.0,naman,1.0
155783.0,29800489.0,Arindam Jain,1.0
132752.0,24348179.0,user132752,1.0
132697.0,24336988.0,Horus,1.0
159754.0,22524152.0,Microbiologie13,1.0
132833.0,23749690.0,Nathan Martin,1.0
131687.0,23784345.0,Ximi,1.0
118721.0,21815434.0,Bipbupbop,1.0
159564.0,2472879.0,Orange Pukeko,1.0
159479.0,30449696.0,user159479,1.0
120718.0,22207577.0,rohit,1.0
116972.0,21461898.0,Cindy Wilson,1.0
38954.0,6602610.0,continuous_learner,1.0
116964.0,20961137.0,Sdeveci,1.0
116962.0,21152664.0,Mourad Askar,1.0
159650.0,26928376.0,Hadis,1.0
141564.0,26618405.0,C GVerg,1.0
144242.0,23295373.0,al imtiaz,1.0
141468.0,26599431.0,Vishnu,1.0
131327.0,24009753.0,user131327,1.0
116958.0,4806554.0,Alessio Marchetti,1.0
133055.0,24441114.0,Yavika,1.0
133050.0,16698510.0,Ryan,1.0
133030.0,15429847.0,amal,1.0
133074.0,24442834.0,Aishwarya Shriniwas,1.0
133142.0,19540485.0,UV0,1.0
116908.0,16229906.0,konstantinmakovsky,1.0
159466.0,5005505.0,Andrey,1.0
138565.0,25905291.0,Bgreat,1.0
146088.0,15064568.0,JeX,1.0
146080.0,18750350.0,Boots,1.0
128153.0,22608116.0,user16788731,1.0
146027.0,27802108.0,Kurt,1.0
144871.0,4856940.0,user3917631,1.0
132979.0,12286202.0,Khan,1.0
132977.0,24417125.0,aljrub12,1.0
141454.0,4698539.0,kidfrom,1.0
133210.0,23242054.0,mooosh,1.0
111200.0,13253222.0,Michele,1.0
112326.0,15421406.0,EVRR,1.0
118134.0,14817927.0,Iram shahzadi,1.0
171727.0,32446256.0,Muthumanickam V,1.0
159232.0,30403168.0,Ahmed,1.0
120748.0,20493474.0,N_T,1.0
125698.0,12267098.0,Djeoff,1.0
158947.0,6118925.0,mohammed shoab,1.0
158944.0,22513813.0,April,1.0
133293.0,13359436.0,29thDay,1.0
133256.0,8938595.0,Jalf,1.0
116902.0,21445137.0,snowman,1.0
120831.0,15342091.0,Jozdien,1.0
120913.0,10873460.0,Karvin,1.0
150665.0,20570443.0,ed WSA,1.0
154070.0,17578114.0,George Barros,1.0
158885.0,28159402.0,Nicholas Walton,1.0
158830.0,30331597.0,zoddin,1.0
142581.0,26878046.0,laffrent,1.0
133121.0,107468.0,drumkey,1.0
126065.0,22939127.0,Juraj Kapasny,1.0
110027.0,20401817.0,eva_12,1.0
141467.0,26599120.0,user141467,1.0
129984.0,18372783.0,infinite,1.0
158797.0,9500046.0,dacritical,1.0
158260.0,18260307.0,CodeGuy,1.0
158795.0,21586185.0,Marco Acea,1.0
158858.0,17788206.0,Eleonora Varde',1.0
125434.0,22498634.0,Duhamel Tsopgni,1.0
116769.0,21421805.0,rach,1.0
158970.0,30245490.0,quasimodo,1.0
116745.0,1930579.0,Prithvi,1.0
133489.0,19577557.0,Fadil,1.0
166252.0,30107793.0,AlMa1r,1.0
141494.0,23318803.0,dspassion,1.0
141477.0,26601331.0,nhd,1.0
141380.0,18283987.0,apvn,1.0
146212.0,27842118.0,Nathindu,1.0
146201.0,15197320.0,denpal,1.0
139503.0,26129072.0,another_summer,1.0
158628.0,20053937.0,EyalG,1.0
139322.0,17707494.0,Daniel Vidali Fryer,1.0
133353.0,24519650.0,amecxx,1.0
138979.0,18361000.0,Michael Bewin,1.0
158594.0,7367586.0,Apatus,1.0
158585.0,14963654.0,Michael Oyeboade,1.0
116699.0,21411707.0,Augi,1.0
116681.0,21408437.0,Hridikalpa,1.0
158883.0,22967119.0,Toluwalope Owolabi,1.0
158917.0,30222428.0,prafull ghare,1.0
116799.0,21428319.0,Pratik,1.0
158705.0,16714040.0,user90061,1.0
158688.0,21750174.0,ashish pople,1.0
158683.0,5641470.0,Curious,1.0
116663.0,21405366.0,Martina Mamone,1.0
158516.0,30253226.0,yes,1.0
123690.0,16997313.0,Ch Rizwan,1.0
123662.0,13170823.0,JSymons7,1.0
124828.0,1681881.0,Ryan,1.0
124825.0,20579228.0,Pierre Vermot,1.0
126291.0,17615554.0,arcane_data,1.0
133651.0,14925362.0,Tanvi Punjani,1.0
143170.0,6627835.0,sydnash,1.0
146246.0,17414405.0,Manny,1.0
145957.0,27787228.0,vamperg,1.0
146227.0,27844489.0,d0dg3r_k1d,1.0
112315.0,18263000.0,BizarroJr,1.0
141412.0,18558005.0,Tequil,1.0
158446.0,25956621.0,yoshcn,1.0
158395.0,23503188.0,Cupcake,1.0
158384.0,18401075.0,Monika Kohli,1.0
158376.0,30212684.0,Talia Seada,1.0
158336.0,30199739.0,noob101,1.0
133867.0,24696701.0,Bruce,1.0
133863.0,18903886.0,Habibur Rahman,1.0
158295.0,30188154.0,Vasundhhara Singh Katoch,1.0
121258.0,22319821.0,The_last_hour,1.0
116574.0,21390179.0,Mozzardmozz ,1.0
147574.0,27930322.0,kri1804,1.0
67620.0,4798711.0,abaghb,1.0
133263.0,24495587.0,user133263,1.0
162119.0,31277375.0,minre,1.0
80259.0,10700381.0,nutcracker,1.0
127987.0,23093077.0,Thomas,1.0
146258.0,27851197.0,cilewu,1.0
180554.0,27678343.0,Shehab magdy,1.0
123287.0,22519111.0,Γιάννης Αγγελής,1.0
162220.0,31470508.0,ronjay s,1.0
158125.0,2512060.0,Luke,1.0
133793.0,24676409.0,user133793,1.0
158317.0,17124854.0,Drew Serles,1.0
158308.0,10538806.0,Jamie,1.0
158123.0,3010638.0,giulatona,1.0
158066.0,30133827.0,nisar,1.0
157001.0,28853689.0,Se Rai,1.0
156978.0,3936992.0,user3253067,1.0
145406.0,19494284.0,Nmgh,1.0
116511.0,21374992.0,thefairpharaoh,1.0
116482.0,6082904.0,riddy ndoma,1.0
116467.0,21365718.0,user15733888,1.0
116542.0,19563636.0,user14316330,1.0
159363.0,30424892.0,AnilPHD,1.0
121295.0,19791645.0,Kartik Hegde,1.0
146445.0,27892047.0,mlbeginner2023,1.0
146335.0,6173703.0,Bogdan Kandra,1.0
122877.0,22438136.0,Asim Dev,1.0
156897.0,25445532.0,JustUser,1.0
158848.0,29881263.0,pastybake2002,1.0
116436.0,21352948.0,Ivo,1.0
114984.0,21028759.0,student0434,1.0
134069.0,21121042.0,Din,1.0
122336.0,17455022.0,Nogh98,1.0
156875.0,30079131.0,Rushabh Kayadra,1.0
134774.0,5497377.0,ShinyDemon,1.0
130204.0,9515713.0,stanly,1.0
133341.0,24515955.0,simpler,1.0
141363.0,11663216.0,Pierre,1.0
146288.0,16739475.0,Dan G,1.0
162370.0,31177603.0,satya thakur,1.0
132823.0,24009630.0,canovichh,1.0
122382.0,22345824.0,caca,1.0
156807.0,27516869.0,Bosch Reserach,1.0
156802.0,28484126.0,James sullivan 26,1.0
156780.0,13559517.0,user9781778,1.0
156776.0,30049742.0,Mookesh Dash,1.0
134148.0,23834055.0,Pedro Silvestre,1.0
116412.0,21281893.0,Sayantan,1.0
159599.0,30478612.0,acocado,1.0
134220.0,8380957.0,CB55,1.0
156731.0,30039098.0,spiralini,1.0
156695.0,10920819.0,Rotten_Cabbagges,1.0
156682.0,30022284.0,Isaac,1.0
156606.0,30003713.0,ml_nnoobb,1.0
161803.0,5544038.0,Stonestar,1.0
131498.0,24053979.0,Diana Guzman,1.0
156830.0,12402580.0,Marrluxia,1.0
122409.0,22350771.0,Jarar Zaidi,1.0
156527.0,24918692.0,TheCheeseWizard,1.0
145317.0,17086597.0,Raman Khurana,1.0
121137.0,22294795.0,Mohamed Chaaben,1.0
159229.0,30402736.0,John S-L,1.0
119292.0,16740170.0,Adithya Adi,1.0
141863.0,26701001.0,mrML,1.0
159658.0,29132745.0,make nice rhombus,1.0
159651.0,16975246.0,Watch With Veer,1.0
122339.0,22031864.0,ketan ,1.0
156467.0,29964911.0,kardev,1.0
156432.0,10191753.0,Ricardo Silva,1.0
156392.0,29952824.0,Hunter,1.0
156380.0,29948329.0,Mohammad,1.0
156360.0,29356730.0,Ni Vaznu,1.0
53808.0,7791136.0,HK Tong,1.0
108719.0,11192126.0,Aviral Jain,1.0
141348.0,20752357.0,GJG,1.0
141327.0,5000310.0,RuiV,1.0
141420.0,26588149.0,linda,1.0
138782.0,15847471.0,Hector,1.0
136303.0,3370151.0,Justin Langley,1.0
156327.0,25315107.0,Cata,1.0
134519.0,24279940.0,worduser,1.0
134544.0,24925054.0,tndr,1.0
116193.0,20749751.0,Adri,1.0
159731.0,30493457.0,Ayush Dave,1.0
151915.0,21316409.0,Mohamed kenani,1.0
112791.0,3360750.0,camzor00,1.0
115471.0,15726789.0,Abhishek,1.0
156152.0,28650520.0,myusername,1.0
156136.0,18196932.0,user13241829,1.0
134620.0,18939632.0,newuser11111,1.0
138323.0,25851573.0,Anon,1.0
116152.0,14207776.0,Hubert Kaczmarczyk,1.0
134423.0,10999308.0,Sai Chand,1.0
156361.0,29941961.0,user156361,1.0
146392.0,27881672.0,Asma Shah,1.0
138653.0,25926006.0,Yilin Chen,1.0
112364.0,17092136.0,Dominik,1.0
82638.0,16651183.0,Jericho,1.0
134653.0,24953854.0,user134653,1.0
156097.0,29875277.0,Michael,1.0
156081.0,24049169.0,Emir Kutsal,1.0
65984.0,10247289.0,kg__,1.0
134687.0,11674875.0,Himanshu Tanwani,1.0
156252.0,28003077.0,Tanmay Sharma,1.0
156239.0,29907418.0,Diya sharma,1.0
156219.0,29904044.0,Clayton Balfe,1.0
161085.0,16599854.0,Bito,1.0
159892.0,13703259.0,Ali Mazhar Sadat,1.0
156057.0,29863193.0,prema,1.0
156023.0,29857044.0,Sean,1.0
156009.0,29279962.0,Aditi Chavan,1.0
155960.0,29841508.0,Shubham Baisthakur,1.0
155952.0,29319042.0,donutmonster,1.0
155950.0,29839646.0,user155950,1.0
155928.0,24092037.0,Ario Alavi,1.0
122625.0,7470730.0,Burton Guster,1.0
165346.0,29732971.0,Secret Ambush,1.0
165573.0,24860248.0,Christoph Hörtnagl,1.0
141245.0,10261428.0,jasoos,1.0
141235.0,26542787.0,Summer tee,1.0
141034.0,26496815.0,Emily,1.0
144793.0,27517221.0,Hamidreza CS,1.0
116917.0,9429377.0,Venkat,1.0
155890.0,29827210.0,Shoaib Ahmed,1.0
155860.0,17327333.0,SIDDHARTH CHAVAN,1.0
155819.0,29809979.0,TARUN KUMAR,1.0
140059.0,23902505.0,yangtzech,1.0
159013.0,14578639.0,user10529827,1.0
161088.0,30637478.0,tymsoncyferki,1.0
135060.0,25110206.0,Mohamed Osama,1.0
134836.0,25022683.0,ML Newbie,1.0
134829.0,25018019.0,Mathieu,1.0
139113.0,2612990.0,t-flow,1.0
145683.0,25545005.0,gkasap,1.0
146450.0,27879890.0,A BCDEFG,1.0
141263.0,23518910.0,Mandias,1.0
165524.0,34046744.0,MachineLearning Enthusiast,1.0
165383.0,13848124.0,Apod,1.0
165417.0,18628937.0,mche1962,1.0
122749.0,22409240.0,Nickman,1.0
155622.0,24167606.0,John Adams,1.0
113212.0,20628189.0,Vaitybharati,1.0
120074.0,22093945.0,tobybrant,1.0
159539.0,20324199.0,Mesum Raza Hemani,1.0
120027.0,22084748.0,scrollinondubs,1.0
154547.0,12763032.0,Damaraju Pavan Kumar,1.0
134926.0,16971303.0,bighero666,1.0
153717.0,21853727.0,Seungyeop Hyun,1.0
136593.0,25483115.0,user136593,1.0
138368.0,18098615.0,Martin MeRu,1.0
155600.0,29750989.0,Toppnoche,1.0
155535.0,29732225.0,reuben george,1.0
155523.0,28648729.0,Abdulrahman Sheikho,1.0
135099.0,25121525.0,Okba,1.0
135065.0,25112519.0,Anu,1.0
115901.0,19912541.0,esque1717,1.0
135032.0,25100476.0,Marcin,1.0
121294.0,22320313.0,Sona,1.0
122750.0,12371683.0,Florian,1.0
155424.0,11200612.0,mmazz,1.0
155406.0,27385072.0,ADayWithoutRain,1.0
155373.0,9098046.0,Abdullah Abdulrahman,1.0
155197.0,29640420.0,Gurjot Singh,1.0
155348.0,7019677.0,Hussain Bhavnagarwala,1.0
115817.0,4035932.0,DBalazs,1.0
109260.0,8888677.0,Vladislav D,1.0
161210.0,1574016.0,TlifeProgram,1.0
155619.0,29001773.0,learner_account,1.0
155610.0,29755904.0,ros,1.0
155607.0,19872748.0,Bilel kort,1.0
143874.0,27250356.0,machinelearner,1.0
147520.0,16910497.0,Alex,1.0
133516.0,23768443.0,Falah Amro,1.0
141197.0,21397177.0,Circuit_Breaker0.7,1.0
112451.0,20812799.0,Graciela Colin,1.0
122867.0,22436420.0,Web Sol,1.0
122864.0,22435132.0,Pavan,1.0
155214.0,918298.0,Adenilson Arcanjo,1.0
155026.0,21124795.0,Khoa Hữu Bảo Huỳnh,1.0
122858.0,21731849.0,user,1.0
155013.0,12404187.0,oklen,1.0
140054.0,22181824.0,John B,1.0
110017.0,20186550.0,White Christmas,1.0
147591.0,23867959.0,Prad,1.0
147573.0,26707240.0,karak87rt0,1.0
130762.0,2174728.0,Zan Kavtaskin,1.0
119723.0,18418301.0,Mainak Sen,1.0
158147.0,30155533.0,Ashutosh Kumar,1.0
135295.0,25185284.0,Mechamod,1.0
135238.0,25170137.0,godzilla,1.0
135233.0,25168421.0,Maak,1.0
122994.0,3075237.0,GaRaGe,1.0
122995.0,22458587.0,Qwerty,1.0
154958.0,20697875.0,LeeKed,1.0
154935.0,29563445.0,CoolHumphy,1.0
154923.0,29562002.0,kkkk0,1.0
119835.0,14015706.0,ofir1080,1.0
135375.0,25203928.0,Dinu Ispas,1.0
135370.0,22478570.0,sumNameHere,1.0
158221.0,16018457.0,Pulkit Mehta,1.0
135355.0,20974779.0,lipao255,1.0
76177.0,14935277.0,vanetoj,1.0
147626.0,454425.0,Abhinav,1.0
141143.0,26524971.0,Victoria,1.0
133683.0,24628501.0,Chris,1.0
154773.0,7269206.0,Fireant,1.0
123262.0,22512614.0,Moha Arfaoui,1.0
122569.0,18583992.0,rspenpal,1.0
154722.0,29067205.0,user392987,1.0
135459.0,20074437.0,nilosch,1.0
135451.0,25223636.0,hannibal Bra,1.0
123315.0,8466248.0,Hamed Molaei,1.0
154701.0,8450051.0,the_last_droid,1.0
163514.0,32764248.0,MichaelMM,1.0
153876.0,24253719.0,Skobo Do,1.0
154653.0,27582926.0,TM01,1.0
154640.0,29476012.0,Miriam Cubstead,1.0
123283.0,22518622.0,Chris S.,1.0
135566.0,25252266.0,user135566,1.0
122963.0,17883233.0,Ravi Chaubey,1.0
154884.0,29549789.0,Krystal Castillo,1.0
154847.0,29540036.0,Bourbon,1.0
109715.0,20349751.0,pallidness,1.0
147679.0,27627015.0,Unreal Capacity,1.0
165060.0,12718529.0,jass,1.0
105344.0,16147104.0,ashton,1.0
133914.0,24708490.0,Wesley Howell,1.0
154634.0,29474660.0,joseph wong,1.0
122797.0,19988623.0,Shubhesh Swain,1.0
123294.0,15808799.0,Hantan G,1.0
154502.0,29434142.0,user154502,1.0
154456.0,29421680.0,Harshal R,1.0
154424.0,16043481.0,abhi singh,1.0
150907.0,28840779.0,Luiz Eduardo V. Silva,1.0
149683.0,20968195.0,emilys,1.0
154372.0,21326370.0,Kshitij Singh,1.0
123393.0,5674277.0,Bhavya Jain,1.0
123762.0,22628017.0,WannabeMathematician,1.0
115290.0,11349542.0,Blogger22,1.0
135545.0,25247525.0,data science student,1.0
133790.0,15889596.0,Utkarsh Goyal,1.0
107031.0,7877629.0,Carol,1.0
112512.0,18217623.0,Amanda Kerr,1.0
140922.0,18930610.0,SaulGoodman,1.0
127673.0,23318709.0,Brixx,1.0
154333.0,29392519.0,user154333,1.0
130112.0,19567985.0,Eugene Puninskiy,1.0
155143.0,28527856.0,Ahmed Thahir,1.0
154524.0,29441173.0,Anon,1.0
133536.0,24576762.0,Arunima Ghosh,1.0
161231.0,11754084.0,Jonathan Ford,1.0
154304.0,17416974.0,Prajwal Dhage,1.0
154291.0,8949583.0,Ben Hendel,1.0
136943.0,25560027.0,karam dar,1.0
135735.0,25289506.0,user135735,1.0
135788.0,21079490.0,Reynard Ryanda,1.0
135750.0,7811363.0,nmorsi,1.0
115691.0,21180138.0,John Patrick Esperon Salvatin,1.0
115689.0,10264177.0,jelczyn,1.0
115681.0,20889779.0,imen kanzali,1.0
115648.0,20783473.0,Sharan Iyer,1.0
111061.0,20580638.0,Netezsche,1.0
111044.0,16181712.0,vasu,1.0
98472.0,7702537.0,Lemark,1.0
133889.0,21632293.0,Christopher Lalk,1.0
147844.0,26589211.0,theodre7,1.0
147829.0,10903368.0,Manhervart,1.0
147824.0,27989917.0,Irina Svist,1.0
140731.0,21394677.0,Paul726,1.0
140711.0,18170670.0,Vlad Timu,1.0
140510.0,26317986.0,vaginaweb,1.0
140616.0,16650236.0,Aveiro11,1.0
126503.0,19006101.0,MrPs,1.0
135914.0,25325297.0,PM25,1.0
135906.0,25323013.0,O O,1.0
123488.0,22559122.0,Murali,1.0
154231.0,29318605.0,Leo Tang,1.0
154170.0,24911589.0,PressureQuery,1.0
115576.0,14353037.0,Hridik P,1.0
117539.0,21526329.0,Peter,1.0
154026.0,19039943.0,Wesley Wang,1.0
148223.0,7758815.0,william krummeck,1.0
120320.0,14677462.0,Tegh,1.0
136060.0,25360985.0,Mira Pimbi,1.0
135990.0,24576182.0,yassine sfayhi,1.0
135042.0,16913786.0,emerald mclaniyi,1.0
139273.0,19051581.0,Sardar Arslan,1.0
147994.0,28029693.0,TheNeuralNerd,1.0
148095.0,28057813.0,mjw467,1.0
136033.0,21934960.0,ali khorshidian,1.0
153853.0,9197367.0,ADHD Productions,1.0
153015.0,29148012.0,Hayes,1.0
155409.0,29696500.0,Davann Tet,1.0
117045.0,17533747.0,nsm10,1.0
181187.0,41731958.0,Jacky C.,1.0
183989.0,42568336.0,Hadeynike,1.0
134026.0,15851794.0,Sanu,1.0
127474.0,23255516.0,lewisloathing,1.0
148155.0,28072742.0,Hani,1.0
141217.0,16330796.0,fmartinssp,1.0
115506.0,15127046.0,Cihan Yatbaz,1.0
115503.0,21166237.0,Feona,1.0
115974.0,18736720.0,recentadvances,1.0
153533.0,26923798.0,notsimplelogic,1.0
116918.0,14244346.0,AbRe,1.0
153463.0,27378584.0,Floralys,1.0
153828.0,29260595.0,Mali,1.0
153763.0,29245947.0,Hariprasad Rao,1.0
156358.0,18059803.0,Huijo Kim,1.0
153746.0,29239932.0,ZEINab Sadeghian,1.0
115532.0,12766894.0,Lizardinablizzard,1.0
148077.0,23128948.0,Maxim Chopivskyy,1.0
148066.0,27935687.0,deidara,1.0
148053.0,15210097.0,John Smith,1.0
148043.0,19365420.0,gabriel,1.0
164245.0,7885664.0,Adam,1.0
112632.0,20837006.0,Mohamed Moustafa,1.0
112614.0,14933871.0,atudell,1.0
133993.0,19572297.0,Murilo Barbosa,1.0
140658.0,26397600.0,borcherds,1.0
161668.0,25922046.0,Dennis,1.0
115352.0,19251086.0,Elmer Wang,1.0
136200.0,16538774.0,Hiromi,1.0
123706.0,17446283.0,Adit Magotra,1.0
153147.0,26914020.0,Ellen,1.0
124837.0,2121073.0,user1884295,1.0
138631.0,25920947.0,ssssssshush,1.0
79861.0,3694939.0,user3076574,1.0
161611.0,19139440.0,Tamanna Mostafa,1.0
136221.0,15556516.0,Modvinden,1.0
146183.0,27836436.0,fetchLachlan,1.0
136112.0,25353792.0,Asma Tolihan,1.0
152786.0,29140654.0,Yasser Hayek,1.0
152270.0,15954293.0,aSquaredRush,1.0
138877.0,25980545.0,Manojkumar Patil,1.0
149115.0,19762294.0,namename,1.0
178200.0,40374165.0,user178200,1.0
192333.0,45492327.0,Sarosh,1.0
152192.0,29107411.0,user152192,1.0
111005.0,16112455.0,sroy,1.0
115322.0,7891008.0,LHS,1.0
115311.0,19442029.0,Francesca Gavins,1.0
115287.0,4417405.0,user3598542,1.0
152068.0,29068960.0,RAUNAK GHOSH,1.0
152060.0,29076087.0,Rakuzan,1.0
152003.0,29065434.0,Petunia,1.0
152093.0,10104476.0,DS_1,1.0
152157.0,29096802.0,Sponge_Data_45,1.0
97585.0,18622421.0,Himanshu,1.0
116142.0,18257006.0,Luis Ezequiel Muñoz,1.0
153665.0,6947297.0,Peter Dimmar,1.0
167471.0,17048990.0,omar,1.0
151878.0,14478526.0,Izem,1.0
122437.0,13014049.0,mutinda festus,1.0
88067.0,12707965.0,Rufus,1.0
136424.0,6222035.0,kohlstein,1.0
136399.0,25438905.0,KYS,1.0
161688.0,14874675.0,advancedspectrum,1.0
161734.0,30941027.0,user161734,1.0
161713.0,29647132.0,Kaif Ibrahim,1.0
140464.0,8715933.0,J. Wu,1.0
134126.0,24485258.0,Jtrying,1.0
140343.0,17666235.0,Life rocks,1.0
151830.0,29030914.0,Yuvika Yadav,1.0
151825.0,29022266.0,Maryam Awari-Alimi,1.0
151807.0,29026073.0,topi-dont-know,1.0
151785.0,17952031.0,Devansh Gupta,1.0
151702.0,25085266.0,user18937561,1.0
136481.0,25459220.0,Maitha Alnaqbi,1.0
123709.0,6677245.0,Saravanakumar Gopalakrishnan,1.0
151933.0,21948067.0,Little L,1.0
136778.0,25523184.0,Dom,1.0
151835.0,29032406.0,Sarah,1.0
102848.0,19213641.0,CHUKWUDI OGBONNA,1.0
134043.0,23187552.0,Stonecat,1.0
134030.0,24741598.0,Егор Козлов,1.0
158259.0,29862206.0,jehosophat,1.0
115306.0,18249031.0,Zshane Z,1.0
128544.0,21987601.0,Brooke Jackson,1.0
115795.0,21213856.0,Kal L,1.0
103113.0,16672162.0,sisifo s,1.0
106523.0,18638211.0,kinger,1.0
151688.0,20218088.0,Yousaf Chaudhary,1.0
143850.0,27244047.0,Anthony,1.0
115452.0,17943872.0,Barah Fazili,1.0
123389.0,22540826.0,Nathan Razanadraibe,1.0
151528.0,17636119.0,Farhan Aslam,1.0
161799.0,9916828.0,user7341333,1.0
146187.0,7614561.0,Mousheng Xu,1.0
149732.0,28570331.0,SathukaBootham,1.0
151416.0,13316899.0,Yasmine Bzgn,1.0
151380.0,28939474.0,ruggal1a,1.0
115245.0,21120832.0,DSQuantumFusion,1.0
115207.0,11398422.0,Zuj3brusu,1.0
111872.0,6093149.0,Jaewoo Kim,1.0
136779.0,8791221.0,Henrik,1.0
136711.0,25510478.0,arcticnerd,1.0
102961.0,7831976.0,Cal.Naughton,1.0
151646.0,3193890.0,Rahul,1.0
151645.0,27740623.0,Zak,1.0
151621.0,27463044.0,Santosh,1.0
175334.0,38689273.0,epochSNKYZ,1.0
161849.0,29993392.0,Leibon Jarbis,1.0
165503.0,8172056.0,Rogue,1.0
140820.0,13181974.0,tfkLSTM,1.0
130602.0,19128848.0,Jose Miguel Muñoz Arias,1.0
161451.0,30767651.0,SlartyBartfarst,1.0
151322.0,14976713.0,ZeroRin,1.0
98921.0,18822576.0,confusedJohn,1.0
68069.0,10181967.0,ashwin ram kumar,1.0
136763.0,25343841.0,James tan,1.0
136838.0,15445361.0,Andrew Kellogg,1.0
151574.0,28974368.0,ömer özcan,1.0
151538.0,28968567.0,secuf,1.0
151526.0,18745831.0,Doug,1.0
151501.0,28961462.0,Karolina,1.0
136815.0,24454234.0,Med Amine,1.0
125438.0,16328696.0,Thiago Rocha,1.0
151172.0,14628125.0,user,1.0
151264.0,28914439.0,Dave Bell,1.0
126675.0,3316700.0,koch_kir,1.0
151217.0,5823780.0,ntosis,1.0
136932.0,25515195.0,sena,1.0
136498.0,25463376.0,Valentin Fontanger,1.0
161891.0,24838808.0,Jiaj,1.0
134097.0,22980247.0,SGfrmthe33,1.0
146352.0,22598528.0,Scholar7,1.0
148284.0,28117259.0,mins134,1.0
148257.0,26120099.0,afrooz,1.0
102962.0,19246127.0,Ankit Singh,1.0
151180.0,28895934.0,David Chen,1.0
151169.0,26783111.0,Shir,1.0
136996.0,25298189.0,am98,1.0
161970.0,26275003.0,Thành Trần,1.0
162041.0,18026005.0,idontknowmuch,1.0
137207.0,25609941.0,fasi,1.0
137189.0,25607595.0,Jayden,1.0
115047.0,10280172.0,Sno Bazooka,1.0
137186.0,25607051.0,Saleem Akhtar,1.0
137270.0,24201904.0,StrangePotato,1.0
136549.0,21731791.0,Pavan ,1.0
138485.0,25889030.0,huanidz,1.0
140303.0,15266355.0,Joseph Marriage,1.0
134209.0,24522843.0,Learner,1.0
148241.0,28105169.0,Mohammad Rajabdorri,1.0
148226.0,22281857.0,sololurd,1.0
148213.0,20374643.0,94621,1.0
193240.0,32915381.0,a dude,1.0
148203.0,8768648.0,Sichao Young,1.0
140401.0,10700859.0,brosefzai,1.0
137210.0,22931605.0,Mini Moon,1.0
112240.0,17846613.0,Saad,1.0
151086.0,28876156.0,Kingster20,1.0
150873.0,28833409.0,vito97,1.0
151065.0,26088918.0,Jack21,1.0
148640.0,28214750.0,Rocío H,1.0
150637.0,28782925.0,Saa,1.0
136248.0,18114712.0,Idoco,1.0
158549.0,21468043.0,APasagic,1.0
151139.0,28887444.0,Mister NiceGuy,1.0
140638.0,26261055.0,Andrew Feenan,1.0
151125.0,28884134.0,user151125,1.0
151105.0,28878927.0,Athos,1.0
130572.0,23661835.0,Vivek Chaudhary,1.0
135859.0,21916037.0,User,1.0
136335.0,25424988.0,Almas Co,1.0
151056.0,28870953.0,alex,1.0
194266.0,46664288.0,jacksonwelsy,1.0
149357.0,28431839.0,zard,1.0
150983.0,28853863.0,zenia,1.0
150944.0,28776731.0,LatverianKid,1.0
136189.0,20778099.0,Agat0,1.0
136243.0,24259910.0,cbhami,1.0
136168.0,6821240.0,developer roby,1.0
136423.0,12891579.0,mathprogram,1.0
88843.0,9889643.0,Hirek Kubica,1.0
135120.0,15684429.0,Raphael Bellahsen,1.0
134143.0,24797605.0,rrnco1234,1.0
140194.0,26277970.0,gaurav,1.0
140185.0,10992161.0,Nischal Subedi,1.0
162181.0,24784832.0,Akshit Dhillon,1.0
136578.0,16010600.0,gaoshuai wang,1.0
170191.0,4605621.0,user3735204,1.0
133759.0,14092679.0,Sibi Akkash,1.0
194753.0,47033788.0,Agricultural Statistician,1.0
194342.0,46753714.0,Arvind Jana,1.0
150806.0,12997401.0,Doc Jazzy,1.0
150799.0,28819809.0,Alia Oumar,1.0
150798.0,28819050.0,Oussama Alahoum,1.0
150792.0,9885927.0,Runei,1.0
150785.0,28236329.0,Justin White,1.0
149641.0,18735731.0,Derrick,1.0
135999.0,25342676.0,Micha Christ,1.0
135987.0,16388212.0,ruchi yadav,1.0
162186.0,25609843.0,Vidushi Maheshwari,1.0
148247.0,20736285.0,Ralph Henry,1.0
112757.0,20859988.0,jpark,1.0
112710.0,20852980.0,a_linguist,1.0
134251.0,18942126.0,elya abbas,1.0
134249.0,18033082.0,Carol Vieira,1.0
131930.0,24151685.0,prenses_mahmut,1.0
139390.0,22053314.0,njhkugk6i76g6gi6gi7g6,1.0
137566.0,25684859.0,user137566,1.0
125710.0,22851552.0,nagesh hatti,1.0
150282.0,19718870.0,XEX,1.0
130785.0,18182170.0,wassimdiai,1.0
113648.0,21019343.0,Katrijn Jongman,1.0
134333.0,24863787.0,samo,1.0
112817.0,20871417.0,thesadclown,1.0
137510.0,25388237.0,Rus Zzzeta,1.0
150859.0,28830510.0,user150859,1.0
162241.0,8703488.0,S3k,1.0
113921.0,9060490.0,Sb20,1.0
110856.0,20543965.0,Jack Smith,1.0
112362.0,20796473.0,Didier,1.0
107964.0,19573561.0,HARI,1.0
150699.0,28796610.0,Daye Tao,1.0
159562.0,30472065.0,Mce Bab,1.0
137713.0,10278637.0,Massoud Pourmandi,1.0
137692.0,25715197.0,lojes21164,1.0
135927.0,12042319.0,Harshit Gupta,1.0
137832.0,25749077.0,Albert,1.0
137767.0,17563965.0,Arockia Liborious,1.0
136031.0,24781612.0,NBS,1.0
137612.0,25696136.0,student1,1.0
137568.0,25685231.0,user137568,1.0
134782.0,25004247.0,Camillo,1.0
112797.0,20868374.0,Christopher Collins,1.0
162259.0,133595.0,Reetesh Nigam,1.0
150657.0,28786640.0,m31,1.0
150656.0,22582051.0,Pratik Bhadane,1.0
150619.0,28778074.0,Abhi,1.0
136345.0,8774090.0,sheey,1.0
137926.0,25772557.0,Jonathan Erell,1.0
137852.0,25749189.0,Stanford,1.0
137906.0,25767605.0,Pablo1547,1.0
137872.0,25759320.0,primaryaward,1.0
162244.0,13722377.0,Abdullah Faqih,1.0
148317.0,18259593.0,pizzaplanetdelivery,1.0
148293.0,13166206.0,Will,1.0
134439.0,7038263.0,Tan Andrew,1.0
134438.0,24896640.0,James J,1.0
150516.0,28755219.0,Stefano Morrone,1.0
137984.0,9823693.0,ilja,1.0
137968.0,25783492.0,Muddy Penguin,1.0
113787.0,21044086.0,PyNewb,1.0
113773.0,20898705.0,shaggytaro,1.0
135738.0,16100544.0,Chen Reddy Sundeep,1.0
138084.0,12003886.0,alext90,1.0
138064.0,23961112.0,esokumamon,1.0
150455.0,28740293.0,Hayden LaBrie,1.0
150430.0,12404241.0,vittaldev anderson,1.0
113677.0,14370916.0,Vlad Tanasie,1.0
138207.0,23730362.0,mobiusT,1.0
138190.0,25826259.0,Pradeep Paladi,1.0
138181.0,25825516.0,Sabrina Matos,1.0
135921.0,25326487.0,Chris dylan J'TEMFACK,1.0
150598.0,26614348.0,noobie,1.0
150588.0,28771613.0,Azareel,1.0
113029.0,20562259.0,P. C.,1.0
137830.0,20786497.0,mir abir hossain,1.0
148378.0,7407885.0,Wajeeh Rathore,1.0
148349.0,28135062.0,Colin Antony,1.0
148343.0,28132873.0,Be nice to others,1.0
138162.0,25820227.0,alex-c,1.0
138145.0,25782246.0,Michael Wallentine,1.0
138137.0,25815615.0,moby1209,1.0
52413.0,7721474.0,Carlos Lang,1.0
150417.0,28731524.0,Karim Afifi,1.0
150409.0,23240622.0,Emr8980,1.0
150379.0,28724992.0,al3xbro,1.0
150374.0,23840283.0,NND,1.0
136334.0,22000888.0,Sisyphus,1.0
150328.0,18400681.0,Andrea Giovanni De Marchi,1.0
138059.0,9133512.0,user8093456,1.0
135816.0,25305499.0,Tempu,1.0
110616.0,17632536.0,mcnat1701,1.0
150242.0,16897494.0,Ilya Kuleshov,1.0
177474.0,23988288.0,Matthias Illg,1.0
68209.0,15385892.0,Mukesh Kumar Sah,1.0
122366.0,22343581.0,Yassine,1.0
138230.0,20827585.0,ScepticalChymist,1.0
135601.0,9947201.0,otaku,1.0
161883.0,30829394.0,Enes Aygun,1.0
162420.0,31728541.0,Gerardo,1.0
162405.0,25837083.0,san,1.0
135705.0,24514845.0,Jan Cabrera,1.0
138311.0,25848873.0,roberto malinow,1.0
138293.0,19896358.0,DorothyK,1.0
135711.0,25183364.0,Anwesa Roy,1.0
138159.0,16119080.0,kis__10,1.0
134281.0,8561520.0,SwagCakes,1.0
134381.0,17030746.0,NotationStation,1.0
112820.0,20872045.0,user112820,1.0
140592.0,24318001.0,Zakaria Faouzi,1.0
112809.0,7793693.0,Felix,1.0
108730.0,6398664.0,rbaehr,1.0
150227.0,28684584.0,SAUBHIK KUMAR,1.0
150218.0,27274808.0,Bunny Eat Data,1.0
138355.0,17871801.0,Deep Kumar Prasad,1.0
162459.0,24878933.0,Chibuike S. Eze,1.0
150326.0,19768409.0,RandString,1.0
149255.0,28400513.0,a_long_road_ahead,1.0
150196.0,12211001.0,darren,1.0
82605.0,10926787.0,dcusmeb,1.0
150144.0,24815167.0,Leo82,1.0
150129.0,28660351.0,Amy,1.0
135376.0,25199081.0,chaaru,1.0
135527.0,25244072.0,aryan,1.0
138324.0,25851676.0,Dummy01,1.0
138526.0,18910610.0,ASHUTOSH MITRA,1.0
135603.0,25260238.0,user135603,1.0
123634.0,22596038.0,钟楚夫,1.0
148362.0,17922646.0,ATK,1.0
43781.0,4781695.0,Gajanan Kothawade,1.0
109443.0,11600355.0,Lucian cahil,1.0
138693.0,25931741.0,Ted,1.0
150095.0,6995007.0,Pavel  Shlepnev,1.0
126176.0,17785030.0,Ahmed Camara,1.0
138592.0,22828744.0,PythonNewb,1.0
138567.0,25905680.0,user138567,1.0
113299.0,4899861.0,hannahSugahp,1.0
112483.0,20816614.0,saurav kumar singh,1.0
138559.0,25903604.0,The Bull,1.0
135563.0,20242828.0,Pybubb,1.0
162485.0,22759881.0,Michel Hijazin,1.0
112851.0,17992056.0,Ferydoun Taherkhani,1.0
163199.0,30431535.0,Allo Bonjour,1.0
139893.0,9235564.0,WedgeAntilles,1.0
149995.0,28631017.0,Subhajit Sarkar,1.0
149983.0,28627086.0,Vivek Kumar,1.0
149979.0,22097300.0,Inferno Dynast,1.0
138635.0,18853322.0,M Reyes,1.0
133815.0,21488218.0,Istiak Ahmed Khan,1.0
135503.0,25237158.0,smarks70,1.0
135374.0,25203823.0,ali hayen,1.0
135365.0,25201432.0,ahs312,1.0
138721.0,18958550.0,victor,1.0
138708.0,25937411.0,Amir Hosein Mahmoodi Tilemi,1.0
162722.0,31932989.0,Moez Daly,1.0
100174.0,18989829.0,Zacciep,1.0
126174.0,22710671.0,Paul Ji,1.0
108729.0,20195167.0,Bojan Ploj,1.0
108625.0,11088003.0,Ajithram,1.0
151507.0,23630187.0,Xuexing Wangzhe Dishitian,1.0
147988.0,11036136.0,rpagrawal,1.0
148504.0,28179029.0,user148504,1.0
83980.0,13645425.0,pluto-sigmoid,1.0
125356.0,22743869.0,USER,1.0
149857.0,929705.0,InKodeWeTrust,1.0
149362.0,27973360.0,Srinath,1.0
149837.0,20113429.0,MxML,1.0
138854.0,17818419.0,Patricia Brezeanu,1.0
138848.0,24703552.0,SEan1820,1.0
138843.0,25973270.0,sya,1.0
138685.0,25575478.0,Collisteru,1.0
138654.0,19048213.0,X002,1.0
149917.0,28613312.0,Aniket Aher,1.0
125990.0,20905716.0,dreamg,1.0
100586.0,13301023.0,EconBoy,1.0
113499.0,16644023.0,Nathan,1.0
134525.0,20421576.0,Zehra N.,1.0
133888.0,12693282.0,Fozle Rabbi,1.0
140019.0,22581444.0,Hesham Hendy,1.0
149738.0,23049665.0,Jay,1.0
149278.0,28409068.0,Cedric Chan,1.0
154798.0,21193922.0,Segobytes,1.0
113449.0,2386394.0,thierryx,1.0
162690.0,19974394.0,Rasai Stewart,1.0
113474.0,11180877.0,FinThusiast,1.0
149910.0,27284050.0,Niccolò Zanieri,1.0
138998.0,24918282.0,AndersMax,1.0
138993.0,25508334.0,jacky789,1.0
162882.0,19033206.0,Evank,1.0
138786.0,2764152.0,user2380384,1.0
133836.0,16886004.0,Bhageerath Nayini,1.0
148402.0,28150023.0,Raphael,1.0
148639.0,19873543.0,qub3,1.0
148605.0,15772638.0,oberbus,1.0
127099.0,23180839.0,Kapil Lehar,1.0
148591.0,28200626.0,Etzel,1.0
134426.0,23796074.0,Nun Matters,1.0
138989.0,20373432.0,Zucchinator,1.0
149602.0,28518601.0,kimo,1.0
110756.0,20528178.0,Malek Abozraig,1.0
139071.0,26030467.0,LJ90,1.0
139055.0,17997850.0,Abhijeet varun,1.0
113356.0,1117155.0,Alexander Willer,1.0
162913.0,23690632.0,Marco Cotrotzo,1.0
10338.0,4592617.0,aseembits93,1.0
138902.0,25988469.0,liberal,1.0
126358.0,23003827.0,user126358,1.0
149712.0,16021476.0,kubicwerke,1.0
126367.0,23006113.0,Benjki,1.0
140261.0,8838246.0,huaiqiang sun,1.0
149533.0,18440050.0,Robbie Palmer,1.0
149491.0,28480159.0,KingMe,1.0
149435.0,28457577.0,ROHAN PADSHAH,1.0
126493.0,23034325.0,Alberto Martínez Lasheras,1.0
139181.0,24323243.0,The Doctor,1.0
139175.0,26032126.0,BarDro,1.0
139166.0,26023391.0,jacoves,1.0
25771.0,7072293.0,George Ng,1.0
135149.0,25074173.0,Escanor6,1.0
139969.0,26229048.0,Roby,1.0
80491.0,8054013.0,Shikhar,1.0
109764.0,13132215.0,Krish Yadav,1.0
108986.0,15563583.0,divya reddy yeruva,1.0
149386.0,27833492.0,K manjunath,1.0
149356.0,2389513.0,Oliver Michaelsen,1.0
126584.0,19000020.0,Chris Oosthuizen,1.0
126618.0,12258107.0,Insomniac,1.0
149345.0,28427624.0,user149345,1.0
135033.0,9620435.0,curl-up,1.0
91668.0,9629600.0,Digvijay Rawat,1.0
149286.0,28410664.0,dacty,1.0
139271.0,13382766.0,Alex Horrillo,1.0
139270.0,26075764.0,Max_GD,1.0
135012.0,8053320.0,Igor Kolesnikov,1.0
129994.0,23675562.0,Azra Tuni,1.0
139127.0,26041293.0,Juan Ignacio Rojo,1.0
139096.0,23642417.0,Neenu Prasad,1.0
148762.0,24184381.0,Amirhossein Qaem,1.0
127053.0,9260323.0,Vellyxenya,1.0
73720.0,10702297.0,Deep_S,1.0
148729.0,28237394.0,ahmike,1.0
148707.0,26693559.0,Collander,1.0
148676.0,20971845.0,Roland,1.0
117848.0,21628473.0,user117848,1.0
139851.0,26200620.0,Joshua,1.0
149219.0,213183.0,dato datuashvili,1.0
149217.0,28381107.0,Suvam Kumar,1.0
149193.0,28374577.0,Marianne,1.0
149187.0,27412494.0,Akwa Gaius,1.0
139329.0,4978868.0,Paul,1.0
139066.0,11439086.0,T_N,1.0
135119.0,23602897.0,giacomo venturelli,1.0
113240.0,20941642.0,Abdul Awal,1.0
113241.0,20941697.0,eamrle,1.0
163010.0,25864365.0,Sugam Sharma,1.0
149332.0,28411568.0,Ruediger,1.0
145578.0,27700148.0,Tareq A.,1.0
141861.0,18952554.0,Kaschi14,1.0
134129.0,8957645.0,djumanji,1.0
139316.0,20162903.0,Jelt0,1.0
140975.0,20424695.0,Ben Lahav,1.0
149019.0,23472256.0,PJay,1.0
113191.0,20934566.0,Marcel Bötcher,1.0
112855.0,7168305.0,Domenico Bagnato,1.0
134929.0,25058879.0,Aneeq,1.0
139448.0,26116313.0,user139448,1.0
125896.0,16368471.0,Triki Sadok,1.0
134149.0,12025911.0,Tim Mullady,1.0
139226.0,11230697.0,Alex Moh,1.0
139197.0,10963338.0,cocktail,1.0
149230.0,28298247.0,Sasha,1.0
139502.0,21124189.0,frogseer,1.0
113043.0,20912570.0,Howard,1.0
162246.0,14920291.0,Excentricitet,1.0
148574.0,27898637.0,Tara,1.0
138539.0,11887951.0,Alessandro Polidori,1.0
142992.0,6009841.0,Medhat,1.0
142424.0,25959742.0,vivian.ai,1.0
145731.0,22500483.0,foobar,1.0
148953.0,28180901.0,joj abd,1.0
139318.0,19349909.0,suziex,1.0
139590.0,26149053.0,Rory,1.0
113091.0,15481490.0,Eglantine46,1.0
112520.0,9422404.0,tumblewood,1.0
134982.0,12682847.0,deniz,1.0
148856.0,5401955.0,DrDirk,1.0
139437.0,17016653.0,snipherr,1.0
139333.0,26090025.0,StochasticMan,1.0
134773.0,25001967.0,user134773,1.0
139628.0,26051582.0,ahy,1.0
139561.0,3967360.0,Moss_and_Bones,1.0
148842.0,28271002.0,Peanut Butter,1.0
148834.0,16698407.0,ImNotSureAboutStats,1.0
109377.0,15490554.0,Burcu İçen,1.0
109297.0,9198880.0,alex337d,1.0
148831.0,10018563.0,Michael Schmidt,1.0
148814.0,326697.0,ozz,1.0
147867.0,25707992.0,Hai Nguyen,1.0
111500.0,7806690.0,Fatimah Mohmmed,1.0
194180.0,23732758.0,Fay,1.0
121158.0,22299175.0,lizardmonkey,1.0
176403.0,39330340.0,Mylvannan Mathushan,1.0
176329.0,32411041.0,Hugo Rios,1.0
163060.0,20023367.0,Dante Saint-Germain,1.0
142024.0,14511978.0,Advin,1.0
110907.0,8130003.0,Asif Khawaja,1.0
171911.0,36956243.0,Jeff,1.0
119600.0,22002819.0,alex Ls,1.0
97384.0,17868857.0,sv98bc,1.0
148135.0,6289002.0,Kedharnath Kb,1.0
148869.0,28278546.0,Tauqir Ahmed,1.0
109369.0,18337526.0,ConMan77,1.0
154771.0,29517166.0,CapoMargot,1.0
76423.0,16179553.0,foscraft,1.0
143852.0,23453249.0,Elis,1.0
130738.0,17007686.0,Pratik Goud,1.0
115497.0,2321465.0,user2037091,1.0
68219.0,15387307.0,Syed Faiz Raza,1.0
150904.0,28840243.0,ajsdkh,1.0
120986.0,20083148.0,Dennis,1.0
-1.0,-1.0,Community,1.0
121224.0,21954093.0,Anup Patel,1.0
150701.0,18946224.0,kamal kant,1.0
194418.0,46447752.0,Keerthi Kodali,1.0
154460.0,29422676.0,user154460,1.0
194261.0,46696122.0,gleb,1.0
127896.0,23380131.0,nameguest,1.0
121199.0,17195466.0,Jorge A. Salazar,3.0
122447.0,20242187.0,suse,3.0
108779.0,10913348.0,Mahler,3.0
108889.0,20221373.0,shabu  shankar,3.0
138987.0,25229053.0,Ayush Kumar,3.0
109109.0,20255330.0,ivanmclennon,3.0
149915.0,28612910.0,user149915,3.0
108759.0,19961114.0,am nafp,3.0
149882.0,24081650.0,Philip T 2007,3.0
108790.0,20206629.0,Ruiyang2024,3.0
108837.0,20215200.0,smthack,3.0
118557.0,18272004.0,Amged Elshiekh,3.0
138357.0,25860472.0,Scratch,3.0
138551.0,18293690.0,Giovanni Mosquera,3.0
14529.0,5215614.0,In777,3.0
137526.0,18176169.0,cap99,3.0
150754.0,15772144.0,user062,3.0
100774.0,12123923.0,Hugo Abreu,3.0
150465.0,28709336.0,Mouna Ahmen,3.0
150487.0,22008723.0,OldDogNewTrick,3.0
137971.0,5029287.0,Matthew Buchanan,3.0
122630.0,21024043.0,devins10,3.0
150186.0,24143875.0,Renat Abdrakhmanov,3.0
140272.0,26245317.0,boxertrain,3.0
139687.0,25840949.0,Pratik Pradhan,3.0
137054.0,25583388.0,Miguel Cerdá Escobar,3.0
151133.0,28886095.0,rushi jhala,3.0
85696.0,16667217.0,Julia Koncha,3.0
134558.0,24240412.0,Paul Nguyen,3.0
151171.0,28893290.0,user151171,3.0
151824.0,29030094.0,Johannes97,3.0
151619.0,26993327.0,Agnij Biswas,3.0
151615.0,21297263.0,YumYum,3.0
136673.0,23543854.0,Dicson Ferney Quimbayo,3.0
114990.0,9614697.0,Mohammad M Faghih,3.0
113954.0,12468333.0,FloppyC0de,3.0
136403.0,25439670.0,E_J7,3.0
151759.0,22650371.0,mainak mukherjee,3.0
153948.0,27253846.0,Ahmed Gado,3.0
153904.0,26530825.0,Davi Komura de Castro,3.0
153632.0,16605207.0,blallo,3.0
114988.0,20399801.0,Demokles,3.0
115698.0,21201386.0,geo199,3.0
135879.0,23243130.0,Lawrence,3.0
112536.0,14162477.0,PhysicsMan,3.0
99959.0,8598655.0,Hoof-Hearted,3.0
138575.0,25906308.0,nigebLM,3.0
122783.0,17939004.0,VarianceOfOne,3.0
122807.0,12735740.0,Marcin Puchlik,3.0
151204.0,27261859.0,dddr rddd,3.0
151208.0,22783188.0,Nhan Nguyen,3.0
123133.0,3067382.0,alicec,3.0
135662.0,18525068.0,Jimmy Nguyen,3.0
137333.0,11372453.0,Sarius,3.0
135672.0,25272987.0,user135672,3.0
115408.0,20839603.0,Denis Vecchiato,3.0
137705.0,22871111.0,furynerd,3.0
141101.0,20314614.0,OrangeChutney,3.0
141104.0,4743951.0,Neriko,3.0
113249.0,20943286.0,z73758437095439,3.0
137483.0,11068043.0,Ricardo Morales,3.0
63714.0,8577224.0,Robin,3.0
154691.0,29492108.0,Gabriel,3.0
137947.0,14861048.0,rsdlucky,3.0
147563.0,27928004.0,sminitis,3.0
112524.0,20822483.0,Minkoo Kim,3.0
134560.0,18967966.0,Vincenzo Gargano,3.0
111324.0,12226469.0,Mafalda Hopkirk,3.0
93740.0,4449763.0,Numenorean,3.0
134998.0,25086114.0,DerWolferl,3.0
115984.0,21237369.0,Clément Chrétien,3.0
135145.0,17147205.0,Rohan,3.0
137206.0,7150137.0,Neo,3.0
123165.0,6285097.0,Math_Enthusiast,3.0
149892.0,7091012.0,James Okwudili Agada,3.0
108911.0,15617036.0,quicks,3.0
112371.0,20797735.0,noobiedatascientist,3.0
138434.0,25877358.0,aXrEf,3.0
109219.0,15375321.0,MiguelL,3.0
156888.0,30083335.0,Salem Abdulkerim,3.0
134128.0,24786164.0,joegbonjubola,3.0
153507.0,28951831.0,containletters,3.0
156833.0,9306707.0,Matthew,3.0
133950.0,24273148.0,parse5214,3.0
116168.0,21282875.0,learner,3.0
139417.0,22427553.0,hypothe,3.0
133571.0,24589209.0,H4KN,3.0
69629.0,15252084.0,kamel gaanoun,3.0
121079.0,18605347.0,user51515151,3.0
158445.0,30230424.0,skillzuko345,3.0
133538.0,17838733.0,Pratichhya,3.0
133609.0,24000929.0,Idkwhatnomeis,3.0
156973.0,30089816.0,MaxHo,3.0
108884.0,3403213.0,user2854939,3.0
149770.0,28581175.0,ENGSSG,3.0
123284.0,22518765.0,Ojasvi Verma,3.0
123299.0,22239530.0,Mohammed Thoufeeq,3.0
123428.0,5370447.0,Dominique,3.0
120433.0,22087005.0,percentron,3.0
151324.0,16807626.0,Geoffrey,3.0
151409.0,9569771.0,Jasmin Wilson,3.0
123533.0,21054173.0,Sweety Vaidya,3.0
71937.0,3179466.0,tpacker,3.0
133414.0,23330913.0,104205038,3.0
146213.0,27842000.0,aaronm012,3.0
139825.0,14288687.0,Somen T,3.0
140335.0,10326915.0,Ray,3.0
158623.0,30279729.0,Iris,3.0
141499.0,11084852.0,TF Newby,3.0
158790.0,11816098.0,Adrian Fletcher,3.0
140215.0,23115084.0,Murad,3.0
139802.0,26185159.0,MINH NHỰT NGUYỄN TRẦN,3.0
133332.0,21653060.0,RobW,3.0
120977.0,5591856.0,NeedMoreStatsHelp,3.0
158788.0,13829747.0,ahmedmoh123,3.0
111417.0,11184667.0,am_289,3.0
140812.0,22220829.0,tip. rock,3.0
159784.0,25609298.0,RimaMonica,3.0
159800.0,29622439.0,Omab,3.0
159823.0,30561267.0,NotHead,3.0
145979.0,24627085.0,Nata,3.0
154814.0,27626846.0,7wafer7,3.0
116999.0,15211398.0,Syed Haider,3.0
159507.0,30451165.0,Swayam Jha,3.0
120683.0,21911490.0,nanu,3.0
132377.0,24255893.0,tsjm,3.0
132380.0,24256170.0,user132380,3.0
132479.0,23198060.0,francisRH,3.0
161126.0,14187291.0,Anshuman Jayaprakash,3.0
145980.0,21652887.0,Mystical_soul,3.0
108628.0,19927956.0,ColinGuolin,3.0
132504.0,22170217.0,Jeffry,3.0
159972.0,28114905.0,user159972,3.0
140857.0,19360003.0,Ibad Khan,3.0
161909.0,25419579.0,utx7563yu,3.0
131778.0,24119154.0,Sharhad,3.0
141415.0,26469443.0,Oshini,3.0
158168.0,25416238.0,Lilian Shi,3.0
141398.0,21427065.0,AlePouroullis,3.0
132537.0,24294871.0,Sharhad Bashar,3.0
132241.0,16806145.0,cZeph,3.0
161444.0,30765271.0,Christopher Kinoshita,3.0
132435.0,24267432.0,Hank,3.0
123482.0,22495257.0,Daniel,3.0
151459.0,20482060.0,Ali Salimi,3.0
149540.0,18322547.0,Bernardo,3.0
123612.0,8617385.0,Ehsno,3.0
123644.0,12950225.0,Shintaro,3.0
63933.0,14613489.0,Mnag,3.0
161866.0,30240194.0,Nile,3.0
161886.0,24240050.0,Ecthelion,3.0
156879.0,22664570.0,Mike Like,3.0
156916.0,25368890.0,pixel.t87,3.0
156819.0,10355658.0,A. Boy,3.0
131697.0,24098491.0,Chichostyle,3.0
132883.0,18004550.0,cTz85,3.0
148562.0,13924369.0,NeverGiveUp,3.0
111308.0,8858769.0,Ronquam,3.0
145559.0,19939855.0,Question,3.0
162532.0,14109896.0,Shane O Mahony,3.0
162550.0,16876540.0,confused,3.0
109867.0,20373670.0,Sea Stormy,3.0
117671.0,21595656.0,Julia,3.0
117468.0,20961198.0,Kon Wes,3.0
110334.0,9797179.0,navid,3.0
141753.0,25583683.0,jwho,3.0
131156.0,18914799.0,itsmenick212,3.0
164534.0,33212480.0,ike,3.0
71398.0,3135302.0,Hitman,3.0
130583.0,23775854.0,qwertzi,3.0
132232.0,23043109.0,yagiyagi,3.0
89416.0,17633691.0,Benjamin Diaz,3.0
132159.0,23099956.0,FredNina,3.0
130848.0,11455594.0,fuku,3.0
115616.0,21186220.0,Sukhpal Kaur,3.0
151638.0,10142352.0,J. S.,3.0
124975.0,11764432.0,user52219,3.0
132042.0,17273263.0,mathemagician617,3.0
145398.0,25645290.0,Leonardo Urbiola,3.0
166185.0,25870072.0,NH.LOCAL,3.0
117937.0,18645408.0,AndyC,3.0
164885.0,33479118.0,wannabedatascientist,3.0
164939.0,27006396.0,vficarrotta,3.0
143469.0,27126385.0,Alex,3.0
111497.0,19576099.0,M_Man,3.0
111502.0,20118269.0,mjf88530,3.0
129941.0,19359445.0,Timothy Hartanto,3.0
140748.0,24729945.0,vivek Chaurasia,3.0
142456.0,26237792.0,eons_stills_0r,3.0
128447.0,23526127.0,Yajna Elouard,3.0
140432.0,23811234.0,Pixel_Bear,3.0
128681.0,23521209.0,Esra Ibra,3.0
109598.0,17222306.0,Bünyamin Özkaya,3.0
143855.0,27234292.0,hre0,3.0
164719.0,24054356.0,GeorgeM,3.0
145297.0,20037169.0,rkuang25,3.0
127569.0,15488111.0,S.F. Yeh,3.0
137641.0,20379238.0,Adit Raj,3.0
127366.0,17229324.0,Aron Latis,3.0
108459.0,15110997.0,dafdaf,3.0
128068.0,20093184.0,Momo,3.0
155529.0,20612636.0,Andrew Narvaez,3.0
127158.0,6636670.0,Paolo,3.0
115325.0,20780248.0,Gökay Bilici,3.0
111808.0,18769931.0,Kartik Mehra,3.0
144979.0,27567972.0,n3uralio,3.0
143629.0,27175401.0,sara,3.0
127341.0,23236091.0,Alcorusk,3.0
112085.0,20718552.0,mohe,3.0
117661.0,4695042.0,Tommy,3.0
131628.0,9621526.0,JmML,3.0
142686.0,26670656.0,AbelAI,3.0
142701.0,23884520.0,Badr Jaidi,3.0
142221.0,26514458.0,Stackoverflow Stackoverflow,3.0
145174.0,27606575.0,Nency Bansal,3.0
145234.0,12557983.0,Just_4n0th3r_Pr0gr4mm3r,3.0
154739.0,29507948.0,user154739,3.0
107810.0,20030457.0,Alessandro Mondin,3.0
131301.0,23479158.0,Puchatek Kubuś,3.0
144633.0,17384942.0,Gabriella Chaos,3.0
143369.0,21771087.0,royal_awake,3.0
151653.0,28992178.0,thenoobcoder,3.0
151775.0,16935178.0,Balive13,3.0
117115.0,16342450.0,Godgory,3.0
120035.0,22083902.0,KRD-Python,3.0
151963.0,28030659.0,ionatura,3.0
154276.0,29378677.0,Denuwan Weerarathne,3.0
146312.0,11515866.0,Fei Wang,3.0
154745.0,29509563.0,Shelby,3.0
125524.0,19542617.0,Malte,3.0
146112.0,27819234.0,FLOROID,3.0
131332.0,24011659.0,bkubs55577,3.0
143001.0,3994564.0,user3292470,3.0
141138.0,26523921.0,Giuliano Mirabella,3.0
144900.0,19479855.0,hillard28,3.0
145893.0,9540030.0,NotNotLogic,3.0
109408.0,18472104.0,Akshay Ghosh,3.0
154075.0,24667172.0,ayowhatthedogdoin,3.0
147618.0,27940795.0,AlexRonsky,3.0
142836.0,26922266.0,lambdaChops,3.0
142948.0,18615389.0,UrDailyCS,3.0
143185.0,22996668.0,Anantashayana Hegde,3.0
110654.0,4800309.0,Vidhya Shankar,3.0
111631.0,2640246.0,SpookyDLX,3.0
145339.0,25002185.0,Mah Neh,3.0
119419.0,19344768.0,Qiang,3.0
151982.0,10401609.0,BOBONA,3.0
152228.0,10768011.0,Brett L,3.0
125483.0,20599659.0,Yusuf Iqbal Ifti,3.0
148358.0,21486047.0,Dima,3.0
144814.0,11878099.0,user485656,3.0
117750.0,4918915.0,migs,3.0
119840.0,21953815.0,ayesha shah,3.0
126070.0,22785202.0,Nikita Budilovskiy,3.0
117647.0,21589698.0,Kishkashta,3.0
153649.0,29218291.0,Jan Jansen,3.0
149300.0,12624875.0,Pierre,3.0
95811.0,18177662.0,OctoCat,3.0
110959.0,20083435.0,TheChicken4452,3.0
120870.0,22240505.0,pooh,3.0
115853.0,16595412.0,Phil Genovese,3.0
109140.0,7911758.0,ThunderSea,3.0
116920.0,3890830.0,adityagabbar,3.0
139355.0,19284408.0,Al.Vioky,3.0
139484.0,11912213.0,Antonio Carlos,3.0
111004.0,3722249.0,Erlend,3.0
139254.0,20024042.0,Ignacio Guerrero,3.0
135146.0,4098951.0,Paul,3.0
144636.0,27465694.0,mithrandir,3.0
148728.0,26955951.0,acboy,3.0
130789.0,22690241.0,falxman,3.0
150389.0,26284904.0,Salah Amani,3.0
115850.0,20327746.0,Aashiq Reza,3.0
151078.0,9884172.0,NewScreen20,3.0
109288.0,10873453.0,Jacob Torres,3.0
151116.0,14423606.0,saracoglumert,3.0
122679.0,18607199.0,Fuustack,3.0
122712.0,22400978.0,Qwerty,3.0
146499.0,27901150.0,S Ma,3.0
150367.0,28721812.0,James,3.0
148668.0,6723860.0,StMatthias,3.0
148672.0,14495742.0,Kareit,3.0
135255.0,25173629.0,conradoov,3.0
125083.0,21433893.0,v81,3.0
126047.0,22934767.0,Skill slash,5.0
53651.0,10983332.0,LostAtlas,5.0
141023.0,9808876.0,user20133451,5.0
101279.0,10475710.0,tester931,5.0
116090.0,5220985.0,happinessiskey,5.0
140442.0,16663301.0,Vik,5.0
115039.0,21087359.0,scaraven,5.0
108590.0,20172239.0,Andrew Moba,5.0
113950.0,19606336.0,YannickAaron,5.0
135896.0,11898240.0,Aadhil Imam,5.0
133758.0,19996975.0,Ann09,5.0
112224.0,20766649.0,Hans Mustermann,5.0
106727.0,11032226.0,Jerry,5.0
127399.0,20867749.0,Jose Cle,5.0
133580.0,5100642.0,Sally,5.0
122363.0,20870134.0,DomIsAwesomee,5.0
108391.0,12816661.0,Dominic Thomas,5.0
110581.0,20495789.0,Tejas Joshi,7.0
112672.0,8299062.0,AAA,7.0
158695.0,25713948.0,John,7.0
131297.0,24001659.0,Kev,9.0
163552.0,32777003.0,user163552,9.0
110412.0,20464336.0,Maddy,9.0
111734.0,20688537.0,Twwister8889,9.0
142466.0,17264814.0,Mehmet Gökdelen,9.0
118151.0,21686072.0,user118151,9.0
169255.0,23250584.0,Isaac Wamala,9.0
145536.0,27689675.0,Biraja Ghoshal,9.0
139469.0,11017951.0,DaniSSimo,9.0
113187.0,20933510.0,John,9.0
178933.0,20034051.0,Necrosis,9.0
117603.0,12205822.0,Aintsmartenough,9.0
143145.0,27024484.0,yuvi,9.0
159770.0,30537840.0,Pascal,9.0
108155.0,14485345.0,Mandy H.,9.0
115995.0,19932028.0,Suraj,9.0
133014.0,23287733.0,Adrian Evensen,9.0
116537.0,13746577.0,Kamyar Yazdani,9.0
146314.0,27505785.0,Daniel Jiang,9.0
111766.0,20693379.0,Guilherme Takata,9.0
130814.0,22969416.0,d1aren,9.0
109760.0,20356351.0,Patrick,9.0
192883.0,10759133.0,Chandrakant,9.0
130866.0,14422108.0,LineBreak,9.0
105896.0,10642184.0,Shailendra Torane,9.0
112741.0,20857648.0,Batman,9.0
127094.0,23131324.0,low,9.0
109445.0,20306346.0,Trump,9.0
120082.0,22094818.0,TarsEndurance,9.0
125412.0,22785537.0,user125412,9.0
146266.0,21733127.0,ahmad popli,9.0
109385.0,20296111.0,data2fx,9.0
140041.0,26246796.0,Sandeep,9.0
162758.0,25478461.0,avb0101,9.0
113284.0,20947197.0,kailas,9.0
151072.0,9020038.0,WnagoiYy,9.0
134895.0,14725301.0,Bree,9.0
194769.0,47052818.0,Lazarus,11.0
193189.0,46076343.0,Aidan Sullivan,11.0
193344.0,23470384.0,karim azaiez,11.0
154309.0,18945682.0,Kingshuk Saha,11.0
193916.0,46435983.0,samtripod,11.0
194523.0,46864305.0,Abdoul Razack Ouedraogo,11.0
194309.0,46729379.0,Shah,11.0
121085.0,18437184.0,dunkelheit,11.0
103497.0,18895511.0,Sanchit Goyal,11.0
168220.0,35276100.0,马昀松,11.0
171978.0,31556988.0,Khush patel,11.0
153918.0,27849604.0,Yong Lee,11.0
162498.0,31848540.0,Alvin Bimo Ramadhani,11.0
154861.0,13553171.0,Usama Tariq,11.0
194208.0,25703146.0,sebastian,11.0
193478.0,27587530.0,João Ribeiro,11.0
193760.0,46342234.0,Baka Kaba,11.0
111029.0,20531289.0,datanewbie96,11.0
111017.0,20573213.0,Arvi,11.0
121210.0,15184216.0,StellarFan,11.0
151932.0,29050659.0,Inbar Huberman,11.0
155685.0,29774748.0,yuitora,11.0
144217.0,27338511.0,Noam,11.0
144199.0,19296523.0,Kiran Maharana,11.0
140898.0,18847822.0,OSCAR CONTRERAS,11.0
161280.0,29111474.0,rara,11.0
152426.0,10059813.0,Sherwood,11.0
155008.0,29582314.0,Eamonn Keogh,11.0
163046.0,32355999.0,Shreyansh Bardia,11.0
122342.0,22334783.0,Rahul Sawant,11.0
143689.0,27191471.0,Julio Cabanillas,11.0
144257.0,18496271.0,Lexifir,11.0
120847.0,22236019.0,Benoit Descamps,11.0
120818.0,11228951.0,S.I.,11.0
119548.0,21988430.0,YixiaoXu,11.0
110821.0,20537865.0,Danby,11.0
111237.0,20606050.0,Rolfey,11.0
191902.0,45166710.0,Cosinsinu,11.0
122535.0,22369824.0,Yhogi Alawdi,11.0
122528.0,4157901.0,SherabWangchuk,11.0
122493.0,10850036.0,SupplyRobot,11.0
190139.0,44790410.0,arash,11.0
29042.0,10259739.0,CrashLandon,11.0
29828.0,1835050.0,Rajiv Sambasivan,11.0
111370.0,5098815.0,WizardOfRobots,11.0
159733.0,26246006.0,Hieu Tran Ngoc Minh,11.0
156908.0,25203668.0,mehmet uygur,11.0
110792.0,20534196.0,pizzaislifeispizza,11.0
143577.0,27157957.0,Noah,11.0
88720.0,17583894.0,dotto,11.0
111259.0,20609521.0,Ralph,11.0
163324.0,31955290.0,Mahak Gupta,11.0
186889.0,12091116.0,Frost,11.0
143315.0,7169713.0,Charles Lehnen,11.0
189874.0,44624632.0,Manish Yadav,11.0
120764.0,12785760.0,floriandaniel,11.0
122555.0,22374673.0,Gabriel Barrera,11.0
122627.0,22387371.0,zakya,11.0
110727.0,14841474.0,Mike,11.0
144620.0,27461204.0,ZeeM,11.0
143459.0,27123968.0,B Arkadievich,11.0
122612.0,22384159.0,Lim Xiu Xian,11.0
187545.0,17788659.0,maria mystakidou,11.0
151011.0,27140032.0,Фёдор Курушин,11.0
150300.0,27297561.0,2Thor,11.0
123407.0,6440284.0,Kübra Nilgün Karaca,11.0
164217.0,28736945.0,FishingBehindTheNet,11.0
111510.0,20653552.0,user111510,11.0
111475.0,20647670.0,Scott,11.0
111445.0,20641762.0,user111445,11.0
110735.0,20525580.0,user110735,11.0
144666.0,27475840.0,my talent,11.0
144659.0,23043583.0,lev1248,11.0
110787.0,20533574.0,Gustav1985,11.0
149982.0,14331082.0,Tommy Andy,11.0
161217.0,5783468.0,DeepthiSkp,11.0
163410.0,32731289.0,Mardistech,11.0
122791.0,18675290.0,stupidwebsite,11.0
132488.0,8650813.0,Oliver Causey,11.0
120602.0,22188051.0,sergio sergio,11.0
120594.0,22186845.0,Karthik Ganesh,11.0
144785.0,18706873.0,Jack Cahill,11.0
144781.0,20642652.0,rsx,11.0
144748.0,20095723.0,Maximus,11.0
144737.0,27496282.0,Stephen C,11.0
144722.0,27492026.0,Lucas,11.0
23193.0,8969273.0,Felaix,11.0
185849.0,43404950.0,Jashwanth,11.0
151788.0,29022134.0,xym,11.0
110687.0,20514166.0,tara,11.0
111600.0,20666442.0,jlee,11.0
143165.0,6805008.0,Lisa Chukwu,11.0
99490.0,15417532.0,Ozzy08,11.0
155963.0,15765211.0,Skouzini,11.0
108265.0,3963581.0,Vasil Kosturski,11.0
144873.0,27531914.0,Nick,11.0
110715.0,12570504.0,Andrea ,11.0
148848.0,28273262.0,jagofc,11.0
185964.0,21740371.0,Neev Garg,11.0
122977.0,22454990.0,user122977,11.0
123060.0,10980531.0,Mohamad Alaa Al Zainy,11.0
110585.0,20496356.0,James Messineo,11.0
144561.0,18162240.0,Marx,11.0
143117.0,305196.0,Tom,11.0
75985.0,13779363.0,reza,11.0
111693.0,10959965.0,tazobird,11.0
111690.0,20683230.0,user111690,11.0
109856.0,20371031.0,Ivan Phillips,11.0
111794.0,20692265.0,Stav Yosef,11.0
111722.0,1603388.0,PManjunatha,11.0
110611.0,11039981.0,S.Sharleen,11.0
148528.0,14171240.0,tryflyhi,11.0
148658.0,28217734.0,Eamonn Tweedy,11.0
185369.0,43195582.0,Andrew Bowsher,11.0
144052.0,17795124.0,Yang Wu,11.0
184735.0,43004106.0,rahul,11.0
123281.0,15204191.0,Ixion Chowdhury,11.0
155133.0,29621116.0,user155133,11.0
156724.0,27807932.0,George Sultani,11.0
149328.0,28424435.0,Aidan Wade,11.0
156799.0,30055393.0,Bobby,11.0
142720.0,11659010.0,Rameswar Sahu,11.0
123270.0,22316718.0,Zachary Hernández Valverde,11.0
123188.0,22499679.0,Inquirer,11.0
145878.0,27766943.0,Ayush,11.0
145200.0,20202203.0,ArgyGr,11.0
111835.0,15248074.0,secretsanta,11.0
142566.0,25163452.0,Reza Shabrang,11.0
145151.0,20275875.0,BilboBuggins,11.0
147676.0,27954635.0,Alienbushman,11.0
185302.0,29288574.0,Maruti Techlabs,11.0
123447.0,22554129.0,lennox,11.0
54763.0,13217920.0,vicio,11.0
120391.0,22150753.0,Lachlan Gourlay,11.0
142413.0,3571902.0,user2982010,11.0
142502.0,24747321.0,Sam,11.0
184429.0,14577808.0,13aba,11.0
120496.0,22167787.0,BÜŞRA ZENCİR,11.0
150054.0,24569591.0,PurpleCat,11.0
146071.0,27811357.0,much_data_many_mem,11.0
147911.0,28010600.0,Abe,11.0
142492.0,26855853.0,jon,11.0
142460.0,21288175.0,Samuel Emmett,11.0
142435.0,10852067.0,Jérémy Bastin,11.0
156899.0,25588640.0,code,11.0
111853.0,20708822.0,Joe,11.0
95982.0,2358089.0,user2065472,11.0
105897.0,19700280.0,Doting Thomas,11.0
146539.0,8960776.0,B Chase,11.0
158570.0,26129643.0,Dave Berenbaum,11.0
145720.0,27734045.0,Sarath Kumaar,11.0
145475.0,17060320.0,kikatuso,11.0
145416.0,26620812.0,Ben K,11.0
110425.0,20466036.0,Kooled,11.0
123649.0,22588488.0,Hussain,11.0
110377.0,20458113.0,user110377,11.0
145533.0,20606530.0,noels,11.0
145483.0,26526913.0,Sung Joon Won,11.0
183533.0,3634225.0,user3029710,11.0
145609.0,19245835.0,Vivek Hotti,11.0
142201.0,2000206.0,user1791442,11.0
142169.0,26770201.0,Daan Scheepens,11.0
183389.0,26285811.0,trya2l,11.0
148551.0,20403782.0,ekohrt,11.0
182081.0,42046292.0,sonoshee,11.0
182022.0,38655130.0,Adi Gershon,11.0
144819.0,9047240.0,GodProbablyExists,11.0
133868.0,19128841.0,Friend2093,11.0
142105.0,10469659.0,Cameron A,11.0
142089.0,19941901.0,Rubaiath-E- Ulfath,11.0
181489.0,41883828.0,Tchikss,11.0
181475.0,41879620.0,yoloboy_24,11.0
181445.0,37323267.0,MPK,11.0
141946.0,26720923.0,Daniel Baker,11.0
141939.0,26716514.0,niolo9,11.0
142006.0,18380509.0,Incubu121,11.0
123581.0,22584556.0,jo'capuccino,11.0
123574.0,21336210.0,Prashant Kumar,11.0
181724.0,29952829.0,AlanTuring,11.0
124902.0,21027003.0,shahid rasool,11.0
112120.0,20753365.0,medb0,11.0
120255.0,21233062.0,Wu Kris,11.0
120210.0,18148963.0,manix velu,11.0
74149.0,10587677.0,Pooja Galagali,11.0
103259.0,2470820.0,elgabri,11.0
181365.0,41805207.0,Will Borrelli,11.0
141667.0,19636579.0,Sheng Yang,11.0
181096.0,38209315.0,Ayesha Haya,11.0
124917.0,11807687.0,fritsvegters,11.0
124964.0,14448187.0,Adam,11.0
110310.0,20335246.0,ouyqf,11.0
110294.0,20444985.0,user110294,11.0
183404.0,42217432.0,Silvio Klenk,11.0
141822.0,8224535.0,Arcadeia,11.0
180893.0,29439623.0,Tarun Gattu,11.0
110202.0,11465526.0,FR_MPI,11.0
110199.0,20430522.0,Jess D,11.0
110195.0,15276448.0,DrDoggo,11.0
112183.0,20764094.0,Javier Brenes,11.0
124864.0,17167659.0,Rico ,11.0
151000.0,17144054.0,Balu,11.0
125168.0,7114612.0,zher4883,11.0
125128.0,16688917.0,Jeyakeerthanan,11.0
123134.0,17558773.0,datascientist,11.0
125019.0,14256908.0,user219249,11.0
106128.0,9454325.0,Raydar,11.0
125201.0,19979842.0,Phạm Tâm,11.0
183624.0,42333951.0,guest_on_the_fence,11.0
183622.0,30651721.0,new world,11.0
125228.0,22742928.0,Omar Zid,11.0
107472.0,17218614.0,GangaPutraBheeshma,11.0
125191.0,14350722.0,haixu yan,11.0
125148.0,3217868.0,holoubekm,11.0
91251.0,14299051.0,ClosedLoopControl,11.0
141657.0,23429459.0,Abhijeet Saroha,11.0
141644.0,25847761.0,raginggoldfish71,11.0
184711.0,5260841.0,DangerousTim,11.0
32031.0,3538214.0,SamGG,11.0
183750.0,42416901.0,vinod pandey,11.0
180486.0,27589342.0,ufghd34,11.0
125251.0,4066877.0,user130771,11.0
120151.0,20467015.0,yash agarwal,11.0
110074.0,20410699.0,nak mocha,11.0
145969.0,27790532.0,Penjan,11.0
141634.0,26648114.0,sai,11.0
141588.0,19809479.0,indian gamedeveloper,11.0
125040.0,19759513.0,Mac,11.0
125242.0,398074.0,jameser,11.0
125267.0,18264306.0,PaulBaul11,11.0
180309.0,39395224.0,user29255210,11.0
143653.0,27181597.0,Kristen,11.0
64972.0,3989559.0,user3288977,11.0
141546.0,26598904.0,S B,11.0
180616.0,41160281.0,Jake Ferris,11.0
180560.0,27362540.0,Prateek,11.0
161235.0,11119857.0,Noa Nabeshima,11.0
119945.0,14830142.0,NIM4,11.0
125378.0,22746285.0,Heiner Hippke,11.0
125361.0,1640872.0,user1513335,11.0
125354.0,22774957.0,sianko,11.0
112283.0,20781174.0,cavalierstyles,11.0
146191.0,27603913.0,Veggeata,11.0
110045.0,20404506.0,Dataoverflow,11.0
110043.0,9227386.0,Al777,11.0
109990.0,17616940.0,Furkan Karabulut,11.0
125342.0,9733175.0,Vierni,11.0
125337.0,22772039.0,Patrick,11.0
125320.0,22768570.0,Rabia Mubeen,11.0
117510.0,10120663.0,Night bird,11.0
109941.0,19893167.0,sebin,11.0
141441.0,3162529.0,csp1po,11.0
146261.0,19743515.0,scicos88,11.0
146262.0,27852976.0,AYYAPPAN T 20BAI1305,11.0
132972.0,11866733.0,MarcusRB,11.0
143903.0,27255253.0,dragmehomenow,11.0
142361.0,26264597.0,cmauck10,11.0
125402.0,13039011.0,P.M.,11.0
141427.0,8632227.0,Laura Mitchell,11.0
141393.0,16201273.0,You_Donut,11.0
141373.0,26578042.0,BERNARDO BARIAS COMPAGNONI,11.0
146317.0,27865847.0,Sangram Dabhade,11.0
91500.0,17782031.0,NewbietoPython,11.0
103016.0,17413374.0,Dhyana,11.0
143627.0,27175389.0,gitcommitshow,11.0
179739.0,41029464.0,user179739,11.0
179639.0,41005303.0,Ken mattes,11.0
109919.0,20380847.0,HdeV,11.0
146397.0,20361940.0,mandana hosseini,11.0
112246.0,20774810.0,giniper,11.0
141335.0,20002797.0,Andy,11.0
125409.0,22567989.0,UbuntuEnt,11.0
125386.0,16831836.0,Schroeder,11.0
125473.0,15447407.0,deethereal,11.0
125602.0,22828912.0,QuantumAndreas,11.0
119967.0,22060608.0,Majid Baqeri,11.0
119951.0,22070013.0,Apoorva N.,11.0
119941.0,21323687.0,NoahSCode,11.0
146480.0,7954887.0,user27771,11.0
112398.0,16301852.0,salm,11.0
179967.0,21586494.0,Benjamin G,11.0
134236.0,8334087.0,catalyst,11.0
172065.0,37031530.0,J Groton,11.0
134016.0,17034724.0,RankieJiang,11.0
147555.0,20843730.0,znb,11.0
141173.0,26530573.0,tomkeruse,11.0
125475.0,19187320.0,Newboi,11.0
147608.0,16504906.0,Fen,11.0
141070.0,26505732.0,prgtttt,11.0
141062.0,26504566.0,Quasar-Kim,11.0
187515.0,44397953.0,Youness Belhaj,11.0
125543.0,1862899.0,fierval,11.0
125533.0,22816103.0,Tulika,11.0
119877.0,22057418.0,JaeHyun,11.0
125629.0,21175678.0,Subhadip Saha,11.0
125285.0,18845036.0,Solomon Paul,11.0
125612.0,22830577.0,user125612,11.0
179072.0,40830564.0,brenda,11.0
149714.0,7364688.0,Krammak,11.0
100314.0,12357293.0,YeonwooSung,11.0
112486.0,20816755.0,Martin Guilbert Lejeune,11.0
112477.0,20816146.0,abhay,11.0
141020.0,7332592.0,loookazs,11.0
109862.0,6183208.0,Manish,11.0
77821.0,12423120.0,Ubhi,11.0
109852.0,15543204.0,qqaatw,11.0
109771.0,17631532.0,Poofy38,11.0
147644.0,21225852.0,Eshrak,11.0
147685.0,5382713.0,Juarez,11.0
148230.0,18426324.0,Aneruth Mohanasundaram,11.0
125767.0,22690740.0,Maha Hassan,11.0
142595.0,10342276.0,Manas Manoj,11.0
125750.0,22863194.0,Kiribatiadelie,11.0
125720.0,22854028.0,user125720,11.0
125714.0,22852996.0,Sara,11.0
178872.0,26845601.0,Кирилл Тимофеев,11.0
178925.0,40773115.0,Raf,11.0
140883.0,26393212.0,Haris Javed,11.0
109738.0,9297042.0,Keerthitheja S.C.,11.0
109728.0,20351395.0,Dev30,11.0
147745.0,27972396.0,Newbie Oranger,11.0
178756.0,7470679.0,Srikanth Sridharan,11.0
178700.0,29976222.0,Юлія Столярук,11.0
140839.0,26446001.0,Lars Kuijlenburg,11.0
140838.0,26445776.0,ando,11.0
145794.0,27750432.0,Yedu Prasad,11.0
162851.0,26133152.0,Leon Armbruster,11.0
119839.0,22050308.0,ElladaN,11.0
119807.0,12141740.0,Isaac Stong,11.0
178364.0,40461823.0,Mahinda Rajapaksha,11.0
125902.0,22899718.0,Nat,11.0
119755.0,8398090.0,user6304430,11.0
112586.0,20831477.0,Muhammad Waqar Anwar,11.0
112568.0,18041493.0,Matthew Webster,11.0
140679.0,22637899.0,Ana,11.0
125869.0,21382943.0,Shaurya Singh,11.0
125857.0,6688949.0,Brandon,11.0
118989.0,15124686.0,datadummy,11.0
119846.0,22051528.0,sharaku17,11.0
85344.0,13744202.0,CDS,11.0
122433.0,14238511.0,Will,11.0
147959.0,28021362.0,Brian,11.0
109215.0,14117171.0,nikhil6041,11.0
140708.0,17975565.0,Arwa Ali,11.0
140687.0,22904339.0,mctasar,11.0
178579.0,40559477.0,Josip Rođak,11.0
178567.0,30504030.0,Cloud,11.0
178459.0,40517674.0,Nico,11.0
178151.0,29510384.0,user22615570,11.0
140634.0,26390149.0,Jessica,11.0
109611.0,17161862.0,Nguyễn Xuân Hiếu,11.0
126051.0,7052724.0,Ivanapp,11.0
178060.0,30401231.0,PTaq,11.0
148059.0,27312217.0,JQ_SE,11.0
112651.0,20840485.0,Xyz,11.0
170264.0,406894.0,Carlos,11.0
148918.0,5297795.0,takatan,11.0
159495.0,29629453.0,unmasked_one,11.0
159484.0,30450197.0,Suseendran R,11.0
141510.0,26611044.0,harithagb,11.0
141686.0,26657644.0,Sidharth,11.0
177864.0,40190493.0,Adithya Samudrala,11.0
177850.0,33288820.0,GoodAnalysis,11.0
126147.0,22959106.0,Tenzin Dayoe,11.0
145658.0,16429821.0,BADREDDINE BALAJ,11.0
140443.0,15185118.0,Callum,11.0
126004.0,17198385.0,Rodrigo Franco,11.0
125977.0,21586230.0,scho,11.0
147943.0,28017885.0,Ayberk İlbak,11.0
119673.0,22020545.0,Kuba,11.0
109523.0,20144730.0,E. Turok,11.0
112681.0,19547815.0,mnsml,11.0
131532.0,21619212.0,studentofml,11.0
140354.0,26318398.0,Becca,11.0
148166.0,5809998.0,dave4422,11.0
178057.0,30114648.0,Labib Mukharam,11.0
140347.0,11032467.0,Alexandru Gris,11.0
140321.0,12899503.0,Anoop Yadav,11.0
148233.0,28022140.0,99_zz,11.0
148209.0,13288844.0,Andros,11.0
109590.0,7107783.0,FreeG,11.0
109581.0,20325372.0,Matteo,11.0
126118.0,22951461.0,Naden,11.0
126087.0,10731524.0,krcoder,11.0
126224.0,22974699.0,user126224,11.0
119694.0,22024288.0,widepeeposad,11.0
119688.0,20100790.0,Kate Nguyen,11.0
139504.0,22397635.0,siwi,11.0
177558.0,22812381.0,UserPo41085,11.0
177524.0,37134487.0,rahma touzi,11.0
109521.0,20314634.0,Kern,11.0
112740.0,10980174.0,user449683,11.0
139098.0,7753802.0,Mimansa Maheshwari,11.0
148391.0,28146512.0,o barbier,11.0
193970.0,9192731.0,Tessa,11.0
177785.0,24517153.0,Hercules' Creed,11.0
154063.0,18633097.0,Chris,11.0
158318.0,5625700.0,Peter,11.0
148795.0,28256848.0,kogtenev,11.0
162775.0,32120840.0,ggggg,11.0
109424.0,20303258.0,Asif Munir,11.0
148446.0,28162048.0,pustelnikk,11.0
73671.0,15176382.0,Yochai ,11.0
140111.0,26186882.0,Lil Ptt,11.0
126228.0,22975942.0,Max Herring,11.0
57817.0,12939567.0,Akshat Jain,11.0
126277.0,7177602.0,R.runya,11.0
126275.0,19750189.0,k0ntrol,11.0
141155.0,14438683.0,Jordan Arnold,11.0
141103.0,22658103.0,Sami Alshalwi,11.0
177500.0,39969638.0,Hendrik P,11.0
148529.0,19460227.0,omike,11.0
140104.0,16830491.0,Emman,11.0
112864.0,17279706.0,elzorroman,11.0
109858.0,10089962.0,Joep,11.0
109463.0,20308536.0,user109463,11.0
119538.0,18894857.0,M.I. Florovksy,11.0
126418.0,9758086.0,Daniel,11.0
126409.0,11552052.0,James Stirling,11.0
194808.0,47081054.0,Reynard the Fox,11.0
140004.0,22069447.0,yuhua,11.0
109226.0,20271010.0,Mohtashim,11.0
120715.0,8968429.0,egetkn,11.0
147752.0,22930900.0,kim120,11.0
126391.0,12212815.0,MatheMarco,11.0
126349.0,11002843.0,Babypopo,11.0
147663.0,14283698.0,mmmmo,11.0
144308.0,27366374.0,user144308,11.0
176938.0,39653228.0,Lorenz Meng,11.0
112650.0,9829067.0,Sunshine,11.0
112918.0,20892887.0,xstrx,11.0
139917.0,26215300.0,Rob,11.0
62866.0,12980227.0,TNFCFA,11.0
148651.0,9762010.0,P_dog,11.0
135458.0,25225315.0,In_cognito,11.0
177338.0,36250256.0,Saffy,11.0
177265.0,39850299.0,PRIYANKA KALE,11.0
119549.0,15255936.0,Shaun,11.0
126452.0,16333162.0,SRTF,11.0
125358.0,10085349.0,Narges Se,11.0
146419.0,21742798.0,Shrijayan,11.0
148742.0,25829133.0,Beatriz Gonçalves,11.0
139833.0,26197217.0,fpialcoi_o,11.0
139832.0,20912377.0,MrStealYourFrog,11.0
139829.0,2470312.0,Ewout,11.0
177042.0,23320109.0,Salma Emrany,11.0
163181.0,28371750.0,ugroon,11.0
123751.0,9097407.0,Shiva Parsa Rad,11.0
159858.0,11545044.0,program1232123,11.0
164944.0,27256905.0,NoobCoder,11.0
176526.0,30956412.0,Eren Şahyılmaz,11.0
119455.0,21382036.0,Nasrin Mazaheri,11.0
115646.0,21192132.0,Gustavo Abreu,11.0
113041.0,16238387.0,ClaudeTi,11.0
112993.0,20904211.0,Petrvich,11.0
148769.0,28249575.0,Tbon,11.0
148743.0,9244325.0,Yalçın Cenik,11.0
126461.0,6399674.0,Gleb Karpushkin,11.0
126459.0,23022084.0,ml_ds_lm,11.0
140380.0,26324372.0,user140380,11.0
112985.0,20903400.0,Johannes,11.0
139705.0,26168489.0,ksp,11.0
108690.0,11630109.0,F. Stroes,11.0
126637.0,19406418.0,Phan Nguyen,11.0
140281.0,26302932.0,Eric Yamga,11.0
126603.0,23061451.0,user126603,11.0
113098.0,20921462.0,aep58,11.0
113046.0,5609118.0,slobanov,11.0
112897.0,1398514.0,Z. Cass,11.0
109284.0,20277431.0,Nomad coder,11.0
121231.0,22224504.0,Ken Adams,11.0
126721.0,19814297.0,nununu,11.0
82695.0,7812856.0,Kirti Swagat Mohanty,11.0
119374.0,21956967.0,user119374,11.0
126699.0,16645126.0,Driss AL,11.0
141099.0,18255519.0,le8rning,11.0
176441.0,39353818.0,Alex,11.0
128871.0,16009370.0,lm1909,11.0
126743.0,18815870.0,RedIcing,11.0
111247.0,14930879.0,Mostafa Mahmoud,11.0
108978.0,19208369.0,Marwa A.,11.0
148928.0,28294218.0,Spandan Bhatnagar,11.0
139546.0,8504842.0,Jroc561,11.0
139516.0,20950954.0,Ali77pour AHmadi,11.0
139513.0,15151055.0,עומר אנגי,11.0
139549.0,26140184.0,user139549,11.0
109236.0,1692332.0,user1554444,11.0
110834.0,19560221.0,Abir ELTAIEF,11.0
110845.0,5437619.0,Jazz,11.0
119302.0,21941308.0,user119302,11.0
126848.0,23115151.0,Benji,11.0
126946.0,23139625.0,Julie,11.0
126920.0,19488037.0,Dominic,11.0
126860.0,9926487.0,steinum,11.0
126867.0,7620699.0,Viks Maxx,11.0
113198.0,20936787.0,user113198,11.0
113176.0,11858803.0,Igbal,11.0
139456.0,24206449.0,Teja D,11.0
174148.0,21334559.0,hugopb82,11.0
168296.0,24428347.0,Itay Gonnen,11.0
127000.0,23153470.0,Helder Doggo,11.0
109082.0,20251120.0,user109082,11.0
139303.0,26081887.0,guest001,11.0
126737.0,23090662.0,user126737,11.0
149066.0,20583669.0,Gustavo Exel,11.0
176229.0,39231419.0,rifkatu,11.0
126947.0,23141232.0,Andrew Coleman,11.0
119159.0,21912810.0,Curious Ion,11.0
109363.0,13044729.0,Pablo Brianese,11.0
175566.0,22804192.0,Langtec,11.0
139267.0,12628463.0,HavingNoHead,11.0
139209.0,26061745.0,user139209,11.0
126998.0,20583814.0,Moataz Chouchen,11.0
146075.0,27812224.0,weggegon,11.0
126964.0,6135526.0,Dimitrios Torssøn,11.0
126957.0,7153528.0,Ginni Kakkar,11.0
126955.0,23143235.0,Charmi Chokshi,11.0
145603.0,27705526.0,user145603,11.0
127039.0,23163216.0,Vellyxenya,11.0
119254.0,15139456.0,youssef manyalawy,11.0
119244.0,21929446.0,Yasin,11.0
108946.0,20207594.0,ALI TARIQ NAGI,11.0
144738.0,10318963.0,prajwal rao,11.0
111372.0,18429790.0,fflpdqqoeit,11.0
110960.0,18059838.0,Anonymous,11.0
113199.0,8721285.0,BannerG,11.0
145636.0,23798487.0,Dietzsche Nostoevsky,11.0
109073.0,14719374.0,UDEricWx,11.0
108966.0,20223793.0,WarrenB,11.0
175459.0,11845266.0,Mia May,11.0
157004.0,30078964.0,Student,11.0
175582.0,13065935.0,Dean Debrio,11.0
119158.0,21151287.0,Lord Dickenstein,11.0
139142.0,26045042.0,Rauf Anwar,11.0
139129.0,26042167.0,shameer.tyton,11.0
65467.0,63483.0,Gaurav,11.0
175472.0,38775882.0,Omar Ahmed,11.0
175330.0,38687825.0,Bidur Tiwari,11.0
175136.0,15723152.0,elfe,11.0
175111.0,38546451.0,user175111,11.0
175060.0,15816998.0,GreedyGroot,11.0
119354.0,14977171.0,bunus19,11.0
175042.0,38504393.0,Antoni,11.0
175018.0,38300646.0,Warren,11.0
98243.0,18593889.0,affluentbarnburner,11.0
127131.0,16520010.0,BuzzedHub,11.0
127121.0,12871787.0,tester57 qwerr,11.0
145701.0,26039564.0,SkrewUGuys_Home,11.0
145657.0,15627862.0,Hossein,11.0
109005.0,16447550.0,Fern,11.0
108868.0,15011612.0,kartik khariwal,11.0
113320.0,20954639.0,Paulo,11.0
149465.0,14293013.0,Ricardo Chavarria,11.0
149437.0,28459517.0,Ricardo,11.0
126468.0,22362940.0,FateMintTrio,11.0
149433.0,28457341.0,Jack Smith,11.0
139185.0,26057198.0,JessicaDavies,11.0
139094.0,21991351.0,Kosho E,11.0
144518.0,10155410.0,Icecream Pudding,11.0
149596.0,8811567.0,gubera,11.0
113387.0,19292141.0,Tomás Lara,11.0
113377.0,20963003.0,Matt,11.0
113367.0,20961250.0,user113367,11.0
138943.0,18581571.0,Barry O'Keeffe,11.0
127245.0,7900600.0,Saurus,11.0
127236.0,8186186.0,V. Lad,11.0
127237.0,23215737.0,Sakura Mirai,11.0
145517.0,17788353.0,roberto bruzzese,11.0
126805.0,4890387.0,Alex Javarotti,11.0
127214.0,18982533.0,Bagutreko,11.0
113428.0,14681861.0,Shivang Kohli,11.0
113408.0,12727720.0,soao,11.0
138890.0,6343944.0,Raghuvaran P,11.0
174675.0,18251970.0,Dharmi Mehta,11.0
14106.0,6895244.0,cheddar,11.0
174599.0,27778612.0,Risdu,11.0
174591.0,21269862.0,Shataneek Banerjee,11.0
173564.0,37741316.0,waleed almutairi,11.0
112106.0,20751634.0,AstroAllie,11.0
127343.0,23236585.0,Alifiya Batterywala,11.0
127316.0,15626802.0,mlman,11.0
127106.0,21572880.0,Thatguyfromthething,11.0
127297.0,4841710.0,roemchine,11.0
122424.0,14731519.0,Sakshi Maurya,11.0
138865.0,25976988.0,Zephrom,11.0
138794.0,18738984.0,Hanzel,11.0
149106.0,20117030.0,Droidenkiller,11.0
110147.0,7628253.0,Eric S,11.0
133706.0,24634137.0,Max Adam,11.0
138927.0,15827007.0,Opa Knackfaust,11.0
174164.0,23321416.0,unturned3,11.0
153940.0,28395725.0,AaronWeng,11.0
149908.0,16112037.0,elbarto,11.0
113507.0,20988633.0,Annoymous,11.0
113497.0,20984732.0,A. Salem,11.0
149888.0,28606442.0,PLl,11.0
56574.0,13994284.0,ala,11.0
149886.0,28605970.0,cep,11.0
149880.0,17166465.0,Shadow_fiend,11.0
92486.0,11531962.0,Wassim Bouatay,11.0
119066.0,17304877.0,alejazllano,11.0
127257.0,8236177.0,Chris F,11.0
105071.0,555473.0,Omar Shehab,11.0
138718.0,10447467.0,Mohammad Khan,11.0
126206.0,22963343.0,Dev Dutta,11.0
149960.0,20016234.0,Jonathan,11.0
108786.0,3433031.0,John,11.0
127415.0,23252126.0,Ann Zee,11.0
127410.0,23250826.0,kangaroobogaloo,11.0
145376.0,6052517.0,Alar,11.0
127392.0,16557268.0,Devendran,11.0
162255.0,29617326.0,4A4a,11.0
174261.0,38093881.0,user174261,11.0
183663.0,42362733.0,user183663,11.0
150042.0,8590305.0,Akshit Sharma,11.0
150026.0,20898605.0,Jake,11.0
149998.0,10231140.0,Victor Neverland,11.0
149985.0,28627503.0,rasgaard,11.0
139208.0,6962932.0,D.Kiji_Noctis,11.0
126222.0,22974081.0,Soroosh Moghimi,11.0
138650.0,18302837.0,Nagarjun Nani,11.0
113562.0,21001423.0,MaxMotzer,11.0
145280.0,27630280.0,zebinx,11.0
127497.0,23271770.0,Ayush,11.0
127482.0,23268836.0,CoderAI,11.0
150105.0,24582482.0,Ejaz,11.0
150093.0,28652592.0,GargantuanChad,11.0
150075.0,28649496.0,brijesh,11.0
150050.0,28643368.0,tom394,11.0
104215.0,10488075.0,Tim Gates,11.0
113580.0,14119328.0,jay,11.0
113579.0,19616830.0,robotcourier,11.0
138295.0,20481416.0,Pouya,11.0
138557.0,25903037.0,user138557,11.0
174092.0,25343417.0,Amira,11.0
118935.0,17961821.0,newbieAtLife5741,11.0
150158.0,28670767.0,Jay,11.0
150142.0,28665451.0,David,11.0
112838.0,18459747.0,brettmoreton,11.0
138493.0,25891069.0,datanid,11.0
109390.0,19716534.0,Ammar Kamran,11.0
109429.0,20303922.0,Jordan Tangy,11.0
173788.0,37866269.0,Aung P,11.0
127525.0,23279291.0,Kehinde.C,11.0
127521.0,23278331.0,Verner,11.0
141542.0,10755670.0,NeuralQubit,11.0
138354.0,25859912.0,Mahmoud Adel,11.0
138322.0,25851570.0,Anon,11.0
150162.0,25183902.0,Jannes,11.0
127469.0,23265174.0,user127469,11.0
127417.0,23252423.0,Mark B.,11.0
111377.0,10744504.0,Onur Ece,11.0
110729.0,20524442.0,data_noobQueen,11.0
150238.0,14190835.0,mister_mole,11.0
150226.0,23846571.0,syrine,11.0
138483.0,13773918.0,Stat Beginner,11.0
138462.0,20298887.0,roybatty,11.0
138464.0,25862370.0,drobotka,11.0
138456.0,25879555.0,stewardbranson,11.0
173540.0,37727661.0,StackUnderflow,11.0
173338.0,37627019.0,arthika ,11.0
127565.0,23290669.0,Qwerty,11.0
115929.0,15814187.0,Sheykhmousa,11.0
137771.0,25733821.0,Sudheendra Rao K,11.0
137772.0,25734053.0,corpus-callosum,11.0
173006.0,37484599.0,Wajih,11.0
141267.0,12064464.0,Toonia,11.0
173322.0,2306032.0,Frank AFRIAT,11.0
173315.0,37618332.0,yiyi wang,11.0
173233.0,21018280.0,Alexander Margaris,11.0
172814.0,37392040.0,Kuromi,11.0
113710.0,21004875.0,Monica Kristy,11.0
113009.0,20231271.0,Noob,11.0
138242.0,25833874.0,dollarbill,11.0
127761.0,23341153.0,Paul Fentress,11.0
127742.0,19322900.0,Max Briones,11.0
150283.0,18650045.0,Nishan Poudel,11.0
149613.0,23382209.0,WannabeMathMaster,11.0
126075.0,20893057.0,Freak8471,11.0
138211.0,11169643.0,dbzadnen khiari,11.0
125834.0,22884060.0,rijah khan,11.0
127699.0,19238728.0,Gamar Choba,11.0
145144.0,27600328.0,LabDancer,11.0
173135.0,20727367.0,tommy,11.0
71851.0,338817.0,Robert1er,11.0
138111.0,16859840.0,MerelyLearning,11.0
150419.0,22926400.0,Karthik Sudapelli,11.0
150398.0,28728262.0,Nazarene,11.0
150395.0,28727946.0,Anagha M P,11.0
172890.0,16720064.0,Bhalala Gaurav,11.0
137246.0,14525767.0,Aunkit Chaki,11.0
103468.0,19314918.0,If Monday had a face,11.0
162171.0,31408293.0,JulioHC00,11.0
113844.0,17880964.0,Adnan Khan,11.0
118660.0,21802570.0,Pritha,11.0
118627.0,21793965.0,Aditi,11.0
127292.0,23189017.0,theassassin11,11.0
127782.0,23347882.0,Guest,11.0
121030.0,18946030.0,Leibniz,11.0
142390.0,26829479.0,sudoer,11.0
172060.0,37028970.0,Sebastian Krafft,11.0
162078.0,27259560.0,Poyo,11.0
138027.0,4086665.0,Nucore,11.0
110703.0,20459885.0,humblefool_9,11.0
150438.0,23832746.0,User Name,11.0
150408.0,27897110.0,Hello is me,11.0
113789.0,21044381.0,user113789,11.0
171712.0,36862339.0,Crazy India,11.0
127868.0,21606188.0,Michele Russo,11.0
127857.0,9312510.0,RMN,11.0
127839.0,21264541.0,Tuhin Dutta,11.0
127822.0,23358301.0,gianluca samaritani,11.0
127818.0,23089714.0,st0412,11.0
144917.0,6768852.0,Ryan Fry,11.0
104877.0,13107501.0,Ianmoone444,11.0
122767.0,22412890.0,Zidane Anakbetawi,11.0
126024.0,6206317.0,Yair stern,11.0
125068.0,15028112.0,Henning,11.0
137846.0,18928499.0,Prathvik G S,11.0
137839.0,23397029.0,Dave Moutardier,11.0
126054.0,22619864.0,Javier Decena Castillo,11.0
144994.0,17493597.0,Abdul Basit Niazi,11.0
150474.0,20399672.0,Debayan Das,11.0
127936.0,11085147.0,Guy Ohayon,11.0
137791.0,25416035.0,MSmith,11.0
137576.0,25687668.0,Archlinux Developer,11.0
137776.0,25697727.0,Jonas D.,11.0
125955.0,13697015.0,yys,11.0
126573.0,10226425.0,Sijie Chen,11.0
150622.0,20138081.0,Anjali ,11.0
150639.0,28740135.0,Matt Smith,11.0
150635.0,28782603.0,Basil Zikry,11.0
115727.0,20310360.0,Redratz,11.0
118576.0,12501479.0,VBNub,11.0
128021.0,995844.0,Jay Best,11.0
162389.0,20060685.0,Amlan Mohanty,11.0
150696.0,18666924.0,Rubayet Alam,11.0
150676.0,28791120.0,Zain,11.0
150682.0,28792581.0,Micheal T. Atienza,11.0
110967.0,20564703.0,Coder83,11.0
137711.0,25720369.0,Omar,11.0
170722.0,15824022.0,Graham B,11.0
128011.0,6680589.0,Jake Color,11.0
127955.0,21676204.0,knowledge_seeker,11.0
144806.0,25969949.0,Din,11.0
128031.0,23419177.0,Mohsin Khan,11.0
160025.0,30608502.0,user23463397,11.0
150740.0,28803979.0,programming-duck,11.0
71028.0,15349047.0,my_cse lab,11.0
108528.0,2888929.0,user2478159,11.0
108524.0,15696014.0,CarterKF,11.0
108523.0,17241941.0,dreamingmantou,11.0
110710.0,15517506.0,Shaikh Abuzar,11.0
127921.0,13554507.0,Mishaniel,11.0
118554.0,21297622.0,EB97,11.0
113879.0,21058294.0,Salah Eddin,11.0
128025.0,9985230.0,askar,11.0
137610.0,25695153.0,Ibrahim Mukherjee,11.0
150755.0,14419291.0,pxvxrx,11.0
150743.0,28804745.0,ja1ba6,11.0
170087.0,35938553.0,user27481928,11.0
144559.0,21441408.0,makala,11.0
128049.0,23423481.0,Slip,11.0
128039.0,19944106.0,AskSmart,11.0
25407.0,2631378.0,kruparulz14,11.0
169568.0,10658575.0,fini-stair,11.0
128160.0,17885471.0,Souhaielrmx,11.0
128138.0,242408.0,motormal,11.0
128137.0,18306489.0,marlonboettger,11.0
126175.0,22967759.0,Antony felix,11.0
92420.0,17531969.0,Deno,11.0
103455.0,9006957.0,Sandra Peters,11.0
108425.0,14105664.0,Mathew,11.0
108400.0,6512517.0,Hashtag,11.0
137491.0,23757436.0,PerpetualPerception,11.0
114995.0,21081364.0,Mohammed Abed,11.0
113958.0,21072868.0,Daniel,11.0
137464.0,16100922.0,Hiba Tur Rehman,11.0
111610.0,16128129.0,piele,11.0
126909.0,19726978.0,civdex,11.0
150908.0,28839821.0,Fatur,11.0
150879.0,28835181.0,Abhinav Painuli,11.0
134305.0,20943823.0,Harish Battula,11.0
150963.0,1430714.0,Gokul Anand,11.0
150901.0,18514017.0,mohammad ariyan rad,11.0
137364.0,25646025.0,Thisisme,11.0
128084.0,4883511.0,natt010,11.0
151005.0,8466728.0,user545577,11.0
150993.0,17744396.0,Physics69,11.0
111865.0,19766993.0,Diesel Blue,11.0
110751.0,17067474.0,Jerome Ariola,11.0
142161.0,2206966.0,peterpf,11.0
162682.0,32044060.0,Alfred,11.0
169179.0,35711772.0,Steve,11.0
128263.0,4742578.0,wakanada,11.0
128181.0,23453586.0,ProjK,11.0
120250.0,1257997.0,mashrivas,11.0
128293.0,23481494.0,user128293,11.0
137595.0,16981502.0,Davi Magalhães,11.0
137302.0,18030253.0,Monica,11.0
135626.0,2029264.0,Grant,11.0
137274.0,20122825.0,david_r_beginner,11.0
137217.0,15359060.0,Snykral fa Ashama,11.0
110618.0,18560318.0,Meenal,11.0
93673.0,18031598.0,Usman Abbas,11.0
97652.0,13836502.0,porra,11.0
37806.0,151639.0,Liad Magen,11.0
132325.0,24245378.0,Ella Jean,11.0
137089.0,25589121.0,Paul,11.0
137071.0,23354188.0,GusC,11.0
115075.0,16741512.0,Devin,11.0
86130.0,4825746.0,Lah Cen,11.0
106590.0,16012535.0,nico_so,11.0
115024.0,18760797.0,Veronica Trabacchin,11.0
128311.0,14925979.0,hoshii_tomato,11.0
118415.0,21353158.0,zakya,11.0
128304.0,20113775.0,Greekatos,11.0
128299.0,21337336.0,sensation96,11.0
118314.0,21717977.0,Jacccky D,11.0
128368.0,23502138.0,Javier FM,11.0
125608.0,14125888.0,Mannheimer_Coder,11.0
151112.0,28879804.0,Gleb,11.0
103390.0,19285228.0,ysunny,11.0
149349.0,27747406.0,Sola Cong Mou,11.0
137131.0,18505617.0,Michael S,11.0
137121.0,13008323.0,Achilleas Pavlou,11.0
137115.0,24546000.0,aninfgroupoid,11.0
117567.0,21573381.0,RajaParikshat,11.0
162793.0,32130831.0,Live Hornet,11.0
169081.0,35669030.0,tir,11.0
76264.0,14382914.0,Patrick_Weber,11.0
128325.0,15351277.0,Sourav_Hasan,11.0
113558.0,20997204.0,Isaac.casm,11.0
136994.0,25557328.0,ADITYA TIWARI,11.0
168331.0,28993902.0,KRISHNAPRIYA G B,11.0
168202.0,34650879.0,Aryaman Shukla,11.0
78121.0,11703841.0,Doxcos44,11.0
118826.0,21845008.0,mian xiao,11.0
168099.0,35222479.0,Chunk1,11.0
128426.0,23520048.0,izumi,11.0
118329.0,19457112.0,James Hardon,11.0
118328.0,21145722.0,Adam John,11.0
116672.0,13863149.0,RR_28023,11.0
85675.0,17140831.0,nous,11.0
115137.0,21093818.0,meltedhead,11.0
136581.0,20298859.0,guh,11.0
136900.0,6521939.0,Di sha,11.0
135943.0,25330735.0,Blackforest95,11.0
151203.0,21446000.0,Jukeforu,11.0
120070.0,3422008.0,JunjieLi,11.0
110595.0,20499234.0,mohammad agah,11.0
115204.0,18869555.0,Rony,11.0
115203.0,15388426.0,Harsh Walia,11.0
115202.0,21113859.0,Moussa SIDIBÉ,11.0
115179.0,12919447.0,LC12,11.0
115155.0,21106892.0,Data_Driven,11.0
128364.0,23500310.0,Alexander Jaenisch,11.0
128482.0,23534812.0,user128482,11.0
128481.0,22638705.0,abhishek bhatt,11.0
128478.0,23534396.0,Alois,11.0
128465.0,23531108.0,John M,11.0
127910.0,14231956.0,tarana,11.0
128451.0,23526995.0,ds92,11.0
163006.0,29733952.0,Sagnik Taraphdar,11.0
135283.0,25183105.0,Alverciito,11.0
140993.0,8711329.0,z59,11.0
76952.0,13700115.0,Joschua Xner,11.0
115141.0,19236030.0,Anders Haarberg Eriksen,11.0
136790.0,2854419.0,Andreas Wolters,11.0
125521.0,17744513.0,Dablup,11.0
151254.0,19672168.0,rvdinter,11.0
151226.0,28454294.0,Amisha Dhimal,11.0
128230.0,21851781.0,Ammar,11.0
131709.0,15976931.0,Sushil Khadka,11.0
115235.0,18049980.0,Antonio Pano,11.0
110287.0,16475447.0,Amogh,11.0
88702.0,14299805.0,SirDawar,11.0
115205.0,14099474.0,Guo Ray,11.0
105847.0,11044865.0,Reno Clarkson,11.0
115128.0,17029338.0,doguaraci,11.0
113734.0,18196466.0,simonegiancola09,11.0
125974.0,22918563.0,David Quiroga,11.0
112150.0,20699057.0,Andres Pareja,11.0
93653.0,3889211.0,user3219871,11.0
67278.0,14667698.0,rgowtham,11.0
167650.0,29594451.0,Jeszenői Bálint,11.0
167599.0,34968070.0,Abdul Rafay,11.0
118231.0,15068784.0,Jonathan Cauchi,11.0
128561.0,11620652.0,trashparticle,11.0
136757.0,871498.0,Maria Gold,11.0
136747.0,25517792.0,Iffu,11.0
136684.0,18561744.0,Konstantina Mil,11.0
127536.0,13557723.0,Yinhao,11.0
113951.0,1567190.0,ffxx68,11.0
128538.0,18084638.0,geekPinkFlower,11.0
128531.0,3700552.0,gbarel,11.0
128666.0,23591558.0,knowads,11.0
128659.0,23585795.0,laguna,11.0
128651.0,23585901.0,Lilit,11.0
128637.0,23582071.0,Jenny,11.0
128569.0,23522407.0,ayesha,11.0
118243.0,21704280.0,Anil Sharma,11.0
190124.0,16504031.0,Martin Jimenez,11.0
136559.0,21433591.0,xniwniw,11.0
101384.0,13068150.0,nour,11.0
138981.0,23473760.0,Shrijan Neupane,11.0
162399.0,31709648.0,DO IT DIFFERENT,11.0
137196.0,6279503.0,sdocio,11.0
149370.0,4889043.0,Alan Apter,11.0
118198.0,21695139.0,JMahmood,11.0
118201.0,21695884.0,Ivo van Zitteren,11.0
103232.0,10875616.0,Apocalyptic Warrior ,11.0
167485.0,34924213.0,Guna challa,11.0
167205.0,6896135.0,kbk,11.0
151763.0,27682017.0,Apoorva Srinivasa,11.0
151659.0,28993276.0,firstname,11.0
136533.0,6572165.0,Kaushal,11.0
136503.0,25455964.0,seal,11.0
136499.0,15026896.0,Frederik Faarup,11.0
136882.0,25544118.0,Olha,11.0
146309.0,27865095.0,user146309,11.0
139490.0,12690638.0,E.Brum,11.0
128546.0,23146206.0,fdrobiazg,11.0
143985.0,27278235.0,ChickenJoe,11.0
143983.0,26179536.0,Hamdi Barkous,11.0
151875.0,29040011.0,Dee Coder,11.0
151854.0,29036653.0,Manuel,11.0
112669.0,20294921.0,Fusdev,11.0
136441.0,25448642.0,outlying_data,11.0
136380.0,2813170.0,SimpleJack,11.0
136898.0,18596094.0,Liam,11.0
124978.0,22679639.0,Inuraghe,11.0
151803.0,29025182.0,MLENGG,11.0
118232.0,10384471.0,Buskruid,11.0
118220.0,21700369.0,ntnn,11.0
117696.0,9615107.0,Alex RD,11.0
136311.0,17738951.0,Oskar,11.0
124896.0,8367458.0,Jack Ding,11.0
151969.0,5881298.0,olives,11.0
151885.0,29041362.0,Aparna,11.0
167029.0,34685800.0,user167029,11.0
128733.0,16394799.0,Oli Dewes,11.0
128707.0,13867680.0,Alex Breeze,11.0
128764.0,23618421.0,Dev13,11.0
127249.0,15183011.0,A. Cimet,11.0
128759.0,20929974.0,ItDepends,11.0
104090.0,19104831.0,Michael Mech,11.0
128751.0,23612889.0,xflashx,11.0
119089.0,9929422.0,Jonathan Melhuish,11.0
119086.0,21899883.0,user119086,11.0
136293.0,25414353.0,Razvan Lazu,11.0
136258.0,25406499.0,Juliet Soujbel,11.0
136230.0,12422628.0,BlueSea,11.0
136966.0,14472438.0,Jake,11.0
136370.0,25432070.0,NBK,11.0
118147.0,17618396.0,Engineering12,11.0
118142.0,11341423.0,ahk3,11.0
117345.0,17360178.0,D_H,11.0
152266.0,29124065.0,pathtoagi,11.0
115451.0,21157936.0,Redrock,11.0
115349.0,15876318.0,tildawn,11.0
136214.0,2296245.0,freeflight,11.0
136202.0,17408845.0,Apollonia Vitelli,11.0
151641.0,20063748.0,Feynman,11.0
152028.0,29070109.0,randomvariable,11.0
128777.0,23621020.0,Toastmaster6,11.0
128772.0,14860798.0,Alvin masievi,11.0
153020.0,18026268.0,Nept0,11.0
124813.0,18029350.0,zoraiz ali,11.0
136147.0,25379826.0,Jin,11.0
136127.0,20146021.0,DeGr,11.0
137090.0,25589290.0,Kezia,11.0
124847.0,22646709.0,Amateur Coding Bird,11.0
145950.0,9801683.0,Marco Antonio,11.0
60177.0,8445513.0,Rohith  Rangaraju,11.0
153681.0,25344345.0,Brandon Allen,11.0
118153.0,10896972.0,Joquim,11.0
128791.0,21428031.0,Kate P,11.0
143798.0,27228665.0,Muppi,11.0
128807.0,6165804.0,Alec Petridis,11.0
128805.0,18087140.0,Libby,11.0
118164.0,10864550.0,AK10,11.0
166855.0,21865671.0,Uwe,11.0
166798.0,13454687.0,Hari,11.0
166749.0,18339039.0,Chris,11.0
12209.0,6367821.0,GM1313,11.0
136076.0,23337016.0,Crist2002,11.0
153601.0,1205314.0,Oleg,11.0
123273.0,11178953.0,Paul Goyes,11.0
116818.0,21432308.0,Dr. Who,11.0
153295.0,15390521.0,Arun kumar,11.0
143697.0,15251051.0,s6292_1997,11.0
119117.0,21906282.0,sesli,11.0
166033.0,34273330.0,Simon,11.0
135980.0,23407482.0,Rancho Xia,11.0
143432.0,27115302.0,Tanzir Pial,11.0
137399.0,11935875.0,Zain ul Arfeen,11.0
135536.0,15951084.0,asonagra,11.0
153931.0,29291095.0,sara sara,11.0
123760.0,10618540.0,Dima,11.0
21316.0,8792448.0,Coolfrog,11.0
153767.0,29246993.0,Martin Gerry,11.0
153623.0,20409467.0,MrHunda,11.0
118095.0,18851210.0,redfish993,11.0
53436.0,4667380.0,BlackCode,11.0
129985.0,23664646.0,vvalentina96,11.0
143643.0,21492997.0,Liam Boyd,11.0
128929.0,5278824.0,Christian Adam,11.0
129945.0,12352693.0,Hich,11.0
165749.0,9318887.0,redbull_nowings,11.0
115548.0,21172330.0,user115548,11.0
132946.0,2770118.0,Husam Khiry,11.0
135941.0,7984911.0,jarvis,11.0
135930.0,25328801.0,Pavlo,11.0
178845.0,10956191.0,Keith Rogers,11.0
117663.0,21593535.0,CursedHotdog,11.0
180051.0,33424489.0,Awwab Azam,11.0
166278.0,23896087.0,occamis,11.0
165151.0,13691156.0,Mathlomaniac,11.0
180978.0,41609968.0,Sylvio,11.0
133639.0,24611843.0,Alex Frost,11.0
131138.0,11690970.0,Felidsche,11.0
136039.0,15867111.0,Josh,11.0
135913.0,25325079.0,George Nicholson,11.0
135901.0,25322607.0,Peter,11.0
135869.0,25315335.0,amks1212,11.0
137298.0,25633785.0,C Dixon,11.0
136152.0,11534186.0,Austin Prater,11.0
145180.0,27608718.0,John,11.0
134819.0,21105802.0,Eléa Petton,11.0
165825.0,34178575.0,Abhishek Navle,11.0
165067.0,31942086.0,PiVoyager,11.0
137451.0,25658185.0,iulianpn,11.0
137430.0,4895136.0,Visarad Kumar,11.0
137284.0,25631350.0,Vee,11.0
137264.0,10844260.0,Chintan Mehta,11.0
115620.0,4519995.0,quarkz,11.0
135810.0,18755081.0,harryjulian,11.0
122568.0,18653185.0,jpokemon,11.0
130029.0,22735968.0,ilovespotify,11.0
130025.0,21736160.0,loosi95,11.0
130014.0,23682049.0,the_underfitter,11.0
118073.0,17823446.0,Niels Abildskov,11.0
118052.0,21669197.0,Angel Nieto,11.0
119220.0,18736883.0,Zhou Wang,11.0
164793.0,33378639.0,bobrya_ziben,11.0
118048.0,21667506.0,todapod264,11.0
118045.0,19886479.0,Bar Benezri,11.0
118043.0,19955677.0,Sai,11.0
118033.0,21664547.0,Sai Karthikeya,11.0
130133.0,20796159.0,Matthew ,11.0
119119.0,16389589.0,Hamid G,11.0
135769.0,24756754.0,ahman,11.0
134432.0,24895085.0,Mohamed Abdelaziz,11.0
165112.0,32432045.0,Romina Silvera,11.0
130107.0,6983174.0,Alireza,11.0
143541.0,15706441.0,StephM,11.0
143449.0,25539238.0,Muhammad Wasil Shahzad,11.0
164040.0,14140479.0,jm.willy,11.0
164709.0,22214980.0,Camillionnaire,11.0
134837.0,9513676.0,aarunbhardwaj,11.0
134933.0,24184361.0,NewsGuy,11.0
115721.0,15897546.0,Jaykay,11.0
108560.0,19261398.0,Kaius De Paula Correa,11.0
154259.0,29373330.0,Ali Subhan,11.0
154253.0,29372535.0,Marco Ballerini,11.0
123484.0,22563554.0,maxime langevin,11.0
119321.0,4870941.0,TommyLeeJones,11.0
164995.0,33556619.0,gary-busey,11.0
164855.0,7766455.0,Abiologist,11.0
154350.0,29397231.0,jack,11.0
135130.0,21557557.0,CyberBully2003,11.0
135657.0,23868408.0,Dat Le,11.0
135596.0,25258961.0,hahaha,11.0
135582.0,13925206.0,Soheil,11.0
135577.0,9261434.0,Robert Chasnouski,11.0
154313.0,29387836.0,Nekon,11.0
137889.0,25763184.0,MI_chromeBuster,11.0
96600.0,4907541.0,sorooshi,11.0
130111.0,23708984.0,dodo postman,11.0
117988.0,12878700.0,olympiader,11.0
117980.0,20368648.0,stateNeth,11.0
111325.0,10796323.0,DataScienceRick,11.0
117975.0,21653054.0,Khurram Sarfraz Abbasi,11.0
117972.0,21652494.0,Max van der Werf,11.0
143450.0,19099260.0,Julien PETOT,11.0
130177.0,7096806.0,Aryo Wibowo,11.0
164386.0,29415443.0,Charansaiponnada,11.0
119363.0,21370356.0,Joni Joni -al,11.0
118210.0,15376758.0,Zee Jan,11.0
113158.0,7382492.0,Amie,11.0
135524.0,20518385.0,Abdul Munim,11.0
134817.0,24663604.0,Fancq,11.0
154635.0,29474883.0,Ramoss,11.0
154554.0,29282550.0,Hok Yan Pun,11.0
154517.0,14401188.0,Shihao ZENG,11.0
118704.0,11410063.0,alyncibi,11.0
118842.0,10678749.0,Giuseppe,11.0
154711.0,29499538.0,Jerome X.,11.0
67161.0,13584653.0,Sujitha Chinnu,11.0
135488.0,25232955.0,Jasmine,11.0
135457.0,25225287.0,in_cognito,11.0
135456.0,12553282.0,Dan Jírovec,11.0
135425.0,3332662.0,Nitin,11.0
137634.0,25067400.0,Karpi,11.0
135420.0,7976866.0,Sebatian rojas cortez,11.0
118728.0,6357769.0,Pragya Choudhary,11.0
130280.0,1822168.0,aloskam,11.0
130276.0,22674317.0,ROO,11.0
130239.0,23685918.0,Shubham Singh,11.0
130238.0,19220517.0,Denisse,11.0
130236.0,7122217.0,R.DM,11.0
143360.0,19230046.0,rahuladwani,11.0
130319.0,17439777.0,nve,11.0
163885.0,11032052.0,William Markley,11.0
133934.0,12718561.0,Andy the fool,11.0
145923.0,5995093.0,Paul,11.0
154909.0,29556158.0,Alec van der Linden,11.0
154905.0,18744697.0,Abdi,11.0
135379.0,15529107.0,arturo salmi,11.0
115767.0,4536101.0,Donald Lockwood,11.0
115763.0,21210186.0,dat boi,11.0
115765.0,21210464.0,BMK,11.0
154787.0,19080221.0,the big,11.0
110348.0,20452959.0,Mehrnoush Karimi,11.0
153615.0,8218517.0,Shivam Anand,11.0
134739.0,23025151.0,8Simon8,11.0
134821.0,24685115.0,fabio,11.0
135290.0,15231580.0,Don_twice,11.0
135280.0,1377898.0,Recalcitrant Caprine,11.0
122855.0,22434735.0,rain keyu,11.0
164032.0,32974929.0,NancyChez,11.0
163938.0,12835172.0,Papemax89,11.0
135235.0,5739136.0,Bao Le,11.0
108623.0,18338871.0,SetHours_30,11.0
155105.0,29614033.0,user155105,11.0
155028.0,3318989.0,uuR,11.0
119120.0,18734397.0,João Schapke,11.0
113226.0,3549612.0,aflip,11.0
110351.0,12844378.0,andow,11.0
163699.0,23232176.0,Firas,11.0
163648.0,32813884.0,lolo,11.0
117944.0,9449626.0,Sohaib Bin Altaf,11.0
117925.0,21642341.0,Abubakhu Candanakar,11.0
117916.0,11150129.0,A.TJE,11.0
133732.0,16199844.0,DerivativesTamer,11.0
130388.0,482471.0,metaclypse,11.0
143064.0,27005011.0,user143064,11.0
130387.0,16080980.0,StaLLoNe_CoBRa,11.0
139370.0,21661870.0,Tiffany L,11.0
120187.0,8867667.0,Bryan Cheong,11.0
115807.0,21211019.0,Ruben Kl,11.0
62837.0,11486665.0,user8419142,11.0
155175.0,29634240.0,auditorchick,11.0
135261.0,23009551.0,datanovice,11.0
135248.0,25172481.0,user135248,11.0
117902.0,16445199.0,Roi,11.0
130469.0,23528390.0,khushbul alam,11.0
155576.0,14136885.0,DannyV,11.0
73583.0,14966683.0,Namburi Srinath,11.0
155540.0,27664653.0,Praveent Thamil Mani,11.0
155475.0,29589203.0,TheJammyHamster,11.0
137923.0,25771032.0,jewloa,11.0
135105.0,25122975.0,Reynard Jusuf,11.0
135070.0,25113706.0,Usama,11.0
135967.0,3861389.0,Riva11,11.0
155469.0,20824085.0,user174967,11.0
164984.0,12945211.0,MoeCaruso,11.0
163462.0,23219768.0,Juan Cruz Alric Cortabarria,11.0
142908.0,24440025.0,ccccc,11.0
100633.0,5186870.0,AZ123,11.0
128517.0,19452255.0,tony_dubitsky,11.0
115919.0,21227909.0,user115919,11.0
120016.0,17787531.0,Minh-Thap Nguyen,11.0
120000.0,6457636.0,Main,11.0
155333.0,19709392.0,Mr Kartofel,11.0
155591.0,10386844.0,okm02,11.0
130493.0,15277482.0,Mylisteofanime nexv,11.0
117908.0,20325402.0,JohnDoe,11.0
117910.0,21640266.0,Cesare,11.0
163246.0,32590328.0,user163246,11.0
119607.0,21926652.0,Aleysia,11.0
120479.0,17176282.0,PureEncoding,11.0
155707.0,15355143.0,Jeremy Cuberian,11.0
112527.0,16593975.0,ARandomName,11.0
163349.0,8120567.0,Bex,11.0
163320.0,32656162.0,user163320,11.0
119517.0,21983825.0,KMLearner,11.0
155842.0,15389195.0,Gamma-ray-burst,11.0
155792.0,9593955.0,Abraham Lincoln,11.0
131969.0,23046078.0,Martin,11.0
134944.0,25065689.0,user134944,11.0
113389.0,19298320.0,Michio Kaku,11.0
134907.0,3909392.0,user3235169,11.0
134894.0,3170964.0,Armin Mir,11.0
130594.0,23826516.0,nimo96,11.0
117885.0,20619809.0,Abdelmalek Mallek,11.0
117877.0,21633589.0,Jiyoo Jeong,11.0
142832.0,26850116.0,asaddummie,11.0
142593.0,9858099.0,heradsinn,11.0
126205.0,22888033.0,gotenks,11.0
131170.0,23971609.0,dzheng1887,11.0
155979.0,29845372.0,Alejandro Graciano,11.0
121106.0,14815020.0,Miku,11.0
134889.0,25042559.0,learningowl,11.0
138206.0,8189218.0,boxerman81,11.0
134006.0,9691761.0,Simon van Eeden,11.0
134815.0,21164696.0,Tarun Sharma,11.0
134799.0,17714702.0,vishal singh,11.0
122671.0,5370242.0,stolikp,11.0
150172.0,13834821.0,medislamm123,11.0
117815.0,20038659.0,contentortilla,11.0
142714.0,26683538.0,Oculu ,11.0
130687.0,16866795.0,no1special,11.0
119565.0,8087400.0,TheAnonym,11.0
134798.0,25007535.0,Sam Crochet,11.0
116029.0,21245710.0,user116029,11.0
116022.0,2538944.0,J Alex,11.0
116023.0,21223774.0,moooo112,11.0
133386.0,24531338.0,JDornheim,11.0
149297.0,28413210.0,user149297,11.0
163156.0,14413035.0,Suman Debnath,11.0
119329.0,20410859.0,user,11.0
142604.0,5380164.0,SpaceManSpiff,11.0
162906.0,4886011.0,Chad Sexington,11.0
137085.0,7828283.0,topcat,11.0
181355.0,28276412.0,Raj,11.0
134789.0,1167745.0,ptshrdn,11.0
134410.0,13248426.0,Hamzalihi,11.0
138251.0,25836547.0,Erik Vabø Vatsvåg,11.0
138312.0,23115551.0,Pacifa,11.0
159808.0,19717308.0,Ivan Stepanov,11.0
138113.0,6392431.0,byiringiro billy,11.0
130755.0,23873460.0,what-a-snarky-puppy,11.0
113688.0,14775555.0,computational_scientist,11.0
116997.0,21466451.0,user116997,11.0
117844.0,21627773.0,Hanson,11.0
117823.0,19383637.0,HoonP,11.0
162761.0,5010211.0,Pratham,11.0
134539.0,11706934.0,DetBet,11.0
134669.0,22993282.0,Tejax,11.0
116126.0,21269499.0,Ax11,11.0
116118.0,9281338.0,Alex K,11.0
115284.0,19657778.0,kartikeya saraswat,11.0
117797.0,13613012.0,Alan,11.0
95783.0,16889646.0,sajankar9,11.0
130835.0,18546323.0,alan watt,11.0
163079.0,31748153.0,Malmo,11.0
163037.0,25278055.0,doqukan,11.0
123371.0,22536592.0,Felix Hegg,11.0
156208.0,22638764.0,jmpion,11.0
156146.0,4923612.0,kot,11.0
156139.0,23491042.0,Maciej778,11.0
134638.0,24948694.0,MattiaMartinelli,11.0
134581.0,11989900.0,bolli,11.0
134569.0,23590702.0,Salman Al-haddad,11.0
134562.0,18468688.0,Vishnu dut,11.0
162902.0,26485062.0,Daniel Ávila Vera,11.0
135257.0,25174526.0,user135257,11.0
117785.0,19286807.0,Abdussamad Syed,11.0
117779.0,18625181.0,Ashikul Islam,11.0
117778.0,21615775.0,Alex,11.0
130875.0,21887821.0,ai-mcv,11.0
167047.0,34694562.0,Minhaj Fahim,11.0
162857.0,32182138.0,user162857,11.0
130985.0,23930207.0,Tessa,11.0
116171.0,8708624.0,giz,11.0
134530.0,24747225.0,ShaoMin Liu,11.0
85797.0,5267955.0,Neo,11.0
155598.0,29733666.0,Jacqueline Smith,11.0
117686.0,17933696.0,atlas,11.0
126665.0,22840759.0,Nat,11.0
130942.0,15069652.0,D.Gaulin,11.0
161639.0,26700946.0,shoab ahamed,11.0
162736.0,32085313.0,theunknown,11.0
164037.0,14817812.0,Luan Souza,11.0
156306.0,21730747.0,Ripleys,11.0
156274.0,26185850.0,Monisha Sivanathan,11.0
134521.0,19580211.0,aram,11.0
134497.0,23784776.0,ml_noob,11.0
119637.0,22011421.0,Abhishek Chakravorty,11.0
162663.0,32029509.0,brahim benelghali,11.0
151856.0,6503596.0,Ilario Gelmetti,11.0
162597.0,31982566.0,Johnathon Smith,11.0
140607.0,21636340.0,priyanka,11.0
117637.0,21337536.0,Scott,11.0
117618.0,3743124.0,Sriram,11.0
117547.0,21569329.0,guest,11.0
131006.0,18018442.0,WodkaWhatElse,11.0
117682.0,7636895.0,smsubham,11.0
117674.0,20106249.0,salix_august,11.0
117650.0,16100480.0,RazzFazz,11.0
138022.0,25797998.0,maminu0 ,11.0
156389.0,1553902.0,Sijran,11.0
134436.0,17604750.0,Atul Mishra,11.0
134484.0,17370190.0,oolveea,11.0
134483.0,4885254.0,Mahdi,11.0
134482.0,24905905.0,Ben Friedlander,11.0
134474.0,7403936.0,User771,11.0
134421.0,24892410.0,Rjones,11.0
66130.0,12856226.0,Mike Lang,11.0
122551.0,22372838.0,Nicholas Martin,11.0
145286.0,26750964.0,mnobrecastro,11.0
162540.0,25444978.0,tandeg,11.0
117170.0,21499598.0,mxmrpm,11.0
117527.0,21565097.0,Emilie,11.0
162477.0,29876433.0,Steve,11.0
162473.0,28966798.0,ENAT,11.0
162462.0,31798723.0,Dolphin Army,11.0
134402.0,18971160.0,Alpha code ,11.0
116331.0,21324433.0,SaraH,11.0
116294.0,21316924.0,Tessa,11.0
122494.0,15637829.0,Fmkit,11.0
156479.0,27827683.0,MergeMonster,11.0
130969.0,23928612.0,nrd,11.0
117687.0,21598679.0,Cai,11.0
131080.0,23950985.0,Bill,11.0
130417.0,17365180.0,Pedro Brandão,11.0
142080.0,25578305.0,user142080,11.0
142156.0,25549150.0,mynameiswadey,11.0
125416.0,22739692.0,canovich,11.0
145783.0,11258961.0,Amirtha Varshini A S,11.0
113171.0,20931572.0,entropy,11.0
134386.0,24579357.0,Luigi Montaleone,11.0
134387.0,21305841.0,vernal123,11.0
131127.0,14161435.0,Aarush Aggarwal,11.0
119096.0,14704852.0,Alexandru Rusu,11.0
138639.0,2085051.0,user81371,11.0
134338.0,24867877.0,NitrAl,11.0
134336.0,10656165.0,Potato,11.0
134324.0,24864494.0,K--,11.0
134306.0,11578928.0,Ghost,11.0
100110.0,17290766.0,lahiru lowe,11.0
162546.0,17102321.0,Snape,11.0
138405.0,14299270.0,Vijay Shankar,11.0
168469.0,29388084.0,b0uali,11.0
116361.0,18402722.0,Tarik Pašić,11.0
116360.0,21332276.0,Mor,11.0
116357.0,21331397.0,user116357,11.0
116343.0,21150197.0,arc31,11.0
134280.0,18129408.0,Dr1m,11.0
156546.0,26364226.0,Divya Patel,11.0
150131.0,24372087.0,Elixir,11.0
121083.0,22282521.0,Pantelis Kyriakidis,11.0
162458.0,31795514.0,Chris,11.0
162438.0,31760165.0,Ria,11.0
141904.0,1295790.0,mgorniew,11.0
134279.0,5672673.0,Max Månsson,11.0
108771.0,19253490.0,redf1sh,11.0
112429.0,17814451.0,Masterloop,11.0
112428.0,14221308.0,AzizG,11.0
138740.0,25945385.0,toughkip,11.0
134272.0,24844478.0,koreanguest,11.0
132452.0,24273481.0,Văn Hiếu Lê,11.0
134264.0,22727091.0,Steena,11.0
141901.0,18028832.0,No_Name,11.0
141872.0,22537083.0,Muhammad Minhas,11.0
131331.0,2857792.0,Steve Petersen,11.0
131311.0,19202537.0,Mohsen Emam,11.0
162346.0,15805285.0,Panos_42,11.0
133450.0,13626697.0,Aushilfsgott,11.0
138874.0,6907513.0,Drew Heasman,11.0
136302.0,17672912.0,Jagadeesh M,11.0
156712.0,27055993.0,Kevin Vargas,11.0
156709.0,30033140.0,George hill,11.0
156657.0,13456823.0,Bloggy,11.0
156646.0,21149898.0,Tareq Ewaida,11.0
154059.0,19177081.0,lucatrovato,11.0
115023.0,12424939.0,Lili,11.0
146525.0,17037679.0,Stanislav Modrák,11.0
136362.0,25429829.0,Sebastian_P,11.0
122504.0,6495339.0,Cbraz,11.0
121241.0,21788947.0,Jujuba,11.0
156810.0,30058591.0,Joe,11.0
122419.0,20161528.0,Abanoub Ghobrial,11.0
159836.0,10996527.0,Mordechai,11.0
162350.0,31653664.0,Kehinde Olatunji,11.0
131340.0,24013793.0,amanda,11.0
117431.0,14663441.0,Vishal,11.0
117430.0,21547058.0,ming,11.0
117394.0,21541662.0,Amandeep Singh,11.0
117386.0,16739999.0,Monal Kumar,11.0
71732.0,12068960.0,Pikaschu,11.0
131379.0,18961758.0,Saif Rahman,11.0
131343.0,24014254.0,Anon,11.0
162325.0,29026498.0,May,11.0
112909.0,15738093.0,horv77,11.0
115071.0,21093464.0,Hoang Le,11.0
89580.0,14256299.0,Ashish Rai,11.0
109268.0,20174263.0,dinan,11.0
134086.0,24750597.0,Akash,11.0
83004.0,11975357.0,demoman,11.0
116390.0,13257534.0,Minos,11.0
116385.0,18893331.0,Sebastian,11.0
161078.0,30635973.0,ATJ,11.0
131469.0,23607376.0,j k,11.0
131438.0,22169819.0,NB3,11.0
156929.0,30096038.0,random human,11.0
134065.0,18216949.0,Arzental,11.0
115330.0,19979269.0,RonDespain,11.0
116451.0,14204385.0,bezunyl,11.0
134042.0,9041584.0,mehant_kr,11.0
134048.0,24747378.0,guestmember123456790,11.0
122735.0,22406937.0,sedulous,11.0
131267.0,14693167.0,sw52099,11.0
132835.0,23765261.0,edvsid,11.0
118677.0,21237021.0,Alis,11.0
141762.0,1909197.0,Lance Johnson,11.0
162174.0,16915856.0,nOhAr,11.0
162166.0,19395128.0,zqtan98,11.0
159008.0,29424967.0,Artem Tartakovskiy,11.0
125503.0,22808219.0,pwhimp,11.0
158156.0,20759960.0,albi_z8,11.0
133978.0,13005631.0,starry99,11.0
133954.0,24721822.0,kasofi9051,11.0
133931.0,11866108.0,Gerdes88,11.0
133918.0,400240.0,Fedor,11.0
158119.0,2507524.0,ngzongyi,11.0
158088.0,17564355.0,gamer bg,11.0
162282.0,20061557.0,Skymero,11.0
162274.0,31536212.0,Sara Raad,11.0
119957.0,21806471.0,Adam,11.0
158271.0,30181166.0,Eric Li,11.0
133895.0,24702608.0,pauper,11.0
109532.0,4674442.0,Cowboy_Patrick,11.0
116431.0,21187320.0,KevinX,11.0
116527.0,7819352.0,Nander Vilar Castellar,11.0
94198.0,10444970.0,John,11.0
123329.0,22527167.0,intentodemusico,11.0
141741.0,26580808.0,Yash Agarwal,11.0
156775.0,30049700.0,Tima,11.0
113087.0,19722464.0,Lucifer,11.0
119946.0,7164619.0,Gaurav Saini,11.0
116512.0,19715880.0,Noor,11.0
47643.0,8133134.0,rakeshKM,11.0
133770.0,3516903.0,pmitch,11.0
121177.0,22205921.0,scalessio,11.0
21072.0,8741104.0,yash kumar,11.0
79272.0,15937108.0,Lắc Lê,11.0
131606.0,24077118.0,Dove,11.0
131605.0,24075679.0,nb1234,11.0
131598.0,24075244.0,Julia,11.0
139084.0,26032806.0,Pranav Kairon,11.0
169183.0,35713588.0,chobotis,11.0
131199.0,23978943.0,Eamonn Keogh,11.0
161975.0,24770087.0,lopez-mgu,11.0
139296.0,23849301.0,Shamsudeen McHalwai,11.0
133743.0,24647423.0,Megan Perry,11.0
111737.0,7514817.0,beld,11.0
158482.0,30242206.0,Jake,11.0
158471.0,30237323.0,user158471,11.0
121133.0,22173205.0,stacky,11.0
121120.0,16465660.0,Karol Szustakowski,11.0
158429.0,15831988.0,Yorick Dantuma,11.0
158383.0,12995995.0,william paine,11.0
133870.0,20891807.0,benjamin_z,11.0
133860.0,19261217.0,Judith,11.0
133818.0,22879019.0,yykim,11.0
161913.0,31102065.0,user161913,11.0
161848.0,28636473.0,Baolin Yin,11.0
124870.0,21764122.0,ChefPaul92,11.0
133655.0,24617106.0,Debayan Datta,11.0
133589.0,23660092.0,madst,11.0
133570.0,17263852.0,Lior,11.0
131637.0,23674141.0,Tim,11.0
156894.0,29832865.0,Mars,11.0
156987.0,30109679.0,Yash Mali,11.0
161987.0,30951106.0,Satarnejad,11.0
170277.0,36195693.0,Eamonn,11.0
116637.0,20124864.0,Jasey Mon,11.0
116635.0,5254961.0,Ahmad Aburoman,11.0
158518.0,30254054.0,kabba62,11.0
161958.0,31151881.0,SuperciliousMe,11.0
40327.0,8979536.0,seek,11.0
131752.0,24112196.0,iamtheonewhoknocks,11.0
131749.0,24111731.0,Idan,11.0
131735.0,22471106.0,sampath kumaran,11.0
112096.0,2403783.0,Bob Hoyt,11.0
120048.0,22088658.0,JuniorPython,11.0
31462.0,5118783.0,Jakob Drachmann Havtorn,11.0
152058.0,29075825.0,Stu,11.0
139660.0,26162013.0,saranyaa suresh,11.0
139394.0,6428523.0,jjwest,11.0
131661.0,17008344.0,emma Joe,11.0
133532.0,14195257.0,J. Doe,11.0
158575.0,30268486.0,shahar,11.0
112365.0,19106441.0,Subhawna,11.0
116731.0,21417032.0,user116731,11.0
115927.0,13141479.0,user3611,11.0
101346.0,17982062.0,siya m,11.0
116641.0,17450406.0,Leonel Parrales,11.0
117180.0,18148531.0,user13201583,11.0
175683.0,28726835.0,Himanshu,11.0
158672.0,29056993.0,Swoopoo,11.0
158632.0,19500660.0,GabrielPast,11.0
133515.0,8392541.0,Aditya Jain,11.0
116785.0,14807313.0,Mayur,11.0
116755.0,18762278.0,Dario_Della,11.0
89792.0,11826606.0,Minu,11.0
131924.0,20584860.0,Matheus Schmitz,11.0
131917.0,24147666.0,Curt,11.0
131920.0,7288475.0,Demetri Smith,11.0
131845.0,7376791.0,Amirreza Abbasi,11.0
131843.0,24132213.0,Andrei,11.0
131791.0,11704177.0,Victor Guijarro,11.0
126655.0,19905143.0,cfsl,11.0
131993.0,17080791.0,stanislav-iablokov,11.0
131972.0,24159649.0,Yanek,11.0
158748.0,16767999.0,Anand Raj,11.0
116804.0,12449299.0,Артём Ощепков,11.0
116801.0,11399840.0,Parus,11.0
125334.0,17390611.0,Michel Alvarez Cancio,11.0
125429.0,20019858.0,Tomer Vagenfeld,11.0
161405.0,30746737.0,RAJESH KOYI,11.0
117241.0,13063133.0,Dylan Maguire,11.0
157040.0,30125278.0,tree,11.0
141385.0,26580765.0,misafirmisim,11.0
132054.0,24178518.0,Deep,11.0
158191.0,29407758.0,Secondary Juggernaut,11.0
158256.0,30177517.0,giza2001s,11.0
122761.0,6090978.0,Timoth Dev A,11.0
134945.0,15329515.0,bdwilson24,11.0
80465.0,12404781.0,Abhishek Singh,11.0
133380.0,18404067.0,Grigogiy Reznichenko,11.0
139938.0,26220162.0,Jay Nguyen,11.0
140018.0,26240084.0,Sunitha,11.0
158804.0,21665109.0,Complex,11.0
177130.0,39763325.0,Dan,11.0
161709.0,27980457.0,Maya,11.0
161678.0,6315068.0,julianmueller,11.0
158859.0,30336630.0,Tom,11.0
158841.0,30149893.0,Harrison,11.0
133328.0,24503084.0,suri,11.0
133306.0,23670057.0,aby,11.0
145628.0,20158985.0,ASIF,11.0
172280.0,27951651.0,kris_igor_pro,11.0
103879.0,17270517.0,Ashwath Shetty,11.0
132087.0,23788394.0,majomere,11.0
141321.0,19714909.0,Umang Garg,11.0
161581.0,30819359.0,lyel,11.0
120169.0,22021944.0,ppwc,11.0
180960.0,30553384.0,Cole Wagner,11.0
125756.0,22593002.0,nt1245,11.0
155875.0,26643748.0,Shef,11.0
140117.0,26260718.0,momo,11.0
133285.0,24502818.0,hecad57571,11.0
133290.0,24503167.0,flyingarticles,11.0
133266.0,24481342.0,Max Mikael,11.0
133245.0,17048871.0,LaLeLo,11.0
133237.0,20703993.0,Nayan Nandakumar,11.0
140183.0,6643123.0,Naureen Ghani,11.0
133223.0,5173418.0,Sue Nile,11.0
158890.0,30344196.0,user158890,11.0
120924.0,14080362.0,BMC98,11.0
120927.0,22240632.0,y-prudent,11.0
95358.0,3033147.0,lena,11.0
116858.0,20769145.0,Jiaming He,11.0
106564.0,16379799.0,Daniel Ben Zaken,11.0
116829.0,17658886.0,narender singh,11.0
133180.0,21980117.0,Shashank Singh,11.0
126760.0,23095212.0,Steven Smith,11.0
120213.0,22119581.0,Latifa Saïdi,11.0
161499.0,30789902.0,dirtynerdy,11.0
161497.0,17243070.0,user731995,11.0
161446.0,18919304.0,sheroam,11.0
161422.0,30755492.0,Tatiana Budanova,11.0
132263.0,24224840.0,Raihan,11.0
132175.0,22548331.0,nakano karim,11.0
132187.0,23259346.0,Mason,11.0
132166.0,24192989.0,Mohit Tripathi,11.0
128730.0,23608298.0,Max Walley,11.0
117138.0,21491192.0,LordNR,11.0
134969.0,23158524.0,Sherwin R,11.0
116965.0,8454378.0,Rutrasss,11.0
161306.0,17014600.0,joe_credit,11.0
133100.0,24450921.0,MLlearner15,11.0
133084.0,9006566.0,tmo,11.0
140235.0,26280266.0,User,11.0
158766.0,25195881.0,Eli Orians,11.0
116883.0,21443381.0,user116883,11.0
159011.0,30376710.0,Filippo Nunes,11.0
125890.0,12786026.0,hdubois,11.0
97891.0,18450502.0,kenneth Odumah,11.0
132342.0,5559869.0,Ryan Kung,11.0
159153.0,22275599.0,Abduhoshim,11.0
158673.0,30292062.0,Neyo Goldsmith,11.0
116867.0,21440665.0,Blackdrakon30,11.0
133131.0,24458470.0,sj2000,11.0
128874.0,23646005.0,KevG.,11.0
130117.0,17359378.0,Gaurav Kumar,11.0
108684.0,20188090.0,Akash Jain,11.0
128895.0,23649959.0,robin kuntz,11.0
152174.0,25497525.0,josh_albiez,11.0
117166.0,18463661.0,arock,11.0
116924.0,15512103.0,Jack Lin,11.0
138164.0,25696848.0,Ramin Salimi,11.0
133019.0,24429015.0,user133019,11.0
140371.0,17762281.0,bisnu sarkar,11.0
138774.0,25954782.0,b4sus,11.0
133608.0,24598847.0,Stefan Österberg,11.0
110790.0,12978200.0,chilipepper,11.0
134110.0,24350757.0,Bouabdallah khaled,11.0
111568.0,18288968.0,sarva,11.0
145386.0,27154785.0,thingy,11.0
161247.0,11962322.0,Md Rakib,11.0
120347.0,22144698.0,Bochra BEN JABALLAH,11.0
132383.0,23922767.0,Nisa,11.0
161162.0,24339103.0,yuga555,11.0
126518.0,23040619.0,jonGuti,11.0
141991.0,15762165.0,Emilio Martin,11.0
126614.0,19100900.0,Newcomer,11.0
34233.0,11261816.0,Patrick Akondo,11.0
145528.0,27688956.0,David J. Cox,11.0
126841.0,13123307.0,Sai Achyuth,11.0
159399.0,27897237.0,Raj,11.0
116953.0,21457293.0,Lunariz,11.0
158595.0,28351716.0,Edoardo Taccaliti,11.0
158567.0,30267272.0,Melissa Proietti,11.0
132547.0,19534768.0,its-ogawa,11.0
161116.0,30645824.0,user23493275,11.0
132124.0,22691635.0,nikviz,11.0
117086.0,19458135.0,b6a894bh744aha8,11.0
161046.0,29130822.0,Razark,11.0
159482.0,30449895.0,Jessica Wade,11.0
133008.0,20967668.0,alexand88r,11.0
132960.0,24411434.0,Jeremy,11.0
132927.0,11362292.0,Jason Wong,11.0
159467.0,28770599.0,Israt Afrin,11.0
141026.0,20783638.0,pubb,11.0
132429.0,24266221.0,Andrea,11.0
161188.0,7067108.0,Marco DC,11.0
140571.0,26174730.0,user19859090,11.0
120675.0,22200092.0,Jost A.,11.0
159547.0,30469398.0,Orange248,11.0
155381.0,20688882.0,H N,11.0
127847.0,23366513.0,Polynomial,11.0
121100.0,18816287.0,Zakariya ANAYNE,11.0
127968.0,4011573.0,user3304787,11.0
83882.0,4730543.0,Saul Aryeh Kohn,11.0
155332.0,29675362.0,lemintare,11.0
132588.0,24302021.0,lukas935,11.0
132580.0,13703935.0,Smitha,11.0
132556.0,20704517.0,SrtoPeixet,11.0
117005.0,21468645.0,JoongKi,11.0
117000.0,16624408.0,safa,11.0
116991.0,14603411.0,Gustaw Ohler,11.0
158537.0,16238549.0,helton_arruda,11.0
158525.0,30256256.0,Clement,11.0
116969.0,21451053.0,Zander,11.0
87663.0,2118607.0,Leonardo Auslender,11.0
110058.0,20407495.0,Rita,11.0
126581.0,13264531.0,Aziz ullah,11.0
159588.0,30298823.0,DM_FCP,11.0
139300.0,24519062.0,j123,11.0
132861.0,24380255.0,asdlevel1guy,11.0
132859.0,4297292.0,Gabriel Ballesteros,11.0
132855.0,24378699.0,Nick,11.0
117017.0,11500836.0,Soumyajit Sarkar,11.0
117015.0,21471310.0,Moneeba Anwar,11.0
132767.0,23226289.0,gato,11.0
132711.0,24340268.0,basiliskcompliantentity,11.0
132735.0,14514595.0,Jacobo O,11.0
132710.0,24337636.0,nuht,11.0
132686.0,23611383.0,brownie,11.0
25107.0,7000763.0,Prateek Coder,11.0
159761.0,30532356.0,Fabi,11.0
159743.0,19530451.0,gengar123,11.0
159570.0,27407774.0,pycoder,11.0
159535.0,30465497.0,phil27,11.0
159694.0,30505120.0,Johannes,11.0
145269.0,5250658.0,Mohammad Mosiur,11.0
159679.0,20272825.0,Eduardo Dimas,11.0
132766.0,21067190.0,honolulu,11.0
194300.0,23823308.0,dani,11.0
187459.0,33006103.0,leakie,11.0
140652.0,26395665.0,Glenn Wright,11.0
78498.0,10892611.0,python_beginner,11.0
132648.0,24322940.0,achellon,11.0
110400.0,20453760.0,Gabriel Blanco,11.0
130295.0,2343760.0,que,11.0
127991.0,23144134.0,Jacky Wong,11.0
128102.0,11706755.0,Usman,11.0
140971.0,6942163.0,morteza,11.0
122888.0,4304337.0,user3517167,11.0
127174.0,18076921.0,Yeshan Santhush,11.0
117061.0,21477633.0,ShengLi,11.0
116952.0,21457760.0,shar6580,11.0
117016.0,8389393.0,Rex,11.0
108197.0,15705680.0,Kavee,11.0
165619.0,22586248.0,Strandtomt,11.0
115886.0,12048525.0,Trixiew,11.0
115978.0,10097582.0,Bur Nor,11.0
20993.0,5981198.0,Jonesn11,11.0
150915.0,28832900.0,Sita,11.0
110984.0,11078176.0,Bruno Salles,11.0
108378.0,16167179.0,pochi,11.0
175480.0,29403952.0,Victorsmoreschi,11.0
144108.0,24580880.0,David Korčák,11.0
111074.0,4499078.0,janjilecek,11.0
109261.0,11400545.0,n.mathfreak,11.0
121151.0,21026294.0,Alessio Martone,11.0
194854.0,47116466.0,user194854,11.0
101043.0,15217174.0,Davis Anunda,11.0
108406.0,5516539.0,eran,11.0
121066.0,41224.0,keithl8041,13.0
117021.0,8289461.0,whim,13.0
151007.0,24768246.0,Loius Leong,13.0
121274.0,22321053.0,Vincenzo,13.0
137444.0,25656370.0,jayjang,13.0
137382.0,25413098.0,fishfinder,13.0
144221.0,18462867.0,Mystheman,13.0
144190.0,27331901.0,Joh,13.0
161189.0,15539373.0,Labyrinthian,13.0
113520.0,20990760.0,user113520,13.0
117152.0,12507290.0,Somphon Rueangari,13.0
150874.0,21578994.0,soup,13.0
144504.0,19351001.0,k-sky,13.0
132276.0,23666749.0,Learning_and_xbox,13.0
133351.0,22015069.0,Brandt Hedgpeth,13.0
144628.0,26350190.0,Andrew Davis,13.0
137317.0,25586000.0,Jonathan,13.0
138546.0,14817120.0,Георгий Тимофеевский,13.0
133375.0,24528120.0,Natili,13.0
141608.0,26527363.0,phantrang,13.0
142568.0,26293500.0,SuperFluo,13.0
150709.0,1636731.0,user1510024,13.0
113928.0,16431477.0,HelioTC,13.0
158763.0,22776702.0,KEIFTH YANG,13.0
158727.0,22850181.0,Harshvardhan Uppaluru,13.0
158898.0,30346737.0,Hanh,13.0
127566.0,18397796.0,conradoov,13.0
122970.0,15429326.0,Future,13.0
133483.0,16737586.0,shadowrain,13.0
111512.0,20195337.0,sidhom slim,13.0
111751.0,20691866.0,limitless,13.0
113846.0,9949991.0,anon,13.0
140746.0,25735512.0,str31,13.0
108657.0,13625458.0,Bartosz Gardziński,13.0
158380.0,30213777.0,Eugene,13.0
133809.0,24676722.0,DocOrox,13.0
120446.0,22157935.0,david,13.0
158280.0,29343448.0,Viades,13.0
116594.0,12098931.0,J. Doe,13.0
116582.0,21391581.0,chuchvara,13.0
111010.0,17590131.0,mechanics_physics,13.0
134025.0,13610228.0,zstr,13.0
150250.0,28002530.0,Emil Edvardsson,13.0
145516.0,27679667.0,Tailor Johnson,13.0
131484.0,3822167.0,Jordan,13.0
131422.0,23413208.0,Aditya Singh Rathore,13.0
116522.0,16624344.0,Capt_Bender,13.0
130981.0,17647593.0,vanilla-objective,13.0
145086.0,21902919.0,try_hard,13.0
139820.0,20940247.0,boi-doingthings,13.0
156856.0,7790711.0,Krystal Fox,13.0
141942.0,26040534.0,Sam,13.0
132337.0,22188711.0,Garreth Lee,13.0
117420.0,20964405.0,Malemna,13.0
156765.0,20089398.0,kyara,13.0
131268.0,21454558.0,Dinesh,13.0
119104.0,17045642.0,Neha gupta,13.0
120202.0,13503359.0,Taksh,13.0
150611.0,8583919.0,Aamod Thakur,13.0
134309.0,24860503.0,StraightAddition1547,13.0
162437.0,24605125.0,pinkkdeerr,13.0
144587.0,9650005.0,Tobitobitobi,13.0
116942.0,20896392.0,user9487,13.0
112137.0,9912703.0,StarGit,13.0
108633.0,18565281.0,mohammed bilal,13.0
156612.0,18166306.0,Ben Andrews,13.0
101518.0,15578497.0,Nisha,13.0
103452.0,19164247.0,Tobias K,13.0
110893.0,20550554.0,RaKi,13.0
132821.0,14250630.0,Neri-kun,13.0
141739.0,5690349.0,Kholo Nuwagaba Collins,13.0
116322.0,5423015.0,Solo Molo,13.0
116283.0,3759837.0,CaptChilko,13.0
96467.0,10822021.0,aftowmar,13.0
125158.0,22716629.0,temporario1001,13.0
120121.0,22022372.0,Sahand Zoufan,13.0
134010.0,14750872.0,Jamess11,13.0
150412.0,24573489.0,camdenmcgath,13.0
150337.0,302985.0,Oleg Bovykin,13.0
122578.0,7218798.0,Cosq,13.0
144893.0,16756412.0,VK88,13.0
133108.0,21559818.0,TheyTakingTheHobbitsToIsengard,13.0
130983.0,18489104.0,Kapil Agarwal,13.0
130979.0,23929677.0,DSnoob,13.0
117220.0,13313885.0,Prasad Patil,13.0
156451.0,29961887.0,FoolsGold1997,13.0
156429.0,26218948.0,user123456789,13.0
117251.0,9332739.0,abhishek_7081,13.0
141421.0,23300101.0,edak,13.0
117178.0,21497361.0,tensirflow,13.0
138319.0,18460925.0,timetraveller007,13.0
116137.0,13342400.0,Hello-experts,13.0
111100.0,20575176.0,Толя Поднебесный,13.0
156169.0,15585119.0,GerardL,13.0
122561.0,9113235.0,Mohamed EL.Abdou,13.0
125523.0,22813823.0,iScream,13.0
140787.0,22191113.0,TessaIncognita,13.0
141317.0,22789229.0,AlgoManiac,13.0
125391.0,22781629.0,NoobHere,13.0
127809.0,8796361.0,Arda Tümay,13.0
111411.0,11998272.0,JoyBhalla,13.0
63505.0,12960766.0,plastico,13.0
107208.0,14430971.0,Cruceru Vlad,13.0
133482.0,12190784.0,Aliya Leigh,13.0
130902.0,23914272.0,insomniac,13.0
141219.0,24603730.0,Kev_Dev1,13.0
117806.0,6446678.0,mdanish98,13.0
115316.0,18356902.0,Yanwei Liu,13.0
112461.0,876283.0,Senthil,13.0
141028.0,26496034.0,Carine,13.0
141145.0,17749991.0,Oweys,13.0
116042.0,21250572.0,Livingsten,13.0
111107.0,13180523.0,Jonathan Ng,13.0
140862.0,26454569.0,Toshi Mint,13.0
154334.0,22480331.0,Nikita Artemenko,13.0
122980.0,19981521.0,pybugHTL,13.0
116510.0,17835436.0,djbacs,13.0
125742.0,22861043.0,Jay,13.0
131147.0,8018976.0,Román,13.0
141811.0,21020733.0,Waschbrettwade,13.0
130610.0,23830963.0,user113243,13.0
130607.0,17600623.0,mikemykhaylov,13.0
159865.0,29680566.0,krm fordev,13.0
142854.0,23410798.0,yuyang sun,13.0
155709.0,29781637.0,user155709,13.0
112600.0,20833123.0,Wacken0013,13.0
133389.0,12886629.0,Shaelander Chauhan,13.0
138619.0,20561888.0,Wilko,13.0
130577.0,23813190.0,Adeniyi Victor OJUOPE,13.0
115992.0,21238578.0,Ali,13.0
155617.0,23561835.0,Hola,13.0
156153.0,28822815.0,slastine,13.0
155518.0,29727436.0,user155518,13.0
109675.0,14761255.0,c0mraide,13.0
76728.0,16197838.0,Patrick Flynn,13.0
127502.0,22290781.0,ofcsub,13.0
155123.0,3463865.0,Reza Azami,13.0
122876.0,22438092.0,giogioia,13.0
137836.0,25721663.0,SequentialResidential,13.0
155104.0,21218723.0,codenoob1211,13.0
140565.0,18553726.0,Mr Ak,13.0
140636.0,14353403.0,sss,13.0
113752.0,19240873.0,Artur D,13.0
103257.0,5799110.0,BlueSkyz,13.0
130352.0,13980038.0,Ahmed Hesham,13.0
161265.0,30082889.0,L1rola,13.0
123092.0,22475743.0,reinforcement_learner,13.0
118658.0,7118019.0,einsteinxx,13.0
147960.0,6759349.0,Chandler Kenworthy,13.0
148111.0,13517345.0,abs8090,13.0
148029.0,17360882.0,Euler-Maskerony,13.0
112361.0,12210856.0,Kush,13.0
140586.0,9160444.0,Magic man Wryan Bang,13.0
164594.0,17477816.0,Hao Wu,13.0
128215.0,21106679.0,user15515518,13.0
112584.0,20831011.0,Quang Hung,13.0
151990.0,2610164.0,Mike Liu,13.0
135530.0,13421436.0,Mich55,13.0
126181.0,22965522.0,greeksalad,13.0
126145.0,20091326.0,Julian Gherghel,13.0
147864.0,27781458.0,Gamer 007,13.0
148138.0,21198604.0,Value_Investor,13.0
125992.0,16532961.0,kolo kolo,13.0
147968.0,27999008.0,amine ammor,13.0
120295.0,20112512.0,Tarzan,13.0
147776.0,15967245.0,Sirick,13.0
116284.0,14374770.0,Egor,13.0
112683.0,20847139.0,rv0723,13.0
126201.0,10098983.0,M. Garrigues,13.0
164819.0,33426817.0,user164819,13.0
148127.0,7672136.0, chord sketcher,13.0
134163.0,24806600.0,KEiixel,13.0
54050.0,13402542.0,penguin_smasher,13.0
143336.0,27083252.0,Vishwanath Upadhyay,13.0
165095.0,17765958.0,Entangled Being,13.0
137405.0,17908159.0,Jonarw,13.0
117508.0,21519682.0,fgarciador,13.0
140086.0,20966888.0,Varghese PK,13.0
99183.0,18858865.0,Alexandre,13.0
135188.0,12481307.0,ChuckNoise,13.0
143267.0,26943948.0,gkl kmr,13.0
148568.0,7387592.0,Clarify,13.0
140032.0,20886531.0,Homer Pitt,13.0
109400.0,14842046.0,Noodles,13.0
176962.0,39676805.0,Mathuser,13.0
135800.0,17107459.0,Coinman,13.0
123514.0,21701684.0,RookieInPython,13.0
128883.0,23647318.0,Gingerbread,13.0
143692.0,27191966.0,Anselme,13.0
136069.0,15573721.0,farhanrbn,13.0
153702.0,27180380.0,Daniel Vieira,13.0
143720.0,27205621.0,Quaw,13.0
140065.0,20188501.0,Ertugrul,13.0
112685.0,7023728.0,Sophia,13.0
141191.0,15529779.0,acxcv,13.0
115538.0,21171013.0,Anni666,13.0
153466.0,27704313.0,Michał Jurzak,13.0
153359.0,20062513.0,mathbike,13.0
153097.0,29154042.0,Vjs,13.0
166314.0,13979539.0,ssou,13.0
97425.0,14419826.0,Daniel Coben,13.0
128779.0,20568361.0,a piece of something,13.0
99964.0,4180939.0,user3425989,13.0
110217.0,18084316.0,Kong Ting Chau,13.0
151789.0,28996274.0,Nima Yousefi,13.0
105514.0,5828265.0,Halan,13.0
107560.0,19988894.0,Larry,13.0
119351.0,20311836.0,zcbcpaoa,13.0
53846.0,1793423.0,user1633361,13.0
139740.0,13776897.0,Alex,13.0
136687.0,25186741.0,gracenz,13.0
139637.0,17244041.0,RedMoose,13.0
109371.0,10960805.0,codelearner,13.0
109355.0,10133102.0,Selma_KA,13.0
152100.0,10463966.0,Krish Athreyam,13.0
152086.0,26215318.0,Hugoz13,13.0
107477.0,18164562.0,Luís Otávio,13.0
124936.0,22667794.0,ml_learner15,13.0
143988.0,27279264.0,Carpediem,13.0
140531.0,25417455.0,tomtels,13.0
128690.0,23598975.0,rSar,13.0
126769.0,20264501.0,new_account_49,13.0
125628.0,20599994.0,Centauri_42,13.0
143954.0,18585919.0,Master_Sniffer,13.0
134858.0,453440.0,ahc,13.0
134791.0,15258372.0,IcarusX,13.0
108498.0,17922201.0,Zèro ,13.0
125363.0,18187369.0,easymoneysniper,13.0
127997.0,21100989.0,grace,13.0
126822.0,14790708.0,Mughees Asif,13.0
126861.0,23119677.0,user126861,13.0
139149.0,24477770.0,Zac Khan,13.0
115267.0,13419810.0,Tyler Durden,13.0
161782.0,30969016.0,curiosityfrown,13.0
119518.0,21985175.0,970541804,13.0
106209.0,7353906.0,Jsmoka,13.0
128565.0,23119576.0,new_bee,13.0
149160.0,7954008.0,Tsiolkovsky,13.0
139334.0,26082036.0,FennecFly,13.0
126770.0,23097707.0,Edouard99,13.0
149096.0,11914146.0,Nikhilesh Singh,13.0
126615.0,17574895.0,Lola Kpiani,13.0
117799.0,8196356.0,dcr,13.0
118057.0,20400111.0,Vihaan Shah,13.0
118020.0,19376501.0,Tim,13.0
117784.0,21177343.0,Anu Deepa,13.0
118100.0,4940232.0,hajem_badger,13.0
119216.0,21924555.0,heerboi,13.0
110977.0,20566287.0,LennyAngola,13.0
128521.0,23546204.0,Jylu,13.0
125836.0,16181540.0,debrises,13.0
125522.0,22813607.0,s21,13.0
151293.0,10886442.0,Catacroker,13.0
113920.0,4289674.0,Jonathan Miller,13.0
119165.0,16175522.0,Vladislav Kruglikov,13.0
134776.0,23939077.0,m sh,13.0
126689.0,23080424.0,Arwa,13.0
135000.0,19265467.0,Davgrabner,13.0
110803.0,19947892.0,PartnerJoJo,13.0
112517.0,19088689.0,hamnghi,13.0
136893.0,14104889.0,xboxuser,13.0
151185.0,19487096.0,pyassign67,13.0
115120.0,8933348.0,Samantha92,13.0
145822.0,18117787.0,Gabriel Kelly,13.0
109076.0,20249856.0,Anne,13.0
175689.0,38860247.0,CM_Li,13.0
127196.0,10961076.0,goku,13.0
149545.0,11176667.0,Tim Driessen,13.0
139008.0,24747775.0,Zhenyu Zhang,13.0
149424.0,28144400.0,Akshita,13.0
136732.0,25453637.0,nullUser,13.0
142010.0,26735571.0,soilwatch,13.0
145940.0,19864132.0,heyoka955,13.0
127057.0,11018576.0,megasaw,13.0
127301.0,23227412.0,Peter,13.0
126297.0,2468085.0,FLAN - Legacy,13.0
108823.0,20213276.0,Angel,13.0
108808.0,12573537.0,Effy Stonem,13.0
142495.0,24674548.0,alex martinez,13.0
110346.0,7289800.0,ricecooker,13.0
118228.0,13169291.0,Stefan Berger,13.0
135448.0,18034364.0,Adi Nishad,13.0
115035.0,8817225.0,hhj8i,13.0
115001.0,16520942.0,Nitram,13.0
137174.0,4611401.0,user3739400,13.0
141850.0,18360036.0,StrWrs_Nerd,13.0
95044.0,6873142.0,Dawood Aijaz,13.0
110760.0,10168738.0,Rambo_john,13.0
108768.0,20201659.0,dataexplorer2000,13.0
78008.0,15178775.0,Anil Bora Yayak,13.0
108755.0,9228787.0,Andrew Fells,13.0
53119.0,8384871.0,Shivanisrivarshini,13.0
135764.0,8541468.0,warriorforce,13.0
102958.0,18408638.0,Nimrod Ets,13.0
103849.0,19226241.0,ramin,13.0
99234.0,18865893.0,Dave,13.0
136255.0,24387299.0,charactercapital,13.0
137289.0,22337416.0,p_mo,13.0
158668.0,30289825.0,JJbow,15.0
136294.0,19800242.0,jibecat,15.0
98275.0,17765498.0,Sherlock_Hound,15.0
122863.0,19160665.0,Amit,15.0
84934.0,6783685.0,Nick W,15.0
122808.0,17532611.0,Polaster,15.0
110435.0,20383414.0,ihatecoding,15.0
120168.0,14257211.0,user218030,15.0
131441.0,5277857.0,DueSouth,15.0
111562.0,20508406.0,Tknoobs,15.0
138856.0,16175334.0,Sigal Cohen,15.0
116244.0,18955745.0,user13832375,15.0
154145.0,24436615.0,Haochen Wang,15.0
187398.0,40233344.0,Joel Nadar,15.0
113597.0,19019509.0,Firm Seaweed,15.0
122475.0,22346760.0,Juan,15.0
119556.0,21993924.0,ml_learner15,15.0
117279.0,14820876.0,Paulina,15.0
110996.0,20570078.0,Isa,15.0
131363.0,21924929.0,John Smith,15.0
148121.0,28064066.0,Tariq,15.0
106668.0,19813880.0,arne,16.0
111356.0,13574159.0,Siddhant Sadangi,16.0
111838.0,8226797.0,sharpe,16.0
150482.0,28747991.0,Anandaprabhu,16.0
130849.0,23899561.0,Cassie,16.0
156749.0,2355116.0,Robert Mansel Gower,16.0
121247.0,7675285.0,smileynor,16.0
167752.0,22619077.0,Frederick,16.0
138043.0,11030979.0,fuad021,16.0
119352.0,2880357.0,vasanth,16.0
100320.0,17271005.0,Stephen Wight,16.0
113543.0,12771927.0,Ram,16.0
141318.0,26562635.0,Azana,16.0
134356.0,14016622.0,Lucas Moura Gomes,16.0
109960.0,20389698.0,CodeuseDuDimanche,16.0
167582.0,4765733.0,user3851878,17.0
67275.0,7556649.0,Fhunmie,17.0
85189.0,11428364.0,idkfa.bfg2,17.0
131082.0,4871992.0,Begnnier,17.0
18194.0,2488914.0,user2166819,18.0
127535.0,23280286.0,kaiser,19.0
113023.0,19827774.0,Enzo1912,19.0
113635.0,21017834.0,Melon Eusk,19.0
117829.0,20398589.0,Karan Khurana,19.0
63129.0,3955232.0,jengmge,19.0
148959.0,2092648.0,rutvi,19.0
117886.0,17117436.0,MashedPotoatoes,19.0
127268.0,23222011.0,user127268,19.0
118251.0,15249593.0,Iván Mindlin,19.0
123479.0,22561780.0,richardson,19.0
107725.0,3131265.0,user2648990,19.0
128134.0,17614759.0,Kunind Sahu,19.0
112942.0,19631850.0,awsuser2021,19.0
192000.0,45243881.0,king king,19.0
135073.0,22513382.0,nem0,19.0
110237.0,17440480.0,Ujjwal Kar,19.0
118399.0,21736634.0,google,19.0
116963.0,7788458.0,maher ben abdesslam,19.0
116752.0,19039481.0,can.inan,19.0
133995.0,24734622.0,William Smith,19.0
111305.0,12359922.0,Tag_DL,19.0
137868.0,20617373.0,Keshav Kumar,19.0
186905.0,43997728.0,Brian Harris,19.0
154198.0,29357352.0,valeman,19.0
119625.0,15922132.0,Manprit Singh,19.0
125717.0,22853403.0,Sumeet Agrawal,19.0
144479.0,27421557.0,CamelCase,19.0
112775.0,18761930.0,DataLover,19.0
125969.0,15589755.0,Anđela Todorović,19.0
169345.0,35774432.0,Preethi S,19.0
178999.0,40780257.0,wissal belasri,19.0
152079.0,17780449.0,Jais Varghese Joseph,19.0
181029.0,41647696.0,Divya Krishnakumar,19.0
192973.0,45918225.0,ERP_Master Data,21.0
144028.0,7372855.0,Occasus,21.0
127507.0,18667900.0,Rakka Alhazimi,21.0
127132.0,21389681.0,7royboy,21.0
121071.0,22281114.0,rutvik jere,21.0
127799.0,10535941.0,Ashish Gour,21.0
118648.0,21799914.0,user118648,21.0
127840.0,23364838.0,Sarah Grimes,21.0
108602.0,20175010.0,wilma297,21.0
193332.0,46174765.0,Jay Windley,21.0
138002.0,25793511.0,user138002,21.0
113771.0,21041664.0,JSMB,21.0
113800.0,13494082.0,Nestroy,21.0
127899.0,14950853.0,Mustafa Tufan,21.0
113726.0,21032687.0,Grace Hopper,21.0
118588.0,20189722.0,raj,21.0
172649.0,37304326.0,O.R,21.0
173223.0,37549743.0,Vasilis Stergioulis,21.0
173308.0,36845068.0,Pavel No,21.0
127664.0,23315735.0,xoxoxo,21.0
118585.0,11949771.0,SAMUEL DURAIVEL,21.0
137751.0,20080610.0,Wallika,21.0
137650.0,17630874.0,user745587,21.0
128002.0,23411171.0,Casper,21.0
108745.0,20197290.0,Algiffary R,21.0
107292.0,19948865.0,Nikhil Ghadi,21.0
118599.0,5665737.0,elfinorr,21.0
86650.0,3344285.0,Ian,21.0
127149.0,23195909.0,green_monkey,21.0
173535.0,37724567.0,Anso,21.0
145543.0,26099170.0,Micheal Keens,21.0
113737.0,10148068.0,sparkingmyself,21.0
137636.0,14675580.0,Fritos121,21.0
136407.0,25440929.0,eamonn,21.0
118698.0,8676920.0,rick458,21.0
128097.0,15852155.0,Gulshan Arya,21.0
174084.0,38009242.0,Borrador ZZ,21.0
150081.0,28649547.0,mt_,21.0
127472.0,23266161.0,Sanaa,21.0
138689.0,17073592.0,Tushar,21.0
111658.0,9039776.0,Jim Dowling,21.0
128186.0,9609562.0,Talha Abid,21.0
127451.0,10161843.0,amkyp,21.0
138399.0,19929396.0,Little Stack,21.0
128094.0,23433106.0,Stephen,21.0
150980.0,22562020.0,Prashant Pandya,21.0
128234.0,8940897.0,Samuel Gomes,21.0
128283.0,23478457.0,Sultan,21.0
102993.0,9366128.0,jessicalfr,21.0
138920.0,25992179.0,DanQuin,21.0
125616.0,12544159.0,ammirante,21.0
112045.0,12567071.0,Y Timen,21.0
84070.0,11882792.0,nzBoan,21.0
172462.0,37225070.0,user172462,21.0
137073.0,22172392.0,Giannhs Meh,21.0
128337.0,23493526.0,user128337,21.0
128343.0,20561726.0,Hopper,21.0
90419.0,17809381.0,Prashant Arora,21.0
138809.0,6363365.0,Fobos,21.0
127330.0,18613678.0,KuugyR,21.0
118515.0,20472666.0,Dagad,21.0
168998.0,31947939.0,a.sa.5969,21.0
58456.0,2337840.0,Mazhar,21.0
128387.0,23506503.0,Hashim Chaudry,21.0
149452.0,8403261.0,Jono Moran,21.0
113322.0,13778748.0,Bloomfield,21.0
108941.0,20228770.0,JackEarl,21.0
127232.0,23204788.0,Mike,21.0
119178.0,4112454.0,Andrew Bell,21.0
146172.0,1199156.0,user1170192,21.0
161676.0,30888317.0,patjol,21.0
109002.0,19769851.0,gibbsabroad,21.0
109062.0,15508830.0,Matthew Yang,21.0
35881.0,10895739.0,Wojtek Michalak,21.0
115119.0,7557321.0,xyztg,21.0
115148.0,20332673.0,RS_girl,21.0
162060.0,22521014.0,Yann,21.0
135256.0,25173698.0,Ragavan Veerarajan,21.0
115195.0,21112707.0,Nathan Jodo,21.0
149238.0,28389835.0,Karoline Teller,21.0
139256.0,18262630.0,MobiusT,21.0
108487.0,6421025.0,KKCS,21.0
136876.0,25542258.0,wayne,21.0
118266.0,14053434.0,Zing,21.0
63343.0,11730638.0,Shoeboxam,21.0
69440.0,9863298.0,HARSH NILESH PATHAK,21.0
136794.0,21029452.0,Shivam Soni,21.0
175850.0,39017986.0,still_learning,21.0
176080.0,10767986.0,SamZay,21.0
138318.0,9785417.0,felix-silvestris,21.0
109250.0,19422039.0,krishan singh,21.0
113121.0,13789537.0,Abhay Saxena,21.0
136577.0,25479237.0,user136577,21.0
79320.0,14414516.0,Hector Edu Nseng,21.0
139453.0,26062429.0,DoubleR,21.0
84339.0,5004688.0,StraightUpBusta,21.0
113184.0,20932667.0,Dan,21.0
113880.0,20372862.0,Saurabh Kumar,21.0
149102.0,25420635.0,user19226726,21.0
126784.0,10966948.0,Zilfalon,21.0
126798.0,23105630.0,Mike,21.0
126806.0,23107062.0,user126806,21.0
176412.0,39333392.0,Alexis Chr,21.0
108473.0,11581104.0,Chaitra,21.0
139867.0,25482065.0,Jaideep Ray,21.0
176314.0,15589251.0,Damian,21.0
119301.0,21893556.0,Ethan,21.0
136464.0,21933341.0,Daria,21.0
102789.0,15345337.0,zoete aardappel,21.0
136482.0,25459241.0,Mike,21.0
167515.0,33121712.0,Laxus Clive,21.0
139463.0,26119855.0,JorgenHW,21.0
77946.0,15507393.0,Raghav Goyal,21.0
126751.0,23092190.0,Patrick Steele,21.0
126758.0,23094338.0,kikee122,21.0
119004.0,21884737.0,Niels Prieto Bejar,21.0
128735.0,13682442.0,apantovic,21.0
113959.0,14138011.0,maths soso,21.0
176549.0,39417060.0,Stefan,21.0
126641.0,23071159.0,niusoski,21.0
142895.0,22196928.0,Anis Cherid,21.0
115383.0,21145769.0,bonaqua,21.0
118125.0,204150.0,user452187,21.0
117264.0,10594373.0,Eric Fillion,21.0
116806.0,10878067.0,xsite,21.0
115505.0,4679107.0,user7017793,21.0
127003.0,10289482.0,Tanay Roman,21.0
163146.0,11627314.0,Guest,21.0
113026.0,13593205.0,Lazer,21.0
136665.0,19465879.0,Artin Kim,21.0
132519.0,20444529.0,Hubert Drążkowski,21.0
126483.0,10306446.0,SGM,21.0
118118.0,21680752.0,yeet,21.0
125003.0,22686355.0,Shlomo Dubnov,21.0
153835.0,29078514.0,Ghada Kahlaoui,21.0
136050.0,25357903.0,Mostafa Fakhra,21.0
126463.0,22792958.0,Emran Tamimi,21.0
108536.0,9108301.0,Jack Fenn,21.0
99917.0,14231179.0,Math zombie,21.0
129932.0,22887417.0,stevemeisterr,21.0
135905.0,3420034.0,Sanjay Chintha,21.0
118053.0,21669245.0,Amirby,21.0
140113.0,20163653.0,Alfred Andersson,21.0
109427.0,17278056.0,Kader DJEHAF,21.0
112885.0,6231060.0,Hayden,21.0
126352.0,23003054.0,user126352,21.0
165476.0,34019408.0,Michael,21.0
103030.0,9354818.0,Michael T.,21.0
135857.0,14461919.0,KJA,21.0
115477.0,21160833.0,Liza Savenko,21.0
130095.0,23705893.0,Lacrin,21.0
165131.0,28664390.0,yuki,21.0
109338.0,20288278.0,JonasL,21.0
177707.0,40105981.0,Nihar,21.0
119601.0,21808507.0,cavosch,21.0
135806.0,17886393.0,Tereso del Río Almajano,21.0
135807.0,16178993.0,Yan Djin,21.0
193051.0,42021221.0,Brian Kinchin,21.0
109570.0,13434680.0,Jamil Zaitouny,21.0
118034.0,21664721.0,Dean F,21.0
118041.0,21665948.0,Macgregorfb,21.0
164976.0,33546205.0,Pratyush Panda,21.0
115733.0,21206840.0,learner,21.0
115758.0,20796981.0,Maria,21.0
118435.0,19792801.0,engelAnalytics,21.0
164733.0,2056992.0,Maxime Dupré,21.0
126188.0,22969536.0,Rasha Abdin,21.0
92541.0,15905695.0,scoute21,21.0
109545.0,16752470.0,Rav Singh,21.0
112745.0,15570707.0,vimala,21.0
125979.0,6763419.0,M. Fire,21.0
138326.0,25721963.0,GiusWestsideDS,21.0
123338.0,10872204.0,Ruairi O'Sullivan,21.0
127338.0,18625612.0,hotuagia,21.0
110957.0,17208728.0,David So,21.0
118274.0,12562163.0,qriouscat,21.0
135570.0,25253435.0,Esmaeel Mohammadi,21.0
105458.0,19386628.0,Marco Ramos,21.0
135710.0,25032175.0,Ardy,21.0
154385.0,29404054.0,user154385,21.0
159437.0,26180815.0,priyanshu chaudhary,21.0
164204.0,30512534.0,Dylan Todd,21.0
112657.0,4432104.0,Leonardo,21.0
148076.0,28053228.0,H0t_blue_B0i,21.0
162925.0,6525053.0,Yair Beer,21.0
115771.0,21211005.0,Ruben Kl,21.0
115760.0,19100231.0,Shonix3373,21.0
80807.0,5749410.0,tripma,21.0
163593.0,32793251.0,Ahmed Farooqui,21.0
163895.0,32918638.0,user163895,21.0
164067.0,32994319.0,JazzJammer,21.0
168367.0,16790816.0,Jaime Sanders,21.0
163629.0,32807329.0,Ram,21.0
125959.0,11644193.0,mCalado,21.0
147590.0,27934469.0,Swagat Mishra,21.0
147983.0,17394191.0,osmans,21.0
135210.0,15813149.0,odd_wolf,21.0
135162.0,16994994.0,jtoepp,21.0
51866.0,10911477.0,Not Quite A Statistician,21.0
119793.0,22044389.0,Elon Musk,21.0
127501.0,10615448.0,sugu,21.0
148020.0,26528870.0,szheng,21.0
163461.0,32745077.0,lucaspedroso,21.0
135108.0,25124385.0,raii,21.0
117894.0,21334855.0,Charles G,21.0
130491.0,22606458.0,Maria,21.0
120737.0,2791406.0,Alisio Meneses,21.0
130562.0,11192992.0,Ulf,21.0
119527.0,12874313.0,thatbangaloreanguy,21.0
125882.0,17796350.0,Omair,21.0
125887.0,22895268.0,user125887,21.0
118326.0,6746033.0,Akshat Shreemali,21.0
163296.0,32639307.0,Cube64,21.0
155693.0,29642517.0,MAD MAGGOT,21.0
117889.0,19396407.0,Vasilii Naumushkin,21.0
116960.0,19585087.0,Al_P,21.0
136437.0,6683865.0,Loony_D,21.0
150329.0,28709809.0,Divyanshu Katiyar,21.0
142220.0,11016569.0,umair mughal,21.0
127547.0,23281944.0,shunsukenakamura,21.0
178864.0,40739885.0,Guest,21.0
178915.0,40768052.0,InsurancePricer,21.0
148286.0,11848589.0,Itminan,21.0
148193.0,4312277.0,Baker Hans,21.0
119808.0,22046073.0,AIforAll,21.0
119813.0,11749977.0,Souradip Roy,21.0
119838.0,21822696.0,LaptopProfile,21.0
178920.0,26303220.0,NGA,21.0
130558.0,20532272.0,the_herpe,21.0
126564.0,19729019.0,HOOPS DATA,21.0
127380.0,22701423.0,data wannabe,21.0
134797.0,11028085.0,Sahil Bhatti,21.0
134871.0,25036232.0,Sumit Jha,21.0
138185.0,16407559.0,bechirjamoussi,21.0
130648.0,22044387.0,amroun lysa,21.0
140973.0,16677911.0,Zador Pataki,21.0
135272.0,24630685.0,Penguines,21.0
109690.0,11092775.0,Shashank Kumar,21.0
88917.0,17614274.0,numbersguy132,21.0
140867.0,12712092.0,skippynk,21.0
127614.0,12471410.0,Varun Menon,21.0
178921.0,28284209.0,revision,21.0
134786.0,17552085.0,Ozzie,21.0
119581.0,4406257.0,user25758,21.0
146214.0,4042524.0,Shad81,21.0
100557.0,14227403.0,Cheleeger Ken,21.0
109842.0,20369091.0,Secret,21.0
119896.0,18754888.0,John Rowlay,21.0
125666.0,17697561.0,glycine-addict,21.0
117849.0,21628493.0,Leonardo F.,21.0
125498.0,19779895.0,Ircb,21.0
125176.0,22728639.0,Thomas Artin,21.0
187265.0,44205272.0,LowpolyOllie,21.0
143212.0,17930109.0,Pim7,21.0
165488.0,34027116.0,user165488,21.0
179939.0,39437674.0,TTC,21.0
179579.0,25426856.0,Marcin Bednarski,21.0
110779.0,11972791.0,Anubhav Nehru,21.0
141285.0,19991004.0,dojodatascience,21.0
163135.0,23928466.0,ProgrammerGnome,21.0
134711.0,21944186.0,Jie,21.0
134777.0,10343826.0,FOH,21.0
134778.0,25002596.0,Nezuko,21.0
162910.0,32217041.0,Naty,21.0
162939.0,15579334.0,Catnip,21.0
162966.0,32270488.0,MetalicSt33l,21.0
115600.0,3147777.0,academicnomad,21.0
119990.0,22076934.0,Joh,21.0
112335.0,16145731.0,zodrob,21.0
112346.0,10678966.0,AlexMIEL,21.0
109889.0,20376799.0,Wade Johnson,21.0
167384.0,24330967.0,racurry1993,21.0
113434.0,17128626.0,loguimaraes,21.0
120743.0,22212420.0,Ryan Barretto,21.0
134554.0,21822745.0,bulldog23,21.0
162785.0,32125800.0,MJ_VdH,21.0
162794.0,27611917.0,nanana,21.0
162889.0,32206700.0,CraigS,21.0
174858.0,6348050.0,Frank The Tank,21.0
134577.0,9959786.0,kerenc42,21.0
109684.0,7455205.0,Suvra Dutta,21.0
139205.0,9190596.0,Pylou,21.0
180210.0,19177469.0,Eli Bain,21.0
107158.0,8613664.0,Thomas Christopher Davies,21.0
122703.0,17715982.0,Tony Cardinal,21.0
142482.0,18195703.0,1001pepi,21.0
111860.0,19485477.0,Vikram,21.0
141435.0,26590985.0,Rafsan Ahmed,21.0
127900.0,11269627.0,vaibhav,21.0
125421.0,2736057.0,user2358715,21.0
125280.0,22116411.0,xifir,21.0
125328.0,22770152.0,JisongXie,21.0
120107.0,22101580.0,Амир Джанибеков,21.0
110020.0,20400846.0,user110020,21.0
141498.0,26607411.0,Patrick,21.0
71172.0,11778257.0,JackWills,21.0
116202.0,21291760.0,learner,21.0
117561.0,21572592.0,RAJA PARIKSHAT,21.0
117638.0,21588250.0,Roman Kutubidze,21.0
180328.0,3159201.0,Marc,21.0
180383.0,41283188.0,JMP01,21.0
178451.0,29041031.0,Animy,21.0
112321.0,14442007.0,WBR,21.0
123145.0,20351912.0,Taku Kobayashi,21.0
116264.0,21308813.0,Umair-Mehmood,21.0
134501.0,24912248.0,DanielRoncel,21.0
151817.0,17806815.0,Towdo,21.0
125220.0,19151809.0,eskim,21.0
125030.0,18384143.0,Gergo Miklos,21.0
112271.0,20552980.0,Rahul Pawade,21.0
141613.0,26624233.0,Ruslana,21.0
125163.0,22571399.0,nanaboo,21.0
135765.0,13811353.0,skumaravel,21.0
110135.0,20176494.0,Mingzhu Yao,21.0
141656.0,25122550.0,Helena ,21.0
111333.0,20622876.0,Anubhav Sachdev,21.0
68595.0,13984902.0,Tpeeters,21.0
91926.0,4771227.0,azman,21.0
134375.0,23869647.0,Rus Pylypyuk,21.0
134413.0,17397610.0,a_gdevr,21.0
118229.0,21661458.0,Harshal,21.0
80740.0,376588.0,user728148,21.0
113711.0,10316823.0,Jas999,21.0
125109.0,22713017.0,NM007,21.0
125118.0,22714308.0,keun,21.0
124814.0,22640308.0,Destiné,21.0
112190.0,13983654.0,Vangelis,21.0
110204.0,6083993.0,koperko,21.0
110218.0,5690566.0,Basti,21.0
180820.0,27379986.0,FloopyBeep,21.0
117488.0,21557645.0,Rexha,21.0
137960.0,14162197.0,Hassan EL Kharroubi,21.0
134328.0,24865678.0,ux ml newbie,21.0
166461.0,7017260.0,Borla312,21.0
112153.0,3347321.0,UTF-8,21.0
110246.0,20435507.0,Sumit Verma,21.0
180957.0,41598596.0,Abas1,21.0
140875.0,16842349.0,Butters,21.0
161776.0,30887162.0,Gst,21.0
116371.0,12935612.0,Silpa,21.0
138705.0,25935831.0,Brandon ,21.0
119210.0,11153988.0,p1p13 ,21.0
161857.0,20633504.0,James,21.0
112108.0,20751857.0,Matthew Martin,21.0
112115.0,8264580.0,Naufal,21.0
124910.0,17237969.0,Himan,21.0
10764.0,130001.0,Laurimann,21.0
181210.0,41739129.0,calvin choong,21.0
181260.0,26386673.0,Mxneeb,21.0
112126.0,20754049.0,billie_joe,21.0
134277.0,18339779.0,Gunners ,21.0
115038.0,18977499.0,Dhoop,21.0
43306.0,12346412.0,creative_sh,21.0
134213.0,24733195.0,noooah,21.0
133901.0,16550615.0,Simon Adams,21.0
98882.0,17038887.0,rkabuk,21.0
113364.0,17340069.0,merve,21.0
113369.0,20800671.0,sgduran91,21.0
151592.0,12417179.0,user177376,21.0
162367.0,28494009.0,GanaelD,21.0
123282.0,19448375.0,nick,21.0
162298.0,15937018.0,Priya Patel,21.0
162300.0,27298986.0,vinodh_eee,21.0
137730.0,23888641.0,schmixi,21.0
142178.0,23604556.0,user17640477,21.0
128370.0,6470398.0,Namrouch,21.0
128328.0,21561324.0,Teestaa Saha,21.0
128347.0,23495861.0,user12342,21.0
145698.0,18254582.0,user13288833,21.0
20904.0,8710947.0,Vanjuli,21.0
131414.0,23199498.0,vedahaM,21.0
132751.0,24347865.0,sophie_123,21.0
141584.0,16240086.0,mucho,21.0
110398.0,13533653.0,plastik,21.0
110342.0,20452209.0,Avinash,21.0
128457.0,22655333.0,Fatima,21.0
111903.0,20717470.0,Abhi,21.0
112005.0,20733557.0,user112005,21.0
112037.0,20739157.0,Julian Buse,21.0
123635.0,22596039.0,user123635,21.0
182095.0,22929067.0,Zak A,21.0
183180.0,42100611.0,Sri,21.0
126670.0,17015912.0,Noether,21.0
79388.0,15131965.0,Arham,21.0
181522.0,25398890.0,Ethos ,21.0
181229.0,4924539.0,user4924539,21.0
180532.0,19565062.0,Ayoub Mokeddem,21.0
143056.0,10952968.0,bitfish31,21.0
123528.0,10737293.0,KMJPerry,21.0
123559.0,21739013.0,Sherlock ,21.0
162234.0,6391349.0,Vincent,21.0
162294.0,31497309.0,user162294,21.0
118281.0,16904042.0,TariqS,21.0
133962.0,10842880.0,Quan Nguyen Ha,21.0
178797.0,17610667.0,lovethefrogs,21.0
120030.0,4812169.0,Donovin,21.0
117362.0,13346035.0,chazman,21.0
123408.0,19970415.0,seuadr,21.0
113602.0,21012557.0,No idea what I'm doing,21.0
128551.0,22419998.0,anas,21.0
116561.0,21386449.0,Mary,21.0
169815.0,35834338.0,Anastasia Volkova,21.0
184345.0,17011399.0,David Hui,21.0
142543.0,26868903.0,Unknown,21.0
138738.0,14111511.0,Imp,21.0
95575.0,15872813.0,Minnie,21.0
112975.0,4734879.0,Jayke,21.0
85342.0,1633343.0,Oz0234,21.0
180495.0,41345042.0,user30246218,21.0
110483.0,17686315.0,gzkhv,21.0
180022.0,10107359.0,user46124,21.0
146100.0,27816395.0,David Ochoa,21.0
184238.0,42717985.0,Subhadeep Bej,21.0
15174.0,7545094.0,Dr. Turkuaz,21.0
139227.0,26066039.0,Pippo,21.0
157002.0,27120770.0,Amir,21.0
120034.0,15564408.0,William_____that's_all,21.0
116376.0,8132611.0,lra,21.0
141611.0,8446262.0,yellowAndriod,21.0
142729.0,26915020.0,R J.,21.0
128257.0,23471799.0,Rubiks cube,21.0
162070.0,20417004.0,The_Monetarist,21.0
162076.0,31263445.0,Kshitija Thakur,21.0
178398.0,18922193.0,Cherprang,21.0
185559.0,43308503.0,EFT300,21.0
148738.0,28241071.0,mllena,21.0
120505.0,22169915.0,Ngoc Thao LY,21.0
150824.0,28824817.0,Arkadeepto Majumder,21.0
83271.0,16344557.0,bigb123,21.0
179977.0,35445382.0,C Chen,21.0
110500.0,14930630.0,Ben-Jamin-Griff,21.0
120528.0,20300330.0,John,21.0
118940.0,14711510.0,Parsa Khavarinejad,21.0
125246.0,11743538.0,mavetek,21.0
83105.0,11727286.0,Nick,21.0
91480.0,11089245.0,Mr. Johnny Doe,21.0
124997.0,21262895.0,Dan K,21.0
139349.0,7566077.0,Max,21.0
139298.0,23335682.0,User123456,21.0
130683.0,23851360.0,user130683,21.0
166684.0,34531911.0,naura,21.0
131857.0,14872610.0,Nicoinlas,21.0
113488.0,12934837.0,LU Che,21.0
142953.0,26981064.0,logger22,21.0
126402.0,18855973.0,Sharhad Bashar,21.0
142885.0,26951543.0,sayuri,21.0
110573.0,20486924.0,Dummy Scripts,21.0
185693.0,12358048.0,squareroottwo,21.0
123069.0,4795221.0,cona,21.0
116771.0,15639216.0,Scrany,21.0
116774.0,20343491.0,skiii gairola,21.0
133530.0,24573730.0,Cameron,21.0
115083.0,18665895.0,Szymon Adamik,21.0
120159.0,22108783.0,user120159,21.0
117183.0,21502458.0,seaslug95,21.0
186133.0,24590592.0,Joshie,21.0
149253.0,28065092.0,dalefi,21.0
144812.0,27521801.0,Géssyca T. de Oliveira,21.0
145798.0,18763981.0,JoshJohnson,21.0
185901.0,26491412.0,sgourosf,21.0
110650.0,8926644.0,Karl Haebler,21.0
110653.0,14104961.0,E.TTT,21.0
111653.0,8414637.0,SK Singh,21.0
116877.0,20349634.0,Waqar Kaleem Khan,21.0
161777.0,30981685.0,atn291,21.0
125467.0,1977287.0,GethLife,21.0
62339.0,14723642.0,laichzeit0,21.0
122854.0,17074965.0,soufi-43,21.0
186297.0,43759239.0,putri,21.0
148786.0,17228681.0,Warisul,21.0
143230.0,27051155.0,CrazyRageMonkey,21.0
110773.0,20531244.0,miri_h_ds,21.0
135759.0,18402300.0,JXuan,21.0
125590.0,22808962.0,Keivan,21.0
173256.0,37575142.0,Harshit Goyal,21.0
186244.0,30261356.0,mranonymous7122,21.0
186256.0,31366495.0,Dev Ops,21.0
160026.0,19766596.0,myts999,21.0
161725.0,20695247.0,apotheke,21.0
83745.0,15343516.0,Shawn Jung,21.0
144324.0,27370962.0,Naveen,21.0
125618.0,22830823.0,Alessandro,21.0
139923.0,26215744.0,Ryan Mclaren,21.0
137485.0,11182480.0,Asad,21.0
129995.0,2904883.0,OLe3446,21.0
187295.0,14535313.0,wolowizard,21.0
193305.0,46083537.0,Julian Ashford,21.0
150212.0,20756334.0,Thomas K,21.0
150534.0,28632720.0,Todd Bryant,21.0
135031.0,9354164.0,Bayrem,21.0
116367.0,21332390.0,Nick Stevens,21.0
153605.0,19562512.0,Decaying Tails,21.0
122778.0,20903897.0,hyilmaz,21.0
186483.0,20888818.0,patacoing,21.0
116358.0,13755049.0,SOUHARDHYA PAUL,21.0
122692.0,15884283.0,JasonExcel,21.0
177805.0,28519262.0,Badboyhalo1801,21.0
155428.0,9907564.0,Olek,21.0
155558.0,25694921.0,Gregory Duke,21.0
174028.0,35641302.0,user anonymous,21.0
110762.0,18809172.0,Chris Liu,21.0
123602.0,9078035.0,shobhit kumar,21.0
111918.0,20711139.0,LOLs,21.0
128145.0,21570334.0,narrativera,21.0
132036.0,22381915.0,AMJ,21.0
158181.0,30160941.0,Vinicius Maia,21.0
120195.0,22116042.0,Shirin Alipour,21.0
103003.0,19244597.0,Vishak Raj,21.0
128831.0,23634769.0,aadil gani,21.0
132122.0,19953858.0,Jordan Larson,21.0
133304.0,24504830.0,PeMADS,21.0
122614.0,14474462.0,Sherry,21.0
116260.0,18202380.0,Neruda,21.0
108742.0,10287029.0,K Kreid,21.0
155153.0,23932676.0,user155153,21.0
129989.0,23674925.0,Filip,21.0
144592.0,17493916.0,GondorCallsForAid,21.0
122624.0,22387141.0,JohnDoe,21.0
133348.0,24290161.0,2much2code,21.0
139080.0,26031697.0,Is land,21.0
158916.0,18931827.0,Tütü,21.0
161336.0,29179989.0,KLN-RDN,21.0
161342.0,8671628.0,Tom,21.0
189706.0,38524783.0,Praveen Kumar,21.0
189828.0,18883367.0,Daniel,21.0
190072.0,12726972.0,Player Mathinson,21.0
116228.0,21189814.0,Abolfazl Sajady,21.0
144533.0,15752038.0,dn-ra,21.0
105648.0,19659608.0,Imen F,21.0
110099.0,6526279.0,Pramod yadav,21.0
116791.0,17147951.0,Roberto Buzzini,21.0
159006.0,20252026.0,Kelsey,21.0
116868.0,20994464.0,mrthaa,21.0
133168.0,21577921.0,scrimdougy,21.0
161301.0,30708025.0,patjol,21.0
111269.0,5005160.0,Ahmad Ayyad,21.0
110777.0,17402638.0,capcapuccino,21.0
177452.0,39947998.0,M Great,21.0
120710.0,1297219.0,Shameel Faraz,21.0
153992.0,24442727.0,avpol,21.0
133116.0,19245850.0,Dominik Farhan,21.0
130734.0,23639830.0,A Arbitrage,21.0
120377.0,22126933.0,Philipp,21.0
161268.0,26576138.0,Estiven,21.0
116177.0,21074802.0,Jim Jones,21.0
110897.0,17455279.0,starylass,21.0
130925.0,23342563.0,No Name,21.0
130966.0,23928279.0,acnt1,21.0
143533.0,27147601.0,richard,21.0
119589.0,18606458.0,Link,21.0
140296.0,16931511.0,Azhan Ahmed,21.0
140360.0,20996505.0,simohayha,21.0
159180.0,23903272.0,Sendhan,21.0
120454.0,22045422.0,lmtr339,21.0
145713.0,27665592.0,Armin Amini,21.0
116210.0,12859743.0,francesco,21.0
191682.0,39706451.0,Felipe Reis,21.0
191721.0,45041302.0,MissingSemikolonAt63,21.0
143691.0,25694682.0,Joe,21.0
100758.0,19020175.0,orbgr,21.0
151301.0,20955354.0,FHIRFLY,21.0
130437.0,13792264.0,Michael Kessler,21.0
130442.0,5697354.0,Nht_e0,21.0
126643.0,10020914.0,mr x,21.0
110921.0,5004920.0,Melly Donald,21.0
156772.0,30048839.0,Majoka,21.0
177104.0,39745305.0,JR-stats,21.0
122325.0,17881789.0,Ablu_68,21.0
122323.0,22188570.0,Panda,21.0
120740.0,22211870.0,user120740,21.0
132898.0,15813468.0,TC_L,21.0
132916.0,10457948.0,Agile,21.0
116922.0,19259596.0,Lorenzo Tinfena,21.0
159489.0,30451825.0,lea,21.0
18507.0,3235623.0,Rajiv Sambasivan,21.0
153492.0,11531869.0,Jackilion,21.0
111144.0,20593078.0,Alexandre Martin,21.0
175099.0,25235595.0,Asic,21.0
141632.0,16805541.0,biihu,21.0
144143.0,1093957.0,ncf031,21.0
144111.0,27309102.0,Quintino,21.0
144207.0,22073283.0,Jason Hadinata,21.0
130386.0,17434999.0,visionboy4,21.0
122451.0,22357283.0,jontheil,21.0
113765.0,3926610.0,Cosapocha,21.0
127751.0,16166122.0,Pavan Kandru,21.0
161075.0,16188946.0,Casper,21.0
136817.0,22205497.0,Pooya Mohammadi Kazaj,21.0
128421.0,10079999.0,Meowxiik,21.0
110039.0,20395828.0,Sam Kagawa,21.0
150535.0,28759986.0,Wissem Boujlida,21.0
140528.0,22620664.0,Gabriel Zinato,21.0
121246.0,22317135.0,SpaceCossack,21.0
150654.0,22052641.0,Kiran Manicka,21.0
110385.0,19373373.0,Vladimir Fadeev,21.0
130779.0,18053475.0,Bhartendu Kumar,21.0
143802.0,12341172.0,Salvo R,21.0
131668.0,11720486.0,Mar,21.0
120972.0,22170829.0,dbdata,21.0
120551.0,19383746.0,Joth,21.0
121031.0,22271084.0,123Lako,21.0
192555.0,45615578.0,Oh na na,21.0
192790.0,3596868.0,ShokofehVS,21.0
154573.0,3455090.0,lateBloomer,21.0
121213.0,17599867.0,Aravinth,21.0
121226.0,20156313.0,SDR3078,21.0
132846.0,22539739.0,Sharjeel M. Rajput,21.0
118307.0,21693786.0,data.is.world,21.0
127381.0,13068006.0,amir shakiba,21.0
110072.0,19143104.0,Aljo Jose,21.0
97310.0,9449889.0,ptushev,21.0
140253.0,26294217.0,Peter Bright,21.0
159812.0,11213710.0,Nikola,21.0
174859.0,18332984.0,Marwan Issa,21.0
113630.0,16935285.0,Marni,21.0
117043.0,15512689.0,Ferran,21.0
121208.0,12688311.0,KiWiChoco,21.0
193244.0,31424403.0,VALIKALA SUDESH CHANDRA,21.0
143992.0,5003977.0,trent,21.0
194056.0,46526493.0,Remco,21.0
130623.0,17360458.0,Angry Physicist,21.0
193765.0,46344240.0,lynxy,21.0
193648.0,46297645.0,Larry S.,21.0
193408.0,46217282.0,Lasedfyh,21.0
191717.0,42313984.0,Luka Jašović,21.0
193230.0,2458249.0,Hajer,21.0
109425.0,20303405.0,GCA,23.0
149508.0,25773447.0,dmasny,23.0
110627.0,19556561.0,JPeterson,23.0
118361.0,8335508.0,Dan Offenbacker,23.0
128260.0,11811823.0,global_stats,23.0
103667.0,5205457.0,Mahsaem,23.0
133853.0,4429681.0,Nikhil Jaitak,23.0
128175.0,1055662.0,UnboundPrinciple,23.0
174205.0,18040245.0,heroMhf,23.0
130318.0,13736677.0,Shivam Arya Jha,23.0
111070.0,12406061.0,tamilini,23.0
162085.0,21295132.0,Arkadian,23.0
115687.0,11698672.0,Robert,23.0
135460.0,25225642.0,InsDSt,23.0
163922.0,9991669.0,peterparker,23.0
80808.0,6237962.0,C.S.,23.0
92547.0,11559776.0,Clankk,23.0
69621.0,12353672.0,Arshad_221b,23.0
151001.0,28857735.0,mostwelcome,23.0
68687.0,10161899.0,Irfan Yaqub,23.0
105145.0,14251780.0,Maurits van Roozendaal,23.0
115647.0,9912262.0,JavaApprentice,23.0
128797.0,10154726.0,Ad Ve,23.0
111048.0,12024494.0,crazyvalues,23.0
109881.0,19024923.0,BioIsaac,23.0
128469.0,23532220.0,Nauda,23.0
158573.0,16415741.0,Larry Burholme,23.0
156593.0,5751243.0,Nevermnd,23.0
151210.0,28326190.0,amy_hislop,23.0
120084.0,22095796.0,SamK,23.0
136323.0,20873204.0,Stefan Petrescu,23.0
161750.0,18535654.0,karim abousselham,23.0
149782.0,27526388.0,fatgladiator1712,23.0
127481.0,16452658.0,TheReal__Mike,23.0
161412.0,30335925.0,JAE,23.0
163066.0,32376891.0,Kanika Dixit,23.0
115796.0,21214129.0,AI_Revolt,23.0
161787.0,27768459.0,Sarvagya_P,23.0
136541.0,13673863.0,mlbrulz,23.0
125624.0,22833300.0,Parikshit Bharadwaj,23.0
103679.0,11496834.0,LearnerAL,23.0
113068.0,20917231.0,mis_swa,23.0
130080.0,21173157.0,WojKie,23.0
130606.0,23826364.0,neondot42,23.0
142842.0,11774695.0,dimitris,23.0
123002.0,12051482.0,SpaceSloth,23.0
154967.0,29570728.0,Anonymous,23.0
146145.0,27827650.0,Sedan Grib,23.0
119139.0,20268820.0,seyinia,23.0
110132.0,14915936.0,Src,23.0
91613.0,16677895.0,Victor Melvin,23.0
110396.0,20446610.0,Curious Capybara,23.0
117148.0,13332637.0,Balocre,23.0
120468.0,8575191.0,k-c,23.0
115131.0,15773739.0,piñatabreaker,23.0
136871.0,22773960.0,Ishrat Hossain,23.0
120603.0,19027450.0,JamseGoldman,23.0
132020.0,8597273.0,Gull Noor,23.0
110014.0,1744909.0,user2842390,23.0
126041.0,4810343.0,user166673,23.0
127066.0,22729935.0,Arik,23.0
136959.0,25565603.0,Neelix,23.0
125932.0,18477024.0,john-mueller,23.0
141984.0,26457375.0,arooki,23.0
167816.0,35090136.0,Adlane Ladjal,23.0
124861.0,6522792.0,user5046480,23.0
139059.0,9127538.0,giantjenga,23.0
115184.0,3443493.0,ayushsubedi,23.0
117221.0,19670732.0,Max,23.0
109588.0,5744206.0,Meomeoowww,23.0
168475.0,26268005.0,user27190899,23.0
112546.0,10304938.0,datanewbie96,23.0
117055.0,18168142.0,Essegn,23.0
130729.0,15479190.0,Omikor,23.0
138112.0,25810733.0,apcuevw,23.0
130230.0,23738188.0,dongliang peng,23.0
128586.0,10266202.0,PhilipTsv,23.0
127556.0,11511408.0,Nick9214,23.0
145902.0,11431498.0,Chuck Liu,23.0
136954.0,18261409.0,kanha,23.0
138799.0,19775076.0,ddd,23.0
118019.0,19737161.0,Franklin Dongmo nzoiyem,23.0
139509.0,17045550.0,Dinu Mihai,23.0
137147.0,25598667.0,Seb001,23.0
149008.0,19257261.0,randomuser228,23.0
124876.0,8437913.0,Roberto A. Real-Rangel,23.0
128638.0,23583142.0,Rohit,23.0
118731.0,15226113.0,AlexM,23.0
173536.0,24163860.0,Ammar,23.0
132148.0,15104340.0,jasperhyp,23.0
132333.0,1414776.0,Saif,23.0
153520.0,23589403.0,Omer Mualem,23.0
107456.0,19973640.0,Priest Gapon,23.0
43791.0,8608012.0,Emanuel Huber,23.0
163430.0,20130133.0,Erevos,23.0
134340.0,20423610.0,jake_asks_short_questions,23.0
162082.0,30518114.0,WillWu,23.0
156564.0,28971128.0,Aach_copro,23.0
136178.0,13321597.0,MushyMush,23.0
112161.0,20760174.0,Alex,23.0
173049.0,29133366.0,Milky Road,23.0
142196.0,17754491.0,royalTiger,23.0
108014.0,19966853.0,AMIT KUMAR,23.0
113936.0,11190491.0,vishal vanpariya,23.0
113310.0,20484642.0,Pascal Widmann,23.0
94689.0,16323747.0,khair,23.0
112149.0,11240833.0,Yash Jain,23.0
126563.0,17749051.0,Saket Vempaty,23.0
133421.0,22593850.0,freshst4r,23.0
141014.0,26492839.0,Kengo Ito,23.0
133430.0,24543600.0,yeyosef,23.0
111602.0,7989162.0,Vardaan Khanted,23.0
137465.0,22352128.0,avidprogrammer,23.0
136180.0,24666364.0,imene,23.0
117764.0,11067068.0,Rachayita,23.0
119664.0,12678085.0,CuishleChen,23.0
142386.0,7114404.0,Jay Ramsay,23.0
130032.0,7447296.0,ricardo,23.0
139110.0,20125448.0,HasanArcas,23.0
113918.0,9441506.0,Mirowsky,23.0
118298.0,14587622.0,razumichin,23.0
135876.0,18305244.0,Alp Evr,23.0
135581.0,24205909.0,Detr4,23.0
138035.0,21957806.0,JAdel,23.0
158825.0,26056859.0,Aws rayyan,23.0
156460.0,17078909.0,Stars,23.0
113060.0,19020138.0,Manoj Kumar,23.0
117105.0,10372495.0,Neal Liddle,23.0
133765.0,24663047.0,traber,23.0
118534.0,20973553.0,John S,23.0
126905.0,14840197.0,ogulcan demirhan,23.0
133569.0,9864611.0,F.Hazratian,23.0
126824.0,23110316.0,Anouar,23.0
116546.0,18944674.0,simo954,23.0
113643.0,10617188.0,Vikram R S,23.0
122322.0,17050602.0,Gábor B,23.0
128380.0,14195280.0,Clarius333,23.0
117685.0,19426333.0,Şafak,23.0
127271.0,12519991.0,070701,23.0
130252.0,22956875.0,kosekk_g,23.0
110898.0,12897726.0,ammar,23.0
138783.0,23517351.0,node_env,23.0
154983.0,13989519.0,the_he_man,23.0
149927.0,2162296.0,skustes,23.0
145424.0,17474739.0,Zelreedy,23.0
117968.0,21416623.0,Orit,23.0
138917.0,18408125.0,hyvel,23.0
110876.0,14419765.0,mkohler,23.0
112195.0,5459725.0,bws,23.0
148415.0,25871202.0,Arthur Caldas,23.0
138833.0,25961751.0,leskovecg98,23.0
159322.0,13737519.0,app_idea54,23.0
140292.0,17697338.0,franz-german,23.0
138728.0,20537346.0,Berk Yalcinkaya,23.0
144509.0,25714223.0,gray,23.0
119304.0,19004382.0,PATHIK GHUGARE,23.0
118513.0,19314168.0,Mauj Mishra,23.0
150961.0,6357078.0,Armi_Raz,24.0
80792.0,16645292.0,shahid,24.0
111054.0,13833354.0,borijang,25.0
168636.0,35495432.0,Leandro,25.0
77602.0,4835960.0,user3902660,25.0
115274.0,10264410.0,OnurTR,25.0
137503.0,3087329.0,morqueatsz,25.0
121267.0,7601125.0,Abc1729,25.0
118696.0,20054657.0,T97,25.0
149431.0,22545853.0,poglhar,25.0
149919.0,18624706.0,GroupTheory14,25.0
117828.0,16782461.0,Vyacheslav,25.0
136213.0,25397167.0,SSSOF,25.0
128213.0,23450557.0,DS_tech_member,25.0
113540.0,20993650.0,DataVader,25.0
138128.0,18042244.0,jackson,25.0
133399.0,24535481.0,Bert,25.0
78897.0,16424780.0,joe_mind,25.0
169668.0,35915922.0,user169668,26.0
40921.0,12069096.0,Johan,26.0
143163.0,27029005.0,Levon Ware,26.0
138985.0,26009785.0,Plinio Zanini,26.0
70409.0,15104382.0,shrikanth singh,26.0
116584.0,21392180.0,Nitish Ranjan Bhowmik,26.0
60675.0,6968993.0,Kartik Aggarwal,26.0
144886.0,13093854.0,Jasmine,26.0
144493.0,27424677.0,Naman Vyas,26.0
135622.0,14349259.0,rubelrennfix,26.0
47735.0,5370156.0,Nadav Carmel,26.0
103986.0,8241316.0,ditomax,26.0
159744.0,17197724.0,Maurya,26.0
145948.0,19364815.0,Larry Fishermann,26.0
172510.0,23955453.0,RandomUser,26.0
127133.0,23187953.0,Yusuf N,26.0
112998.0,1828850.0,Nikonation,26.0
133067.0,24229071.0,Thomas MICHEL,26.0
153908.0,13562701.0,Anuj Suhag,26.0
109788.0,20359197.0,Vijaya,26.0
150071.0,17165266.0,Ilya Nekhay,26.0
149959.0,5044664.0,sNeo,26.0
166298.0,17273584.0,Jay Gupta,26.0
156673.0,30020438.0,Karina,26.0
150440.0,27747200.0,SeaEngineering,26.0
125897.0,22898023.0,Thoufeer K K,26.0
112020.0,10504888.0,ghostiek,26.0
154454.0,29421310.0,Tristan Cotte,26.0
151699.0,19404913.0,Chiho,26.0
141417.0,26587066.0,ozge,26.0
134522.0,24865598.0,Dylzoe,26.0
110554.0,10098174.0,Rohan George Thampi,26.0
169207.0,27431817.0,afloy,26.0
112086.0,17423393.0,user12628549,26.0
127848.0,12879252.0,jindustries,26.0
151816.0,25995380.0,Christina Valavani,27.0
133716.0,15123149.0,PSB,27.0
140391.0,26325874.0,Fardeen Khan,27.0
120472.0,21429357.0,Valderas,27.0
107231.0,10856313.0,phatgamer69,28.0
168283.0,28190573.0,setinaz foroudi,29.0
147702.0,26595699.0,mikeman,29.0
138262.0,25620697.0,Vintagefiretruk,29.0
179208.0,9644567.0,Mac,29.0
179361.0,40953844.0,user179361,29.0
179724.0,41024844.0,Aman singh,29.0
125479.0,22801174.0,Manas Manoj,29.0
180064.0,41135815.0,DILF Unboxing,29.0
97865.0,18680690.0,Nyut Nyuka,29.0
74902.0,11263887.0,Mayank Khanna,29.0
137476.0,23206350.0,Sohail Zia,29.0
106106.0,19736437.0,Valdemar sousa,29.0
189976.0,44675327.0,Rex H,29.0
60807.0,13757776.0,Sand T,29.0
116251.0,18414135.0,user779537,29.0
80032.0,14466724.0,Ali Kılınç,29.0
192684.0,45708523.0,Sriram M,31.0
112957.0,17252737.0,Camilo Piñón,31.0
42944.0,2815124.0,david brick,31.0
112854.0,20879928.0,robbmorganf,31.0
113552.0,13415655.0,Albert,31.0
155427.0,10720463.0,Jim A,31.0
118306.0,18064845.0,Fazli,31.0
140992.0,16329926.0,ahavens,31.0
113288.0,12158367.0,akes,31.0
118604.0,16938519.0,Nitin Shravan,31.0
106301.0,11487738.0,user172500,31.0
127764.0,18720515.0,Alpha,31.0
159646.0,7636957.0,A. Baila,31.0
75044.0,13078922.0,grkiran2011,31.0
175632.0,38884130.0,Gab,31.0
127690.0,23324027.0,Pulkith Paruchuri,31.0
102678.0,18528430.0,Posionus,31.0
174918.0,12821046.0,Anas Ayed,31.0
174915.0,7400007.0,A. Romain,31.0
113427.0,20971386.0,Eren Kallikci,31.0
118799.0,12187436.0,willyboy,31.0
133280.0,24475303.0,Levin,31.0
117984.0,1351794.0,Emoticon,31.0
158097.0,30140114.0,Sahil Rathout,31.0
130347.0,13572593.0,matttree,31.0
178688.0,12507693.0,Keeehi,31.0
178763.0,38147548.0,Harambe,31.0
138306.0,19930804.0,MrFoxs,31.0
138282.0,25842423.0,Daniil,31.0
170835.0,30748695.0,paaaaat,31.0
118951.0,21875199.0,bohniti,31.0
127418.0,23252563.0,user127418,31.0
179256.0,30413415.0,Mahad,31.0
155021.0,29585108.0,Chuttle_guy,31.0
158540.0,30259416.0,scootjow,31.0
146176.0,58740.0,imaginative,31.0
110011.0,6983776.0,3ORZ,31.0
173923.0,37941295.0,user173923,31.0
109181.0,16542888.0,GreyFox,31.0
179129.0,16894631.0,Totura,31.0
99764.0,18937126.0,Akseli,31.0
74028.0,9522269.0,Sham,31.0
119330.0,12369920.0,fromSAS2Spark,31.0
161521.0,30799921.0,Danny Cisco,31.0
139580.0,24865882.0,Badr MOUFAD,31.0
112386.0,9716769.0,belz,31.0
137821.0,25746791.0,AspiringToAspire,31.0
180262.0,24051037.0,Mohd Yasser,31.0
118006.0,16681321.0,Abylay Omar,31.0
180835.0,41530099.0,junco,31.0
144085.0,15032931.0,griko,31.0
127722.0,16895885.0,Vishak Raj,31.0
119467.0,21976272.0,Bernhard,31.0
112212.0,20476449.0,Rockko Rock,31.0
137530.0,25025005.0,EWhite,31.0
138389.0,25868919.0,Vladimir Burtsev,31.0
138612.0,18866636.0,Aryan Philip,31.0
181044.0,41653856.0,user30388975,31.0
126435.0,15269484.0,Krs,31.0
117475.0,21552775.0,MGreen,31.0
172906.0,36162683.0,Shehzeen Syed,31.0
172848.0,14636857.0,bsluther,31.0
137793.0,6372560.0,Anne,31.0
128073.0,13915502.0,Bazoya,31.0
153843.0,29264500.0,Saurabh Anand,31.0
145729.0,14928308.0,Jenifer De Figueiredo,31.0
162575.0,4429829.0,Praneeth,31.0
117347.0,20183666.0,ILR,31.0
172215.0,37107219.0,roger,31.0
109527.0,3062734.0,Mertkan SIMSEK,31.0
127440.0,268169.0,bratao,31.0
109907.0,20380838.0,AdrienC,31.0
64889.0,3412288.0,Manu Joseph,31.0
180334.0,25180131.0,hopeless.cantor,31.0
109081.0,20250796.0,CrocusMac,31.0
137044.0,20315778.0,Tanishq Kureel,31.0
126696.0,1797480.0,user1636588,31.0
183835.0,25819976.0,Mostafa Hamza,31.0
183910.0,42513564.0,user183910,31.0
169284.0,29155334.0,Giovanni Petrone,31.0
141375.0,16438020.0,Julien,31.0
136939.0,25559052.0,Savita Lonare,31.0
183856.0,28156637.0,Tom Adams,31.0
184172.0,35742004.0,IAIMT2024,31.0
184078.0,42623264.0,Zaq,31.0
162961.0,31022916.0,P M,31.0
116233.0,7219042.0,Ichigo,31.0
168287.0,35343555.0,Arfa Ahsan,31.0
141202.0,19847091.0,christallclear,31.0
126039.0,22932868.0,Missy Aprea,31.0
153416.0,29172302.0,juci kater,31.0
184471.0,24368229.0,Kelly,31.0
189916.0,43936958.0,iCloud,31.0
142226.0,26785315.0,Thunder,31.0
136402.0,25439546.0,firedonut123,31.0
130951.0,23924640.0,Chichostyle,31.0
119834.0,22050735.0,Linda,31.0
111859.0,13996969.0,Bishal Th.,31.0
184055.0,41432330.0,PhilkoGIT,31.0
135436.0,12439945.0,cyber-meow,31.0
119874.0,8709323.0,lee,31.0
119691.0,22023877.0,ProstAlonso,31.0
131571.0,9719306.0,leveygao,31.0
151649.0,27391790.0,int_x,31.0
142710.0,18526967.0,Pedro Silva,31.0
142690.0,3562908.0,geoabram,31.0
167960.0,32508877.0,Xd00fg,31.0
111785.0,20697438.0,Hrushikar Teja K,31.0
142963.0,26532353.0,RandomGuy,31.0
192636.0,45676494.0,Phuong Pham,31.0
184177.0,42680940.0,Dzz,31.0
111857.0,4807386.0,eknagi,31.0
128610.0,23572095.0,user128610,31.0
132566.0,23870702.0,Julliet,31.0
136199.0,2099643.0,JanS,31.0
125583.0,19334458.0,Avihai,31.0
138503.0,7540455.0,Todd Morrill,31.0
118419.0,12029652.0,Tallys Prado,31.0
125609.0,22828231.0,Tony,31.0
140119.0,19614339.0,EddieStan,31.0
91909.0,14078875.0,Sathish Kumar SG,31.0
167501.0,23031585.0,Sebastian Bengtsson,31.0
147955.0,2891154.0,user2479920,31.0
172254.0,24756961.0,Michael Polonskiy,31.0
134668.0,10277143.0,Jacob,31.0
117728.0,21605989.0,Sandro270,31.0
115395.0,6226999.0,Victor Accete,31.0
172612.0,34110836.0,be_nice,31.0
185181.0,27457686.0,WhiskerFeatures,31.0
184946.0,28930384.0,Max,31.0
89319.0,17673259.0,Varun Bajpai,31.0
152076.0,28505370.0,Peblo,31.0
116839.0,21435631.0,Ilya R,31.0
133181.0,3341227.0,user2807477,31.0
140245.0,26291637.0,misterioso22,31.0
110361.0,17667944.0,user12824882,31.0
110357.0,19412983.0,Nick,31.0
173774.0,37859583.0,Zoltan Boros,31.0
125183.0,22729944.0,mimi acrs,31.0
87608.0,17425518.0,merve,31.0
109992.0,20395515.0,Cristian Balint,31.0
135970.0,25337068.0,Djakarta_zero,31.0
133208.0,24346457.0,dan,31.0
111365.0,20630700.0,Shivam Arora,31.0
136072.0,24414847.0,Vito Anania,31.0
93958.0,6622989.0,Chirag Palan,31.0
124901.0,19561871.0,Luka,31.0
176131.0,30352748.0,Mattma,31.0
185971.0,42393266.0,David Orndorf,31.0
109633.0,18639354.0,dontloseyourgoalie,31.0
107202.0,19331805.0,shaye059,31.0
146338.0,10685351.0,Sameervdtc,31.0
120100.0,8117085.0,Bradley,31.0
78390.0,16372992.0,Prospero,31.0
135572.0,24684488.0,jlnsci,31.0
43021.0,12459418.0,Max,31.0
133487.0,11149434.0,duy quan duc,31.0
127468.0,22165331.0,Abhishek Patil,31.0
133471.0,8092218.0,Mike,31.0
111345.0,20287991.0,iiphiizy,31.0
175250.0,29064990.0,ethqnol,31.0
143552.0,27151822.0,BoS_88,31.0
75803.0,16046159.0,Mayank Lal,31.0
124851.0,22647503.0,Pallavi Patil,31.0
83637.0,8829770.0,Anshul Tiwari,31.0
123456.0,9445416.0,awho,31.0
123468.0,19391201.0,2330nb111,31.0
106542.0,4821323.0,pppp_prs,31.0
143781.0,15053272.0,John mx,31.0
133681.0,24139822.0,Manas Pandey,31.0
115186.0,21111182.0,Ryan,31.0
112599.0,17438650.0,Marci,31.0
120024.0,22084264.0,Qwerty,31.0
113653.0,19381447.0,Fraser Hamilton,31.0
99200.0,9650358.0,Giacomo Zema,31.0
74134.0,15925660.0,not_converging,31.0
126830.0,15660737.0,vhio,31.0
184033.0,27356493.0,buffdownunder,31.0
110184.0,15492031.0,Jakob Koblinsky,31.0
109348.0,20289768.0,user109348,31.0
130713.0,17599698.0,Scarlett Q,31.0
89823.0,13252533.0,HEMANTHKUMAR GADI,31.0
86818.0,7907074.0,user185597,31.0
186896.0,43990186.0,jaystrop,31.0
176608.0,18656494.0,CakeMaster,31.0
110976.0,6605986.0,Pr-San,31.0
65533.0,6364716.0,CrazyMageQi,31.0
163278.0,32620909.0,pigeon,31.0
163804.0,32877627.0,perginat,31.0
145695.0,27716248.0,Student,31.0
135292.0,25184330.0,ShubhankarKG,31.0
109132.0,20258028.0,Student of Statistics,31.0
139461.0,26118680.0,Caitlin,31.0
163174.0,23868893.0,MrIzzat,31.0
163098.0,32411764.0,William Olsen,31.0
134071.0,18316065.0,Alex Aramyan,31.0
159373.0,30428058.0,user159373,31.0
133963.0,24205453.0,HK44,31.0
177022.0,18952553.0,Noah101,31.0
130316.0,19644200.0,Omar Oshiba,31.0
144218.0,24149502.0,agun7,31.0
111152.0,13795595.0,kvratto,31.0
187079.0,44104425.0,Anto Delin Xavier,31.0
110029.0,18358743.0,Deepak Sharma,31.0
73890.0,3536379.0,thiago_lira,31.0
122872.0,22437389.0,Ryan,31.0
163177.0,23240238.0,Dragos123,31.0
134005.0,24737262.0,Sourabh Gangwar,31.0
165321.0,33956402.0,Christian Geils,31.0
161239.0,30267435.0,beschichtung346,31.0
144332.0,21022673.0,Thamognya Kodi,31.0
187450.0,44228269.0,Mach5,31.0
110582.0,19295484.0,Ondřej Vitík,31.0
110071.0,9597060.0,Abdelrahman Abozied,31.0
110067.0,13673842.0,Mateus Oliveira Cabral,31.0
163000.0,28982270.0,tensor,31.0
134155.0,18868926.0,Rose,31.0
25696.0,1128610.0,Shlomi Schwartz,31.0
135172.0,12179868.0,hamza mon,31.0
161119.0,10234638.0,enmasse,31.0
67308.0,10540970.0,Steven,31.0
125603.0,18637343.0,rebar,31.0
187395.0,44306319.0,Chris,31.0
161801.0,2659387.0,Abhay Gupta,31.0
187564.0,44428518.0,Ardala Gopi Krishna,31.0
110819.0,20537275.0,José Augusto,31.0
113575.0,18450744.0,Mathew,31.0
177171.0,39791260.0,Jack Stethem,31.0
166440.0,29437751.0,Amritesh,31.0
134053.0,24749513.0,Abdulmoty,31.0
86769.0,11204863.0,Alex P,31.0
123432.0,18817180.0,alexryder,31.0
90693.0,17842056.0,Sushrut Shitoot,31.0
110196.0,19298067.0,pythonnoob2,31.0
66352.0,15181106.0,Yash Kanojia,31.0
134288.0,10891863.0,aRedDish,31.0
126273.0,14753565.0,Rajesh Idumalla,31.0
158560.0,13657715.0,far had,31.0
110839.0,20540400.0,Overloop,31.0
190002.0,44693208.0,bakingchef8,31.0
120754.0,22216886.0,Lam TRINH Thanh,31.0
128841.0,23636888.0,mmww87,31.0
144642.0,26649519.0,SDhakZZZ,31.0
122543.0,22370852.0,xlra,31.0
162666.0,23553165.0,Miles Cochran-Branson,31.0
119652.0,21980730.0,Tis,31.0
79180.0,11009813.0,Ramzi,31.0
116196.0,15664582.0,Aeolian,31.0
116314.0,17100910.0,Gilad Felsen,31.0
134642.0,11646.0,sv_in,31.0
128034.0,22153640.0,Giorgio Martinez,31.0
138409.0,25873237.0,Sam,31.0
113388.0,11297437.0,Jim,31.0
138531.0,14530010.0,fred,31.0
130369.0,11102558.0,Manish Sahu,31.0
191931.0,18385384.0,Celepharn,31.0
117948.0,12142015.0,Software,31.0
192291.0,45465279.0,HarveyKennick,31.0
108717.0,14682319.0,0009,31.0
110645.0,20508997.0,user110645,31.0
110628.0,15762205.0,bjernie,31.0
122830.0,3599237.0,user3002936,31.0
144670.0,16276178.0,Ankit Rohilla,31.0
143070.0,4636710.0,user3757753,31.0
143059.0,27001499.0,stack offer,31.0
193925.0,46444290.0,ki4berep,31.0
194034.0,46510850.0,MissingNo,31.0
115800.0,8528068.0,ProfTeachingNumericalMethods,31.0
106763.0,19854228.0,Pleban,33.0
163008.0,30363854.0,Ersven,33.0
116344.0,21326083.0,jim22394,33.0
163148.0,30702957.0,One Way,33.0
68519.0,8567473.0,Skander Hamdi,33.0
50627.0,6685798.0,DR.C0de,33.0
115751.0,21209454.0,learner,33.0
95511.0,17968521.0,Dhruv Kapu,33.0
107944.0,19789250.0,fac120,33.0
108504.0,19239670.0,Dia,33.0
162029.0,30633247.0,SmollPangolin,33.0
150808.0,17892412.0,Marvin Martin,33.0
186303.0,21189245.0,Mridul Gupta,33.0
91006.0,16176965.0,CJSSSSS,33.0
139554.0,17664318.0,Glinty,33.0
177656.0,8997082.0,Mike Kennard,33.0
178495.0,40531995.0,Abdelfatah Mennoun,33.0
49007.0,1968088.0,user1767774,33.0
96533.0,9619375.0,raff7,33.0
119091.0,16348763.0,cem,33.0
104303.0,11709250.0,HenDoNR,33.0
143924.0,27260274.0,Ludger,33.0
106799.0,19862084.0,Churchjm ,33.0
141110.0,16996220.0,p1unge,33.0
140063.0,13400469.0,fendrbud,33.0
168245.0,4673100.0,BillyBob123,33.0
141247.0,26281538.0,AngelMarcos,33.0
11028.0,2380592.0,Andrea M,33.0
97832.0,18605703.0,Maninder Preet Singh Puri,33.0
115622.0,13170607.0,Lucas,33.0
174833.0,36017435.0,Ada,33.0
159440.0,30298934.0,AvanishM,33.0
158199.0,11302240.0,Tathagato Roy,33.0
101180.0,12874036.0,cdr,33.0
127509.0,20238768.0,klegoff,33.0
75931.0,15052123.0,Hemananth,33.0
143422.0,18262809.0,Snehal Patel,33.0
163121.0,30078314.0,user23050542,33.0
133433.0,9783988.0,learnlifelong,33.0
128184.0,16978688.0,99Botch,33.0
116515.0,20613618.0,rilesdg3,33.0
185596.0,21279519.0,xF6,33.0
149598.0,20308762.0,kal_elk122,33.0
173999.0,37967703.0,h_ihkam,33.0
148305.0,3527042.0,Natanael,33.0
128351.0,21309921.0,RocketBlaster05,33.0
98643.0,17263377.0,Matthew Coudert,33.0
118775.0,21830644.0,Aashi,33.0
168483.0,16228201.0,LevelRin,33.0
119917.0,18961573.0,yaminlee,33.0
87995.0,15042768.0,mehmat,33.0
84571.0,6017973.0,Tirtha,33.0
156644.0,22722013.0,XMB-7,33.0
130990.0,23930515.0,theteanjk,33.0
116592.0,15675146.0,InvestingScientist,33.0
173739.0,29487244.0,Student coding,33.0
143261.0,7677828.0,Damm Joe,33.0
117892.0,21636928.0,Michele Raso,33.0
151620.0,5232740.0,T3nt4c135,33.0
113619.0,11928007.0,GeeKandaa,33.0
138281.0,10150026.0,Adrian,33.0
95046.0,14282948.0,User1086,33.0
116854.0,14059407.0,RLB,33.0
131342.0,22511766.0,besa,33.0
163025.0,17804169.0,Bad Coder,33.0
155131.0,24049818.0,Sandun Tharaka,33.0
149212.0,25473837.0,bosonphoton,33.0
175858.0,26181956.0,LifeisGood94,33.0
143103.0,2170303.0,PracticalKat,33.0
110525.0,20394646.0,raulfilipe127,33.0
138502.0,21088478.0,9hihowareyou9,33.0
141812.0,3657651.0,butwhy,33.0
128745.0,23322301.0,Zexxxx,33.0
85848.0,17160390.0,Raul Alvarez,33.0
110437.0,3641436.0,user7080,33.0
153928.0,29290791.0,Prithvi,33.0
138349.0,14507636.0,Rstan,33.0
152188.0,21855681.0,th2797,33.0
147761.0,9777286.0,GA Faza,33.0
116375.0,19826097.0,Daniel_Fortesque,33.0
112961.0,20900668.0,LOL,33.0
123222.0,13751227.0,Faaiz,33.0
121032.0,21827596.0,section117,33.0
106545.0,12799694.0,Hey Hey,33.0
108738.0,2539966.0,Ian,33.0
147813.0,13577439.0,smone,33.0
106367.0,19780526.0,Ali Shana'a,33.0
94539.0,6419747.0,dmayilyan,33.0
117919.0,21567144.0,Turned Capacitor,35.0
119810.0,19439730.0,Gandharv Bakshi,35.0
164727.0,27142370.0,Ansuman,35.0
119461.0,16724119.0,Nontawat Wutticome,35.0
100895.0,7600750.0,emily ,35.0
159233.0,9326916.0,Shawn,35.0
70702.0,9962664.0,amiando,35.0
118690.0,13313211.0,ro23,35.0
102849.0,16604777.0,Chukwudi Ogbonna,35.0
68274.0,7750957.0,Gupta,35.0
116413.0,1184550.0,user1158795,35.0
80085.0,473566.0,user882763,35.0
107661.0,9740494.0,Fiach ONeill,35.0
76156.0,14722257.0,Vinit Sutar,35.0
110009.0,20202229.0,learner ,35.0
158818.0,29689279.0,user_04248753498,35.0
99835.0,13213962.0,Doofenshmirtz,35.0
131957.0,24157419.0,sam,35.0
115585.0,16355627.0,Kidara,36.0
137753.0,25729181.0,Pushpam Punjabi,36.0
158564.0,29251495.0,Grégoire MARIE,36.0
177267.0,35664181.0,iancullinane06,36.0
149124.0,19563431.0,Grant,36.0
97616.0,10484195.0,JoeB152,36.0
151940.0,29051902.0,Trail Map,36.0
136976.0,13943686.0,lexan55,36.0
162661.0,32032855.0,Milad Aghdak,36.0
163218.0,32553325.0,Parlance,36.0
135733.0,20154749.0,king juno,36.0
112423.0,13400420.0,Ozcan Gundes,36.0
155984.0,9225029.0,NNZ,36.0
139364.0,11466156.0,El Houcine Es-sanhaji,36.0
127387.0,18179027.0,Sabrin,36.0
131092.0,23829374.0, Annis99,36.0
128922.0,23271115.0,Valeria Mordoh,36.0
149947.0,23500388.0,Mahmood Mohajer,36.0
41286.0,7129741.0,György Móra,36.0
149029.0,28324099.0,Kurati Sakyarshi,36.0
148623.0,20153204.0,Jonathan Oren,36.0
147767.0,27977177.0,pigsalaciarat,36.0
143053.0,25701473.0,HES,36.0
39328.0,9648888.0,Seyed Farzam Mirmoeini,36.0
155621.0,12281303.0,Pushpak Ruhil,36.0
122832.0,17716787.0,User,36.0
142185.0,24961162.0,Karthik kumar,36.0
128422.0,2284448.0,Todd,36.0
100066.0,18937981.0,mathella,37.0
112011.0,16559132.0,Albert,37.0
142904.0,24423386.0,Yotam,37.0
93863.0,18142589.0,Jean,37.0
103189.0,18959069.0,YJay,37.0
104675.0,5150659.0,Loretta,37.0
117530.0,9882671.0,Mar355,37.0
88709.0,16360741.0,3michelin,37.0
149841.0,17044648.0,Muhammad Usman,37.0
123356.0,4850889.0,Beba.S,37.0
183743.0,26326101.0,Sanjay Singh Gurjar,37.0
193661.0,46301562.0,maxwell sapanbil,37.0
161035.0,29414287.0,David,38.0
142098.0,21610467.0,Thomas Mikhail,38.0
94184.0,11157946.0,spawnfile,38.0
40163.0,11942458.0,Justin,39.0
109812.0,18460237.0,inder singh,39.0
189913.0,43403608.0,help,39.0
122802.0,17440756.0,user250756,39.0
163191.0,32524239.0,Karn Varshneya,39.0
65375.0,12882649.0,user9317212,39.0
110889.0,19424665.0,Joseph Anderson,39.0
105074.0,19507073.0,n.baes,39.0
104473.0,16568135.0,lairv,39.0
126119.0,11205901.0,Prabhat Mangina,39.0
193348.0,46182356.0,rbl100,41.0
193031.0,40758741.0,Activa Suit,41.0
161216.0,30676559.0,Unmesh,41.0
84724.0,14434028.0,omer sahban,41.0
144167.0,20213854.0,Nedyalko Yordanov,41.0
107201.0,19823237.0,user14519285,41.0
152988.0,17443273.0,Hithesh Jay,41.0
140727.0,19369778.0,Anomalisa,41.0
126952.0,15240798.0,ak1431,41.0
179199.0,40890016.0,user179199,41.0
127550.0,23286209.0,Jon Y,41.0
176901.0,36539100.0,Aditya_Panigrahy,41.0
118592.0,16736363.0,limonchellka,41.0
155905.0,29829654.0,Taitex,41.0
187337.0,5034058.0,WickedSymphony,41.0
91598.0,10114113.0,ad123,41.0
180502.0,39419016.0,Marcell Bruno -,41.0
154353.0,9755922.0,Lorenço Santos,41.0
162281.0,27891979.0,Juan Felipe Salamanca Lozano,41.0
187266.0,44219980.0,quail,41.0
86485.0,7060188.0,gasbag_1,41.0
180843.0,23601318.0,Reem ,41.0
126332.0,22841411.0,yukii Q,41.0
176010.0,39105880.0,Muskaan,41.0
139177.0,26055621.0,laurent descaunes,41.0
139029.0,20304936.0,A_cat,41.0
182112.0,42052109.0,guest156789,41.0
183691.0,18435621.0,Marti,41.0
76756.0,15037244.0,Perry Gogas,41.0
149901.0,27612721.0,FabC,41.0
116518.0,405606.0,patfla,41.0
183947.0,24797650.0,Vitonsky,41.0
70128.0,2665405.0,Neelesh Shukla,41.0
137454.0,16909196.0,zebo,41.0
60101.0,5644779.0,Kalsi,41.0
145045.0,27582913.0,JPTheEngineer,41.0
53215.0,9565953.0,Mohammad Nur,41.0
144075.0,25881955.0,SimoneA,41.0
101101.0,2222125.0,Linear Algebra fans,41.0
174922.0,38432681.0,Jack,41.0
146079.0,15097036.0,D.Holmes,41.0
123118.0,5550056.0,mohammad ali Humayun,41.0
146302.0,27863853.0,AleksJ,41.0
182199.0,42086141.0,cupacup,41.0
33724.0,6579092.0,dipanjan sanyal,41.0
139049.0,26026840.0,Alex Ashford,41.0
110131.0,14674069.0,Synikk,41.0
112872.0,20883321.0,javad hamidi,41.0
165218.0,33835112.0,roaa,41.0
165084.0,32186631.0,Ashishkabaab,41.0
133145.0,20671630.0,Alan CUZON,41.0
181818.0,41880439.0,NoumenalNetwork,41.0
130965.0,23826198.0,Tech_geek,41.0
116493.0,15275965.0,Hithesh Kk,41.0
137739.0,25498764.0,Brian S.,41.0
173962.0,37957918.0,Random Data Scientist,41.0
84653.0,12145412.0,Marco Frisan,41.0
125428.0,1879070.0,gtholpadi,41.0
117721.0,20470224.0,duddal,41.0
187335.0,30386346.0,Guru Moorthy,41.0
161697.0,26929923.0,EduMinsky,41.0
175893.0,19981889.0,Vicky,41.0
88342.0,2546020.0,wiggalicious,41.0
136122.0,19716254.0,hideonbush,41.0
173655.0,31714953.0,adithom,41.0
143803.0,27230462.0,quail,41.0
106399.0,17549710.0,dusembekd,41.0
116113.0,17345004.0,Boyd,41.0
132787.0,14684679.0,He Doesn't Row,41.0
148044.0,28045563.0,Mhmms,41.0
141973.0,19666820.0,Nacho Roncero Alvarez,41.0
125255.0,22750004.0,AlIgh,41.0
103063.0,18687286.0,Steve,41.0
116824.0,21432831.0,Waitbng,41.0
174930.0,38440887.0,Arar Gfhklat,41.0
7807.0,206562.0,Wayne,41.0
160014.0,30614541.0,Benjamin White,41.0
132800.0,24360663.0,Studentskp,41.0
185570.0,21136277.0,sophie,41.0
119022.0,18148230.0,Marc Henry Saad,41.0
141703.0,26661778.0,Tunechi,41.0
141193.0,26468006.0,fearloathing121,41.0
106808.0,18181524.0,Martin Xristev,41.0
159626.0,3202547.0,user2704338,41.0
161615.0,30547178.0,user18959,41.0
168437.0,31770885.0,Philoner,41.0
136865.0,25540152.0,Rpg,41.0
120486.0,20014522.0,Cranialsurge,41.0
9771.0,6346360.0,Felipe,41.0
175481.0,32364639.0,Monika Thakur,41.0
142852.0,26951893.0,ilved17,41.0
61796.0,14660242.0,Kushal Mohnot,41.0
184122.0,15566565.0,nathan-w,41.0
148492.0,26660974.0,CMath,41.0
112053.0,3790171.0,zfact0rial,41.0
124967.0,20454066.0,Ryan Keathley,41.0
186083.0,30899037.0,KamArk,41.0
9017.0,2510407.0,hjerp,41.0
110800.0,12675247.0,leoperassoli,41.0
110214.0,9217968.0,Manmohan Singh,41.0
135014.0,21258636.0,jared,41.0
161031.0,17060186.0,J. Doe,41.0
133095.0,12263294.0,MasterBlasterCoder,41.0
115588.0,21180377.0,Lema Zaidi,41.0
171461.0,36325182.0,AAA_11,41.0
110757.0,9126109.0,lostwanderer,41.0
122429.0,20477656.0,appeldaniel,41.0
122987.0,20886808.0,Houmes,41.0
148469.0,25491282.0,Zara Nz,41.0
163193.0,23180887.0,ndycuong,41.0
123439.0,18021628.0,Ymka,41.0
116258.0,18867963.0,The_Different,41.0
121019.0,19677544.0,Loukik,41.0
144717.0,27422155.0,Nathaldien,41.0
150062.0,9045712.0,user6738121,41.0
111605.0,19018948.0,Ashish Jain,41.0
112463.0,18436198.0,mayu,41.0
109190.0,13650619.0,Mico S,41.0
193242.0,29409250.0,Thị Mến Nguyễn,41.0
162732.0,14992247.0,theGreedyLearner,43.0
185544.0,24678526.0,CCranney,43.0
143418.0,16791152.0,user12138762,43.0
123187.0,18487715.0,Zhamshidbek Abdulkhamidov,43.0
158463.0,13828766.0,J. Drawman,43.0
125659.0,17037720.0,Tony Jesuthasan,43.0
54584.0,3936202.0,Farzad,43.0
56858.0,7023474.0,CuriousPanda,43.0
115009.0,21084223.0,learner,43.0
103477.0,19006171.0,Timofey,43.0
148801.0,24917328.0,mutli-arm-bandit,43.0
128846.0,18079913.0,schemabuoi,43.0
73322.0,12977629.0,drew_psy,43.0
158645.0,25676067.0,Shubham Patel,43.0
117926.0,17542347.0,Arthur Langlois,43.0
175694.0,19142412.0,astrobiologist,43.0
167170.0,27369162.0,namor129,43.0
107886.0,13245604.0,CMB,43.0
133132.0,8976079.0,Tomaž Bratanič,43.0
119463.0,14102123.0,Lydia,43.0
100157.0,6316663.0,Sal_H,43.0
146537.0,3195519.0,dismedia,43.0
139064.0,10428138.0,J. P. C.,43.0
126465.0,22712910.0,user4556432,43.0
122539.0,12250722.0,L. breitman,43.0
123290.0,19886752.0,10sha25,43.0
113561.0,5981154.0,Tom,43.0
58524.0,4049555.0,alias_neo92,43.0
177116.0,29632801.0,maticos,43.0
116418.0,19439655.0,Inhyeok Yoo,43.0
178825.0,40715145.0,user178825,43.0
53030.0,5596096.0,uNIKx,43.0
80166.0,376671.0,Alexandre Dumont,43.0
119605.0,21951246.0,tabumis,43.0
138661.0,16261594.0,RajendraW,43.0
183549.0,22839947.0,saladmobster,43.0
108686.0,20021219.0,PeterPaul,43.0
116240.0,21303096.0,theonionring0127,43.0
142876.0,26957504.0,J.Sriram,43.0
159775.0,18441012.0,Chuu,43.0
177840.0,8977.0,Mike Pone,43.0
139067.0,22914444.0,Tom Bomer,43.0
128528.0,16698129.0,Khosraw Azizi,43.0
167161.0,8367561.0,Kol Rocket,43.0
150355.0,3528138.0,Mustyby2,43.0
115809.0,21089255.0,StressedBoi3,43.0
149243.0,28076184.0,CodingNewbie,43.0
118827.0,16584484.0,Keerthana,44.0
119761.0,22037339.0,Shaelander Chauhan,45.0
103358.0,18478534.0,imavv,45.0
114973.0,20709445.0,Akshay Prabhakant,45.0
128577.0,16785814.0,MAS,45.0
141085.0,12373225.0,AAA,45.0
125741.0,21227578.0,Jainam Shroff,45.0
175064.0,37963.0,SpliFF,45.0
108567.0,9551693.0,andy,45.0
145759.0,25099107.0,Andrea,45.0
151439.0,25187813.0,Guilherme Raibolt,45.0
193899.0,43293825.0,Fia Shofia Zahra,45.0
133308.0,24507090.0,nighthawk,45.0
135386.0,24743190.0,Álvaro V.,45.0
132906.0,24391496.0,painintheass,45.0
133072.0,24083489.0,kevin_was_here,45.0
78312.0,16126839.0,Mohy Mohamed,45.0
94321.0,18216494.0,zzzbob,45.0
170570.0,36325879.0,FedeGiorgi,46.0
92451.0,18030522.0,Ghostpunk,46.0
170774.0,33176178.0,F.H,46.0
71888.0,211168.0,René,46.0
132584.0,24309047.0,Jorge N.,46.0
171969.0,36991852.0,Timothy Besigye,46.0
178397.0,32543068.0,superFL,46.0
166692.0,34514505.0,guillemonth,46.0
79617.0,11575019.0,JArmunia,46.0
158613.0,19329132.0,SamOrHyde,46.0
158757.0,30244052.0,Cory Fan,46.0
161798.0,31003624.0,Jordie,46.0
87885.0,17461511.0,datainsights,46.0
133734.0,5283415.0,andrew,46.0
140267.0,26293822.0,gaspar,46.0
128632.0,23580431.0,marcopovitch,46.0
100371.0,9088075.0,ttreis,46.0
144896.0,6605290.0,Robert Melikyan,46.0
131674.0,11636706.0,Vivek Singhal,46.0
105222.0,19585619.0,Sayantani Ghosh,46.0
123680.0,22606617.0,Danfper,46.0
118524.0,509457.0,mornington,46.0
126875.0,23091810.0,Angelica,47.0
95905.0,15164084.0,Tiago Bachiega de Almeida,47.0
143696.0,16708364.0,Paulo Sergio Moreira,47.0
135959.0,20470678.0,Luke Wardford,48.0
115811.0,21216470.0,Turnvater,48.0
179592.0,40995203.0,Eden Ngouanda,49.0
78591.0,11810343.0,Lei Mao,49.0
134529.0,3183903.0,Karl 17302,49.0
168111.0,35226558.0,Sathvik Bulusu,49.0
102646.0,19055678.0,student010101,49.0
79110.0,16261940.0,Fab,49.0
187371.0,44287008.0,Alfred,49.0
193029.0,45963544.0,Iformatio,51.0
153646.0,28930766.0,Ujjwal Chauhan,51.0
190503.0,22051000.0,an ch,51.0
146321.0,14056964.0,Mic,51.0
186164.0,42150837.0,bacsam,51.0
85411.0,13105523.0,AFB,51.0
18581.0,1158529.0,Raphael Roth,51.0
181855.0,41978540.0,Magdalena,51.0
181333.0,41802199.0,Martin Dendi,51.0
162256.0,10294411.0,D .Stark,51.0
154421.0,29394866.0,MC Racoon,51.0
128734.0,17492567.0,Jozef Nagy,51.0
165146.0,1068344.0,don,51.0
189961.0,17765424.0,MT0820,51.0
189705.0,19667361.0,ArshakParsa,51.0
137397.0,7403491.0,user37649,51.0
86002.0,15702062.0,Xafer,51.0
120914.0,12239659.0,Igal L,51.0
145718.0,2406343.0,Max Uppenkamp,51.0
187300.0,44243525.0,user187300,51.0
187323.0,13912100.0,Chicory Dee,51.0
144177.0,20337081.0,imaneeh,51.0
183258.0,42143630.0,tony,51.0
164365.0,14978276.0,M. Samir,51.0
155117.0,5271056.0,anilkunchalaece,51.0
68210.0,15386129.0,Hasan Shaukat,51.0
176961.0,14031788.0,utink,51.0
180221.0,17612465.0,leonid ulyanov,51.0
187134.0,7818857.0,lala,51.0
79111.0,6414981.0,Natrave Drova,51.0
123255.0,22510780.0,rrpelgrim,51.0
109217.0,5142004.0,jdepoix,51.0
181815.0,26420651.0,Basavaraj Kittali,51.0
118551.0,21769606.0,Luca,51.0
176146.0,39165153.0,CSD,51.0
83014.0,16791918.0,Ashwin Prasad,51.0
130949.0,17490535.0,test,51.0
35404.0,9290878.0,R. Iv,51.0
105387.0,6394667.0,lamyvista,51.0
95257.0,4030132.0,NST,51.0
178880.0,40749793.0,Bosung Boy,51.0
116821.0,15815401.0,David Tang,51.0
151434.0,28950125.0,user151434,51.0
118065.0,21647958.0,amber,51.0
144975.0,27212185.0,dark horse,51.0
134650.0,21742364.0,yonasboson,51.0
63767.0,9514026.0,Ammar Ahmed,51.0
143676.0,21409460.0,Chris_abc,51.0
85311.0,253393.0,Alex Shtoff,51.0
149277.0,2271648.0,Snake Verde,51.0
185997.0,43556734.0,debajyoti bhowmik,51.0
142660.0,16246789.0,invalid syntax,51.0
118895.0,21775103.0,Majid Az,51.0
143796.0,27225106.0,Jordan Carré,51.0
125502.0,13140073.0,Solano Manlet,51.0
113477.0,19629434.0,desch142,51.0
65288.0,4064006.0,Thomas Meli,51.0
112689.0,2788511.0,r1c,51.0
110945.0,16891064.0,kali_xyyali,51.0
176413.0,18369026.0,Fred,51.0
54503.0,13481336.0,T.Tos,51.0
106702.0,10935277.0,latida,51.0
110413.0,20464342.0,nrael,51.0
177287.0,17244896.0,Anubrata Das,51.0
86119.0,7881864.0,Nuser,51.0
101187.0,298666.0,Ragadabing,51.0
3566.0,4121693.0,Anton Rasmussen,51.0
139485.0,17719193.0,Haider,51.0
108606.0,17008595.0,Allan Araujo,51.0
156955.0,414118.0,learner,51.0
158798.0,30324238.0,mikepetterson,51.0
100369.0,16354889.0,Malyada N,51.0
113458.0,20978848.0,Jimonty,51.0
107760.0,19993882.0,Pari Ganjoo,51.0
155444.0,22012778.0,leapofFaith,51.0
144912.0,18874044.0,Oneflydown,51.0
138437.0,24375786.0,jonr,51.0
136877.0,25543105.0,akonr,51.0
115539.0,11746884.0,Mimi Lazarova,51.0
145178.0,27608062.0,Mehmet Deniz,51.0
185488.0,43271135.0,Narek,51.0
185572.0,43312403.0,Data Science Learner,51.0
144705.0,25715466.0,mehmety,51.0
111800.0,17956411.0,Carl,51.0
130096.0,10456370.0,Cenk Ten,51.0
185574.0,43315527.0,Eamonn,51.0
109872.0,2591718.0,Avinash S Karanth,51.0
109592.0,8894451.0,deniz,51.0
176165.0,33064774.0,noreli,51.0
76801.0,1442958.0,ps0604,51.0
193311.0,26578842.0,Jonas,51.0
122302.0,20095931.0,Raj jaiswal,51.0
192270.0,29758070.0,swar_codes,51.0
135284.0,25183138.0,Alverciito,51.0
118982.0,13961830.0,Confucius Cat,51.0
180276.0,39784412.0,Anya,53.0
145273.0,14295396.0,StudentV,53.0
185318.0,10552709.0,Bugsy,53.0
162170.0,10420455.0,Kuda Kulrider,53.0
116179.0,19024269.0,Tahereh Maghsoudi,53.0
104335.0,18303522.0,chrisper,53.0
188603.0,44463530.0,astro,53.0
117882.0,21634916.0,chris tan,53.0
130099.0,21834857.0,Maaz Khan,53.0
120601.0,20076136.0,SilentCloud,53.0
134596.0,24915263.0,Legna,53.0
173924.0,21297174.0,Aaron,53.0
134588.0,24883890.0,Deepak,53.0
139699.0,5046029.0,Codedorf,53.0
105289.0,14841713.0,s_am,53.0
149789.0,6984697.0,yousafe007,53.0
139846.0,8827811.0,Ereck,53.0
132046.0,8087973.0,ksohan,53.0
122966.0,22437596.0,Tovlk,53.0
181527.0,11062746.0,Moti,53.0
119639.0,8010146.0,glezo,53.0
110118.0,15050058.0,Paris,53.0
136312.0,18752299.0,Sobath Premaratne,53.0
95733.0,17308705.0,Mahajna,53.0
154947.0,25295355.0,NakataKoo,53.0
135531.0,23537409.0,Mark,53.0
144373.0,3390254.0,jason,53.0
119491.0,67390.0,Mr. Boy,53.0
127623.0,15435133.0,Canovich,53.0
115840.0,4715637.0,rajtilakjee,53.0
104930.0,19543331.0,datatech,53.0
131630.0,24084220.0,Adilson Medronha,53.0
122574.0,20414037.0,Marte Valerio Falcone,53.0
112583.0,19850508.0,Tariq Hussain,53.0
111191.0,15575422.0,Antonis,53.0
192870.0,45847593.0,Aditi Paretkar,53.0
127966.0,23401508.0,Esi,53.0
170708.0,31277540.0,Gizem,54.0
162638.0,32015207.0,Lisana Daniel,55.0
134712.0,22781783.0,r_noobie,55.0
115502.0,85186.0,good_evening,55.0
106912.0,13666602.0,Alex Dore,55.0
115740.0,15349991.0,JANVI SHARMA,55.0
140946.0,23473230.0,Alberto De Benedittis,55.0
13467.0,5775921.0,galaxy_m31,56.0
66149.0,11105004.0,J. Doe,56.0
119087.0,21900538.0,sharonh,56.0
138246.0,25835097.0,Martina K,56.0
99970.0,17645952.0,Mohit Nagarkoti,56.0
51317.0,13409895.0,cq64,56.0
123438.0,21888585.0,alex-uarent-alex,56.0
135328.0,11055947.0,Ajay Chawda,56.0
137907.0,13905219.0,matorbi,56.0
146454.0,27893024.0,irazza,56.0
142618.0,26880504.0,pwnkit,57.0
91738.0,13834977.0,Fernanda,57.0
138954.0,14225997.0,NevMthw,57.0
101228.0,18014736.0,Dae-Young Park,57.0
5344.0,3503935.0,Luke,58.0
88082.0,5378285.0,Karan Dhingra,58.0
52500.0,8336652.0,J Houseman,58.0
106474.0,13418265.0,JimBelushi2,59.0
137112.0,2870391.0,NGInd,59.0
125854.0,22887672.0,Usama2298,59.0
144907.0,10436252.0,mdslt,59.0
126577.0,22944063.0,nithin krishna,59.0
156661.0,28714432.0,Zollikofen4,59.0
130221.0,3068011.0,Jumpman,59.0
108233.0,19574737.0,ash,59.0
109983.0,20373997.0,user307393,61.0
154378.0,12575727.0,Helena Maxcici,61.0
177670.0,40070747.0,Etienne Reverchon,61.0
161772.0,30575635.0,harshchy2210,61.0
135935.0,21078426.0,meh,61.0
154066.0,7846760.0,MaK,61.0
84707.0,9364966.0,newbie,61.0
82762.0,11747097.0,shrish123 kumar,61.0
82045.0,6361362.0,Nitish Agarwal,61.0
165901.0,16806137.0,Kris13,61.0
186593.0,43874077.0,Predrag,61.0
191887.0,45155796.0,Mau1122,61.0
191968.0,45208243.0,Aditya Biranje,61.0
135855.0,15667478.0,Gello,61.0
112558.0,2741293.0,user2362790,61.0
184298.0,27821963.0,Tipy,61.0
99769.0,11073053.0,Denis,61.0
178424.0,40470475.0,barcamela,61.0
186037.0,43579743.0,celepharn,61.0
184830.0,42968304.0,Purushottam Sahu,61.0
183753.0,36307521.0,Ward Khedr,61.0
133635.0,17126804.0,gallego-posada,61.0
137882.0,13755391.0,OlorinIstari,61.0
115206.0,20717449.0,alex3465,61.0
79623.0,5473021.0,Alper91,61.0
128867.0,23644476.0,Nabila,61.0
65556.0,12541780.0,A M,61.0
151462.0,37134.0,Martin Thompson,61.0
94915.0,15765835.0,mojbius,61.0
149761.0,25296176.0,the_tomato,61.0
109299.0,5222604.0,nocturne,61.0
183523.0,16432829.0,Vineet Tripathi,61.0
130819.0,23892586.0,user130819,61.0
143807.0,23249231.0,JS Holding,61.0
156322.0,29932702.0,Farhan Rashid,61.0
74231.0,2231209.0,Peace Blaster,61.0
139591.0,26149067.0,test mac,61.0
180679.0,15470193.0,Mireia Gómez,61.0
152064.0,26368290.0,piero,61.0
176903.0,29454083.0,Ico,61.0
161077.0,30441554.0,Rushabh Kheni,61.0
158936.0,18263599.0,Yuuya,61.0
125856.0,22887192.0,Raveen Diaz,61.0
186937.0,30392851.0,SoftwareEngineer,61.0
128444.0,1374199.0,alepfu,61.0
178927.0,40265197.0,Akash Gupta,61.0
137422.0,2340073.0,Ohm,61.0
93939.0,8639122.0,CechMS,61.0
137118.0,1400028.0,Murali Mopuru,61.0
132125.0,24195254.0,yellowman,61.0
155612.0,27969917.0,Justin Jonany,61.0
133002.0,19498312.0,UgurZCifci,61.0
153666.0,10369053.0,jpotwor,61.0
66901.0,13981370.0,manpreet singh,61.0
143531.0,4950835.0,THEOS,61.0
187485.0,24849083.0,Ten,61.0
117851.0,17331624.0,Lucien S.,63.0
119436.0,17810724.0,meyerai,63.0
70999.0,9899766.0,Numbermind,63.0
119849.0,10891575.0,raghul,63.0
124872.0,19764667.0,carrot_142,63.0
125457.0,12469494.0,Tom,63.0
119043.0,4304114.0,Joey Baruch,63.0
66731.0,5742068.0,João Areias,63.0
118493.0,12182324.0,Kralley,63.0
67598.0,3869382.0,Liam F-A,63.0
113034.0,18823508.0,skevelis,63.0
148962.0,2384105.0,Chapo,63.0
149742.0,21004999.0,mattsmith5,63.0
104048.0,17233718.0,Puneet,63.0
111407.0,20621069.0,Евгения Рубанова,63.0
125079.0,19169500.0,Parth Sharma,63.0
137211.0,17232283.0,sermomon,63.0
140844.0,11963460.0,Penelope Benenati,63.0
115453.0,891679.0,Trevor North,63.0
146142.0,19547314.0,Mauro Crosignani,63.0
139235.0,219932.0,Marek M.,63.0
125021.0,3893516.0,user3223137,63.0
135950.0,2581149.0,Alaa,63.0
168886.0,10562480.0,EthanT,63.0
115332.0,13193744.0,Andrew,63.0
192534.0,45613781.0,Mike Westerfield,63.0
191999.0,23484964.0,aweller3,63.0
190585.0,44968388.0,Charlie chaplin,63.0
122573.0,10347762.0,Colin Crook,63.0
68021.0,13416154.0,JimDoe,63.0
146372.0,3521391.0,Rodger,63.0
116846.0,18489391.0,Muhammad Hamza Yousuf,63.0
111642.0,14573951.0,Angerato,63.0
95946.0,18428560.0,dataguy,63.0
124797.0,13704100.0,Mohammad Nakhaee,65.0
85998.0,15666109.0,Emma,65.0
115880.0,8863294.0,J. Herrera,65.0
143513.0,14244028.0,Gereon99,65.0
109168.0,20261893.0,krissy_fong,65.0
92396.0,11116189.0,Nandini  Matam,65.0
23422.0,5376871.0,ziggyler,65.0
151304.0,18959222.0,Tim,65.0
138812.0,25350377.0,john_standard,66.0
132142.0,13804560.0,Joe Richardson,66.0
136488.0,7057124.0,Ammar Rashed,66.0
135406.0,15915455.0,karteek menda,66.0
79542.0,9788327.0,Psychotechnopath,66.0
186021.0,43569629.0,Tanaya,66.0
136660.0,25498259.0,user_2340102,66.0
105679.0,1415575.0,I Sui,67.0
131233.0,23159820.0,NoRel,67.0
117614.0,556598.0,Kirsten,67.0
86377.0,6446614.0,Jamie,68.0
58839.0,1333135.0,Pig,69.0
142343.0,3107592.0,KaRJ XEN,69.0
167331.0,26574464.0,Salma,71.0
5199.0,968743.0,user991710,71.0
178649.0,25625179.0,Mashu,71.0
108776.0,20202891.0,Emma Bartholomeeusen,71.0
163651.0,9884425.0,Learner,71.0
112922.0,20893583.0,Faisal,71.0
66109.0,4567109.0,user3707850,71.0
162474.0,22461450.0,F-said,71.0
116447.0,15530312.0,Sebastian Eliassen,71.0
148994.0,15160314.0,Rohit Singh,71.0
108703.0,20190993.0,yuqiong11,71.0
163650.0,26532258.0,Mayank Singh,71.0
148855.0,10063422.0,Roohi Zuwairiyah,71.0
145725.0,27735109.0,user145725,71.0
100453.0,2599016.0,PWillms,71.0
99230.0,14343068.0,David Bacelj,71.0
140631.0,26384723.0,Tomasz Przybyło,71.0
130213.0,23707407.0,Phoenix,71.0
156251.0,27736456.0,tms,71.0
192901.0,29032667.0,wodank,71.0
180489.0,41341866.0,ExcellentGas3142,71.0
184356.0,24624590.0,Oyomot,71.0
133572.0,22434538.0,Mir,71.0
183576.0,29879257.0,No Limit,71.0
181551.0,41776653.0,Muhammed Erbay,71.0
14981.0,4025905.0,lml,71.0
145388.0,21941073.0,Xmaster6y,71.0
151671.0,28995134.0,LasiusMind,71.0
118546.0,3306323.0,Vasanth Nag K V,71.0
64994.0,2340382.0,John Smith,71.0
146452.0,24678816.0,IKNv99,71.0
128721.0,19650227.0,udaykumar gajavalli,71.0
187196.0,11448225.0,biohacker,71.0
68232.0,11597132.0,Fatima,71.0
109986.0,20394925.0,plutothepup,71.0
142848.0,26515561.0,Andrew Joplh,71.0
146358.0,19672103.0,alt_zancudo,71.0
155367.0,19407315.0,Frederico Portela,71.0
122314.0,9596284.0,Chandrahas,71.0
192984.0,14901661.0,ANKIT CHAKRABORTY,71.0
9670.0,3353707.0,tumultous_rooster,73.0
140484.0,25614347.0,nothingisme,73.0
133229.0,7460416.0,Nahid ,73.0
119848.0,20251935.0,J. M. Arnold,73.0
83143.0,10141534.0,AGX301,73.0
115551.0,7028033.0,caaax,73.0
131650.0,11462941.0,jumbodrawn,73.0
173879.0,11841617.0,molecularrunner,73.0
105031.0,9714111.0,Farrah 1234,73.0
20909.0,2098538.0,Tobias Hermann,73.0
112531.0,12898765.0,zonna,73.0
142073.0,23621239.0,cookiecutter,73.0
110934.0,4971915.0,andrea,73.0
130663.0,20606325.0,Filip ,73.0
117805.0,15711802.0,Fatma Hosni,73.0
124958.0,171499.0,Konrad Höffner,73.0
185795.0,14625070.0,David,73.0
69758.0,6315730.0,Pujan Paudel,73.0
10947.0,1849687.0,rise of a phoenix,73.0
100125.0,18751132.0,ru.mp,73.0
88915.0,12259265.0,Erik Dz,73.0
119591.0,8271690.0,frantic oreo,73.0
186652.0,43886531.0,Am_Bn,73.0
123265.0,6164928.0,tensormoby,73.0
110227.0,18613896.0,dohm,73.0
107360.0,14000097.0,Jason,73.0
127433.0,19921867.0,Leon Useinov,73.0
133013.0,9023925.0,Kunis,73.0
159803.0,13904652.0,Тима ,73.0
141192.0,10143715.0,postnubilaphoebus,73.0
127707.0,21923850.0,Anar,73.0
108060.0,14894315.0,IsmailE,73.0
6597.0,2192851.0,bryanj,73.0
141355.0,1738318.0,Miss.Alpha,73.0
102693.0,8733603.0,simond,73.0
31778.0,9904238.0,amjad khatabi,74.0
122356.0,17600665.0,Niklas Riewald,74.0
127281.0,10368713.0,Akshay,74.0
101424.0,13484979.0,Bharathi A,75.0
61843.0,5631389.0,moz_szt,75.0
67200.0,196184.0,ManInMoon,75.0
156334.0,5027623.0,Mas,75.0
109820.0,15890440.0,Mosleh Mahamud,75.0
33057.0,7754537.0,applebanana_456789,75.0
112139.0,15809013.0,n_prime,75.0
79462.0,16501032.0,VRaina,76.0
145413.0,27664971.0,Antonio Krizmanić,76.0
184551.0,32196013.0,Graham Pulford,76.0
28272.0,7094089.0,Alexandru  Burlacu,76.0
113372.0,6752631.0,NaiveBayesian,76.0
128251.0,18950843.0,Hao Huynh Nhat,76.0
62630.0,9514232.0,Sahil Gupta,77.0
111616.0,20658182.0,JiJoik,77.0
56339.0,5330307.0,RajeshS,77.0
122972.0,22330154.0,Lei,77.0
150803.0,28816697.0,tovijayak,77.0
146035.0,27244461.0,heyula,77.0
97629.0,18247780.0,CK23,78.0
135410.0,18284469.0,Gius,78.0
79124.0,10712645.0,achandra03,79.0
99761.0,18768361.0,kumar,79.0
57561.0,14024945.0,Evator,80.0
83378.0,6649882.0,Rob,81.0
144293.0,21166079.0,sushant patil,81.0
181349.0,27522351.0,AndrewN,81.0
126598.0,7838960.0,Cole,81.0
119444.0,6678582.0,Jürgen K.,81.0
96672.0,6140624.0,Josemafuen,81.0
184516.0,42878607.0,fabrizio chavez,81.0
178953.0,40787311.0,OnCodeDeny,81.0
117838.0,16049089.0,TiMauzi,81.0
109375.0,17999397.0,Cinemato,81.0
113533.0,20993833.0,Micha Christ,81.0
135463.0,3862585.0,FlyerDragon,81.0
156965.0,30057609.0,Rathod,81.0
142815.0,1044981.0,fede72bari,81.0
111109.0,20587782.0,rb173,81.0
79186.0,11221682.0,Aeryan,81.0
146126.0,27812878.0,danielOh,81.0
106015.0,16832392.0,Erin,81.0
159327.0,5932466.0,Seyed Omid Nabavi,81.0
140886.0,25613653.0,Akshay Gulabrao,81.0
120999.0,3538580.0,Dmitry,81.0
105184.0,19096087.0,Adnos,81.0
192664.0,19825130.0,CumMunist,81.0
192619.0,45663251.0,machine_learning_student,81.0
95353.0,6285844.0,AlwaysNull,81.0
142700.0,1050303.0,BigBrownBear00,83.0
187473.0,28770611.0,Giulio Lanza,83.0
100919.0,468160.0,puneet,83.0
88336.0,9006533.0,Pradeep Singh,83.0
186419.0,13593959.0,Andrei,83.0
167936.0,19670714.0,Spearitch502,83.0
118567.0,21594975.0,leahnanno,83.0
122762.0,22189053.0,Wong Wai Kwun,83.0
112500.0,20818676.0,user7834,83.0
89868.0,5783671.0,justanewb,83.0
140415.0,16287456.0,scott lucas,83.0
85759.0,8206559.0,Mostafa Touny,83.0
110503.0,16428470.0,Fabio,83.0
122949.0,5618328.0,M.SEL,83.0
117151.0,21495703.0,Raffaele ,83.0
140278.0,4144611.0,FrenchMajesty,83.0
49572.0,11298106.0,a--on-,83.0
132593.0,5569224.0,Jadon Steinmetz,83.0
110191.0,20370390.0,PyNoob,83.0
181313.0,19292859.0,onurubu,83.0
65908.0,15128246.0,Felix Tenn,85.0
68034.0,12378984.0,Manasvi Duggal,85.0
45935.0,5319596.0,amateurjustin,85.0
138392.0,17299541.0,zampoan,85.0
67349.0,3553964.0,HaneenSu,85.0
18682.0,211853.0,zzzbbx,85.0
30153.0,5519357.0,Dimimal13,85.0
46630.0,56742.0,Lance Pollard,85.0
118693.0,20083110.0,Step92,85.0
155100.0,26729741.0,Shruti,85.0
102706.0,3730850.0,Eduardo de Lima,86.0
107980.0,20059294.0,andins,86.0
155171.0,19922284.0,timmy1691,86.0
130604.0,19208903.0,SharmaTu,86.0
130528.0,23808770.0,David Tian,86.0
87869.0,17456960.0,Vivek,87.0
26493.0,1994630.0,kosmos,87.0
133238.0,20119049.0,SS16,87.0
115214.0,10033737.0,BenBernke,87.0
143179.0,16831122.0,Harsh Khare,87.0
142950.0,5406309.0,mrcoet,87.0
109650.0,20337438.0,Cuca,88.0
125324.0,22769218.0,Nandhu Kishore,88.0
116004.0,10257579.0,spb,88.0
113118.0,10696966.0,Spencer Gibson,89.0
126059.0,16571441.0,Maxi,89.0
104104.0,16590674.0,Anna,89.0
130860.0,23014209.0,Test,89.0
52891.0,5762271.0,Ashesh,90.0
132886.0,3499281.0,NotLost,91.0
192406.0,45537817.0,Scott Faulkner,91.0
193353.0,46184925.0,user193353,91.0
190067.0,26521263.0,Yazad Pardiwala,91.0
62507.0,1029962.0,Yossi Levy,91.0
172969.0,24454724.0,Alan Menchaca,91.0
178997.0,25456136.0,zak,91.0
123657.0,22597943.0,mdgrogan,91.0
137051.0,25053893.0,Aldla E Aoepql,91.0
144105.0,27296739.0,Ars ML,91.0
107361.0,1962130.0,monolith,92.0
115522.0,186156.0,skadio,92.0
41033.0,7304279.0,Alon Gelber,93.0
94705.0,7170443.0,Herman Autore,93.0
117018.0,1848379.0,pseudoDust,93.0
42022.0,6704587.0,wasif,93.0
191961.0,5010801.0,ba5s85,93.0
189723.0,22146963.0,lony235,93.0
99260.0,4209185.0,sander,93.0
126029.0,22256847.0,Evolving_Richie,93.0
130999.0,1866378.0,Erik M,93.0
85897.0,8995234.0,Wenuka,95.0
54799.0,11496269.0,jakes,95.0
133466.0,17259587.0,Fred Chang,95.0
118699.0,15989998.0,Mimi,95.0
110114.0,18432948.0,Tom,95.0
150257.0,21115241.0,S. M.,95.0
69074.0,6540027.0,Cyruno,96.0
78845.0,10109876.0,baustin,96.0
110445.0,17461087.0,benan.akca,96.0
163776.0,14155245.0,xabash,96.0
125775.0,19229249.0,K Max,96.0
167517.0,30685588.0,Lakshay Sharma,96.0
137701.0,8429681.0,Rodrigo Ferro,96.0
110962.0,10220017.0,Manish Kumar Singh,97.0
194628.0,1255724.0,Jason Crosby,97.0
40260.0,7700880.0,XYZ,97.0
92455.0,7058257.0,Norhther,97.0
132128.0,23399783.0,J R,97.0
127992.0,23408938.0,KK_o7,97.0
80860.0,12298896.0,Mykola Zotko,97.0
143967.0,23881179.0,Quang Hoàng Minh,97.0
87239.0,16909940.0,Foreverlearning,98.0
126055.0,450566.0,user15864,99.0
85787.0,11461970.0,Shaida Muhammad,99.0
38578.0,935194.0,Frobot,99.0
170539.0,7227586.0,nima,99.0
162039.0,98434.0,Huge,99.0
167167.0,6573869.0,Marco Feregrino,99.0
128862.0,15043957.0,Sachin,99.0
91439.0,7462348.0,physicsnoob1000,99.0
146021.0,27800827.0,Sivadithiyan official,99.0
180677.0,15965618.0,Guilherme Namen,99.0
117392.0,17003616.0,Daviiid,99.0
105510.0,19635498.0,Kamal Raydan,99.0
100619.0,16736825.0,Memphis Meng,100.0
87552.0,178805.0,Ilmari Karonen,101.0
111158.0,8870247.0,Alex Martin,101.0
31497.0,3305789.0,jonathanking,101.0
130072.0,2379762.0,Rishik Mani,101.0
143680.0,8198.0,Thomas,101.0
56692.0,13597241.0,Princy,101.0
111332.0,1037283.0,pippo1980,101.0
98973.0,15455407.0,Olca Orakcı,101.0
194356.0,29950924.0,Root Groves,101.0
136010.0,5265813.0,Sheldonfrith,101.0
35771.0,173152.0,jjmontes,101.0
107053.0,11342096.0,Coo,101.0
150503.0,6066015.0,Jay Bell,101.0
106253.0,1041593.0,tiao,101.0
135875.0,2853563.0,user2450223,101.0
82772.0,10163920.0,davide cortellino,101.0
189703.0,7092607.0,user453575457,101.0
194550.0,200051.0,Franz Knülle,101.0
136560.0,13929901.0,Kunj Mehta,101.0
59336.0,5939124.0,SHB11,101.0
144943.0,16806380.0,user676464327,101.0
54559.0,10206683.0,phileas,101.0
137667.0,4119713.0,xabush,101.0
135160.0,15678814.0,J Edward Hammond,101.0
140742.0,7047861.0,Ying Zhang,101.0
122839.0,3246873.0,bsplosion,101.0
155479.0,9995632.0,Sijan Bhattarai,101.0
116392.0,9999987.0,DrakeMurdoch,101.0
129977.0,1548736.0,Mack,101.0
119495.0,1507181.0,SomeDude,101.0
136895.0,3709899.0,HeytalePazguato,101.0
130373.0,14998461.0,convxy,101.0
32814.0,212375.0,Ant,101.0
153505.0,20402861.0,Volk,101.0
145357.0,6128964.0,MiKiDe,101.0
109610.0,5846003.0,micstr,101.0
187516.0,7020239.0,Santana Afton,101.0
143071.0,25454941.0,Nuri Taş,101.0
145900.0,86882.0,bushytop,101.0
179115.0,959793.0,aaaaaa,101.0
186961.0,19093004.0,Punreach Rany,101.0
109638.0,9738400.0,Vinod Kumar,101.0
138500.0,3382095.0,Eli,101.0
125145.0,22397639.0,Syed,101.0
130153.0,15684325.0,caeruleum,101.0
111042.0,18151291.0,pseudospin,101.0
116596.0,9668054.0,TheDataPanda,101.0
25744.0,12424.0,nekomatic,101.0
145607.0,6990964.0,Snifkes,101.0
128363.0,8932461.0,AEF,101.0
155862.0,5736070.0,mocquin,101.0
109449.0,5212878.0,BangolPhoenix,101.0
13949.0,7186071.0,Pankaj Sharma,101.0
179102.0,422432.0,Ayrat,101.0
150386.0,17565577.0,Tommy Wolfheart,101.0
85403.0,77701.0,MrDrFenner,101.0
137266.0,12493610.0,Galo Castillo,101.0
7768.0,2664013.0,Stan,101.0
136346.0,9438097.0,Sebastian R.,101.0
128393.0,1068883.0,user1068636,101.0
111142.0,18112978.0,Rehmat Singh Gill,101.0
177243.0,7256746.0,david_sap,101.0
175930.0,1434979.0,jazzpi,101.0
117038.0,17019770.0,Oussama Ouardini,101.0
139757.0,3072614.0,Christoph Rackwitz,101.0
149500.0,20807316.0,intlsy,101.0
145745.0,19741021.0,jkatam,101.0
130485.0,14833968.0,Raviraj Gardi,101.0
90298.0,17248861.0,leopardxpreload,101.0
119284.0,19301016.0,philein-sophos,101.0
128419.0,3626796.0,MsTais,101.0
77862.0,201479.0,yters,101.0
126607.0,5412613.0,KarelPeeters,101.0
134313.0,7489937.0,Nick,101.0
154968.0,1859902.0,borncamp,101.0
99237.0,359115.0,kern,101.0
56635.0,887255.0,Sergey Filkin,101.0
98292.0,6983214.0,nanoman,101.0
83564.0,7528089.0,Raphael,101.0
47197.0,187321.0,arivero,101.0
103206.0,8270836.0,MUK,101.0
144258.0,12328133.0,Brett Sutton,101.0
153995.0,10708429.0,Kaiwen,101.0
175204.0,2208620.0,sygi,101.0
116115.0,20080927.0,ASH,101.0
43950.0,5983163.0,Saeed,101.0
123297.0,3245578.0,Zetland,101.0
137019.0,4431468.0,Ze0ruso,101.0
149953.0,469692.0,128,101.0
151463.0,1812724.0,Tim Kuipers,101.0
184253.0,41928651.0,JouJour,101.0
145390.0,7589357.0,Mihail Vladov,101.0
23170.0,3793794.0,Manik Tharaka,101.0
128204.0,12281427.0,Bruce Swain,101.0
143777.0,16498531.0,imad97,101.0
155759.0,13829997.0,J B,101.0
103051.0,4107810.0,Hari,101.0
144034.0,6690626.0,Heliton Martins,101.0
144151.0,9751022.0,alryosha,101.0
111367.0,11876111.0,Mahdi Ghajary,101.0
115746.0,13561407.0,Malek Kamoua,101.0
38108.0,202223.0,John Lam,101.0
109367.0,16068396.0,Tuna Yüce,101.0
123247.0,325668.0,boraas,101.0
141234.0,26543707.0,ScottC,101.0
140542.0,18820561.0,Frightera,101.0
14041.0,17240.0,Danny Varod,101.0
90634.0,12680696.0,adrtam,101.0
130634.0,12954895.0,Ricardo Guerreiro,101.0
175432.0,401977.0,afaolek,101.0
45764.0,8288945.0,sato,101.0
149790.0,324108.0,Ilya Kolpakov,101.0
134891.0,12653391.0,fejyesynb,101.0
38183.0,3392888.0,Azhar Khan,101.0
163325.0,1795925.0,user1635327,101.0
145874.0,15915305.0,Jitin,101.0
83994.0,9033228.0,Taie,101.0
99546.0,7737741.0,David,101.0
146101.0,18002520.0,Ryednap,101.0
146093.0,19344258.0,Yassin Sameh,101.0
120460.0,14859989.0,Vedank Pande,101.0
107048.0,4821732.0,Davied Zuhraph,101.0
131522.0,18967216.0,Luciano Dourado,101.0
29505.0,1330155.0,fridaymeetssunday,101.0
64405.0,1198635.0,Sirko,101.0
122734.0,12999056.0,Matt,101.0
171337.0,14541153.0,Ford F150 Gaming,101.0
43527.0,9130735.0,Bas,101.0
104846.0,2005143.0,Tzach,101.0
131200.0,20380077.0,Ali Ent,101.0
88998.0,12167408.0,Erick Oziel,101.0
121201.0,5929184.0,jones-chris,101.0
85680.0,2975553.0,uday,101.0
150690.0,1103435.0,user1095332,101.0
173417.0,32730518.0,Lars Seme,101.0
158356.0,2304123.0,gabagool,101.0
52454.0,1371621.0,Will,101.0
108893.0,4505002.0,Richard Ward,101.0
108814.0,5248597.0,Stian,101.0
148634.0,3580881.0,Herr Derb,101.0
180933.0,12914161.0,Rigel,101.0
112330.0,2201346.0,prashanta_himalay,101.0
127927.0,21197605.0,Lakshmi R,101.0
69150.0,8074652.0,Benjamin Schwetz,101.0
35377.0,17747.0,Ainsley H.,101.0
141255.0,1733868.0,Antonello,101.0
150345.0,1642490.0,Khayam Gondal,101.0
8416.0,1970347.0,Sébastien Vincent,101.0
122609.0,20049116.0,EngGu,101.0
130817.0,5622044.0,KansaiRobot,101.0
130723.0,1028104.0,NSCoder,101.0
58591.0,4278932.0,asac,101.0
117699.0,8729143.0,David Enoma,101.0
44779.0,3107905.0,Kamil Czerski,101.0
143800.0,7699495.0,air cooled,101.0
143794.0,10595430.0,truvaking,101.0
112793.0,8776369.0,Bas Krahmer,101.0
77407.0,4611416.0,Andre Goulart,101.0
78544.0,7091506.0,Ahmed Gad,101.0
143789.0,3594079.0,user2999349,101.0
147565.0,3581672.0,user2989745,101.0
185826.0,24949404.0,Ranger,101.0
51853.0,1768832.0,Oren,101.0
12507.0,2536272.0,Shawn Wang,101.0
142053.0,243197.0,martinkunev,101.0
149698.0,25733506.0,Adam,101.0
143664.0,1924154.0,JF0001,101.0
140707.0,6373885.0,ShankRam,101.0
162091.0,1352662.0,Vladimir Malkhanov,101.0
153595.0,793439.0,JonathanZ,101.0
153630.0,3706417.0,Matt Morgan,101.0
144676.0,106133.0,Andreas Rejbrand,101.0
31379.0,9858326.0,Jerry07,101.0
123203.0,2166851.0,DARDAR SAAD,101.0
154649.0,3385580.0,minitauros,101.0
152218.0,3573826.0,evilmandarine,101.0
130534.0,2195316.0,Micky K,101.0
85728.0,2444850.0,Alfonso_MA,101.0
186852.0,21129552.0,user176372,101.0
177724.0,12692841.0,Agrover112,101.0
131960.0,2548037.0,MIMIGA,101.0
153840.0,229064.0,Justin Thomas,101.0
108789.0,13932379.0,Vikika,101.0
179214.0,7060805.0,Learn,101.0
119825.0,17127546.0,youta,101.0
90545.0,4627362.0,treeoid,101.0
12301.0,1460371.0,Romke Bontekoe,101.0
32165.0,5505924.0,Szymon Roziewski,101.0
63754.0,13931675.0,PirateofeBay,101.0
137282.0,9030195.0,Prince Modi,101.0
168342.0,445059.0,Suyash,101.0
116307.0,2222622.0,towr,101.0
131002.0,14758216.0,JCV,101.0
125194.0,9236381.0,PeaBrane,101.0
912.0,29134.0,jasonb,101.0
113544.0,1598423.0,atiretoo,101.0
116350.0,13531094.0,humanlikely,101.0
50276.0,12082502.0,robsanna,101.0
179074.0,4795746.0,Vylix,101.0
135604.0,6488681.0,user249018,101.0
2549.0,341129.0,njzk2,101.0
108794.0,1554324.0,RonJohn,101.0
139592.0,9023797.0,zolastro,101.0
130049.0,23676107.0,lsm_datsci,101.0
132152.0,6094990.0,Matthew Crawford,101.0
135335.0,12361025.0,mkisantal,101.0
192371.0,19128866.0,Kovy Jacob,101.0
141010.0,467946.0,Qqbt,101.0
145169.0,16358198.0,LightninBolt74,101.0
69550.0,15339894.0,Angelo,101.0
108877.0,2925729.0,zibadawa timmy,101.0
145000.0,1395283.0,user1325179,101.0
29284.0,4807424.0,McLawrence,101.0
154320.0,16607667.0,User,101.0
60119.0,8088448.0,Mobigital,101.0
111169.0,17113857.0,Bears,101.0
47433.0,8552789.0,Neckless Cage,101.0
138080.0,10709140.0,mig001,101.0
141013.0,513910.0,Dave X,101.0
118332.0,17606489.0,crabNebula,101.0
127534.0,22252928.0,FriendlyFire,101.0
131188.0,23976835.0,Matthias,101.0
118802.0,388430.0,Quinn Culver,101.0
58557.0,414546.0,vsz,101.0
84873.0,162196.0,fho,101.0
154033.0,11038833.0,edamondo,101.0
49432.0,12231952.0,Druudik,101.0
94597.0,91706.0,Manuel Alves,101.0
57528.0,73460.0,user855,101.0
177169.0,2084845.0,pradeep,101.0
96298.0,9963.0,Alex Ott,101.0
177472.0,14699110.0,J. Doe,101.0
118293.0,9880416.0,Nitish,101.0
116049.0,11139688.0,moth,101.0
193131.0,2859359.0,Mentalist,101.0
155680.0,5081776.0,infinitylord,101.0
131321.0,22356794.0,HarshDarji,101.0
31259.0,5751511.0,ti7,101.0
119867.0,128901.0,J...,101.0
131293.0,1153750.0,David Starkey,101.0
104471.0,3700957.0,Stef,101.0
145271.0,3873272.0,mikemtnbikes,101.0
145145.0,14609019.0,cherrywoods,101.0
142151.0,16216622.0,dimfalk,101.0
80492.0,16404658.0,Vladimir Kulyashov,101.0
6417.0,2640141.0,evinda,101.0
127529.0,15335127.0,Gray,101.0
168657.0,35508388.0,louise_vuitton,101.0
117901.0,5529366.0,Astyx,101.0
130885.0,20778597.0,Andrea NR,101.0
118309.0,15896415.0,wuiwuiwui,101.0
133079.0,4806665.0,Jonny Shanahan,101.0
123643.0,9212094.0,Fawad,101.0
111923.0,13165858.0,Max,101.0
112254.0,20390309.0,Nick Zorander,101.0
30905.0,10591964.0,Arya McCarthy,101.0
140422.0,2164877.0,Marc Glisse,101.0
142977.0,19142129.0,Christoph Thiede,101.0
133156.0,5552966.0,Ronen,101.0
80609.0,5224137.0,Kaustuv,101.0
167226.0,34643881.0,camilo_chart,101.0
149956.0,195854.0,Dave Newton,101.0
133872.0,16662223.0,matak8s,101.0
65057.0,2051145.0,Lazarus Thurston,101.0
25977.0,5543867.0,amarchin,101.0
148005.0,21636772.0,Totoro,101.0
193454.0,15228919.0,virolino,101.0
148171.0,2179806.0,John Johnson,101.0
109446.0,4415585.0,CiriousJoker,101.0
165101.0,19227.0,Jayden,101.0
141424.0,16152922.0,Jeet,101.0
143106.0,11158633.0,Sarath SRK,101.0
143086.0,19183712.0,ignacioct,101.0
138830.0,20952963.0,random_hooman,101.0
120749.0,21027012.0,sdave,101.0
52181.0,8004185.0,Soudipta Dutta,101.0
151731.0,10741605.0,Miss Understands,101.0
112363.0,4183435.0,Gaurav Parek,101.0
121162.0,432762.0,Vidyadhar Rao,101.0
166329.0,279804.0,Kirt Undercoffer,101.0
132753.0,1026899.0,RajV,101.0
148338.0,5877017.0,Bionix1441,101.0
134835.0,132788.0,psmears,101.0
92160.0,8566752.0,Eric Duminil,101.0
158247.0,3038516.0,vr3C,101.0
156010.0,4663216.0,NeelPatwa,101.0
112167.0,20761282.0,user112167,101.0
54297.0,1214260.0,Jean-Luc Bouchot,101.0
62505.0,51914.0,Martijn Courteaux,101.0
155343.0,29562118.0,Sillyasker,101.0
51379.0,210625.0,jdferreira,101.0
153927.0,9536052.0,jerron,101.0
154038.0,3498253.0,user2925716,101.0
82135.0,14857177.0,Sadaf Shafi,101.0
139877.0,3287008.0,user2771151,101.0
191777.0,22240288.0,James,101.0
137879.0,22748729.0,Meth,101.0
99274.0,7836365.0,roulette01,101.0
47335.0,4328522.0,Himaprasoon,101.0
96370.0,10300389.0,3r1c,101.0
124945.0,17387320.0,Lakpa Tamang,101.0
145084.0,6522774.0,Mi Ro,101.0
163067.0,2914759.0,Will,101.0
137740.0,25235702.0,Jilaba Hindga,101.0
142572.0,1112946.0,John John,101.0
14017.0,459761.0,0xc0de,101.0
140455.0,10147554.0,FatFingersJackson,101.0
76990.0,5087459.0,Durden,101.0
118268.0,18485998.0,Petar,101.0
118279.0,8371550.0,Yuki.F,101.0
107533.0,9985250.0,Anmol Deep,101.0
153950.0,3170107.0,user2679290,101.0
148910.0,3726972.0,user115608,101.0
139685.0,26020087.0,DavidH,101.0
139696.0,16808450.0,Ultralite,101.0
118437.0,1529209.0,Tony Sepia,101.0
112548.0,14689878.0,user90379,101.0
63228.0,1387645.0,kutschkem,101.0
45709.0,4325145.0,Vedanshu,101.0
134466.0,17756731.0,nonethewiser,101.0
156072.0,6689339.0,Prabhjot Singh Rai,101.0
156017.0,10508585.0,Roland Deschain,101.0
52376.0,10700131.0,Leander Moesinger,101.0
158452.0,11638774.0,user8524786,101.0
145738.0,14569669.0,Acad,101.0
133431.0,17372683.0,Bernardo Olisan,101.0
120033.0,10601398.0,Melih Aras,101.0
120988.0,3858602.0,sid8491,101.0
131755.0,3745843.0,xLeitix,101.0
156366.0,14785834.0,Shimi Shimson,101.0
142422.0,15407278.0,Gabriel Caldas,101.0
142394.0,2407603.0,user63726,101.0
162767.0,18015205.0,Leo,101.0
171890.0,1656136.0,Jess,101.0
171837.0,20375400.0,Kilkik,101.0
171711.0,9456159.0,Esam Olwan,101.0
116588.0,1902794.0,Lilo,101.0
40808.0,514227.0,Sealander,101.0
112026.0,6158397.0,Floris den Hengst,101.0
123537.0,9712263.0,bballboy8,101.0
145279.0,18302097.0,a6623,101.0
110526.0,347882.0,museshad,101.0
122411.0,18717131.0,Wakame,101.0
124852.0,18809457.0,Aryan,101.0
46021.0,3683512.0,user3067860,101.0
131965.0,3330628.0,John Kuhns,101.0
70133.0,15538535.0,Rajesh Shashi Kumar,101.0
146097.0,443003.0,user833970,101.0
146274.0,113159.0,Gaston Morixe,101.0
139367.0,4717669.0,Trojan,101.0
146063.0,18245732.0,Scipio,101.0
43799.0,43882.0,orokusaki,101.0
113414.0,20844560.0,Mr R,101.0
141037.0,162021.0,Marco,101.0
148701.0,7039160.0,Parisa Khateri,101.0
133542.0,18433184.0,CS1999,101.0
139395.0,8692664.0,Arash Howaida,101.0
141029.0,7622089.0,VeloFX,101.0
148718.0,182881.0,BAR,101.0
123572.0,2695500.0,Marcus,101.0
116670.0,18627658.0,Shantanu,101.0
159429.0,20923144.0,CyG,101.0
156526.0,96722.0,Benny Jobigan,101.0
47060.0,361030.0,Navin,101.0
69362.0,2155118.0,pds,101.0
77307.0,1268234.0,Sogo,101.0
30665.0,960660.0,Hephaestus,101.0
149182.0,1003712.0,gillenpj,101.0
142338.0,16082576.0,Bolchojeet,101.0
149280.0,1376724.0,laurent lahmy,101.0
127723.0,2366880.0,hejseb,101.0
148836.0,1373199.0,Glenn Willen,101.0
142042.0,289061.0,Tac Tacelosky,101.0
117540.0,3906983.0,Dimitris Paraschakis,101.0
133292.0,12039084.0,Julien,101.0
161793.0,1382631.0,rytis,101.0
87143.0,2283184.0,Jonathan Rayner,101.0
138617.0,2034887.0,nooshinha,101.0
88625.0,1993770.0,Mox,101.0
153728.0,13842611.0,Alex Teush,101.0
120910.0,2523286.0,Sycorax,101.0
61973.0,232345.0,Federico Poloni,101.0
137244.0,20971984.0,Deffo,101.0
87541.0,14845238.0,Muhammad Hassan,101.0
168169.0,1437687.0,Kliver Max,101.0
76885.0,5201274.0,David,101.0
145896.0,6898784.0,Krusty the Clown,101.0
53273.0,2507661.0,jon_simon,101.0
148346.0,3036674.0,Nicholas Pipitone,101.0
159167.0,18559192.0,DrJerryTAO,101.0
141868.0,4634346.0,Johan,101.0
110424.0,10074997.0,Your IDE,101.0
141386.0,10425526.0,intStdu,101.0
153363.0,1627658.0,Light,101.0
148702.0,1823079.0,jesantana,101.0
152979.0,17644896.0,govindah,101.0
136103.0,4040106.0,somebody,101.0
69395.0,3795627.0,Peter - Reinstate Monica,101.0
109630.0,3432129.0,Andrew,101.0
87196.0,16314073.0,Jesse,101.0
118753.0,13299976.0,agaitaarino,101.0
97671.0,525296.0,Andre Oporto,101.0
128620.0,5806577.0,Cyril,101.0
139124.0,1821429.0,user1655410,101.0
177488.0,1024857.0,gnash117,101.0
155733.0,783651.0,Akshaya Shanbhogue,101.0
148038.0,13342760.0,Egor,101.0
185670.0,2023824.0,MANICX100,101.0
149432.0,28438512.0,Horbeam,101.0
149404.0,180623.0,jokoon,101.0
149400.0,15883917.0,birdalugur,101.0
149385.0,154853.0,dade,101.0
106470.0,5780405.0,Fra,101.0
139086.0,2270264.0,bardulia,101.0
35655.0,453916.0,mastDrinkNimbuPani,101.0
108736.0,3015682.0,Nithin Jose,101.0
158641.0,20658358.0,MSKB,101.0
140114.0,18046011.0,Dylan Dijk,101.0
152573.0,13385561.0,Josh Hales,101.0
106548.0,10413718.0,Niloy Talukder,101.0
127093.0,15050482.0,Black Chase,101.0
126622.0,2425569.0,Imaxd,101.0
126695.0,3009367.0,Jaycreation,101.0
139024.0,7900713.0,xetra11,101.0
136430.0,19125092.0,Andrea M,101.0
156111.0,4202480.0,jokersobak,101.0
165997.0,8813041.0,Sigma Limit,101.0
149486.0,2389820.0,amchugh89,101.0
149588.0,17687297.0,Tom,101.0
142208.0,1259034.0,CaptainCodeman,101.0
166857.0,4413723.0,Jimmy Lee Jones,101.0
2455.0,22370.0,kenorb,101.0
108106.0,11144070.0,Pier-Olivier Marquis,101.0
13252.0,3400218.0,Niko Fohr,101.0
131280.0,11357901.0,QuestionablePresence,101.0
121249.0,2728367.0,Medulla Oblongata,101.0
109586.0,13963661.0,Lukas Petersson,101.0
115719.0,14283228.0,henceproved,101.0
6.0,935589.0,gerrit,101.0
9712.0,2310492.0,Bolaka,101.0
13131.0,132790.0,Josef,101.0
80560.0,15221118.0,overfit,101.0
137441.0,17349960.0,Leonardo,101.0
138723.0,19611333.0,Scope,101.0
162509.0,5392262.0,General Grievance,101.0
154962.0,25419863.0,insipidintegrator,101.0
166060.0,10917147.0,jigga,101.0
108631.0,5900315.0,Dr Krishnakumar Gopalakrishnan,101.0
148920.0,10769785.0,Markus Schreiber,101.0
132448.0,1343257.0,Oyabi,101.0
142012.0,12503051.0,Ryan Gaudion,101.0
142273.0,9665111.0,Andrew1024,101.0
116407.0,13118304.0,Xfce4,101.0
117748.0,11935386.0,jwpol,101.0
126371.0,8726586.0,Debbie,101.0
94472.0,2634228.0,Yoav Vollansky,101.0
111157.0,9619655.0,Bernhard,101.0
131075.0,3848528.0,Ildar,101.0
116719.0,7910158.0,Cypress,101.0
3090.0,307018.0,Simone,101.0
141055.0,68091.0,Adrian B,101.0
135661.0,8042203.0,Tonino Fernandez,101.0
109767.0,92302.0,M-V,101.0
93635.0,8722811.0,Z4-tier,101.0
742.0,3550024.0,UeliDeSchwert,101.0
165188.0,7543958.0,Vipin Dubey,101.0
84067.0,16778771.0,Srinivas,101.0
134253.0,240654.0,Ian Newson,101.0
142356.0,21656237.0,Hefe,101.0
108011.0,4708300.0,Adnan Ali,101.0
116810.0,5552141.0,Animeartist,101.0
151937.0,11158697.0,figbar,101.0
151848.0,25620402.0,Chris Ze Third,101.0
124985.0,7357426.0,Jkind9,101.0
124987.0,33808.0,Jason Orendorff,101.0
37048.0,212661.0,Jerry Tian,101.0
140900.0,9293314.0,jsotola,101.0
132459.0,8694829.0,Juliana Rivera,101.0
109757.0,489369.0,Niels van Reijmersdal,101.0
149753.0,229420.0,Abhishek Shivkumar,101.0
161901.0,349527.0,Yogesh,101.0
40854.0,74321.0,rkellerm,101.0
159684.0,2426467.0,Gopi,101.0
145929.0,22154643.0,Justin T,101.0
112004.0,18263953.0,WVJoe,101.0
13017.0,2471992.0,Gabriel Romon,101.0
42378.0,1450087.0,rickhg12hs,101.0
144333.0,15890454.0,Christian Hennig,101.0
163995.0,18133759.0,paammar,101.0
134480.0,7009564.0,Samuel-Zacharie Faure,101.0
134464.0,15250494.0,DeepInTheQF,101.0
141876.0,6947610.0,artificialnull,101.0
26530.0,2005646.0,smm,101.0
147942.0,8949690.0,Samuel Muldoon,101.0
147564.0,3084784.0,Ioannis K. Moutsatsos,101.0
132620.0,2031238.0,TLW,101.0
59637.0,8171135.0,moo,101.0
115682.0,7194129.0,Sai Chandra,101.0
71818.0,317403.0,g g,101.0
151743.0,285849.0,Henno,101.0
185251.0,17073675.0,Thuấn Đào Minh,101.0
140192.0,10253118.0,user140192,101.0
151157.0,52206.0,dhruvbird,101.0
21161.0,4837710.0,MANU,101.0
161468.0,4083320.0,user121330,101.0
99560.0,1497794.0,Abhimanyu Pallavi Sudhir,101.0
116912.0,4283453.0,AccidentalTaylorExpansion,101.0
120175.0,15968727.0,Manuel Popp,101.0
130897.0,910103.0,pseudoabdul,101.0
111469.0,15741319.0,Fissium,101.0
113512.0,4806935.0,Doopy,101.0
17543.0,5053268.0,edesz,101.0
144706.0,2079103.0,Ali Yeşilkanat,101.0
111484.0,344945.0,kylefinn,101.0
117811.0,10564023.0,Hoda,101.0
58402.0,5453344.0,Igor,101.0
16155.0,5004368.0,Oren Bochman,101.0
41546.0,65261.0,scarpacci,101.0
138151.0,7659078.0,Kevin Liu,101.0
132810.0,1320225.0,Richard Kranendonk,101.0
56686.0,4129164.0,kecso,101.0
29609.0,2173676.0,ranger101,101.0
132730.0,3229933.0,kunass2,101.0
47821.0,3185089.0,Aks,101.0
98737.0,7846453.0,Ather Cheema,101.0
161471.0,15912597.0,eps,101.0
161534.0,9739821.0,DonQuiKong,101.0
132260.0,16690601.0,Philipp123,101.0
44020.0,1624820.0,Trisoloriansunscreen,101.0
134807.0,3591780.0,Matt S,101.0
125207.0,15569865.0,Supperhero,101.0
109242.0,8262654.0,Vishal Kumar Sahu,101.0
150472.0,39365.0,Paul Prescod,101.0
75373.0,236479.0,Yan King Yin,101.0
176071.0,10478157.0,Artem Lebedev,101.0
32934.0,2231338.0,Diego Queiroz,101.0
126191.0,191287.0,Greg,101.0
162965.0,14671504.0,Federicofkt,101.0
105051.0,10771124.0,tschomacker,101.0
105828.0,19605123.0,Ariel Yael,101.0
162963.0,16236150.0,Niqua,101.0
138119.0,11429723.0,stackword_0,101.0
135082.0,48200.0,jdm,101.0
82277.0,7194983.0,Ibrahim.H,101.0
76995.0,14503071.0,John Omielan,101.0
162988.0,18819657.0,Akshat Vats,101.0
141759.0,8520896.0,GDI,101.0
118249.0,68706.0,Shawn,101.0
120758.0,13681379.0,bltSandwich21,101.0
147902.0,17308612.0,The Limit Does Not Exist,101.0
38994.0,4541861.0,RAS,101.0
162643.0,343058.0,Farhan Ahmed Wasim,101.0
149312.0,8717424.0,Anup Kumar Gupta,101.0
57816.0,6741245.0,Sorade,101.0
123499.0,3797526.0,greyxray,101.0
156656.0,25114103.0,Hamza NABIL,101.0
161128.0,20817839.0,Simao Gomes Viana,101.0
141658.0,477717.0,Mustafa,101.0
135229.0,13439859.0,Benisburgers,101.0
696.0,1475.0,Konrad Rudolph,101.0
151690.0,369347.0,Pibben,101.0
57479.0,1558124.0,MaxPowers,101.0
2539.0,5093.0,Oddthinking,101.0
161503.0,1600131.0,Idran,101.0
161507.0,3217011.0,neonblitzer,101.0
161641.0,2137018.0,Heye,101.0
33912.0,73201.0,movingabout,101.0
30913.0,5780751.0,Molnár István,101.0
159590.0,11303560.0,pazukdev,101.0
17662.0,143094.0,Pouya Barrach-Yousefi,101.0
137590.0,1405049.0,Pro-grammer,101.0
135453.0,61630.0,Richard H,101.0
125968.0,73747.0,vicatcu,101.0
107246.0,12718331.0,Hitanshu Sachania,101.0
162457.0,3223338.0,Mohit Jain,101.0
59334.0,1995973.0,Lei,101.0
133058.0,16683690.0,Ormetrom2354,101.0
61373.0,11588029.0,Pedro P. Camellon,101.0
54147.0,4207569.0,Katherine Chen,101.0
47183.0,9748851.0,Charlie,101.0
88428.0,3053095.0,nabla,101.0
89611.0,3364410.0,CyberDuck,101.0
150615.0,162481.0,6nagi9,101.0
125914.0,13224184.0,Yash Nag,101.0
120887.0,13652616.0,lse23,101.0
120672.0,13035727.0,LucyDrops,101.0
32604.0,10398209.0,jyr,101.0
128741.0,2979311.0,Flummiboy,101.0
53880.0,5133859.0,Hezi Shahmoon,101.0
29003.0,7638213.0,foreverska,101.0
131614.0,17547232.0,stateMachine,101.0
115428.0,14563171.0,JSVJ,101.0
120641.0,15194064.0,Matthew Kligerman,101.0
189660.0,3849027.0,Smerdjakov,101.0
21545.0,3085517.0,1110101001,101.0
18384.0,276682.0,Alexey Kamenev,101.0
141480.0,17263652.0,YoYoYo,101.0
156887.0,295648.0,laslowh,101.0
117314.0,17215418.0,Almendrof66,101.0
108287.0,282660.0,hAcKnRoCk,101.0
135639.0,18522216.0,BlakeB9,101.0
142305.0,16801428.0,Mohamad Ghaith Alzin,101.0
141455.0,26208891.0,whoisit,101.0
60273.0,2028100.0,niran,101.0
66948.0,3222172.0,jclouse,101.0
131124.0,8487741.0,Anubhav,101.0
107295.0,12424221.0,acoustic python,101.0
113916.0,5726191.0,Humam Helfawi,101.0
142484.0,1796165.0,salmin,101.0
139924.0,13065313.0,manabou11,101.0
111241.0,2192332.0,johnny 5,101.0
162121.0,23597469.0,Tom P,101.0
105795.0,3862860.0,koralgooll,101.0
136543.0,23703378.0,FD_bfa,101.0
116429.0,1417148.0,Kroll,101.0
131314.0,71340.0,Bruce,101.0
120677.0,20024607.0,blunova,101.0
159580.0,5284342.0,Jumboman,101.0
76048.0,193967.0,Alberto Santini,101.0
1175.0,4153260.0,Volker Siegel,101.0
132607.0,6752943.0,Reed,101.0
141842.0,11328722.0,Maura Pintor,101.0
159508.0,22988088.0,DimitrijeCiric,101.0
113898.0,2103705.0,DelGiudice,101.0
162304.0,6020371.0,user101010,101.0
106075.0,19732742.0,rajkumar_data,101.0
57875.0,3322177.0,dekio,101.0
143178.0,27032795.0,Banarasi Vaibhav,101.0
159445.0,24874564.0,hypermiler3,101.0
159814.0,14371735.0,Matteo Campagnoli,101.0
40572.0,5194023.0,Edison,101.0
132684.0,2499972.0,Maurice Schleußinger,101.0
113933.0,8052509.0,Vignesh Nayak Manel,101.0
125830.0,15476936.0,kleka,101.0
94898.0,400692.0,Paul Hazen,101.0
161871.0,8074161.0,h4kr,101.0
135547.0,19203337.0,Kaoutar,101.0
75462.0,1618212.0,driedler,101.0
110987.0,7766078.0,Klaws,101.0
47664.0,2212301.0,Alex,101.0
148142.0,152331.0,bcardarella,101.0
88366.0,235718.0,problemofficer - n.f. Monica,101.0
45650.0,295869.0,Paŭlo Ebermann,101.0
78251.0,1547583.0,RightmireM,101.0
111745.0,65366.0,Vincent,101.0
133501.0,3336906.0,Hana,101.0
133788.0,16290450.0,Aelius,101.0
18772.0,244340.0,Stepan Yakovenko,101.0
158218.0,6623360.0,clemsam lang,101.0
148389.0,9499576.0,arnoegw,101.0
95196.0,10293970.0,RLC,101.0
151148.0,4940352.0,Gwater17,101.0
134803.0,9083550.0,Robbie Goodwin,101.0
14766.0,6451743.0,jf1,101.0
162022.0,9649134.0,Savindi,101.0
134833.0,13521270.0,Yann Stoneman,101.0
71149.0,14458287.0,exan,101.0
51790.0,4190102.0,roastbeeef,101.0
150970.0,9622032.0,Nick,101.0
119769.0,11161489.0,patagonicus,101.0
150774.0,1785999.0,user1627466,101.0
135823.0,20116120.0,Abdulwahab Almestekawy,101.0
137255.0,2951411.0,unknown,101.0
103613.0,13215612.0,MehmedB,101.0
148245.0,13621214.0,ShapeOfMatter,101.0
140359.0,11055243.0,hillsonghimire,101.0
134197.0,2856557.0,Anto Jurković,101.0
112799.0,13216780.0,383930283423,101.0
159980.0,2771608.0,skm,101.0
113678.0,1698515.0,Anna Christine,101.0
116754.0,17973217.0,viniciusrf1992,101.0
51299.0,13311325.0,harpan,101.0
136706.0,11896755.0,KT.Thompson,101.0
118694.0,6257671.0,buhtz,101.0
126800.0,4595734.0,James Draper,101.0
82502.0,1507082.0,HappyFace,101.0
148309.0,529122.0,Michael Kay,101.0
38592.0,6640373.0,Sathish Kumar D,101.0
158608.0,1714825.0,Samuel Marks,101.0
116919.0,3048215.0,soungalo,101.0
113086.0,8339685.0,gary,101.0
69149.0,1082741.0,Worthy7,101.0
136758.0,1739617.0,Maxim,101.0
102722.0,13429938.0,SMMousaviSP,101.0
121152.0,7280843.0,W.314,101.0
106329.0,2174677.0,profPlum,101.0
84979.0,10082562.0,igodfried,101.0
123763.0,9897892.0,Cris Luengo,101.0
150794.0,2623946.0,seven-dev,101.0
42831.0,12425609.0,antounes,101.0
141523.0,17468176.0,User,101.0
59594.0,4847069.0,Sid,101.0
74356.0,3778200.0,user3138373,101.0
136961.0,1236484.0,Banturam,101.0
136100.0,17260375.0,Esther,101.0
45704.0,1040243.0,PatrickT,101.0
161916.0,7690561.0,Baghban,101.0
148244.0,7076594.0,Vedvart1,101.0
107948.0,19366123.0,namiyousef,101.0
161366.0,20200445.0,Konstantinos,101.0
45770.0,12531290.0,IndigoChild,101.0
136145.0,5012684.0,Premier Bromanov,101.0
122487.0,1496285.0,user1402154,101.0
121054.0,17435006.0,PrayForTech,101.0
61215.0,3438548.0,Amadou Kone,101.0
76542.0,364905.0,Evgeniy Berezovsky,101.0
119402.0,20247035.0,SoraHeart,101.0
138588.0,17112942.0,thijsvdp,101.0
105722.0,8519.0,MSalters,101.0
115263.0,9171151.0,ans,101.0
95284.0,7715240.0,Cristóbal Alcázar,101.0
148525.0,7452088.0,Gustavo,101.0
136479.0,79986.0,Ramy,101.0
140933.0,11900188.0,giacomomaraglino,101.0
86502.0,160141.0,Magnus Persson,101.0
140877.0,9886484.0,Pedro Gomes,101.0
133747.0,17092795.0,Lucas Giraldi,101.0
121115.0,453244.0,Daryl Teo,101.0
120176.0,2548077.0,Sachin,101.0
62209.0,2993061.0,neanderslob,101.0
99414.0,2569907.0,Deep,101.0
110850.0,13305500.0,Nima S,101.0
133878.0,1584381.0,orkenstein,101.0
12426.0,3359942.0,Andrew T.,101.0
128934.0,14693001.0,Daniel Quandt,101.0
177372.0,18442654.0,Limey,101.0
115963.0,11283698.0,Luiscri,101.0
141262.0,2746425.0,William Oliver,101.0
137543.0,3806206.0,Frank,101.0
115036.0,1379136.0,sjaustirni,101.0
125532.0,3497752.0,SKulibin,101.0
112504.0,13795134.0,milahu,101.0
136520.0,129066.0,cmptrer,101.0
69658.0,8949866.0,Anshuman Kumar,101.0
140789.0,3433470.0,Golitan11,101.0
128558.0,1815132.0,rob,101.0
6562.0,331923.0,orome,101.0
155081.0,6600802.0,JohnColtraneisJC,101.0
154716.0,1517413.0,Umberto Mignozzetti,101.0
135034.0,24443636.0,mxcdh,101.0
120269.0,2950497.0,Rupert,101.0
139252.0,11114442.0,Maximilian Krause,101.0
130742.0,2624565.0,Ofek .T.,101.0
155283.0,1828406.0,Alex_ban,101.0
44276.0,11643061.0,asmani,101.0
112938.0,9270986.0,EnlightenedFunky,101.0
133753.0,24657934.0,Ibrahim Rustamov,101.0
57851.0,10905924.0,John Hanley,101.0
23346.0,3109042.0,Aidis,101.0
101070.0,1328642.0,stevew,101.0
32981.0,1355012.0,abhinavkulkarni,101.0
142375.0,5749304.0,Jose_Peeterson,101.0
154379.0,5801032.0,Mostafa Bouzari,101.0
41173.0,1420414.0,Squirtle,103.0
158824.0,22206182.0,Daigaku no Baku,103.0
125699.0,2811841.0,Mark Lavin,103.0
86908.0,16508875.0,parsa,103.0
136739.0,10883421.0,vib,103.0
185956.0,4719941.0,wjandrea,103.0
134626.0,20138204.0,MathCurious,103.0
87159.0,10528629.0,Trenton McKinney,103.0
150807.0,385056.0,Dmitry Minkovsky,103.0
109136.0,5313.0,interstar,103.0
52117.0,759215.0,Kelly Goedert,103.0
135976.0,4781022.0,Creator,103.0
117126.0,6141077.0,trollpidor,103.0
151142.0,3112849.0,Larry Tate,103.0
71469.0,13091484.0,Yash Choksi,103.0
38403.0,7524459.0,fireball.1,103.0
132968.0,6463842.0,Charlie,103.0
151537.0,23661348.0,Willow,103.0
50881.0,5452123.0,santobedi,103.0
151716.0,6124564.0,hungryWolf,103.0
120971.0,17637397.0,Manu,103.0
117293.0,15602286.0,Aditya,103.0
150862.0,43392.0,anjanesh,103.0
125331.0,3408724.0,DrWhat,103.0
117780.0,256136.0,kodkod,103.0
77999.0,213131.0,Shimon Doodkin,103.0
136808.0,20913547.0,blnks,103.0
115390.0,2078089.0,Christian Vincenzo Traina,103.0
135189.0,18958121.0,knowledge_seeker,103.0
150473.0,19193878.0,Pss,103.0
127671.0,14844639.0,Lutterbach,103.0
107045.0,3090060.0,LudvigH,103.0
151808.0,1068299.0,BYZZav,103.0
115158.0,14413260.0,mjc,103.0
115684.0,272054.0,Matthew Walker,103.0
150091.0,4639022.0,Iynga Iyngaran Iyathurai,103.0
98839.0,8334640.0,dean,103.0
91519.0,14732502.0,imantha,103.0
142350.0,23416893.0,user996159,103.0
108297.0,13637281.0,Kyle Ong,103.0
134180.0,8279406.0,Stefano,103.0
103347.0,11651793.0,Rob,103.0
91280.0,1722110.0,Vincent,103.0
158779.0,27307309.0,SilvaC,103.0
136141.0,18637040.0,Dawid,103.0
109792.0,1811487.0,Marc Rasmussen,103.0
113354.0,17211957.0,m0ss,103.0
158679.0,20611913.0,snowball,103.0
54353.0,11014737.0,Ellio,103.0
112784.0,18041487.0,Constantin Werner,103.0
108890.0,17601064.0,scarlett rouge,103.0
169412.0,3332976.0,Leen Droogendijk,103.0
165633.0,5386774.0,ABB,103.0
146416.0,5724513.0,kirsanv43,103.0
115385.0,456157.0,Leon Cullens,103.0
117772.0,2362556.0,wfgeo,103.0
107326.0,385520.0,Amatya,103.0
115882.0,14247392.0,Aditya Prakash,103.0
96054.0,1564976.0,Moritz,103.0
82700.0,2062486.0,Daniel S.,103.0
133190.0,24478142.0,Carola,103.0
148448.0,17174369.0,coelidonum,103.0
68066.0,3687917.0,Martin,103.0
134649.0,11685647.0,novo,103.0
112448.0,16874035.0,mg2019,103.0
133344.0,15839017.0,Mathieu Krisztian,103.0
127411.0,1382680.0,jnemecz,103.0
142960.0,15584948.0,Mondo Duke,103.0
125316.0,3696341.0,Parseval,103.0
158436.0,17796836.0,K.R.Park,103.0
2727.0,1145003.0,Kevin,103.0
74339.0,13882255.0,Farid Maleki,103.0
139689.0,6657659.0,Nikita Belooussov,103.0
143421.0,18900324.0,Toakley,103.0
79422.0,6158364.0,Aashish Chaubey,103.0
154171.0,2894695.0,Alex Hall,103.0
122502.0,21063721.0,Phil Nguyen,103.0
158263.0,1477366.0,Nirro,103.0
121188.0,13292177.0,Luiy_coder,103.0
158188.0,27152083.0,Kemit4,103.0
112840.0,32324.0,Christopher Done,103.0
52511.0,3972601.0,user3276768,103.0
92340.0,6615368.0,Georgii Firsov,103.0
4799.0,4552539.0,paisanco,103.0
64332.0,7121054.0,Solomon Ucko,103.0
37657.0,9806242.0,Lohith Arcot,103.0
147811.0,11580535.0,JJJ,103.0
83395.0,7097947.0,noor h,103.0
131224.0,16873399.0,jeevu94,103.0
88424.0,17269277.0,Shahab Kazemi,103.0
158120.0,9536303.0,Pierre21,103.0
131801.0,24088702.0,Daniel Muñoz,103.0
75129.0,4652019.0,Ryan,103.0
127884.0,14283367.0,Shep Bryan,103.0
118390.0,898650.0,Zenvega,103.0
132044.0,20244371.0,JEAN LEONARDO ,103.0
131982.0,921847.0,Portland,103.0
143550.0,22358385.0,HullBreaker,103.0
156891.0,15135259.0,Mauro Giliberti,103.0
138534.0,21290362.0,gbe,103.0
111890.0,4942315.0,karlosos,103.0
119629.0,16238272.0,Hubert Rzeminski,103.0
127960.0,11004363.0,AbdA,103.0
24914.0,9319420.0,Data Pagla,103.0
65149.0,2382479.0,user1337,103.0
52362.0,353536.0,Palu,103.0
133356.0,33535.0,Eugene,103.0
169220.0,5701062.0,David Davó,103.0
135533.0,5716855.0,Aaron Artille,103.0
159393.0,7545489.0,Mathias Hillmann,103.0
132612.0,8851748.0,Koto,103.0
64409.0,187654.0,Steve,103.0
144729.0,16369709.0,Lakshitha Samod,103.0
145236.0,11244977.0,Somanna,103.0
117548.0,19625301.0,Rikky Bhai,103.0
2753.0,2710063.0,hola,103.0
122527.0,6942471.0,M.E.,103.0
112143.0,18267428.0,snookso,103.0
110269.0,20379256.0,Uditha Herath,103.0
82874.0,7698503.0,Salty Gold Fish,103.0
122925.0,17797164.0,stats_b,103.0
142685.0,23625773.0,learner,103.0
131111.0,354384.0,jjei,103.0
146168.0,5252322.0,drulludanni,103.0
156221.0,19652815.0,monopoly,103.0
130836.0,10256311.0,Bouji,103.0
130803.0,20665162.0,adey27,103.0
110498.0,12352101.0,Cyrus the Great,103.0
118849.0,21634284.0,harsha,103.0
113770.0,11120331.0,Ness,103.0
67113.0,430887.0,sak,103.0
91067.0,515608.0,Helder,103.0
155969.0,18020505.0,Sebastian Nin,103.0
101460.0,12259082.0,Be Chiller Too,103.0
161730.0,30050363.0,Harmony,103.0
145668.0,36732.0,nont,103.0
109599.0,3357666.0,Juan Carlos Oropeza,103.0
130704.0,25555.0,akiva,103.0
116556.0,8179904.0,Winston,103.0
74592.0,1224159.0,user1190107,103.0
78014.0,11010649.0,Mehmet Yildirim,103.0
138956.0,13670302.0,relu,103.0
150114.0,15630725.0,Jossy,103.0
154912.0,383766.0,dsb,103.0
155034.0,14453162.0,Ommo,103.0
145110.0,27538928.0,Formal_this,103.0
78961.0,6115747.0,Angus Campbell,103.0
139292.0,3000508.0,arc_lupus,103.0
122820.0,12423238.0,Tim,103.0
142630.0,13212202.0,David777,103.0
106480.0,2322230.0,Alex Shroyer,103.0
154855.0,23361.0,Sergey Aldoukhov,103.0
91192.0,15055338.0,IwillLearn,103.0
144300.0,3217204.0,Faisal Memon,103.0
167113.0,30627636.0,spie227,103.0
100281.0,16701969.0,Schach21,103.0
110991.0,6501149.0,Matthieu Dsprz,103.0
131316.0,8986118.0,mr.T,103.0
23672.0,2106577.0,maple,103.0
61884.0,10566788.0,Mr.Robot,103.0
122464.0,6144987.0,hululu,103.0
122834.0,78868.0,Peter Cordes,103.0
103217.0,16908384.0,NoVariation,103.0
68575.0,12607676.0,Justice_Lords,103.0
127450.0,16331368.0,HashBr0wn ,103.0
110615.0,3054.0,rsrobbins,103.0
108584.0,387861.0,Gqqnbig,103.0
154682.0,12384384.0,blundered_bishop,103.0
145077.0,18033219.0,juanmac,103.0
144419.0,9845728.0,Javi,103.0
65478.0,7012601.0,Ananay Mital,103.0
18266.0,156180.0,Zesty,103.0
105267.0,3176223.0,TheNumber23,103.0
115282.0,13124102.0,Quantum Guy 123,103.0
148133.0,486252.0,mirix,103.0
111557.0,376718.0,Steve3p0,103.0
192489.0,2782008.0,Beer_en_thu_si_asT,103.0
117400.0,10589206.0,sm29,103.0
78430.0,9776059.0, owise,103.0
32121.0,7738854.0,JohnM,103.0
97074.0,2739691.0,Vitaly Isaev,103.0
128840.0,234691.0,MechMK1,103.0
154539.0,17026188.0,Ro.oT,103.0
105469.0,9608835.0,PeterBe,103.0
109194.0,19390457.0,bashity,103.0
105173.0,8830567.0,Michael Pulis,103.0
143491.0,3183080.0,prakashrajansakthivel,103.0
87630.0,2916137.0,Dan,104.0
111331.0,2438003.0,Rainald62,105.0
54234.0,10908553.0,exteral,105.0
96342.0,2885562.0,capiono,105.0
43623.0,42463.0,Michael Mior,105.0
166282.0,29715010.0,love and light,105.0
59044.0,11879775.0,EMKAY,105.0
107895.0,8213792.0,RajS,105.0
106935.0,252240.0,Nick ODell,105.0
119217.0,19703200.0,Adarsh Wase,105.0
117775.0,21610959.0,Joe,105.0
61903.0,11685776.0,erre4,105.0
132126.0,24188006.0,Yellowman,105.0
25638.0,344616.0,Nicolás,105.0
128033.0,15652327.0,peter,105.0
153991.0,997598.0,Putnik,105.0
63897.0,13286703.0,massisenergy,105.0
30567.0,5772444.0,Albert,106.0
65520.0,2689436.0,Eduardo Di Santi Grönros,106.0
42248.0,10578162.0,TheBiometricsGuy,106.0
141289.0,26555237.0,aEmQy01b,106.0
155554.0,29648236.0,AhYas02,106.0
13808.0,5182392.0,Amazon Dies In Darkness,107.0
121243.0,22288920.0,joseph,107.0
158997.0,19548737.0,camhsdoc,107.0
103997.0,19195758.0,megamence,107.0
117522.0,21534441.0,Federica F.,107.0
111612.0,5154335.0,Awais Hussain,109.0
138717.0,1235937.0,safe_malloc,109.0
108962.0,427227.0,Chenna Reddy,109.0
110113.0,1657058.0,Argha,109.0
138433.0,4769124.0,PierreVanStulov,109.0
179099.0,29481701.0,Alphin Thomas,109.0
136962.0,8432222.0,Dron4K,109.0
179211.0,3368067.0,albusdemens,109.0
96332.0,2086517.0,Data Science Analytics Manager,109.0
119572.0,456191.0,David,109.0
138396.0,13441460.0,mgross,109.0
89903.0,7433481.0,JohnDizzle,109.0
98669.0,5050731.0,Julen,109.0
126307.0,13198881.0,user9532692,109.0
115601.0,1647878.0,Luis Delgado,109.0
13526.0,4441196.0,Richard Hardy,109.0
152103.0,26557133.0,Barbara Gendron,109.0
98667.0,10994007.0,DaveR,109.0
100504.0,16084822.0,philosofool,111.0
119555.0,10786367.0,Pierre,111.0
128888.0,6765857.0,czypsu,111.0
119796.0,1881966.0,James LI,111.0
142734.0,11389854.0,invzbl3,111.0
110711.0,1350946.0,Bula,111.0
110732.0,3064710.0,Adam,111.0
110736.0,2794468.0,paarandika,111.0
128830.0,4142291.0,jda,111.0
137881.0,387639.0,Doug Null,111.0
102910.0,5529809.0,dl.meteo,111.0
86273.0,1335158.0,Marcin Kawka,111.0
66777.0,439114.0,bio,111.0
158626.0,6427864.0,reinis_mx,111.0
123692.0,313806.0,Draex_,111.0
122538.0,20445571.0,Jared,111.0
153782.0,9590696.0,deblue,111.0
119809.0,1470635.0,danny,111.0
151385.0,10371252.0,zar3bski,111.0
162154.0,14136698.0,Otobong Jerome,111.0
158723.0,13193.0,Morgan Cheng,111.0
130578.0,20204056.0,Huzaifa,111.0
123682.0,7888071.0,Rlz,111.0
115738.0,5703111.0,Ymi,111.0
8307.0,358924.0,fstab,111.0
139999.0,20509845.0,Tushar Sethi,111.0
140003.0,7167400.0,apgsov,111.0
122310.0,952877.0,rap-2-h,111.0
152189.0,5365963.0,math_guy,111.0
106438.0,141196.0,JnBrymn,111.0
6641.0,5545296.0,Eilia,111.0
150710.0,257411.0,hanna,111.0
111640.0,17837757.0,Dylan Kerler,111.0
80894.0,9354367.0,kyriakosSt,111.0
131981.0,23726624.0,Gianmarco Luchetti ,111.0
155087.0,4870450.0,randhash,111.0
10435.0,382376.0,TrewTzu,111.0
95022.0,5497141.0,BlueTurtle,111.0
159347.0,15876342.0,Nick The Dick,111.0
40972.0,4119206.0,Doc,111.0
115570.0,20277209.0,requiemman,111.0
136835.0,216944.0,Jean,111.0
125263.0,11512219.0,Gramatik,111.0
25397.0,6111379.0,User2321,111.0
67492.0,952632.0,ManuelSchneid3r,111.0
91897.0,5194376.0,Amit be,111.0
63443.0,3227363.0,hirschme,111.0
125225.0,17119270.0,Tomáš Buchta,111.0
95860.0,13697959.0,Aritra Roy gosthipaty,111.0
66316.0,9996626.0,Nikhil Mishra,111.0
115435.0,14366310.0,mitmath514,111.0
62929.0,2245093.0,Sidharth Ghoshal,111.0
140362.0,2973659.0,batlike,111.0
127637.0,522687.0,Pog Le Pog,111.0
141882.0,1028099.0,yodi,111.0
151387.0,12848310.0,Stan Tendijck,111.0
46818.0,2586124.0,dhiraj suvarna,111.0
110281.0,1564474.0,broccolifarmer,111.0
52232.0,4495321.0,hypnomaki,111.0
125470.0,13680995.0,Seji,111.0
125482.0,7196589.0,Jostein Sortland,111.0
125477.0,20571486.0,ShridharK,111.0
91047.0,17499610.0,LazyCoder,111.0
136648.0,1553771.0,jerorx,111.0
140985.0,9780715.0,pavi2410,111.0
140968.0,6742592.0,Coto TheArcher,111.0
161232.0,20933563.0,Sloth Man,111.0
71138.0,3409919.0,Elliot Way,111.0
121173.0,8921265.0,user357269,111.0
98463.0,5453973.0,Sam,111.0
32115.0,3303273.0,chronosynclastic,111.0
65198.0,10792611.0,amiabl,111.0
58519.0,14270763.0,user58519,111.0
136911.0,19378228.0,jbolt,111.0
132390.0,15106974.0,L. John,111.0
149092.0,3251786.0,user2741831,111.0
78184.0,12077235.0,Santosh Kumar,111.0
115170.0,427184.0,Orun,111.0
113311.0,269108.0,penkovsky,111.0
71594.0,6291441.0,Saïd Maanan,111.0
121064.0,3154921.0,user2667523,111.0
68363.0,2358376.0,DanielTheRocketMan,111.0
161297.0,14841645.0,Fatima,111.0
161374.0,7875640.0,Hans,111.0
135932.0,7606080.0,Reggie Simmons,111.0
161721.0,9965756.0,Maciej,111.0
21878.0,2480840.0,usct01,111.0
136046.0,15736034.0,El Pandario,111.0
109180.0,4926548.0,Cookies,111.0
71497.0,3896381.0,user3225309,111.0
125800.0,7169101.0,Laurie,111.0
117423.0,19077395.0,eduardokapp,111.0
135866.0,22527320.0,Richard,111.0
54377.0,6326933.0,Gaurav Bansal,111.0
150995.0,3635770.0,fudo,111.0
138967.0,2114690.0,Elliott de Launay,111.0
117898.0,8667470.0,sugarme,111.0
123341.0,42023.0,russian_spy,111.0
70753.0,1186551.0,Ed.,111.0
125130.0,2372740.0,Bersan,111.0
145233.0,1746383.0,umbe1987,111.0
103226.0,14775102.0,Chris Tang,111.0
137482.0,2136303.0,Grant Petty,111.0
162218.0,2355490.0,emi,111.0
109278.0,3486088.0,KKGanguly,111.0
132746.0,401940.0,Thomas W,111.0
125740.0,3213976.0,Rahul,111.0
162203.0,7683246.0,Dima,111.0
162074.0,18746793.0,Rage,111.0
162428.0,5044883.0,dpalma,111.0
109965.0,9344982.0,tgrandje,111.0
125751.0,3751128.0,user3118602,111.0
119377.0,10850236.0,John Smith,111.0
175578.0,34368358.0,M. M.,111.0
67201.0,2385871.0,fabiob,111.0
141505.0,2670111.0,Isdj,111.0
74747.0,150314.0,Hans-Peter Stricker,111.0
117185.0,42959.0,cosmarchy,111.0
107685.0,12630122.0,DSR,111.0
159534.0,19385827.0,C_Swann22,111.0
89528.0,15319904.0,gogo88,111.0
162439.0,432003.0,thomas8wp,111.0
41794.0,4808762.0,Alucard,111.0
103326.0,17268325.0,jr123456jr987654321,111.0
125878.0,11954952.0,Kais Hasan,111.0
163090.0,28259800.0,mcvincekova,111.0
135481.0,10877109.0,TheDataScientist101,111.0
137622.0,8899839.0,TheCodingDamian,111.0
137623.0,3628256.0,mabergerx,111.0
146204.0,27840436.0,StackExchanger,111.0
59155.0,7441641.0,Nandesh,111.0
136830.0,7830246.0,sksoumik,111.0
105257.0,14156080.0,rangeseeker,111.0
149142.0,10122808.0,felix-ht,111.0
37962.0,5478346.0,Nikhil VJ,111.0
63862.0,7983981.0,Finncent Price,111.0
140447.0,125970.0,d11wtq,111.0
137886.0,4444197.0,user3617992,111.0
133189.0,6693644.0,Per Mikkelsen,111.0
80182.0,1706854.0,jjepsuomi,111.0
162941.0,18939297.0,Cardstdani,111.0
134921.0,17454565.0,jinx,111.0
126012.0,7924204.0,Mason,111.0
150536.0,1446576.0,David Ingledow,111.0
134419.0,9519692.0,anthino12,111.0
141729.0,13248358.0,functorial,111.0
80601.0,2345937.0,Mich,111.0
131906.0,22283261.0,mathlete42,111.0
112663.0,13204476.0,Omojola Micheal,111.0
134981.0,1635103.0,Terry Price,111.0
134093.0,14817186.0,SmoothKen,111.0
64706.0,10787939.0,Andrei Niță,111.0
4731.0,4370415.0,Brian O'Halloran,111.0
150406.0,13745289.0,Geoff,111.0
141814.0,9918380.0,Surzilla,111.0
116238.0,7181472.0,Bryon,111.0
117479.0,18307083.0,mike_gundy123,111.0
146059.0,19351350.0,Kyle,111.0
78596.0,14553650.0,Statistic Dean,111.0
112215.0,8397928.0,Minh Khôi,111.0
134671.0,14821570.0,Jeff Chen,111.0
135382.0,4784071.0,Knipser,111.0
127362.0,21438908.0,dzegpi,111.0
140210.0,25234627.0,wavingtide,111.0
162800.0,441531.0,tuj,111.0
138148.0,18351931.0,Svenito,111.0
145602.0,22009299.0,HAMDI ABDERRAHMENE,111.0
154624.0,102923.0,khushi,111.0
154469.0,189180.0,tanvach,111.0
32284.0,5013595.0,Phong Le,111.0
138267.0,6334180.0,user4918159,111.0
156669.0,9098317.0,Anjan,111.0
134586.0,3633588.0,Ilija,111.0
58609.0,6315043.0,imak,111.0
131240.0,20910324.0,IOIOIOIOIOIOI,111.0
134524.0,12788102.0,TrapAlcubierreDrive,111.0
145319.0,10128560.0,Arli94,111.0
120484.0,4312.0,rjray,111.0
80493.0,11652750.0,Filip,111.0
113238.0,12432407.0,RandomThinker,111.0
74674.0,355856.0,Shmalex,111.0
106157.0,18756618.0,Yellow_truffle,111.0
139899.0,24677337.0,Rawson,111.0
111990.0,396456.0,user14269,111.0
165246.0,10771063.0,Tal,111.0
98706.0,15312216.0,shripal mehta,111.0
42630.0,10002937.0,pie,111.0
120314.0,10703713.0,sjp_1989,111.0
126473.0,18311941.0,WDpad159,111.0
164293.0,7527241.0,Akhil Surapuram,111.0
127704.0,10329642.0,Eli Halych,111.0
142237.0,21459042.0,Clement Genninasca,111.0
140307.0,4610729.0,user3738936,111.0
143275.0,1388728.0,Tyson,111.0
126383.0,9208539.0,Sukhmani Kaur Thethi,111.0
142133.0,2833297.0,katriel,111.0
149226.0,7139930.0,fmb,111.0
113203.0,8610725.0,Theorem,111.0
78186.0,11857560.0,Ishaan,111.0
113049.0,11559902.0,Zyncho,111.0
126385.0,1229394.0,Dan,111.0
126345.0,14096701.0,Tristan Bilot,111.0
149457.0,2077268.0,Slava Knyazev,111.0
134175.0,12859648.0,King Powa,111.0
113125.0,4234182.0,N00b101,111.0
156961.0,14592167.0,SUNITA GUPTA,111.0
161052.0,2989509.0,YPOC,111.0
138553.0,28699.0,Alexander Ljungberg,111.0
138384.0,12230144.0,Alex Ramalho,111.0
16709.0,6892594.0,Pavel Durov,111.0
144595.0,68719.0,user200340,111.0
44760.0,122758.0,Jako,111.0
134745.0,3347853.0,Tinkinc,111.0
131452.0,4692664.0,The Testosterone Fanatic,111.0
73448.0,8270609.0,Leo,111.0
133956.0,10241571.0,Diego Palacios,111.0
112867.0,11730030.0,Arjun,111.0
77146.0,208637.0,dingx,111.0
126501.0,17313253.0,EverydayDeveloper,111.0
28632.0,206080.0,Josh,111.0
117499.0,14970623.0,Zerox,111.0
112919.0,17371572.0,Adam Heinrich,111.0
40329.0,4991285.0,newleaf,111.0
122847.0,13502701.0,Monad,111.0
149425.0,557632.0,Corrado,111.0
148132.0,6580015.0,Atacan,111.0
148493.0,18043784.0,David,111.0
120183.0,7656317.0,Wonton,111.0
120212.0,20120996.0,Kaiyakha,111.0
25984.0,942354.0,GuSuku,111.0
2641.0,55899.0,Rehno Lindeque,111.0
70894.0,6883407.0,WaterMolecule,111.0
26354.0,5928952.0,Adolfo Correa,111.0
127023.0,15730218.0,Danial,111.0
109809.0,900065.0,M.K. aka Grisu,111.0
140029.0,86360.0,fuyi,111.0
112850.0,4706477.0,user3808430,111.0
133605.0,285263.0,coder3,111.0
97267.0,11277539.0,Tomer Wolberg,111.0
112788.0,52197.0,Jammer,111.0
31424.0,9614647.0,nz_21,111.0
169743.0,2146025.0,ted,111.0
82699.0,9233342.0,Vikram,111.0
103664.0,19127394.0,Pierre-Loic,111.0
139239.0,19266667.0,Arman Asgharpoor,111.0
126752.0,2133126.0,Jag,111.0
156336.0,10092906.0,lvvittor,111.0
163456.0,66548.0,user195166,111.0
106092.0,12391069.0,Emmanuel,111.0
120154.0,14021601.0,satya,111.0
128636.0,17805579.0,4daJKong,111.0
128461.0,11716561.0,Djellal Mohamed Aniss,111.0
163548.0,1349755.0,tomer,111.0
139277.0,24567951.0,Hrushi,111.0
101394.0,16947551.0,Karol,111.0
144844.0,1532620.0,Geremia,111.0
171386.0,25840493.0,Janikas,111.0
101077.0,2090333.0,JoyfulPanda,111.0
49206.0,1318589.0,TPPZ,111.0
111232.0,146428.0,xdhmoore,111.0
113197.0,5461701.0,Soheil Paper,111.0
117942.0,8683645.0,Roland,111.0
60428.0,1005591.0,ii2,111.0
126767.0,1212847.0,Hanna,111.0
105984.0,14948278.0,324,111.0
65063.0,2184204.0,human,111.0
164155.0,16164999.0,Tobias,111.0
93836.0,16394489.0,Crevious,111.0
108126.0,16052090.0,Shreyansh Gupta,111.0
104367.0,16101303.0,Mayank Tripathi,111.0
117976.0,5370076.0,Rob Creel,111.0
161530.0,2214327.0,Arjee,111.0
111989.0,3141185.0,Ali Asgari,111.0
37430.0,1301874.0,dexterdev,111.0
168027.0,15613239.0,Swastik,111.0
582.0,2124801.0,metersk,111.0
112560.0,412030.0,atheaos,111.0
151120.0,4050844.0,JuanIsFree,111.0
120042.0,3303925.0,Bojan Vukasovic,111.0
120088.0,12686186.0,Linminxiang,111.0
139479.0,25525064.0,Robert Haas,111.0
120009.0,9631543.0,Hyunsoo,111.0
172997.0,4151711.0,dowjones123,111.0
185672.0,3111568.0,Abc,111.0
97779.0,10022861.0,Bendemann,111.0
112421.0,1078945.0,David Ehrmann,111.0
109869.0,8711130.0,shahid khan,111.0
135427.0,14556042.0,JWB,111.0
142626.0,1780595.0,Jas Ter,111.0
117654.0,11226980.0,lampShadesDrifter,111.0
142738.0,6944096.0,Joe Shmo,111.0
192885.0,45854330.0,WorksBuddy,111.0
175116.0,21195535.0,R_Student,111.0
119775.0,150028.0,Oncel Umut TURER,111.0
116837.0,14774456.0,maryam mehboob,111.0
138474.0,20131891.0,99_m4n,111.0
134383.0,2509077.0,Fredrik Nylén,111.0
65286.0,13543341.0,Henryk Borzymowski,111.0
124830.0,2083902.0,Cortexelus,111.0
133322.0,168860.0,arshad,111.0
133203.0,85743.0,Will Hardy,111.0
163710.0,19093655.0,Ashwin Singh,111.0
112837.0,16494911.0,Kosmos,111.0
105245.0,2164402.0,G. H. Hardly,111.0
118162.0,16525369.0,aishik roy chaudhury,111.0
108746.0,12305665.0,Eli Zatlawy,111.0
102809.0,14984613.0,C. Cooney,111.0
122896.0,1016586.0,micah,111.0
138611.0,18448593.0,snow,111.0
135499.0,4324639.0,Dimos,111.0
97613.0,8407912.0,carlo,111.0
156542.0,9376049.0,Nolequen,111.0
86062.0,8722352.0,wander95,111.0
107211.0,6819367.0,ilia,111.0
122587.0,20719302.0,Bigboss01,111.0
102911.0,10130450.0,Anakin Skywalker,111.0
61854.0,11002640.0,David Gladson,111.0
59890.0,4096670.0,ubadub,111.0
75527.0,1800970.0,idnavid,111.0
133178.0,12934649.0,Sean,111.0
117953.0,2141692.0,Frank Wilson,111.0
140219.0,20099852.0,user14738548,111.0
122606.0,20634035.0,Raha Moosavi,111.0
133130.0,6013669.0,Stanley Gan,111.0
127404.0,7161832.0,mapf,111.0
127407.0,14481898.0,Chris,111.0
175992.0,9893206.0,just_code_dog,111.0
76765.0,8120429.0,Anakhand,111.0
20395.0,3053387.0,mc2,111.0
28168.0,2700883.0,Ho Yeung Lee,111.0
118225.0,3415707.0,KostasVlachos,111.0
143073.0,3185392.0,Anamaki,111.0
106704.0,5441642.0,Fallen Apart,111.0
132069.0,19157114.0,Damian Grzanka,111.0
150913.0,2564721.0,BitTickler,111.0
14412.0,4528847.0,Terrence J,111.0
144205.0,17767447.0,FZS,111.0
125667.0,16752149.0,zr0gravity7,111.0
119660.0,19362220.0,leviva,111.0
135158.0,3598704.0,OfirD,111.0
96314.0,10328086.0,Roberto Gimenez,111.0
132768.0,7751036.0,diegor,111.0
132773.0,5833462.0,Rahul,111.0
145958.0,22096445.0,Ricardo,111.0
87719.0,7890906.0,Mehdi Zare,111.0
99688.0,14240.0,Dilshod Tadjibaev,111.0
165832.0,5028447.0,Nighty,111.0
116070.0,18212793.0,Student,111.0
143134.0,16699843.0,iamhimanshu0,111.0
143214.0,9713609.0,Mathieu Rousseau,111.0
98646.0,15393432.0,ahmedshahriar,111.0
119748.0,5655219.0,Little Code,111.0
51603.0,10365354.0,Abdul Rehman,111.0
139172.0,18750491.0,YadneshD,111.0
132585.0,333050.0,click2install,111.0
138572.0,7853492.0,iFunction,111.0
118015.0,16194052.0,Farhang Amaji,111.0
137608.0,17592042.0,imM4TT,111.0
27225.0,1821810.0,Tyler Durden,111.0
104088.0,483977.0,Brad Dwyer,111.0
177312.0,9865.0,Sid Datta,111.0
127576.0,9039375.0,Mirko,111.0
132351.0,15510193.0,albertoperdomo2,111.0
112068.0,20593797.0,Mikhail Kotyushev,111.0
82257.0,6779424.0,Asim,111.0
100102.0,17606917.0,Zebra125,111.0
126441.0,8976258.0,embedded_dev,111.0
86160.0,1866190.0,B200011011,111.0
134585.0,17903789.0,Iqigai,111.0
112059.0,2033045.0,drawar,111.0
8949.0,1162584.0,Dominik Filipiak,111.0
117466.0,20749933.0,TwoPointNo,111.0
118916.0,7541978.0,civy,111.0
108712.0,20190237.0,maskara,111.0
178782.0,8293246.0,yep123,111.0
30313.0,2820492.0,sbhatt,111.0
112124.0,18039245.0,Atom,111.0
60847.0,8974386.0,Jonas,111.0
110248.0,14288483.0,teller.py3,111.0
110268.0,10309178.0,ML_Engine,111.0
143468.0,3129405.0,Quora Feans,111.0
96333.0,1131301.0,AJ AJ,111.0
60185.0,4217846.0,ThePortakal,111.0
173383.0,1187149.0,Mahmoud,111.0
120363.0,13380369.0,Roger Steinberg,111.0
106821.0,1223684.0,SimplyFarzad,111.0
111988.0,11791615.0,Lucas Dresl,111.0
109914.0,13666473.0,Rafael Dourado D,111.0
3036.0,2885929.0,GK89,111.0
90447.0,8974067.0,Julian7,111.0
67248.0,9034227.0,Baya Lina,111.0
122456.0,2091389.0,user176692,111.0
13201.0,83963.0,Christopher Manning,111.0
153122.0,17457463.0,Josa Ferreira,111.0
137159.0,13182226.0,Kutsit,111.0
78042.0,62199.0,Stiefel,111.0
117365.0,20940249.0,StandardIO,111.0
150796.0,6657502.0,thansen0,111.0
141597.0,1066224.0,erichste,111.0
110378.0,3193027.0,Nat Aes,111.0
110393.0,1661553.0,Akas Antony,111.0
63305.0,81952.0,Shayan,111.0
131892.0,13779506.0,Fabio Magarelli,111.0
108357.0,30352.0,Joseph Turian,111.0
117727.0,3239225.0,sci9,111.0
110767.0,11933489.0,K.J Fogang Fokoa,111.0
170430.0,8170693.0,GaloisFan,111.0
111882.0,5217843.0,CCZ23,111.0
156282.0,27170177.0,best_of_man,111.0
122534.0,20139595.0,Debi Prasad,111.0
156016.0,2779061.0,Ted Wilmont,111.0
123318.0,16440022.0,NominalSystems,111.0
118397.0,18674218.0,InputBlackBoxOutput,111.0
15995.0,5215984.0,codeMonkey,111.0
82600.0,13350318.0,Sam,111.0
142938.0,22723200.0,stopper,111.0
73925.0,10593066.0,Yohann L.,111.0
136598.0,14709774.0,NikSp,111.0
116697.0,9265091.0,Anh Minh Tran,111.0
106388.0,914856.0,Dr. Strangelove,111.0
117096.0,1786705.0,LeeNeverGup,111.0
106327.0,16897251.0,sai_varshittha,111.0
119609.0,17215356.0,Joehat,111.0
119608.0,528004.0,ZachMcDargh,111.0
60018.0,327499.0,SBF,111.0
108616.0,6996016.0,Serge de Gosson de Varennes,111.0
100345.0,18299067.0,Brian Barry,111.0
127750.0,351925.0,Johnny,111.0
74966.0,12978686.0,Xiiryo,111.0
131550.0,6082772.0,Carlos Vázquez Monzón,111.0
56396.0,4628889.0,shamalaia,111.0
143805.0,26447832.0,HMPtwo,111.0
130340.0,5755756.0,Atif,111.0
50332.0,1587097.0,duck,111.0
112074.0,1494456.0,40pro,111.0
171611.0,3231649.0,Chetan Waghela,111.0
104670.0,13498006.0,Panicum,111.0
112232.0,6671293.0,rasmodius,111.0
127892.0,9869564.0,SA12,111.0
127849.0,1042951.0,Ilya Karna,111.0
141778.0,538874.0,Bengt,111.0
128593.0,16388827.0,jaiyeko,111.0
131306.0,17307.0,jlrolin,111.0
110965.0,12687614.0,Dexter1611,111.0
151094.0,229131.0,user491880,111.0
111505.0,15977693.0,Mario,111.0
99614.0,5267716.0,Guy Louzon,111.0
109664.0,20294947.0,Valy,111.0
105977.0,1150970.0,webb,111.0
85503.0,9150726.0,Vlad,111.0
37105.0,6864183.0,James Oliver,111.0
128014.0,15396537.0,Chorlton2080,111.0
100745.0,18369677.0,NALLAPANENIVENKATESH CHOWDARY,111.0
116076.0,11920075.0,kot,111.0
126156.0,11443440.0,user140259,111.0
32337.0,1872248.0,Ryan Watts,111.0
116001.0,6636573.0,Alexey  Koptyaev,111.0
134362.0,4013247.0,MarcoM,111.0
109438.0,1077334.0,Max,111.0
138860.0,21036276.0,Alberto Agudo Dominguez,111.0
139500.0,2767900.0,A.Dumas,111.0
134816.0,5929705.0,Curious Layman,111.0
139539.0,2792130.0,Blue Otter Hat,111.0
133632.0,12560977.0,Karthik Bhandary,111.0
73722.0,84041.0,iva123,111.0
128178.0,18086185.0,The Exile,111.0
141848.0,21731969.0,user110391,111.0
130664.0,23793164.0,bmasri,111.0
141976.0,10505.0,danatel,111.0
132632.0,5013530.0,Raj,111.0
117192.0,3192221.0,Abdulkarim Kanaan,111.0
128036.0,126557.0,filippo,111.0
146234.0,2101924.0,Gabriel Soranzo,111.0
174624.0,38278320.0,Narex,111.0
111375.0,168238.0,viator,111.0
110229.0,1535681.0,elgnoh,111.0
120760.0,22084895.0,Lucid,111.0
131143.0,219387.0,driangle,111.0
131258.0,15285573.0,Bluetail,111.0
34227.0,66051.0,Richard,111.0
113637.0,6282078.0,verifying,111.0
128059.0,7493464.0,luongminh97,111.0
137301.0,5028008.0,h21,111.0
130998.0,11981007.0,Arthuro,111.0
107909.0,1354168.0,user1292919,111.0
181521.0,9336248.0,Andi,111.0
22078.0,531668.0,roundsquare,111.0
110766.0,20530646.0,ÖzgürP,111.0
111323.0,12148618.0,MichiganMagician,111.0
120488.0,11824900.0,Amir Charkhi,111.0
162914.0,23443395.0,Foxbat,111.0
143921.0,8554677.0,Bulat Ibragimov,111.0
146018.0,345215.0,Jan,111.0
78933.0,190625.0,dev,111.0
128454.0,1273637.0,Legion,111.0
69865.0,2743330.0,Mastiff,111.0
119103.0,3871839.0,Michael Berk,111.0
128332.0,6853576.0,seb2704,111.0
83446.0,4296534.0,HanaKaze,111.0
175199.0,2669343.0,Bartosz Marcinkowski,111.0
144741.0,8573581.0,Abhishek Ghosh,111.0
118416.0,20459804.0,TarabydaVllasıCafcaflıAtArabsı,111.0
118846.0,10744235.0,John,111.0
47192.0,8504202.0,user6376297,111.0
140766.0,13435290.0,Metrician,111.0
42913.0,6098.0,Larry OBrien,111.0
179382.0,30413577.0,Arvind Kumar Sharma,111.0
128467.0,14637804.0,Maciek Woźniak,111.0
130810.0,3581211.0,Just_a_fool,111.0
143672.0,23140696.0,Mina,111.0
111008.0,18091287.0,Zeel B Patel,111.0
135525.0,4308961.0,user3520616,111.0
130682.0,16965391.0,secondrate,111.0
109860.0,5692769.0,Hjalte,111.0
110073.0,5745913.0,Carlo,111.0
161853.0,12554920.0,DrGenius,111.0
123119.0,11989030.0,CSStudent7782,111.0
116050.0,4212442.0,Heyzeuss,111.0
153825.0,27844516.0,BigMistake,111.0
143282.0,19758953.0,mohammad rezza,111.0
33754.0,1912588.0,Anonymous Person,111.0
120490.0,7435106.0,mnulb,111.0
155650.0,1585670.0,huseyin tugrul buyukisik,111.0
139323.0,19725908.0,Abraam Magued,111.0
113588.0,18024013.0,Ravish Jha,111.0
91223.0,6431166.0,Mattice Verhoeven,111.0
154985.0,1494613.0,D.R.,111.0
57633.0,4706224.0,Abu Shoeb,111.0
118124.0,3312370.0,Capdi,111.0
151893.0,2158946.0,Robert Rapplean,111.0
185768.0,16125459.0,Shlok Sharma,111.0
175804.0,21319885.0,Ilan Geffen,111.0
111098.0,1649412.0,user1520280,111.0
112374.0,15788558.0,Jhon Margalit,111.0
127787.0,18244814.0,wesleysc352,111.0
119534.0,5452991.0,Juan Luis Chulilla,111.0
87273.0,6109241.0,Ali,111.0
130484.0,13579110.0,plutolaser,111.0
130492.0,14223026.0,Noha,111.0
126568.0,12664635.0,Asdoost,111.0
140187.0,15408288.0,dzi,111.0
140256.0,451349.0,Arsen Zahray,111.0
145637.0,247874.0,Colin Dumitru,111.0
86702.0,13879798.0,Someone2,111.0
142817.0,7442399.0,Ketil Malde,111.0
119409.0,344100.0,Nihar Sarangi,111.0
109815.0,18382600.0,Luigi87,111.0
144335.0,8830843.0,bontchev,111.0
105519.0,2542295.0,Eike P.,111.0
75151.0,5345402.0,Nico,111.0
136867.0,5751280.0,Diego Velez,111.0
84766.0,1437836.0,Mathee,111.0
186967.0,2034016.0,user1816847,111.0
111094.0,2709496.0,user221200,111.0
142937.0,5434669.0,ZKS,111.0
111013.0,10692334.0,Kulikr,111.0
119102.0,2404029.0,ghawes,111.0
118906.0,9151355.0,Ariel Baron,111.0
54311.0,7086683.0,manish Prasad,111.0
128674.0,9986102.0,Payam Jome Yazdian,111.0
97494.0,12878863.0,rampatowl,111.0
59369.0,11203008.0,Michael Paris,111.0
73743.0,5478988.0,ycenycute,111.0
98769.0,14956555.0,Mrityu,111.0
119474.0,9881912.0,AvidJoe,111.0
153573.0,12955870.0,Chris Andrews,111.0
153786.0,1820523.0,vvkuznetsov,111.0
143076.0,26804934.0,DC con,111.0
29844.0,5539941.0,toliveira,111.0
141533.0,26604059.0,Martin Benes,111.0
122334.0,6499091.0,Manveru,111.0
110317.0,17880231.0,Orca,111.0
143655.0,16616492.0,Closed Limelike Curves,111.0
49275.0,1450587.0,Radio Controlled,111.0
109492.0,19942253.0,Gaussian Prior,111.0
29798.0,4000003.0,Stanko,111.0
145028.0,2562097.0,brianlmerritt,111.0
136586.0,23762596.0,RTD,111.0
65750.0,2698660.0,Davide_sd,111.0
119472.0,13281786.0,Glad,111.0
130123.0,7564071.0,NorrinRadd,111.0
59241.0,7332404.0,Wojciech Artichowicz,111.0
128713.0,9820008.0,worldCurrencies,111.0
128670.0,9770386.0,bli00,111.0
115739.0,19133690.0,Yogesh,111.0
110638.0,2775904.0,StefanOverFlow,111.0
82147.0,365665.0,Miguel,111.0
119429.0,160989.0,Astraport,111.0
154555.0,13457578.0,Keyflux,111.0
144497.0,4574407.0,Katsu,111.0
94505.0,17293956.0,Sahil Kamboj,111.0
128731.0,16222203.0,Tushar Patil,111.0
128702.0,4652647.0,VirtuallyRealistic,111.0
191959.0,2703317.0,Astralbee,111.0
115899.0,13171474.0,Teabelly,111.0
88567.0,1507417.0,Georg M. Goerg,111.0
31341.0,9025883.0,Christian König,111.0
128926.0,3622773.0,simplename,111.0
144558.0,11077726.0,Leonardo Ferreira,111.0
109844.0,18288925.0,jros,111.0
113584.0,2535154.0,dwkd,111.0
47699.0,2568868.0,Carlos P Ceballos,111.0
128760.0,21675319.0,RandomFellow,111.0
144845.0,2201773.0,Nathan BeDell,111.0
110826.0,2608197.0,Wouter,111.0
59074.0,4127799.0,dyao,111.0
119797.0,8958441.0,sk877,111.0
123053.0,6517218.0,Antonio Velazquez Bustamante,111.0
15651.0,4076596.0,Sina,111.0
78133.0,3009621.0,LogicChains,111.0
78436.0,13352402.0,JimSi,111.0
82498.0,5579004.0,Tom Bush,111.0
116308.0,452355.0,AJW,111.0
116212.0,8636797.0,PlatinumMaths,111.0
159010.0,4482046.0,Ibrahim,111.0
117653.0,20463656.0,pep,111.0
142994.0,1373370.0,tiwo,111.0
130802.0,1637554.0,maschaub,111.0
194392.0,5784365.0,Camille Louédoc,111.0
154407.0,1232929.0,Halis Yılboğa,111.0
115836.0,13946507.0,Bukaida,111.0
53916.0,8833205.0,Travasaurus,113.0
135359.0,16771243.0,Pirategull,113.0
127461.0,22576971.0,rez,113.0
162588.0,4075895.0,Jrow,113.0
113746.0,16446632.0,Aman Savaria,113.0
95323.0,7184553.0,PhysicsPrincess,113.0
30388.0,65040.0,rize,113.0
139065.0,2773979.0,Student,113.0
108906.0,11808882.0,user529295,113.0
67105.0,4272553.0,user3494047,113.0
120739.0,3344399.0,Ossz,113.0
17384.0,5550202.0,Reza,113.0
109943.0,17888938.0,DPatrick,113.0
117338.0,6463038.0,Quasar,113.0
109051.0,18692334.0,Michael Teguh Laksana,113.0
131865.0,1599365.0,Steven Morad,113.0
107314.0,7297168.0,Andrey,113.0
109926.0,4101231.0,K3rn3l5,113.0
145360.0,12463319.0,Nishuthan S,113.0
131192.0,5828883.0,Karric,113.0
112597.0,20776962.0,Muhammad Waqar Anwar,113.0
126362.0,3773528.0,MTALY,113.0
143705.0,4310077.0,Jonathan Allen Grant,113.0
161656.0,425199.0,Olek Gornostal,113.0
80044.0,13579335.0,Arturo Sbr,113.0
64422.0,7181461.0,jabberwoo,113.0
141517.0,11966821.0,Michele Kleinhomer,113.0
117213.0,21381420.0,Yavuz Bozkurt,113.0
120630.0,21255265.0,Ayazzia01,113.0
136679.0,21422806.0,Flitzcore,113.0
155506.0,18705.0,xyzzyrz,113.0
159682.0,7222341.0,Nichola,113.0
160.0,486257.0,Gregor Thomas,113.0
110321.0,5230787.0,Math-Data,113.0
125760.0,22462763.0,Ritik P. Nayak,113.0
126520.0,17605240.0,zdz,113.0
115347.0,16336319.0,Bia,113.0
143931.0,6090171.0,idan ahal,113.0
137329.0,2575293.0,Klangen,113.0
130374.0,23665438.0,Aidre Cabrera,113.0
85107.0,6475015.0,Sebin Sunny,113.0
119055.0,7336941.0,Aquiles Páez,113.0
98405.0,333331.0,Ricardo Sanchez,113.0
115587.0,12734281.0,akm,113.0
115595.0,21117764.0,helloimgeorgia,113.0
96518.0,312055.0,EyeQ Tech,113.0
79011.0,13705874.0,thesofakillers,113.0
149333.0,15024214.0,soph,113.0
141409.0,9091239.0,Jeff,113.0
141397.0,17187414.0,usr01,113.0
127869.0,11997623.0,Jacob Hornbeck,113.0
107432.0,4190838.0,user3433489,113.0
113003.0,7136109.0,nreh,113.0
168368.0,14888728.0,rasengan__,113.0
137212.0,1224616.0,danbst,113.0
75516.0,3667837.0,Luiz Doleron,113.0
52057.0,1285883.0,Fabio,113.0
128183.0,2193308.0,Carlos Navarro Astiasarán,113.0
118978.0,10922123.0,lxg95,113.0
124914.0,11286913.0,Liam Gower,113.0
117691.0,13176078.0,androidguy,113.0
130463.0,11000991.0,Adar Cohen,113.0
123661.0,1619326.0,Danimal,113.0
171928.0,8717037.0,M. Er,113.0
112706.0,20667461.0,Luke,113.0
112711.0,11220679.0,Cristian Avendaño,113.0
161195.0,16974414.0,average_discrete_math_enjoyer,113.0
169106.0,17194733.0,scruby,113.0
125594.0,18095213.0,fifigoblin,113.0
117100.0,16802026.0,Hassan Akhlaq,113.0
97182.0,18489700.0,DPM,113.0
119598.0,13901521.0,Şevval Kahraman,113.0
158200.0,2032962.0,FlexMcMurphy,113.0
137790.0,18469738.0,strivn,113.0
135743.0,18082550.0,Juan Cruz Carrau,113.0
98753.0,14546143.0,Nirali Khoda,113.0
26412.0,1287252.0,tremendows,113.0
156829.0,4389301.0,Minuano,113.0
89194.0,1973665.0,Ramon Medeiros,113.0
149366.0,4662849.0,cbelwal,113.0
149261.0,15410136.0,MathematicsBeginner,113.0
121149.0,5540682.0,Milad Sikaroudi,113.0
138521.0,6678564.0,Anna Tolochko,113.0
79961.0,9061228.0,Dmitry Sazhnev,113.0
71748.0,152859.0,Brig,113.0
109884.0,20104717.0,DOT,113.0
133981.0,23451363.0,No-Time-To-Day,113.0
105533.0,7784212.0,Noob,113.0
105312.0,12316860.0,wwnde,113.0
92086.0,4678027.0,Waroulolz,113.0
101338.0,10779079.0,Protik Nag,113.0
112501.0,5968124.0,JohnyBe,113.0
73438.0,1713363.0,prilia,113.0
116377.0,20952970.0,yras8,113.0
145558.0,6603176.0,Zan,113.0
27142.0,140870.0,Boppity Bop,113.0
102668.0,16267449.0,BRUCE,113.0
138790.0,7570769.0,coomie,113.0
138801.0,14225164.0,M.Viking,113.0
156035.0,3455016.0,Bijan,113.0
133354.0,7289866.0,Adam Weitzman,113.0
158493.0,25657.0,Joshua Noble,113.0
128406.0,739295.0,cProg,113.0
159707.0,24177512.0,Rakesh Poluri,113.0
155082.0,6757584.0,Andrew,113.0
105736.0,15717203.0,ML85,113.0
151957.0,18602923.0,Linear Data Structure,113.0
159634.0,426511.0,Hormigas,113.0
89127.0,6083264.0,nalzok,113.0
10147.0,999385.0,Mast,113.0
65053.0,9045442.0,Wong,113.0
67961.0,442995.0,MattG,113.0
122822.0,13031729.0,BlueMango,113.0
122954.0,21036151.0,anmarlea,113.0
116395.0,18583489.0,mgmussi,113.0
80679.0,11496424.0,Giuseppe Minardi,113.0
119960.0,21386783.0,letdatado,113.0
122901.0,12992596.0,Alex Nikitin,113.0
121279.0,11973178.0,Basht0n,113.0
110419.0,3085331.0,Oliver Mohr Bonometti,113.0
140341.0,5133042.0,neo2049,113.0
75445.0,9837665.0,Yehuda,113.0
142778.0,24072377.0,Jiao,113.0
130678.0,1099047.0,ruminator,113.0
115007.0,19560064.0,0Knowledge,113.0
122806.0,16242369.0,Gary Ong,113.0
117765.0,246015.0,venkysmarty,113.0
107282.0,12607892.0,Jasoba,113.0
132306.0,8541224.0,Funzo,113.0
110890.0,19507950.0,Dionisius Pratama,113.0
112340.0,16096571.0,thentangler,113.0
132867.0,1300417.0,srinath,113.0
119291.0,10648085.0,Subhajit Saha,113.0
144713.0,16753123.0,jpsmith,113.0
148607.0,24980580.0,userrandrand,113.0
139638.0,3711412.0,iHnR,113.0
116086.0,11901859.0,Charith Jayasanka,113.0
54890.0,3330383.0,EssentialAnonymity,113.0
111392.0,14302899.0,Riccardo D,113.0
108748.0,45087.0,BMBM,113.0
125035.0,15524626.0,Akusa,113.0
126706.0,13746358.0,Mohsen Mahmoodzadeh,113.0
112327.0,7569848.0,user5744148,113.0
131919.0,6570070.0,Kalizi,113.0
144239.0,1426624.0,Imran Q,113.0
62727.0,3598543.0,user3002473,113.0
109304.0,9002204.0,Hefaz,113.0
111186.0,17974901.0,zxcisnoias,113.0
85906.0,11182820.0,EMT,113.0
98205.0,18322084.0,Astrian_72954,113.0
103529.0,10848506.0,Terrarium,113.0
91801.0,10662640.0,coderina,113.0
140617.0,77556.0,honeymoon,113.0
56289.0,2101705.0,Debashis Sahoo,113.0
153084.0,17184015.0,ElonMuskofBadIdeas,113.0
116632.0,4923791.0,RD7,113.0
108467.0,17893151.0,YVS1997,113.0
156150.0,25900272.0,me9hanics,113.0
99504.0,16326389.0,Muhammad Shahzad,113.0
139792.0,16957883.0,purple1437,113.0
151717.0,14924326.0,Turan,113.0
109259.0,5233697.0,James,113.0
101479.0,17022322.0,jupyter,113.0
144882.0,22014388.0,Tereza Tizkova,113.0
105406.0,18607272.0,NNN,113.0
177282.0,39857718.0,ml.freak,113.0
116793.0,5786212.0,Never Nor,113.0
94264.0,9460858.0,DsCpp,113.0
141619.0,4756998.0,Fijoy Vadakkumpadan,113.0
110178.0,4577878.0,Echo,113.0
122984.0,17402804.0,siegfried,113.0
104523.0,2027869.0,Cheeseburger,113.0
130104.0,23470760.0,Cara Duf,113.0
108461.0,1141666.0,Heathcliff,113.0
107613.0,8374497.0,zmike,113.0
137929.0,15348484.0,twiddler,113.0
67093.0,9982644.0,Felipe Augusto,113.0
115499.0,17559886.0,anita shrivastava,113.0
113646.0,6775356.0,K. Shores,113.0
81993.0,4713918.0,Mahdi,115.0
64039.0,1422915.0,Joshua Terrill,115.0
94001.0,15471718.0,Satish Saini,115.0
185080.0,43088261.0,Charlottefaf,115.0
61088.0,5322179.0,John Cox,115.0
113820.0,5901789.0,Dole,115.0
77152.0,285031.0,George,115.0
41927.0,2680462.0,Toby,115.0
159405.0,30023250.0,samsamradas,115.0
92002.0,960562.0,TomSelleck,115.0
130097.0,3819377.0,GGT,115.0
107737.0,7279544.0,Alejandro A,115.0
33937.0,6193244.0,Adham Enaya,115.0
128662.0,2604591.0,superqd,115.0
171145.0,21139696.0,user54565,115.0
32485.0,6688867.0,Huy Truong,115.0
151445.0,13027903.0,Jonathan Roy,116.0
115596.0,20079297.0,BoomBoxBoy,116.0
128050.0,17876334.0,Ghassen Sultana,116.0
112675.0,7962297.0,Ray Bell,116.0
117060.0,11480706.0,David,116.0
145665.0,27720418.0,Mrpintime,116.0
161330.0,30484666.0,c p,116.0
120689.0,18412557.0,Abhishek Prajapat,116.0
863.0,36969.0,G__,116.0
138591.0,23638408.0,GregOliveira,116.0
154433.0,21137465.0,Ali Massoud,116.0
80920.0,13793182.0,Echo9k,117.0
83937.0,99309.0,furas,117.0
171916.0,35396357.0,Akingba Gladys,117.0
153497.0,12826671.0,Thermal_insulator,117.0
142575.0,15552919.0,Любовь Пономарева,117.0
111430.0,29739.0,Tormod,117.0
101495.0,14154022.0,FoundABetterName,117.0
109107.0,17418036.0,johannb75,117.0
120463.0,13267284.0,João Bravo,117.0
156660.0,17728416.0,miroslaavi,117.0
100861.0,8171534.0,Roger V.,117.0
115244.0,20087357.0,nick,117.0
133760.0,16634018.0,raven,118.0
25040.0,1825358.0,Atena,119.0
109495.0,392254.0,Hlib,119.0
106719.0,13517161.0,Ciaran,119.0
186282.0,2579419.0,Chris Lindgren,119.0
138479.0,7401196.0,Tejaswini ,119.0
143391.0,5517330.0,Davis,119.0
135163.0,23763199.0,spd,119.0
128135.0,6547401.0,John Polo,119.0
103828.0,7853694.0,revy,119.0
14301.0,9754.0,leeand00,119.0
153438.0,3378744.0,Fraïssé,119.0
115793.0,53211.0,user366312,119.0
117791.0,6641270.0,H.PTavakoli,119.0
71896.0,15693422.0,SoH,119.0
130457.0,14179704.0,Sahan Dissanayaka,119.0
135706.0,1025907.0,ceds,119.0
125538.0,4107020.0,Sam OT,119.0
178892.0,27306127.0,pie,119.0
52536.0,8626571.0,Bishwa Karki,119.0
96653.0,18464828.0,mewbie,119.0
128688.0,11189819.0,Caterina,119.0
83877.0,6432279.0,IntegrateThis,119.0
76109.0,6302158.0,dendog,120.0
120410.0,1988861.0,Ziqi,121.0
144330.0,12872220.0,krise,121.0
193041.0,1147445.0,richarddmorey,121.0
33487.0,7128664.0,helloworld,121.0
59216.0,2199511.0,Cyph,121.0
141452.0,3164397.0,vangap,121.0
64221.0,8008708.0,The Guy,121.0
113518.0,16696756.0,Atick Faisal,121.0
134322.0,18621080.0,James Chong,121.0
141095.0,90776.0,Yoric,121.0
77534.0,10251131.0,Sunit Gautam,121.0
127950.0,17654583.0,Andrew,121.0
133702.0,14713952.0,Arunabh,121.0
54201.0,12729483.0,Valery Noname,121.0
95548.0,17608696.0,Henrique Junqueira,121.0
89290.0,107102.0,celsowm,121.0
119490.0,3547341.0,user2962956,121.0
118780.0,137713.0,meliniak,121.0
162535.0,63748.0,Brad,121.0
162571.0,12683517.0,André Armatowski,121.0
132073.0,22564061.0,NerdOnTour,121.0
179307.0,336349.0,LiKao,121.0
56691.0,3767310.0,derNincompoop,121.0
8999.0,977003.0,cuneyttyler,121.0
117164.0,18759625.0,tangolin,121.0
117079.0,8837777.0,Arek Żyłkowski,121.0
97138.0,1572728.0,Brionius,121.0
117355.0,945979.0,Andres,121.0
89305.0,11874100.0,Vijay Maurya,121.0
99683.0,13474240.0,Mas A,121.0
181322.0,14582261.0,Bertrand Wittgenstein's Ghost,121.0
20451.0,8615927.0,Meher Béjaoui,121.0
39174.0,13750.0,Vaibhav Garg,121.0
125972.0,22420591.0,Turbo,121.0
87838.0,9433816.0,Luca Guarro,121.0
122823.0,6799680.0,חִידָה,121.0
59555.0,4795546.0,pixelmitch,121.0
97862.0,2885757.0,asdf,121.0
146237.0,1130511.0,nickponline,121.0
85650.0,1127301.0,chausies,121.0
130249.0,13925427.0,vcth4nh,121.0
117934.0,19722480.0,ー PupSoZeyDe ー,121.0
110448.0,6175.0,derfred,121.0
116957.0,5476617.0,ForceBru,121.0
162357.0,165024.0,Matthew Knippen,121.0
31280.0,1255475.0,Moonwalker,121.0
136909.0,19103050.0,RogerKint,121.0
116876.0,3472674.0,White_Raven,121.0
88694.0,512405.0,linello,121.0
140580.0,11069914.0,Brandon Lee,121.0
178194.0,30184.0,emmby,121.0
125937.0,5242358.0,user11634,121.0
140477.0,7878093.0,calpyte,121.0
140225.0,13476584.0,mnm,121.0
77278.0,10801865.0,Julian,121.0
109814.0,1210279.0,forgetso,121.0
175803.0,3170116.0,absentoptimistically,121.0
141506.0,23236999.0,flyakite,121.0
130092.0,972620.0,Araib karim,121.0
149773.0,22491146.0,Antoine101,121.0
76390.0,1159015.0,Garima Singh,121.0
94837.0,1560435.0,user1450410,121.0
146384.0,482314.0,Jaroslav Štreit,121.0
145385.0,14256329.0,DSP_CS,121.0
112148.0,1109523.0,Daan,121.0
116973.0,2040547.0,SoheilStar,121.0
112113.0,6143072.0,deseosuho,121.0
79715.0,54601.0,Narek,121.0
2912.0,419154.0,mommi84,121.0
118603.0,16236626.0,Ken Lee,121.0
107514.0,3236482.0,Alex,121.0
93698.0,11513550.0,ProteinGuy,121.0
143717.0,2897952.0,Ian,121.0
31528.0,2251768.0,SiXUlm,121.0
94366.0,7398111.0,Gilad Deutsch,121.0
57842.0,4281716.0,user3500869,121.0
145107.0,17764184.0,hyper-cookie,121.0
140800.0,314040.0,lowndrul,121.0
42613.0,6377756.0,Eran Moshe,121.0
111560.0,6069301.0,Amandeep Singh,121.0
113903.0,9518957.0,Robyc,121.0
106954.0,2401843.0,holzben,121.0
131779.0,16261906.0,disguisedtoast,121.0
103108.0,1891886.0,2080,121.0
52390.0,5904320.0,Antonio,121.0
140645.0,26363920.0,semmyk-research,121.0
137702.0,13713708.0,Micheal Bee,121.0
73818.0,439208.0,Jill-Jênn Vie,121.0
117250.0,179582.0,Reid Atcheson,121.0
167490.0,72518.0,Sitaram Pamarthi,121.0
45441.0,2992361.0,terauser,121.0
84269.0,16074945.0,HZ-VUW,121.0
177145.0,11881055.0,torkestativ,121.0
149657.0,18254089.0,Laassairi Abdellah,121.0
60968.0,6606003.0,RedM,121.0
122407.0,1237302.0,Jacob G,121.0
132790.0,16843572.0,Jonas Hjulstad,121.0
78989.0,2711115.0,lodo,121.0
139377.0,17606614.0,s510,121.0
126663.0,319900.0,PeopleMoutainPeopleSea,121.0
120014.0,510543.0,percojazz,121.0
30738.0,5853601.0,manu190466,121.0
180146.0,3193662.0,Elad Ratson,121.0
110755.0,18896991.0,Karen,121.0
184182.0,12545326.0,Jelly,121.0
30186.0,16164.0,dfrankow,121.0
78476.0,90734.0,Ryan,121.0
16170.0,20478.0,user48956,121.0
67821.0,5032077.0,Pandian Le,121.0
168559.0,22094965.0,Math_D,121.0
130918.0,23403024.0,xavi,121.0
73123.0,15814272.0,Jaya Raghavendra,121.0
146542.0,3032965.0,Yue Y,121.0
14641.0,4406923.0,DictionaryProver,121.0
40100.0,2690916.0,Clock Slave,121.0
57940.0,7517803.0,HannesZ,121.0
104801.0,5551993.0,erap129,121.0
119907.0,10668954.0,E. Kaufman,121.0
117536.0,15664739.0,Kanishk Mair,121.0
88429.0,2123624.0,eric,121.0
15241.0,2381666.0,Cowboy Trader,121.0
47783.0,282375.0,James,121.0
109372.0,14257938.0,Sam.H,121.0
49807.0,5338258.0,Harold,121.0
118638.0,14231587.0,ilam engl,121.0
91914.0,10835945.0,Nicole Douglas,121.0
122647.0,1772743.0,zfj3ub94rf576hc4eegm,121.0
185539.0,3046941.0,Joseph,121.0
162131.0,16439986.0,Kreol,121.0
133070.0,1015625.0,Niclas,121.0
91305.0,226674.0,Ali,121.0
127448.0,13660294.0,dataviews,121.0
118009.0,18293772.0,Tom S,121.0
2680.0,59890.0,Frames Catherine White,121.0
103249.0,8459212.0,JE_Muc,121.0
47397.0,991388.0,Nicolaesse,121.0
119017.0,76198.0,lambshaanxy,121.0
76647.0,2208212.0,Marcin Zablocki,121.0
104697.0,12650473.0,thedumbkid,121.0
175719.0,27357050.0,nullsafe,121.0
130854.0,16501331.0,Wesley Cheek,121.0
56747.0,10248031.0,Syed Mobassir,121.0
101475.0,6643687.0,jthomas,121.0
113016.0,18781289.0,marsolmos,121.0
173270.0,6500519.0,Christian Prince,121.0
113836.0,4468624.0,jfmoyen,121.0
133149.0,24463667.0,user133149,121.0
99434.0,9513949.0,Elvin Aghammadzada,121.0
136093.0,4703964.0,burn4science,121.0
87796.0,16061089.0,Alex Dana,121.0
66987.0,429289.0,Skippy le Grand Gourou,121.0
168131.0,20028691.0,KitanaKatana,121.0
118377.0,13150922.0,Bambeil,121.0
38322.0,5710315.0,Amin Alaee,121.0
126480.0,6574883.0,mjbsgll,121.0
168746.0,9524913.0,aLIEz,121.0
126936.0,19281676.0,hch,121.0
186411.0,3814367.0,Lucas Roberts,121.0
118136.0,17927916.0,jonnyf,121.0
125027.0,22669134.0,Kami,121.0
146418.0,16066344.0,Thomas Winckelman,121.0
102624.0,19193254.0,oliver.c,121.0
143239.0,1802391.0,AMT,121.0
80867.0,33515.0,Sanjay Manohar,121.0
133177.0,4318023.0,Ishrak,121.0
141966.0,15846606.0,Shayan Daneshvar,121.0
123099.0,17097092.0,Gloksinya,121.0
133143.0,7801498.0,purod,121.0
133714.0,15634841.0,NFeruch - FreePalestine,121.0
87734.0,6607.0,IMil,121.0
80430.0,9302465.0,hafiz031,121.0
137542.0,25296367.0,Soroush Mirzaei,121.0
128374.0,6631792.0,Jigsaw,121.0
70043.0,4745335.0,JacoSolari,121.0
116114.0,20244733.0,Mohammad Saad,121.0
127389.0,6296516.0,Python Millionaire,121.0
109668.0,17696929.0,branperr,121.0
118301.0,18020908.0,Fu678,121.0
109717.0,35283.0,Jānis Elmeris,121.0
9489.0,224141.0,Coconut,121.0
32940.0,72499.0,scipilot,121.0
135064.0,4269921.0,ThomasAJ,121.0
20612.0,484822.0,MRule,121.0
109444.0,8470908.0,eerick,121.0
125539.0,352325.0,stepthom,121.0
34111.0,49719.0,J. Bend,121.0
58139.0,1098746.0,twink_ml,121.0
95102.0,8910235.0,Zafir Stojanovski,121.0
112818.0,1677739.0,Jemmy,121.0
10609.0,2736811.0,Sharath,121.0
125292.0,17860310.0,Dmitry Demidov,121.0
91466.0,9921068.0,DevLoverUmar,121.0
40468.0,293508.0,pookie,121.0
86885.0,6490911.0,seralouk,121.0
109357.0,13773756.0,Rishabh Jain,121.0
161855.0,10551025.0,Aditya,121.0
111030.0,6259414.0,Jameson,121.0
156192.0,4953345.0,James Lamb,121.0
144369.0,6480912.0,Yly,121.0
142949.0,11801327.0,baked goods,121.0
86828.0,14059381.0,James Arten,121.0
156275.0,17082952.0,wtwtwt,121.0
123179.0,22461914.0,rober_dinero,121.0
26952.0,174821.0,Bojan Komazec,121.0
111887.0,9858675.0,circassia_ai,121.0
147666.0,19916038.0,prostak,121.0
109439.0,9159527.0,Ahmed Mahmud,121.0
39105.0,6410744.0,Mouad_S,121.0
140197.0,11884470.0,forest,121.0
37792.0,1496228.0,HHH,121.0
96208.0,5538814.0,Sam CD,121.0
111016.0,19897620.0,satinder singh,121.0
52617.0,1454594.0,Dmytro Titov,121.0
123453.0,385151.0,reedvoid,121.0
133763.0,9880152.0,A_C,121.0
54416.0,335591.0,Dawn,121.0
126335.0,12152217.0,rland,121.0
164209.0,7364883.0,user82261,121.0
119366.0,1346202.0,dingo_kinznerhook,121.0
83448.0,2651749.0,user2293224,121.0
8493.0,1363943.0,Pavel,121.0
120313.0,22135630.0,MS-SPO,121.0
43546.0,4926384.0,Ismail,121.0
45414.0,503387.0,Anderson Green,121.0
113076.0,4385245.0,Whitehot,121.0
107825.0,4100015.0,couka,121.0
126738.0,15973857.0,Ruben Kruepper,121.0
137925.0,12896187.0,Darkwizie,121.0
141735.0,2109375.0,Paul Higgins,121.0
107925.0,14246565.0,Mee,121.0
25365.0,6068163.0,Ernest S Kirubakaran,121.0
174078.0,35005647.0,Nikolai Vorobiev,121.0
116659.0,14143674.0,GabS,121.0
110694.0,12814867.0,pmu2022,121.0
115005.0,19130275.0,Woj,121.0
119683.0,2313216.0,ptn77,121.0
77045.0,2824173.0,mribeirodantas,121.0
110564.0,5441333.0,Phrixus,121.0
126740.0,391435.0,Dharmeshsharma,121.0
37405.0,2580289.0,VaM,121.0
6614.0,4360737.0,Asterion,121.0
121016.0,10320661.0,Sharma,121.0
120581.0,22174606.0,Aolon,121.0
137674.0,7216862.0,xan,121.0
186234.0,20225445.0,Joe94,121.0
113517.0,13252305.0,Siddharth Bhatheja,121.0
155544.0,1231371.0,user1195883,121.0
115180.0,8212083.0,J.W,121.0
138468.0,5296215.0,Ali A. Jalil,121.0
88367.0,7113828.0,dosvarog,121.0
37095.0,8427035.0,prijatelj,121.0
130241.0,18726372.0,mhannani,121.0
123521.0,9297006.0,volkan g,121.0
37673.0,2474545.0,YKY,121.0
184391.0,42381558.0,arpad,121.0
85300.0,2520655.0,David Hoelzer,121.0
132995.0,23589736.0,Socorro,121.0
143625.0,8928097.0,Roy,121.0
21555.0,4696085.0,Konstantin,121.0
162924.0,3781345.0,user43280,121.0
144043.0,4302694.0,TheRizza,121.0
141615.0,998119.0,dasman,121.0
123771.0,16686622.0,mmarion,121.0
86453.0,12352756.0,GILO,121.0
158262.0,11755725.0,Viktor VN,121.0
141171.0,25789192.0,mz2300,121.0
133184.0,23800781.0,canP,121.0
53081.0,1768709.0,quant,121.0
134224.0,10478700.0,mihael,121.0
154842.0,17677481.0,Tim,121.0
123340.0,249679.0,ViennaMike,121.0
126125.0,13335260.0,mathgeek,121.0
136889.0,2504705.0,There,121.0
112140.0,14593590.0,Tim Stack,121.0
128839.0,11961367.0,Vishal Balaji,121.0
56178.0,6791317.0,Luke Sawczak,121.0
43209.0,7177524.0,tempx,121.0
149495.0,28305140.0,jxqbbb,121.0
120367.0,5937539.0,Tarun Maganti,121.0
107097.0,8190695.0,Jaime Arboleda Castilla,121.0
185990.0,121808.0,Mikko Ohtamaa,121.0
128725.0,9242809.0,oettam_oisolliv,121.0
1142.0,4519321.0,targetXING,121.0
113559.0,197229.0,DJIDave,121.0
27558.0,316827.0,sAguinaga,121.0
130647.0,18558009.0,XYZ,121.0
73751.0,4441934.0,Arun,121.0
141870.0,13016495.0,Greg,121.0
109373.0,1322292.0,Wilmer E. Henao,121.0
99895.0,16057618.0,Samar Pratap Singh,123.0
162694.0,12847599.0,Tristan Tran,123.0
162708.0,30164417.0,tds,123.0
110989.0,16330640.0,RandyMcKay,123.0
107046.0,14763076.0,Bertus101,123.0
138089.0,6747733.0,Carl,123.0
92135.0,7185865.0,Anuradha,123.0
110557.0,14071773.0,P. Leibner,123.0
91880.0,5689618.0,Moltres,123.0
116031.0,10710464.0,Todd,123.0
144290.0,1762683.0,Jolyon,123.0
133548.0,15176042.0,Drosera_capensis,123.0
123313.0,5010294.0,Steven Mathey,123.0
127134.0,6784823.0,Levent,123.0
43508.0,7216040.0,NG.,123.0
31728.0,926968.0,dearN,123.0
137215.0,18567916.0,Justin Benfit,123.0
44710.0,4794992.0,uhoh,123.0
41734.0,12170967.0,giotto,123.0
175615.0,9882903.0,Dhruv Kapoor,123.0
130416.0,2111877.0,Benny K,123.0
122957.0,1600336.0,dlanced,123.0
122675.0,1631068.0,cryp,123.0
107586.0,14964532.0,dcfg,123.0
118155.0,17484468.0,zendevil.eth,123.0
130474.0,8847026.0,RSale,123.0
141710.0,965304.0,om471987,123.0
105865.0,19511709.0,lalaland,123.0
85750.0,5455112.0,Arnau,123.0
2862.0,369868.0,sparc_spread,123.0
137896.0,7155897.0,Bucky,123.0
110411.0,15979011.0,Khachatur Mirijanyan,123.0
104774.0,2889041.0,user2478236,123.0
88913.0,4785675.0,Joba,123.0
85444.0,11980541.0,George Petropoulos,123.0
112226.0,18332637.0,foam78,123.0
84704.0,10444939.0,Abdessamad139,123.0
33095.0,5152794.0,aqua,123.0
137331.0,4133167.0,Victor2748,123.0
2745.0,3620990.0,statsNoob,123.0
1177.0,481873.0,justhalf,123.0
78791.0,12622547.0,camarman,123.0
123396.0,22039911.0,Hamzah Al-Qadasi,123.0
47208.0,38620.0,Julian H,123.0
144269.0,13351913.0,Dani,123.0
128603.0,12679234.0,ChrisNick92,123.0
62246.0,415067.0,Sanyo Mn,123.0
120937.0,2748005.0,Luke Schoen,123.0
120942.0,6296010.0,NIrbhay Mathur,123.0
73787.0,15402949.0,AO1992,123.0
130357.0,4766974.0,Esoog,123.0
126279.0,2635658.0,gibs,123.0
127579.0,3651587.0,user3043636,123.0
119789.0,16531566.0,abhi,123.0
118083.0,3386157.0,Alexey,123.0
120291.0,16983834.0,chalbiophysics,123.0
130144.0,7520596.0,IS92,123.0
110208.0,13655429.0,manymanymore,123.0
101586.0,7893486.0,abdul,123.0
60175.0,2594196.0,user60175,123.0
155857.0,5258408.0,oweydd,123.0
121168.0,7883072.0,jthulhu,123.0
111522.0,18001299.0,anpami,123.0
57752.0,1377597.0,KDecker,123.0
134408.0,1134294.0,malisokan,123.0
178657.0,22713969.0,Leo Juhlin,123.0
113460.0,20290225.0,Marco Bobinger,123.0
112815.0,8931143.0,kankan256,123.0
91899.0,1882708.0,Molitoris,123.0
98873.0,2000905.0,Prototank,123.0
87525.0,5870690.0,Althis,123.0
146067.0,7296869.0,Mohammadreza Riahi,123.0
99207.0,10752048.0,Pythoner,123.0
146055.0,363325.0,draeath,123.0
87215.0,12212604.0,Jonas Palačionis,123.0
146129.0,26908588.0,Flavio Brienza,123.0
141041.0,14761701.0,MADFROST,123.0
41448.0,7767336.0,AutisticRat,123.0
87591.0,204412.0,saad,123.0
25529.0,7482967.0,Matteo Felici,123.0
26211.0,7129348.0,Steffen Moritz,123.0
27902.0,2424221.0,wwjdm,123.0
28099.0,455334.0,Herbert,123.0
128701.0,2666179.0,Betelgeuse,123.0
116923.0,4266083.0,data_science_learner,123.0
154751.0,13376486.0,William,123.0
126045.0,14999859.0,Rahul,123.0
161432.0,3796056.0,Vahid,123.0
100883.0,3104692.0,rshah,123.0
126079.0,22934111.0,futuredataengineer,123.0
50664.0,6892655.0,R June,123.0
111827.0,13876072.0,Oliver,123.0
117032.0,11680597.0,puradrogasincortar,123.0
132210.0,20815718.0,pqrz,123.0
133321.0,11792093.0,Romero Azzalini,123.0
104409.0,13851981.0,Qwertiops,123.0
109464.0,14901950.0,DGIS,123.0
43613.0,167610.0,user572575,123.0
67573.0,8501321.0,Felipe,123.0
135262.0,2632269.0,Reignbeaux,123.0
141647.0,9546969.0,wrek,123.0
107412.0,17264880.0,Hiro Nakagame,123.0
99184.0,5124360.0,Mossmyr,123.0
172416.0,30006697.0,Lynchian,123.0
161201.0,1267331.0,Chris Bedford,123.0
181200.0,35765580.0,Laurence,123.0
127703.0,21279707.0,mathi1651 ,123.0
178206.0,19236569.0,youtube,123.0
134657.0,10144757.0,Nate,123.0
111532.0,19815092.0,Ranji Raj,123.0
128920.0,12382962.0,Triceratops,123.0
58155.0,7254129.0,Myron,123.0
68561.0,4733492.0,Doralisa,123.0
79298.0,15556764.0,SCool,123.0
75239.0,2389695.0,madprogramer,123.0
139380.0,13939613.0,FiercestJim,124.0
111618.0,12822365.0,LearningAlgorithm,124.0
123128.0,20327881.0,SPARSE,125.0
131236.0,7287078.0,Soon,125.0
128487.0,15018449.0,Murilo,125.0
59047.0,9445914.0,Jiho Choi,125.0
119228.0,18376152.0,Dani,125.0
95494.0,14348449.0,Maf,125.0
148603.0,25307530.0,winter,125.0
85203.0,17080935.0,blackraven,125.0
98826.0,11890254.0,Rajdeep Biswas,125.0
6656.0,5568720.0,Hassan Abedi,125.0
135268.0,16636999.0,Arun Jose,125.0
141487.0,18519443.0,Alix Blaine,125.0
117002.0,13679518.0,DDV,125.0
125942.0,3207945.0,Sixtyfive,125.0
98.0,1038747.0,Th3Nic3Guy,125.0
67840.0,7291892.0,Dmitry  Sokolov,125.0
111121.0,13405556.0,Mohit Burkule,125.0
118526.0,21573883.0,XGB,125.0
128336.0,9042061.0,Just van der Veeken,125.0
80172.0,228981.0,walves,125.0
111128.0,7234232.0,user5520049,125.0
18968.0,3276816.0,John Smith,126.0
122613.0,19965141.0,Dhana D.,126.0
143812.0,374893.0,Oras,126.0
113953.0,5146230.0,Marcelo Avila,126.0
142855.0,17273600.0,db_max,126.0
110031.0,14378774.0,Alec Hoyland,126.0
148565.0,9440794.0,programjames,126.0
127678.0,3710720.0,Lutz Lehmann,126.0
56521.0,7349207.0,Cloud Cho,126.0
30973.0,4493122.0,Antonina,126.0
28270.0,4840463.0,skoh,126.0
142623.0,4914018.0,Cole Murray,126.0
143969.0,20907147.0,Bhargav,126.0
80390.0,9682167.0,Billy Bonaros,126.0
60276.0,8932929.0,cronoik,126.0
13443.0,1089186.0,Ash,127.0
52409.0,3591966.0,Adel,127.0
137378.0,25224785.0,maldini1990,127.0
105445.0,4484167.0,user6703592,127.0
78513.0,2730863.0,Malik A. Rumi,127.0
127464.0,23263977.0,CanP,127.0
130405.0,444297.0,user836026,127.0
57476.0,7061872.0,user5406764,127.0
132123.0,1776496.0,Sakher,128.0
60502.0,7144409.0,jony alton,129.0
106905.0,12815681.0,Nagh,129.0
39107.0,7019422.0,Jed,129.0
92464.0,5270084.0,ggordon,129.0
101121.0,5553525.0,Ali Hassaine,129.0
128409.0,17438956.0,Jenia,129.0
131010.0,2220187.0,Jurgen Cuschieri,129.0
120521.0,19825929.0,mab0189,129.0
87914.0,14266486.0,Maifee Ul Asad,129.0
103683.0,10993859.0,SaNa,129.0
111978.0,19378254.0,Ketchup,129.0
86792.0,9631665.0,gamma,129.0
108477.0,3264651.0,Saikat Bhattacharya,129.0
131308.0,24004447.0,krbcaypwd,130.0
85383.0,13186143.0,callmeanythingyouwant,131.0
162689.0,5122273.0,Droid,131.0
162671.0,217946.0,John,131.0
66508.0,1279616.0,methus,131.0
40378.0,7350859.0,aghd,131.0
136304.0,1834081.0,Deepkamal,131.0
111301.0,3805407.0,soysal,131.0
63372.0,6245535.0,Tollpatsch,131.0
136182.0,7603153.0,Ecasx,131.0
125707.0,2282786.0,K327,131.0
18893.0,3415023.0,pbahr,131.0
83578.0,7260509.0,Always Right Never Left,131.0
140237.0,518882.0,Adnan Quaium,131.0
70509.0,1880156.0,Jorge Amaral,131.0
112200.0,356336.0,Jameson,131.0
187178.0,7276158.0,lmocsi,131.0
136759.0,3024199.0,usual me,131.0
127917.0,286571.0,Mojca,131.0
112595.0,16381877.0,Michael,131.0
16486.0,517898.0,Graipher,131.0
124932.0,13453012.0,Mariane Reis,131.0
92294.0,1130694.0,moi,131.0
47089.0,11848085.0,LouisB,131.0
137637.0,4105288.0,user3369545,131.0
2621.0,1313464.0,jpmuc,131.0
80688.0,443401.0,Lem0n,131.0
113114.0,3322009.0,user2792957,131.0
136846.0,4607484.0,Mohit Gangrade,131.0
21625.0,1636318.0,matanox,131.0
134886.0,20662778.0,clementzach,131.0
188.0,4447240.0,Sebastian,131.0
86319.0,14756352.0,cerofrais,131.0
79514.0,8448905.0,WhatAMesh,131.0
60274.0,8946727.0,noideawhatimdoing,131.0
83913.0,16913572.0,leon dobrzinsky,131.0
16311.0,2960941.0,Quang Hoang,131.0
127499.0,9859067.0,MvZ,131.0
47724.0,4443341.0,Gokul NC,131.0
62853.0,536755.0,g4th,131.0
135590.0,12132903.0,Similar pictures,131.0
137434.0,22189437.0,Robert,131.0
130668.0,2677177.0,finstats,131.0
93577.0,4834630.0,Ishan Fernando,131.0
58074.0,9118497.0,Walid Mujahid وليد مجاهد,131.0
70756.0,2553736.0,Spenhouet,131.0
116631.0,13270715.0,Daniel,131.0
96132.0,3504164.0,SequenceToSequence,131.0
122373.0,17699.0,thornate,131.0
109942.0,20386251.0,Greggs,131.0
109572.0,20293254.0,srishtigarg,131.0
54473.0,4909456.0,Shan Dou,131.0
134736.0,18527370.0,Ledian K.,131.0
135324.0,7473677.0,Mohsen,131.0
92484.0,462709.0,Thomas Arildsen,131.0
56600.0,1576346.0,erotavlas,131.0
161196.0,393271.0,Jackson Walters,131.0
137851.0,5964559.0,Passer By,131.0
59553.0,472347.0,bers,131.0
143451.0,4054999.0,Sirion,131.0
104767.0,9073934.0,Mahmoud,131.0
141428.0,20330676.0,sourin_karmakar,131.0
123071.0,19816175.0,LeLuc,131.0
120915.0,10021817.0,Bits,131.0
166714.0,20834162.0,Damir Tenishev,131.0
109931.0,19248701.0,Eitan Rosati,131.0
161142.0,30652967.0,Julius Hamilton,131.0
136082.0,13954338.0,Heleno Paiva,131.0
69861.0,6542684.0,The Doctor,131.0
134857.0,4911606.0,Argho Chatterjee,131.0
74369.0,14212793.0,F_M,131.0
112294.0,9219333.0,Tanner Phillips,131.0
69845.0,9128908.0,psj,131.0
112030.0,1337160.0,danielsvane,131.0
121001.0,1766553.0,Mr. Goferito,131.0
156492.0,1704502.0,Ben Jackel,131.0
73792.0,11001082.0,XsLiar,131.0
43975.0,7384919.0,seed,131.0
156142.0,6608852.0,JobHunter69,131.0
185403.0,19551791.0,steve,131.0
133559.0,17374341.0,Caspertijmen1,131.0
136465.0,25435838.0,greenButMellow,131.0
85025.0,265959.0,user3691191,131.0
78231.0,1616251.0,POOJA GUPTA,131.0
4715.0,89800.0,Cerin,131.0
142856.0,3619859.0,iYOA,131.0
123530.0,18241102.0,Downforu,131.0
145865.0,24145568.0,Rickyslash,131.0
118800.0,7555293.0,cuuupid,131.0
77373.0,8006731.0,hrokr,131.0
52532.0,12957095.0,welu,131.0
116106.0,19853427.0,Mr. Panda,131.0
97696.0,17348044.0,Rim Sleimi,131.0
162301.0,11590409.0,crbl,131.0
8592.0,2039146.0,schwenk,131.0
88581.0,8751376.0,Soheil Hosseini,131.0
113448.0,129602.0,pixelearth,131.0
183570.0,8651560.0,Felicity Mulhall,131.0
126945.0,2210196.0,DVCITIS,131.0
12536.0,257243.0,Blaze,131.0
65140.0,15035969.0,Jacopo Repossi,131.0
140691.0,1376619.0,mindlessgreen,131.0
113365.0,2773258.0,schafran,131.0
127412.0,2549371.0,Nikolai Zaitsev,131.0
159835.0,1397847.0,Sameer Joshi,131.0
109158.0,2410011.0,davegri,131.0
122881.0,4623233.0,nammerkage,131.0
100704.0,13845613.0,R Carnell,131.0
60129.0,3019717.0,Martin G,131.0
112275.0,9992837.0,João Dionísio,131.0
66055.0,82169.0,LOST,131.0
122484.0,19717881.0,seermer,131.0
181507.0,8144911.0,Soham Bhaumik,131.0
35830.0,3279365.0,xtiger,131.0
149117.0,18372864.0,AyamGorengPedes,131.0
21478.0,1326012.0,Ken Y-N,131.0
14688.0,6739971.0,prashanth,131.0
185687.0,1326610.0,Hussain Mahfoodh,131.0
117981.0,12558488.0,Michael,131.0
100431.0,1689256.0,United121,131.0
89270.0,3768988.0,SJa,131.0
70382.0,8497043.0,Girish Kumar Chandora,131.0
113267.0,15656342.0,user1234,131.0
159837.0,7528758.0,Prakash,131.0
108997.0,2437631.0,Lukas,131.0
45945.0,21175.0,opyate,131.0
82168.0,11304784.0,JoeBe,131.0
96209.0,5862446.0,luky,131.0
155975.0,8437959.0,SacredMechanic,131.0
184572.0,7417193.0,S. N.,131.0
103076.0,4666174.0,Kapil,131.0
122589.0,18975267.0,moosehead42,131.0
85995.0,17182332.0,teoML,131.0
111414.0,13665000.0,CB Madsen,131.0
125117.0,1813495.0,Mark531,131.0
123228.0,13248401.0,bananaboy,131.0
176426.0,36000.0,Travis Warlick,131.0
151216.0,28337133.0,QMath,131.0
141906.0,15465009.0,ABC,131.0
193474.0,205991.0,Nick_K,131.0
108085.0,17166471.0,Nikto,131.0
97844.0,1920281.0,thistleknot,131.0
85238.0,5998658.0,Avatrin,131.0
126183.0,1088701.0,Bert,131.0
138110.0,17026006.0,sroush,131.0
117529.0,5234668.0,BanikPyco,131.0
111715.0,15398509.0,anorexy,131.0
44960.0,9338787.0,Sanjar Adilov,131.0
168805.0,28177440.0,wasa,131.0
122951.0,19025281.0,Rajan,131.0
110980.0,2504802.0,Matthias Fripp,131.0
13884.0,100116.0,Rayne,131.0
135496.0,5792710.0,David,131.0
59488.0,6253666.0,Arnav Das,132.0
93591.0,12681785.0,stans,132.0
117911.0,20060307.0,Crazy,133.0
116267.0,5564882.0,tendim,133.0
156444.0,5995917.0,Md. Ehsanul Haque Kanan,133.0
54604.0,3382867.0,Algo,133.0
96729.0,10629426.0,manaclan,133.0
70762.0,15668243.0,kspr,133.0
172930.0,24181676.0,hamflow,133.0
1409.0,1617686.0,asdf,133.0
98304.0,4434750.0,Onki,133.0
184611.0,3587835.0,user24007,133.0
104285.0,15454715.0,user,133.0
132417.0,354947.0,Luis Valencia,133.0
52467.0,10141279.0,quanty,133.0
112345.0,3093694.0,con,133.0
121245.0,3152268.0,Sourajit,133.0
107798.0,18208482.0,Rawnak Yazdani,133.0
73964.0,9038348.0,qaiser,133.0
67148.0,13654132.0,calveeen,133.0
118206.0,974068.0,rekire,133.0
79981.0,9761535.0,haci,133.0
118130.0,298566.0,ashish.g,133.0
144646.0,20847162.0,Mehdi Charife,133.0
25043.0,8699505.0,Rafael Toledo,133.0
110125.0,109059.0,CoolBeans,133.0
107928.0,10075664.0,Imran,133.0
91998.0,3600205.0,Vahid Shams,133.0
58989.0,2977860.0,Chor Hatara Hud'u Keturi,133.0
61599.0,10869915.0,Nipun Thennakoon,133.0
85548.0,64016.0,Trevor Sullivan,133.0
7714.0,3991403.0,Wajdi,133.0
122856.0,18270943.0,UniqueName,133.0
89639.0,17713041.0,dan,133.0
109407.0,4586336.0,user32145,133.0
83540.0,296730.0,Franva,133.0
8626.0,999566.0,bonl,133.0
56533.0,7213090.0,WorldGov,133.0
27990.0,2297460.0,Clock ZHONG,133.0
176963.0,6133925.0,William Balthes,133.0
167311.0,3877296.0,Arepo,133.0
84702.0,5442600.0,dannycbus,133.0
90341.0,12658172.0,ndake11,133.0
80328.0,15585281.0,simon,133.0
52706.0,300083.0,inf3rno,133.0
127836.0,2661872.0,user2301346,133.0
150616.0,10054912.0,orde.r,133.0
123608.0,20826319.0,woowz,133.0
108130.0,5483051.0,Ruslan,133.0
100147.0,11465493.0,Norman,133.0
94949.0,12268979.0,Siddhant Tandon,133.0
137197.0,14705287.0,samuelnihoul,133.0
98748.0,6003556.0,CD86,133.0
108416.0,1276056.0,ali,133.0
60574.0,2182441.0,Shan Khan,133.0
111662.0,5164016.0,Marion,133.0
44581.0,4390635.0,Vranvs,133.0
137346.0,6512377.0,Sujan Dutta,133.0
162183.0,408728.0,Rafael Borja,133.0
118071.0,4464909.0,Dudelstein,133.0
162898.0,19378778.0,Lockhart ,133.0
126234.0,9963918.0,Oaty,133.0
163281.0,8844989.0,Englishman Bob,133.0
76125.0,9640511.0,flow2k,133.0
131669.0,11618097.0,Henri,133.0
142936.0,10413251.0,Luca Clissa,133.0
130637.0,18656235.0,Amartya,133.0
8410.0,539600.0,Leon,133.0
193151.0,27937138.0,Thomas Moore,133.0
109806.0,18745252.0,Geom,133.0
119063.0,12327939.0,Dark Apostle,133.0
130360.0,15929241.0,Aun Zaidi,133.0
3315.0,4891295.0,James,133.0
75863.0,189878.0,Alex Punnen,134.0
39233.0,4712009.0,Bobby,134.0
27153.0,5989805.0,Sandipan Dey,134.0
30213.0,5152458.0,Vikash Balasubramanian,134.0
16251.0,5554719.0,Avi,135.0
75528.0,9326464.0,Mat,135.0
109987.0,17954428.0,JMarcos87,135.0
137122.0,4759281.0,Foobar,135.0
109091.0,2526078.0,Exploring,135.0
107818.0,18970500.0,Blake Lucey,135.0
150919.0,15934425.0,Frank,135.0
118594.0,13165773.0,Oleg Ivanytskyi,135.0
74560.0,13788350.0,CapJS,135.0
110932.0,19326312.0,Leo,135.0
143928.0,24811278.0,TFT,135.0
107003.0,15687091.0,SirAchesis,135.0
106276.0,11688200.0,taciturno,135.0
136949.0,19260404.0,tikendraw,135.0
134964.0,24073483.0,Piskator,135.0
118178.0,16889699.0,Saibo-creator,136.0
145771.0,6280838.0,rstz,136.0
105921.0,16789207.0,lys,136.0
108777.0,14251648.0,B.Liu,136.0
115821.0,20964287.0,Matt Kaye,136.0
117177.0,430478.0,Arpad Horvath,136.0
105807.0,16389768.0,Dipanwita Mallick,136.0
156603.0,16284316.0,Terrence,136.0
82258.0,2881107.0,lytseeker,136.0
109541.0,18032226.0,Ismail Durmaz,136.0
8052.0,3913790.0,Robert Lacok,136.0
19271.0,1367152.0,Gijs,136.0
126766.0,5109355.0,James Melville,136.0
65985.0,2061881.0,ZWang,136.0
140027.0,15224355.0,Warkaz,136.0
140137.0,26264697.0,Gromov,136.0
155814.0,25055428.0,Nauel,136.0
101169.0,6938101.0,Comte,136.0
134932.0,22499369.0,Aravind R,136.0
107572.0,19989991.0,pinnyto,136.0
141429.0,25870746.0,Jovian Aditya,136.0
122410.0,15152460.0,DaCard,136.0
50921.0,6207885.0,cdahms,137.0
60394.0,13609776.0,Valentin Macé,137.0
95247.0,187589.0,MyName,137.0
94792.0,17647832.0,Leland Hepworth,137.0
92049.0,6498539.0,Prince M,137.0
110636.0,15117650.0,Slim Shady,137.0
109441.0,14297866.0,Mohamed Amine,137.0
95088.0,16360684.0,paperskilltrees,138.0
12987.0,33170.0,boyfarrell,138.0
148578.0,18637608.0,piplustwo,138.0
50620.0,132727.0,Calimo,138.0
139909.0,19184715.0,buddemat,138.0
20290.0,4957528.0,Abdullah Al Imran,139.0
179188.0,17176353.0,Achrbot,139.0
112749.0,4562884.0,ankit agrawal,139.0
179252.0,510165.0,Bogaso,139.0
30346.0,1857614.0,Vivek Dani,139.0
38793.0,6711567.0,coding_ninza,139.0
105508.0,6146886.0,Ayan Mitra,139.0
84451.0,2636825.0,Merry,139.0
32433.0,484608.0,Alaa M.,140.0
78377.0,16076468.0,soham_dhole,140.0
94461.0,18234375.0,Kjetil Haukås,140.0
108663.0,5432130.0,Rylan Schaeffer,140.0
80850.0,16208288.0,Farzin,141.0
52111.0,2211885.0,Jimmy,141.0
96961.0,9852795.0,asanoop24,141.0
112338.0,6795719.0,root,141.0
193427.0,5622045.0,jacaboul,141.0
12736.0,215207.0,kjetil b halvorsen,141.0
8754.0,510887.0,Brian Borchers,141.0
66595.0,4681645.0,pramesh,141.0
155336.0,11425806.0,Mohamed Rahouma,141.0
118063.0,12223415.0,emilaz,141.0
123598.0,22588547.0,Physicist92,141.0
86219.0,1375431.0,Jaswin,141.0
173783.0,12805837.0,dawen,141.0
84861.0,5401740.0,Jonathan Woollett-light,141.0
111463.0,12940758.0,spchaane,141.0
112381.0,2835065.0,kfx,141.0
10799.0,436588.0,Adam_G,141.0
155710.0,29782000.0,ABizz,141.0
126630.0,11630084.0,Bhanuday Sharma,141.0
123636.0,3120414.0,Alexander Hanysz,141.0
91877.0,4957182.0,yurnero,141.0
108971.0,1778083.0,llama,141.0
52023.0,13462537.0,CyberPunk,141.0
106052.0,2756875.0,Ritwik,141.0
159544.0,8881832.0,Wouter De Coster,141.0
100417.0,16347588.0,m_ocean,141.0
106421.0,15329876.0,sneeze_shiny,141.0
103903.0,1521971.0,Mohit,141.0
57310.0,11730312.0,Amith Adiraju,141.0
115357.0,1839221.0,Oldville,141.0
111985.0,4663163.0,Gregwar,141.0
124989.0,19291329.0,johnnydoe,141.0
9974.0,6357125.0,DJohnson,141.0
187222.0,509934.0,davidlowryduda,141.0
46920.0,4316999.0,apt45,141.0
59296.0,4866529.0,Deepak Saini,141.0
132060.0,3613591.0,ahmed_khan_89,141.0
127049.0,16637613.0,fam-woodpecker,141.0
180759.0,13911660.0,Jake Malis,141.0
145913.0,2061691.0,Krishna,141.0
132308.0,18678324.0,Vladimir Belik,141.0
64363.0,14196201.0,IsaacLevon,141.0
87032.0,1773225.0,Trauer,141.0
144222.0,17682075.0,Ibrahim Kelly,141.0
150772.0,25556697.0,Eric,141.0
141092.0,5450696.0,bsauce,141.0
38532.0,9152460.0,Mehmet Burak Sayıcı,141.0
128423.0,13765974.0,Валерий Заподовников,141.0
82766.0,12214514.0,ebeb,141.0
122680.0,16267566.0,Shayan,141.0
143953.0,6314264.0,David Ferris,141.0
186206.0,24020541.0,NewPartizal,141.0
113285.0,3020105.0,Paul B. Slater,141.0
15394.0,5804627.0,dule arnaux,141.0
98765.0,17359048.0,ChaoS Adm,141.0
2590.0,1901247.0,Eoin,141.0
158958.0,12367048.0,otk,141.0
85577.0,2086953.0,AlwaysLearning,141.0
90576.0,5696646.0,hyeri,141.0
109485.0,8070470.0,Life is complex,141.0
150130.0,115620.0,Silver Light,141.0
104243.0,1972970.0,DCnoob,141.0
145790.0,20350889.0,user610620,141.0
145438.0,11265617.0,Zwerchhau,141.0
109233.0,2066155.0,gmaravel,141.0
58090.0,2438274.0,Rakshit Kothari,141.0
148941.0,11685274.0,Aishgadol,141.0
125799.0,22464531.0,Yuxxxxxx,141.0
135808.0,19683148.0,AJV,141.0
108804.0,13461956.0,Alex,141.0
107628.0,12661169.0,itisyeetimetoday,141.0
45627.0,4953801.0,Allan,141.0
106582.0,1891950.0,Josh,141.0
91758.0,1795830.0,thenoirlatte,141.0
127247.0,2294965.0,Tunneller,141.0
174095.0,11862482.0,jamesdeluk,141.0
146278.0,97751.0,Corbin,141.0
141165.0,26301831.0,ron burgundy,141.0
134909.0,18916314.0,Christian01,141.0
145547.0,1003728.0,masaers,141.0
119920.0,19628773.0,John Sohn,141.0
159123.0,22980885.0,underflow,141.0
135502.0,20798304.0,Lima_Institute_of_Econometrics,141.0
23188.0,1028284.0,Manuel Schmidt,141.0
102804.0,3145926.0,Ben,141.0
186584.0,22315638.0,Cihangir Yaman,142.0
193094.0,40845786.0,Gabriel Fagundes,143.0
54290.0,10054171.0,vftw,143.0
157029.0,466184.0,mogoman,143.0
170241.0,21828879.0,My Car,143.0
110619.0,1343823.0,JorgeGarza,143.0
162452.0,16346288.0,Rubem Pacelli,143.0
111696.0,6984622.0,Jack Avante,143.0
69849.0,5673944.0,Álvaro Loza,143.0
73315.0,12206362.0,T Piper,143.0
30982.0,10660014.0,MaximilianP,143.0
156939.0,210082.0,Rob Audenaerde,143.0
52890.0,1166448.0,user1144596,143.0
28117.0,5269451.0,Celi Manu,143.0
30009.0,940021.0,hhaamm,143.0
46501.0,6787152.0,BetterOffAlone,143.0
87214.0,7428503.0,havakok,143.0
139616.0,2261067.0,Mr. B,143.0
163327.0,11851351.0,deque,143.0
113124.0,8991000.0,Ramiro Hum-Sah,143.0
70539.0,6921989.0,Windstorm1981,143.0
34057.0,2720701.0,Pedram,143.0
99065.0,8531722.0,Hamza,143.0
119127.0,21220363.0,Davi Américo,143.0
119771.0,15995185.0,Rinshan Kolayil,143.0
132933.0,20917805.0,baltiturg,143.0
90212.0,1267490.0,Lukas N.P. Egger,143.0
184057.0,2270349.0,Michael,143.0
87391.0,1162208.0,kiriloff,143.0
116052.0,209030.0,Yaniv Aknin,143.0
158714.0,15190934.0,QCQCQC,143.0
158731.0,19016739.0,joseville,143.0
17021.0,6518198.0,Charles,143.0
127125.0,7711330.0,zzzgoo,143.0
142384.0,16983218.0,tturbo,143.0
134157.0,21558741.0,JeeyCi,143.0
119746.0,10109622.0,Silvio sjsj,143.0
65135.0,1019244.0,SteveS,143.0
184207.0,23398466.0,9jA,143.0
124911.0,7469669.0,Salih,143.0
51778.0,9408722.0,Gabriele,143.0
176299.0,32126109.0,Kt Student,143.0
169146.0,1070179.0,ja_him,143.0
66855.0,210042.0,Nilani Algiriyage,143.0
162828.0,404039.0,Colin,143.0
125277.0,10026431.0,Alan Buxton,143.0
110153.0,1950282.0,Pippo,143.0
173425.0,10013165.0,Shane,143.0
104148.0,15895841.0,jonas,143.0
86800.0,16901005.0,maldini425,143.0
121194.0,257523.0,Mohsen Sichani,143.0
63544.0,6292402.0,Tom Piaggio,143.0
86329.0,10015780.0,Farhood ET,143.0
108361.0,20132476.0,Rocky the Owl,143.0
113901.0,10756175.0,QMan5,143.0
18481.0,5764261.0,wordsforthewise,144.0
45450.0,1300508.0,TotoposDiagramChaseApp,145.0
77663.0,7786956.0,Quantum Dreamer,145.0
105633.0,11739301.0,Essam,145.0
80014.0,15089289.0,Omroth,145.0
39236.0,4369345.0,ryuzakinho,145.0
111725.0,14678171.0,Orkun Berk Yuzbasioglu,145.0
88525.0,5483390.0,aze45sq6d,145.0
93830.0,15643340.0,leed,145.0
52755.0,10469378.0,root,145.0
129970.0,23601844.0,AAA,145.0
57835.0,12816946.0,Yassine,145.0
126496.0,17644358.0,LGe,145.0
131702.0,6446705.0,Amben Uchiha,145.0
99885.0,14720953.0,LGDGODV,145.0
143888.0,21255915.0,Elodin,145.0
79408.0,14216981.0,sogu,145.0
118634.0,9023456.0,Mateusz,145.0
148467.0,2244485.0,Leo,146.0
104667.0,15027027.0,Maleehak,146.0
71903.0,12346883.0,Cameron King,146.0
53007.0,4735011.0,Jasha,146.0
131238.0,12001814.0,Jan,146.0
186275.0,511570.0,Davide Giraudo,146.0
26376.0,9698876.0,Paul,146.0
141096.0,26475275.0,James Ashford,146.0
139550.0,11027188.0,joba2ca,146.0
99727.0,4625794.0,saiRegrefree,146.0
118745.0,21061295.0,John Angelopoulos,146.0
61828.0,492960.0,jpa,146.0
111272.0,10119683.0,Tylerr,146.0
45670.0,37136.0,Stack Exchange Broke The Law,146.0
79639.0,8804453.0,Tomas P,146.0
53451.0,4909409.0,Rohan Kadakia,147.0
140437.0,16301591.0,VJ123,147.0
17054.0,2997357.0,user2543622,147.0
107073.0,3268674.0,Joe,147.0
79523.0,3579901.0,PKlumpp,147.0
101175.0,12898308.0,huy,147.0
64199.0,954411.0,user979974,147.0
125443.0,20472490.0,Mohammad Talaei,148.0
18856.0,5219054.0,Beginner,148.0
41344.0,5000152.0,Imago,148.0
18308.0,7660105.0,slamballais,148.0
134318.0,2152669.0,Thomas,149.0
49835.0,389590.0,moonman239,149.0
53038.0,5526522.0,HOSS_JFL,149.0
66044.0,6798117.0,Ashish Jain,149.0
85521.0,14489742.0,batman,149.0
131704.0,222022.0,meetpd,149.0
13296.0,249156.0,Philip Kendall,149.0
85239.0,16096425.0,Adolf Miszka,149.0
12322.0,4811382.0,sn3fru,149.0
125900.0,1346284.0,Zaratruta,149.0
130219.0,19744825.0,PwNzDust,149.0
130460.0,23473737.0,technik,149.0
97489.0,2569141.0,Ryan Volpi,150.0
37113.0,1008778.0,jtlz2,150.0
85183.0,17074769.0,Daniel Wiczew,150.0
192007.0,17896456.0,stackiee,151.0
130034.0,10699584.0,ablanch5,151.0
137305.0,1702460.0,Brandon Brown,151.0
30838.0,6618921.0,farid,151.0
156634.0,1408997.0,psycho brm,151.0
69213.0,5136530.0,Jibril,151.0
133057.0,12284028.0,Giampaolo Levorato,151.0
63620.0,9483395.0,TheExorcist,151.0
94033.0,14318721.0,Ahmad Anis,151.0
98063.0,7727605.0,RFAI,151.0
110873.0,13482973.0,Moritz Groß,151.0
83669.0,8877126.0,Guy Barash,151.0
62029.0,2084406.0,chinmay,151.0
116346.0,3653515.0,richard.g,151.0
180420.0,890083.0,adrianTNT,151.0
73502.0,9348930.0,SuperKogito,151.0
117077.0,1283166.0,rosuav,151.0
109394.0,18948939.0,Sakib Khan,151.0
193445.0,3175147.0,ChrisW,151.0
118709.0,2213131.0,smedegaard,151.0
126058.0,18400244.0,def __init__,151.0
117003.0,1131826.0,Harrys Kavan,151.0
84859.0,10168907.0,RyRy the Fly Guy,151.0
117917.0,12220007.0,Michał Powłoka,151.0
74586.0,15073871.0,Scriddie,151.0
51069.0,1229829.0,barnhillec,151.0
101005.0,4878800.0,Ramón Wilhelm,151.0
108211.0,6790184.0,bkaankuguoglu,151.0
53753.0,3813614.0,qwr,151.0
189768.0,27024828.0,Ana Branco,151.0
185723.0,19421244.0,chhu,151.0
43660.0,406316.0,user77005,151.0
80744.0,1001725.0,Infinity77,151.0
125276.0,15520051.0,Mina Ashraf,151.0
186396.0,11715935.0,DevilXD,151.0
137001.0,9760121.0,Gentian Gashi,151.0
115114.0,2985227.0,grov,151.0
26671.0,3688520.0,MetaStack,151.0
88020.0,6553901.0,user5067291,151.0
190586.0,36276977.0,João,151.0
26058.0,1461741.0,TomR,151.0
134592.0,24390629.0,Zero,151.0
155068.0,7376166.0,quanity,151.0
194183.0,2392338.0,Denise Skidmore,151.0
130807.0,23883977.0,Eric Johnson,151.0
64793.0,195375.0,Shew,151.0
13417.0,7122888.0,pinky,151.0
192362.0,28175019.0,cdt123,151.0
170246.0,27935523.0,Adithya Bandara,152.0
56811.0,1445301.0,Joe King,152.0
103900.0,18268031.0,PerplexedDimension,153.0
70680.0,10037317.0,Michael Schroter,153.0
84566.0,7329417.0,codeczar,153.0
85247.0,8881922.0,mmrbulbul,153.0
62761.0,10624069.0,7824238,153.0
101455.0,16415950.0,kjtheron,153.0
180649.0,15129113.0,The_Average_Engineer,153.0
776.0,3064307.0,pettinato,153.0
149935.0,25909704.0,D.J. Elkind,153.0
67794.0,3545966.0,user2961927,153.0
111233.0,7798901.0,gabriel garcia,153.0
146120.0,4636435.0,ginjaemocoes,153.0
41219.0,11614860.0,ktj1989,153.0
127635.0,14398523.0,AMZ,153.0
87164.0,12369039.0,a_parida,153.0
140515.0,4355459.0,SamTheGoodOne,153.0
120554.0,22090121.0,freshman_2021,153.0
102920.0,17592382.0,BestDogeStackoverflow,153.0
122330.0,10171836.0,Rayamon,153.0
56346.0,2852150.0,Tripartio,153.0
125222.0,6160849.0,Sinnombre,153.0
58140.0,2596163.0,Sad CRUD Developer,153.0
57186.0,12762969.0,Abhisek Dash,153.0
109454.0,20068822.0,Sam,153.0
54865.0,7579701.0,Piyush,153.0
121108.0,9089265.0,Jama,153.0
143349.0,60637.0,jfix,153.0
105472.0,19623065.0,Nate,153.0
104546.0,8850536.0,Ralff,153.0
85443.0,978946.0,comodoro,153.0
92532.0,11699414.0,mitra mirshafiee,153.0
99221.0,15314834.0,Joachim Rives,153.0
176664.0,5992041.0,Neinstein,153.0
122880.0,1246193.0,Zhao Li,153.0
60184.0,10845159.0,induction601,153.0
121127.0,14276723.0,Grant Allan,153.0
136339.0,24367405.0,justinlk,154.0
54442.0,338895.0,Manza,155.0
148064.0,968939.0,Shaz,155.0
27824.0,2545829.0,Thomas,155.0
105502.0,19405141.0,Sid,155.0
47473.0,1903224.0,Thomas Lee,155.0
112581.0,6332276.0,the phoenix,155.0
8417.0,3995817.0,chrishmorris,155.0
126844.0,4825531.0,jskattt797,155.0
41629.0,12209762.0,PoCheng.Lin,155.0
154135.0,15815608.0,Joshua,155.0
109594.0,16107700.0,Placido Pellegriti,155.0
37153.0,133785.0,Chris,155.0
111406.0,10830474.0,prog,155.0
123167.0,9058576.0,mars,155.0
86290.0,17223739.0,plpm,155.0
107136.0,15257671.0,Enk9456,155.0
111416.0,14987637.0,Valentin,155.0
146377.0,6329754.0,Tran Khanh,155.0
71977.0,15514024.0,a-doering,156.0
123617.0,20719153.0,Nimrod Carmel,156.0
108346.0,18871284.0,LazyEval,156.0
66331.0,11118377.0,Jakob,156.0
127686.0,350923.0,Ian,156.0
120849.0,9261255.0,outlaw,156.0
94830.0,9330681.0,Clef.,156.0
140628.0,26388870.0,Kenneth Granahan,156.0
137143.0,7195484.0,Sextus Empiricus,156.0
67339.0,14673664.0,Jeremiah,156.0
91060.0,14705004.0,Sadcow,156.0
86430.0,16477228.0,chichi,156.0
126661.0,20305694.0,Illustrati,156.0
112028.0,7003373.0,Jeet,156.0
20978.0,108788.0,user288609,157.0
102637.0,6454290.0,Ilya.K.,157.0
132421.0,17471505.0,Sahil Lohiya,157.0
600.0,49433.0,John Scott Stensland,157.0
14433.0,7047916.0,Stupid_Intern,157.0
91971.0,15084944.0,yishairasowsky,157.0
7705.0,1752997.0,vasili111,157.0
162254.0,7827695.0,Ameen Izhac,157.0
109587.0,19959402.0,AI Humanizer,157.0
115434.0,19679530.0,Igor Igor,157.0
124892.0,4885117.0,Evan Gertis,157.0
89545.0,8494771.0,Madhur Yadav,158.0
122488.0,7278298.0,CognizantApe,158.0
24478.0,58121.0,42-,158.0
73476.0,15848068.0,Jason K Lai,158.0
116069.0,19516434.0,cinch,158.0
137914.0,8600364.0,2p2eq1,158.0
139391.0,8683649.0,Yiffany,158.0
64465.0,3569897.0,alib1,159.0
50874.0,3796291.0,cristid9,159.0
106376.0,11241182.0,Raj,159.0
15728.0,19529.0,rwallace,159.0
184738.0,341544.0,Henry,160.0
93862.0,361432.0,tmaric,160.0
134416.0,11887562.0,Robin van Hoorn,160.0
151484.0,28956424.0,shivani,160.0
150761.0,266281.0,yozawiratama,161.0
23437.0,8807815.0,tsttst,161.0
86071.0,17194661.0,d-xa,161.0
140269.0,26298976.0,Vladimir Yankovskiy,161.0
74960.0,6636631.0,YoungSheldon,161.0
103984.0,16486464.0,Aastha Jha,161.0
18313.0,437818.0,Shakti,161.0
47243.0,11357835.0,JulianWgs,161.0
24887.0,3882278.0,username123,161.0
61991.0,304799.0,Glasnhost,161.0
116333.0,16415758.0,Kyv,161.0
103841.0,19126796.0,Martin Wettstein,161.0
88354.0,6222603.0,Jsevillamol,161.0
40194.0,497450.0,gatorback,161.0
108251.0,15376294.0,drorhun,161.0
82643.0,3802724.0,pentanol,161.0
38733.0,11276248.0,P. Hopkinson,161.0
43119.0,3932738.0,cgnorthcutt,161.0
49426.0,2202373.0,isarandi,161.0
108857.0,3728998.0,kosa,161.0
5301.0,5251115.0,Stan Shunpike,161.0
110309.0,16141730.0,Seydou GORO,161.0
14432.0,47064.0,JStrahl,161.0
1103.0,1529894.0,d8aninja,161.0
96815.0,10518010.0,Math,161.0
168177.0,480174.0,user2138149,161.0
120783.0,14529172.0,David Harar,161.0
30575.0,10153924.0,Christof Henkel,161.0
38272.0,266065.0,rumtscho,161.0
83133.0,12710734.0,Stats DUB01,161.0
484.0,78549.0,Neil McGuigan,161.0
61580.0,4268622.0,Chris,161.0
38136.0,5905531.0,Deb,161.0
130595.0,23782416.0,Curious,161.0
45237.0,9579371.0,Hamilton,163.0
24259.0,9138340.0,ben121,163.0
73513.0,6789440.0,AnoE,163.0
50811.0,1762936.0,Bill,163.0
113282.0,8053515.0,henry,163.0
45069.0,4503008.0,dashnick,163.0
33150.0,3656868.0,thanasissdr,163.0
93852.0,3014114.0,mockash,163.0
95244.0,7461259.0,strateeg32,163.0
163093.0,2237191.0,shay,163.0
2523.0,24885.0,Peter Mortensen,163.0
113301.0,20654789.0,Rawan,163.0
181544.0,1735496.0,clapas,163.0
88390.0,16124715.0,Darkstar Dream,163.0
112789.0,8009725.0,Jakub Małecki,163.0
126327.0,22798520.0,cocoakrispies98,163.0
98201.0,2330318.0,ruslaniv,163.0
119882.0,3908836.0,Ooker,163.0
68068.0,13346648.0,Aaron Elliot,163.0
140564.0,14454417.0,EvilRoach,163.0
173335.0,22424780.0,Shawn Hemelstrand,163.0
80727.0,7302951.0,MilTom,163.0
83862.0,16906083.0,Django0602,163.0
109295.0,19706698.0,Sandhya Indurkar,163.0
64238.0,7553133.0,Cohensius,163.0
39362.0,7509827.0,Jinhua Wang,163.0
105181.0,5704872.0,Carmoreno,163.0
120687.0,10631594.0,sangstar,163.0
10882.0,378415.0,mikalai,164.0
79770.0,4616275.0,ivallesp,164.0
2584.0,1588376.0,Andrew Brēza,165.0
38315.0,8481583.0,Alex,165.0
67316.0,13335342.0,Mari,165.0
94070.0,16884945.0,teddcp,165.0
180680.0,36322404.0,Mar,165.0
125970.0,4461161.0,Aku,165.0
107899.0,5014206.0,kyc12,165.0
65823.0,15051473.0,baddy,165.0
37172.0,2105842.0,Brendan Hill,165.0
64726.0,4755369.0,Enrique Benito Casado,165.0
76182.0,9902215.0,SchrodingersStat,165.0
65147.0,1799060.0,Lars Ericson,165.0
96922.0,17774524.0,LdM,165.0
26766.0,18661.0,Eric O. Lebigot,165.0
100986.0,7913445.0,Austin Johnson,165.0
130605.0,15487866.0,user900476,165.0
162878.0,30774191.0,Erfan Mollai,165.0
119781.0,19569295.0,user0193,165.0
103501.0,9548097.0,heretoinfinity,165.0
109934.0,15077264.0,Beniamin H,165.0
108420.0,11634305.0,Milind Dalvi,166.0
123746.0,15253044.0,Jay,166.0
8646.0,48509.0,Rob Hyndman,166.0
158643.0,7219316.0,gabalz,166.0
24240.0,1375047.0,GeoMatt22,166.0
85064.0,8119896.0,Timbus Calin,166.0
67366.0,7728292.0,Nikos H.,167.0
102913.0,19150564.0,Prashant Akerkar,167.0
47826.0,3197090.0,hanugm,167.0
57700.0,8532561.0,Krishnang K Dalal,167.0
46384.0,7204552.0,TripleH,167.0
103309.0,17303153.0,CopyOfA,167.0
58438.0,11986362.0,NorwegianClassic,167.0
108185.0,19027904.0,john22,167.0
83425.0,2510187.0,user2182857,167.0
105709.0,19669533.0,Marlen,167.0
13498.0,2576482.0,Michael Green,168.0
38477.0,171844.0,Reily Bourne,168.0
125326.0,20190244.0,Ahmad,168.0
103170.0,12900329.0,JTB,168.0
89176.0,3179439.0,Asher11,169.0
79690.0,15836043.0,The White Cloud,169.0
122641.0,22368924.0,user16584277,169.0
83065.0,16574140.0,Gaurav Chawla,169.0
159260.0,25378314.0,BsAxUbx5KoQDEpCAqSffwGy554PSah,169.0
30653.0,7695072.0,MrRobot9,169.0
154260.0,16186572.0,Jesse Sealand,169.0
135316.0,5790687.0,KishKash,169.0
38707.0,405790.0,rodrigo-silveira,170.0
139069.0,18343915.0,Rezuana Haque,170.0
125045.0,987819.0,user1005909,171.0
73827.0,7102840.0,TYL,171.0
88309.0,51201.0,hobbs,171.0
158627.0,98440.0,T. Webster,171.0
43268.0,4659781.0,Elimination,171.0
73116.0,7919101.0,Ale,171.0
119187.0,20698352.0,Stanislav Koncebovski,171.0
140749.0,2445113.0,florian,171.0
73740.0,7307466.0,Mr Prof,171.0
185884.0,22493812.0,Sage of Seven Paths,171.0
69806.0,1007307.0,toom,171.0
71781.0,5213018.0,abbassix,171.0
169316.0,2351204.0,SapereAude,171.0
76176.0,12460399.0,Anno,171.0
132035.0,13447574.0,Jakob,171.0
148258.0,6100926.0,David,171.0
111756.0,4974350.0,Golden Lion,171.0
107730.0,10876010.0,user12,171.0
115461.0,7650602.0,CoveredInChocolate,171.0
144931.0,23931790.0,Ciodar,171.0
180782.0,2159670.0,Jred,171.0
153703.0,25493.0,barryhunter,171.0
30370.0,1313649.0,user47,171.0
115749.0,215520.0,Kostya,171.0
57477.0,10857207.0,saper0,171.0
85422.0,6278145.0,dbdb,171.0
152096.0,23424064.0,noNameTed,171.0
168769.0,7016583.0,O.Phillips,171.0
35483.0,6479580.0,Ceph,171.0
106884.0,16290513.0,Marcus,171.0
67163.0,9911775.0,shaik moeed,171.0
125455.0,6374277.0,Arislan Makhmudov,171.0
118521.0,2819093.0,Kaveh,172.0
89901.0,2855667.0,Damjan Dakic,173.0
37272.0,1021083.0,0x90,173.0
18000.0,5155824.0,tsorn,173.0
79728.0,9411580.0,learner,173.0
98946.0,2134469.0,Mariano,173.0
73505.0,4609629.0,tanmay,173.0
69843.0,1239155.0,Danijel,173.0
66995.0,13929317.0,Aakash Dusane,173.0
40137.0,1158071.0,PS Nayak,173.0
103219.0,16791927.0,hal9000,173.0
112822.0,20872199.0,c0mr4t,173.0
809.0,1780022.0,Joe,173.0
101032.0,1052677.0,Amir Jalilifard,173.0
51624.0,8314576.0,Strabonio,173.0
79195.0,6553760.0,Albert,173.0
127195.0,3366819.0,Marc Le Bihan,173.0
117059.0,12753482.0,Kevin,173.0
91508.0,17912363.0,Arne,173.0
32192.0,106438.0,cs0815,174.0
10383.0,3194407.0,Aniket,174.0
69841.0,7608469.0,Stephen Clark,175.0
89082.0,17542427.0,Devarshi Goswami,175.0
67828.0,1462613.0,iso_9001_,175.0
27519.0,6430795.0,Starbucks,175.0
7919.0,84416.0,Emre Sevinç,175.0
106243.0,10896956.0,Berkay Berabi,175.0
25640.0,2391382.0,Jivan,175.0
40139.0,2895085.0,nocibambi,175.0
106461.0,17056824.0,David Stein,175.0
85604.0,15909544.0,Yana,175.0
45766.0,1170706.0,user1147964,175.0
100460.0,8828610.0,Genarito,175.0
90256.0,9180541.0,Akira,175.0
76386.0,6648190.0,Suresh Pokharel,175.0
109167.0,1703749.0,user1563247,175.0
60813.0,12109563.0,Eiffelbear,175.0
27442.0,116679.0,user305883,175.0
112754.0,12093359.0,Jack,175.0
91752.0,15962439.0,ralph,175.0
53322.0,3445698.0,Him,176.0
84491.0,9042408.0,goopy,176.0
20995.0,5042445.0,josh,176.0
65128.0,394983.0,aborruso,176.0
119856.0,14194969.0,holy_schmitt,176.0
126386.0,1276869.0,Paul Smith,176.0
162345.0,30858901.0,Avi T,176.0
135640.0,19601194.0,Mandias,176.0
113735.0,6061719.0,Ahmad Bilal,177.0
115275.0,21123053.0,Hermi,177.0
139328.0,14672915.0,Hadar,177.0
139935.0,16250806.0,james pow,177.0
128575.0,22951393.0,tail,177.0
74184.0,15080271.0,Stefano Fiorucci - anakin87,178.0
61621.0,4774868.0,mrin9san,178.0
147868.0,27765701.0,Iya Lee,178.0
39289.0,3920025.0,AlexPnt,179.0
71544.0,10465036.0,Emil,179.0
110964.0,18287062.0,Mac_79,179.0
179091.0,18049321.0,Luis M.,179.0
96624.0,18518262.0,user96624,179.0
109511.0,20078472.0,Ella,179.0
183863.0,22854345.0,Pratyaksh Patel,179.0
19261.0,1522906.0,Basj,180.0
98312.0,165296.0,banderlog013,181.0
58607.0,3581554.0,Sau001,181.0
3328.0,444106.0,aSteve,181.0
47126.0,262063.0,mommomonthewind,181.0
125771.0,5983149.0,Khanis Rok,181.0
102614.0,18542166.0,Nithin Reddy,181.0
181050.0,7086382.0,cicciodevoto,181.0
63594.0,6782316.0,ComeOnGetMe,181.0
89046.0,1981377.0,user1777900,181.0
115133.0,13639058.0,Aditya Kulkarni,181.0
104814.0,9424127.0,Steve Ahlswede,181.0
135593.0,19515435.0,njp,181.0
121055.0,9523719.0,Misha Lavrov,181.0
127846.0,10934711.0,paolopazzo,181.0
64500.0,13918664.0,Hermes Morales,181.0
104624.0,2038776.0,Capo Mestre,181.0
46293.0,2252003.0,gurvinder372,181.0
106224.0,14877125.0,Cameron Chandler,181.0
8552.0,2538419.0,EngrStudent,181.0
3083.0,1521312.0,Jane Wayne,181.0
85237.0,9955518.0,bbasaran,181.0
38256.0,2185754.0,user1934212,181.0
66026.0,15143298.0,curiousGal,181.0
126241.0,22849762.0,Anatole,181.0
100545.0,5956416.0,TheQuantumMan,181.0
113402.0,6600416.0,Dayne,181.0
41897.0,2222511.0,gammapoint,181.0
71912.0,4496446.0,user3656142,181.0
31504.0,9047752.0,Robert Link,181.0
108007.0,1419422.0,Fred Guth,181.0
113013.0,11673713.0,monte,181.0
115236.0,6146079.0,Abijah,181.0
31711.0,9334970.0,innicoder,181.0
139658.0,23297935.0,Lelouch,181.0
137223.0,24962039.0,Kusisi Karem,181.0
103805.0,468408.0,Christian,181.0
30728.0,9316159.0,user6916458,182.0
112912.0,510135.0,Marjolein Fokkema,183.0
70578.0,14823726.0,lsr729,183.0
43061.0,8514106.0,dopexxx,183.0
163012.0,17716506.0,pdaranda661,183.0
45271.0,5571136.0,malocho,183.0
79602.0,15837051.0,corianne1234,183.0
148720.0,10157804.0,slim_wizard,183.0
83860.0,16907258.0,SamR,183.0
42357.0,3783845.0,Alexandru Dinu,183.0
101526.0,1037618.0,K G,183.0
170257.0,10822602.0,ChairmanMeow,183.0
131424.0,17021804.0,Ir8_mind,183.0
40791.0,1764146.0,krishnab,183.0
51858.0,2056551.0,An old man in the sea.,183.0
387.0,2132983.0,user1893354,183.0
54721.0,3948330.0,SantoshGupta7,184.0
101226.0,8331096.0,Kjyong,185.0
60971.0,5964665.0,Ammar Ul Hassan,185.0
41922.0,12078400.0,DN1,185.0
70391.0,3036247.0,kwinkunks,185.0
163873.0,3926947.0,Super Kai - Kazuya Ito,185.0
10815.0,187670.0,skan,185.0
49513.0,13203590.0,Daniel Wyatt,185.0
105948.0,2725845.0,user208145,185.0
154806.0,1713052.0,Evan Aad,185.0
136169.0,1434422.0,Veer7,186.0
13952.0,2437491.0,Wrzlprmft,186.0
97333.0,12161286.0,Aramakus,186.0
73600.0,8446673.0,Ansh,187.0
150235.0,7210121.0,the man,187.0
497.0,2815104.0,Carol.Kar,187.0
76202.0,9499885.0,vignesh_md,187.0
67536.0,14568535.0,Vinay Sharma,187.0
94308.0,12716329.0,yakhyo,187.0
97039.0,3449844.0,user9343456,187.0
119923.0,7137514.0,achhainsan,187.0
62642.0,14041900.0,Filippo Portera,187.0
86640.0,8383106.0,shivanshu dhawan,188.0
128631.0,4942021.0,Enes Kuz,188.0
37461.0,5784332.0,KOB,189.0
126466.0,21379269.0,Peter,189.0
43108.0,389078.0,Martín Alcubierre,189.0
77125.0,11387984.0,Ricky,189.0
64125.0,7261167.0,Kenenbek Arzymatov,189.0
64973.0,11202954.0,Oleg,190.0
9805.0,228380.0,farhanhubble,190.0
139419.0,2040698.0,OllieStanley,190.0
18303.0,176422.0,Justas,191.0
126773.0,1251211.0,ofer-a,191.0
17036.0,4180210.0,abilgegunduz,191.0
19056.0,2539892.0,user2205916,191.0
161483.0,957288.0,Tom,191.0
63488.0,2918883.0,Diogo Santos,191.0
52480.0,7424649.0,Innat,191.0
92285.0,13235620.0,OneAndOnly,191.0
172863.0,31948773.0,user24758287,191.0
96106.0,11294737.0,Contestosis,191.0
70342.0,8217038.0,SuperCodeBrah,191.0
88800.0,11638343.0,Vinita Silaparasetty,191.0
131313.0,12229181.0,Jamie Ballingall,191.0
87289.0,17008308.0,x89,191.0
90951.0,2638908.0,NotThatGuy,191.0
57526.0,1761064.0,davmor,191.0
125803.0,20853219.0,dsbr__0,191.0
168592.0,18923210.0,SRJCoding,191.0
133432.0,14282822.0,Antonios Sarikas,191.0
159725.0,25530386.0,Anisa B.,191.0
135972.0,11455589.0,user18602524,191.0
61168.0,14505802.0,johannesack,192.0
135267.0,5468284.0,Galen,192.0
95144.0,11271363.0,black sheep 369,192.0
46242.0,1339247.0,Jogging Song,193.0
125094.0,22653883.0,Aniiya0978,193.0
76540.0,16191117.0,Adhira Deogade,193.0
32757.0,1006998.0,Deil,193.0
88109.0,48930.0,rgov,193.0
100408.0,15862240.0,Saranya Prakash,193.0
116992.0,15751701.0,J.D.,193.0
50566.0,5623954.0,xcsob,193.0
68908.0,2448753.0,gebbissimo,193.0
109007.0,8576911.0,CodeHoarder,193.0
67912.0,1662823.0,Next Door Engineer,193.0
113585.0,14687483.0,Pritam Sinha,193.0
99921.0,7738659.0,Dmitrii Badretdinov,193.0
136558.0,10206200.0,N_Z,193.0
21257.0,2036405.0,Isbister,193.0
52994.0,11834542.0,ubuntu_noob,194.0
74846.0,160382.0,Bakaburg,195.0
42439.0,2324551.0,SageMaker,195.0
91222.0,15566681.0,Piyush Ghasiya,195.0
8237.0,411150.0,Qbik,195.0
58750.0,7413537.0,Tfovid,195.0
92182.0,16693322.0,Paw in Data,195.0
151809.0,29025908.0,Alexander Wan,196.0
127878.0,22954100.0,Bruce,196.0
44962.0,6660949.0,Nathan Wycoff,196.0
101405.0,18989971.0,Akylas Stratigakos,196.0
133688.0,6512590.0,Vineesh Vijayan,196.0
77338.0,8865773.0,Daren,196.0
108362.0,18343943.0,LuckyLuke,196.0
101157.0,18200768.0,Caldass_,197.0
17571.0,5615269.0,Borun Chowdhury,197.0
14667.0,85354.0,RAbraham,197.0
79176.0,14720105.0,crommy,197.0
57727.0,13437153.0,SRJ577,197.0
53537.0,9136515.0,Palak Bansal,197.0
46305.0,3332966.0,Pablo Messina,197.0
32164.0,1232792.0,Claudiu Creanga,198.0
67971.0,13332192.0,Maxima,199.0
27768.0,5231514.0,famargar,199.0
98970.0,451722.0,Borut Flis,199.0
154637.0,19368746.0,Ali.A,199.0
64553.0,12098984.0,anonuser01,199.0
93564.0,17591783.0,tdMJN6B2JtUe,200.0
111867.0,20516730.0,iftiben10,200.0
25849.0,8786644.0,sophros,201.0
153638.0,22397.0,Quassnoi,201.0
33323.0,2231357.0,horcle_buzz,201.0
66177.0,13902379.0,Jitesh Malipeddi,201.0
28450.0,5953518.0,JohnnyQ,201.0
95552.0,8980364.0,jcaliz,201.0
29182.0,1330946.0,user1274878,201.0
97861.0,7289889.0,David Cian,201.0
90615.0,24671.0,Amit Raz,201.0
112452.0,7251.0,neuroguy123,201.0
178998.0,18496177.0,Yes,201.0
50379.0,6743833.0,Ray,201.0
120470.0,19094976.0,Phillip Maire,201.0
185631.0,1025994.0,wischi,203.0
144766.0,105894.0,Poma,203.0
70082.0,10389014.0,Maxxx,203.0
49731.0,4090948.0,ddd,203.0
119448.0,14822130.0,Chris_007,203.0
40382.0,5018541.0,EJoshuaS,203.0
145714.0,114708.0,Qiulang,203.0
106183.0,19750519.0,MXK,204.0
88005.0,1246986.0,Roel Van de Paar,205.0
52972.0,10650329.0,lelorrain7,205.0
62610.0,14687720.0,Aleph,205.0
102816.0,11003791.0,Evan,205.0
77350.0,10729611.0,Johncowk,205.0
145836.0,16270019.0,Muhammad Ikhwan Perwira,205.0
93685.0,8598139.0,Sheldon,205.0
7842.0,1910006.0,philshem,205.0
55108.0,2579074.0,Ken Syme,206.0
3514.0,3063446.0,Brian Risk,206.0
110194.0,20429659.0,Deven Ramani,206.0
15234.0,83551.0,Clash,206.0
113423.0,10642392.0,niv dudovitch,206.0
105592.0,12682415.0,jared3412341,206.0
24665.0,386706.0,Pranit Kothari,207.0
38538.0,1888266.0,Gaurav Gupta,207.0
16911.0,6196141.0,Feng Chen,207.0
14518.0,1053202.0,WestCoastProjects,207.0
76137.0,12287073.0,taga,209.0
109113.0,1614194.0,Ben,209.0
70970.0,9353984.0,Eric Wiener,211.0
45768.0,6909281.0,stevec,211.0
88076.0,17452657.0,Xaume,212.0
163993.0,23151613.0,Ansh Tandon,212.0
111405.0,13239265.0,djvaroli,213.0
67755.0,2441108.0,Jhon Patric,213.0
139223.0,18128871.0,Nourless,213.0
60620.0,8864577.0,Rachit Tayal,213.0
19040.0,3849700.0,Saurabh Jain,213.0
66252.0,1574027.0,wheresmycookie,213.0
104392.0,15975902.0,yudhiesh,213.0
57103.0,1039332.0,Denver Dang,213.0
75385.0,14495417.0,Maximilian Janisch,213.0
138321.0,2603554.0,Ishigami,213.0
110649.0,13010722.0,EB3112,213.0
82999.0,10646344.0,Jan Pisl,215.0
63455.0,6527533.0,Pro Q,215.0
78269.0,11363896.0,An Ignorant Wanderer,215.0
13237.0,1023656.0,Chris Snow,215.0
140499.0,6622653.0,Obie 2.0,215.0
35562.0,686795.0,Bastiaan,216.0
64558.0,6832769.0,Ant,217.0
88680.0,4616293.0,David293836,217.0
138038.0,25680186.0,bayes2021,218.0
99252.0,10489495.0,sai,219.0
15406.0,2273997.0,Michael D,219.0
17815.0,3730364.0,joesan,219.0
62793.0,3325335.0,ivan866,220.0
115582.0,11747558.0,Albo,220.0
87284.0,5929033.0,Roland,221.0
45852.0,7598128.0,alexprice,221.0
92003.0,17229161.0,The Dan,221.0
180728.0,1558262.0,ocroquette,221.0
91594.0,1077515.0,Igor F.,221.0
70614.0,10995343.0,Oren Matar,221.0
98077.0,18704369.0,lara_toff,221.0
18916.0,6784526.0,wizzwizz4,221.0
186157.0,4032106.0,overexchange,221.0
54612.0,10463564.0,Patrice Carbonneau,222.0
192501.0,1529285.0,marciel.deg,223.0
176736.0,2184058.0,raner,223.0
88663.0,17361253.0,Nick Koprowicz,223.0
111496.0,15256960.0,Noman Tanveer,223.0
26239.0,135130.0,HelloGoodbye,223.0
112944.0,12749600.0,tdy,223.0
82027.0,8593046.0,sixtytrees,223.0
123162.0,22111925.0,Derek H,224.0
85486.0,4399448.0,ihavenoidea,225.0
117255.0,5661572.0,That Guy,225.0
57437.0,1547375.0,DeLorean88,225.0
31603.0,4589458.0,Rexcirus,226.0
119794.0,10510305.0,Mohammad Ahmed,226.0
67203.0,14729538.0,M__,226.0
89478.0,1982977.0,variable,227.0
25345.0,3968937.0,Thirupathi Thangavel,227.0
57328.0,1049506.0,Lila,227.0
44188.0,12339383.0,a_jelly_fish,227.0
111073.0,14913861.0,ИванКарамазов,230.0
193405.0,22968625.0,niobium,231.0
77949.0,6169861.0,panchester,231.0
133685.0,17524751.0,user101893,231.0
17784.0,2586083.0,lenhhoxung,231.0
67993.0,14263813.0,imtiaz ul Hassan,231.0
54498.0,13729248.0,Harsh Sharma,231.0
58471.0,2834066.0,Chong Lip Phang,231.0
184254.0,3068514.0,Chrispresso,231.0
77665.0,4792189.0,Daniel Curtis,231.0
39982.0,6229308.0,Aaron,231.0
77714.0,5109477.0,Yandle,231.0
120215.0,17869219.0,Avv,231.0
131408.0,19659373.0,Marc,232.0
103314.0,16784194.0,Alireza Amani,233.0
19096.0,3626134.0,user3023715,233.0
139922.0,12296841.0,DarknessPlusPlus,233.0
33245.0,9829603.0,keramat,234.0
24651.0,1811936.0,sandyp,234.0
106133.0,10297770.0,Mariya Takova,234.0
54188.0,4719016.0,jeremy_rutman,234.0
79085.0,13219315.0,Akash,235.0
101407.0,19148973.0,AnonymousMe,235.0
66839.0,11699980.0,zabop,235.0
67427.0,14656958.0,Alejandro Celis,236.0
153570.0,29200568.0,NLP from scratch,236.0
67502.0,6318774.0,Deepak,237.0
61756.0,13516354.0,feynman,237.0
68460.0,64038.0,Changed My Name Again,237.0
158261.0,17517720.0,Digitallis,237.0
70792.0,5818871.0,Wolfy,237.0
82549.0,11819190.0,neel g,237.0
70832.0,8632428.0,Shubh,238.0
58008.0,7429271.0,NeStack,238.0
17916.0,7006239.0,physics_2015,239.0
131400.0,10030154.0,Ivan Reshetnikov,239.0
132065.0,22104593.0,Ahmad Turani,239.0
155646.0,29012504.0,picky_porpoise,239.0
79133.0,8344713.0,Maverick Meerkat,240.0
76300.0,12474338.0,Erfan,241.0
117694.0,16678914.0,Yoan B. M.Sc,241.0
78801.0,387513.0,leftaroundabout,241.0
27780.0,510370.0,Paul Siegel,241.0
85744.0,12041589.0,vojtak,241.0
32042.0,1109288.0,Nathan G,241.0
111515.0,13670674.0,ava_punksmash,241.0
112564.0,348058.0,neal,241.0
145766.0,2602735.0,Plop,243.0
2454.0,4034863.0,Blue482,243.0
100318.0,7553089.0,Francesco Alongi,243.0
45799.0,453826.0,mccurcio,243.0
60837.0,4070200.0,Jack Armstrong,243.0
9486.0,1619100.0,Benjamin B.,245.0
89997.0,4076792.0,Lewis Morris,245.0
97556.0,15462527.0,questionto42,245.0
58451.0,12494057.0,Qusai Alothman,246.0
9618.0,3226756.0,Demetri Pananos,246.0
108340.0,8680070.0,mkerrig,246.0
18040.0,1859164.0,machinery,246.0
97468.0,2016942.0,Jan Jitse Venselaar,246.0
13406.0,1103333.0,Sergey Bushmanov,246.0
87901.0,11842481.0,Dave,248.0
159007.0,22981993.0,Vivek Sharma,248.0
49268.0,2299912.0,Raady,249.0
27844.0,52110.0,Vlad,249.0
104153.0,19010298.0,SS Varshini,249.0
8365.0,66802.0,Royi,249.0
131146.0,9564186.0,Lars,250.0
115447.0,16168259.0,Hamza,250.0
67219.0,9897059.0,Sean Lee,251.0
113319.0,20866769.0,Shir,251.0
140142.0,3392345.0,The Guy with The Hat,251.0
13618.0,917468.0,Jorgemar,251.0
87037.0,10534284.0,Ahmed Mohamed,251.0
91355.0,11476171.0,Sadak,252.0
148239.0,277724.0,mal,253.0
152976.0,939983.0,Ethan,253.0
21767.0,112999.0,user297850,253.0
127231.0,16130802.0,Dametime,253.0
65193.0,908335.0,hendrik,253.0
30613.0,3184737.0,Sledge,254.0
127506.0,22849360.0,minattosama,254.0
8005.0,5508473.0,Paul,255.0
78365.0,15116032.0,Nicolas Gervais,255.0
181012.0,5192389.0,adsp42,255.0
98402.0,28642.0,Ram Rachum,255.0
134018.0,220571.0,pjama,256.0
1105.0,942536.0,Cam.Davidson.Pilon,256.0
84696.0,10526202.0,Aman Raparia,257.0
38751.0,5729488.0,Bert Kellerman,259.0
171036.0,5623295.0,RushHour,259.0
67240.0,5149646.0,Duy Bui,261.0
95155.0,4097449.0,user3363813,261.0
48997.0,66727.0,Seth,261.0
30464.0,5957993.0,Espoir Murhabazi,261.0
95286.0,18331192.0,C8H10N4O2,261.0
62207.0,4113191.0,Full Array,262.0
49456.0,3950799.0,Minions,262.0
8478.0,1529456.0,user67275,263.0
141432.0,12934056.0,Mew,263.0
85391.0,13360669.0,Ach113,265.0
53468.0,1144773.0,Lakshay Dulani,265.0
54586.0,12504937.0,Mohamed Abduljawad,265.0
47467.0,7841253.0,data_person,265.0
75632.0,15462717.0,ashutosh singh,266.0
43374.0,11355149.0,CrazyElf,266.0
107536.0,10389253.0,Quan Nguyen,266.0
62989.0,3747607.0,Neil,267.0
30210.0,1232738.0,Kaare,267.0
127824.0,15375909.0,FluidMechanics Potential Flows,267.0
154411.0,1225708.0,Mary,267.0
24662.0,64707.0,vgoklani,268.0
113328.0,16056041.0,DataPlug,268.0
26643.0,9012851.0,Torben.,269.0
62521.0,13074628.0,Alexander Vocaet,269.0
54292.0,13849361.0,Debadri Dutta,269.0
43466.0,151321.0,Mateen Ulhaq,270.0
51431.0,1913159.0,Kevin,271.0
161531.0,1890249.0,JimmyJames,271.0
144613.0,27448180.0,Jonas Mueller,271.0
153000.0,17058026.0,BanDoP,271.0
185698.0,42945245.0,Sindik,273.0
54046.0,1720655.0,ARAT,273.0
21079.0,298433.0,Andy W,273.0
35479.0,7710102.0,Tendero,275.0
148238.0,1650465.0,amon,276.0
7950.0,884550.0,imadcat,276.0
85353.0,6258007.0,MAC,277.0
54661.0,463283.0,Mehran,277.0
108624.0,1057055.0,Sandy Lee,277.0
45803.0,1745384.0,loopbackbee,279.0
32882.0,10716056.0,I. A,279.0
100967.0,17244081.0,truth,280.0
98182.0,14601208.0,bonfab,281.0
33025.0,5207667.0,Nicola Bernini,281.0
17.0,141826.0,Dr. Snoopy,281.0
133851.0,22667889.0,AndrewJaeyoung,281.0
109106.0,6448914.0,Rheatey Bash,281.0
108053.0,120009.0,Mahdi Amrollahi,283.0
62664.0,12528967.0,Tommaso Bendinelli,285.0
104371.0,431507.0,Jack M,285.0
51670.0,2059546.0,Van Peer,285.0
107002.0,17392617.0,Rnj,285.0
102948.0,6094781.0,Akshay Sehgal,286.0
23144.0,372648.0,Brian O'Donnell,286.0
43469.0,8952864.0,Eulenfuchswiesel,286.0
84471.0,3602058.0,MB-F,286.0
69470.0,15519066.0,JordiCarrera,286.0
71243.0,15337586.0,Raymond Kwok,286.0
25180.0,6085540.0,Glorfindel,287.0
84263.0,13225395.0,rubengavidia0x,287.0
119653.0,13723094.0,Ggjj11,288.0
49589.0,1384758.0,Mahesha999,289.0
109836.0,16058374.0,CasellaJr,289.0
37475.0,509508.0,dcl,291.0
30959.0,3525500.0,TheGoat,291.0
139151.0,11111085.0,DaSim,291.0
15927.0,2803607.0,gsamaras,291.0
25837.0,6024667.0,ArtificiallyIntelligent,292.0
84020.0,6330675.0,Memristor,292.0
39929.0,7828322.0,kevin,293.0
33058.0,77933.0,cjm2671,294.0
107401.0,2814496.0,Moradnejad,295.0
49229.0,1270139.0,dokondr,295.0
43711.0,4594640.0,Allure,295.0
96612.0,11900085.0,V_sqrt,295.0
43193.0,10879266.0,Shirish,299.0
56913.0,7229261.0,Marzi Heidari,299.0
98535.0,15813772.0,Reut,299.0
111822.0,6635936.0,lazarea,299.0
41888.0,5752084.0,Tanguy,300.0
66227.0,2022977.0,hoang tran,301.0
63565.0,13441658.0,yatu,301.0
193520.0,36612188.0,Stewie pixel,301.0
21471.0,974718.0,Eka,301.0
66333.0,14123664.0,Layman,301.0
14211.0,7327646.0,gergelybat,301.0
60636.0,13096083.0,James Flash,301.0
145667.0,13740590.0,healthydata,301.0
42792.0,7398344.0,Sole Galli,302.0
26409.0,7921415.0,mathnoob,303.0
64985.0,2382487.0,MSKL,303.0
47279.0,2691311.0,DankMasterDan,303.0
102713.0,14570534.0,NAS_2339,303.0
102942.0,18646273.0,tehem,304.0
30048.0,218520.0,babelproofreader,304.0
62725.0,14765773.0,E. Kenney,304.0
106282.0,18387461.0,spiridon_the_sun_rotator,304.0
112260.0,20275881.0,Alex Serra Marrugat,304.0
74497.0,4606190.0,Zorgoth,305.0
87028.0,12887945.0,Mustafa Alahmid,305.0
2975.0,287509.0,deong,306.0
10024.0,5870220.0,Andrea Ianni,307.0
85540.0,3643217.0,Emil,308.0
52852.0,7270646.0,Yiannis Ath,308.0
51839.0,6908781.0,Kristada673,308.0
63843.0,3563090.0,illuminato,308.0
90220.0,4551020.0,rocksNwaves,309.0
97514.0,16824075.0,NiklasvMoers,309.0
63800.0,1914741.0,Wickkiey,309.0
104143.0,19418714.0,Rina,309.0
44808.0,11681313.0,Bloodstone Programmer,310.0
41193.0,8551539.0,Adelson Araújo,310.0
18818.0,5126281.0,Chandan Gautam,311.0
40240.0,117234.0,stackoverflowuser2010,311.0
109134.0,18447196.0,AIFahim,311.0
88079.0,3533474.0,lordy,314.0
118292.0,6616264.0,Boom,317.0
111961.0,15928676.0,MartinM,318.0
139758.0,25523639.0,Adrian B,318.0
98749.0,16377627.0,codeananda,318.0
135832.0,25298386.0,cottontail,320.0
41557.0,10265431.0,shiva,321.0
40277.0,10822055.0,m2rik,321.0
26329.0,9087911.0,Anurag Upadhyaya,322.0
76530.0,10175312.0,SheppLogan,322.0
85786.0,16230354.0,Deshwal,323.0
117841.0,21451849.0,user70889,323.0
2511.0,4483871.0,Keith,326.0
108957.0,6741155.0,9072997,326.0
57493.0,14131736.0,Predicted Life,326.0
69002.0,2815151.0,Jan Šimbera,326.0
47485.0,5244883.0,BenP,327.0
176948.0,24323010.0,bebel,327.0
31015.0,3983016.0,hazrmard,328.0
68742.0,7748979.0,jason,329.0
137310.0,7307310.0,Polymath,329.0
59783.0,14433661.0,Ethan Yun,329.0
12533.0,4120352.0,kms,330.0
49375.0,207784.0,Richard Careaga,330.0
8501.0,69533.0,smci,331.0
51216.0,4977847.0,miguelbadajoz,331.0
183254.0,33423465.0,petr,331.0
183987.0,38419407.0,Antonio Rossi,331.0
37510.0,10741622.0,Maria,331.0
83361.0,6909810.0,Ícaro Lorran,331.0
87292.0,16841344.0,Eisen,331.0
71675.0,4924159.0,Ismael EL ATIFI,332.0
26799.0,6473719.0,fragant,333.0
45501.0,12365790.0,Nitin,334.0
67050.0,387495.0,Guillermo Mosse,335.0
14582.0,4530077.0,A.B,336.0
80272.0,1775582.0,MrMulliner,336.0
143641.0,12323515.0,Vic,336.0
66957.0,4518980.0,Tlaloc-ES,337.0
59901.0,1440165.0,Boris Burkov,337.0
41908.0,9674877.0,Emad Ezzeldin,341.0
29157.0,2996441.0,Vikram Murthy,342.0
18465.0,8385126.0,Arun Aniyan,343.0
119136.0,16707460.0,PicaR,344.0
141828.0,22281653.0,the_strange,344.0
18790.0,80211.0,Nicolas Raoul,345.0
185410.0,29137836.0,Naivahash80,345.0
153243.0,29144164.0,Alberto Sinigaglia,346.0
79490.0,16360167.0,user_12,347.0
80461.0,7975314.0,Mariah,348.0
96312.0,17630814.0,martin,349.0
51467.0,11616736.0,Acccumulation,351.0
4724.0,4729481.0,user51855,351.0
39423.0,7077818.0,joydeep bhattacharjee,351.0
74313.0,12598573.0,DataFramed,351.0
23708.0,8068357.0,vijolica,351.0
59944.0,8653068.0,Sergey Skripko,351.0
122728.0,22404575.0,Udaya Unnikrishnan,351.0
84697.0,10664032.0,Vikas Bhandary,352.0
9867.0,453661.0,sds,352.0
15496.0,145718.0,polm23,353.0
31718.0,230074.0,Miguel,355.0
21056.0,8729914.0,Madaray,356.0
99139.0,11378567.0,Ankita Talwar,357.0
57688.0,14157876.0,1tan Wang,358.0
83770.0,11080840.0,Chopin,360.0
59855.0,14442246.0,Amarnath,361.0
167433.0,34900747.0,user167433,363.0
144743.0,27500900.0,Kriti,363.0
70393.0,13774587.0,Naveen Reddy Marthala,365.0
46505.0,11161550.0,Borhan Kazimipour,367.0
125747.0,19788454.0,Apoorva,367.0
104626.0,13403549.0,mprouveur,368.0
12496.0,6329197.0,catris25,369.0
17177.0,2860880.0,mork,369.0
185889.0,43483593.0,Swapnil Mogal,372.0
46785.0,8275498.0,GrozaiL,374.0
189760.0,18157492.0,lucafossen,374.0
83922.0,7080195.0,Saandeep Sreerambatla,376.0
107004.0,9671359.0,James,376.0
97227.0,2012956.0,YuseqYaseq,377.0
31822.0,10809543.0,Dhruv Mahajan,378.0
126530.0,22175583.0,OliverHennhoefer,378.0
103269.0,18286732.0,Sachin Krishna,379.0
86325.0,360706.0,user702846,379.0
58488.0,13027529.0,from keras import michael,380.0
141493.0,26605808.0,user141493,381.0
111423.0,19911626.0,htl,381.0
29353.0,2087101.0,AffableAmbler,383.0
87876.0,13970730.0,EzrielS,383.0
19212.0,7752919.0,quant,383.0
37140.0,4030991.0,Stevoisiak,383.0
130415.0,9486607.0,Tim J,386.0
39513.0,223744.0,xboard,388.0
71140.0,5263661.0,Brady Gilg,388.0
40805.0,4490041.0,kangaroo_cliff,388.0
159853.0,30488005.0,Gabriel Ribeiro C.,390.0
127416.0,2884713.0,eliangius,391.0
180417.0,41315012.0,lili,391.0
41692.0,6092666.0,Revolucion for Monica,391.0
3443.0,1644566.0,CyberPlayerOne,392.0
15325.0,1798893.0,Mithril,393.0
43765.0,3835201.0,cloudscomputes,393.0
64981.0,13806412.0,PinkBanter,394.0
15518.0,152198.0,Peteris,395.0
73506.0,9528356.0,A Co,395.0
155799.0,21107370.0,Giovanni Amorim,395.0
91857.0,8729294.0,heresthebuzz,395.0
123568.0,21506724.0,Shibaprasad,396.0
41297.0,10765177.0,ou2105,397.0
175783.0,1216429.0,wjktrs,398.0
8240.0,4227824.0,user137927,399.0
59825.0,11122429.0,zipline86,399.0
56302.0,2717380.0,Michael Higgins,401.0
63031.0,11601221.0,Random Nerd,402.0
96187.0,1203203.0,Kirill Fedyanin,403.0
51280.0,2491299.0,Dimitrios Panagopoulos,403.0
18513.0,8257708.0,Leland McInnes,405.0
61634.0,5189322.0,mahesh ghanta,406.0
141490.0,26604733.0,Andrew,406.0
43497.0,5822985.0,jeffhale,410.0
11061.0,5250712.0,mnm,411.0
76275.0,7936424.0,Bala venkatesh,411.0
138894.0,14630834.0,amol goel,411.0
121167.0,22301369.0,Shrinidhi M,411.0
116702.0,20003666.0,Malo,411.0
66386.0,11420931.0,bbartling,413.0
53361.0,5612565.0,Jazz,420.0
11136.0,5693476.0,rabbit,421.0
86182.0,13287424.0,Mattia Surricchio,421.0
63745.0,12941972.0,Encipher,421.0
143471.0,11244596.0,pparker,422.0
51481.0,6361446.0,Milad Shahidi,423.0
193165.0,5803083.0,Rick Hass,423.0
57461.0,7375260.0,Siddhi Kiran Bajracharya,424.0
105299.0,12561304.0,Anoop A Nair,424.0
29412.0,6770666.0,Arpit Sisodia,425.0
24883.0,7807554.0,Aaditya ura,425.0
65153.0,15036752.0,m13op22,425.0
115678.0,3545425.0,jdsurya,427.0
37648.0,7115866.0,Narahari B M,428.0
77938.0,2178138.0,fswings,428.0
98775.0,7483933.0,Hitesh Somani,429.0
53760.0,9589151.0,bstrain,431.0
179525.0,1748889.0,SDwarfs,434.0
141580.0,7368221.0,Adam J,434.0
723.0,431419.0,Gere,435.0
51687.0,3272232.0,mavavilj,436.0
30635.0,8629256.0,M--,438.0
53648.0,12286031.0,Fabrice BOUCHAREL,439.0
9257.0,4431376.0,KyBe,440.0
47286.0,9702207.0,Anandologist,441.0
134976.0,323729.0,Ralph Winters,441.0
77875.0,1205789.0,Nate Anderson,443.0
27129.0,3764473.0,E.K.,445.0
82468.0,15499374.0,GooJ,445.0
75897.0,9328817.0,jottbe,447.0
3615.0,4082491.0,user3352632,449.0
179113.0,39893056.0,Celine Yvone,451.0
102768.0,8548844.0,Michał Jaworski,451.0
37363.0,9198489.0,Finn Williams,451.0
12345.0,2754003.0,Arkan,453.0
125901.0,12159311.0,Konstantinos Skoularikis,453.0
99648.0,1130688.0,sums22,457.0
52257.0,10404968.0,André,458.0
57434.0,298371.0,Aesir,458.0
68025.0,3571421.0,David Waterworth,460.0
74649.0,1904855.0,robertspierre,460.0
71006.0,2209119.0,Swapnil Pote,461.0
50519.0,5315302.0,Davide Fiocco,461.0
121222.0,22312406.0,Student,461.0
33279.0,2208778.0,bacloud14,463.0
97792.0,11793237.0,Just trying,465.0
73650.0,14931398.0,NaveganTeX,465.0
116384.0,10687045.0,Carl,466.0
74973.0,4566275.0,Oscar,466.0
103488.0,8386680.0,cag51,467.0
51812.0,9771639.0,Eugen,467.0
76779.0,12132812.0,J.Smith,468.0
108739.0,13508670.0,karalis1,471.0
11141.0,4967348.0,Amanuel Negash,471.0
15533.0,6787088.0,Monica Heddneck,477.0
39811.0,2659705.0,David Makovoz,480.0
13213.0,2145847.0,MightyCurious,490.0
53278.0,3085262.0,Srishti M,491.0
122645.0,22391134.0,Miguel Raevenswood,491.0
375.0,3757728.0,nfmcclure,493.0
70546.0,15202713.0,haneulkim,497.0
36977.0,3310698.0,Michael M,499.0
125527.0,21921542.0,Inuraghe,501.0
61522.0,14079004.0,tkarahan,502.0
93933.0,6940540.0,Derek O,503.0
103857.0,17443582.0,Academic,508.0
94454.0,5040593.0,nwaldo,520.0
87193.0,17344765.0,Giannis Krilis,521.0
44707.0,1155215.0,sovon,521.0
58034.0,4485506.0,Rob,521.0
49119.0,11752789.0,JunjieChen,525.0
37045.0,1695045.0,Della,525.0
84576.0,15332023.0,Tinu,528.0
104872.0,8279966.0,CutePoison,530.0
149968.0,28623403.0,RegressIt,532.0
45726.0,4284082.0,TQA,536.0
142205.0,26779199.0,Stefan Popov,541.0
43147.0,6508670.0,Syed Nauyan Rashid,541.0
12363.0,5512753.0,Adam Bittlingmayer,544.0
44389.0,6835077.0,Björn,548.0
80221.0,7383217.0,LayneSadler,549.0
50307.0,2496282.0,Christopher Klaus,550.0
66759.0,6572951.0,3nomis,551.0
96924.0,18048256.0,kate-melnykova,558.0
91705.0,11808400.0,MetaInformation,559.0
71952.0,165640.0,Sm1,561.0
98127.0,13194305.0,N. Kuhn,562.0
56469.0,5289064.0,Mr Tsjolder from codidact,565.0
63378.0,11848106.0,Yaroslaw Homenko,568.0
39706.0,4603716.0,Vladimir Shebuniayeu,569.0
32243.0,1614042.0,asmgx,569.0
63995.0,6240108.0,Fatemeh Rahimi,569.0
13165.0,2280426.0,Austin Capobianco,570.0
69093.0,14789024.0,Edoardo Guerriero,570.0
113424.0,13439607.0,Anvar Kurmukov,570.0
10327.0,5853625.0,0xF,571.0
45221.0,4973395.0,missrg,572.0
101337.0,15453248.0,Javier TG,573.0
107986.0,4135924.0,alexmolas,574.0
16338.0,902489.0,Hossein,575.0
67537.0,12272151.0,chink,575.0
67931.0,8634065.0,Maths12,576.0
9191.0,4353517.0,Leon Zhang,576.0
38379.0,2136506.0,Nix Searcy,578.0
71246.0,9081714.0,Ben,580.0
74387.0,7837278.0,Cryo,583.0
15620.0,78537.0,jncraton,588.0
65655.0,12147181.0,Uday,596.0
63096.0,13118657.0,Maeaex1,600.0
44477.0,1298864.0,DukeLover,601.0
43472.0,12479360.0,Lafayette,604.0
69646.0,13125518.0,mLstudent33,604.0
24885.0,371767.0,George Pligoropoulos,607.0
13672.0,21138.0,vy32,611.0
78674.0,16416680.0,Vlad_Z,620.0
107963.0,11283083.0,Mohith7548,622.0
113628.0,2471505.0,user2153235,625.0
29905.0,8330169.0,sconfluentus,626.0
61261.0,14001007.0,Sai Kumar,631.0
30238.0,2035987.0,Funkwecker,635.0
40951.0,86224.0,xiaodai,640.0
59085.0,3562378.0,user2974951,646.0
8752.0,2308802.0,n1tk,649.0
32492.0,10271255.0,Shaido,650.0
90226.0,6768404.0,ASH,653.0
150390.0,27661191.0,Luca Anzalone,658.0
119938.0,19220503.0,Amirhossein Rezaei,663.0
66117.0,15154612.0,Kahina,664.0
79520.0,11749447.0,liakoyras,666.0
32926.0,9549675.0,Michael Grogan,667.0
64935.0,159641.0,Andy,670.0
69263.0,14470543.0,Mario,673.0
45385.0,7536350.0,user5722540,675.0
14588.0,69659.0,knb,680.0
60565.0,5723287.0,Duccio Piovani,681.0
116311.0,21123997.0,Ubikuity,686.0
32288.0,9258481.0,Sid,687.0
186116.0,43006519.0,Mr. AI Cool,691.0
1156.0,3536340.0,shadowtalker,691.0
142880.0,26951817.0,Nemo_the_scientist,692.0
58736.0,11855012.0,Akash Dubey,696.0
60710.0,48063.0,dzieciou,697.0
56714.0,13997322.0,BlackCurrant,698.0
43870.0,7745588.0,shakedzy,699.0
138508.0,20670222.0,Connor,711.0
27114.0,7485757.0,PSub,712.0
10517.0,6432680.0,phiver,718.0
2961.0,57496.0,rcs,720.0
156545.0,28409113.0,Tomasz Witkowski,720.0
62938.0,4060371.0,Nagabhushan S N,724.0
32429.0,9986937.0,Simone,725.0
132904.0,24364942.0,Eduard,725.0
136814.0,25484433.0,dx2-66,726.0
33499.0,6374576.0,jcm69,736.0
61563.0,14629489.0,kevins_1,737.0
14560.0,7135084.0,20-roso,738.0
98121.0,18451960.0,Shiv,739.0
16244.0,2022295.0,Larry Freeman,745.0
182011.0,28757288.0,Ocean,745.0
173404.0,16064966.0,jgonz1,749.0
26202.0,7130641.0,Soerendip,754.0
89795.0,17195434.0,thereandhere1,755.0
59601.0,13604003.0,Saurabh Singh,773.0
79934.0,16508803.0,bogovicj,774.0
10814.0,2778033.0,Edmund,777.0
137136.0,4889488.0,quarague,778.0
2573.0,1786772.0,chewpakabra,779.0
82815.0,10954573.0,Philipp,780.0
123689.0,10248277.0,Daniel Warfield,783.0
7812.0,1621220.0,william007,785.0
57731.0,14164883.0,Noran,788.0
15569.0,4686232.0,parvij,791.0
30359.0,1801314.0,Cybernetic,800.0
58789.0,14303849.0,CodeMaster GoGo,808.0
77914.0,13655170.0,Amit Keinan,816.0
1426.0,1706372.0,Alex,817.0
87270.0,7028178.0,Iyar Lin,819.0
1097.0,4647119.0,Matt,821.0
68230.0,12788944.0,Victor Oliveira,828.0
35679.0,9849670.0,Christos Karatsalos,830.0
97477.0,12936846.0,Abhishek Verma,832.0
1077.0,141766.0,Pete,839.0
93617.0,4512390.0,user3668129,839.0
14909.0,4279202.0,Make42,842.0
21319.0,2111414.0,Brans Ds,849.0
68313.0,3873970.0,mon,849.0
71297.0,11119330.0,fractalnature,855.0
41637.0,5428549.0,Wehl Berker,855.0
58135.0,7084482.0,Gyan Ranjan,861.0
93744.0,15870731.0,Rusoiba,869.0
51659.0,11209485.0,Mankind_2000,870.0
65781.0,10924136.0,Devashish Prasad,872.0
31086.0,7591878.0,Carl Rynegardh,896.0
61880.0,5177562.0,Reja,898.0
34153.0,6486176.0,anymous.asker,904.0
5211.0,4539684.0,Viktor,910.0
24593.0,6845823.0,HEITZ,911.0
115501.0,21165912.0,Jayaram Iyer,925.0
104161.0,19420689.0,Oliver Foster,932.0
61445.0,14617281.0,Sandeep Bhutani,934.0
3151.0,4168802.0,Hamideh,942.0
32169.0,4195672.0,figs_and_nuts,943.0
101580.0,19012247.0,Adept,944.0
13748.0,4439701.0,Mephy,947.0
178646.0,18918333.0,Guna,947.0
87185.0,16553440.0,SrJ,956.0
84229.0,8523933.0,J.D.,961.0
3070.0,1081114.0,Akavall,964.0
107691.0,19978448.0,Allohvk,968.0
85045.0,10330624.0,Shayan Shafiq,972.0
116983.0,509511.0,Dikran Marsupial,974.0
87594.0,7877664.0,Adam,976.0
2459.0,1317359.0,Paul,983.0
59.0,1636880.0,MCP_infiltrator,996.0
27983.0,8803667.0,yoav_aaa,1003.0
14360.0,1695359.0,pseudomonas,1042.0
9011.0,5686358.0,Fredrik,1047.0
18434.0,8370363.0,Theudbald,1088.0
3314.0,2363584.0,user62198,1101.0
28780.0,2363821.0,Craig,1104.0
91724.0,1235868.0,Subhash C. Davar,1108.0
80599.0,14263732.0,RonsenbergVI,1114.0
5268.0,393422.0,cbeleites,1120.0
45610.0,12377626.0,Outcast,1127.0
150974.0,19779463.0,Harshad Patil,1134.0
23556.0,20580.0,Florin Andrei,1140.0
45217.0,9428984.0,Adam Oudad,1143.0
8013.0,3913383.0,girl101,1171.0
62846.0,2859532.0,Coder,1199.0
49590.0,12355100.0,Danny,1206.0
76754.0,12155691.0,Itamar Mushkin,1209.0
17484.0,1375078.0,hipoglucido,1210.0
8041.0,1599040.0,j.a.gartner,1215.0
38339.0,958566.0,Juan Antonio Gomez Moriano,1227.0
74397.0,9262288.0,Ashwin Geet D'Sa,1227.0
51836.0,2171236.0,Vladislav Gladkikh,1236.0
106732.0,6156306.0,Shahriyar Mammadli,1238.0
27665.0,4652336.0,OmG,1249.0
164133.0,30704839.0,pyrochlor,1266.0
9518.0,4295573.0,Ami Tavory,1287.0
44083.0,10782040.0,Sociopath,1293.0
64200.0,11443181.0,J_H,1293.0
65027.0,9914032.0,Peyman,1295.0
120060.0,1033194.0,Archana David,1301.0
66788.0,7075073.0,serali,1302.0
54944.0,1650831.0,Matthew,1304.0
57453.0,4414299.0,keiv.fly,1309.0
73441.0,1170001.0,vipin bansal,1312.0
41058.0,8354153.0,mausamsion,1332.0
16050.0,279172.0,ihadanny,1347.0
26019.0,6205671.0,ebrahimi,1355.0
2515.0,231657.0,Dynamic Stardust,1371.0
27432.0,6894591.0,S van Balen,1384.0
21254.0,3460817.0,lte__,1391.0
135707.0,24742303.0,Lynn,1402.0
50534.0,6403827.0,qmeeus,1429.0
52940.0,13681702.0,Karl,1436.0
37184.0,6139832.0,Nuclear Hoagie,1440.0
57724.0,1891013.0,user781486,1455.0
56354.0,3217740.0,fuwiak,1459.0
98614.0,11288607.0,shepan6,1488.0
69478.0,8668345.0,etiennedm,1515.0
113067.0,5816559.0,lpounng,1525.0
29781.0,4719546.0,aivanov,1530.0
83473.0,7939178.0,star,1561.0
9085.0,5339602.0,lanenok,1572.0
176787.0,26512250.0,The_Data_Scientist_Man,1581.0
47376.0,11927961.0,prashant0598,1581.0
76883.0,6859964.0,matthiaw91,1585.0
54096.0,2229624.0,Jon Nordby,1587.0
94457.0,4729291.0,Nicholas James Bailey,1600.0
6550.0,2739652.0,Valentas,1632.0
49700.0,4311107.0,rnso,1648.0
41929.0,5170471.0,PyRsquared,1666.0
146483.0,27229025.0,brewmaster321,1680.0
51714.0,4682551.0,ignatius,1686.0
45374.0,12832759.0,bradS,1705.0
70066.0,10965391.0,Pedro Henrique Monforte,1710.0
32697.0,10984606.0,redhqs,1728.0
79227.0,7851302.0,Fnguyen,1783.0
13450.0,6165335.0,neural-nut,1813.0
26394.0,7273343.0,Kiritee Gak,1819.0
2576.0,3704210.0,Pablo Suau,1829.0
44139.0,9238579.0,Ankit Seth,1831.0
2853.0,204092.0,Stephan Kolassa,1831.0
75428.0,7431536.0,Jindřich,1899.0
58433.0,14253681.0,user10296606,1906.0
69670.0,15390784.0,MachineLearner,1988.0
10902.0,4905783.0,Abhishek,1999.0
51129.0,8453205.0,N.IT,2025.0
31434.0,6706432.0,StatsSorceress,2031.0
471.0,73277.0,Spacedman,2042.0
10777.0,447920.0,Darren Cook,2054.0
13736.0,2811843.0,user,2063.0
1151.0,4179565.0,GeorgeOfTheRF,2088.0
17696.0,6423139.0,Bashar Haddad,2089.0
23204.0,2753548.0,hssay,2098.0
23710.0,8885637.0,Sayali Sonawane,2111.0
69822.0,15341072.0,Wizard_10101010,2134.0
23240.0,72038.0,I_Play_With_Data,2139.0
29575.0,9872834.0,Stephen Rauch,2151.0
18626.0,6132904.0,Constantinos,2161.0
102852.0,8145367.0,hH1sG0n3,2206.0
68023.0,13120333.0,Shubham Panchal,2240.0
71219.0,10125637.0,aranglol,2266.0
43000.0,2158506.0,desertnaut,2278.0
130679.0,19226250.0,Ashwiniku918,2340.0
71218.0,3039953.0,Juan Esteban de la Calle,2368.0
130753.0,23833107.0,rehaqds,2404.0
122.0,302279.0,alvas,2500.0
50406.0,12563799.0,thanatoz,2575.0
35644.0,7086680.0,Aditya,2580.0
119921.0,20857651.0,spectre,2598.0
18540.0,3591601.0,Sandeep S. Sandhu,2645.0
33551.0,10956400.0,Ben,2672.0
13727.0,6550203.0,DaL,2693.0
100269.0,4021056.0,Nikos M.,2723.0
43077.0,4410342.0,Kari,2786.0
17310.0,4962749.0,Edamame,2795.0
83791.0,12420681.0,German C M,2844.0
64876.0,15001531.0,The Great,2845.0
75152.0,4248446.0,zachdj,2852.0
26146.0,5992755.0,hh32,2872.0
38892.0,7673760.0,Siong Thye Goh,3208.0
4683.0,433926.0,David Marx,3298.0
303.0,2247995.0,Lucas Morin,3383.0
16853.0,3071771.0,Ricardo Cruz,3420.0
15527.0,1097085.0,K3---rnc,3582.0
54395.0,5434043.0,Bruno Lubascher,3628.0
92050.0,15867299.0,Multivac,3629.0
38353.0,11602364.0,Broele,3642.0
9123.0,124226.0,SmallChess,3810.0
13518.0,5794180.0,SHASHANK GUPTA,3855.0
201.0,2671878.0,Tasos,3980.0
8560.0,410094.0,D.W.,4000.0
52089.0,8249834.0,pcko1,4050.0
52291.0,11030397.0,Simon Larsson,4422.0
44456.0,9899824.0,TwinPenguins,4469.0
83275.0,15498653.0,Pluviophile,4563.0
153809.0,28598629.0,MuhammedYunus,4622.0
108.0,2030885.0,rapaio,4913.0
97.0,241216.0,IgorS,5484.0
119140.0,8344182.0,Nicolas Martin,5533.0
84891.0,16961451.0,Jonathan,5645.0
843.0,169656.0,Franck Dernoncourt,5932.0
80885.0,14878408.0,Noah Weber,5979.0
73930.0,15896855.0,Dave,6041.0
50727.0,11245218.0,David Masip,6206.0
65131.0,14122576.0,Leevo,6515.0
58341.0,2516243.0,10xAI,6524.0
23305.0,7977652.0,oW_,6532.0
86339.0,14770916.0,Carlos Mougan,6620.0
21.0,25066.0,Sean Owen,6753.0
8878.0,3134261.0,Kasra Manshaei,6832.0
9420.0,1938103.0,AN6U5,6938.0
7730.0,993147.0,Robert Long,7425.0
71442.0,13186506.0,Peter,8144.0
34269.0,7455258.0,Djib2011,8168.0
21560.0,8700074.0,Hendrik,8797.0
75157.0,11050935.0,Oxbowerce,9027.0
29587.0,2171124.0,JahKnows,9106.0
38887.0,5581780.0,Valentin Calomme,9116.0
67328.0,6962721.0,Esmailian,9783.0
28175.0,6631713.0,Green Falcon,14608.0
55122.0,4292175.0,Ben Reiniger,15113.0
45264.0,3761440.0,n1k31t4,15948.0
1330.0,2256713.0,Brian Spiering,25108.0
64377.0,479311.0,Erwan,28529.0
14675.0,343021.0,noe,29673.0
836.0,2274369.0,Neil Slater,30078.0
