source_user,target_user,weight,n_answers,first_at,last_at
6,38353,1,0,2026-02-12 12:05:50,2026-02-12 12:05:50
17,62642,2,0,2026-01-28 09:28:59,2026-01-28 11:41:02
17,151957,1,1,2023-11-01 20:50:27,2023-11-01 20:50:27
21,14675,1,0,2023-07-16 13:24:06,2023-07-16 13:24:06
21,16911,1,1,2021-11-09 13:33:22,2021-11-09 13:33:22
21,29157,2,1,2023-04-25 01:27:24,2023-04-26 20:32:52
21,49589,1,1,2024-09-02 19:31:52,2024-09-02 19:31:52
21,51687,2,0,2023-07-01 15:18:43,2023-07-06 19:32:22
21,73930,1,0,2022-05-27 12:19:19,2022-05-27 12:19:19
21,76137,2,1,2021-12-27 21:32:17,2021-12-29 23:17:13
21,78513,3,1,2021-07-26 21:47:06,2021-08-12 13:34:38
21,80328,1,0,2022-07-05 20:50:40,2022-07-05 20:50:40
21,100269,1,0,2021-05-05 19:40:48,2021-05-05 19:40:48
21,104104,3,1,2024-07-22 13:08:23,2024-07-28 11:49:47
21,112822,1,0,2022-04-27 15:51:45,2022-04-27 15:51:45
21,116238,2,0,2022-04-18 02:19:51,2022-04-19 16:38:23
21,117022,1,1,2021-05-04 19:32:28,2021-05-04 19:32:28
21,123165,1,1,2021-08-17 22:04:43,2021-08-17 22:04:43
21,127053,1,0,2021-10-31 21:35:51,2021-10-31 21:35:51
21,128830,2,0,2021-12-13 15:11:28,2021-12-14 21:32:03
21,131452,1,1,2023-07-16 13:31:23,2023-07-16 13:31:23
21,134982,3,0,2022-04-24 23:01:24,2022-04-26 00:36:29
21,135082,2,0,2022-04-27 15:50:08,2022-04-28 01:10:17
21,137767,1,0,2022-07-05 20:51:21,2022-07-05 20:51:21
21,145836,1,1,2024-12-04 20:22:44,2024-12-04 20:22:44
21,149753,1,1,2023-06-17 13:28:22,2023-06-17 13:28:22
21,149886,1,1,2023-06-17 13:26:42,2023-06-17 13:26:42
21,150395,2,0,2023-06-01 16:13:12,2023-06-06 12:44:29
21,168111,2,0,2024-09-02 19:33:20,2024-09-13 17:43:17
21,173425,3,0,2024-11-23 13:31:13,2024-11-23 21:19:31
59,115501,1,0,2021-05-06 04:42:39,2021-05-06 04:42:39
97,132393,1,1,2022-10-31 17:36:25,2022-10-31 17:36:25
97,133070,1,1,2022-10-31 17:17:15,2022-10-31 17:17:15
97,141517,1,1,2022-10-31 16:06:54,2022-10-31 16:06:54
97,141942,1,1,2022-10-31 15:53:03,2022-10-31 15:53:03
97,141946,1,0,2022-10-31 15:40:24,2022-10-31 15:40:24
108,8240,1,1,2021-04-07 17:39:32,2021-04-07 17:39:32
108,8878,1,0,2022-02-27 16:13:01,2022-02-27 16:13:01
108,16709,1,1,2021-04-11 23:32:58,2021-04-11 23:32:58
108,37172,1,1,2022-11-07 06:00:12,2022-11-07 06:00:12
108,49456,1,1,2021-11-15 22:26:52,2021-11-15 22:26:52
108,52536,3,1,2022-11-07 05:55:27,2022-11-07 17:40:15
108,52972,1,0,2021-11-17 17:23:27,2021-11-17 17:23:27
108,64377,1,0,2021-11-17 17:14:50,2021-11-17 17:14:50
108,87876,1,1,2021-04-06 10:52:56,2021-04-06 10:52:56
108,91668,2,1,2022-04-29 20:01:39,2022-05-03 17:26:14
108,97585,1,1,2021-04-07 14:33:11,2021-04-07 14:33:11
108,105445,1,0,2021-11-15 21:52:03,2021-11-15 21:52:03
108,110503,1,1,2021-04-05 17:00:09,2021-04-05 17:00:09
108,111109,3,0,2021-04-05 16:04:39,2021-04-05 16:48:45
108,111725,1,0,2021-04-06 05:12:23,2021-04-06 05:12:23
108,115451,1,1,2021-04-07 18:03:52,2021-04-07 18:03:52
108,115501,1,0,2021-04-07 17:06:00,2021-04-07 17:06:00
108,115506,1,0,2021-04-06 10:59:10,2021-04-06 10:59:10
108,115576,2,1,2021-04-07 16:59:22,2021-04-08 05:20:26
108,117510,1,0,2021-09-18 11:54:56,2021-09-18 11:54:56
108,119921,2,1,2021-11-17 15:06:26,2021-11-17 15:40:09
108,124861,1,1,2021-09-05 14:44:34,2021-09-05 14:44:34
108,125280,1,0,2021-09-16 07:05:16,2021-09-16 07:05:16
108,125467,1,0,2021-09-27 12:23:11,2021-09-27 12:23:11
108,125747,1,1,2021-09-26 08:00:48,2021-09-26 08:00:48
108,127927,1,0,2021-11-23 08:30:05,2021-11-23 08:30:05
108,128469,1,0,2021-12-03 06:31:55,2021-12-03 06:31:55
108,132142,2,0,2022-02-12 13:25:21,2022-02-13 16:54:33
108,133432,1,1,2022-08-01 19:04:51,2022-08-01 19:04:51
108,135788,1,1,2022-05-16 12:03:37,2022-05-16 12:03:37
108,136747,1,1,2022-06-10 10:20:36,2022-06-10 10:20:36
108,140029,1,1,2022-11-02 22:48:18,2022-11-02 22:48:18
108,141165,1,1,2022-11-08 05:23:08,2022-11-08 05:23:08
108,142460,1,0,2022-11-08 05:29:17,2022-11-08 05:29:17
108,145657,1,0,2023-02-06 18:59:43,2023-02-06 18:59:43
108,161967,1,1,2024-04-03 04:57:46,2024-04-03 04:57:46
122,14675,1,0,2023-04-27 10:48:40,2023-04-27 10:48:40
160,116883,4,1,2021-04-30 02:57:17,2021-04-30 14:30:30
201,776,1,0,2022-04-08 09:38:06,2022-04-08 09:38:06
201,101228,1,1,2021-07-06 07:58:08,2021-07-06 07:58:08
201,111074,1,1,2023-01-02 12:04:34,2023-01-02 12:04:34
201,120168,2,1,2021-07-02 14:50:07,2021-07-04 11:32:25
201,120169,1,0,2021-07-02 14:39:17,2021-07-02 14:39:17
201,136911,1,1,2022-06-14 11:34:34,2022-06-14 11:34:34
303,122,1,0,2023-04-19 15:04:00,2023-04-19 15:04:00
303,1330,2,0,2023-01-09 19:29:26,2023-04-21 13:35:21
303,2539,1,0,2024-03-15 08:44:36,2024-03-15 08:44:36
303,7730,2,0,2024-12-02 13:17:42,2025-01-28 08:58:13
303,17021,1,1,2021-12-18 08:19:47,2021-12-18 08:19:47
303,41908,7,0,2024-01-25 11:40:28,2024-01-25 13:29:54
303,42357,4,0,2022-05-27 09:43:43,2022-05-27 16:53:55
303,54096,1,0,2022-11-21 20:45:30,2022-11-21 20:45:30
303,61445,1,0,2024-01-11 10:48:14,2024-01-11 10:48:14
303,64377,1,0,2021-02-15 13:08:33,2021-02-15 13:08:33
303,64876,1,0,2022-09-18 08:17:53,2022-09-18 08:17:53
303,65153,1,1,2023-12-19 09:36:03,2023-12-19 09:36:03
303,66995,1,1,2023-07-30 17:48:17,2023-07-30 17:48:17
303,69263,1,0,2021-02-19 09:40:24,2021-02-19 09:40:24
303,70509,1,1,2022-09-12 20:41:43,2022-09-12 20:41:43
303,73930,5,1,2024-01-09 21:53:21,2024-01-25 12:40:01
303,80491,1,0,2022-08-11 15:29:52,2022-08-11 15:29:52
303,82468,2,0,2022-09-07 11:44:16,2022-09-08 15:25:54
303,83395,1,0,2023-04-17 05:34:56,2023-04-17 05:34:56
303,86339,4,1,2022-05-25 12:16:47,2023-09-01 19:59:43
303,86792,1,0,2021-10-31 13:11:55,2021-10-31 13:11:55
303,87037,1,0,2022-09-08 15:32:09,2022-09-08 15:32:09
303,87876,1,0,2025-02-12 09:57:00,2025-02-12 09:57:00
303,96961,1,0,2023-06-25 11:17:02,2023-06-25 11:17:02
303,98749,1,0,2023-07-12 14:29:59,2023-07-12 14:29:59
303,100861,1,0,2025-03-14 08:20:18,2025-03-14 08:20:18
303,105031,1,1,2020-12-08 08:20:38,2020-12-08 08:20:38
303,105709,1,0,2023-01-08 23:35:45,2023-01-08 23:35:45
303,108567,1,1,2020-12-09 10:16:39,2020-12-09 10:16:39
303,108771,1,0,2022-04-13 13:46:26,2022-04-13 13:46:26
303,109809,1,0,2021-01-04 15:01:59,2021-01-04 15:01:59
303,110398,1,0,2021-10-22 12:59:23,2021-10-22 12:59:23
303,110766,1,0,2021-01-24 09:37:13,2021-01-24 09:37:13
303,110898,1,0,2021-02-13 14:52:11,2021-02-13 14:52:11
303,112074,1,0,2023-01-10 08:50:53,2023-01-10 08:50:53
303,112531,1,1,2021-05-15 12:53:27,2021-05-15 12:53:27
303,112548,1,0,2023-04-21 20:48:42,2023-04-21 20:48:42
303,116350,1,1,2021-06-23 18:13:28,2021-06-23 18:13:28
303,116375,1,0,2022-09-08 15:27:59,2022-09-08 15:27:59
303,116983,1,0,2023-04-21 13:16:10,2023-04-21 13:16:10
303,117637,1,0,2023-06-28 12:21:46,2023-06-28 12:21:46
303,117889,1,0,2021-05-18 08:33:39,2021-05-18 08:33:39
303,118083,1,1,2021-07-28 18:22:24,2021-07-28 18:22:24
303,118546,1,1,2023-06-21 15:25:11,2023-06-21 15:25:11
303,118699,1,1,2021-06-06 19:06:03,2021-06-06 19:06:03
303,119136,1,0,2023-01-10 08:54:45,2023-01-10 08:54:45
303,119448,1,0,2021-10-07 15:32:35,2021-10-07 15:32:35
303,119491,1,0,2021-06-21 21:13:45,2021-06-21 21:13:45
303,119637,1,0,2021-06-21 19:01:30,2021-06-21 19:01:30
303,121001,1,0,2021-07-21 13:47:28,2021-07-21 13:47:28
303,121137,1,0,2021-07-27 23:27:36,2021-07-27 23:27:36
303,122778,1,0,2021-08-09 15:52:47,2021-08-09 15:52:47
303,122864,4,0,2021-08-11 13:44:19,2021-08-11 15:25:46
303,122925,2,1,2023-03-29 08:51:09,2023-03-29 09:11:51
303,122963,1,0,2021-08-17 08:09:20,2021-08-17 08:09:20
303,125140,1,0,2022-06-12 17:16:09,2022-06-12 17:16:09
303,125747,1,0,2022-04-14 15:43:04,2022-04-14 15:43:04
303,126059,2,0,2021-10-13 09:32:50,2021-10-15 16:39:11
303,126622,1,0,2021-10-18 13:03:21,2021-10-18 13:03:21
303,126633,1,0,2022-04-14 19:14:35,2022-04-14 19:14:35
303,129982,1,0,2021-12-17 09:42:50,2021-12-17 09:42:50
303,130221,1,1,2023-08-22 08:26:09,2023-08-22 08:26:09
303,130357,1,0,2021-12-28 23:40:47,2021-12-28 23:40:47
303,130528,1,0,2022-06-05 14:16:06,2022-06-05 14:16:06
303,130753,1,0,2025-01-16 16:23:07,2025-01-16 16:23:07
303,131010,1,0,2022-01-31 16:57:47,2022-01-31 16:57:47
303,131532,1,1,2022-09-13 16:28:24,2022-09-13 16:28:24
303,133057,1,0,2023-04-26 13:30:30,2023-04-26 13:30:30
303,135970,1,0,2023-07-31 15:10:44,2023-07-31 15:10:44
303,136122,1,0,2022-05-25 15:17:37,2022-05-25 15:17:37
303,136732,1,0,2022-06-19 13:27:30,2022-06-19 13:27:30
303,137430,1,0,2022-06-26 14:52:57,2022-06-26 14:52:57
303,137637,1,1,2024-07-27 06:34:03,2024-07-27 06:34:03
303,137730,1,1,2023-07-12 08:31:38,2023-07-12 08:31:38
303,137852,1,0,2022-07-10 15:05:04,2022-07-10 15:05:04
303,138508,1,1,2023-03-18 12:28:07,2023-03-18 12:28:07
303,138723,1,0,2022-08-11 07:23:37,2022-08-11 07:23:37
303,139059,2,0,2022-08-11 07:25:36,2022-08-11 13:36:27
303,139223,1,1,2025-05-29 07:04:42,2025-05-29 07:04:42
303,140235,1,0,2022-09-15 08:07:50,2022-09-15 08:07:50
303,140335,1,0,2022-09-15 08:10:17,2022-09-15 08:10:17
303,140341,1,0,2022-09-18 08:23:29,2022-09-18 08:23:29
303,140638,1,0,2023-06-25 11:41:04,2023-06-25 11:41:04
303,142029,1,0,2022-10-26 13:17:49,2022-10-26 13:17:49
303,142690,1,1,2024-04-22 12:56:02,2024-04-22 12:56:02
303,143064,1,1,2022-11-21 21:04:16,2022-11-21 21:04:16
303,144105,1,1,2023-02-13 13:46:43,2023-02-13 13:46:43
303,144586,1,0,2023-01-06 13:38:14,2023-01-06 13:38:14
303,145388,1,0,2023-02-01 13:16:51,2023-02-01 13:16:51
303,145476,1,1,2023-02-01 13:11:38,2023-02-01 13:11:38
303,145766,1,1,2024-03-13 14:02:28,2024-03-13 14:02:28
303,145798,2,0,2024-10-25 18:35:26,2024-10-25 20:42:29
303,146063,2,0,2023-02-22 10:47:28,2023-02-22 10:53:53
303,148446,3,1,2023-04-17 05:46:47,2023-04-17 17:03:49
303,148672,2,0,2023-04-05 12:45:36,2023-04-05 15:52:22
303,150516,1,0,2023-06-05 10:27:18,2023-06-05 10:27:18
303,150792,1,0,2023-06-14 07:35:56,2023-06-14 07:35:56
303,150873,1,0,2023-06-22 15:49:21,2023-06-22 15:49:21
303,150901,1,1,2023-06-21 09:04:37,2023-06-21 09:04:37
303,151000,1,0,2023-06-27 09:14:43,2023-06-27 09:14:43
303,151072,1,0,2023-06-22 14:01:57,2023-06-22 14:01:57
303,151086,1,0,2023-06-26 07:49:56,2023-06-26 07:49:56
303,151120,2,0,2023-06-25 11:43:13,2023-06-25 11:46:54
303,151125,1,0,2023-06-25 11:40:10,2023-06-25 11:40:10
303,151139,1,0,2023-06-25 11:41:30,2023-06-25 11:41:30
303,151180,1,1,2023-06-26 07:49:00,2023-06-26 07:49:00
303,151304,1,1,2023-07-28 18:50:32,2023-07-28 18:50:32
303,151434,1,1,2023-07-04 19:42:35,2023-07-04 19:42:35
303,151484,1,0,2023-07-21 09:21:47,2023-07-21 09:21:47
303,151933,1,0,2023-07-21 09:47:36,2023-07-21 09:47:36
303,153097,1,1,2023-08-04 17:24:49,2023-08-04 17:24:49
303,154806,1,1,2024-04-03 14:04:20,2024-04-03 14:04:20
303,155013,1,0,2023-10-11 10:07:45,2023-10-11 10:07:45
303,155857,1,1,2024-02-09 08:52:36,2024-02-09 08:52:36
303,156252,1,0,2023-11-15 18:03:23,2023-11-15 18:03:23
303,158848,1,0,2024-01-15 17:39:15,2024-01-15 17:39:15
303,158858,1,0,2024-01-15 18:15:12,2024-01-15 18:15:12
303,159980,4,0,2024-02-21 17:19:59,2024-02-22 08:26:22
303,167161,1,0,2025-05-14 03:36:54,2025-05-14 03:36:54
303,168144,1,0,2024-12-02 13:25:30,2024-12-02 13:25:30
303,168592,3,0,2025-06-04 16:38:10,2025-06-05 11:23:45
303,170241,1,1,2024-10-04 11:38:19,2024-10-04 11:38:19
303,171916,1,1,2024-10-29 15:08:47,2024-10-29 15:08:47
303,172738,1,0,2024-11-08 23:03:37,2024-11-08 23:03:37
303,173876,1,0,2024-12-02 13:19:58,2024-12-02 13:19:58
303,175694,1,0,2025-01-16 10:46:18,2025-01-16 10:46:18
303,175893,3,1,2025-01-08 10:48:24,2025-01-08 11:23:39
303,176413,1,0,2025-01-16 10:28:27,2025-01-16 10:28:27
303,176734,2,0,2025-02-25 09:39:12,2025-02-25 09:46:21
303,176787,1,0,2025-05-13 06:58:16,2025-05-13 06:58:16
303,177831,2,0,2025-02-25 09:56:38,2025-02-26 12:04:44
303,178151,1,0,2025-02-25 09:53:41,2025-02-25 09:53:41
303,178200,1,0,2025-02-25 11:25:30,2025-02-25 11:25:30
303,178206,1,0,2025-02-28 10:19:31,2025-02-28 10:19:31
303,178338,1,0,2025-02-25 11:25:46,2025-02-25 11:25:46
303,178646,1,1,2025-04-30 10:03:11,2025-04-30 10:03:11
303,178780,1,0,2025-03-08 16:39:42,2025-03-08 16:39:42
303,178927,1,0,2025-03-09 09:00:09,2025-03-09 09:00:09
303,178933,1,0,2025-03-14 08:23:27,2025-03-14 08:23:27
303,180022,1,0,2025-04-07 07:40:25,2025-04-07 07:40:25
303,180843,1,0,2025-05-03 10:30:18,2025-05-03 10:30:18
303,181096,1,0,2025-04-29 12:17:01,2025-04-29 12:17:01
303,181100,1,0,2025-05-06 06:01:27,2025-05-06 06:01:27
303,181551,1,1,2025-05-12 06:11:25,2025-05-12 06:11:25
303,183576,1,0,2025-06-13 17:47:13,2025-06-13 17:47:13
303,184033,1,0,2025-06-19 12:41:36,2025-06-19 12:41:36
303,186593,2,0,2025-09-10 10:56:52,2025-09-10 10:57:20
303,190586,1,1,2026-04-05 08:25:46,2026-04-05 08:25:46
303,193240,1,0,2026-04-13 09:16:28,2026-04-13 09:16:28
471,111427,1,1,2021-02-08 12:21:38,2021-02-08 12:21:38
471,125900,1,1,2023-03-07 18:01:43,2023-03-07 18:01:43
471,127960,1,0,2021-11-20 10:47:03,2021-11-20 10:47:03
471,131704,1,1,2022-01-31 11:56:38,2022-01-31 11:56:38
471,136794,1,1,2022-06-11 11:34:46,2022-06-11 11:34:46
471,139071,1,0,2022-08-11 21:48:14,2022-08-11 21:48:14
471,143967,1,1,2023-03-08 16:03:35,2023-03-08 16:03:35
471,145745,1,1,2023-03-16 11:45:05,2023-03-16 11:45:05
471,155693,1,0,2023-10-29 14:04:42,2023-10-29 14:04:42
484,29353,1,1,2022-03-05 15:36:00,2022-03-05 15:36:00
484,64876,1,0,2022-03-11 19:23:07,2022-03-11 19:23:07
484,126577,1,0,2021-10-17 18:30:03,2021-10-17 18:30:03
484,133121,1,1,2022-03-05 15:32:38,2022-03-05 15:32:38
600,133116,1,0,2022-03-05 13:30:43,2022-03-05 13:30:43
600,148639,1,0,2023-04-04 18:29:40,2023-04-04 18:29:40
696,8878,1,0,2021-06-22 21:17:32,2021-06-22 21:17:32
742,119330,1,0,2022-05-12 09:41:05,2022-05-12 09:41:05
836,14675,1,0,2021-02-17 20:44:42,2021-02-17 20:44:42
836,14909,1,0,2021-03-08 13:06:14,2021-03-08 13:06:14
836,18626,2,0,2021-03-02 14:46:08,2021-03-02 15:07:43
836,30728,5,1,2021-07-12 21:34:50,2021-07-13 15:50:09
836,37045,2,1,2022-04-19 21:32:25,2022-05-01 09:02:27
836,52500,2,0,2021-07-19 17:29:52,2021-07-19 19:24:16
836,68021,3,1,2021-10-17 08:24:49,2021-10-17 15:56:35
836,68460,1,1,2021-05-22 12:12:27,2021-05-22 12:12:27
836,112599,3,1,2021-02-28 16:30:09,2021-03-01 13:24:55
836,115009,1,1,2021-03-29 12:12:39,2021-03-29 12:12:39
836,115740,1,1,2021-05-06 07:11:45,2021-05-06 07:11:45
836,116922,1,0,2021-05-07 12:19:46,2021-05-07 12:19:46
836,117799,2,1,2021-06-13 18:27:38,2021-06-13 18:40:41
836,119116,2,0,2021-06-17 16:27:02,2021-06-19 14:14:31
836,119637,1,0,2021-06-23 07:14:09,2021-06-23 07:14:09
836,121127,1,1,2022-05-03 16:44:10,2022-05-03 16:44:10
836,123682,3,1,2021-08-30 15:18:51,2021-08-30 16:06:39
836,125045,1,1,2021-09-09 10:25:25,2021-09-09 10:25:25
836,125178,2,0,2022-02-13 12:45:03,2022-02-14 20:22:52
836,127509,2,1,2022-04-15 17:42:44,2022-04-15 18:44:40
836,130104,1,0,2022-01-10 17:53:30,2022-01-10 17:53:30
836,130729,1,1,2022-01-09 14:52:06,2022-01-09 14:52:06
836,131233,2,1,2022-01-19 11:45:15,2022-01-19 14:36:31
836,131630,3,1,2022-05-17 07:13:50,2022-05-17 13:39:45
836,134318,3,1,2022-04-06 11:51:56,2022-04-07 06:46:36
843,15728,1,1,2023-11-01 01:07:16,2023-11-01 01:07:16
843,32169,1,1,2025-12-30 08:10:08,2025-12-30 08:10:08
843,60807,1,1,2024-10-14 01:53:42,2024-10-14 01:53:42
843,61796,1,1,2023-08-11 18:28:57,2023-08-11 18:28:57
843,85247,1,1,2025-04-20 19:08:18,2025-04-20 19:08:18
843,98749,1,1,2023-08-11 18:23:56,2023-08-11 18:23:56
843,109113,1,0,2023-04-07 18:24:58,2023-04-07 18:24:58
843,138128,1,1,2023-04-16 02:01:06,2023-04-16 02:01:06
843,141493,1,1,2023-09-22 17:28:16,2023-09-22 17:28:16
843,142073,1,1,2023-04-08 03:02:43,2023-04-08 03:02:43
843,144766,2,1,2023-01-17 04:53:40,2023-01-17 04:54:02
843,150919,1,1,2023-08-11 18:26:11,2023-08-11 18:26:11
843,150980,1,1,2023-11-01 00:55:05,2023-11-01 00:55:05
843,163246,1,1,2024-06-04 13:54:15,2024-06-04 13:54:15
843,163296,1,1,2024-06-06 01:18:07,2024-06-06 01:18:07
863,113328,1,1,2021-10-20 07:03:53,2021-10-20 07:03:53
863,122954,2,1,2021-08-13 05:03:28,2021-08-14 00:13:06
863,128528,2,0,2021-12-05 17:43:12,2021-12-08 00:31:59
912,98535,1,0,2024-05-15 20:56:34,2024-05-15 20:56:34
1077,64377,1,0,2023-02-14 21:57:13,2023-02-14 21:57:13
1077,134010,1,1,2023-02-14 22:48:22,2023-02-14 22:48:22
1105,115727,1,0,2021-06-02 14:21:00,2021-06-02 14:21:00
1105,119711,1,1,2021-07-14 19:39:21,2021-07-14 19:39:21
1156,60968,2,0,2022-04-14 23:59:55,2022-04-15 09:48:30
1156,121222,1,0,2022-04-14 13:02:19,2022-04-14 13:02:19
1156,134586,3,0,2022-04-14 23:53:46,2022-04-15 15:49:05
1156,137223,1,0,2022-11-09 02:57:19,2022-11-09 02:57:19
1175,127707,1,0,2022-03-14 04:39:37,2022-03-14 04:39:37
1177,30048,1,0,2026-01-27 01:35:40,2026-01-27 01:35:40
1177,59085,1,0,2023-11-23 03:10:11,2023-11-23 03:10:11
1177,74973,1,0,2021-10-28 16:32:31,2021-10-28 16:32:31
1177,121055,2,0,2021-07-23 08:57:48,2021-07-23 19:27:17
1177,156644,1,0,2023-11-29 08:52:57,2023-11-29 08:52:57
1330,122,2,2,2021-07-03 15:24:05,2023-04-18 17:41:31
1330,303,1,1,2021-04-30 17:35:36,2021-04-30 17:35:36
1330,2727,1,1,2023-03-28 18:44:54,2023-03-28 18:44:54
1330,6597,1,1,2022-06-23 18:15:11,2022-06-23 18:15:11
1330,8307,1,1,2021-09-06 14:01:39,2021-09-06 14:01:39
1330,9191,1,1,2022-05-03 19:54:57,2022-05-03 19:54:57
1330,10435,1,1,2022-09-12 18:23:53,2022-09-12 18:23:53
1330,10799,1,1,2024-05-30 18:39:50,2024-05-30 18:39:50
1330,14675,1,0,2023-01-29 14:52:47,2023-01-29 14:52:47
1330,14981,1,1,2022-03-31 00:21:39,2022-03-31 00:21:39
1330,17484,1,1,2022-12-23 18:27:58,2022-12-23 18:27:58
1330,18581,1,1,2023-07-31 15:50:16,2023-07-31 15:50:16
1330,20290,1,1,2023-01-18 00:00:30,2023-01-18 00:00:30
1330,20451,1,1,2021-07-04 14:44:37,2021-07-04 14:44:37
1330,23193,1,1,2023-01-12 01:25:49,2023-01-12 01:25:49
1330,23240,1,1,2022-04-17 19:06:08,2022-04-17 19:06:08
1330,24883,1,1,2022-12-10 15:15:14,2022-12-10 15:15:14
1330,25640,1,1,2022-12-21 13:44:23,2022-12-21 13:44:23
1330,25696,1,1,2022-03-23 18:36:08,2022-03-23 18:36:08
1330,26019,1,1,2023-04-13 19:24:35,2023-04-13 19:24:35
1330,26493,1,1,2021-09-16 22:30:30,2021-09-16 22:30:30
1330,26530,1,1,2022-04-15 20:13:40,2022-04-15 20:13:40
1330,26799,1,1,2022-10-21 15:34:12,2022-10-21 15:34:12
1330,29798,1,1,2023-01-21 14:26:50,2023-01-21 14:26:50
1330,32243,1,1,2022-09-13 12:44:45,2022-09-13 12:44:45
1330,33058,1,1,2022-05-18 18:52:20,2022-05-18 18:52:20
1330,33754,1,1,2022-04-28 17:46:56,2022-04-28 17:46:56
1330,37475,1,1,2023-09-11 15:06:38,2023-09-11 15:06:38
1330,38136,1,1,2021-03-03 23:38:58,2021-03-03 23:38:58
1330,38256,1,1,2023-01-10 13:10:16,2023-01-10 13:10:16
1330,39982,5,4,2021-03-26 14:52:40,2022-04-22 16:58:22
1330,40468,1,1,2022-07-04 16:05:55,2022-07-04 16:05:55
1330,41929,1,1,2021-07-12 17:12:16,2021-07-12 17:12:16
1330,43193,1,1,2021-03-15 15:37:13,2021-03-15 15:37:13
1330,43870,1,1,2021-08-10 20:22:38,2021-08-10 20:22:38
1330,44083,2,1,2021-03-02 14:55:25,2021-03-02 17:49:44
1330,44456,1,1,2023-02-24 15:32:22,2023-02-24 15:32:22
1330,45610,2,2,2022-01-31 20:01:00,2022-11-01 14:15:49
1330,49007,1,1,2021-07-15 15:07:43,2021-07-15 15:07:43
1330,49807,1,1,2021-05-14 15:24:45,2021-05-14 15:24:45
1330,50727,1,1,2021-06-27 15:48:24,2021-06-27 15:48:24
1330,51624,1,1,2021-11-18 21:49:10,2021-11-18 21:49:10
1330,51687,2,2,2021-10-01 15:54:43,2021-11-28 15:19:51
1330,51836,1,1,2022-07-04 16:11:57,2022-07-04 16:11:57
1330,54096,1,0,2023-03-21 13:44:04,2023-03-21 13:44:04
1330,54473,1,1,2021-11-30 12:38:07,2021-11-30 12:38:07
1330,54586,1,1,2022-10-27 12:50:21,2022-10-27 12:50:21
1330,54661,1,1,2021-07-25 15:31:50,2021-07-25 15:31:50
1330,54865,1,1,2022-11-07 17:06:59,2022-11-07 17:06:59
1330,58140,2,2,2021-02-09 15:46:47,2021-04-20 20:18:28
1330,58488,1,1,2022-05-12 22:03:51,2022-05-12 22:03:51
1330,58750,1,1,2021-08-11 16:13:49,2021-08-11 16:13:49
1330,59085,1,0,2023-03-30 13:48:49,2023-03-30 13:48:49
1330,60177,1,1,2021-05-12 15:47:48,2021-05-12 15:47:48
1330,60710,1,1,2021-05-04 22:49:25,2021-05-04 22:49:25
1330,60813,1,1,2021-09-04 14:05:43,2021-09-04 14:05:43
1330,61261,1,1,2021-08-25 15:15:27,2021-08-25 15:15:27
1330,61445,1,1,2022-10-28 14:26:54,2022-10-28 14:26:54
1330,63096,1,1,2023-10-09 14:18:29,2023-10-09 14:18:29
1330,63843,2,1,2022-12-12 14:45:08,2022-12-12 15:00:23
1330,64876,4,4,2022-01-31 16:07:16,2023-05-15 17:08:04
1330,65149,1,1,2021-09-05 16:33:14,2021-09-05 16:33:14
1330,67163,2,1,2023-02-21 14:13:54,2023-02-21 15:45:07
1330,67203,1,1,2022-11-04 14:36:29,2022-11-04 14:36:29
1330,68274,1,1,2022-05-20 14:48:04,2022-05-20 14:48:04
1330,69263,1,1,2023-05-02 12:38:24,2023-05-02 12:38:24
1330,70393,1,1,2021-11-03 13:15:26,2021-11-03 13:15:26
1330,70546,1,1,2021-07-10 15:31:46,2021-07-10 15:31:46
1330,71138,1,1,2021-06-28 16:36:11,2021-06-28 16:36:11
1330,71218,1,1,2021-03-10 00:27:44,2021-03-10 00:27:44
1330,71246,1,1,2021-11-28 15:14:04,2021-11-28 15:14:04
1330,71748,1,1,2021-09-02 02:49:39,2021-09-02 02:49:39
1330,71912,1,1,2021-06-22 01:43:58,2021-06-22 01:43:58
1330,71952,1,1,2022-11-21 17:47:00,2022-11-21 17:47:00
1330,73438,1,1,2022-07-05 14:28:16,2022-07-05 14:28:16
1330,74231,1,1,2021-05-19 19:10:04,2021-05-19 19:10:04
1330,74497,1,1,2022-10-15 13:04:34,2022-10-15 13:04:34
1330,75985,1,1,2021-10-07 16:19:08,2021-10-07 16:19:08
1330,76275,1,1,2021-03-14 15:16:56,2021-03-14 15:16:56
1330,76801,1,1,2022-03-31 20:24:07,2022-03-31 20:24:07
1330,77949,1,1,2022-01-08 14:15:25,2022-01-08 14:15:25
1330,80221,3,2,2021-05-24 18:19:45,2023-03-30 18:19:53
1330,80860,1,1,2022-08-05 00:56:42,2022-08-05 00:56:42
1330,82468,2,1,2022-09-06 03:21:14,2022-09-08 15:13:57
1330,82549,2,1,2021-07-15 21:14:48,2021-07-17 19:43:07
1330,82999,1,1,2021-05-14 19:33:05,2021-05-14 19:33:05
1330,83133,1,1,2021-05-17 18:59:28,2021-05-17 18:59:28
1330,84451,1,1,2022-05-03 19:46:27,2022-05-03 19:46:27
1330,84707,1,1,2022-09-26 02:32:35,2022-09-26 02:32:35
1330,84859,1,1,2023-02-09 16:49:45,2023-02-09 16:49:45
1330,85311,2,1,2024-06-10 17:36:08,2024-06-11 12:29:21
1330,85540,1,1,2021-05-08 17:55:18,2021-05-08 17:55:18
1330,85786,1,1,2020-12-28 17:55:28,2020-12-28 17:55:28
1330,85897,1,1,2022-01-31 21:14:59,2022-01-31 21:14:59
1330,86325,1,1,2023-01-24 15:20:27,2023-01-24 15:20:27
1330,86339,1,1,2021-11-05 13:33:26,2021-11-05 13:33:26
1330,87037,1,0,2022-08-28 16:06:05,2022-08-28 16:06:05
1330,89290,1,1,2021-03-19 15:10:45,2021-03-19 15:10:45
1330,89545,1,1,2020-12-30 16:01:45,2020-12-30 16:01:45
1330,89868,1,1,2021-10-11 14:08:24,2021-10-11 14:08:24
1330,91738,1,1,2022-05-06 20:16:48,2022-05-06 20:16:48
1330,92002,2,1,2021-03-18 16:48:18,2021-03-18 17:02:37
1330,92285,1,1,2021-06-22 20:55:24,2021-06-22 20:55:24
1330,93744,1,1,2021-02-20 18:09:56,2021-02-20 18:09:56
1330,96672,1,1,2021-02-01 17:48:39,2021-02-01 17:48:39
1330,97310,1,1,2021-04-27 16:05:02,2021-04-27 16:05:02
1330,97494,1,1,2021-01-30 20:23:02,2021-01-30 20:23:02
1330,98121,1,1,2021-01-04 18:39:22,2021-01-04 18:39:22
1330,99260,1,1,2023-03-13 15:50:54,2023-03-13 15:50:54
1330,99683,1,1,2022-07-16 14:55:14,2022-07-16 14:55:14
1330,99761,1,0,2021-06-17 14:57:01,2021-06-17 14:57:01
1330,100986,2,2,2021-02-11 15:43:13,2021-08-22 13:59:58
1330,101121,1,1,2021-06-06 18:51:34,2021-06-06 18:51:34
1330,101338,1,1,2022-02-07 00:15:08,2022-02-07 00:15:08
1330,102646,2,1,2021-05-04 19:59:10,2021-05-05 11:23:59
1330,102713,1,1,2021-12-28 13:17:28,2021-12-28 13:17:28
1330,102804,2,2,2021-07-17 21:57:03,2022-04-27 17:26:36
1330,102809,1,1,2021-04-30 17:27:39,2021-04-30 17:27:39
1330,103108,1,1,2021-09-07 15:00:29,2021-09-07 15:00:29
1330,103170,1,1,2021-09-26 14:16:34,2021-09-26 14:16:34
1330,103468,1,1,2021-05-06 14:55:48,2021-05-06 14:55:48
1330,104371,1,1,2021-05-25 16:31:39,2021-05-25 16:31:39
1330,104392,1,1,2021-05-12 18:43:03,2021-05-12 18:43:03
1330,104872,1,1,2021-07-16 22:38:41,2021-07-16 22:38:41
1330,104877,1,1,2021-08-22 14:03:03,2021-08-22 14:03:03
1330,105173,1,1,2021-10-28 15:40:35,2021-10-28 15:40:35
1330,105469,1,1,2021-10-25 20:30:52,2021-10-25 20:30:52
1330,105502,1,1,2021-02-19 14:21:05,2021-02-19 14:21:05
1330,105709,3,3,2023-01-05 17:18:01,2023-01-31 12:25:44
1330,106183,2,1,2021-07-06 16:26:19,2021-07-06 17:14:49
1330,107073,1,1,2022-08-11 12:26:22,2022-08-11 12:26:22
1330,107661,1,1,2021-05-02 22:13:15,2021-05-02 22:13:15
1330,107980,2,1,2021-07-12 15:43:45,2021-07-14 13:33:49
1330,107986,1,1,2023-02-08 01:34:18,2023-02-08 01:34:18
1330,108053,1,1,2021-09-07 18:33:55,2021-09-07 18:33:55
1330,108085,1,1,2022-12-11 14:29:19,2022-12-11 14:29:19
1330,108346,1,1,2021-04-26 15:36:32,2021-04-26 15:36:32
1330,108498,1,1,2021-06-17 14:12:22,2021-06-17 14:12:22
1330,108624,1,1,2022-03-02 16:26:43,2022-03-02 16:26:43
1330,108738,1,1,2020-12-15 12:31:43,2020-12-15 12:31:43
1330,108745,1,1,2021-04-26 19:18:55,2021-04-26 19:18:55
1330,108748,1,1,2021-05-01 15:32:22,2021-05-01 15:32:22
1330,109190,2,2,2022-07-27 23:59:01,2022-08-08 15:22:39
1330,109284,1,1,2021-05-04 16:15:12,2021-05-04 16:15:12
1330,109348,1,1,2022-11-21 13:35:56,2022-11-21 13:35:56
1330,109441,1,1,2023-02-22 15:28:31,2023-02-22 15:28:31
1330,109485,1,0,2021-01-14 19:19:34,2021-01-14 19:19:34
1330,109523,1,1,2021-05-07 13:56:57,2021-05-07 13:56:57
1330,109570,1,1,2022-02-04 15:28:21,2022-02-04 15:28:21
1330,109599,1,1,2020-12-30 17:41:12,2020-12-30 17:41:12
1330,109633,1,1,2021-06-19 14:54:16,2021-06-19 14:54:16
1330,109809,1,1,2022-02-17 13:37:03,2022-02-17 13:37:03
1330,109931,1,1,2022-02-27 21:30:52,2022-02-27 21:30:52
1330,110118,1,1,2021-05-18 17:15:45,2021-05-18 17:15:45
1330,110135,1,1,2021-08-29 12:43:09,2021-08-29 12:43:09
1330,110191,1,1,2021-07-13 23:12:00,2021-07-13 23:12:00
1330,110204,1,1,2021-01-14 17:22:39,2021-01-14 17:22:39
1330,110214,1,1,2021-06-02 15:33:40,2021-06-02 15:33:40
1330,110448,1,1,2021-05-18 15:13:13,2021-05-18 15:13:13
1330,110649,1,1,2021-05-23 21:03:08,2021-05-23 21:03:08
1330,110921,1,1,2021-08-13 14:30:16,2021-08-13 14:30:16
1330,110934,1,1,2021-06-15 15:00:41,2021-06-15 15:00:41
1330,111016,1,1,2021-05-13 15:02:17,2021-05-13 15:02:17
1330,111109,1,1,2021-06-28 15:18:33,2021-06-28 15:18:33
1330,111157,1,1,2021-10-16 20:29:41,2021-10-16 20:29:41
1330,111272,1,1,2021-05-21 14:56:26,2021-05-21 14:56:26
1330,111372,1,1,2021-03-12 13:32:56,2021-03-12 13:32:56
1330,111510,1,1,2021-05-22 22:03:42,2021-05-22 22:03:42
1330,111612,1,1,2021-02-09 15:53:31,2021-02-09 15:53:31
1330,111618,3,2,2022-02-10 00:29:33,2024-07-10 12:21:08
1330,111882,1,0,2021-09-04 13:59:31,2021-09-04 13:59:31
1330,112086,1,1,2021-11-01 14:17:57,2021-11-01 14:17:57
1330,112139,2,2,2021-03-20 14:55:35,2022-07-26 15:09:53
1330,112153,2,1,2021-03-03 16:21:20,2021-03-03 22:00:22
1330,112212,1,1,2022-04-11 19:32:57,2022-04-11 19:32:57
1330,112283,1,1,2021-05-25 17:35:07,2021-05-25 17:35:07
1330,112340,1,1,2021-05-26 14:50:07,2021-05-26 14:50:07
1330,112560,1,1,2021-05-27 17:05:36,2021-05-27 17:05:36
1330,112650,2,1,2021-06-05 17:48:11,2021-06-05 17:48:52
1330,112685,1,1,2021-06-14 14:37:29,2021-06-14 14:37:29
1330,112689,1,1,2021-03-04 19:40:22,2021-03-04 19:40:22
1330,112745,1,1,2022-04-17 19:02:55,2022-04-17 19:02:55
1330,112749,1,1,2021-06-26 15:58:26,2021-06-26 15:58:26
1330,112818,1,1,2021-06-10 19:21:03,2021-06-10 19:21:03
1330,112822,1,1,2021-12-12 22:40:19,2021-12-12 22:40:19
1330,112957,1,1,2022-04-11 19:25:10,2022-04-11 19:25:10
1330,113114,1,1,2021-06-17 14:20:57,2021-06-17 14:20:57
1330,113176,1,1,2021-06-17 15:49:20,2021-06-17 15:49:20
1330,113585,2,2,2021-12-07 19:31:57,2022-09-12 23:41:09
1330,113800,1,1,2021-06-22 20:29:00,2021-06-22 20:29:00
1330,113846,1,1,2021-06-22 20:16:39,2021-06-22 20:16:39
1330,113880,1,1,2021-03-26 14:46:36,2021-03-26 14:46:36
1330,113959,1,1,2021-06-25 15:02:24,2021-06-25 15:02:24
1330,115083,1,1,2021-06-26 06:54:25,2021-06-26 06:54:25
1330,115120,1,1,2021-06-26 00:48:10,2021-06-26 00:48:10
1330,115179,1,1,2021-06-26 13:59:14,2021-06-26 13:59:14
1330,115202,1,1,2021-06-27 15:26:49,2021-06-27 15:26:49
1330,115206,1,1,2021-11-04 22:53:39,2021-11-04 22:53:39
1330,115236,1,1,2022-06-21 15:47:57,2022-06-21 15:47:57
1330,115332,2,1,2021-07-31 14:57:40,2021-07-31 20:48:22
1330,115435,1,1,2021-05-09 19:49:15,2021-05-09 19:49:15
1330,115451,1,1,2021-06-29 17:16:04,2021-06-29 17:16:04
1330,115551,1,1,2021-09-23 16:10:21,2021-09-23 16:10:21
1330,115771,1,1,2021-07-02 16:04:31,2021-07-02 16:04:31
1330,116212,1,1,2021-07-10 23:15:47,2021-07-10 23:15:47
1330,116284,1,1,2021-10-09 12:04:23,2021-10-09 12:04:23
1330,116333,1,1,2021-11-20 17:27:54,2021-11-20 17:27:54
1330,116360,1,1,2021-07-06 20:48:49,2021-07-06 20:48:49
1330,116596,1,1,2021-12-07 22:52:01,2021-12-07 22:52:01
1330,116631,1,1,2022-11-22 14:55:13,2022-11-22 14:55:13
1330,116752,1,1,2021-10-23 21:49:08,2021-10-23 21:49:08
1330,116804,1,1,2021-07-04 15:53:31,2021-07-04 15:53:31
1330,116854,2,2,2022-02-03 20:32:31,2023-03-26 21:07:53
1330,116983,2,1,2023-04-20 16:05:22,2023-04-20 16:57:53
1330,117148,1,1,2021-07-09 18:06:17,2021-07-09 18:06:17
1330,117255,1,1,2021-08-15 14:51:34,2021-08-15 14:51:34
1330,117499,1,1,2022-02-19 18:57:15,2022-02-19 18:57:15
1330,117663,1,0,2021-05-14 15:14:03,2021-05-14 15:14:03
1330,117823,1,1,2022-04-27 17:28:32,2022-04-27 17:28:32
1330,117892,1,1,2022-02-03 20:27:27,2022-02-03 20:27:27
1330,118009,1,1,2022-02-01 15:57:29,2022-02-01 15:57:29
1330,118019,1,1,2022-02-01 15:35:20,2022-02-01 15:35:20
1330,118292,1,1,2021-07-03 15:16:33,2021-07-03 15:16:33
1330,118567,1,1,2021-09-06 14:23:55,2021-09-06 14:23:55
1330,118699,1,1,2021-06-11 17:36:49,2021-06-11 17:36:49
1330,119043,2,1,2023-03-18 18:11:50,2023-03-23 23:59:36
1330,119491,2,1,2021-06-26 18:52:15,2021-06-26 18:52:24
1330,119517,1,1,2021-09-06 14:05:44,2021-09-06 14:05:44
1330,119538,1,1,2021-09-06 14:33:54,2021-09-06 14:33:54
1330,119652,1,1,2022-04-17 19:00:19,2022-04-17 19:00:19
1330,119848,1,1,2022-01-22 00:39:27,2022-01-22 00:39:27
1330,119921,4,3,2021-08-07 13:09:11,2021-12-14 17:17:28
1330,120212,1,1,2021-09-24 13:59:30,2021-09-24 13:59:30
1330,120215,1,1,2022-04-21 14:46:44,2022-04-21 14:46:44
1330,120290,1,1,2021-07-05 18:52:16,2021-07-05 18:52:16
1330,120291,1,1,2021-07-05 18:47:46,2021-07-05 18:47:46
1330,120363,2,2,2021-07-10 01:01:49,2022-01-01 18:09:36
1330,120410,1,1,2023-02-26 16:14:04,2023-02-26 16:14:04
1330,120472,1,1,2021-09-28 14:45:24,2021-09-28 14:45:24
1330,120554,1,1,2021-10-07 22:42:42,2021-10-07 22:42:42
1330,120601,1,1,2021-10-05 16:18:53,2021-10-05 16:18:53
1330,120972,1,1,2022-01-04 15:30:09,2022-01-04 15:30:09
1330,121066,1,1,2021-07-28 14:11:08,2021-07-28 14:11:08
1330,122314,1,1,2021-08-03 15:13:43,2021-08-03 15:13:43
1330,122573,1,1,2021-10-15 18:09:33,2021-10-15 18:09:33
1330,122574,1,1,2021-09-23 16:14:25,2021-09-23 16:14:25
1330,122606,1,1,2022-02-03 23:28:12,2022-02-03 23:28:12
1330,122641,3,2,2021-10-24 14:30:29,2022-01-23 00:01:28
1330,122806,1,1,2022-03-02 15:22:22,2022-03-02 15:22:22
1330,122872,3,2,2021-08-11 16:23:47,2022-02-28 20:03:22
1330,122876,1,1,2021-08-11 19:41:15,2021-08-11 19:41:15
1330,122980,1,1,2021-09-27 22:13:03,2021-09-27 22:13:03
1330,123222,1,1,2022-01-26 18:16:05,2022-01-26 18:16:05
1330,123290,2,1,2021-09-30 16:41:27,2021-10-01 15:34:34
1330,123437,1,1,2021-08-24 18:19:23,2021-08-24 18:19:23
1330,123438,1,1,2022-07-01 13:01:58,2022-07-01 13:01:58
1330,123456,1,1,2021-08-27 21:22:47,2021-08-27 21:22:47
1330,123530,1,1,2022-02-01 23:07:49,2022-02-01 23:07:49
1330,124911,1,1,2023-01-13 19:49:52,2023-01-13 19:49:52
1330,125457,1,1,2022-01-03 13:29:07,2022-01-03 13:29:07
1330,125612,1,1,2021-10-07 23:01:26,2021-10-07 23:01:26
1330,125666,1,1,2021-10-07 23:09:01,2021-10-07 23:09:01
1330,125747,2,2,2022-01-04 15:45:31,2022-07-05 14:22:25
1330,125803,1,1,2022-01-22 00:48:15,2022-01-22 00:48:15
1330,126029,1,1,2022-08-09 23:38:23,2022-08-09 23:38:23
1330,126059,1,1,2021-12-29 14:31:45,2021-12-29 14:31:45
1330,126234,1,1,2021-10-08 15:10:22,2021-10-08 15:10:22
1330,126279,1,1,2022-12-13 18:03:49,2022-12-13 18:03:49
1330,126307,2,1,2021-10-10 14:22:30,2021-10-10 14:57:09
1330,126352,2,1,2021-10-12 12:23:52,2021-10-16 14:33:04
1330,126459,1,1,2022-04-21 14:42:40,2022-04-21 14:42:40
1330,126466,1,1,2022-01-28 12:56:10,2022-01-28 12:56:10
1330,126696,1,1,2021-11-20 17:33:49,2021-11-20 17:33:49
1330,126784,1,1,2022-01-14 14:31:52,2022-01-14 14:31:52
1330,126861,1,1,2021-10-23 21:42:21,2021-10-23 21:42:21
1330,126945,1,1,2022-11-06 16:12:34,2022-11-06 16:12:34
1330,126964,1,0,2022-01-23 21:42:56,2022-01-23 21:42:56
1330,127003,1,1,2022-01-23 15:59:46,2022-01-23 15:59:46
1330,127023,1,1,2022-02-01 20:42:03,2022-02-01 20:42:03
1330,127231,1,1,2022-02-03 22:36:58,2022-02-03 22:36:58
1330,127232,1,1,2021-11-03 13:13:08,2021-11-03 13:13:08
1330,127245,1,1,2022-02-03 14:55:13,2022-02-03 14:55:13
1330,127297,1,1,2022-02-04 19:44:43,2022-02-04 19:44:43
1330,127316,1,1,2022-02-04 00:13:11,2022-02-04 00:13:11
1330,127330,1,0,2022-02-05 15:22:53,2022-02-05 15:22:53
1330,127404,1,1,2021-11-05 13:20:22,2021-11-05 13:20:22
1330,127440,1,1,2021-11-07 13:54:13,2021-11-07 13:54:13
1330,127482,1,1,2022-02-11 23:10:12,2022-02-11 23:10:12
1330,127550,1,1,2022-01-01 18:07:34,2022-01-01 18:07:34
1330,127635,1,1,2022-02-21 14:56:59,2022-02-21 14:56:59
1330,127703,1,1,2022-02-22 17:32:03,2022-02-22 17:32:03
1330,127764,1,1,2022-02-26 17:01:08,2022-02-26 17:01:08
1330,127878,1,1,2021-11-18 14:05:27,2021-11-18 14:05:27
1330,128145,1,1,2022-10-10 14:33:37,2022-10-10 14:33:37
1330,128213,1,1,2021-12-21 16:03:27,2021-12-21 16:03:27
1330,128283,1,1,2022-04-24 20:54:09,2022-04-24 20:54:09
1330,128370,1,1,2022-04-24 21:00:10,2022-04-24 21:00:10
1330,128469,1,1,2021-12-03 15:56:26,2021-12-03 15:56:26
1330,128575,1,1,2023-02-10 17:47:44,2023-02-10 17:47:44
1330,128631,1,1,2022-11-04 14:13:58,2022-11-04 14:13:58
1330,128920,1,1,2022-07-04 23:12:13,2022-07-04 23:12:13
1330,129970,1,1,2022-08-02 14:37:57,2022-08-02 14:37:57
1330,130032,1,1,2021-12-21 22:47:45,2021-12-21 22:47:45
1330,130096,1,1,2021-12-24 14:25:17,2021-12-24 14:25:17
1330,130144,1,1,2021-12-22 17:45:09,2021-12-22 17:45:09
1330,130316,1,1,2021-12-28 18:17:57,2021-12-28 18:17:57
1330,130352,1,1,2021-12-29 14:59:50,2021-12-29 14:59:50
1330,130357,1,1,2021-12-29 14:36:58,2021-12-29 14:36:58
1330,130463,1,1,2021-12-31 23:13:57,2021-12-31 23:13:57
1330,130492,1,1,2022-01-02 01:25:58,2022-01-02 01:25:58
1330,130755,1,1,2022-07-07 17:36:55,2022-07-07 17:36:55
1330,130860,3,3,2022-01-20 15:12:43,2022-10-21 19:17:52
1330,130999,1,1,2022-01-26 21:24:02,2022-01-26 21:24:02
1330,131188,1,1,2022-01-18 14:27:44,2022-01-18 14:27:44
1330,131408,1,1,2022-11-25 23:52:44,2022-11-25 23:52:44
1330,131424,3,3,2022-07-27 16:17:52,2023-03-01 12:45:05
1330,131650,2,1,2022-02-17 21:50:35,2022-02-18 00:40:13
1330,131687,1,1,2022-02-26 01:27:21,2022-02-26 01:27:21
1330,131801,1,1,2022-02-01 21:22:09,2022-02-01 21:22:09
1330,131845,1,1,2022-08-05 19:12:59,2022-08-05 19:12:59
1330,131920,1,1,2022-08-08 17:02:32,2022-08-08 17:02:32
1330,131960,1,1,2022-08-09 16:46:45,2022-08-09 16:46:45
1330,132073,1,1,2022-08-11 13:44:02,2022-08-11 13:44:02
1330,132263,1,1,2022-06-12 18:12:13,2022-06-12 18:12:13
1330,132519,1,1,2022-08-31 20:33:41,2022-08-31 20:33:41
1330,132861,1,1,2022-02-25 22:22:55,2022-02-25 22:22:55
1330,133132,1,1,2022-03-10 18:18:03,2022-03-10 18:18:03
1330,133432,1,1,2022-04-14 20:44:01,2022-04-14 20:44:01
1330,133918,1,1,2022-04-01 20:14:16,2022-04-01 20:14:16
1330,134642,1,1,2022-04-20 14:17:31,2022-04-20 14:17:31
1330,134921,1,1,2022-04-23 15:47:47,2022-04-23 15:47:47
1330,134945,1,1,2022-09-06 14:07:37,2022-09-06 14:07:37
1330,135295,1,1,2022-05-03 18:34:19,2022-05-03 18:34:19
1330,135425,1,1,2022-07-04 16:17:32,2022-07-04 16:17:32
1330,135531,1,1,2022-08-01 16:34:53,2022-08-01 16:34:53
1330,135914,1,1,2022-05-18 18:33:35,2022-05-18 18:33:35
1330,136302,1,1,2022-08-06 14:11:16,2022-08-06 14:11:16
1330,136598,1,1,2023-01-12 01:19:38,2023-01-12 01:19:38
1330,136949,1,1,2023-01-25 15:59:06,2023-01-25 15:59:06
1330,137051,1,1,2023-04-12 13:12:21,2023-04-12 13:12:21
1330,137197,1,1,2022-07-05 13:27:35,2022-07-05 13:27:35
1330,137211,1,0,2023-01-04 19:12:32,2023-01-04 19:12:32
1330,137223,1,1,2022-07-04 18:06:36,2022-07-04 18:06:36
1330,137346,1,1,2022-07-04 16:49:44,2022-07-04 16:49:44
1330,137422,1,1,2022-07-03 15:43:34,2022-07-03 15:43:34
1330,137430,1,1,2022-07-04 16:44:30,2022-07-04 16:44:30
1330,137623,1,1,2022-07-01 11:32:49,2022-07-01 11:32:49
1330,138164,1,1,2022-07-16 16:54:20,2022-07-16 16:54:20
1330,138409,1,1,2022-07-25 18:56:40,2022-07-25 18:56:40
1330,138508,1,1,2023-03-17 13:32:47,2023-03-17 13:32:47
1330,138531,1,1,2022-09-01 21:41:33,2022-09-01 21:41:33
1330,139377,1,1,2022-08-30 19:15:08,2022-08-30 19:15:08
1330,139758,1,1,2022-09-08 18:56:15,2022-09-08 18:56:15
1330,140183,1,1,2022-09-07 21:36:31,2022-09-07 21:36:31
1330,140235,1,1,2022-09-10 16:18:41,2022-09-10 16:18:41
1330,140484,1,1,2022-09-16 19:16:36,2022-09-16 19:16:36
1330,140749,1,1,2023-04-02 15:09:24,2023-04-02 15:09:24
1330,140800,1,1,2022-09-26 14:10:34,2022-09-26 14:10:34
1330,140844,1,1,2022-09-30 23:18:02,2022-09-30 23:18:02
1330,140883,1,1,2022-09-28 16:57:49,2022-09-28 16:57:49
1330,140946,1,1,2022-12-08 16:45:49,2022-12-08 16:45:49
1330,141285,1,1,2022-10-08 13:14:49,2022-10-08 13:14:49
1330,141397,1,1,2022-10-15 12:59:48,2022-10-15 12:59:48
1330,141429,2,2,2022-10-14 15:36:51,2023-01-15 15:39:29
1330,141584,1,1,2022-10-17 16:24:56,2022-10-17 16:24:56
1330,141597,1,1,2022-10-17 16:00:40,2022-10-17 16:00:40
1330,141632,1,1,2022-12-21 16:41:18,2022-12-21 16:41:18
1330,141703,1,1,2022-10-19 13:46:47,2022-10-19 13:46:47
1330,142343,1,1,2022-11-06 22:31:25,2022-11-06 22:31:25
1330,142386,1,1,2022-11-05 14:43:28,2022-11-05 14:43:28
1330,142566,1,1,2022-11-09 18:58:39,2022-11-09 18:58:39
1330,142575,1,1,2022-11-09 15:35:43,2022-11-09 15:35:43
1330,142842,1,1,2022-11-17 14:15:51,2022-11-17 14:15:51
1330,142880,1,1,2022-11-20 15:00:59,2022-11-20 15:00:59
1330,143070,1,1,2023-07-06 16:47:51,2023-07-06 16:47:51
1330,143145,1,1,2022-11-23 14:37:52,2022-11-23 14:37:52
1330,143360,1,1,2022-11-30 14:55:01,2022-11-30 14:55:01
1330,143450,1,1,2022-12-02 18:46:34,2022-12-02 18:46:34
1330,143451,1,1,2022-12-02 13:36:55,2022-12-02 13:36:55
1330,143471,1,1,2022-12-09 15:01:11,2022-12-09 15:01:11
1330,143513,1,1,2022-12-06 19:09:51,2022-12-06 19:09:51
1330,143662,2,1,2022-12-08 00:29:29,2022-12-08 15:42:14
1330,143676,2,1,2023-05-08 22:42:31,2023-05-09 14:34:05
1330,143705,1,1,2022-12-27 01:26:49,2022-12-27 01:26:49
1330,143720,1,1,2022-12-12 15:23:53,2022-12-12 15:23:53
1330,143796,1,1,2022-12-12 14:35:28,2022-12-12 14:35:28
1330,143803,1,1,2022-12-13 14:27:53,2022-12-13 14:27:53
1330,143807,2,1,2022-12-12 18:58:53,2022-12-13 16:28:35
1330,143888,1,1,2022-12-14 21:48:22,2022-12-14 21:48:22
1330,143954,1,1,2023-04-13 21:23:02,2023-04-13 21:23:02
1330,144075,1,1,2022-12-25 21:16:36,2022-12-25 21:16:36
1330,144105,1,1,2023-02-14 13:55:18,2023-02-14 13:55:18
1330,144335,1,1,2022-12-28 19:13:31,2022-12-28 19:13:31
1330,144373,1,1,2023-05-19 13:06:16,2023-05-19 13:06:16
1330,144509,1,1,2023-01-05 17:24:55,2023-01-05 17:24:55
1330,144670,1,1,2023-03-09 13:05:38,2023-03-09 13:05:38
1330,144737,1,1,2023-01-11 20:33:37,2023-01-11 20:33:37
1330,144781,1,1,2023-01-16 21:07:59,2023-01-16 21:07:59
1330,145045,1,1,2023-01-21 12:25:14,2023-01-21 12:25:14
1330,145178,1,1,2023-03-30 13:02:57,2023-03-30 13:02:57
1330,145438,1,1,2023-02-08 22:15:50,2023-02-08 22:15:50
1330,145516,1,1,2023-02-02 16:58:07,2023-02-02 16:58:07
1330,145617,1,1,2023-02-05 14:50:11,2023-02-05 14:50:11
1330,145695,1,1,2023-02-08 23:24:59,2023-02-08 23:24:59
1330,145701,1,1,2023-02-08 23:28:17,2023-02-08 23:28:17
1330,145718,1,1,2023-02-12 14:17:59,2023-02-12 14:17:59
1330,145790,2,1,2023-02-10 00:00:56,2023-04-11 16:20:03
1330,146018,2,1,2023-02-16 13:46:45,2023-02-16 19:54:04
1330,146067,1,1,2023-02-17 14:40:38,2023-02-17 14:40:38
1330,146213,1,1,2023-02-25 13:18:33,2023-02-25 13:18:33
1330,146372,1,1,2023-03-01 15:12:46,2023-03-01 15:12:46
1330,146377,1,1,2023-02-26 15:30:04,2023-02-26 15:30:04
1330,147702,1,1,2023-03-08 21:32:43,2023-03-08 21:32:43
1330,147761,1,1,2023-03-11 13:24:53,2023-03-11 13:24:53
1330,147868,1,1,2023-03-27 15:17:11,2023-03-27 15:17:11
1330,148020,2,1,2023-03-20 10:28:15,2023-03-21 13:44:08
1330,148059,1,1,2023-03-19 13:27:41,2023-03-19 13:27:41
1330,148064,1,1,2023-04-01 14:06:41,2023-04-01 14:06:41
1330,148121,1,1,2023-03-20 15:06:46,2023-03-20 15:06:46
1330,148193,1,1,2023-03-22 18:59:35,2023-03-22 18:59:35
1330,148305,1,1,2023-03-31 21:59:17,2023-03-31 21:59:17
1330,148702,1,1,2023-08-09 14:24:56,2023-08-09 14:24:56
1330,148855,1,1,2023-04-17 15:23:05,2023-04-17 15:23:05
1330,148962,1,1,2023-04-17 15:16:29,2023-04-17 15:16:29
1330,149102,1,1,2023-04-22 18:09:59,2023-04-22 18:09:59
1330,149277,1,1,2023-04-28 12:41:11,2023-04-28 12:41:11
1330,149761,1,1,2023-06-04 23:14:24,2023-06-04 23:14:24
1330,150257,1,0,2024-11-12 12:02:14,2024-11-12 12:02:14
1330,151462,1,1,2023-07-17 13:16:30,2023-07-17 13:16:30
1330,163650,1,1,2024-06-17 14:18:13,2024-06-17 14:18:13
1330,165146,1,1,2024-07-08 17:18:32,2024-07-08 17:18:32
1426,54661,1,1,2021-02-20 10:39:55,2021-02-20 10:39:55
1426,80221,1,1,2021-01-11 01:54:53,2021-01-11 01:54:53
1426,91480,9,0,2021-01-11 11:36:41,2021-01-13 14:42:38
1426,92049,1,1,2021-02-20 10:36:35,2021-02-20 10:36:35
1426,93830,4,1,2021-01-11 11:46:27,2021-01-11 12:04:49
1426,95511,1,1,2021-01-11 21:35:12,2021-01-11 21:35:12
1426,104153,1,1,2021-01-11 21:29:23,2021-01-11 21:29:23
1426,104523,2,0,2021-01-12 11:19:02,2021-01-12 12:20:40
1426,105502,1,1,2021-02-20 11:17:40,2021-02-20 11:17:40
1426,109587,3,1,2021-01-17 12:49:54,2021-01-18 18:45:40
1426,109633,1,1,2021-02-04 20:16:04,2021-02-04 20:16:04
1426,109836,1,1,2021-02-20 11:09:02,2021-02-20 11:09:02
1426,110195,1,1,2021-01-12 10:13:11,2021-01-12 10:13:11
1426,110334,1,1,2021-01-14 14:55:27,2021-01-14 14:55:27
1426,112154,1,0,2021-02-20 10:55:28,2021-02-20 10:55:28
1426,112254,4,0,2021-02-22 13:03:27,2021-02-24 17:14:34
1426,113474,1,1,2021-03-17 16:33:54,2021-03-17 16:33:54
2455,119091,1,0,2022-01-31 12:28:23,2022-01-31 12:28:23
2459,58090,1,1,2021-07-01 21:02:24,2021-07-01 21:02:24
2459,85237,2,1,2021-05-23 19:32:07,2021-05-23 19:33:47
2459,118100,1,1,2021-05-22 09:09:58,2021-05-22 09:09:58
2459,118124,1,1,2021-05-22 08:07:18,2021-05-22 08:07:18
2459,118125,1,1,2021-05-22 08:21:48,2021-05-22 08:21:48
2459,118201,1,1,2021-05-23 19:13:02,2021-05-23 19:13:02
2459,120082,1,1,2021-07-01 21:10:49,2021-07-01 21:10:49
2459,120740,1,1,2021-07-15 05:03:45,2021-07-15 05:03:45
2515,106808,1,0,2021-03-05 18:42:31,2021-03-05 18:42:31
2515,111411,1,1,2021-03-02 21:56:37,2021-03-02 21:56:37
2515,112011,1,1,2021-02-18 19:41:29,2021-02-18 19:41:29
2515,112114,5,0,2021-02-19 05:59:49,2021-02-24 04:56:31
2523,85759,1,0,2022-03-21 20:56:30,2022-03-21 20:56:30
2523,125856,1,0,2021-09-29 19:07:53,2021-09-29 19:07:53
2523,158627,8,0,2024-01-07 22:00:17,2024-01-07 22:16:26
2539,303,1,0,2024-03-15 00:59:45,2024-03-15 00:59:45
2549,108739,1,0,2020-12-14 11:12:24,2020-12-14 11:12:24
2573,108628,1,0,2021-01-08 10:22:25,2021-01-08 10:22:25
2573,152068,1,1,2023-08-01 08:12:29,2023-08-01 08:12:29
2576,60847,1,1,2021-02-21 09:28:17,2021-02-21 09:28:17
2576,111618,1,0,2024-10-12 06:59:32,2024-10-12 06:59:32
2584,8560,1,0,2022-12-05 16:11:41,2022-12-05 16:11:41
2590,120009,1,0,2023-08-07 12:33:45,2023-08-07 12:33:45
2590,153416,3,1,2023-08-07 10:19:46,2023-08-08 09:15:14
2621,111775,2,1,2021-02-12 11:54:34,2021-02-13 09:06:38
2680,110964,1,1,2021-01-28 13:03:34,2021-01-28 13:03:34
2853,7730,2,0,2024-11-18 12:26:32,2024-11-18 13:12:39
2853,38887,4,0,2025-08-06 15:49:02,2026-03-27 13:52:20
2853,56811,1,0,2024-01-18 10:45:39,2024-01-18 10:45:39
2853,64377,2,0,2021-04-16 17:51:56,2021-04-17 08:03:01
2853,64876,2,0,2024-07-22 08:47:22,2024-07-22 08:55:07
2853,69395,1,0,2026-02-23 10:20:58,2026-02-23 10:20:58
2853,73930,1,0,2021-11-30 13:57:32,2021-11-30 13:57:32
2853,77714,1,0,2023-07-06 08:41:19,2023-07-06 08:41:19
2853,96653,1,0,2022-07-30 07:36:11,2022-07-30 07:36:11
2853,108060,1,0,2021-03-29 09:35:32,2021-03-29 09:35:32
2853,110964,1,1,2021-01-28 07:58:51,2021-01-28 07:58:51
2853,116983,1,0,2025-09-04 20:50:00,2025-09-04 20:50:00
2853,119136,1,0,2022-04-18 18:05:59,2022-04-18 18:05:59
2853,123598,1,0,2021-08-29 13:22:14,2021-08-29 13:22:14
2853,127992,1,0,2021-11-25 14:54:10,2021-11-25 14:54:10
2853,136558,1,0,2022-11-09 08:18:44,2022-11-09 08:18:44
2853,136814,1,0,2022-07-30 07:37:54,2022-07-30 07:37:54
2853,137136,1,0,2025-04-02 11:12:28,2025-04-02 11:12:28
2853,138038,2,0,2022-09-30 17:05:06,2022-10-02 07:12:35
2853,138508,1,0,2022-11-10 09:48:59,2022-11-10 09:48:59
2853,138661,1,1,2022-07-30 07:35:12,2022-07-30 07:35:12
2853,140484,1,0,2022-09-16 12:31:34,2022-09-16 12:31:34
2853,149789,1,1,2023-05-12 22:02:36,2023-05-12 22:02:36
2853,151671,1,1,2024-07-24 08:17:07,2024-07-24 08:17:07
2853,192362,1,1,2026-03-13 16:38:38,2026-03-13 16:38:38
2853,192619,1,0,2026-02-23 10:22:35,2026-02-23 10:22:35
2853,193405,1,1,2026-04-28 06:31:04,2026-04-28 06:31:04
2853,193661,1,1,2026-05-10 14:04:26,2026-05-10 14:04:26
2912,131550,1,1,2022-08-18 14:09:02,2022-08-18 14:09:02
2961,117530,1,1,2021-05-12 08:12:30,2021-05-12 08:12:30
2975,68069,1,0,2022-06-13 13:14:57,2022-06-13 13:14:57
2975,133308,1,1,2022-05-10 19:36:37,2022-05-10 19:36:37
2975,143692,2,1,2022-12-08 16:39:50,2022-12-09 20:58:34
3036,110294,1,0,2021-01-14 05:04:47,2021-01-14 05:04:47
3070,51069,2,1,2021-11-12 17:37:47,2021-11-12 20:53:13
3070,57835,1,0,2022-03-11 19:49:31,2022-03-11 19:49:31
3070,64876,5,1,2022-03-19 00:37:57,2022-03-19 19:29:56
3070,79520,1,0,2022-11-02 19:55:05,2022-11-02 19:55:05
3070,90615,1,0,2022-05-31 18:15:35,2022-05-31 18:15:35
3070,95548,1,1,2021-09-23 16:17:33,2021-09-23 16:17:33
3070,98970,1,0,2021-12-07 17:28:31,2021-12-07 17:28:31
3070,107282,1,0,2022-04-10 22:46:27,2022-04-10 22:46:27
3070,108739,1,1,2020-12-16 19:38:36,2020-12-16 19:38:36
3070,109167,1,1,2021-03-13 16:49:38,2021-03-13 16:49:38
3070,112581,2,1,2021-03-08 19:57:40,2021-03-09 19:43:36
3070,112775,1,0,2021-03-05 03:22:42,2021-03-05 03:22:42
3070,119921,1,0,2021-11-18 19:43:59,2021-11-18 19:43:59
3070,120675,1,1,2021-07-13 17:31:28,2021-07-13 17:31:28
3070,122614,1,0,2022-07-28 05:37:59,2022-07-28 05:37:59
3070,122972,2,0,2022-05-18 05:08:38,2022-05-19 21:00:03
3070,127992,1,0,2021-11-24 21:13:17,2021-11-24 21:13:17
3070,133501,2,1,2022-03-15 17:31:34,2022-03-17 02:41:10
3070,135582,1,0,2022-05-13 16:08:15,2022-05-13 16:08:15
3070,136877,1,0,2022-06-13 15:17:34,2022-06-13 15:17:34
3443,116106,2,0,2023-06-16 13:28:39,2023-06-18 06:53:22
3566,180420,1,1,2025-04-11 21:20:03,2025-04-11 21:20:03
3615,101228,1,1,2022-04-06 13:00:01,2022-04-06 13:00:01
3615,108467,1,1,2021-07-24 08:42:40,2021-07-24 08:42:40
4683,7812,1,1,2021-07-06 19:57:26,2021-07-06 19:57:26
4683,21072,2,1,2021-07-01 15:26:15,2021-07-04 17:22:11
4683,58155,1,1,2021-07-06 19:48:28,2021-07-06 19:48:28
4683,80461,1,1,2021-07-01 16:04:32,2021-07-01 16:04:32
4683,85025,1,0,2021-07-01 15:38:20,2021-07-01 15:38:20
4683,111496,1,1,2021-07-01 15:52:00,2021-07-01 15:52:00
4683,115447,1,1,2021-07-06 19:51:28,2021-07-06 19:51:28
4683,116631,1,1,2021-07-04 17:16:20,2021-07-04 17:16:20
4683,120088,1,1,2021-07-01 15:42:06,2021-07-01 15:42:06
4683,120341,1,0,2021-07-06 19:39:13,2021-07-06 19:39:13
4724,90634,1,0,2022-12-04 17:02:11,2022-12-04 17:02:11
4799,153809,1,0,2025-06-02 20:15:59,2025-06-02 20:15:59
4799,183404,2,0,2025-05-30 00:12:28,2025-05-31 15:55:20
5211,76137,1,1,2021-02-05 16:22:07,2021-02-05 16:22:07
5211,82999,1,1,2021-02-05 16:49:53,2021-02-05 16:49:53
5268,137112,1,1,2022-06-20 19:15:48,2022-06-20 19:15:48
5268,137136,1,0,2022-06-20 19:18:55,2022-06-20 19:18:55
6550,303,1,1,2024-02-08 14:15:57,2024-02-08 14:15:57
6550,1330,1,0,2022-07-01 14:00:18,2022-07-01 14:00:18
6550,8552,1,0,2022-07-01 19:28:19,2022-07-01 19:28:19
6550,10777,1,0,2022-05-13 20:16:33,2022-05-13 20:16:33
6550,14675,2,0,2023-03-31 10:21:04,2023-03-31 11:04:13
6550,23204,1,0,2021-02-05 11:35:01,2021-02-05 11:35:01
6550,25640,1,0,2021-10-07 07:57:58,2021-10-07 07:57:58
6550,26019,1,1,2023-04-13 19:38:37,2023-04-13 19:38:37
6550,30238,1,0,2022-01-30 09:35:11,2022-01-30 09:35:11
6550,35644,1,0,2022-05-13 15:13:14,2022-05-13 15:13:14
6550,37272,1,0,2023-09-22 11:16:29,2023-09-22 11:16:29
6550,38353,1,0,2024-08-24 04:55:40,2024-08-24 04:55:40
6550,39236,2,0,2022-06-23 08:01:24,2022-06-23 08:09:07
6550,39982,1,0,2025-04-17 06:03:27,2025-04-17 06:03:27
6550,42439,1,1,2023-01-19 07:25:04,2023-01-19 07:25:04
6550,46630,1,1,2023-08-11 07:02:35,2023-08-11 07:02:35
6550,50874,3,1,2022-04-07 14:20:39,2022-04-11 12:39:37
6550,51670,1,0,2021-02-12 08:47:31,2021-02-12 08:47:31
6550,51836,2,0,2024-05-17 16:13:23,2024-05-18 12:02:47
6550,53451,1,1,2021-03-19 08:23:48,2021-03-19 08:23:48
6550,60620,1,0,2021-11-12 09:27:04,2021-11-12 09:27:04
6550,61884,1,0,2023-11-10 13:34:47,2023-11-10 13:34:47
6550,62610,1,1,2025-03-06 10:38:39,2025-03-06 10:38:39
6550,63745,1,1,2022-04-07 10:35:49,2022-04-07 10:35:49
6550,64377,1,0,2025-05-02 09:42:12,2025-05-02 09:42:12
6550,64793,1,1,2021-12-17 11:59:56,2021-12-17 11:59:56
6550,66839,1,0,2021-12-29 17:16:13,2021-12-29 17:16:13
6550,73513,1,0,2024-03-15 13:56:09,2024-03-15 13:56:09
6550,75157,1,0,2023-06-11 15:16:09,2023-06-11 15:16:09
6550,78042,1,0,2022-02-11 13:05:07,2022-02-11 13:05:07
6550,86273,1,0,2023-08-24 18:34:32,2023-08-24 18:34:32
6550,87995,3,0,2022-11-01 15:07:44,2022-11-04 12:04:09
6550,97477,1,0,2021-03-02 21:13:10,2021-03-02 21:13:10
6550,97556,2,1,2024-01-12 12:12:18,2024-01-12 12:35:18
6550,98402,1,0,2023-02-24 08:04:42,2023-02-24 08:04:42
6550,100269,1,0,2021-11-21 11:30:09,2021-11-21 11:30:09
6550,105245,1,0,2022-12-01 11:01:32,2022-12-01 11:01:32
6550,106092,2,0,2023-07-14 06:32:29,2023-07-18 10:25:01
6550,106438,1,0,2021-09-23 15:59:26,2021-09-23 15:59:26
6550,107002,1,1,2025-02-22 17:05:56,2025-02-22 17:05:56
6550,108528,1,0,2020-12-10 15:56:28,2020-12-10 15:56:28
6550,109091,1,0,2024-05-24 09:57:54,2024-05-24 09:57:54
6550,109592,1,0,2021-01-14 11:54:04,2021-01-14 11:54:04
6550,110027,1,0,2021-01-09 09:09:51,2021-01-09 09:09:51
6550,110135,1,0,2021-01-14 11:30:44,2021-01-14 11:30:44
6550,110309,1,0,2021-01-21 20:43:27,2021-01-21 20:43:27
6550,110873,1,0,2021-10-22 18:21:44,2021-10-22 18:21:44
6550,110964,1,0,2021-01-28 11:53:03,2021-01-28 11:53:03
6550,112321,1,0,2021-02-26 10:02:58,2021-02-26 10:02:58
6550,115290,1,0,2022-05-20 09:46:29,2022-05-20 09:46:29
6550,116251,1,0,2021-04-23 06:53:52,2021-04-23 06:53:52
6550,116631,2,0,2021-04-25 14:09:09,2021-04-25 14:26:32
6550,117032,1,0,2022-11-17 09:53:26,2022-11-17 09:53:26
6550,117255,1,1,2021-05-15 12:30:03,2021-05-15 12:30:03
6550,117530,1,1,2021-05-22 09:31:28,2021-05-22 09:31:28
6550,119043,1,0,2023-03-18 11:52:21,2023-03-18 11:52:21
6550,119086,1,0,2022-03-10 13:17:10,2022-03-10 13:17:10
6550,119159,1,0,2021-06-18 07:05:47,2021-06-18 07:05:47
6550,119321,1,0,2021-06-18 06:07:27,2021-06-18 06:07:27
6550,119436,1,1,2023-03-24 12:14:34,2023-03-24 12:14:34
6550,119781,2,0,2022-02-11 13:00:17,2022-02-11 19:02:31
6550,119838,1,0,2021-12-28 08:40:21,2021-12-28 08:40:21
6550,119921,1,0,2021-12-17 10:31:19,2021-12-17 10:31:19
6550,120151,1,0,2021-07-02 07:05:10,2021-07-02 07:05:10
6550,120783,1,0,2021-12-28 08:37:26,2021-12-28 08:37:26
6550,121194,1,0,2021-11-21 11:32:10,2021-11-21 11:32:10
6550,121222,1,0,2022-04-03 11:31:09,2022-04-03 11:31:09
6550,122822,1,0,2021-10-15 14:50:58,2021-10-15 14:50:58
6550,123338,1,1,2022-12-09 14:05:36,2022-12-09 14:05:36
6550,125386,1,0,2021-10-07 15:12:30,2021-10-07 15:12:30
6550,126024,2,0,2021-10-03 18:36:17,2021-10-04 19:23:46
6550,126327,1,0,2021-10-18 07:05:32,2021-10-18 07:05:32
6550,126806,1,0,2021-10-29 10:50:35,2021-10-29 10:50:35
6550,127094,1,0,2021-11-04 10:46:06,2021-11-04 10:46:06
6550,127506,2,1,2021-11-13 08:17:27,2022-03-25 16:04:57
6550,127529,1,1,2021-11-11 19:43:53,2021-11-11 19:43:53
6550,127550,1,0,2021-11-11 10:00:13,2021-11-11 10:00:13
6550,128186,1,1,2021-11-26 09:17:55,2021-11-26 09:17:55
6550,128670,1,0,2021-12-17 10:51:09,2021-12-17 10:51:09
6550,131258,1,1,2023-08-24 18:49:00,2023-08-24 18:49:00
6550,131637,2,0,2022-02-03 09:20:45,2022-02-04 13:41:13
6550,132123,1,0,2022-12-01 11:18:09,2022-12-01 11:18:09
6550,133013,1,0,2022-06-10 07:41:49,2022-06-10 07:41:49
6550,134821,1,1,2022-05-05 10:20:59,2022-05-05 10:20:59
6550,135235,1,1,2022-05-02 07:31:33,2022-05-02 07:31:33
6550,135590,2,0,2022-05-13 08:29:01,2022-05-13 19:47:36
6550,135738,3,0,2022-05-20 09:33:25,2022-05-26 08:26:46
6550,136889,1,0,2022-07-06 06:14:47,2022-07-06 06:14:47
6550,136909,1,0,2022-06-23 07:52:07,2022-06-23 07:52:07
6550,137476,1,0,2022-07-06 06:25:38,2022-07-06 06:25:38
6550,137623,2,0,2022-07-01 08:42:39,2022-07-01 14:05:45
6550,138002,1,1,2022-07-21 07:19:42,2022-07-21 07:19:42
6550,139485,1,1,2025-01-01 13:53:00,2025-01-01 13:53:00
6550,141432,4,1,2023-01-21 15:51:18,2023-01-27 14:57:34
6550,141814,2,0,2022-11-03 07:38:48,2022-11-03 07:51:50
6550,141822,2,1,2022-10-21 13:13:05,2022-10-21 13:15:22
6550,141976,3,1,2022-10-27 09:36:50,2022-10-28 18:48:41
6550,142475,1,0,2022-12-02 11:08:12,2022-12-02 11:08:12
6550,142852,1,0,2024-01-18 14:35:12,2024-01-18 14:35:12
6550,143888,2,0,2023-10-05 09:47:12,2023-10-05 10:11:02
6550,144931,1,0,2023-06-09 08:12:45,2023-06-09 08:12:45
6550,144943,1,1,2023-01-27 08:24:57,2023-01-27 08:24:57
6550,145714,1,0,2023-11-10 15:05:51,2023-11-10 15:05:51
6550,145718,1,0,2023-02-11 17:18:25,2023-02-11 17:18:25
6550,145979,1,1,2023-08-03 14:04:14,2023-08-03 14:04:14
6550,148814,1,0,2023-04-13 19:30:02,2023-04-13 19:30:02
6550,150257,1,0,2025-03-15 06:40:36,2025-03-15 06:40:36
6550,150665,1,0,2024-01-18 17:18:36,2024-01-18 17:18:36
6550,150913,2,0,2024-07-25 12:25:05,2024-07-25 12:29:21
6550,151072,2,0,2023-06-22 13:55:09,2023-06-23 12:51:10
6550,151963,1,0,2023-07-20 16:20:14,2023-07-20 16:20:14
6550,152189,1,0,2023-08-03 18:05:47,2023-08-03 18:05:47
6550,153835,1,0,2023-08-24 18:39:51,2023-08-24 18:39:51
6550,154637,1,0,2025-02-27 14:47:02,2025-02-27 14:47:02
6550,156251,1,1,2023-11-17 08:19:01,2023-11-17 08:19:01
6550,156939,2,1,2023-12-08 12:08:11,2023-12-08 14:42:10
6550,158890,1,0,2024-01-21 19:37:38,2024-01-21 19:37:38
6550,159803,1,1,2024-11-21 14:34:40,2024-11-21 14:34:40
6550,161232,3,0,2024-03-07 14:57:07,2024-03-08 10:58:15
6550,161336,1,0,2024-03-07 16:57:08,2024-03-07 16:57:08
6550,163456,1,0,2024-06-13 08:10:18,2024-06-13 08:10:18
6550,163885,1,0,2024-06-14 07:59:46,2024-06-14 07:59:46
6550,164293,1,0,2024-07-05 05:57:27,2024-07-05 05:57:27
6550,165714,1,0,2024-07-25 11:39:49,2024-07-25 11:39:49
6550,166185,1,1,2024-07-25 14:33:57,2024-07-25 14:33:57
6550,169179,2,0,2024-09-21 08:00:31,2024-09-21 08:38:03
6550,171245,1,1,2024-11-08 14:59:46,2024-11-08 14:59:46
6550,171386,1,0,2024-12-19 09:20:17,2024-12-19 09:20:17
6550,173962,1,1,2024-12-19 10:30:03,2024-12-19 10:30:03
6550,175582,1,0,2024-12-30 20:48:37,2024-12-30 20:48:37
6550,176080,1,0,2025-01-11 21:51:03,2025-01-11 21:51:03
6550,176413,1,0,2025-01-16 13:59:40,2025-01-16 13:59:40
6550,178194,1,1,2025-02-22 12:49:23,2025-02-22 12:49:23
6550,178892,1,0,2025-03-08 10:02:18,2025-03-08 10:02:18
6550,178953,1,0,2025-03-14 11:35:38,2025-03-14 11:35:38
6550,179639,1,0,2025-03-27 12:23:31,2025-03-27 12:23:31
6550,180417,3,1,2025-04-24 06:36:53,2025-04-26 06:50:54
6550,180728,1,0,2025-04-18 07:48:32,2025-04-18 07:48:32
6550,183691,1,0,2025-06-06 12:06:30,2025-06-06 12:06:30
6550,184172,1,0,2025-06-24 11:07:13,2025-06-24 11:07:13
6562,14675,1,0,2023-02-20 18:41:22,2023-02-20 18:41:22
6614,139235,2,1,2023-04-04 18:05:13,2023-04-04 19:51:17
6614,148578,1,0,2023-04-02 22:24:53,2023-04-02 22:24:53
7714,23437,1,0,2021-04-21 14:31:41,2021-04-21 14:31:41
7714,116429,1,0,2021-04-21 14:30:00,2021-04-21 14:30:00
7730,21,2,0,2024-11-23 13:39:38,2024-11-23 19:13:52
7730,303,3,0,2025-01-28 12:33:33,2025-09-13 08:49:03
7730,1103,1,0,2024-12-17 17:26:37,2024-12-17 17:26:37
7730,10814,2,1,2024-11-26 10:13:50,2024-11-27 12:04:35
7730,13417,1,1,2024-11-05 18:18:29,2024-11-05 18:18:29
7730,17815,3,1,2025-07-22 16:18:08,2025-07-22 16:49:30
7730,30464,1,0,2025-10-15 13:57:33,2025-10-15 13:57:33
7730,37045,1,1,2025-10-10 21:30:48,2025-10-10 21:30:48
7730,37140,1,0,2025-10-13 21:12:20,2025-10-13 21:12:20
7730,38353,1,0,2025-09-03 06:53:02,2025-09-03 06:53:02
7730,38887,2,0,2025-09-14 21:17:24,2026-03-26 09:08:18
7730,43000,1,0,2025-03-25 20:54:08,2025-03-25 20:54:08
7730,49375,1,0,2024-12-17 19:43:02,2024-12-17 19:43:02
7730,49700,2,1,2025-10-09 23:42:09,2025-10-09 23:46:54
7730,54292,1,0,2024-12-02 12:48:08,2024-12-02 12:48:08
7730,59085,1,0,2025-09-22 08:44:27,2025-09-22 08:44:27
7730,61991,1,1,2024-12-12 12:29:02,2024-12-12 12:29:02
7730,64876,1,0,2021-06-04 20:34:33,2021-06-04 20:34:33
7730,67278,1,1,2024-10-26 18:03:35,2024-10-26 18:03:35
7730,69263,1,0,2024-11-19 10:19:46,2024-11-19 10:19:46
7730,69841,2,1,2026-02-06 21:53:50,2026-02-07 00:17:01
7730,70546,1,1,2025-10-06 19:27:29,2025-10-06 19:27:29
7730,70832,1,1,2025-07-20 17:10:51,2025-07-20 17:10:51
7730,73930,1,0,2025-02-04 16:35:19,2025-02-04 16:35:19
7730,74497,3,1,2025-07-18 15:38:51,2025-07-20 17:44:01
7730,74649,2,0,2025-08-02 12:48:06,2025-08-20 12:14:27
7730,79111,1,0,2025-10-01 04:29:51,2025-10-01 04:29:51
7730,83361,2,1,2025-07-21 20:00:59,2025-07-21 21:41:13
7730,91724,11,8,2026-01-26 15:54:57,2026-02-06 20:35:05
7730,103501,1,1,2024-11-28 19:55:27,2024-11-28 19:55:27
7730,109836,1,1,2026-02-22 00:08:42,2026-02-22 00:08:42
7730,111800,1,1,2024-11-08 20:34:50,2024-11-08 20:34:50
7730,114973,1,1,2021-05-21 22:43:42,2021-05-21 22:43:42
7730,117882,4,1,2021-05-18 21:08:51,2021-05-21 08:43:41
7730,118775,1,1,2021-06-04 20:32:09,2021-06-04 20:32:09
7730,119140,1,0,2025-08-30 13:44:05,2025-08-30 13:44:05
7730,122302,1,1,2025-07-18 12:06:37,2025-07-18 12:06:37
7730,122880,6,1,2025-09-17 16:54:57,2025-10-28 05:24:23
7730,122949,1,1,2026-03-26 09:48:02,2026-03-26 09:48:02
7730,123689,2,0,2025-10-14 20:54:19,2025-10-14 20:54:37
7730,127433,1,1,2025-02-11 12:41:17,2025-02-11 12:41:17
7730,127824,6,1,2025-08-18 18:25:31,2025-09-03 11:50:47
7730,130457,1,0,2026-01-12 12:21:11,2026-01-12 12:21:11
7730,131669,1,1,2025-12-24 14:05:11,2025-12-24 14:05:11
7730,133753,1,1,2026-03-21 15:02:27,2026-03-21 15:02:27
7730,134712,1,1,2025-08-02 11:31:45,2025-08-02 11:31:45
7730,134857,1,1,2024-11-06 14:31:48,2024-11-06 14:31:48
7730,137136,1,0,2025-02-07 20:59:29,2025-02-07 20:59:29
7730,137397,1,1,2024-12-17 17:10:26,2024-12-17 17:10:26
7730,138705,1,1,2025-10-09 19:53:11,2025-10-09 19:53:11
7730,139223,2,1,2025-04-11 12:14:03,2025-04-22 09:07:16
7730,140117,1,1,2024-11-27 15:38:40,2024-11-27 15:38:40
7730,146120,4,1,2025-10-04 20:20:25,2025-10-07 18:45:13
7730,149277,1,1,2025-07-19 16:51:14,2025-07-19 16:51:14
7730,150257,9,3,2024-11-18 13:36:03,2025-07-20 17:54:05
7730,153809,6,0,2024-12-24 16:03:57,2025-10-12 10:46:37
7730,155336,2,1,2024-12-06 10:56:41,2024-12-06 17:54:07
7730,156322,1,1,2025-08-30 13:53:31,2025-08-30 13:53:31
7730,159007,1,0,2024-11-18 19:05:32,2024-11-18 19:05:32
7730,159123,1,0,2025-08-19 18:31:58,2025-08-19 18:31:58
7730,159445,1,1,2025-02-10 13:54:28,2025-02-10 13:54:28
7730,159803,1,0,2024-11-23 16:38:04,2024-11-23 16:38:04
7730,161730,1,0,2025-03-27 22:18:52,2025-03-27 22:18:52
7730,164133,1,0,2025-09-23 13:59:22,2025-09-23 13:59:22
7730,164976,1,1,2024-10-26 16:06:29,2024-10-26 16:06:29
7730,165476,1,1,2024-11-14 11:07:34,2024-11-14 11:07:34
7730,167113,1,1,2025-09-12 22:19:29,2025-09-12 22:19:29
7730,167936,1,1,2025-08-18 16:39:20,2025-08-18 16:39:20
7730,171036,1,1,2025-08-31 08:15:51,2025-08-31 08:15:51
7730,171145,1,1,2025-12-27 15:56:30,2025-12-27 15:56:30
7730,172848,1,1,2024-11-11 15:30:05,2024-11-11 15:30:05
7730,173315,1,0,2024-11-19 12:41:35,2024-11-19 12:41:35
7730,173322,1,0,2024-11-17 10:08:08,2024-11-17 10:08:08
7730,173425,3,1,2024-11-23 13:56:05,2024-12-22 11:13:16
7730,173535,1,0,2024-11-20 20:28:03,2024-11-20 20:28:03
7730,173655,2,1,2024-11-23 14:31:17,2024-11-23 15:02:39
7730,173739,2,1,2024-11-26 16:35:21,2024-11-27 12:07:48
7730,173774,1,1,2024-11-28 17:06:57,2024-11-28 17:06:57
7730,173879,3,1,2024-11-27 07:48:19,2024-11-28 12:44:19
7730,173923,1,1,2024-11-28 09:28:08,2024-11-28 09:28:08
7730,173924,1,1,2024-11-27 12:27:33,2024-11-27 12:27:33
7730,173999,1,1,2024-11-28 12:54:01,2024-11-28 12:54:01
7730,174078,3,0,2024-11-29 18:47:13,2024-11-30 22:38:35
7730,174095,4,1,2024-11-29 20:26:48,2024-11-30 12:49:01
7730,174833,2,1,2024-12-12 12:34:32,2024-12-12 12:45:55
7730,174915,1,1,2024-12-14 11:12:19,2024-12-14 11:12:19
7730,174918,2,1,2024-12-18 17:11:06,2024-12-18 17:52:09
7730,175018,1,0,2024-12-17 18:09:04,2024-12-17 18:09:04
7730,175064,1,1,2024-12-18 16:30:09,2024-12-18 16:30:09
7730,175199,6,0,2024-12-20 15:43:54,2024-12-22 11:28:58
7730,175250,2,0,2024-12-21 15:22:54,2024-12-21 17:38:19
7730,175330,1,0,2024-12-23 10:16:59,2024-12-23 10:16:59
7730,175481,1,1,2024-12-27 16:12:34,2024-12-27 16:12:34
7730,176413,1,1,2025-01-21 19:56:44,2025-01-21 19:56:44
7730,176787,7,0,2025-02-27 09:42:00,2025-09-02 19:12:10
7730,177282,1,0,2025-02-04 16:32:44,2025-02-04 16:32:44
7730,177524,1,0,2025-02-07 20:39:29,2025-02-07 20:39:29
7730,177656,1,0,2025-02-11 12:11:29,2025-02-11 12:11:29
7730,177670,2,1,2025-02-11 13:44:26,2025-02-11 18:51:21
7730,178567,1,0,2025-03-06 19:41:19,2025-03-06 19:41:19
7730,178880,1,1,2025-05-23 17:57:32,2025-05-23 17:57:32
7730,179113,1,1,2025-03-29 13:53:27,2025-03-29 13:53:27
7730,179188,1,1,2025-03-25 13:44:47,2025-03-25 13:44:47
7730,179199,1,1,2025-03-25 10:28:16,2025-03-25 10:28:16
7730,179307,1,0,2025-04-03 12:52:04,2025-04-03 12:52:04
7730,179592,1,1,2025-04-05 14:41:15,2025-04-05 14:41:15
7730,181200,2,1,2025-05-02 16:41:30,2025-05-02 17:51:39
7730,181475,1,1,2025-05-16 16:50:08,2025-05-16 16:50:08
7730,181855,1,1,2025-05-19 18:51:39,2025-05-19 18:51:39
7730,182112,1,1,2025-07-18 18:13:00,2025-07-18 18:13:00
7730,183523,1,1,2025-06-03 12:10:29,2025-06-03 12:10:29
7730,183570,1,1,2025-09-14 09:08:00,2025-09-14 09:08:00
7730,183753,1,1,2025-06-08 12:57:28,2025-06-08 12:57:28
7730,184516,3,0,2025-10-02 22:45:00,2025-10-03 00:09:15
7730,185318,1,1,2025-07-23 14:05:07,2025-07-23 14:05:07
7730,185488,1,1,2025-07-29 18:37:09,2025-07-29 18:37:09
7730,185631,1,1,2025-08-03 17:38:40,2025-08-03 17:38:40
7730,185964,1,0,2025-08-16 16:19:07,2025-08-16 16:19:07
7730,186083,1,1,2025-08-30 17:56:39,2025-08-30 17:56:39
7730,186116,1,0,2025-10-15 10:30:25,2025-10-15 10:30:25
7730,186297,1,1,2025-09-02 13:58:35,2025-09-02 13:58:35
7730,186419,3,1,2025-09-06 18:53:55,2025-09-07 11:05:16
7730,186584,1,1,2025-09-14 08:37:55,2025-09-14 08:37:55
7730,186593,1,1,2025-12-24 14:41:06,2025-12-24 14:41:06
7730,186896,1,0,2025-09-21 21:39:14,2025-09-21 21:39:14
7730,186967,2,0,2025-09-22 08:42:05,2025-09-22 08:50:16
7730,187079,1,1,2025-10-09 12:58:14,2025-10-09 12:58:14
7730,187134,2,1,2025-10-05 13:53:29,2025-10-05 19:30:57
7730,187178,1,0,2025-10-07 21:49:26,2025-10-07 21:49:26
7730,187196,1,0,2025-10-08 15:07:44,2025-10-08 15:07:44
7730,187266,1,0,2025-10-07 17:58:21,2025-10-07 17:58:21
7730,187295,2,0,2025-10-08 13:26:21,2025-10-08 13:26:50
7730,187300,1,1,2025-10-12 13:12:00,2025-10-12 13:12:00
7730,187323,1,1,2025-10-10 23:04:21,2025-10-10 23:04:21
7730,187335,1,0,2025-10-12 19:25:19,2025-10-12 19:25:19
7730,187398,1,0,2025-10-14 12:34:45,2025-10-14 12:34:45
7730,189723,2,1,2025-12-04 10:47:33,2025-12-24 13:48:53
7730,189913,1,1,2026-02-27 17:49:02,2026-02-27 17:49:02
7730,190585,5,1,2026-03-24 21:20:37,2026-03-26 19:07:46
7730,191961,1,1,2026-02-22 16:54:39,2026-02-22 16:54:39
7730,192000,1,0,2026-01-12 12:12:47,2026-01-12 12:12:47
7730,192684,1,1,2026-02-26 22:27:53,2026-02-26 22:27:53
7730,193348,1,1,2026-04-24 11:50:05,2026-04-24 11:50:05
7730,193648,1,0,2026-05-13 16:09:28,2026-05-13 16:09:28
7919,149117,1,1,2023-04-26 07:02:45,2023-04-26 07:02:45
7950,121222,1,1,2023-01-21 07:24:12,2023-01-21 07:24:12
7950,149935,1,1,2023-05-18 15:39:49,2023-05-18 15:39:49
8005,115807,1,1,2023-04-14 01:36:24,2023-04-14 01:36:24
8041,152192,1,0,2023-07-31 18:10:14,2023-07-31 18:10:14
8052,64553,1,1,2021-04-28 08:40:47,2021-04-28 08:40:47
8052,115434,1,1,2021-04-28 08:35:09,2021-04-28 08:35:09
8365,27780,1,1,2026-06-20 16:26:35,2026-06-20 16:26:35
8365,104697,1,1,2024-10-24 14:27:16,2024-10-24 14:27:16
8365,117561,1,1,2024-07-06 15:08:07,2024-07-06 15:08:07
8365,130679,1,0,2024-03-25 09:50:27,2024-03-25 09:50:27
8365,130807,2,1,2022-12-02 06:58:52,2022-12-02 07:15:07
8365,135272,1,1,2025-04-05 18:12:49,2025-04-05 18:12:49
8365,138833,1,1,2026-06-20 15:58:15,2026-06-20 15:58:15
8365,145385,1,1,2026-09-25 12:22:03,2026-09-25 12:22:03
8365,151885,1,1,2023-07-18 19:41:21,2023-07-18 19:41:21
8365,172254,1,0,2024-11-04 11:04:54,2024-11-04 11:04:54
8416,150257,1,0,2023-06-05 14:35:18,2023-06-05 14:35:18
8417,25696,1,1,2022-03-21 16:50:23,2022-03-21 16:50:23
8417,104143,1,1,2021-03-01 16:39:19,2021-03-01 16:39:19
8417,130219,1,1,2022-03-21 16:45:13,2022-03-21 16:45:13
8417,133683,1,1,2022-03-21 16:40:12,2022-03-21 16:40:12
8478,133651,1,1,2022-04-06 03:00:12,2022-04-06 03:00:12
8501,130983,1,0,2022-03-09 00:48:15,2022-03-09 00:48:15
8501,133245,1,0,2022-03-08 19:15:39,2022-03-08 19:15:39
8552,26019,2,1,2022-10-26 13:30:19,2022-10-26 15:00:17
8552,30959,1,0,2022-10-26 13:26:29,2022-10-26 13:26:29
8552,64199,1,0,2023-11-28 15:39:08,2023-11-28 15:39:08
8552,64793,1,0,2021-12-11 18:51:27,2021-12-11 18:51:27
8552,85540,1,0,2021-12-11 18:50:31,2021-12-11 18:50:31
8552,85786,1,0,2021-01-17 00:37:43,2021-01-17 00:37:43
8552,100431,1,0,2023-08-12 01:00:38,2023-08-12 01:00:38
8552,108473,3,0,2022-10-18 14:45:28,2022-10-27 14:41:55
8552,115595,1,1,2022-10-28 13:21:10,2022-10-28 13:21:10
8552,137255,3,0,2022-06-23 03:39:21,2022-06-23 16:05:48
8552,142029,1,0,2022-10-26 13:22:56,2022-10-26 13:22:56
8552,142030,1,0,2022-10-26 13:16:15,2022-10-26 13:16:15
8560,40378,1,0,2022-05-30 05:18:46,2022-05-30 05:18:46
8560,52940,1,0,2025-03-04 00:55:11,2025-03-04 00:55:11
8560,99683,3,0,2023-01-14 21:40:45,2023-01-14 21:41:11
8560,104546,1,1,2022-11-30 03:56:21,2022-11-30 03:56:21
8560,107136,1,1,2022-12-18 18:19:42,2022-12-18 18:19:42
8560,108790,1,1,2020-12-17 20:20:25,2020-12-17 20:20:25
8560,109594,2,0,2020-12-31 23:21:55,2020-12-31 23:24:18
8560,110792,1,0,2021-01-24 22:40:26,2021-01-24 22:40:26
8560,115447,1,0,2021-07-05 20:37:47,2021-07-05 20:37:47
8560,115746,1,0,2022-05-04 17:11:46,2022-05-04 17:11:46
8560,116210,5,1,2021-04-17 19:21:11,2021-04-18 15:23:52
8560,116251,1,0,2021-04-20 17:36:26,2021-04-20 17:36:26
8560,120060,8,0,2021-12-27 06:14:43,2022-01-01 22:38:00
8560,120601,1,0,2021-12-27 02:51:05,2021-12-27 02:51:05
8560,126936,1,0,2021-10-26 03:14:10,2021-10-26 03:14:10
8560,127992,1,1,2021-11-25 02:38:04,2021-11-25 02:38:04
8560,130647,1,0,2023-05-26 06:00:26,2023-05-26 06:00:26
8560,137112,4,0,2022-06-20 17:41:31,2022-06-20 18:46:22
8560,139151,1,0,2023-01-08 02:12:41,2023-01-08 02:12:41
8560,139277,1,0,2023-04-04 04:02:19,2023-04-04 04:02:19
8560,142880,1,0,2022-12-16 21:21:22,2022-12-16 21:21:22
8560,143531,1,1,2022-12-05 08:14:12,2022-12-05 08:14:12
8560,143953,1,1,2022-12-16 21:18:44,2022-12-16 21:18:44
8560,148469,3,1,2023-04-04 04:05:08,2023-04-05 04:04:25
8560,153992,1,0,2023-08-27 00:34:31,2023-08-27 00:34:31
8560,161035,2,0,2024-09-15 07:56:30,2024-09-15 08:34:00
8560,161916,3,0,2025-01-16 03:03:13,2025-01-16 03:05:19
8560,169146,1,1,2025-08-19 17:37:31,2025-08-19 17:37:31
8560,171711,4,0,2024-10-23 22:47:55,2024-10-23 22:54:37
8560,178657,1,1,2025-03-04 06:26:16,2025-03-04 06:26:16
8560,179382,1,1,2025-03-26 06:07:51,2025-03-26 06:07:51
8560,193405,1,0,2026-04-28 03:51:23,2026-04-28 03:51:23
8646,88843,1,1,2022-06-01 22:46:02,2022-06-01 22:46:02
8646,126496,2,0,2021-11-03 22:09:06,2022-06-23 23:24:10
8646,133530,1,1,2022-04-28 22:41:03,2022-04-28 22:41:03
8646,138635,1,0,2022-07-29 06:58:06,2022-07-29 06:58:06
8752,27142,1,1,2022-08-01 23:27:52,2022-08-01 23:27:52
8752,59074,2,0,2021-01-25 20:25:19,2021-01-25 23:16:44
8752,59601,1,1,2021-06-07 20:08:06,2021-06-07 20:08:06
8752,71246,1,1,2021-06-07 19:20:12,2021-06-07 19:20:12
8752,107003,1,0,2021-06-24 04:24:31,2021-06-24 04:24:31
8752,110191,1,0,2021-07-17 22:42:49,2021-07-17 22:42:49
8752,111800,1,0,2021-02-13 16:17:07,2021-02-13 16:17:07
8752,113118,1,1,2021-03-11 03:47:51,2021-03-11 03:47:51
8752,118696,1,0,2021-08-12 19:20:54,2021-08-12 19:20:54
8752,118699,1,1,2021-06-06 17:46:01,2021-06-06 17:46:01
8752,119549,1,1,2021-06-19 16:59:36,2021-06-19 16:59:36
8754,146204,1,0,2024-04-15 16:23:32,2024-04-15 16:23:32
8878,108,1,0,2022-02-27 16:25:50,2022-02-27 16:25:50
8878,37430,1,1,2022-03-12 14:26:43,2022-03-12 14:26:43
8878,44808,1,1,2021-04-25 19:59:12,2021-04-25 19:59:12
8878,78312,3,1,2021-06-10 08:55:27,2021-06-10 14:30:52
8878,78498,1,0,2022-02-22 11:29:24,2022-02-22 11:29:24
8878,86453,1,1,2021-04-01 15:26:37,2021-04-01 15:26:37
8878,96653,1,1,2022-04-11 12:11:58,2022-04-11 12:11:58
8878,101228,3,1,2021-06-23 07:23:29,2021-06-23 08:21:19
8878,102614,1,1,2021-05-17 08:27:50,2021-05-17 08:27:50
8878,104303,1,1,2022-02-24 10:00:50,2022-02-24 10:00:50
8878,109113,3,1,2021-06-22 08:13:00,2021-06-22 09:15:49
8878,112260,1,0,2021-05-17 11:51:54,2021-05-17 11:51:54
8878,112749,1,1,2021-04-01 15:11:28,2021-04-01 15:11:28
8878,115007,5,1,2021-03-29 10:51:25,2021-03-29 14:41:53
8878,116152,1,1,2021-04-16 08:24:30,2021-04-16 08:24:30
8878,116418,3,1,2021-05-27 08:20:36,2021-05-29 10:51:56
8878,118065,1,1,2021-05-21 10:29:25,2021-05-21 10:29:25
8878,118124,1,1,2021-07-08 11:52:09,2021-07-08 11:52:09
8878,118292,3,2,2021-06-22 08:28:23,2022-03-23 14:20:26
8878,118399,1,1,2021-05-27 07:43:14,2021-05-27 07:43:14
8878,118690,2,1,2021-06-22 10:47:34,2021-06-23 07:05:15
8878,119139,2,0,2021-06-11 08:22:59,2021-06-11 09:46:38
8878,119301,1,1,2021-06-15 08:48:51,2021-06-15 08:48:51
8878,119601,1,1,2022-04-20 13:19:18,2022-04-20 13:19:18
8878,120168,1,1,2021-07-06 10:57:07,2021-07-06 10:57:07
8878,121222,3,3,2022-04-11 11:23:02,2022-04-19 07:49:27
8878,125326,1,1,2022-03-11 10:08:13,2022-03-11 10:08:13
8878,130637,6,1,2022-04-11 13:05:22,2022-04-11 19:43:06
8878,132337,1,0,2022-03-07 09:00:07,2022-03-07 09:00:07
8878,132855,2,1,2022-02-26 20:47:35,2022-02-27 16:04:17
8878,133072,1,1,2022-03-07 16:08:53,2022-03-07 16:08:53
8878,133131,1,1,2022-03-07 15:24:46,2022-03-07 15:24:46
8878,133421,2,1,2022-03-13 12:39:22,2022-03-13 20:33:05
8878,133515,1,1,2022-03-16 14:50:14,2022-03-16 14:50:14
8878,133532,4,1,2022-03-16 09:56:29,2022-03-16 14:37:52
8878,134402,1,1,2022-04-11 12:02:55,2022-04-11 12:02:55
8878,134423,1,1,2022-04-11 08:01:12,2022-04-11 08:01:12
8878,134438,2,1,2022-04-11 07:38:38,2022-04-12 08:56:14
8878,134858,2,1,2022-04-21 09:43:54,2022-04-25 12:05:16
8949,42944,1,1,2022-04-19 11:50:54,2022-04-19 11:50:54
9017,130663,1,0,2022-01-22 10:56:06,2022-01-22 10:56:06
9017,177452,2,1,2025-02-09 17:21:39,2025-02-12 05:02:32
9085,15533,1,1,2021-06-08 10:26:58,2021-06-08 10:26:58
9085,94454,1,0,2024-05-24 11:07:26,2024-05-24 11:07:26
9085,112137,1,1,2022-05-31 09:53:56,2022-05-31 09:53:56
9085,112581,1,1,2021-06-03 14:47:14,2021-06-03 14:47:14
9085,118731,1,1,2021-06-03 15:28:48,2021-06-03 15:28:48
9085,120521,1,1,2021-07-10 03:13:49,2021-07-10 03:13:49
9085,136370,1,1,2022-05-31 10:17:59,2022-05-31 10:17:59
9085,162246,1,1,2024-05-23 14:44:30,2024-05-23 14:44:30
9085,163000,1,1,2024-05-23 15:17:06,2024-05-23 15:17:06
9123,73930,1,0,2022-10-01 19:25:22,2022-10-01 19:25:22
9123,125747,1,1,2022-01-09 12:47:23,2022-01-09 12:47:23
9191,125659,1,0,2021-10-04 14:11:22,2021-10-04 14:11:22
9191,130679,1,1,2022-05-26 16:25:46,2022-05-26 16:25:46
9257,119066,1,1,2021-06-11 11:59:49,2021-06-11 11:59:49
9420,100269,1,0,2021-01-27 01:18:13,2021-01-27 01:18:13
9489,116681,1,1,2021-04-26 18:42:12,2021-04-26 18:42:12
9489,116769,1,1,2021-04-28 04:19:10,2021-04-28 04:19:10
9618,161412,2,1,2024-03-15 15:23:19,2024-03-17 14:23:59
9618,166461,1,1,2024-09-11 14:40:56,2024-09-11 14:40:56
9618,178927,1,1,2025-03-13 20:41:13,2025-03-13 20:41:13
9712,158221,1,0,2024-12-27 17:43:01,2024-12-27 17:43:01
9805,106542,1,0,2023-06-14 01:01:32,2023-06-14 01:01:32
9805,106548,1,1,2023-07-31 01:31:22,2023-07-31 01:31:22
9805,130405,1,1,2023-06-14 00:21:39,2023-06-14 00:21:39
9805,132142,1,0,2023-06-14 01:50:57,2023-06-14 01:50:57
9805,139924,1,0,2023-06-14 02:06:33,2023-06-14 02:06:33
9805,149495,1,0,2023-06-14 00:38:11,2023-06-14 00:38:11
9805,150785,1,1,2023-06-13 23:54:42,2023-06-13 23:54:42
9805,151304,1,1,2023-07-26 07:03:14,2023-07-26 07:03:14
9805,152093,1,1,2023-07-28 06:29:48,2023-07-28 06:29:48
9805,152157,2,0,2023-07-27 03:16:44,2023-07-28 04:29:09
9805,152192,1,0,2023-07-28 04:25:04,2023-07-28 04:25:04
10024,109728,1,0,2021-07-19 12:34:16,2021-07-19 12:34:16
10147,116515,1,0,2021-04-23 05:50:58,2021-04-23 05:50:58
10383,128831,1,1,2021-12-13 17:34:31,2021-12-13 17:34:31
10383,128839,2,1,2021-12-13 17:19:51,2021-12-13 17:39:25
10383,128840,1,1,2021-12-13 17:27:35,2021-12-13 17:27:35
10517,20904,1,0,2021-11-29 10:54:16,2021-11-29 10:54:16
10517,126228,1,0,2021-10-09 08:21:55,2021-10-09 08:21:55
10777,843,1,0,2023-01-31 09:04:39,2023-01-31 09:04:39
10777,6550,1,0,2022-05-13 15:44:50,2022-05-13 15:44:50
10777,7705,1,1,2021-02-15 21:05:27,2021-02-15 21:05:27
10777,14675,2,0,2024-02-12 17:42:58,2024-02-19 20:36:19
10777,35644,2,1,2022-01-13 10:36:40,2022-01-14 08:29:44
10777,46920,1,1,2023-07-18 07:36:54,2023-07-18 07:36:54
10777,49572,1,1,2024-06-03 21:20:21,2024-06-03 21:20:21
10777,51481,1,1,2021-01-18 20:14:42,2021-01-18 20:14:42
10777,51687,1,1,2022-10-31 19:34:37,2022-10-31 19:34:37
10777,51836,3,1,2021-02-15 21:17:35,2021-02-17 09:19:07
10777,54604,1,1,2022-01-24 17:31:59,2022-01-24 17:31:59
10777,54661,3,0,2021-02-15 21:21:54,2021-07-25 19:12:20
10777,56811,1,0,2024-01-22 19:12:05,2024-01-22 19:12:05
10777,57437,1,1,2023-07-25 10:00:31,2023-07-25 10:00:31
10777,58008,3,2,2021-08-17 09:38:51,2021-09-27 08:22:47
10777,59944,1,0,2023-01-23 19:01:54,2023-01-23 19:01:54
10777,64377,1,0,2022-07-21 09:56:41,2022-07-21 09:56:41
10777,64876,1,1,2024-07-22 17:59:19,2024-07-22 17:59:19
10777,65027,1,1,2024-05-06 18:24:54,2024-05-06 18:24:54
10777,70342,3,1,2022-02-02 16:23:49,2022-02-03 08:19:04
10777,73930,1,0,2021-10-11 20:21:58,2021-10-11 20:21:58
10777,74387,3,1,2023-07-18 07:17:23,2023-07-18 07:48:25
10777,79961,1,0,2022-02-15 09:27:39,2022-02-15 09:27:39
10777,82549,2,1,2021-04-19 19:42:21,2021-04-19 21:41:46
10777,84891,1,0,2022-07-04 20:56:55,2022-07-04 20:56:55
10777,86339,1,0,2022-09-20 06:39:19,2022-09-20 06:39:19
10777,88390,1,0,2022-03-08 09:05:33,2022-03-08 09:05:33
10777,98749,1,1,2023-08-07 18:38:41,2023-08-07 18:38:41
10777,99921,1,0,2021-08-10 07:57:34,2021-08-10 07:57:34
10777,103805,1,1,2022-12-12 18:55:25,2022-12-12 18:55:25
10777,106282,1,1,2021-02-08 19:02:36,2021-02-08 19:02:36
10777,107730,2,0,2021-03-15 17:11:49,2021-03-15 17:17:47
10777,108053,1,1,2021-09-13 18:18:27,2021-09-13 18:18:27
10777,110503,2,0,2021-04-06 09:03:00,2021-04-06 09:17:02
10777,110932,3,1,2021-03-15 17:46:45,2021-03-17 07:47:22
10777,111272,1,0,2021-02-08 18:39:18,2021-02-08 18:39:18
10777,111961,1,1,2021-02-22 08:36:19,2021-02-22 08:36:19
10777,113067,3,1,2024-04-23 20:02:16,2024-04-25 21:49:33
10777,113118,1,0,2021-03-15 17:22:24,2021-03-15 17:22:24
10777,115120,1,0,2021-04-06 09:08:34,2021-04-06 09:08:34
10777,115880,2,1,2021-04-12 18:40:19,2021-04-13 06:50:33
10777,116515,1,0,2021-04-27 09:21:17,2021-04-27 09:21:17
10777,118534,1,1,2021-08-24 07:09:33,2021-08-24 07:09:33
10777,119136,1,0,2022-04-19 10:52:00,2022-04-19 10:52:00
10777,119848,1,1,2022-01-24 17:51:22,2022-01-24 17:51:22
10777,119938,1,0,2022-08-29 20:18:29,2022-08-29 20:18:29
10777,120754,1,1,2021-07-20 11:06:39,2021-07-20 11:06:39
10777,122627,1,0,2021-08-10 07:50:34,2021-08-10 07:50:34
10777,122987,2,1,2021-08-17 08:56:12,2021-08-17 08:59:32
10777,124989,1,1,2021-09-24 14:50:55,2021-09-24 14:50:55
10777,125021,1,0,2021-09-13 18:25:13,2021-09-13 18:25:13
10777,125527,2,1,2021-12-20 18:35:14,2021-12-21 11:21:39
10777,125857,1,0,2021-10-05 09:12:47,2021-10-05 09:12:47
10777,125901,2,1,2021-10-05 09:52:38,2021-10-08 08:09:47
10777,126234,2,1,2021-10-11 20:16:04,2021-10-12 08:01:41
10777,126241,1,0,2021-10-11 20:27:45,2021-10-11 20:27:45
10777,128638,1,1,2021-12-13 19:27:23,2021-12-13 19:27:23
10777,130647,1,0,2022-04-05 07:47:04,2022-04-05 07:47:04
10777,130753,1,0,2025-04-01 08:47:02,2025-04-01 08:47:02
10777,133181,1,1,2022-03-08 08:58:32,2022-03-08 08:58:32
10777,136093,1,0,2024-05-02 14:54:30,2024-05-02 14:54:30
10777,137223,1,1,2022-07-04 21:16:43,2022-07-04 21:16:43
10777,138282,1,1,2022-07-26 15:18:03,2022-07-26 15:18:03
10777,141192,3,0,2023-02-05 10:07:10,2023-02-06 14:25:20
10777,141375,1,0,2022-10-11 07:16:15,2022-10-11 07:16:15
10777,141493,1,0,2022-10-31 19:12:57,2022-10-31 19:12:57
10777,142950,1,1,2025-05-28 20:36:23,2025-05-28 20:36:23
10777,143449,1,0,2022-12-06 12:39:54,2022-12-06 12:39:54
10777,143953,1,1,2022-12-20 09:15:54,2022-12-20 09:15:54
10777,144369,2,1,2023-01-03 17:16:33,2023-01-04 09:21:35
10777,144670,3,1,2023-01-16 21:04:23,2023-01-19 13:47:16
10777,144912,1,1,2023-01-23 18:57:59,2023-01-23 18:57:59
10777,145269,1,0,2024-02-12 17:35:28,2024-02-12 17:35:28
10777,145665,1,0,2024-06-10 19:20:15,2024-06-10 19:20:15
10777,145798,1,0,2023-12-05 07:42:13,2023-12-05 07:42:13
10777,146145,1,1,2023-02-21 20:27:27,2023-02-21 20:27:27
10777,146358,3,0,2025-07-08 15:10:32,2025-07-15 06:52:46
10777,146537,1,1,2023-03-07 17:47:29,2023-03-07 17:47:29
10777,148801,1,1,2023-08-07 18:21:51,2023-08-07 18:21:51
10777,150974,1,0,2023-07-10 18:28:38,2023-07-10 18:28:38
10777,151592,2,0,2023-07-10 18:35:27,2023-07-10 18:39:08
10777,153717,1,0,2023-08-16 06:52:37,2023-08-16 06:52:37
10777,154253,3,1,2023-09-12 16:56:58,2023-10-02 20:16:00
10777,154947,1,1,2023-10-02 19:52:07,2023-10-02 19:52:07
10777,155100,1,1,2023-10-09 20:07:47,2023-10-09 20:07:47
10777,159725,1,0,2024-12-10 08:51:36,2024-12-10 08:51:36
10777,161297,2,0,2024-03-11 17:25:24,2024-03-11 21:37:14
10777,161615,1,0,2024-03-25 17:33:26,2024-03-25 17:33:26
10777,162878,1,1,2024-09-05 16:18:06,2024-09-05 16:18:06
10777,166714,1,0,2024-08-06 09:43:12,2024-08-06 09:43:12
10777,168245,2,1,2024-09-02 18:23:19,2024-09-04 07:23:36
10777,172649,1,0,2024-11-19 08:47:32,2024-11-19 08:47:32
10777,177022,1,1,2025-02-05 09:41:10,2025-02-05 09:41:10
10777,177042,2,0,2025-02-05 08:47:20,2025-02-05 08:50:40
10777,180782,1,1,2026-02-02 18:48:57,2026-02-02 18:48:57
10777,181096,1,0,2025-05-05 18:10:44,2025-05-05 18:10:44
10777,183691,1,0,2025-06-09 17:26:39,2025-06-09 17:26:39
10777,192619,1,0,2026-02-24 10:39:22,2026-02-24 10:39:22
10814,776,2,1,2022-04-09 02:29:02,2022-04-11 18:07:45
10814,53537,1,0,2021-09-22 01:26:52,2021-09-22 01:26:52
10814,114984,1,0,2021-04-25 17:56:57,2021-04-25 17:56:57
10814,122310,1,1,2021-08-15 15:41:19,2021-08-15 15:41:19
10814,125276,1,1,2021-09-22 01:08:41,2021-09-22 01:08:41
10814,126183,1,1,2021-10-10 15:26:47,2021-10-10 15:26:47
10814,132810,1,0,2022-03-11 18:47:35,2022-03-11 18:47:35
10814,134421,1,0,2022-04-11 03:34:22,2022-04-11 03:34:22
10815,28175,1,0,2023-01-20 14:37:56,2023-01-20 14:37:56
10815,74973,1,0,2024-02-26 23:54:42,2024-02-26 23:54:42
10815,106542,1,1,2023-06-22 18:29:41,2023-06-22 18:29:41
10815,107136,1,1,2024-09-14 11:59:15,2024-09-14 11:59:15
10815,110964,1,0,2022-10-29 01:10:33,2022-10-29 01:10:33
10815,120060,1,0,2022-07-18 00:18:54,2022-07-18 00:18:54
10815,121055,1,0,2022-07-18 00:20:27,2022-07-18 00:20:27
10815,130679,1,0,2024-10-16 22:48:32,2024-10-16 22:48:32
10815,141029,1,0,2023-08-02 01:55:39,2023-08-02 01:55:39
10882,77946,1,0,2021-03-11 07:27:11,2021-03-11 07:27:11
10882,92455,2,1,2021-11-03 20:15:17,2021-11-04 07:45:01
10882,159006,1,0,2024-01-24 19:56:04,2024-01-24 19:56:04
11061,64377,1,0,2021-01-06 01:16:14,2021-01-06 01:16:14
11061,65781,1,0,2021-05-31 13:33:54,2021-05-31 13:33:54
11061,118562,1,0,2021-05-31 06:11:47,2021-05-31 06:11:47
11061,118576,1,1,2021-05-31 05:38:04,2021-05-31 05:38:04
11136,120521,1,1,2021-07-09 23:47:22,2021-07-09 23:47:22
11136,134362,1,1,2024-02-13 19:07:46,2024-02-13 19:07:46
11136,146452,1,0,2025-02-05 22:11:00,2025-02-05 22:11:00
11141,37510,1,1,2021-10-16 18:47:07,2021-10-16 18:47:07
11141,61843,1,1,2021-10-19 20:15:50,2021-10-19 20:15:50
11141,110009,1,1,2021-10-19 20:01:18,2021-10-19 20:01:18
11141,112215,1,0,2021-10-16 19:00:33,2021-10-16 19:00:33
11141,125178,1,1,2022-02-14 21:52:24,2022-02-14 21:52:24
11141,130679,1,1,2022-02-02 22:02:46,2022-02-02 22:02:46
11141,132123,1,1,2022-02-14 21:46:49,2022-02-14 21:46:49
11141,132383,1,1,2022-02-14 21:32:10,2022-02-14 21:32:10
12301,105445,1,0,2023-05-01 11:47:00,2023-05-01 11:47:00
12363,122,1,1,2021-07-02 13:55:08,2021-07-02 13:55:08
12363,102852,1,0,2021-07-02 14:05:57,2021-07-02 14:05:57
12426,128867,1,0,2021-12-15 05:36:42,2021-12-15 05:36:42
12736,126952,1,1,2021-10-26 14:44:35,2021-10-26 14:44:35
12987,108786,1,0,2021-01-10 23:19:29,2021-01-10 23:19:29
13017,101407,1,0,2025-05-27 19:29:31,2025-05-27 19:29:31
13017,119127,1,1,2025-05-26 15:55:14,2025-05-26 15:55:14
13131,128721,1,0,2024-03-04 16:46:54,2024-03-04 16:46:54
13165,156097,1,0,2023-11-10 21:31:42,2023-11-10 21:31:42
13165,162870,1,0,2024-05-13 05:56:10,2024-05-13 05:56:10
13201,134224,1,1,2022-08-04 03:49:48,2022-08-04 03:49:48
13213,115622,1,1,2021-10-01 11:21:34,2021-10-01 11:21:34
13213,125856,1,1,2021-09-29 10:56:26,2021-09-29 10:56:26
13213,125959,1,1,2021-10-01 12:28:17,2021-10-01 12:28:17
13213,127840,1,1,2021-11-17 11:52:28,2021-11-17 11:52:28
13213,146246,1,0,2023-02-22 09:39:05,2023-02-22 09:39:05
13213,176080,1,0,2025-01-20 08:30:37,2025-01-20 08:30:37
13252,58074,1,1,2024-02-15 16:25:17,2024-02-15 16:25:17
13296,75152,1,0,2021-04-11 18:01:24,2021-04-11 18:01:24
13296,83862,1,0,2021-05-18 19:23:59,2021-05-18 19:23:59
13296,87037,1,0,2021-01-30 17:56:48,2021-01-30 17:56:48
13406,55122,1,0,2022-03-26 07:48:19,2022-03-26 07:48:19
13406,64876,3,0,2022-03-26 07:45:42,2022-03-26 07:58:17
13443,83791,1,0,2024-05-11 03:45:59,2024-05-11 03:45:59
13443,146021,1,0,2023-12-06 18:44:51,2023-12-06 18:44:51
13450,82468,2,0,2022-10-10 05:49:43,2022-10-10 05:52:20
13450,117105,1,0,2021-06-11 01:46:51,2021-06-11 01:46:51
13467,9123,1,1,2021-06-17 07:06:58,2021-06-17 07:06:58
13498,107292,1,0,2020-12-14 11:59:28,2020-12-14 11:59:28
13498,113448,1,1,2022-11-01 11:00:50,2022-11-01 11:00:50
13498,136577,1,1,2022-11-01 11:48:57,2022-11-01 11:48:57
13526,182011,1,0,2026-01-16 09:58:04,2026-01-16 09:58:04
13727,117838,1,1,2021-05-23 08:39:14,2021-05-23 08:39:14
13748,122589,1,1,2021-08-05 02:04:50,2021-08-05 02:04:50
13808,165825,1,0,2024-07-19 08:13:28,2024-07-19 08:13:28
13949,95358,1,1,2021-03-30 13:01:20,2021-03-30 13:01:20
13952,131424,1,1,2022-08-04 20:11:23,2022-08-04 20:11:23
13952,137206,2,0,2023-05-21 18:54:54,2023-05-29 10:36:38
14017,41637,1,0,2023-03-30 20:00:33,2023-03-30 20:00:33
14041,108623,1,1,2022-05-01 08:27:18,2022-05-01 08:27:18
14041,141921,2,0,2022-12-26 15:56:07,2022-12-28 09:16:17
14211,92182,1,0,2025-11-26 18:23:18,2025-11-26 18:23:18
14211,101157,2,1,2021-04-28 09:40:06,2021-05-06 15:58:16
14211,109836,1,1,2022-10-05 15:17:20,2022-10-05 15:17:20
14211,113301,1,1,2021-03-17 17:38:37,2021-03-17 17:38:37
14211,154145,1,1,2023-09-06 08:28:07,2023-09-06 08:28:07
14211,154421,1,0,2023-09-13 08:01:30,2023-09-13 08:01:30
14211,156660,1,1,2024-05-06 13:42:41,2024-05-06 13:42:41
14211,178763,1,0,2025-04-14 13:34:03,2025-04-14 13:34:03
14211,181044,1,0,2025-05-07 06:48:37,2025-05-07 06:48:37
14211,182011,1,1,2025-12-10 11:34:07,2025-12-10 11:34:07
14360,88720,1,0,2021-02-06 08:49:21,2021-02-06 08:49:21
14518,7812,1,0,2023-05-19 06:41:15,2023-05-19 06:41:15
14518,14675,1,0,2023-05-20 22:56:38,2023-05-20 22:56:38
14518,38353,2,0,2023-06-25 01:20:26,2023-06-27 01:15:34
14518,44456,1,0,2023-02-25 21:35:28,2023-02-25 21:35:28
14518,49589,2,1,2023-02-12 22:22:53,2023-02-14 15:24:40
14518,54096,2,0,2023-07-31 18:41:44,2023-08-01 00:00:47
14518,77938,1,0,2023-02-25 20:04:33,2023-02-25 20:04:33
14518,80850,1,0,2023-07-16 20:44:47,2023-07-16 20:44:47
14518,115501,1,0,2023-02-25 20:03:17,2023-02-25 20:03:17
14518,117241,1,1,2023-02-25 20:07:26,2023-02-25 20:07:26
14518,122488,1,0,2023-02-26 01:39:01,2023-02-26 01:39:01
14518,122832,1,1,2023-06-25 01:17:13,2023-06-25 01:17:13
14518,126573,1,1,2023-06-09 05:52:35,2023-06-09 05:52:35
14518,127468,1,1,2023-02-19 02:12:58,2023-02-19 02:12:58
14518,131408,1,1,2023-02-12 20:54:21,2023-02-12 20:54:21
14518,132210,1,1,2023-06-24 15:34:45,2023-06-24 15:34:45
14518,139298,1,0,2023-06-09 19:28:36,2023-06-09 19:28:36
14518,140638,1,1,2023-06-24 15:31:07,2023-06-24 15:31:07
14518,142507,1,1,2022-11-08 23:07:13,2022-11-08 23:07:13
14518,142992,2,1,2023-04-15 16:47:53,2023-04-17 00:24:24
14518,145891,2,0,2023-02-12 20:47:24,2023-02-13 13:10:23
14518,148959,2,1,2023-04-15 16:50:34,2023-04-15 17:48:11
14518,148994,2,0,2023-04-15 16:49:09,2023-04-16 04:41:26
14518,149841,3,1,2023-06-24 18:53:43,2023-06-26 16:27:07
14518,150974,3,0,2023-06-24 18:48:30,2023-06-24 19:09:02
14518,151148,2,0,2023-06-25 01:24:20,2023-06-25 03:06:51
14518,152079,1,0,2023-07-31 18:44:16,2023-07-31 18:44:16
14560,8240,1,1,2021-04-07 21:32:13,2021-04-07 21:32:13
14560,24883,1,1,2022-12-10 15:13:34,2022-12-10 15:13:34
14560,49229,1,1,2021-04-13 17:23:14,2021-04-13 17:23:14
14560,91857,1,1,2021-04-07 21:17:44,2021-04-07 21:17:44
14560,113958,1,0,2021-04-11 18:12:08,2021-04-11 18:12:08
14560,115395,1,1,2021-04-07 10:32:11,2021-04-07 10:32:11
14560,115435,1,1,2021-04-07 10:17:35,2021-04-07 10:17:35
14560,140946,1,0,2022-12-09 13:26:21,2022-12-09 13:26:21
14560,143422,2,0,2022-12-09 13:57:34,2022-12-10 14:48:25
14560,143800,2,0,2022-12-12 17:51:36,2022-12-13 15:01:46
14560,144028,1,0,2022-12-20 13:23:54,2022-12-20 13:23:54
14582,14675,1,0,2024-03-18 11:27:41,2024-03-18 11:27:41
14588,135359,1,1,2022-05-08 11:31:17,2022-05-08 11:31:17
14588,135457,1,0,2022-05-08 11:43:26,2022-05-08 11:43:26
14588,135481,1,1,2022-05-08 13:03:48,2022-05-08 13:03:48
14588,150054,1,0,2023-07-03 09:00:27,2023-07-03 09:00:27
14588,151688,1,1,2023-07-12 09:38:55,2023-07-12 09:38:55
14675,122,1,0,2023-04-27 10:51:09,2023-04-27 10:51:09
14675,303,4,2,2023-12-15 12:46:54,2024-01-31 17:13:02
14675,843,2,1,2023-01-31 09:20:58,2023-10-08 21:33:05
14675,1330,2,0,2023-01-28 15:17:47,2023-02-08 07:56:44
14675,2745,1,1,2021-07-30 18:46:09,2021-07-30 18:46:09
14675,2753,1,1,2020-12-23 13:10:48,2020-12-23 13:10:48
14675,3314,1,1,2021-04-04 07:39:18,2021-04-04 07:39:18
14675,6550,3,0,2023-03-31 10:31:24,2023-03-31 11:11:16
14675,6562,1,0,2023-02-20 18:58:28,2023-02-20 18:58:28
14675,7812,1,1,2023-05-19 06:14:45,2023-05-19 06:14:45
14675,9085,1,0,2021-06-03 19:20:47,2021-06-03 19:20:47
14675,10777,4,1,2022-12-29 18:07:46,2024-02-21 15:23:29
14675,10815,2,2,2023-10-06 17:17:39,2023-10-12 12:41:09
14675,12507,1,0,2023-01-10 22:52:37,2023-01-10 22:52:37
14675,12533,1,1,2023-01-23 19:34:55,2023-01-23 19:34:55
14675,13165,2,1,2023-04-17 14:29:40,2023-04-17 14:44:27
14675,13736,1,0,2023-11-12 08:45:43,2023-11-12 08:45:43
14675,14582,1,1,2021-04-09 07:15:55,2021-04-09 07:15:55
14675,14641,3,1,2023-03-03 13:28:42,2023-03-03 20:13:44
14675,15728,1,1,2023-03-04 18:50:48,2023-03-04 18:50:48
14675,16050,7,2,2021-01-18 09:56:39,2021-01-25 20:08:18
14675,17784,3,1,2022-10-04 15:24:43,2022-10-04 17:24:08
14675,20909,1,1,2023-06-07 10:52:45,2023-06-07 10:52:45
14675,21254,1,1,2020-12-13 19:28:57,2020-12-13 19:28:57
14675,24887,2,0,2023-11-15 08:17:34,2023-11-15 08:18:54
14675,27442,3,1,2021-01-22 10:10:38,2021-01-29 19:25:51
14675,27990,2,1,2023-04-10 08:10:33,2023-04-11 07:19:19
14675,28168,1,0,2021-05-24 09:59:00,2021-05-24 09:59:00
14675,29157,3,1,2023-06-26 19:20:50,2023-06-27 08:01:25
14675,29182,1,0,2024-04-24 06:41:40,2024-04-24 06:41:40
14675,29844,1,0,2021-06-11 06:17:10,2021-06-11 06:17:10
14675,30210,1,1,2021-07-14 22:04:57,2021-07-14 22:04:57
14675,32164,3,1,2023-10-27 12:00:47,2023-10-28 14:44:08
14675,32169,8,4,2023-10-09 07:45:31,2024-04-27 21:08:19
14675,32243,2,1,2023-07-29 18:03:55,2023-07-30 20:32:54
14675,32288,1,1,2020-12-08 08:59:34,2020-12-08 08:59:34
14675,34227,2,1,2023-02-21 13:35:02,2023-02-24 13:21:00
14675,37461,1,1,2022-08-02 11:44:05,2022-08-02 11:44:05
14675,38538,2,0,2023-02-15 10:46:59,2023-02-15 12:41:29
14675,41058,2,0,2024-03-20 07:59:04,2024-03-20 12:30:20
14675,43711,1,1,2023-11-07 15:16:03,2023-11-07 15:16:03
14675,44083,1,1,2023-05-23 10:13:32,2023-05-23 10:13:32
14675,45069,5,1,2023-04-07 10:41:14,2023-04-08 13:17:05
14675,46305,9,2,2021-04-16 16:40:20,2021-04-25 21:29:24
14675,46630,1,1,2023-08-15 08:08:09,2023-08-15 08:08:09
14675,47467,9,2,2021-04-28 06:44:34,2021-05-01 10:54:49
14675,47473,1,1,2021-09-16 16:38:18,2021-09-16 16:38:18
14675,47826,3,1,2021-02-23 09:46:47,2021-02-25 08:10:28
14675,49119,1,1,2021-03-08 09:11:37,2021-03-08 09:11:37
14675,49229,1,1,2021-04-09 18:51:50,2021-04-09 18:51:50
14675,49268,1,1,2023-02-02 08:54:41,2023-02-02 08:54:41
14675,49589,6,4,2023-04-18 20:43:37,2024-03-28 19:20:42
14675,49835,5,0,2023-02-24 16:45:05,2023-02-24 19:36:07
14675,50921,1,1,2023-05-20 20:10:44,2023-05-20 20:10:44
14675,51481,1,1,2021-01-13 10:39:36,2021-01-13 10:39:36
14675,51670,1,1,2021-01-11 11:15:03,2021-01-11 11:15:03
14675,51687,3,1,2022-08-09 15:46:56,2022-08-09 17:11:01
14675,52409,8,2,2020-12-11 19:22:45,2021-01-09 16:02:01
14675,52532,2,0,2023-03-02 16:02:03,2023-03-02 16:31:57
14675,52890,2,1,2021-05-18 09:55:00,2021-05-19 06:16:20
14675,52940,1,0,2023-10-06 07:32:39,2023-10-06 07:32:39
14675,52994,2,1,2021-05-19 21:46:46,2021-05-19 21:54:56
14675,53119,2,1,2021-06-10 08:51:02,2021-06-10 09:01:53
14675,53916,1,1,2023-05-20 08:05:41,2023-05-20 08:05:41
14675,54201,1,0,2021-05-18 09:50:00,2021-05-18 09:50:00
14675,54234,2,1,2021-04-17 09:36:29,2021-04-28 13:31:03
14675,54584,2,0,2022-12-01 16:53:40,2022-12-01 23:37:56
14675,54799,1,0,2021-05-16 11:31:51,2021-05-16 11:31:51
14675,56913,3,1,2021-03-02 08:18:04,2021-12-30 15:59:11
14675,57328,1,1,2023-01-29 17:06:12,2023-01-29 17:06:12
14675,57437,2,1,2023-06-07 15:12:19,2023-07-22 07:17:47
14675,57727,6,1,2023-05-24 07:35:24,2023-05-24 12:48:39
14675,58074,1,1,2021-04-13 11:02:47,2021-04-13 11:02:47
14675,58789,1,1,2024-01-30 09:30:06,2024-01-30 09:30:06
14675,59825,2,1,2021-03-25 09:39:04,2021-03-25 09:55:25
14675,59855,1,0,2021-01-19 09:18:31,2021-01-19 09:18:31
14675,59890,2,1,2023-11-22 18:15:29,2023-11-22 19:36:21
14675,60394,1,1,2022-07-20 17:46:12,2022-07-20 17:46:12
14675,61445,9,4,2021-06-06 19:47:49,2023-01-26 13:43:09
14675,61621,1,1,2024-04-01 09:09:29,2024-04-01 09:09:29
14675,61884,4,2,2023-06-26 06:18:16,2023-11-13 22:58:50
14675,61903,7,2,2021-03-05 10:54:24,2021-03-17 15:55:39
14675,62207,1,0,2023-11-10 10:28:50,2023-11-10 10:28:50
14675,62610,1,1,2024-03-22 07:08:27,2024-03-22 07:08:27
14675,62846,5,1,2023-01-04 08:50:49,2023-01-08 09:10:56
14675,63745,1,1,2024-05-13 20:47:25,2024-05-13 20:47:25
14675,63862,2,1,2023-06-21 07:13:25,2023-06-21 15:39:27
14675,64125,2,1,2021-06-01 14:01:00,2021-06-02 09:57:24
14675,64238,2,2,2024-02-12 09:26:46,2024-02-18 16:36:51
14675,64935,3,0,2023-06-21 18:22:07,2023-06-21 18:35:13
14675,66386,3,1,2023-01-20 07:48:03,2023-01-22 07:55:36
14675,67161,1,0,2022-06-30 16:18:18,2022-06-30 16:18:18
14675,67536,5,1,2023-10-05 12:59:31,2023-11-06 07:39:15
14675,68313,4,3,2024-01-26 12:27:25,2024-03-17 07:41:03
14675,69263,5,1,2023-10-10 22:18:01,2023-10-11 20:49:27
14675,69806,3,1,2022-08-02 12:27:50,2022-08-02 17:48:39
14675,69843,4,1,2023-06-06 13:56:32,2023-06-06 14:51:35
14675,69865,3,1,2021-04-27 17:45:15,2021-04-27 18:18:59
14675,70393,3,0,2022-09-12 11:05:49,2022-09-12 15:12:18
14675,70539,2,1,2023-10-21 17:19:18,2023-10-22 22:17:55
14675,70546,3,2,2023-11-13 07:33:40,2024-03-23 08:34:26
14675,73315,2,1,2021-01-22 12:06:18,2021-01-23 21:26:06
14675,73513,1,1,2024-03-15 20:05:30,2024-03-15 20:05:30
14675,73583,2,1,2023-10-23 20:44:30,2023-10-23 22:06:42
14675,73930,5,1,2023-02-01 13:14:01,2024-01-09 19:42:00
14675,74747,1,0,2023-06-15 08:14:21,2023-06-15 08:14:21
14675,75129,1,1,2021-02-16 07:51:15,2021-02-16 07:51:15
14675,75373,1,0,2022-07-27 22:10:35,2022-07-27 22:10:35
14675,75445,1,0,2021-04-29 20:10:54,2021-04-29 20:10:54
14675,76137,1,0,2021-07-22 18:51:31,2021-07-22 18:51:31
14675,76275,4,1,2020-12-28 14:55:14,2020-12-29 10:16:47
14675,76728,3,1,2020-12-31 20:40:42,2021-01-01 23:33:24
14675,77350,2,1,2021-02-02 15:39:10,2021-02-03 14:53:47
14675,78008,1,1,2020-12-12 22:54:14,2020-12-12 22:54:14
14675,78133,1,0,2023-10-09 14:17:56,2023-10-09 14:17:56
14675,78436,1,1,2021-02-10 00:23:15,2021-02-10 00:23:15
14675,78897,1,1,2021-02-26 15:33:19,2021-02-26 15:33:19
14675,79490,1,1,2021-01-20 08:53:11,2021-01-20 08:53:11
14675,79523,1,1,2022-07-26 15:11:11,2022-07-26 15:11:11
14675,80221,1,1,2021-07-30 00:05:54,2021-07-30 00:05:54
14675,80860,3,1,2022-08-04 22:25:49,2022-09-13 13:51:37
14675,82700,1,1,2023-08-20 23:40:40,2023-08-20 23:40:40
14675,82874,1,1,2023-02-15 10:54:34,2023-02-15 10:54:34
14675,82999,1,1,2021-02-05 17:30:31,2021-02-05 17:30:31
14675,83271,1,1,2021-01-23 15:40:10,2021-01-23 15:40:10
14675,83791,3,0,2021-09-05 14:11:17,2021-09-05 16:04:36
14675,84067,3,0,2021-06-14 11:13:44,2021-06-14 12:31:29
14675,84229,1,1,2020-12-09 22:38:18,2020-12-09 22:38:18
14675,84702,1,1,2023-07-29 12:28:51,2023-07-29 12:28:51
14675,85064,4,1,2021-08-05 08:45:29,2021-08-05 09:23:50
14675,85239,1,1,2021-06-18 10:01:08,2021-06-18 10:01:08
14675,85540,1,1,2021-04-27 09:41:47,2021-04-27 09:41:47
14675,85577,1,0,2023-08-30 13:45:26,2023-08-30 13:45:26
14675,85848,6,1,2021-04-28 06:49:22,2021-05-01 09:34:50
14675,85906,2,1,2021-04-22 07:12:21,2021-05-01 22:44:04
14675,86325,3,2,2022-08-09 18:09:39,2023-01-27 12:02:50
14675,86339,1,1,2020-12-08 20:23:46,2020-12-08 20:23:46
14675,87196,1,0,2024-01-10 07:26:11,2024-01-10 07:26:11
14675,88663,2,1,2021-01-28 13:06:44,2021-01-29 07:38:13
14675,89194,1,1,2021-03-01 23:48:38,2021-03-01 23:48:38
14675,89478,4,1,2022-08-01 15:03:00,2022-08-03 06:32:55
14675,89545,3,1,2020-12-30 16:16:51,2021-01-04 16:32:33
14675,89868,1,1,2021-02-26 20:42:45,2021-02-26 20:42:45
14675,89901,1,1,2021-03-26 11:47:53,2021-03-26 11:47:53
14675,90212,3,1,2024-03-03 19:27:38,2024-03-04 16:50:49
14675,90220,1,0,2021-02-01 15:56:06,2021-02-01 15:56:06
14675,91724,1,0,2023-09-17 11:25:31,2023-09-17 11:25:31
14675,91801,2,1,2021-02-16 07:55:44,2021-02-16 08:06:11
14675,92003,1,0,2021-05-05 17:14:47,2021-05-05 17:14:47
14675,93617,3,1,2021-06-22 07:03:28,2023-03-04 09:31:31
14675,93852,2,1,2021-04-19 15:00:03,2021-04-19 16:39:57
14675,93862,1,0,2023-02-17 11:27:42,2023-02-17 11:27:42
14675,96332,2,0,2023-01-31 22:48:16,2023-02-01 07:54:09
14675,96518,6,1,2023-02-25 17:30:12,2023-03-05 11:02:34
14675,96653,9,3,2022-07-07 19:08:02,2022-07-29 23:04:58
14675,96729,1,1,2022-03-04 11:07:13,2022-03-04 11:07:13
14675,97310,1,0,2024-02-12 10:43:15,2024-02-12 10:43:15
14675,97556,7,2,2024-01-12 10:41:05,2024-01-30 09:06:10
14675,97629,1,1,2023-02-18 14:32:20,2023-02-18 14:32:20
14675,98748,3,1,2021-01-08 13:53:14,2021-01-08 15:04:31
14675,98749,1,1,2023-01-20 11:02:17,2023-01-20 11:02:17
14675,99221,1,1,2023-08-31 07:24:33,2023-08-31 07:24:33
14675,99546,1,1,2023-11-26 19:48:52,2023-11-26 19:48:52
14675,99560,1,1,2021-04-08 11:41:10,2021-04-08 11:41:10
14675,101005,1,1,2022-02-16 15:26:52,2022-02-16 15:26:52
14675,101175,3,3,2021-09-03 06:43:06,2021-09-15 14:41:45
14675,101187,1,0,2021-02-01 11:01:01,2021-02-01 11:01:01
14675,102637,1,0,2021-01-05 15:11:32,2021-01-05 15:11:32
14675,102804,1,1,2024-03-28 07:39:58,2024-03-28 07:39:58
14675,103805,1,0,2022-12-07 11:14:50,2022-12-07 11:14:50
14675,104048,3,1,2020-12-14 07:50:04,2020-12-15 10:11:12
14675,104153,9,2,2021-01-11 17:55:40,2021-09-04 08:25:41
14675,104774,1,1,2020-12-23 15:58:26,2020-12-23 15:58:26
14675,104930,3,1,2021-02-17 20:05:36,2021-02-17 20:36:51
14675,105173,1,1,2021-04-15 15:59:20,2021-04-15 15:59:20
14675,105469,6,3,2021-09-17 14:15:34,2023-12-12 14:10:34
14675,105510,2,1,2021-02-15 18:41:54,2021-02-16 09:19:02
14675,105514,5,1,2020-12-23 00:51:32,2020-12-23 14:19:08
14675,106106,1,0,2020-12-07 20:10:43,2020-12-07 20:10:43
14675,106276,4,2,2021-04-11 09:36:51,2021-04-14 18:08:43
14675,106376,1,1,2021-03-17 00:15:12,2021-03-17 00:15:12
14675,106799,1,1,2022-04-11 10:21:52,2022-04-11 10:21:52
14675,107031,3,1,2021-02-04 07:53:43,2021-02-04 20:57:59
14675,107073,3,1,2023-05-24 13:16:04,2023-05-24 16:03:00
14675,107136,2,1,2022-04-19 17:26:15,2022-04-23 16:36:13
14675,107208,1,0,2021-01-05 16:40:34,2021-01-05 16:40:34
14675,107314,1,1,2021-02-14 22:44:15,2021-02-14 22:44:15
14675,107401,2,1,2021-02-07 22:32:09,2021-02-07 22:44:01
14675,107730,4,1,2021-03-15 23:52:41,2021-09-02 16:28:29
14675,107895,1,1,2023-04-27 23:59:40,2023-04-27 23:59:40
14675,107944,2,1,2021-05-20 14:31:48,2021-05-20 16:16:12
14675,107986,4,1,2023-02-08 08:04:05,2023-10-10 17:17:50
14675,108014,5,1,2021-03-04 08:31:08,2021-03-04 11:53:19
14675,108053,1,1,2023-03-15 11:04:25,2023-03-15 11:04:25
14675,108085,9,2,2020-12-08 15:47:36,2021-02-03 17:59:05
14675,108265,1,1,2021-02-10 08:41:56,2021-02-10 08:41:56
14675,108297,1,1,2021-03-10 07:31:26,2021-03-10 07:31:26
14675,108406,2,1,2020-12-05 17:40:29,2020-12-05 19:07:27
14675,108477,7,4,2021-01-08 07:54:34,2023-05-19 12:26:22
14675,108584,1,1,2021-01-26 16:23:38,2021-01-26 16:23:38
14675,108628,2,1,2020-12-10 11:12:57,2020-12-10 16:26:00
14675,108686,3,1,2020-12-11 11:00:35,2020-12-13 16:25:35
14675,108703,1,1,2020-12-11 18:09:27,2020-12-11 18:09:27
14675,108739,5,1,2020-12-12 15:44:38,2020-12-13 14:50:52
14675,108823,1,1,2020-12-18 13:43:00,2020-12-18 13:43:00
14675,109091,2,1,2022-11-16 21:34:08,2022-11-16 23:12:15
14675,109140,1,1,2020-12-20 10:00:04,2020-12-20 10:00:04
14675,109158,1,1,2020-12-20 16:11:14,2020-12-20 16:11:14
14675,109181,1,1,2020-12-21 11:07:16,2020-12-21 11:07:16
14675,109295,3,1,2021-06-08 16:59:40,2021-06-08 18:28:12
14675,109355,2,1,2020-12-24 11:00:36,2020-12-24 14:22:45
14675,109441,1,1,2023-06-23 06:18:43,2023-06-23 06:18:43
14675,109445,1,1,2020-12-27 09:50:11,2020-12-27 09:50:11
14675,109454,2,1,2020-12-27 09:59:20,2020-12-27 10:33:22
14675,109511,3,2,2020-12-28 09:58:47,2021-01-09 16:04:49
14675,109588,1,1,2020-12-29 23:25:36,2020-12-29 23:25:36
14675,109598,1,1,2020-12-30 16:54:09,2020-12-30 16:54:09
14675,109836,2,0,2021-02-19 12:47:01,2021-02-19 13:25:59
14675,109942,2,1,2023-02-23 12:09:03,2023-02-23 13:08:17
14675,110227,2,0,2021-01-13 10:02:54,2021-01-13 10:04:00
14675,110618,2,0,2021-01-20 23:41:48,2021-01-21 07:39:36
14675,110694,1,1,2023-05-11 08:47:55,2023-05-11 08:47:55
14675,110760,1,1,2021-03-08 22:19:50,2021-03-08 22:19:50
14675,110856,1,0,2021-03-02 08:58:18,2021-03-02 08:58:18
14675,110876,2,1,2021-01-26 20:30:36,2021-01-26 23:34:16
14675,110898,2,1,2021-02-11 13:08:39,2021-02-13 13:45:17
14675,110934,1,1,2021-06-15 23:02:09,2021-06-15 23:02:09
14675,110962,1,0,2021-01-27 19:13:24,2021-01-27 19:13:24
14675,111070,1,0,2021-01-29 20:58:35,2021-01-29 20:58:35
14675,111128,3,1,2022-01-14 09:30:00,2022-01-15 09:21:02
14675,111186,1,1,2021-02-21 11:57:56,2021-02-21 11:57:56
14675,111191,1,1,2021-02-01 10:42:50,2021-02-01 10:42:50
14675,111305,1,0,2021-02-09 08:00:28,2021-02-09 08:00:28
14675,111345,1,1,2021-02-04 08:16:00,2021-02-04 08:16:00
14675,111367,1,1,2021-02-04 17:04:57,2021-02-04 17:04:57
14675,111405,2,1,2021-02-05 14:35:29,2021-02-05 20:59:48
14675,111406,5,2,2021-02-05 13:45:18,2021-02-06 10:23:52
14675,111407,1,1,2021-02-05 08:04:34,2021-02-05 08:04:34
14675,111417,1,1,2021-02-05 10:25:56,2021-02-05 10:25:56
14675,111463,1,1,2021-04-11 12:09:43,2021-04-11 12:09:43
14675,111496,1,1,2021-07-01 23:10:57,2021-07-01 23:10:57
14675,111512,1,1,2021-02-12 20:01:53,2021-02-12 20:01:53
14675,111562,4,1,2021-03-01 17:10:45,2021-03-02 13:05:08
14675,111653,1,0,2021-04-06 13:03:53,2021-04-06 13:03:53
14675,111872,2,0,2024-03-31 06:19:09,2024-03-31 07:28:57
14675,112139,2,1,2021-04-12 23:38:20,2022-07-21 22:28:32
14675,112669,1,0,2021-03-01 23:41:27,2021-03-01 23:41:27
14675,112710,1,1,2021-03-02 22:23:32,2021-03-02 22:23:32
14675,112784,1,1,2021-03-04 08:12:25,2021-03-04 08:12:25
14675,112855,2,1,2021-03-05 19:17:49,2021-03-17 17:14:54
14675,113034,6,1,2021-03-09 16:57:56,2021-03-09 23:12:16
14675,113067,1,0,2024-04-18 10:50:28,2024-04-18 10:50:28
14675,113389,1,1,2021-04-15 06:43:32,2021-04-15 06:43:32
14675,113630,1,0,2021-05-08 18:57:51,2021-05-08 18:57:51
14675,113635,1,1,2021-03-21 16:08:42,2021-03-21 16:08:42
14675,115195,1,1,2021-03-31 13:54:39,2021-03-31 13:54:39
14675,115214,1,1,2021-04-16 17:09:41,2021-04-16 17:09:41
14675,115284,1,1,2023-11-10 13:49:53,2023-11-10 13:49:53
14675,115332,2,1,2021-07-31 16:06:41,2021-07-31 18:52:50
14675,115434,2,1,2022-03-21 11:59:47,2022-03-21 20:20:16
14675,115447,2,0,2021-04-26 10:49:20,2021-05-20 06:47:12
14675,115502,1,1,2023-03-27 19:08:35,2023-03-27 19:08:35
14675,115588,3,0,2021-06-14 15:54:31,2021-06-15 11:08:24
14675,115682,1,0,2021-04-09 07:08:00,2021-04-09 07:08:00
14675,115733,1,1,2021-04-10 07:59:00,2021-04-10 07:59:00
14675,115751,1,1,2021-04-10 12:58:56,2021-04-10 12:58:56
14675,115760,2,1,2021-04-10 16:34:37,2021-04-11 08:30:32
14675,115880,1,1,2021-04-14 17:58:12,2021-04-14 17:58:12
14675,115927,1,0,2021-04-27 06:28:47,2021-04-27 06:28:47
14675,116086,1,0,2021-04-21 07:54:09,2021-04-21 07:54:09
14675,116168,1,1,2021-04-16 13:52:14,2021-04-16 13:52:14
14675,116202,1,1,2021-04-17 09:30:14,2021-04-17 09:30:14
14675,116260,2,0,2021-04-18 17:10:12,2021-04-19 06:39:33
14675,116344,4,1,2021-04-20 06:29:56,2021-04-22 09:37:23
14675,116413,1,1,2021-04-30 12:13:59,2021-04-30 12:13:59
14675,116510,2,1,2021-07-20 14:35:09,2021-07-24 17:25:53
14675,116522,3,1,2021-04-23 07:40:14,2021-04-26 08:00:56
14675,116731,1,0,2021-04-27 12:31:32,2021-04-27 12:31:32
14675,116752,1,0,2023-01-27 15:54:49,2023-01-27 15:54:49
14675,116810,2,1,2021-05-12 06:58:57,2021-05-12 07:41:56
14675,116963,1,0,2021-05-06 06:52:40,2021-05-06 06:52:40
14675,116964,1,0,2021-05-01 21:27:55,2021-05-01 21:27:55
14675,116983,1,0,2023-04-18 19:42:23,2023-04-18 19:42:23
14675,117059,4,2,2021-05-03 21:39:00,2021-05-05 19:25:11
14675,117151,1,0,2024-03-26 13:51:07,2024-03-26 13:51:07
14675,117255,3,1,2021-05-13 07:03:31,2021-06-16 13:16:08
14675,117292,1,1,2021-07-10 09:09:15,2021-07-10 09:09:15
14675,117647,4,1,2021-05-14 10:48:33,2021-05-16 15:53:35
14675,117784,2,1,2021-05-22 08:07:52,2021-05-22 10:39:33
14675,117919,1,1,2021-05-19 06:31:20,2021-05-19 06:31:20
14675,118020,2,1,2021-05-20 14:39:06,2021-05-21 07:16:34
14675,118130,1,1,2021-08-02 07:23:23,2021-08-02 07:23:23
14675,118425,1,0,2021-05-27 14:43:51,2021-05-27 14:43:51
14675,118526,3,1,2023-11-30 07:42:17,2023-11-30 10:57:52
14675,118699,3,2,2021-06-18 09:56:20,2021-08-08 18:39:40
14675,118731,1,1,2021-06-03 08:24:19,2021-06-03 08:24:19
14675,119165,1,1,2021-07-10 16:33:19,2021-07-10 16:33:19
14675,119351,1,0,2021-06-16 18:59:46,2021-06-16 18:59:46
14675,119374,1,1,2021-06-15 21:54:44,2021-06-15 21:54:44
14675,119409,1,0,2021-06-16 10:36:31,2021-06-16 10:36:31
14675,119630,4,1,2021-06-21 13:37:49,2021-07-24 09:18:08
14675,119825,2,0,2023-12-11 12:31:27,2023-12-12 09:53:54
14675,119882,1,0,2023-06-12 14:00:40,2023-06-12 14:00:40
14675,119921,1,1,2021-07-31 08:59:18,2021-07-31 08:59:18
14675,119957,1,0,2021-06-28 13:35:15,2021-06-28 13:35:15
14675,120215,3,1,2023-01-07 09:06:07,2023-01-08 08:01:07
14675,120468,2,1,2021-07-08 18:05:18,2021-07-08 18:37:24
14675,120687,3,1,2021-07-15 15:53:13,2021-07-15 16:28:46
14675,121001,5,1,2021-07-21 14:21:09,2021-07-22 15:10:50
14675,121167,1,0,2023-05-12 08:50:09,2023-05-12 08:50:09
14675,121222,9,5,2022-03-20 08:49:33,2023-01-13 08:22:51
14675,122316,1,0,2021-07-29 13:23:43,2021-07-29 13:23:43
14675,122447,1,1,2021-08-02 07:31:13,2021-08-02 07:31:13
14675,122487,1,0,2021-08-02 14:53:41,2021-08-02 14:53:41
14675,122641,2,1,2021-09-21 06:45:30,2021-09-22 08:32:32
14675,122783,1,1,2021-08-09 14:31:41,2021-08-09 14:31:41
14675,122822,1,1,2021-08-10 14:22:44,2021-08-10 14:22:44
14675,122966,5,1,2024-02-23 08:46:46,2024-03-26 07:28:21
14675,123071,2,0,2021-09-27 07:19:59,2021-09-27 22:56:31
14675,123265,1,0,2023-01-31 22:08:11,2023-01-31 22:08:11
14675,123568,1,0,2024-01-08 08:38:02,2024-01-08 08:38:02
14675,123635,2,1,2021-08-30 12:48:35,2021-08-31 10:03:20
14675,124813,1,0,2021-09-02 17:09:56,2021-09-02 17:09:56
14675,124814,1,0,2021-09-03 10:27:47,2021-09-03 10:27:47
14675,124911,3,1,2021-09-05 10:52:55,2021-12-20 22:08:30
14675,124975,1,1,2021-09-07 09:43:10,2021-09-07 09:43:10
14675,125222,1,1,2023-06-30 19:00:35,2023-06-30 19:00:35
14675,125699,1,1,2021-09-24 16:21:03,2021-09-24 16:21:03
14675,125747,3,1,2023-11-24 15:04:11,2024-01-10 10:27:41
14675,126291,2,0,2024-01-23 23:59:55,2024-01-24 11:24:36
14675,126371,2,0,2023-05-03 18:46:50,2023-05-04 06:01:37
14675,126563,2,1,2024-01-15 14:54:51,2024-01-15 16:38:53
14675,126655,2,0,2024-03-28 07:06:34,2024-03-28 17:11:05
14675,126844,4,2,2023-03-20 18:56:13,2023-08-09 10:46:52
14675,127125,1,1,2023-01-27 10:05:09,2023-01-27 10:05:09
14675,127231,1,1,2021-11-16 01:11:49,2021-11-16 01:11:49
14675,127576,1,0,2023-12-09 14:44:26,2023-12-09 14:44:26
14675,127637,1,1,2024-02-15 15:37:35,2024-02-15 15:37:35
14675,127707,4,1,2022-03-01 22:30:41,2022-03-02 07:39:52
14675,128336,2,1,2021-12-17 12:20:06,2021-12-17 17:32:27
14675,128871,1,1,2023-02-23 23:39:32,2023-02-23 23:39:32
14675,130104,1,1,2021-12-21 14:32:17,2021-12-21 14:32:17
14675,130144,1,1,2021-12-22 13:05:19,2021-12-22 13:05:19
14675,130360,1,0,2023-01-09 10:06:22,2023-01-09 10:06:22
14675,130405,1,1,2023-06-26 14:15:43,2023-06-26 14:15:43
14675,130416,1,0,2021-12-30 15:46:16,2021-12-30 15:46:16
14675,130534,1,1,2022-07-21 13:48:07,2022-07-21 13:48:07
14675,130785,1,0,2023-06-13 10:11:54,2023-06-13 10:11:54
14675,130789,1,1,2022-01-10 08:41:59,2022-01-10 08:41:59
14675,130807,1,1,2022-12-02 08:52:39,2022-12-02 08:52:39
14675,130825,1,0,2022-01-10 16:52:34,2022-01-10 16:52:34
14675,130836,1,1,2022-01-18 09:14:26,2022-01-18 09:14:26
14675,130860,2,1,2022-10-16 14:09:45,2022-10-27 09:35:00
14675,131082,7,1,2022-01-27 08:35:39,2023-10-24 13:00:20
14675,131424,1,1,2023-03-01 09:12:09,2023-03-01 09:12:09
14675,131452,2,1,2022-04-19 14:14:12,2022-04-21 15:39:40
14675,131709,1,0,2023-06-17 22:27:50,2023-06-17 22:27:50
14675,131857,1,1,2022-02-02 17:07:06,2022-02-02 17:07:06
14675,132124,2,1,2022-02-17 11:00:38,2022-02-17 15:37:08
14675,132351,2,1,2022-02-14 08:28:22,2022-02-14 09:47:43
14675,132452,1,0,2022-04-07 09:24:07,2022-04-07 09:24:07
14675,132612,2,1,2023-02-24 21:07:58,2023-02-25 12:36:54
14675,132768,1,1,2022-03-08 13:49:54,2022-03-08 13:49:54
14675,132904,2,0,2023-02-02 13:02:46,2023-02-02 14:01:56
14675,132995,1,0,2022-07-05 21:54:29,2022-07-05 21:54:29
14675,133014,1,0,2022-09-08 07:27:07,2022-09-08 07:27:07
14675,133184,14,3,2022-07-16 05:56:39,2022-09-06 06:22:20
14675,133450,2,0,2022-04-05 14:17:17,2022-04-06 12:22:38
14675,133569,1,0,2023-02-22 12:46:37,2023-02-22 12:46:37
14675,133685,1,0,2022-04-07 09:24:59,2022-04-07 09:24:59
14675,133818,3,1,2022-03-25 08:15:42,2022-03-28 12:04:26
14675,134419,1,1,2023-06-01 14:01:52,2023-06-01 14:01:52
14675,134529,1,0,2024-03-20 08:03:39,2024-03-20 08:03:39
14675,134776,1,1,2023-04-24 17:54:41,2023-04-24 17:54:41
14675,134833,1,0,2023-06-23 12:52:46,2023-06-23 12:52:46
14675,134909,1,1,2023-11-18 08:10:18,2023-11-18 08:10:18
14675,135146,1,1,2022-11-29 07:37:30,2022-11-29 07:37:30
14675,135410,5,1,2022-05-11 16:04:13,2022-05-12 08:59:06
14675,135420,1,0,2022-05-06 17:15:29,2022-05-06 17:15:29
14675,135463,1,1,2022-05-18 09:03:03,2022-05-18 09:03:03
14675,135593,1,0,2022-12-14 08:47:02,2022-12-14 08:47:02
14675,135823,2,0,2022-05-16 19:00:44,2022-05-17 08:55:28
14675,135876,3,1,2022-05-18 06:36:13,2022-05-18 10:45:59
14675,135896,1,1,2023-08-30 10:52:20,2023-08-30 10:52:20
14675,135914,1,1,2022-05-18 16:30:29,2022-05-18 16:30:29
14675,135972,2,1,2021-01-13 21:20:37,2021-01-13 23:10:07
14675,136113,2,0,2022-05-24 10:50:24,2022-05-24 11:00:55
14675,136180,1,1,2022-06-12 09:35:13,2022-06-12 09:35:13
14675,136846,2,0,2022-06-12 12:19:20,2022-06-12 13:54:48
14675,136871,1,1,2023-02-09 07:28:00,2023-02-09 07:28:00
14675,137122,1,1,2022-06-19 19:08:07,2022-06-19 19:08:07
14675,137223,3,1,2022-12-07 23:56:43,2022-12-08 22:59:40
14675,137378,2,1,2022-07-20 15:02:21,2022-07-21 09:37:01
14675,137711,1,0,2023-02-10 09:29:07,2023-02-10 09:29:07
14675,138128,3,1,2023-11-16 09:29:31,2023-11-16 15:00:27
14675,138349,2,1,2022-07-21 07:36:52,2022-07-25 07:41:12
14675,138508,3,1,2023-02-24 16:53:21,2023-02-24 18:21:13
14675,138534,4,1,2022-07-26 15:23:38,2022-07-27 09:45:07
14675,138539,1,0,2022-07-26 18:15:59,2022-07-26 18:15:59
14675,138546,1,1,2022-07-26 16:09:04,2022-07-26 16:09:04
14675,138551,1,0,2022-07-26 18:14:02,2022-07-26 18:14:02
14675,138654,3,1,2022-07-29 13:12:03,2022-07-31 07:28:37
14675,138830,1,0,2023-06-03 16:43:37,2023-06-03 16:43:37
14675,138954,4,1,2023-05-12 06:32:47,2023-05-19 11:20:12
14675,139024,2,0,2022-08-09 16:26:42,2022-08-09 17:09:39
14675,139124,2,1,2022-08-11 21:25:56,2022-08-12 06:53:57
14675,139208,1,0,2023-05-18 19:30:45,2023-05-18 19:30:45
14675,139235,1,1,2023-02-28 00:11:39,2023-02-28 00:11:39
14675,139391,1,1,2023-03-27 08:51:54,2023-03-27 08:51:54
14675,139816,1,0,2022-10-19 06:42:43,2022-10-19 06:42:43
14675,140215,3,1,2022-09-09 09:56:38,2022-09-09 16:04:40
14675,140256,1,1,2023-02-06 07:23:34,2023-02-06 07:23:34
14675,140391,1,1,2023-09-17 07:16:20,2023-09-17 07:16:20
14675,140515,1,0,2023-12-21 17:55:07,2023-12-21 17:55:07
14675,140586,2,1,2022-09-19 12:12:02,2022-09-19 13:04:55
14675,140877,2,0,2022-09-27 16:03:21,2022-09-29 14:42:45
14675,141023,2,1,2023-02-26 15:11:04,2023-02-26 19:31:23
14675,141191,3,1,2023-02-28 18:56:38,2023-02-28 20:09:43
14675,141192,12,5,2023-01-25 15:06:02,2023-02-24 20:02:39
14675,141397,1,1,2022-10-11 06:37:38,2022-10-11 06:37:38
14675,141432,4,1,2023-03-31 10:06:32,2024-02-26 20:53:55
14675,141493,9,2,2023-02-03 10:02:32,2023-02-06 07:10:40
14675,141608,1,1,2023-01-11 14:54:28,2023-01-11 14:54:28
14675,141615,2,1,2023-08-22 11:36:55,2023-08-24 11:01:47
14675,141632,4,1,2022-10-18 14:25:59,2022-10-19 09:36:31
14675,141647,2,1,2023-05-09 06:21:22,2023-05-12 18:43:29
14675,141657,1,1,2022-10-17 18:35:47,2022-10-17 18:35:47
14675,141703,1,0,2022-10-18 23:46:17,2022-10-18 23:46:17
14675,141710,1,1,2022-10-18 20:21:19,2022-10-18 20:21:19
14675,141812,1,1,2022-10-21 09:20:33,2022-10-21 09:20:33
14675,142073,2,2,2023-01-06 10:10:16,2023-04-17 16:12:20
14675,142361,1,1,2022-12-13 22:18:28,2022-12-13 22:18:28
14675,142475,1,1,2022-12-02 08:43:31,2022-12-02 08:43:31
14675,142495,1,0,2023-11-10 10:11:08,2023-11-10 10:11:08
14675,142618,4,1,2023-03-10 07:31:26,2023-03-10 10:09:07
14675,142701,1,1,2022-11-12 11:45:50,2022-11-12 11:45:50
14675,142815,1,1,2023-02-21 18:44:49,2023-02-21 18:44:49
14675,142852,2,1,2023-04-01 18:26:35,2023-04-01 18:40:59
14675,142936,1,1,2023-01-20 10:43:23,2023-01-20 10:43:23
14675,142938,2,0,2023-05-17 14:38:48,2023-05-17 20:11:30
14675,142965,1,1,2022-12-08 15:48:52,2022-12-08 15:48:52
14675,143059,5,0,2022-12-21 14:53:32,2023-05-02 07:37:17
14675,143195,1,1,2022-11-24 21:45:08,2022-11-24 21:45:08
14675,143232,1,0,2022-11-26 10:49:58,2022-11-26 10:49:58
14675,143282,2,1,2022-11-28 10:09:10,2023-05-21 08:57:42
14675,143421,1,1,2022-12-01 16:57:46,2022-12-01 16:57:46
14675,143513,2,1,2023-03-04 17:32:06,2023-03-07 10:18:21
14675,143629,2,1,2022-12-07 09:45:55,2022-12-07 18:55:21
14675,143696,3,1,2023-01-25 13:47:01,2023-01-25 15:50:01
14675,144151,1,0,2022-12-22 07:22:02,2022-12-22 07:22:02
14675,144199,1,0,2022-12-23 10:12:27,2022-12-23 10:12:27
14675,144269,1,1,2023-04-03 14:36:17,2023-04-03 14:36:17
14675,144504,3,1,2023-01-04 10:08:33,2023-01-04 11:08:03
14675,144659,1,1,2023-01-09 12:26:38,2023-01-09 12:26:38
14675,144666,1,0,2023-01-09 10:50:45,2023-01-09 10:50:45
14675,144729,1,1,2023-01-11 07:39:56,2023-01-11 07:39:56
14675,144738,1,1,2023-01-11 15:02:54,2023-01-11 15:02:54
14675,144971,1,0,2023-01-18 17:38:20,2023-01-18 17:38:20
14675,144994,2,1,2023-06-07 08:22:36,2023-06-19 14:19:20
14675,145086,8,1,2023-01-22 08:25:33,2023-01-23 21:44:26
14675,145107,2,0,2023-01-22 17:27:08,2023-01-22 17:47:57
14675,145178,1,1,2023-01-28 17:38:03,2023-01-28 17:38:03
14675,145269,1,0,2024-02-10 15:13:09,2024-02-10 15:13:09
14675,145280,3,1,2023-01-27 17:34:39,2023-01-27 21:17:31
14675,145297,3,1,2023-01-28 15:03:27,2023-01-30 08:13:44
14675,145339,2,1,2023-02-26 22:57:17,2023-02-27 18:05:15
14675,145357,1,1,2023-01-29 13:50:53,2023-01-29 13:50:53
14675,145391,1,0,2023-01-30 15:58:16,2023-01-30 15:58:16
14675,145422,1,0,2023-01-31 14:13:47,2023-01-31 14:13:47
14675,145424,1,0,2023-01-31 14:17:00,2023-01-31 14:17:00
14675,145475,1,1,2023-02-01 12:28:39,2023-02-01 12:28:39
14675,145558,2,1,2023-02-08 14:50:03,2023-02-09 07:21:32
14675,145559,1,1,2023-02-04 08:42:49,2023-02-04 08:42:49
14675,145607,1,1,2023-02-05 12:27:16,2023-02-05 12:27:16
14675,145657,1,0,2023-02-06 18:50:41,2023-02-06 18:50:41
14675,145668,1,1,2023-02-07 12:52:35,2023-02-07 12:52:35
14675,145695,1,1,2023-02-07 16:34:53,2023-02-07 16:34:53
14675,145714,3,1,2024-04-22 14:30:22,2024-05-01 17:02:07
14675,145718,1,1,2023-02-11 10:34:15,2023-02-11 10:34:15
14675,145759,1,1,2023-02-09 14:28:15,2023-02-09 14:28:15
14675,145766,1,1,2024-03-13 14:06:48,2024-03-13 14:06:48
14675,145777,1,0,2023-02-09 15:59:14,2023-02-09 15:59:14
14675,145823,1,1,2023-02-11 15:46:08,2023-02-11 15:46:08
14675,145893,4,1,2023-02-13 07:41:00,2023-02-13 08:58:45
14675,145940,7,1,2023-02-28 11:05:41,2023-02-28 16:42:44
14675,145957,1,0,2023-02-22 07:33:34,2023-02-22 07:33:34
14675,145980,1,1,2023-02-15 12:38:24,2023-02-15 12:38:24
14675,146035,2,2,2024-02-22 15:32:29,2024-02-28 19:28:11
14675,146101,1,0,2023-02-18 08:23:34,2023-02-18 08:23:34
14675,146168,1,1,2023-02-20 19:20:18,2023-02-20 19:20:18
14675,146201,1,1,2023-02-21 10:52:29,2023-02-21 10:52:29
14675,146212,1,1,2023-02-21 13:41:03,2023-02-21 13:41:03
14675,146237,1,0,2024-02-14 07:59:38,2024-02-14 07:59:38
14675,146258,1,0,2023-02-22 13:32:19,2023-02-22 13:32:19
14675,146262,1,0,2023-02-22 17:11:19,2023-02-22 17:11:19
14675,146312,2,1,2023-02-24 10:40:34,2023-02-27 08:33:37
14675,146377,7,1,2023-11-22 11:25:19,2023-11-23 14:04:32
14675,146392,2,1,2023-02-26 15:27:26,2023-02-26 15:27:44
14675,146452,3,0,2024-01-28 18:33:39,2024-01-31 17:11:42
14675,146499,1,0,2023-05-30 18:51:48,2023-05-30 18:51:48
14675,146539,1,0,2023-03-01 19:00:16,2023-03-01 19:00:16
14675,147563,1,1,2023-03-03 21:52:45,2023-03-03 21:52:45
14675,147564,1,0,2023-05-19 06:15:45,2023-05-19 06:15:45
14675,147666,2,0,2024-02-08 17:37:24,2024-02-08 19:33:49
14675,147811,2,0,2023-03-10 18:54:29,2023-03-10 19:02:39
14675,147868,3,3,2023-03-24 15:12:06,2023-06-11 15:52:42
14675,147959,1,1,2023-10-07 08:47:33,2023-10-07 08:47:33
14675,147968,3,1,2023-03-15 15:19:20,2023-03-22 11:18:11
14675,148029,1,1,2023-03-17 15:41:23,2023-03-17 15:41:23
14675,148127,4,1,2023-03-24 09:05:09,2023-03-24 13:02:28
14675,148133,1,1,2023-11-24 11:18:48,2023-11-24 11:18:48
14675,148138,7,1,2023-03-20 15:51:47,2023-03-23 13:13:50
14675,148338,1,1,2023-03-26 19:06:54,2023-03-26 19:06:54
14675,148358,1,1,2023-03-28 15:43:32,2023-03-28 15:43:32
14675,148448,1,1,2023-03-30 07:10:34,2023-03-30 07:10:34
14675,148529,1,1,2023-04-01 14:38:55,2023-04-01 14:38:55
14675,148562,4,1,2023-05-14 14:22:53,2023-05-15 07:11:16
14675,148801,1,0,2023-08-03 09:28:15,2023-08-03 09:28:15
14675,148941,3,0,2024-04-03 13:12:15,2024-04-03 13:20:06
14675,149092,1,1,2023-06-26 14:10:02,2023-06-26 14:10:02
14675,149300,2,1,2023-04-25 17:46:37,2023-04-26 19:53:01
14675,149332,2,1,2023-04-27 13:50:59,2023-05-02 14:54:16
14675,149333,1,1,2023-05-05 16:01:05,2023-05-05 16:01:05
14675,149366,1,1,2023-04-27 14:11:47,2023-04-27 14:11:47
14675,149431,4,3,2023-05-03 11:11:47,2023-05-17 05:13:17
14675,149533,1,1,2023-05-03 12:40:10,2023-05-03 12:40:10
14675,149540,1,0,2023-05-03 15:52:11,2023-05-03 15:52:11
14675,149545,1,1,2023-05-03 18:54:31,2023-05-03 18:54:31
14675,149588,1,0,2023-05-05 07:33:12,2023-05-05 07:33:12
14675,149602,1,0,2023-05-05 16:56:27,2023-05-05 16:56:27
14675,149742,1,1,2023-05-13 08:25:01,2023-05-13 08:25:01
14675,149892,1,1,2023-05-16 08:27:02,2023-05-16 08:27:02
14675,149915,1,1,2023-05-16 14:17:41,2023-05-16 14:17:41
14675,149917,1,0,2023-05-16 18:25:20,2023-05-16 18:25:20
14675,149935,2,1,2023-05-17 04:50:52,2023-05-17 15:33:51
14675,149960,1,0,2023-05-18 06:17:24,2023-05-18 06:17:24
14675,149983,1,0,2023-05-18 10:37:32,2023-05-18 10:37:32
14675,150142,2,0,2023-05-23 20:35:29,2023-05-24 16:13:14
14675,150283,1,1,2023-05-29 06:33:01,2023-05-29 06:33:01
14675,150337,1,1,2023-05-30 17:18:06,2023-05-30 17:18:06
14675,150615,2,0,2023-06-08 09:27:47,2023-06-09 08:37:22
14675,150619,1,0,2023-06-08 07:41:58,2023-06-08 07:41:58
14675,150709,8,1,2023-06-11 15:00:12,2023-06-12 09:06:28
14675,150743,1,0,2023-06-12 14:02:13,2023-06-12 14:02:13
14675,150761,1,1,2023-06-13 08:09:02,2023-06-13 08:09:02
14675,150798,1,0,2023-06-14 10:29:31,2023-06-14 10:29:31
14675,150803,19,6,2023-06-14 14:27:55,2023-07-27 16:26:57
14675,150915,4,0,2023-06-18 11:31:49,2023-06-18 16:01:21
14675,150919,6,2,2023-06-18 08:22:27,2023-06-21 09:22:10
14675,150983,1,1,2023-06-20 07:05:52,2023-06-20 07:05:52
14675,151001,4,1,2023-06-20 11:59:14,2023-06-21 15:34:25
14675,151005,1,0,2023-06-20 12:45:16,2023-06-20 12:45:16
14675,151007,1,1,2023-06-20 14:22:46,2023-06-20 14:22:46
14675,151112,1,0,2023-06-23 12:48:07,2023-06-23 12:48:07
14675,151185,1,0,2023-06-26 13:45:01,2023-06-26 13:45:01
14675,151217,2,0,2023-06-27 13:40:33,2023-06-28 12:41:17
14675,151293,2,1,2023-06-29 22:40:04,2023-06-30 15:32:36
14675,151816,1,1,2023-07-17 08:17:09,2023-07-17 08:17:09
14675,151990,1,1,2023-09-16 07:03:57,2023-09-16 07:03:57
14675,152103,1,1,2023-12-18 15:09:22,2023-12-18 15:09:22
14675,152976,2,1,2023-08-03 07:45:21,2023-08-03 19:16:45
14675,153416,2,1,2023-08-07 08:41:44,2023-08-07 08:42:09
14675,153632,1,1,2023-08-13 08:54:45,2023-08-13 08:54:45
14675,153928,3,1,2023-08-24 13:43:12,2023-08-28 07:56:35
14675,154033,4,1,2023-09-01 11:18:56,2023-09-06 07:48:28
14675,154259,1,0,2023-09-06 06:31:49,2023-09-06 06:31:49
14675,154634,1,0,2023-09-18 19:06:21,2023-09-18 19:06:21
14675,154637,1,1,2023-11-08 13:27:02,2023-11-08 13:27:02
14675,154983,1,1,2023-10-23 10:30:11,2023-10-23 10:30:11
14675,155068,2,0,2023-11-25 10:03:44,2024-03-27 07:13:26
14675,155082,1,0,2023-10-23 21:49:07,2023-10-23 21:49:07
14675,155105,2,1,2023-10-07 12:29:48,2023-10-07 14:19:54
14675,155123,1,1,2023-10-07 14:06:59,2023-10-07 14:06:59
14675,155131,2,1,2023-10-07 17:14:38,2024-02-05 15:04:34
14675,155165,1,0,2023-10-09 06:34:25,2023-10-09 06:34:25
14675,155171,2,0,2024-02-01 06:54:56,2024-02-01 08:58:24
14675,155214,1,0,2023-10-11 07:54:26,2023-10-11 07:54:26
14675,155444,2,0,2024-04-10 16:18:31,2024-04-12 09:00:51
14675,155518,2,1,2024-01-07 15:39:38,2024-02-02 07:04:23
14675,155591,1,0,2023-10-25 09:37:53,2023-10-25 09:37:53
14675,155598,1,1,2023-11-15 07:32:30,2023-11-15 07:32:30
14675,155612,5,2,2023-10-27 16:57:48,2023-11-14 17:16:59
14675,155617,1,1,2023-10-26 10:19:06,2023-10-26 10:19:06
14675,155619,1,0,2023-10-26 12:13:09,2023-10-26 12:13:09
14675,156153,7,2,2023-11-13 11:35:12,2023-11-21 11:09:03
14675,156208,1,0,2023-11-14 16:00:57,2023-11-14 16:00:57
14675,156221,1,1,2023-11-14 22:50:27,2023-11-14 22:50:27
14675,156239,2,0,2023-11-15 08:57:00,2023-11-15 09:32:49
14675,156282,1,1,2023-11-17 06:17:57,2023-11-17 06:17:57
14675,156334,1,1,2024-04-11 05:44:32,2024-04-11 05:44:32
14675,156392,1,0,2023-11-21 06:59:06,2023-11-21 06:59:06
14675,156451,2,1,2023-11-22 07:43:24,2023-11-22 18:02:09
14675,156460,1,0,2024-01-10 07:43:49,2024-01-10 07:43:49
14675,156564,1,0,2023-11-25 19:05:08,2023-11-25 19:05:08
14675,156612,1,1,2023-11-27 15:15:29,2023-11-27 15:15:29
14675,156646,2,0,2023-11-28 14:29:02,2023-11-28 15:40:38
14675,156978,1,0,2023-12-10 18:12:41,2023-12-10 18:12:41
14675,158097,1,1,2023-12-14 07:22:50,2023-12-14 07:22:50
14675,158168,1,1,2023-12-16 16:30:34,2023-12-16 16:30:34
14675,158199,1,1,2024-02-17 11:33:26,2024-02-17 11:33:26
14675,158295,1,1,2023-12-21 07:59:39,2023-12-21 07:59:39
14675,158384,1,0,2023-12-26 07:28:53,2023-12-26 07:28:53
14675,158395,1,0,2023-12-26 08:14:30,2023-12-26 08:14:30
14675,158463,1,1,2024-01-10 07:41:57,2024-01-10 07:41:57
14675,158516,1,0,2024-01-02 13:51:18,2024-01-02 13:51:18
14675,158585,1,0,2024-01-05 08:25:44,2024-01-05 08:25:44
14675,158608,1,0,2024-01-06 09:04:43,2024-01-06 09:04:43
14675,158645,1,1,2024-01-08 08:23:22,2024-01-08 08:23:22
14675,158668,1,1,2024-01-19 11:10:03,2024-01-19 11:10:03
14675,158672,1,0,2024-01-08 17:18:46,2024-01-08 17:18:46
14675,158688,2,0,2024-01-09 08:48:08,2024-01-09 09:58:19
14675,158723,1,1,2024-01-10 12:04:28,2024-01-10 12:04:28
14675,158748,1,0,2024-01-11 12:20:23,2024-01-11 12:20:23
14675,158763,1,1,2024-01-11 19:12:25,2024-01-11 19:12:25
14675,158788,1,1,2024-01-13 06:39:28,2024-01-13 06:39:28
14675,158795,2,0,2024-01-13 07:17:47,2024-01-13 07:18:02
14675,158898,1,1,2024-01-17 07:12:53,2024-01-17 07:12:53
14675,159013,3,0,2024-02-20 16:50:40,2024-02-20 18:38:06
14675,159363,1,0,2024-01-29 20:22:40,2024-01-29 20:22:40
14675,159467,1,1,2024-02-01 16:10:38,2024-02-01 16:10:38
14675,159562,1,0,2024-04-17 06:02:38,2024-04-17 06:02:38
14675,159590,1,0,2024-02-07 12:11:28,2024-02-07 12:11:28
14675,159650,1,1,2024-02-10 21:38:27,2024-02-10 21:38:27
14675,159682,1,1,2024-02-10 15:39:31,2024-02-10 15:39:31
14675,159707,2,1,2024-02-11 13:57:33,2024-02-11 14:55:44
14675,159744,1,0,2024-02-13 07:26:45,2024-02-13 07:26:45
14675,159775,2,1,2024-02-14 18:18:38,2024-02-16 20:20:14
14675,159784,2,1,2024-02-15 08:43:45,2024-02-16 13:35:59
14675,159837,2,1,2024-02-17 14:04:44,2024-02-19 16:27:21
14675,159980,1,0,2024-02-21 17:12:37,2024-02-21 17:12:37
14675,160014,1,1,2024-02-23 10:10:07,2024-02-23 10:10:07
14675,161189,1,1,2024-03-02 07:34:41,2024-03-02 07:34:41
14675,161195,2,1,2024-03-02 08:01:43,2024-03-04 10:24:41
14675,161314,1,0,2024-03-07 06:36:05,2024-03-07 06:36:05
14675,161683,1,0,2024-03-21 14:45:33,2024-03-21 14:45:33
14675,161721,2,1,2024-03-23 08:31:55,2024-04-01 11:11:41
14675,161787,1,1,2024-03-26 08:26:39,2024-03-26 08:26:39
14675,161799,4,0,2024-03-26 16:16:08,2024-03-27 08:39:51
14675,161849,2,0,2024-03-28 08:12:54,2024-03-28 19:53:59
14675,162039,1,0,2024-04-05 14:21:10,2024-04-05 14:21:10
14675,162170,1,1,2024-04-11 15:28:36,2024-04-11 15:28:36
14675,162183,1,1,2024-04-12 05:52:42,2024-04-12 05:52:42
14675,162254,7,3,2024-04-14 19:01:25,2024-04-30 16:58:27
14675,162256,1,0,2024-04-23 18:00:51,2024-04-23 18:00:51
14675,162350,1,0,2024-04-18 16:59:39,2024-04-18 16:59:39
14675,162420,1,0,2024-04-21 16:37:41,2024-04-21 16:37:41
14675,162452,1,1,2024-04-23 14:57:46,2024-04-23 14:57:46
14675,162457,1,0,2024-04-23 14:46:49,2024-04-23 14:46:49
14675,162459,1,0,2024-04-23 15:04:23,2024-04-23 15:04:23
14675,162473,2,1,2024-04-24 08:28:07,2024-04-24 08:33:43
14675,162722,2,0,2024-05-05 09:25:45,2024-05-05 13:50:14
14675,162732,1,1,2024-05-06 06:00:08,2024-05-06 06:00:08
14675,163010,1,0,2024-05-17 11:41:29,2024-05-17 11:41:29
14688,64876,1,0,2023-05-22 07:36:04,2023-05-22 07:36:04
14688,149919,1,0,2023-05-22 07:40:15,2023-05-22 07:40:15
14909,78312,1,0,2021-07-05 15:53:35,2021-07-05 15:53:35
15234,135324,1,0,2025-05-06 15:24:06,2025-05-06 15:24:06
15241,138500,1,0,2024-09-09 21:31:15,2024-09-09 21:31:15
15394,176518,1,0,2025-01-21 06:15:20,2025-01-21 06:15:20
15394,176664,1,0,2025-01-27 01:04:33,2025-01-27 01:04:33
15496,58524,1,1,2021-06-24 06:05:39,2021-06-24 06:05:39
15496,105184,1,1,2021-06-24 06:13:33,2021-06-24 06:13:33
15496,125094,1,1,2021-12-26 05:24:00,2021-12-26 05:24:00
15496,128138,1,1,2021-12-26 05:21:12,2021-12-26 05:21:12
15518,143531,1,0,2022-12-05 16:24:23,2022-12-05 16:24:23
15527,108776,1,0,2020-12-17 06:56:34,2020-12-17 06:56:34
15527,142413,1,1,2022-11-05 15:26:25,2022-11-05 15:26:25
15569,64994,3,1,2021-12-10 22:21:24,2021-12-10 22:34:36
15569,130485,2,0,2022-01-01 17:02:08,2022-01-05 14:25:03
15569,159694,1,1,2024-02-11 03:05:12,2024-02-11 03:05:12
15620,135959,1,1,2022-05-19 17:54:01,2022-05-19 17:54:01
15651,67113,1,1,2021-08-10 03:17:09,2021-08-10 03:17:09
15651,122778,1,0,2021-08-10 03:04:47,2021-08-10 03:04:47
15995,64377,1,0,2023-03-22 21:31:55,2023-03-22 21:31:55
15995,97629,1,1,2023-03-22 21:51:56,2023-03-22 21:51:56
16155,104392,1,1,2024-11-03 21:03:15,2024-11-03 21:03:15
16244,119921,1,0,2022-10-12 22:54:13,2022-10-12 22:54:13
16311,111734,2,1,2021-02-11 23:48:22,2021-02-11 23:53:17
16486,144642,1,1,2023-01-09 13:10:10,2023-01-09 13:10:10
16853,38353,1,0,2023-11-07 09:52:11,2023-11-07 09:52:11
17036,128577,1,0,2022-05-19 15:15:19,2022-05-19 15:15:19
17177,59296,3,1,2022-04-03 09:26:30,2022-04-06 10:18:44
17177,121222,1,1,2022-04-03 11:44:27,2022-04-03 11:44:27
17177,132995,1,1,2022-04-03 09:22:40,2022-04-03 09:22:40
17177,133918,1,1,2022-04-03 11:05:15,2022-04-03 11:05:15
17177,134155,1,1,2022-04-02 16:56:37,2022-04-02 16:56:37
17177,134163,2,1,2022-04-03 08:31:13,2022-04-04 09:10:17
17484,14675,1,0,2023-08-16 14:06:22,2023-08-16 14:06:22
17484,64377,1,0,2021-08-06 05:55:32,2021-08-06 05:55:32
17543,85383,1,0,2021-11-27 00:59:03,2021-11-27 00:59:03
17696,13443,1,1,2023-01-18 05:59:27,2023-01-18 05:59:27
17696,103667,1,1,2021-01-30 07:17:12,2021-01-30 07:17:12
17696,143874,1,1,2023-03-03 01:39:12,2023-03-03 01:39:12
18194,164719,1,1,2024-07-24 14:00:48,2024-07-24 14:00:48
18303,143531,1,0,2022-12-05 14:02:30,2022-12-05 14:02:30
18308,118775,5,1,2021-06-05 07:27:05,2021-06-08 05:41:59
18384,135324,1,0,2023-03-17 17:09:57,2023-03-17 17:09:57
18434,89478,2,2,2022-07-30 13:26:55,2022-07-30 18:23:05
18434,93617,1,1,2022-05-31 13:56:41,2022-05-31 13:56:41
18434,113026,1,0,2021-08-22 12:36:19,2021-08-22 12:36:19
18434,123069,1,1,2021-10-07 12:08:33,2021-10-07 12:08:33
18434,125117,1,1,2024-07-02 08:55:07,2024-07-02 08:55:07
18434,128577,1,1,2022-03-25 08:58:39,2022-03-25 08:58:39
18434,135764,3,1,2022-06-02 07:01:19,2022-07-30 13:03:45
18434,136399,1,1,2022-06-02 07:13:08,2022-06-02 07:13:08
18434,136479,2,0,2022-06-03 14:39:21,2022-06-04 13:11:53
18434,138119,1,0,2022-07-30 14:11:13,2022-07-30 14:11:13
18434,138721,2,0,2022-07-31 16:54:08,2022-07-31 16:54:26
18434,138786,1,0,2022-08-02 15:00:46,2022-08-02 15:00:46
18465,135386,1,1,2022-10-14 14:18:35,2022-10-14 14:18:35
18465,137984,1,0,2022-07-12 17:16:16,2022-07-12 17:16:16
18465,140616,1,1,2022-09-20 10:10:18,2022-09-20 10:10:18
18465,140787,2,1,2022-10-09 15:53:37,2022-10-10 07:58:49
18465,141085,1,1,2022-10-12 12:45:00,2022-10-12 12:45:00
18481,64377,1,0,2021-03-29 21:45:00,2021-03-29 21:45:00
18481,111642,1,0,2021-03-29 21:44:14,2021-03-29 21:44:14
18507,303,1,0,2022-02-07 03:34:17,2022-02-07 03:34:17
18507,60620,1,1,2022-01-31 09:33:03,2022-01-31 09:33:03
18507,124813,1,1,2022-02-06 07:53:27,2022-02-06 07:53:27
18507,130902,3,1,2022-01-31 09:36:12,2022-02-01 11:46:24
18513,122705,1,1,2021-12-12 18:57:30,2021-12-12 18:57:30
18513,123453,1,1,2021-12-12 18:53:30,2021-12-12 18:53:30
18513,127556,1,1,2021-12-12 18:48:53,2021-12-12 18:48:53
18540,168998,1,1,2024-09-14 04:20:13,2024-09-14 04:20:13
18626,836,3,0,2021-03-02 14:41:41,2021-03-02 15:00:48
18626,13165,3,0,2023-11-12 06:13:40,2023-11-13 03:09:50
18626,39982,1,1,2021-01-07 09:14:36,2021-01-07 09:14:36
18626,49432,1,1,2022-01-30 13:38:57,2022-01-30 13:38:57
18626,59085,1,0,2022-02-23 04:04:43,2022-02-23 04:04:43
18626,71218,1,1,2021-10-11 17:14:32,2021-10-11 17:14:32
18626,98946,2,0,2021-09-17 01:26:51,2021-09-18 02:33:13
18626,102852,3,1,2021-11-24 18:49:11,2021-11-24 20:07:15
18626,104930,6,1,2021-04-16 17:55:02,2021-04-17 16:36:57
18626,107002,1,1,2021-03-13 19:06:29,2021-03-13 19:06:29
18626,112224,2,1,2021-08-14 01:20:57,2021-08-19 20:51:22
18626,112584,2,1,2021-03-01 04:05:09,2021-03-11 05:04:54
18626,112599,2,1,2021-03-01 03:49:06,2021-03-02 15:07:07
18626,115009,1,1,2021-04-02 15:35:27,2021-04-02 15:35:27
18626,115681,2,0,2021-04-11 01:08:36,2021-04-12 05:51:35
18626,117892,2,0,2021-12-03 19:09:21,2021-12-05 21:46:51
18626,119848,5,1,2021-06-27 01:32:35,2021-07-01 00:40:09
18626,119920,1,1,2021-10-23 19:35:04,2021-10-23 19:35:04
18626,123092,3,1,2021-08-19 23:35:46,2021-11-19 15:28:49
18626,123315,2,0,2021-08-23 00:49:04,2021-08-26 04:10:04
18626,123439,1,1,2021-11-03 05:28:55,2021-11-03 05:28:55
18626,125527,1,1,2022-02-21 22:58:17,2022-02-21 22:58:17
18626,126349,1,0,2021-10-11 16:49:23,2021-10-11 16:49:23
18626,128134,1,0,2021-11-24 17:47:07,2021-11-24 17:47:07
18626,130664,10,0,2022-06-29 04:06:20,2022-07-12 17:30:07
18626,132306,1,1,2022-02-20 17:24:11,2022-02-20 17:24:11
18626,133143,1,0,2022-03-07 04:52:37,2022-03-07 04:52:37
18626,137971,1,1,2022-07-15 03:18:40,2022-07-15 03:18:40
18626,139328,1,0,2022-10-15 15:27:37,2022-10-15 15:27:37
18626,139417,2,1,2022-08-20 14:32:26,2022-08-22 03:07:16
18626,149732,2,0,2023-07-06 03:05:42,2023-07-10 03:53:23
18626,155680,11,1,2023-10-30 08:00:52,2023-11-01 18:00:21
18772,130679,1,0,2024-06-05 11:18:17,2024-06-05 11:18:17
18790,150105,1,1,2023-05-29 06:19:01,2023-05-29 06:19:01
18893,64377,1,0,2024-09-27 20:00:03,2024-09-27 20:00:03
18916,158261,1,0,2025-10-05 13:59:38,2025-10-05 13:59:38
18916,183750,4,1,2025-06-08 10:59:46,2025-06-08 14:56:19
18916,186157,5,0,2025-09-23 20:39:13,2025-09-26 21:14:55
18968,111406,1,0,2023-10-07 20:35:11,2023-10-07 20:35:11
19212,112614,1,0,2022-04-11 09:43:08,2022-04-11 09:43:08
19271,163710,1,1,2024-07-08 11:32:22,2024-07-08 11:32:22
19271,164534,3,1,2024-06-26 11:10:29,2024-06-28 07:13:03
20612,75157,1,0,2023-06-07 13:29:33,2023-06-07 13:29:33
20978,83361,1,0,2021-06-20 06:11:08,2021-06-20 06:11:08
20995,155693,1,0,2024-10-11 16:04:54,2024-10-11 16:04:54
21056,130387,1,0,2025-10-01 13:50:12,2025-10-01 13:50:12
21056,138281,1,1,2022-07-19 09:04:21,2022-07-19 09:04:21
21056,191931,2,0,2026-01-05 09:59:07,2026-01-05 09:59:35
21079,8878,1,0,2022-03-13 12:55:50,2022-03-13 12:55:50
21079,105679,1,1,2022-03-05 14:54:16,2022-03-05 14:54:16
21079,106128,1,1,2021-06-20 14:11:14,2021-06-20 14:11:14
21079,124958,2,1,2021-09-10 12:12:58,2021-09-15 11:16:44
21079,128283,1,0,2021-11-28 13:28:23,2021-11-28 13:28:23
21079,135162,1,0,2022-04-29 23:37:02,2022-04-29 23:37:02
21079,136050,2,1,2022-05-22 13:11:38,2022-05-22 14:03:54
21079,136294,2,1,2022-05-28 19:08:17,2022-05-29 12:04:10
21079,143720,1,0,2022-12-12 14:13:20,2022-12-12 14:13:20
21257,85786,4,1,2021-01-05 08:24:11,2021-01-05 11:12:47
21545,25040,3,0,2024-07-09 03:26:43,2024-07-09 03:36:53
21878,86640,1,1,2023-12-24 04:53:25,2023-12-24 04:53:25
23144,116447,1,1,2021-05-16 01:28:07,2021-05-16 01:28:07
23170,128203,1,0,2021-11-26 09:39:06,2021-11-26 09:39:06
23204,6550,1,0,2021-02-06 04:21:22,2021-02-06 04:21:22
23204,33057,1,0,2021-05-20 05:33:39,2021-05-20 05:33:39
23204,82999,1,1,2021-02-05 09:16:17,2021-02-05 09:16:17
23204,85189,1,1,2021-04-15 05:54:04,2021-04-15 05:54:04
23204,98182,1,0,2021-02-05 09:18:37,2021-02-05 09:18:37
23204,107760,1,1,2021-02-05 07:18:26,2021-02-05 07:18:26
23204,109367,1,0,2021-02-05 08:20:32,2021-02-05 08:20:32
23204,111355,1,0,2021-02-05 09:22:10,2021-02-05 09:22:10
23204,111392,1,1,2021-02-05 08:14:18,2021-02-05 08:14:18
23204,113449,1,1,2021-03-17 08:54:06,2021-03-17 08:54:06
23204,115497,1,1,2021-04-12 06:26:51,2021-04-12 06:26:51
23204,115499,1,0,2021-04-12 06:06:27,2021-04-12 06:06:27
23204,115811,1,1,2021-04-15 06:12:06,2021-04-15 06:12:06
23204,115853,1,1,2021-04-12 06:17:38,2021-04-12 06:17:38
23204,116090,1,1,2021-04-15 05:38:45,2021-04-15 05:38:45
23204,117972,1,0,2021-05-20 05:52:30,2021-05-20 05:52:30
23204,117981,3,0,2021-05-20 05:38:27,2021-05-20 05:48:39
23204,144509,3,0,2023-01-04 13:11:58,2023-01-05 07:57:34
23305,28175,1,0,2021-04-06 16:59:26,2021-04-06 16:59:26
23305,83275,1,0,2023-04-24 21:00:37,2023-04-24 21:00:37
23305,106912,1,0,2020-12-18 18:44:45,2020-12-18 18:44:45
23305,109429,1,0,2020-12-27 20:24:00,2020-12-27 20:24:00
23305,125800,1,0,2021-10-13 16:20:17,2021-10-13 16:20:17
23305,127565,1,0,2021-11-10 17:06:07,2021-11-10 17:06:07
23305,128593,2,1,2022-01-21 00:04:10,2022-01-21 00:05:31
23305,137868,1,0,2022-07-19 21:28:58,2022-07-19 21:28:58
23305,143807,1,0,2022-12-12 23:26:52,2022-12-12 23:26:52
23305,144371,1,1,2022-12-30 00:04:02,2022-12-30 00:04:02
23305,164885,1,1,2024-07-02 03:17:52,2024-07-02 03:17:52
23556,119921,1,0,2023-07-06 19:07:29,2023-07-06 19:07:29
23708,108776,2,1,2020-12-15 08:09:54,2020-12-16 08:12:10
23708,118952,1,1,2021-06-09 07:03:33,2021-06-09 07:03:33
23708,129933,1,1,2021-12-17 09:42:14,2021-12-17 09:42:14
23708,134149,1,1,2022-08-16 06:55:41,2022-08-16 06:55:41
24240,23188,1,0,2021-03-05 16:29:21,2021-03-05 16:29:21
24240,84451,1,0,2021-02-24 05:56:14,2021-02-24 05:56:14
24240,106209,4,1,2021-01-31 00:10:30,2021-02-02 15:57:40
24240,110014,1,1,2021-01-08 20:07:51,2021-01-08 20:07:51
24240,112005,1,0,2021-02-17 04:55:05,2021-02-17 04:55:05
24240,113951,1,0,2021-03-26 16:32:21,2021-03-26 16:32:21
24240,115114,1,0,2021-04-09 17:09:19,2021-04-09 17:09:19
24240,116556,1,0,2021-05-26 17:01:16,2021-05-26 17:01:16
24240,118306,1,0,2021-05-25 14:45:27,2021-05-25 14:45:27
24478,71218,1,0,2022-06-28 00:49:32,2022-06-28 00:49:32
24478,110309,1,0,2022-06-27 23:34:21,2022-06-27 23:34:21
24478,128531,1,0,2022-06-27 23:36:49,2022-06-27 23:36:49
24593,113920,1,0,2021-03-25 23:31:12,2021-03-25 23:31:12
24651,66386,1,0,2022-04-18 01:43:12,2022-04-18 01:43:12
24651,117529,1,0,2022-04-28 16:42:25,2022-04-28 16:42:25
24651,118935,1,1,2021-11-05 22:14:36,2021-11-05 22:14:36
24651,127412,1,1,2021-11-05 22:19:31,2021-11-05 22:19:31
24651,134642,1,1,2022-04-19 21:05:14,2022-04-19 21:05:14
24651,135879,1,1,2022-05-18 00:28:59,2022-05-18 00:28:59
25365,38315,1,1,2024-01-08 19:38:44,2024-01-08 19:38:44
25638,119022,1,0,2021-09-08 15:39:17,2021-09-08 15:39:17
25744,128393,1,0,2021-12-16 16:56:27,2021-12-16 16:56:27
26146,121222,1,1,2021-12-16 07:39:46,2021-12-16 07:39:46
26146,128901,1,1,2021-12-16 07:24:00,2021-12-16 07:24:00
26146,129932,1,1,2021-12-16 07:44:17,2021-12-16 07:44:17
26202,113959,2,0,2021-03-26 19:26:12,2021-03-27 21:42:16
26239,14675,1,0,2024-04-08 19:33:27,2024-04-08 19:33:27
26329,113067,1,0,2022-10-20 05:44:28,2022-10-20 05:44:28
26329,141546,1,1,2022-10-14 07:43:15,2022-10-14 07:43:15
26376,125079,1,1,2021-12-06 15:34:45,2021-12-06 15:34:45
26376,125354,1,1,2021-12-06 15:47:38,2021-12-06 15:47:38
26376,127707,1,1,2021-12-07 08:27:36,2021-12-07 08:27:36
26376,128569,1,0,2021-12-06 13:42:24,2021-12-06 13:42:24
26376,141876,1,1,2022-11-03 15:13:15,2022-11-03 15:13:15
26394,98749,2,0,2023-07-05 19:43:17,2024-06-06 20:16:04
26394,128721,1,0,2021-12-26 09:54:52,2021-12-26 09:54:52
27114,54201,1,1,2021-05-18 18:24:13,2021-05-18 18:24:13
27114,65533,1,0,2021-03-19 03:18:32,2021-03-19 03:18:32
27114,68025,2,0,2021-02-25 05:11:37,2021-02-25 05:19:32
27114,83275,1,1,2021-02-25 06:57:02,2021-02-25 06:57:02
27114,85238,1,1,2021-02-24 20:03:55,2021-02-24 20:03:55
27114,110503,1,0,2021-03-19 03:16:24,2021-03-19 03:16:24
27114,113240,1,0,2021-03-13 06:14:16,2021-03-13 06:14:16
27153,68313,1,1,2022-06-30 08:17:54,2022-06-30 08:17:54
27432,128577,1,0,2021-12-21 08:50:11,2021-12-21 08:50:11
27558,13201,1,0,2024-03-09 19:54:29,2024-03-09 19:54:29
27665,116632,1,1,2021-04-25 15:46:46,2021-04-25 15:46:46
27665,120630,2,1,2021-09-25 23:02:59,2021-09-26 17:21:57
27665,143336,1,0,2022-12-05 14:09:11,2022-12-05 14:09:11
27768,117086,2,1,2021-05-06 09:50:46,2021-05-17 08:16:23
27768,130679,1,0,2022-03-30 06:22:29,2022-03-30 06:22:29
27780,131342,1,1,2022-01-22 23:26:12,2022-01-22 23:26:12
27983,115622,1,1,2021-05-31 07:51:51,2021-05-31 07:51:51
27983,118352,1,1,2021-05-26 11:05:40,2021-05-26 11:05:40
27983,143964,2,2,2022-12-19 08:35:57,2022-12-19 09:53:37
28175,10815,1,0,2023-01-20 18:10:40,2023-01-20 18:10:40
28175,26019,1,0,2023-04-03 16:49:59,2023-04-03 16:49:59
28175,100557,1,1,2021-01-05 00:55:42,2021-01-05 00:55:42
28175,108624,3,1,2020-12-14 14:18:06,2020-12-15 14:42:45
28175,109181,1,0,2020-12-21 11:22:15,2020-12-21 11:22:15
28175,110503,1,1,2021-04-04 10:30:25,2021-04-04 10:30:25
28175,113653,2,0,2021-03-21 21:03:46,2021-03-22 09:21:12
28175,119938,1,0,2022-08-27 09:53:18,2022-08-27 09:53:18
28175,125901,2,1,2021-10-02 19:33:03,2021-11-28 19:59:21
28175,127917,1,0,2021-12-19 20:35:50,2021-12-19 20:35:50
28270,141619,2,1,2023-08-10 16:16:58,2023-08-18 20:49:28
28272,78430,1,1,2021-06-14 22:54:31,2021-06-14 22:54:31
28272,85411,1,1,2022-10-03 15:10:53,2022-10-03 15:10:53
28272,92050,1,0,2021-06-16 23:42:41,2021-06-16 23:42:41
28272,136559,1,1,2022-11-04 01:35:31,2022-11-04 01:35:31
28780,14675,1,0,2022-08-09 21:10:12,2022-08-09 21:10:12
28780,38403,1,1,2021-01-04 11:14:39,2021-01-04 11:14:39
28780,49759,1,0,2022-10-20 11:27:54,2022-10-20 11:27:54
28780,51687,5,0,2022-08-09 12:35:10,2022-08-09 15:03:41
28780,53451,2,0,2021-03-19 09:52:27,2021-03-21 10:43:51
28780,54865,1,0,2022-11-18 19:12:21,2022-11-18 19:12:21
28780,56396,1,0,2022-10-20 11:24:58,2022-10-20 11:24:58
28780,64876,8,1,2022-01-26 11:24:37,2022-03-07 16:47:58
28780,66130,3,0,2022-07-28 15:32:14,2022-07-29 12:42:29
28780,67203,1,0,2022-11-04 12:22:35,2022-11-04 12:22:35
28780,70832,1,0,2022-03-14 10:59:23,2022-03-14 10:59:23
28780,79227,2,1,2022-02-14 10:30:30,2022-07-28 09:34:49
28780,86100,1,1,2022-01-04 11:59:55,2022-01-04 11:59:55
28780,89792,1,0,2022-03-15 09:44:03,2022-03-15 09:44:03
28780,95548,1,0,2021-09-23 11:29:23,2021-09-23 11:29:23
28780,98753,1,0,2021-01-07 11:23:12,2021-01-07 11:23:12
28780,102713,4,3,2021-11-02 09:18:47,2022-07-28 13:03:22
28780,103887,1,1,2021-11-01 09:59:38,2021-11-01 09:59:38
28780,104143,1,0,2022-11-15 13:59:58,2022-11-15 13:59:58
28780,106942,3,0,2021-05-10 12:01:27,2021-05-12 11:02:20
28780,108606,1,0,2020-12-10 12:18:20,2020-12-10 12:18:20
28780,110099,2,0,2021-01-10 15:22:30,2021-01-12 13:06:33
28780,110582,1,0,2021-01-20 10:02:38,2021-01-20 10:02:38
28780,110649,1,1,2022-02-18 18:21:11,2022-02-18 18:21:11
28780,112797,1,0,2021-03-04 11:31:44,2021-03-04 11:31:44
28780,115244,1,0,2021-04-07 10:44:21,2021-04-07 10:44:21
28780,115595,1,1,2022-10-28 12:23:17,2022-10-28 12:23:17
28780,116240,1,0,2021-04-18 10:32:44,2021-04-18 10:32:44
28780,116264,1,0,2021-04-18 19:18:40,2021-04-18 19:18:40
28780,117775,1,1,2021-05-27 09:54:34,2021-05-27 09:54:34
28780,119136,1,0,2022-04-14 16:18:46,2022-04-14 16:18:46
28780,119140,1,0,2022-10-19 11:04:18,2022-10-19 11:04:18
28780,119691,1,1,2021-06-23 12:03:03,2021-06-23 12:03:03
28780,122573,2,1,2021-08-04 11:35:11,2021-08-06 13:03:03
28780,122614,1,0,2022-03-16 10:51:03,2022-03-16 10:51:03
28780,122872,1,1,2022-02-23 11:06:07,2022-02-23 11:06:07
28780,122881,1,1,2022-02-22 10:02:22,2022-02-22 10:02:22
28780,123528,1,0,2021-08-27 10:28:05,2021-08-27 10:28:05
28780,124844,1,1,2021-09-03 11:15:00,2021-09-03 11:15:00
28780,125527,1,1,2021-12-09 12:01:36,2021-12-09 12:01:36
28780,125618,1,0,2021-09-23 11:50:36,2021-09-23 11:50:36
28780,125628,1,1,2021-10-20 08:39:58,2021-10-20 08:39:58
28780,125747,2,2,2022-08-02 15:47:29,2022-08-04 12:40:10
28780,126029,1,1,2022-01-12 10:39:32,2022-01-12 10:39:32
28780,126059,1,0,2021-10-06 09:29:58,2021-10-06 09:29:58
28780,126241,1,1,2021-10-08 12:15:14,2021-10-08 12:15:14
28780,126466,1,1,2021-10-27 18:29:21,2021-10-27 18:29:21
28780,127338,1,0,2021-11-04 09:09:39,2021-11-04 09:09:39
28780,127878,5,1,2021-11-19 21:32:33,2022-01-20 11:26:25
28780,128565,1,0,2021-12-07 10:28:57,2021-12-07 10:28:57
28780,128610,1,0,2021-12-07 10:26:53,2021-12-07 10:26:53
28780,128638,1,1,2021-12-08 16:19:14,2021-12-08 16:19:14
28780,130528,1,1,2022-01-05 09:58:30,2022-01-05 09:58:30
28780,130583,1,1,2022-01-04 10:30:17,2022-01-04 10:30:17
28780,130663,1,0,2022-01-06 11:41:13,2022-01-06 11:41:13
28780,130682,2,0,2022-01-06 22:32:40,2022-01-07 20:51:34
28780,130902,2,1,2022-01-25 11:20:14,2022-01-26 11:28:03
28780,131010,1,0,2022-01-31 11:57:28,2022-01-31 11:57:28
28780,131236,2,2,2022-04-18 12:17:01,2022-05-09 10:28:35
28780,131441,1,0,2022-11-17 14:20:34,2022-11-17 14:20:34
28780,131617,1,1,2022-01-28 11:54:46,2022-01-28 11:54:46
28780,131752,1,0,2022-01-31 18:11:21,2022-01-31 18:11:21
28780,132065,3,0,2022-02-08 09:21:43,2022-02-08 19:41:04
28780,132306,1,0,2022-02-20 19:05:56,2022-02-20 19:05:56
28780,132400,1,0,2022-02-15 11:26:14,2022-02-15 11:26:14
28780,132977,2,0,2022-03-02 10:43:38,2022-03-04 11:08:37
28780,133203,1,0,2022-03-07 16:51:40,2022-03-07 16:51:40
28780,133432,1,0,2022-06-27 10:10:15,2022-06-27 10:10:15
28780,134544,1,1,2022-04-14 13:01:06,2022-04-14 13:01:06
28780,134791,2,0,2022-04-20 10:22:43,2022-04-21 12:58:38
28780,135386,2,1,2022-08-24 12:39:24,2022-08-25 12:55:56
28780,135451,1,1,2022-05-07 11:26:11,2022-05-07 11:26:11
28780,135499,3,1,2022-05-08 19:50:08,2022-05-12 09:29:14
28780,136302,1,0,2022-08-05 12:06:05,2022-08-05 12:06:05
28780,137223,3,0,2022-06-22 16:36:49,2022-08-08 12:55:43
28780,137590,2,0,2022-06-30 12:48:03,2022-06-30 16:17:27
28780,137968,1,0,2022-07-12 09:38:03,2022-07-12 09:38:03
28780,138211,1,1,2022-07-18 11:42:23,2022-07-18 11:42:23
28780,138262,1,0,2022-08-04 15:34:33,2022-08-04 15:34:33
28780,138809,1,1,2022-08-03 09:03:23,2022-08-03 09:03:23
28780,138993,2,0,2022-08-09 09:35:44,2022-08-09 11:34:57
28780,139067,3,0,2022-08-10 17:17:34,2022-08-11 11:48:56
28780,139223,2,0,2022-08-24 12:43:19,2022-08-25 13:00:24
28780,139271,1,1,2022-08-16 12:17:53,2022-08-16 12:17:53
28780,139591,1,0,2022-08-25 13:09:15,2022-08-25 13:09:15
28780,140922,2,0,2022-09-28 11:26:07,2022-09-30 12:35:08
28780,141085,1,0,2022-10-03 12:26:32,2022-10-03 12:26:32
28780,141828,1,0,2022-10-25 14:07:10,2022-10-25 14:07:10
28780,142876,2,0,2022-11-17 10:08:14,2022-11-18 11:39:16
29003,131704,1,1,2022-01-31 16:05:33,2022-01-31 16:05:33
29003,144979,1,0,2023-01-19 05:34:31,2023-01-19 05:34:31
29157,119921,2,1,2021-11-02 08:43:06,2021-11-03 04:36:14
29353,110214,1,1,2024-11-18 19:08:32,2024-11-18 19:08:32
29353,122762,1,0,2024-11-01 20:27:23,2024-11-01 20:27:23
29412,137830,1,0,2023-03-29 02:09:01,2023-03-29 02:09:01
29575,64377,1,0,2021-06-22 17:12:34,2021-06-22 17:12:34
29575,68210,1,0,2021-11-29 04:31:04,2021-11-29 04:31:04
29575,87028,1,0,2021-02-12 14:19:35,2021-02-12 14:19:35
29575,119140,1,0,2022-06-30 15:15:37,2022-06-30 15:15:37
29587,64199,1,1,2022-01-06 01:17:42,2022-01-06 01:17:42
29587,130595,1,1,2022-01-05 03:56:50,2022-01-05 03:56:50
29587,130607,1,1,2022-01-05 03:49:08,2022-01-05 03:49:08
29587,130630,1,1,2022-01-06 01:35:38,2022-01-06 01:35:38
29781,12345,1,0,2021-12-12 21:03:30,2021-12-12 21:03:30
29781,67093,4,1,2021-01-22 00:00:40,2021-01-22 21:01:46
29781,100269,2,0,2021-01-25 21:41:36,2021-01-26 11:30:41
29781,100758,1,0,2021-01-25 21:33:51,2021-01-25 21:33:51
29781,109375,1,1,2021-01-12 17:47:17,2021-01-12 17:47:17
29781,110184,3,0,2021-01-12 22:34:01,2021-01-12 22:59:29
29781,111859,2,1,2021-02-15 17:02:52,2021-02-15 18:38:20
29781,124876,1,1,2021-12-09 21:48:46,2021-12-09 21:48:46
29828,71149,1,1,2023-12-02 08:27:08,2023-12-02 08:27:08
29844,14675,1,0,2021-06-11 01:21:04,2021-06-11 01:21:04
29905,375,1,1,2022-10-07 03:32:21,2022-10-07 03:32:21
29905,43472,1,1,2022-10-07 03:19:21,2022-10-07 03:19:21
29905,61445,1,1,2022-10-08 02:19:39,2022-10-08 02:19:39
29905,63745,1,0,2022-10-08 01:55:55,2022-10-08 01:55:55
29905,64876,8,0,2022-11-04 02:30:58,2023-01-04 22:28:07
29905,80328,1,0,2022-10-05 02:02:01,2022-10-05 02:02:01
29905,117192,1,1,2022-10-05 04:09:46,2022-10-05 04:09:46
29905,123167,2,2,2022-10-06 00:52:18,2022-10-07 03:07:16
29905,123432,1,1,2022-10-05 02:33:44,2022-10-05 02:33:44
29905,128631,3,1,2022-11-04 02:29:18,2022-11-06 18:04:01
29905,130442,1,1,2022-10-25 03:12:15,2022-10-25 03:12:15
29905,130664,1,1,2022-10-25 15:16:40,2022-10-25 15:16:40
29905,137223,2,1,2022-11-04 04:07:50,2022-11-06 22:58:05
29905,138738,1,1,2022-11-04 03:11:53,2022-11-04 03:11:53
29905,139922,6,1,2022-11-09 19:23:03,2022-11-14 16:07:32
29905,140063,2,1,2022-10-04 03:10:29,2022-10-04 13:59:22
29905,140748,1,1,2022-11-01 19:31:16,2022-11-01 19:31:16
29905,141014,2,1,2022-10-08 15:48:29,2022-10-09 16:48:33
29905,141020,1,1,2022-09-30 22:09:18,2022-09-30 22:09:18
29905,141026,2,1,2022-09-30 21:58:02,2022-10-04 02:01:32
29905,141101,1,1,2022-10-04 01:28:56,2022-10-04 01:28:56
29905,141165,2,2,2022-10-05 01:57:54,2022-11-04 02:53:15
29905,141235,1,0,2022-10-06 21:46:05,2022-10-06 21:46:05
29905,141245,2,1,2022-10-06 21:22:29,2022-10-14 15:44:20
29905,141247,1,0,2022-10-08 02:30:23,2022-10-08 02:30:23
29905,141263,1,0,2022-10-07 03:09:23,2022-10-07 03:09:23
29905,141412,1,1,2022-10-11 06:33:10,2022-10-11 06:33:10
29905,141954,1,0,2022-10-25 03:02:45,2022-10-25 03:02:45
29905,141976,1,0,2022-10-25 15:11:58,2022-10-25 15:11:58
29905,142195,1,1,2022-10-30 18:04:37,2022-10-30 18:04:37
29905,142373,2,1,2022-11-04 02:24:20,2022-11-04 03:54:55
29905,142422,1,1,2022-11-06 23:13:24,2022-11-06 23:13:24
29905,142589,1,1,2022-11-09 18:52:29,2022-11-09 18:52:29
29905,144620,1,1,2023-01-10 02:01:11,2023-01-10 02:01:11
30048,62642,1,0,2026-01-26 12:25:16,2026-01-26 12:25:16
30048,98402,1,1,2022-12-21 10:51:48,2022-12-21 10:51:48
30048,108473,1,1,2021-09-13 10:41:38,2021-09-13 10:41:38
30048,116238,1,1,2022-04-17 12:18:36,2022-04-17 12:18:36
30048,139391,2,1,2022-11-23 12:12:04,2022-11-25 09:46:46
30048,161615,1,1,2024-03-23 12:51:58,2024-03-23 12:51:58
30048,176664,1,1,2025-01-29 12:09:11,2025-01-29 12:09:11
30048,193230,1,1,2026-04-12 12:51:24,2026-04-12 12:51:24
30213,95144,1,1,2020-12-21 08:33:23,2020-12-21 08:33:23
30213,109181,1,0,2020-12-21 05:52:18,2020-12-21 05:52:18
30346,110393,2,1,2021-01-15 18:03:57,2021-01-26 18:07:19
30346,145424,1,0,2023-10-24 07:38:43,2023-10-24 07:38:43
30370,116171,2,1,2021-04-16 18:03:55,2021-05-18 16:28:46
30370,116177,1,1,2021-04-16 17:48:09,2021-04-16 17:48:09
30464,116923,1,1,2021-06-04 14:13:47,2021-06-04 14:13:47
30567,98737,1,0,2021-07-15 11:19:30,2021-07-15 11:19:30
30575,154075,1,1,2023-09-03 04:19:58,2023-09-03 04:19:58
30635,3328,1,0,2026-09-12 23:54:58,2026-09-12 23:54:58
30635,134657,1,1,2026-09-02 17:18:11,2026-09-02 17:18:11
30635,150355,1,1,2026-08-21 04:47:32,2026-08-21 04:47:32
30635,151702,1,0,2024-01-16 17:49:21,2024-01-16 17:49:21
30635,194392,1,1,2026-08-04 18:18:24,2026-08-04 18:18:24
30635,194628,1,0,2026-08-25 00:24:14,2026-08-25 00:24:14
30738,126577,1,1,2022-04-01 12:25:29,2022-04-01 12:25:29
30738,138619,2,0,2022-11-16 11:28:28,2022-11-16 13:23:23
30905,96612,1,0,2021-02-23 20:59:36,2021-02-23 20:59:36
30913,836,1,0,2021-07-13 14:27:02,2021-07-13 14:27:02
30973,119136,1,1,2022-03-24 19:03:28,2022-03-24 19:03:28
30973,119402,2,0,2022-03-28 09:40:45,2022-03-28 11:44:10
30982,163174,1,1,2024-05-27 00:09:02,2024-05-27 00:09:02
31015,109076,1,1,2020-12-19 07:15:20,2020-12-19 07:15:20
31086,66731,1,1,2021-10-26 22:44:32,2021-10-26 22:44:32
31086,110595,1,1,2021-01-20 11:27:53,2021-01-20 11:27:53
31086,127000,1,0,2021-10-26 22:47:03,2021-10-26 22:47:03
31086,131408,1,1,2022-02-23 15:34:12,2022-02-23 15:34:12
31259,131233,1,0,2022-01-19 22:21:08,2022-01-19 22:21:08
31341,154884,1,1,2023-09-28 07:07:42,2023-09-28 07:07:42
31462,130679,1,1,2022-01-09 15:42:52,2022-01-09 15:42:52
31497,128929,1,0,2022-03-03 21:07:07,2022-03-03 21:07:07
31504,88390,2,1,2021-09-17 04:15:44,2021-09-17 13:36:45
31504,100408,1,1,2021-01-30 02:52:48,2021-01-30 02:52:48
31504,107401,1,1,2021-02-08 02:14:18,2021-02-08 02:14:18
31504,109638,1,1,2021-01-29 04:24:15,2021-01-29 04:24:15
31504,123356,4,1,2021-08-26 04:02:19,2021-08-27 16:19:20
31528,127840,1,0,2021-11-23 20:40:43,2021-11-23 20:40:43
31603,64876,1,1,2022-07-03 22:36:24,2022-07-03 22:36:24
31603,86339,2,1,2023-12-29 12:04:41,2023-12-29 12:29:52
31603,117919,1,0,2022-06-23 22:56:47,2022-06-23 22:56:47
31603,137197,1,1,2022-07-04 23:07:01,2022-07-04 23:07:01
31718,25696,1,1,2021-06-28 13:23:30,2021-06-28 13:23:30
31718,78312,5,1,2021-06-26 20:20:50,2021-06-28 10:22:19
31718,86325,5,0,2021-06-29 18:45:44,2021-06-30 12:59:29
31718,117750,2,1,2021-06-26 22:55:44,2021-06-27 07:31:25
31718,118292,1,0,2021-06-28 13:16:37,2021-06-28 13:16:37
31718,120035,1,1,2021-06-29 18:52:25,2021-06-29 18:52:25
31778,134109,3,1,2023-02-03 14:05:37,2023-02-03 14:45:06
31778,145178,1,1,2023-02-19 14:40:51,2023-02-19 14:40:51
31778,145424,1,1,2023-02-12 15:43:13,2023-02-12 15:43:13
31778,146101,1,1,2023-02-18 20:33:26,2023-02-18 20:33:26
31778,146129,1,1,2023-02-19 14:26:41,2023-02-19 14:26:41
32042,145178,1,0,2023-08-27 11:52:19,2023-08-27 11:52:19
32121,111100,3,1,2021-01-30 19:23:48,2021-02-08 17:47:30
32288,67931,1,1,2021-04-23 18:38:43,2021-04-23 18:38:43
32433,126345,1,0,2022-02-11 14:53:09,2022-02-11 14:53:09
32485,26354,1,0,2022-04-15 15:29:50,2022-04-15 15:29:50
32492,108233,3,1,2021-02-04 05:40:52,2021-02-05 02:04:30
32492,111237,1,1,2021-02-04 06:14:23,2021-02-04 06:14:23
32492,112683,1,1,2021-03-02 07:38:24,2021-03-02 07:38:24
32604,133121,1,0,2023-05-10 07:22:44,2023-05-10 07:22:44
32697,138619,1,0,2022-08-14 13:42:08,2022-08-14 13:42:08
32697,139029,1,1,2022-08-12 21:21:57,2022-08-12 21:21:57
32697,139205,1,0,2022-08-16 23:45:58,2022-08-16 23:45:58
32814,135707,1,0,2022-11-20 10:38:16,2022-11-20 10:38:16
32926,66386,2,1,2023-04-06 19:48:28,2023-04-07 17:59:40
32926,73930,1,0,2023-12-21 23:09:07,2023-12-21 23:09:07
32926,102713,1,1,2023-02-11 13:22:58,2023-02-11 13:22:58
32926,122949,2,1,2023-12-17 21:48:53,2023-12-19 20:42:47
32926,140281,2,1,2023-02-25 22:46:50,2023-02-25 23:13:16
32926,150699,2,1,2023-06-11 15:10:45,2023-07-20 16:46:44
32926,158120,1,1,2023-12-14 21:23:58,2023-12-14 21:23:58
32926,158188,1,1,2023-12-17 15:57:46,2023-12-17 15:57:46
32926,158623,2,1,2024-01-07 22:06:14,2024-01-08 15:56:20
32926,158885,1,1,2024-01-21 20:46:21,2024-01-21 20:46:21
32926,159006,1,0,2024-01-21 20:09:20,2024-01-21 20:09:20
32926,161193,1,1,2024-03-04 22:31:33,2024-03-04 22:31:33
32926,161265,1,1,2024-03-07 19:34:33,2024-03-07 19:34:33
32934,126441,1,1,2021-10-13 22:52:00,2021-10-13 22:52:00
32981,95783,1,1,2022-11-28 09:23:25,2022-11-28 09:23:25
33025,95733,1,1,2021-01-02 10:16:49,2021-01-02 10:16:49
33095,111618,1,0,2023-11-06 12:27:16,2023-11-06 12:27:16
33245,149935,1,1,2023-08-01 04:28:35,2023-08-01 04:28:35
33323,123265,1,0,2022-10-24 21:05:55,2022-10-24 21:05:55
33499,83275,1,0,2022-10-21 19:41:20,2022-10-21 19:41:20
33499,140973,1,0,2022-10-21 18:53:26,2022-10-21 18:53:26
33499,141630,1,0,2022-10-21 19:19:28,2022-10-21 19:19:28
33551,127411,2,1,2021-11-05 20:59:22,2021-11-05 22:51:37
33724,113388,1,1,2021-05-23 08:24:53,2021-05-23 08:24:53
33724,118371,3,1,2021-05-26 20:56:52,2021-05-27 11:44:51
34111,112517,1,1,2021-03-30 23:28:22,2021-03-30 23:28:22
34153,89823,1,1,2021-07-13 00:31:39,2021-07-13 00:31:39
34153,90256,1,1,2021-07-13 00:27:48,2021-07-13 00:27:48
34153,109511,1,1,2021-01-01 12:40:04,2021-01-01 12:40:04
34153,119923,2,0,2021-07-13 00:33:03,2021-07-13 02:52:41
34233,122856,1,1,2021-10-19 21:31:35,2021-10-19 21:31:35
34269,33057,1,1,2021-03-03 11:35:59,2021-03-03 11:35:59
34269,41929,1,1,2020-12-08 15:43:05,2020-12-08 15:43:05
34269,58341,1,0,2021-01-21 09:00:33,2021-01-21 09:00:33
34269,73505,1,1,2021-01-18 11:38:45,2021-01-18 11:38:45
34269,76275,1,0,2021-01-12 10:36:53,2021-01-12 10:36:53
34269,86119,1,1,2021-01-27 09:39:17,2021-01-27 09:39:17
34269,100269,1,0,2021-01-06 18:45:56,2021-01-06 18:45:56
34269,100318,1,1,2021-01-04 00:17:22,2021-01-04 00:17:22
34269,105533,2,1,2021-09-14 09:06:18,2021-09-15 07:39:09
34269,109862,1,1,2021-01-06 09:24:02,2021-01-06 09:24:02
34269,109872,1,1,2021-01-06 09:20:59,2021-01-06 09:20:59
34269,110628,1,1,2021-01-21 11:12:03,2021-01-21 11:12:03
34269,112500,1,1,2021-02-26 15:57:55,2021-02-26 15:57:55
35377,181012,1,0,2025-05-01 11:12:56,2025-05-01 11:12:56
35404,119291,1,1,2021-06-14 10:03:39,2021-06-14 10:03:39
35404,134998,1,1,2022-04-25 13:53:25,2022-04-25 13:53:25
35483,85786,1,0,2022-01-18 19:08:55,2022-01-18 19:08:55
35483,112822,1,0,2022-01-21 18:46:33,2022-01-21 18:46:33
35483,128701,1,1,2022-01-18 19:00:46,2022-01-18 19:00:46
35483,130679,1,0,2022-01-27 20:09:15,2022-01-27 20:09:15
35483,130690,1,0,2022-01-07 12:19:43,2022-01-07 12:19:43
35483,131331,2,0,2022-01-21 18:19:22,2022-01-21 18:38:12
35483,131628,2,1,2022-01-28 14:23:51,2022-01-30 20:03:22
35562,15394,1,1,2025-01-20 20:50:17,2025-01-20 20:50:17
35562,18000,1,1,2025-01-20 21:15:22,2025-01-20 21:15:22
35562,138321,1,1,2025-01-20 21:06:03,2025-01-20 21:06:03
35562,176526,1,1,2025-01-20 20:31:04,2025-01-20 20:31:04
35644,45217,1,0,2021-05-27 04:09:27,2021-05-27 04:09:27
35644,45610,1,0,2021-05-04 09:27:40,2021-05-04 09:27:40
35644,104153,2,0,2021-05-26 19:44:18,2021-05-27 03:29:28
35644,107158,4,0,2021-04-07 14:52:51,2021-04-14 12:41:46
35644,109295,1,0,2021-06-21 01:57:14,2021-06-21 01:57:14
35644,130965,1,0,2022-01-04 18:20:19,2022-01-04 18:20:19
35655,107725,1,1,2020-12-16 20:26:16,2020-12-16 20:26:16
35679,60710,3,2,2021-03-19 23:49:51,2026-01-06 00:14:40
35679,86339,1,1,2022-05-06 13:34:56,2022-05-06 13:34:56
35679,101407,1,1,2021-03-17 00:08:31,2021-03-17 00:08:31
35679,110796,1,1,2021-01-24 19:01:20,2021-01-24 19:01:20
35771,2853,1,0,2021-04-16 18:13:12,2021-04-16 18:13:12
35881,80221,1,1,2021-01-05 21:08:50,2021-01-05 21:08:50
36977,117972,1,0,2021-05-19 15:31:40,2021-05-19 15:31:40
37048,141658,1,1,2024-09-06 16:42:41,2024-09-06 16:42:41
37095,45945,2,1,2023-10-25 20:03:18,2023-10-26 16:26:11
37095,131709,1,0,2023-07-03 16:24:56,2023-07-03 16:24:56
37095,155707,1,1,2023-10-30 02:25:45,2023-10-30 02:25:45
37113,107760,1,0,2021-02-05 07:11:54,2021-02-05 07:11:54
37184,30238,1,1,2022-06-29 17:43:01,2022-06-29 17:43:01
37184,30370,1,0,2021-09-27 18:11:22,2021-09-27 18:11:22
37184,41637,1,0,2021-02-24 16:10:44,2021-02-24 16:10:44
37184,43268,1,1,2021-02-24 16:04:37,2021-02-24 16:04:37
37184,64199,1,1,2021-09-28 14:50:12,2021-09-28 14:50:12
37184,73930,1,0,2022-01-10 14:34:18,2022-01-10 14:34:18
37184,78801,1,0,2026-02-20 21:54:26,2026-02-20 21:54:26
37184,87876,1,1,2026-02-19 19:38:03,2026-02-19 19:38:03
37184,88354,1,0,2020-12-16 21:57:06,2020-12-16 21:57:06
37184,104153,1,0,2021-05-05 14:13:21,2021-05-05 14:13:21
37184,111016,1,1,2021-05-13 15:08:43,2021-05-13 15:08:43
37184,111857,1,0,2021-07-15 17:06:04,2021-07-15 17:06:04
37184,112011,1,0,2021-03-15 20:03:28,2021-03-15 20:03:28
37184,113458,1,1,2022-07-25 14:13:34,2022-07-25 14:13:34
37184,119089,1,0,2021-07-15 14:19:10,2021-07-15 14:19:10
37184,119136,1,0,2022-04-13 14:17:48,2022-04-13 14:17:48
37184,119691,1,0,2021-06-22 18:43:12,2021-06-22 18:43:12
37184,120977,4,1,2021-07-20 19:56:14,2021-07-22 14:25:11
37184,123771,1,0,2021-09-01 20:03:17,2021-09-01 20:03:17
37184,131258,1,0,2022-06-24 16:55:31,2022-06-24 16:55:31
37184,133430,1,1,2022-03-14 20:37:47,2022-03-14 20:37:47
37184,133685,1,0,2022-04-12 21:11:56,2022-04-12 21:11:56
37184,135808,2,1,2022-05-16 14:59:44,2022-05-16 15:22:41
37184,136100,1,0,2022-06-16 17:13:53,2022-06-16 17:13:53
37184,149323,1,0,2023-04-26 13:29:38,2023-04-26 13:29:38
37184,149508,1,1,2023-05-04 15:06:41,2023-05-04 15:06:41
37272,60184,1,0,2021-01-21 18:02:40,2021-01-21 18:02:40
37363,76275,1,1,2021-01-04 10:45:48,2021-01-04 10:45:48
37648,122614,1,1,2022-07-30 20:32:12,2022-07-30 20:32:12
37648,126174,1,1,2021-10-08 01:05:31,2021-10-08 01:05:31
37648,126224,2,0,2021-10-08 01:49:07,2021-10-08 01:55:28
37648,138526,1,1,2022-07-26 11:05:55,2022-07-26 11:05:55
37648,138639,1,0,2022-07-29 12:48:52,2022-07-29 12:48:52
37648,154456,1,1,2023-09-12 15:13:57,2023-09-12 15:13:57
37657,14675,1,0,2020-12-30 16:07:37,2020-12-30 16:07:37
37720,139554,1,1,2022-12-28 04:25:20,2022-12-28 04:25:20
37720,144075,1,1,2022-12-28 04:29:28,2022-12-28 04:29:28
37806,112150,1,1,2021-02-19 15:48:05,2021-02-19 15:48:05
38108,141493,1,0,2023-01-06 18:03:17,2023-01-06 18:03:17
38183,71442,1,1,2022-09-04 09:32:39,2022-09-04 09:32:39
38272,108739,1,1,2020-12-14 11:47:38,2020-12-14 11:47:38
38339,119921,1,1,2021-09-09 03:32:08,2021-09-09 03:32:08
38353,98,1,1,2023-09-21 11:35:09,2023-09-21 11:35:09
38353,303,1,1,2024-09-08 19:25:17,2024-09-08 19:25:17
38353,3314,1,1,2023-07-26 19:44:57,2023-07-26 19:44:57
38353,6550,2,0,2024-08-24 13:09:13,2024-08-24 13:15:10
38353,9771,7,1,2024-08-24 22:28:24,2024-08-25 07:22:09
38353,10764,1,0,2023-04-23 14:05:09,2023-04-23 14:05:09
38353,14518,2,0,2023-06-26 23:18:07,2023-06-27 08:16:45
38353,37140,1,0,2026-03-31 07:41:16,2026-03-31 07:41:16
38353,40194,2,1,2024-12-04 08:46:08,2024-12-18 12:54:47
38353,43508,3,1,2023-03-10 15:16:26,2023-03-10 17:38:52
38353,49229,1,1,2022-12-28 11:19:08,2022-12-28 11:19:08
38353,55122,2,0,2023-03-10 13:54:27,2026-04-28 08:04:39
38353,59825,1,1,2023-11-01 20:02:22,2023-11-01 20:02:22
38353,62246,3,0,2023-10-27 13:41:19,2023-10-28 09:00:03
38353,62642,5,1,2026-01-26 13:38:14,2026-01-29 11:37:11
38353,62929,1,1,2023-07-10 13:37:06,2023-07-10 13:37:06
38353,63096,1,1,2023-10-09 10:30:34,2023-10-09 10:30:34
38353,63745,1,1,2022-09-05 09:46:16,2022-09-05 09:46:16
38353,65053,1,1,2023-07-02 13:15:56,2023-07-02 13:15:56
38353,65823,2,1,2023-11-03 15:22:11,2023-11-06 10:34:29
38353,66333,2,1,2026-02-20 08:29:41,2026-02-21 14:04:12
38353,66995,2,0,2023-07-23 14:38:18,2023-07-23 14:42:36
38353,73930,1,0,2023-09-20 11:25:34,2023-09-20 11:25:34
38353,84859,1,1,2023-03-10 17:30:39,2023-03-10 17:30:39
38353,86485,3,1,2024-08-22 22:20:59,2024-08-26 20:52:56
38353,87037,1,0,2023-09-20 21:18:58,2023-09-20 21:18:58
38353,99260,2,1,2023-03-12 15:29:32,2023-03-14 14:31:21
38353,103259,1,0,2025-05-07 12:34:29,2025-05-07 12:34:29
38353,105312,3,1,2023-07-07 07:15:08,2023-07-07 21:58:34
38353,105679,3,0,2023-06-08 21:15:44,2023-06-09 14:25:02
38353,107053,1,0,2025-12-10 07:51:24,2025-12-10 07:51:24
38353,109167,1,1,2024-05-08 12:21:00,2024-05-08 12:21:00
38353,112799,1,1,2022-09-14 23:20:12,2022-09-14 23:20:12
38353,113158,1,1,2023-09-20 10:18:03,2023-09-20 10:18:03
38353,117614,5,1,2023-06-22 11:46:06,2023-06-26 21:11:06
38353,127722,1,1,2023-03-17 14:55:31,2023-03-17 14:55:31
38353,127824,1,1,2025-09-02 09:41:03,2025-09-02 09:41:03
38353,132800,1,1,2024-09-15 13:56:49,2024-09-15 13:56:49
38353,136255,1,1,2022-12-28 23:16:49,2022-12-28 23:16:49
38353,138502,2,1,2024-06-27 07:41:08,2024-06-28 07:46:25
38353,139456,1,1,2022-08-21 11:54:13,2022-08-21 11:54:13
38353,140237,1,1,2022-09-09 18:54:18,2022-09-09 18:54:18
38353,140245,1,1,2022-09-09 17:24:34,2022-09-09 17:24:34
38353,140437,7,2,2023-07-23 14:07:23,2023-08-18 17:26:30
38353,141632,2,0,2023-09-14 20:52:14,2023-09-14 20:54:56
38353,143418,1,1,2024-08-22 22:00:23,2024-08-22 22:00:23
38353,143928,1,1,2023-06-22 11:06:28,2023-06-22 11:06:28
38353,144221,1,1,2022-12-28 13:37:26,2022-12-28 13:37:26
38353,144335,2,0,2022-12-28 15:37:12,2022-12-28 15:40:40
38353,144343,1,1,2022-12-28 22:52:19,2022-12-28 22:52:19
38353,144917,1,1,2023-01-17 10:11:09,2023-01-17 10:11:09
38353,145836,1,1,2024-09-09 14:38:03,2024-09-09 14:38:03
38353,147608,1,1,2023-03-10 15:36:31,2023-03-10 15:36:31
38353,147752,5,0,2023-03-10 13:05:51,2023-03-10 16:46:58
38353,147776,2,1,2023-03-10 10:04:36,2023-03-10 13:47:49
38353,147813,2,1,2023-03-10 20:23:51,2023-03-10 20:54:41
38353,147824,1,1,2023-03-11 21:04:40,2023-03-11 21:04:40
38353,147867,1,1,2023-04-09 20:54:09,2023-04-09 20:54:09
38353,147911,1,0,2023-03-19 12:48:46,2023-03-19 12:48:46
38353,147943,2,1,2023-03-17 23:02:23,2023-03-18 12:12:57
38353,148020,4,1,2023-03-20 09:25:39,2023-03-20 21:19:19
38353,148044,1,1,2023-03-19 12:45:21,2023-03-19 12:45:21
38353,148064,1,0,2023-06-12 09:13:39,2023-06-12 09:13:39
38353,148066,1,0,2023-03-18 18:20:31,2023-03-18 18:20:31
38353,148095,1,1,2023-03-19 14:32:25,2023-03-19 14:32:25
38353,148111,1,0,2023-03-20 11:03:24,2023-03-20 11:03:24
38353,148138,5,1,2023-03-20 15:54:01,2023-03-21 00:13:16
38353,148293,1,0,2023-03-25 06:59:44,2023-03-25 06:59:44
38353,148525,1,0,2023-04-01 12:34:27,2023-04-01 12:34:27
38353,148668,1,1,2023-04-06 18:28:59,2023-04-06 18:28:59
38353,148676,1,0,2023-04-05 18:23:38,2023-04-05 18:23:38
38353,148728,1,1,2023-04-07 13:00:50,2023-04-07 13:00:50
38353,149219,2,1,2023-04-23 11:27:11,2023-04-23 13:54:14
38353,149230,1,1,2023-04-23 17:21:20,2023-04-23 17:21:20
38353,149385,2,1,2023-04-28 06:53:09,2023-04-28 08:16:48
38353,149841,1,1,2023-06-26 23:16:30,2023-06-26 23:16:30
38353,150250,1,0,2023-05-26 21:17:35,2023-05-26 21:17:35
38353,150257,1,0,2025-07-22 08:41:59,2025-07-22 08:41:59
38353,150635,2,1,2023-06-08 22:17:45,2023-06-13 07:15:33
38353,150656,1,0,2023-06-09 14:33:54,2023-06-09 14:33:54
38353,151078,1,1,2023-06-23 11:31:11,2023-06-23 11:31:11
38353,151116,2,1,2023-06-23 15:57:22,2023-06-23 18:16:52
38353,151169,2,1,2023-06-26 18:02:59,2023-06-28 14:05:52
38353,151171,1,0,2023-06-25 20:53:26,2023-06-25 20:53:26
38353,151304,4,1,2023-06-30 15:40:36,2023-07-01 09:33:45
38353,151526,1,0,2023-07-09 16:46:22,2023-07-09 16:46:22
38353,151638,1,1,2023-07-10 15:32:47,2023-07-10 15:32:47
38353,151646,1,1,2023-07-11 08:39:41,2023-07-11 08:39:41
38353,151659,3,0,2023-07-14 15:23:24,2023-07-14 15:28:01
38353,151717,1,1,2023-07-27 18:01:21,2023-07-27 18:01:21
38353,151800,1,0,2023-07-24 13:13:46,2023-07-24 13:13:46
38353,151803,1,1,2023-07-16 15:07:53,2023-07-16 15:07:53
38353,151835,1,1,2023-07-17 11:43:26,2023-07-17 11:43:26
38353,151969,1,1,2023-07-24 21:58:14,2023-07-24 21:58:14
38353,152064,1,0,2023-07-24 09:26:43,2023-07-24 09:26:43
38353,152086,1,1,2023-07-24 21:44:27,2023-07-24 21:44:27
38353,152228,2,1,2023-07-29 22:08:30,2023-07-31 21:24:47
38353,152979,2,1,2023-08-03 16:06:02,2023-08-04 05:15:40
38353,153623,1,1,2023-08-12 22:07:34,2023-08-12 22:07:34
38353,153702,1,1,2023-08-15 21:56:37,2023-08-15 21:56:37
38353,153828,1,0,2023-08-20 11:19:04,2023-08-20 11:19:04
38353,154334,1,1,2023-11-05 20:16:40,2023-11-05 20:16:40
38353,154353,2,1,2023-09-09 07:57:27,2023-09-14 20:43:40
38353,154372,2,1,2023-09-09 15:18:00,2023-09-11 17:05:18
38353,154385,7,1,2023-09-11 15:55:20,2023-09-14 18:10:45
38353,154554,1,0,2023-09-15 11:35:13,2023-09-15 11:35:13
38353,154847,1,0,2023-09-26 16:54:53,2023-09-26 16:54:53
38353,155540,1,1,2023-10-24 15:17:06,2023-10-24 15:17:06
38353,155799,1,0,2025-07-22 12:16:45,2025-07-22 12:16:45
38353,155905,1,1,2023-11-05 12:38:21,2023-11-05 12:38:21
38353,156780,1,0,2023-12-04 10:32:25,2023-12-04 10:32:25
38353,158188,1,0,2023-12-17 15:58:10,2023-12-17 15:58:10
38353,162794,1,1,2024-05-08 14:18:24,2024-05-08 14:18:24
38353,162878,2,2,2024-08-21 13:31:30,2024-08-23 17:36:18
38353,163000,5,1,2024-05-19 13:19:08,2024-05-23 10:06:03
38353,163037,1,0,2024-05-19 12:37:14,2024-05-19 12:37:14
38353,163121,1,1,2024-05-23 20:40:49,2024-05-23 20:40:49
38353,163191,1,1,2024-05-27 13:01:46,2024-05-27 13:01:46
38353,164133,3,1,2025-09-18 12:44:29,2025-09-18 20:11:04
38353,164819,1,1,2024-07-01 12:30:04,2024-07-01 12:30:04
38353,165060,3,0,2024-07-04 15:36:10,2024-07-08 07:18:47
38353,165346,1,0,2024-07-12 10:47:12,2024-07-12 10:47:12
38353,165471,1,0,2024-07-12 10:39:43,2024-07-12 10:39:43
38353,167029,1,1,2024-08-12 15:16:21,2024-08-12 15:16:21
38353,167170,3,1,2024-08-12 07:28:22,2024-08-12 11:39:06
38353,167490,1,1,2024-08-19 07:37:33,2024-08-19 07:37:33
38353,167515,1,1,2024-08-18 17:55:44,2024-08-18 17:55:44
38353,167599,1,0,2024-08-20 11:51:46,2024-08-20 11:51:46
38353,167960,2,0,2024-08-27 20:01:27,2024-08-27 20:04:55
38353,168177,3,1,2025-07-25 07:23:08,2025-07-26 15:07:41
38353,168287,1,0,2024-09-01 16:26:02,2024-09-01 16:26:02
38353,168559,1,0,2024-09-06 07:01:09,2024-09-06 07:01:09
38353,169255,1,0,2024-09-19 09:34:56,2024-09-19 09:34:56
38353,171145,1,0,2025-12-20 21:43:38,2025-12-20 21:43:38
38353,172649,1,0,2024-11-15 15:07:06,2024-11-15 15:07:06
38353,172863,1,1,2025-10-28 08:29:33,2025-10-28 08:29:33
38353,176080,1,0,2025-01-10 15:40:19,2025-01-10 15:40:19
38353,180052,1,0,2025-04-03 07:02:31,2025-04-03 07:02:31
38353,180417,2,1,2025-05-22 15:42:45,2025-05-23 13:38:03
38353,181522,2,0,2025-05-13 07:26:03,2025-05-13 07:28:34
38353,181818,1,1,2025-05-15 08:45:49,2025-05-15 08:45:49
38353,182011,1,0,2026-01-22 08:08:23,2026-01-22 08:08:23
38353,183698,1,0,2025-06-05 12:43:05,2025-06-05 12:43:05
38353,185410,2,0,2025-07-27 22:21:45,2025-08-17 08:41:23
38353,185693,1,0,2025-08-08 07:08:59,2025-08-08 07:08:59
38353,186083,1,0,2025-08-22 19:41:19,2025-08-22 19:41:19
38353,187196,2,0,2025-10-08 07:32:50,2025-10-08 07:35:05
38353,189660,1,0,2025-11-10 08:31:53,2025-11-10 08:31:53
38353,189723,1,1,2025-11-17 10:35:58,2025-11-17 10:35:58
38353,190520,1,0,2025-12-07 23:00:10,2025-12-07 23:00:10
38353,192270,1,0,2026-02-02 10:57:18,2026-02-02 10:57:18
38353,192489,1,1,2026-02-11 08:17:34,2026-02-11 08:17:34
38353,192501,2,1,2026-02-11 16:47:00,2026-02-11 16:47:49
38353,192870,3,1,2026-03-11 13:47:43,2026-03-12 23:37:44
38353,193051,1,0,2026-03-27 09:53:14,2026-03-27 09:53:14
38353,193899,1,1,2026-06-08 10:36:30,2026-06-08 10:36:30
38353,193970,1,0,2026-06-08 07:09:42,2026-06-08 07:09:42
38379,57752,2,1,2021-09-30 16:48:29,2021-09-30 17:05:06
38379,103326,1,1,2021-09-30 16:27:21,2021-09-30 16:27:21
38532,66386,1,1,2021-03-15 09:22:41,2021-03-15 09:22:41
38578,113282,1,1,2024-05-15 03:37:20,2024-05-15 03:37:20
38733,179091,1,1,2025-03-18 11:35:46,2025-03-18 11:35:46
38751,107003,1,1,2021-06-24 23:07:26,2021-06-24 23:07:26
38751,118496,2,1,2021-05-28 22:50:43,2021-05-28 22:54:46
38887,303,4,1,2024-02-08 08:33:06,2024-02-08 10:26:29
38887,32243,1,1,2021-01-12 07:30:27,2021-01-12 07:30:27
38887,32288,1,1,2021-01-11 13:37:28,2021-01-11 13:37:28
38887,37792,2,1,2021-01-14 06:57:15,2021-01-14 19:36:06
38887,44083,2,1,2021-01-11 10:52:35,2021-01-11 11:48:41
38887,44456,3,1,2021-01-13 16:39:41,2021-01-14 16:32:36
38887,48997,1,1,2025-09-08 08:26:52,2025-09-08 08:26:52
38887,51670,1,1,2021-01-11 10:50:23,2021-01-11 10:50:23
38887,55122,2,0,2021-01-21 23:48:03,2026-03-27 14:40:40
38887,57103,1,1,2025-09-14 08:42:37,2025-09-14 08:42:37
38887,60710,2,1,2021-01-09 10:52:20,2021-01-09 10:52:50
38887,63228,1,0,2025-07-25 13:52:23,2025-07-25 13:52:23
38887,64238,2,1,2024-02-19 13:20:41,2024-02-19 14:14:14
38887,64377,2,1,2023-12-29 09:41:41,2023-12-29 13:12:41
38887,66386,1,1,2026-05-29 07:58:20,2026-05-29 07:58:20
38887,69849,1,1,2024-02-15 09:45:36,2024-02-15 09:45:36
38887,70546,3,1,2021-01-12 07:24:58,2021-01-12 08:51:16
38887,74649,2,1,2025-08-07 08:09:14,2025-08-07 11:43:56
38887,76275,1,1,2021-01-06 14:18:33,2021-01-06 14:18:33
38887,83473,1,0,2021-01-07 18:59:11,2021-01-07 18:59:11
38887,93617,1,1,2023-12-30 14:13:27,2023-12-30 14:13:27
38887,105469,2,0,2021-01-11 21:09:01,2021-01-12 16:26:06
38887,106183,4,1,2021-01-08 12:50:57,2021-01-09 14:23:27
38887,108477,1,1,2021-01-06 07:27:00,2021-01-06 07:27:00
38887,109132,3,1,2021-01-06 07:28:17,2021-01-06 15:28:17
38887,109986,1,1,2021-01-08 08:11:06,2021-01-08 08:11:06
38887,110009,1,1,2021-01-08 13:01:55,2021-01-08 13:01:55
38887,110074,1,0,2021-01-09 22:41:55,2021-01-09 22:41:55
38887,110131,2,1,2021-01-11 08:42:22,2021-01-11 11:53:50
38887,110132,2,1,2021-01-11 09:28:28,2021-01-11 12:48:15
38887,110208,1,1,2021-01-12 12:38:45,2021-01-12 12:38:45
38887,110361,1,1,2021-01-15 08:43:37,2021-01-15 08:43:37
38887,110483,1,1,2021-01-18 07:45:32,2021-01-18 07:45:32
38887,110984,1,0,2021-01-28 10:26:04,2021-01-28 10:26:04
38887,111073,3,1,2023-12-29 11:37:25,2023-12-29 20:22:02
38887,111128,2,1,2024-01-07 06:58:17,2024-01-07 07:27:29
38887,112139,1,1,2021-03-18 10:19:59,2021-03-18 10:19:59
38887,113517,2,1,2021-03-18 11:19:44,2021-03-18 11:39:06
38887,113628,1,1,2025-07-15 07:13:46,2025-07-15 07:13:46
38887,119882,6,2,2024-02-07 07:44:19,2024-02-07 13:07:20
38887,119921,1,0,2024-01-03 15:32:14,2024-01-03 15:32:14
38887,122949,2,1,2026-03-26 08:17:05,2026-03-26 08:28:41
38887,123468,2,1,2025-08-08 08:42:47,2025-08-08 08:48:13
38887,127824,1,1,2025-09-09 07:15:16,2025-09-09 07:15:16
38887,134969,2,0,2024-01-02 14:02:02,2024-01-02 19:19:08
38887,136182,1,1,2025-07-30 07:26:47,2025-07-30 07:26:47
38887,136865,1,1,2025-07-30 09:28:55,2025-07-30 09:28:55
38887,138002,1,1,2026-03-27 10:24:42,2026-03-27 10:24:42
38887,139059,1,1,2024-02-12 14:59:39,2024-02-12 14:59:39
38887,139509,2,1,2024-02-01 17:24:23,2024-02-01 17:25:16
38887,146237,1,1,2024-02-15 18:53:12,2024-02-15 18:53:12
38887,146321,1,1,2026-03-31 08:19:22,2026-03-31 08:19:22
38887,154624,1,0,2024-01-02 13:58:15,2024-01-02 13:58:15
38887,156142,2,1,2023-12-29 09:33:39,2023-12-29 20:26:06
38887,156460,1,1,2024-01-10 09:57:04,2024-01-10 09:57:04
38887,158271,1,1,2023-12-30 11:18:59,2023-12-30 11:18:59
38887,158380,2,1,2023-12-29 11:40:14,2023-12-29 12:04:03
38887,158423,1,0,2024-01-03 11:34:53,2024-01-03 11:34:53
38887,158429,1,1,2023-12-28 15:36:59,2023-12-28 15:36:59
38887,158482,1,1,2024-01-02 07:56:16,2024-01-02 07:56:16
38887,158560,2,0,2024-01-05 11:55:38,2024-01-11 13:44:17
38887,158668,1,1,2024-01-08 13:41:17,2024-01-08 13:41:17
38887,158748,1,1,2024-01-11 15:13:57,2024-01-11 15:13:57
38887,159570,1,1,2024-02-13 14:29:11,2024-02-13 14:29:11
38887,159725,1,1,2026-03-30 14:38:08,2026-03-30 14:38:08
38887,159743,1,0,2024-02-13 10:21:56,2024-02-13 10:21:56
38887,159770,2,1,2024-02-14 16:26:59,2024-02-14 16:27:20
38887,159835,1,1,2024-02-19 10:35:04,2024-02-19 10:35:04
38887,161031,1,1,2024-02-26 11:08:08,2024-02-26 11:08:08
38887,164976,1,0,2026-03-31 10:45:07,2026-03-31 10:45:07
38887,167331,1,1,2025-08-30 11:16:51,2025-08-30 11:16:51
38887,170257,4,1,2025-07-30 07:03:35,2025-07-31 07:22:52
38887,176948,1,1,2026-04-30 12:44:57,2026-04-30 12:44:57
38887,182011,1,1,2025-07-10 07:33:44,2025-07-10 07:33:44
38887,183576,1,1,2025-07-15 11:47:41,2025-07-15 11:47:41
38887,184057,2,1,2025-06-20 07:57:30,2025-06-24 07:24:09
38887,184516,1,1,2026-03-27 09:36:35,2026-03-27 09:36:35
38887,184611,1,1,2025-07-10 07:38:28,2025-07-10 07:38:28
38887,185403,2,1,2025-07-25 08:04:42,2025-07-25 08:10:42
38887,185410,4,3,2025-07-25 12:09:50,2025-09-16 07:46:53
38887,185544,1,1,2025-07-31 07:31:41,2025-07-31 07:31:41
38887,185572,1,1,2025-08-01 09:25:59,2025-08-01 09:25:59
38887,185795,1,1,2025-08-10 20:30:55,2025-08-10 20:30:55
38887,185884,1,1,2025-08-14 08:35:45,2025-08-14 08:35:45
38887,186652,1,1,2025-09-12 08:04:53,2025-09-12 08:04:53
38887,191887,1,1,2026-04-03 12:25:47,2026-04-03 12:25:47
38887,192406,1,1,2026-03-27 09:52:33,2026-03-27 09:52:33
38887,192973,1,1,2026-03-26 08:33:48,2026-03-26 08:33:48
38887,193029,1,1,2026-03-25 10:05:28,2026-03-25 10:05:28
38887,193031,1,1,2026-03-25 09:45:07,2026-03-25 09:45:07
38887,193051,1,0,2026-03-31 17:16:08,2026-03-31 17:16:08
38887,193094,1,1,2026-03-31 06:59:44,2026-03-31 06:59:44
38887,193353,1,1,2026-04-23 08:54:40,2026-04-23 08:54:40
38887,193405,1,0,2026-04-27 14:03:54,2026-04-27 14:03:54
38887,193899,2,1,2026-05-27 09:12:05,2026-05-29 08:16:52
38892,113067,2,1,2024-04-19 06:20:58,2024-04-19 14:24:45
38892,115274,1,1,2021-05-10 03:55:28,2021-05-10 03:55:28
38892,117338,1,1,2021-05-09 16:39:22,2021-05-09 16:39:22
38994,119228,1,0,2021-07-21 22:37:54,2021-07-21 22:37:54
39174,85577,1,1,2023-08-10 08:04:20,2023-08-10 08:04:20
39289,41692,1,1,2021-01-10 18:16:27,2021-01-10 18:16:27
39328,109438,1,1,2020-12-27 22:47:15,2020-12-27 22:47:15
39423,184471,1,0,2025-07-09 00:22:24,2025-07-09 00:22:24
39513,101394,1,1,2021-01-10 18:34:11,2021-01-10 18:34:11
39811,127664,1,1,2021-12-03 17:02:52,2021-12-03 17:02:52
40139,118696,1,1,2021-06-03 07:26:29,2021-06-03 07:26:29
40260,119761,1,1,2021-06-25 20:10:16,2021-06-25 20:10:16
40382,108739,1,1,2020-12-14 18:23:36,2020-12-14 18:23:36
40572,55122,1,0,2022-07-06 00:51:51,2022-07-06 00:51:51
40572,83791,1,0,2022-07-11 14:10:07,2022-07-11 14:10:07
40805,50874,4,1,2020-12-22 23:45:27,2020-12-23 01:19:24
40805,108567,1,1,2020-12-09 11:11:51,2020-12-09 11:11:51
40805,133432,1,0,2024-01-23 20:02:00,2024-01-23 20:02:00
40808,137711,1,0,2023-11-30 18:41:31,2023-11-30 18:41:31
40854,47279,1,1,2022-09-19 19:58:20,2022-09-19 19:58:20
40921,151484,1,1,2023-07-24 00:17:52,2023-07-24 00:17:52
41058,14675,2,0,2024-03-20 06:43:31,2024-03-22 19:55:49
41058,59047,2,1,2024-03-03 04:10:36,2024-03-04 15:50:58
41193,42439,1,1,2023-01-21 15:33:43,2023-01-21 15:33:43
41286,89795,1,1,2021-01-27 09:55:46,2021-01-27 09:55:46
41344,134964,2,1,2022-04-24 11:29:01,2022-04-24 14:54:39
41546,125094,1,0,2021-10-10 00:13:11,2021-10-10 00:13:11
41637,1330,2,0,2021-02-26 11:27:53,2021-02-26 15:29:44
41637,14017,1,0,2023-04-24 12:34:30,2023-04-24 12:34:30
41637,17916,4,1,2021-03-04 13:52:08,2021-03-14 18:02:37
41637,37184,1,0,2021-02-24 16:17:22,2021-02-24 16:17:22
41637,43209,2,0,2021-03-07 17:37:11,2021-03-09 08:13:54
41637,43268,1,1,2021-02-24 15:36:29,2021-02-24 15:36:29
41637,50627,1,1,2021-04-15 16:15:20,2021-04-15 16:15:20
41637,60636,1,0,2021-03-19 12:58:38,2021-03-19 12:58:38
41637,61088,2,1,2021-03-09 08:32:46,2021-03-09 13:45:49
41637,63800,1,1,2021-04-12 13:24:44,2021-04-12 13:24:44
41637,64553,1,1,2021-03-25 18:01:11,2021-03-25 18:01:11
41637,64876,3,1,2021-03-26 12:37:53,2021-03-26 12:58:48
41637,67931,5,1,2021-04-15 16:21:44,2021-04-29 11:21:02
41637,68066,2,1,2021-02-26 11:26:13,2021-02-28 16:00:31
41637,69478,2,0,2021-02-26 10:39:06,2021-02-26 10:46:52
41637,74369,1,1,2021-04-22 18:41:25,2021-04-22 18:41:25
41637,77125,1,0,2021-03-08 13:46:32,2021-03-08 13:46:32
41637,78897,2,1,2021-02-26 13:24:25,2021-02-26 14:05:19
41637,80609,3,1,2021-02-23 08:00:39,2021-02-23 10:29:50
41637,83791,1,0,2021-03-16 09:12:15,2021-03-16 09:12:15
41637,98749,1,0,2021-04-12 13:29:30,2021-04-12 13:29:30
41637,99260,5,2,2021-02-26 10:34:08,2021-02-28 15:39:19
41637,101460,1,0,2021-04-15 16:29:22,2021-04-15 16:29:22
41637,106905,2,1,2021-02-24 15:41:42,2021-02-24 15:52:59
41637,108185,1,1,2021-04-12 13:16:55,2021-04-12 13:16:55
41637,108197,1,0,2021-04-12 13:36:55,2021-04-12 13:36:55
41637,108346,1,1,2021-04-26 16:01:17,2021-04-26 16:01:17
41637,110503,4,2,2021-03-19 13:09:06,2021-03-20 21:05:47
41637,110967,1,1,2021-03-07 17:48:52,2021-03-07 17:48:52
41637,111392,1,0,2021-02-19 21:35:14,2021-02-19 21:35:14
41637,112011,2,1,2021-03-15 11:44:51,2021-03-16 11:18:14
41637,112086,1,0,2021-03-14 18:11:38,2021-03-14 18:11:38
41637,112212,1,1,2021-02-26 15:48:35,2021-02-26 15:48:35
41637,112224,1,1,2021-02-26 14:55:18,2021-02-26 14:55:18
41637,112246,1,0,2021-02-24 15:15:04,2021-02-24 15:15:04
41637,112365,2,1,2021-02-24 15:21:12,2021-02-24 15:23:39
41637,112371,1,1,2021-02-24 16:04:38,2021-02-24 16:04:38
41637,112461,1,1,2021-02-26 11:02:20,2021-02-26 11:02:20
41637,112483,1,0,2021-03-20 19:56:36,2021-03-20 19:56:36
41637,112558,1,1,2021-02-28 15:09:40,2021-02-28 15:09:40
41637,112775,5,1,2021-03-04 14:00:21,2021-04-29 11:27:45
41637,112864,1,1,2021-03-06 18:31:32,2021-03-06 18:31:32
41637,112957,1,0,2021-03-08 13:50:24,2021-03-08 13:50:24
41637,113408,1,0,2021-03-16 18:30:01,2021-03-16 18:30:01
41637,113460,1,0,2021-03-17 15:16:05,2021-03-17 15:16:05
41637,113540,2,1,2021-03-19 13:25:24,2021-03-20 13:13:35
41637,113559,1,0,2021-03-27 08:44:44,2021-03-27 08:44:44
41637,113562,1,0,2021-03-19 12:49:40,2021-03-19 12:49:40
41637,113579,1,0,2021-03-20 20:00:38,2021-03-20 20:00:38
41637,113898,2,1,2021-03-25 18:17:17,2021-03-25 18:18:38
41637,113901,2,0,2021-04-15 16:23:37,2021-04-15 17:12:02
41637,113903,3,1,2021-03-25 18:06:23,2021-04-29 11:24:48
41637,113936,1,1,2021-03-26 12:53:05,2021-03-26 12:53:05
41637,113950,1,0,2021-03-26 15:29:58,2021-03-26 15:29:58
41637,114973,1,1,2021-03-27 09:12:00,2021-03-27 09:12:00
41637,114984,1,0,2021-04-21 14:54:39,2021-04-21 14:54:39
41637,115840,2,1,2021-04-15 16:16:34,2021-04-29 11:23:39
41637,116090,1,0,2021-04-19 12:26:39,2021-04-19 12:26:39
41637,116258,1,1,2021-04-19 12:29:52,2021-04-19 12:29:52
41637,116294,1,0,2021-04-19 12:25:41,2021-04-19 12:25:41
41637,116412,2,0,2021-04-21 07:37:22,2021-04-21 07:42:21
41637,116846,2,1,2021-04-29 11:10:43,2021-04-29 13:54:01
41637,117077,1,1,2021-05-04 08:26:03,2021-05-04 08:26:03
41637,120898,1,0,2021-07-19 10:14:48,2021-07-19 10:14:48
41888,133057,1,0,2022-06-07 11:48:54,2022-06-07 11:48:54
41908,93617,1,1,2024-02-08 13:26:32,2024-02-08 13:26:32
41908,111618,11,1,2024-07-12 09:29:58,2024-07-15 22:29:21
41908,125932,1,1,2023-03-05 20:03:57,2023-03-05 20:03:57
41908,134386,1,1,2024-01-25 02:35:29,2024-01-25 02:35:29
41908,139509,1,1,2024-01-31 11:42:30,2024-01-31 11:42:30
41908,145385,1,1,2024-07-17 20:56:14,2024-07-17 20:56:14
41927,136817,2,0,2023-05-01 15:19:28,2023-05-02 10:32:15
42022,51687,1,1,2022-11-01 09:13:29,2022-11-01 09:13:29
42022,98749,1,1,2022-11-01 08:51:46,2022-11-01 08:51:46
42378,108391,1,0,2020-12-05 17:34:47,2020-12-05 17:34:47
42378,128293,2,0,2021-11-28 22:23:47,2021-11-29 12:12:20
42378,128546,3,0,2021-12-07 00:18:46,2021-12-07 15:02:35
42378,128791,1,0,2021-12-12 15:52:33,2021-12-12 15:52:33
42378,132307,2,0,2022-02-13 04:00:55,2022-02-14 01:53:37
42378,134439,1,0,2022-04-11 20:32:53,2022-04-11 20:32:53
42378,135427,1,0,2022-08-27 06:43:53,2022-08-27 06:43:53
42378,138409,1,0,2022-07-23 03:22:36,2022-07-23 03:22:36
42792,7730,1,0,2025-11-18 20:50:13,2025-11-18 20:50:13
42792,116681,1,0,2022-11-22 10:35:51,2022-11-22 10:35:51
42792,133851,1,0,2023-04-05 08:09:22,2023-04-05 08:09:22
42792,137692,1,1,2022-11-21 10:41:03,2022-11-21 10:41:03
42792,138508,1,1,2024-03-08 19:36:38,2024-03-08 19:36:38
42792,154806,1,1,2024-09-13 16:29:49,2024-09-13 16:29:49
42831,18313,1,1,2021-03-07 06:45:52,2021-03-07 06:45:52
42831,77125,1,1,2021-03-08 14:16:18,2021-03-08 14:16:18
42831,106808,1,1,2021-03-05 18:12:49,2021-03-05 18:12:49
42831,113191,1,1,2021-03-12 09:45:34,2021-03-12 09:45:34
42913,139588,1,1,2022-11-04 18:42:29,2022-11-04 18:42:29
42913,141611,2,1,2022-11-13 19:38:19,2022-11-14 18:22:11
43000,7730,2,0,2025-03-25 20:18:34,2025-03-25 21:30:09
43000,15533,1,0,2021-06-08 10:28:14,2021-06-08 10:28:14
43000,17571,1,0,2020-12-17 14:56:28,2020-12-17 14:56:28
43000,27902,1,0,2021-06-17 19:23:45,2021-06-17 19:23:45
43000,39982,3,1,2021-03-22 22:06:53,2021-04-08 20:15:40
43000,40277,1,0,2021-03-03 21:18:27,2021-03-03 21:18:27
43000,51687,1,0,2021-07-11 21:19:14,2021-07-11 21:19:14
43000,59901,1,0,2021-10-22 21:01:41,2021-10-22 21:01:41
43000,63129,1,0,2022-01-17 16:06:28,2022-01-17 16:06:28
43000,63745,1,0,2022-10-23 23:35:11,2022-10-23 23:35:11
43000,64377,2,0,2022-01-15 21:50:03,2022-01-19 19:59:12
43000,65375,1,0,2020-12-20 13:03:08,2020-12-20 13:03:08
43000,67620,1,0,2022-03-11 00:00:55,2022-03-11 00:00:55
43000,74649,2,0,2021-04-11 14:19:11,2021-04-11 17:24:14
43000,74973,1,0,2021-10-28 18:43:07,2021-10-28 18:43:07
43000,75157,2,0,2021-07-07 19:33:33,2022-03-10 23:58:41
43000,76275,1,0,2021-10-27 18:51:49,2021-10-27 18:51:49
43000,76390,1,0,2021-03-11 12:11:11,2021-03-11 12:11:11
43000,78377,1,0,2021-07-11 21:07:30,2021-07-11 21:07:30
43000,86339,1,0,2021-11-03 17:19:20,2021-11-03 17:19:20
43000,91857,1,0,2021-04-08 15:53:12,2021-04-08 15:53:12
43000,92050,1,0,2021-04-09 11:49:48,2021-04-09 11:49:48
43000,95733,1,0,2020-12-20 02:18:48,2020-12-20 02:18:48
43000,96332,1,0,2024-02-12 12:50:39,2024-02-12 12:50:39
43000,97832,1,0,2021-05-21 20:57:02,2021-05-21 20:57:02
43000,100269,4,0,2021-02-10 13:48:05,2021-10-22 20:51:59
43000,108085,1,0,2021-10-20 21:35:59,2021-10-20 21:35:59
43000,109348,1,0,2020-12-24 11:53:21,2020-12-24 11:53:21
43000,109836,1,0,2021-04-11 23:32:26,2021-04-11 23:32:26
43000,110237,1,0,2021-02-13 12:52:32,2021-02-13 12:52:32
43000,110856,1,0,2021-02-10 13:24:51,2021-02-10 13:24:51
43000,111191,1,0,2021-02-14 18:15:54,2021-02-14 18:15:54
43000,111512,1,0,2021-02-13 11:02:58,2021-02-13 11:02:58
43000,111522,1,0,2021-02-10 13:46:51,2021-02-10 13:46:51
43000,111618,1,1,2021-02-13 10:52:24,2021-02-13 10:52:24
43000,112421,1,0,2021-02-25 13:43:16,2021-02-25 13:43:16
43000,113197,1,0,2021-07-07 19:42:02,2021-07-07 19:42:02
43000,113512,1,0,2021-03-18 10:44:57,2021-03-18 10:44:57
43000,113752,1,0,2021-03-23 14:21:06,2021-03-23 14:21:06
43000,113765,1,0,2021-04-15 13:11:51,2021-04-15 13:11:51
43000,114973,1,0,2021-03-27 08:49:25,2021-03-27 08:49:25
43000,119140,1,0,2021-06-17 19:20:46,2021-06-17 19:20:46
43000,119746,1,0,2021-10-24 21:49:30,2021-10-24 21:49:30
43000,120914,2,1,2021-07-19 18:20:35,2021-07-20 18:33:45
43000,121222,1,0,2022-04-07 12:55:44,2022-04-07 12:55:44
43000,122373,1,0,2021-07-31 20:14:41,2021-07-31 20:14:41
43000,126362,1,0,2021-10-14 01:24:38,2021-10-14 01:24:38
43000,126721,1,0,2021-10-20 21:47:42,2021-10-20 21:47:42
43000,126861,1,0,2021-10-23 23:35:13,2021-10-23 23:35:13
43000,128575,1,0,2024-09-22 10:00:49,2024-09-22 10:00:49
43000,130679,1,0,2022-01-15 14:42:14,2022-01-15 14:42:14
43000,131857,1,0,2022-02-02 21:13:55,2022-02-02 21:13:55
43000,133238,2,0,2022-04-29 21:40:20,2022-05-02 10:13:43
43000,133716,1,0,2022-10-23 23:41:13,2022-10-23 23:41:13
43000,135272,1,0,2022-09-30 10:58:59,2022-09-30 10:58:59
43000,137730,1,0,2022-10-23 23:36:04,2022-10-23 23:36:04
43000,138396,1,0,2022-07-26 20:49:26,2022-07-26 20:49:26
43000,138433,1,0,2022-07-25 14:03:27,2022-07-25 14:03:27
43000,138799,1,0,2022-08-02 20:40:22,2022-08-02 20:40:22
43000,152236,1,0,2023-07-30 20:48:09,2023-07-30 20:48:09
43000,159784,1,0,2024-02-15 21:34:46,2024-02-15 21:34:46
43000,169255,1,0,2024-09-21 20:21:51,2024-09-21 20:21:51
43000,170539,1,0,2024-10-08 21:09:37,2024-10-08 21:09:37
43000,178797,1,0,2025-03-08 20:21:52,2025-03-08 20:21:52
43000,179091,1,0,2025-03-25 22:51:23,2025-03-25 22:51:23
43000,179188,2,0,2025-03-25 20:15:05,2025-03-26 12:41:05
43021,87196,1,1,2023-12-21 13:59:05,2023-12-21 13:59:05
43021,159011,1,1,2024-01-22 14:18:19,2024-01-22 14:18:19
43021,159013,2,1,2024-01-22 13:57:12,2024-01-22 14:34:23
43077,85237,1,0,2021-05-22 14:44:10,2021-05-22 14:44:10
43077,104877,1,1,2022-02-06 15:44:43,2022-02-06 15:44:43
43119,86325,1,1,2022-11-03 20:01:10,2022-11-03 20:01:10
43119,130999,1,1,2022-11-09 00:52:02,2022-11-09 00:52:02
43147,79422,1,1,2021-12-09 10:41:20,2021-12-09 10:41:20
43147,127899,1,1,2021-12-09 10:42:41,2021-12-09 10:42:41
43147,140464,1,1,2022-09-27 09:49:32,2022-09-27 09:49:32
43306,89478,2,1,2022-08-05 08:58:16,2022-08-08 05:34:14
43374,135596,1,0,2024-11-20 08:51:03,2024-11-20 08:51:03
43374,135970,1,0,2025-08-18 18:46:09,2025-08-18 18:46:09
43374,142856,1,1,2024-11-18 12:30:38,2024-11-18 12:30:38
43374,146418,1,0,2024-11-13 10:50:33,2024-11-13 10:50:33
43374,156251,2,1,2024-11-20 09:08:22,2024-11-20 13:48:21
43374,158356,1,0,2024-11-20 16:13:20,2024-11-20 16:13:20
43374,171036,1,1,2025-08-18 19:24:26,2025-08-18 19:24:26
43374,173256,1,1,2024-11-18 12:42:45,2024-11-18 12:42:45
43374,173338,1,1,2024-11-18 11:55:08,2024-11-18 11:55:08
43466,7730,1,0,2025-07-22 22:41:39,2025-07-22 22:41:39
43466,43711,1,1,2022-09-14 03:02:09,2022-09-14 03:02:09
43466,105722,1,0,2022-03-29 07:29:55,2022-03-29 07:29:55
43466,125527,1,1,2022-03-29 05:36:59,2022-03-29 05:36:59
43466,140422,1,0,2022-09-14 17:53:08,2022-09-14 17:53:08
43469,120088,1,1,2021-07-01 12:45:50,2021-07-01 12:45:50
43469,127440,1,0,2021-11-10 08:48:38,2021-11-10 08:48:38
43469,135463,1,1,2022-05-13 11:51:51,2022-05-13 11:51:51
43469,138531,1,0,2022-09-01 09:53:10,2022-09-01 09:53:10
43469,145714,3,1,2023-11-07 13:05:57,2023-11-15 11:07:26
43469,178646,1,0,2025-05-19 14:28:21,2025-05-19 14:28:21
43472,83425,1,1,2021-01-06 09:18:37,2021-01-06 09:18:37
43497,100986,1,1,2020-12-26 04:10:43,2020-12-26 04:10:43
43497,109168,1,1,2020-12-26 19:37:21,2020-12-26 19:37:21
43497,109375,1,1,2020-12-26 19:28:19,2020-12-26 19:28:19
43497,139802,1,1,2022-08-29 11:50:21,2022-08-29 11:50:21
43527,117015,1,0,2021-05-04 20:47:31,2021-05-04 20:47:31
43623,102852,1,0,2020-12-15 21:20:03,2020-12-15 21:20:03
43711,128409,1,1,2021-12-02 02:34:07,2021-12-02 02:34:07
43950,115244,1,1,2022-07-21 16:09:47,2022-07-21 16:09:47
44139,43546,1,0,2021-08-29 16:53:13,2021-08-29 16:53:13
44139,61445,1,1,2021-08-23 16:37:11,2021-08-23 16:37:11
44139,73441,1,0,2021-08-26 17:21:56,2021-08-26 17:21:56
44139,109987,1,1,2021-02-26 07:31:47,2021-02-26 07:31:47
44139,121133,1,0,2021-07-26 02:31:08,2021-07-26 02:31:08
44139,123299,1,0,2021-08-25 17:11:30,2021-08-25 17:11:30
44139,130860,2,1,2022-10-18 17:17:43,2022-10-19 15:24:29
44139,145271,1,0,2023-01-27 09:06:08,2023-01-27 09:06:08
44139,145280,1,0,2023-01-27 09:03:38,2023-01-27 09:03:38
44139,145290,1,1,2023-01-27 08:55:32,2023-01-27 08:55:32
44389,64422,1,1,2024-07-04 11:10:11,2024-07-04 11:10:11
44456,78513,1,1,2021-07-02 19:13:29,2021-07-02 19:13:29
44456,87284,1,1,2020-12-19 07:19:42,2020-12-19 07:19:42
44456,108185,1,0,2021-02-02 11:47:23,2021-02-02 11:47:23
44456,108624,1,1,2020-12-20 07:56:48,2020-12-20 07:56:48
44456,111100,1,0,2021-01-30 14:01:06,2021-01-30 14:01:06
44456,116431,1,0,2021-04-23 20:12:19,2021-04-23 20:12:19
44456,119810,1,0,2021-06-30 07:23:47,2021-06-30 07:23:47
44456,133714,1,1,2022-03-22 09:42:00,2022-03-22 09:42:00
44707,162300,1,1,2024-07-26 12:25:02,2024-07-26 12:25:02
44710,71748,1,1,2021-08-28 23:16:29,2021-08-28 23:16:29
44760,123290,1,0,2021-08-23 08:56:48,2021-08-23 08:56:48
44779,14675,1,0,2022-05-11 20:25:39,2022-05-11 20:25:39
44960,7812,1,1,2022-02-12 17:17:10,2022-02-12 17:17:10
44960,29609,2,1,2022-02-18 08:37:04,2022-02-18 09:30:57
44960,63831,1,0,2022-02-12 17:04:48,2022-02-12 17:04:48
44960,132547,1,1,2022-02-18 09:26:28,2022-02-18 09:26:28
44960,134745,1,0,2022-04-18 19:37:38,2022-04-18 19:37:38
44960,135108,1,0,2022-04-30 04:18:35,2022-04-30 04:18:35
44960,135706,1,1,2022-05-21 07:45:48,2022-05-21 07:45:48
44962,8237,1,0,2022-11-09 21:30:51,2022-11-09 21:30:51
44962,8560,1,0,2025-03-04 19:46:30,2025-03-04 19:46:30
44962,41929,1,0,2020-12-08 21:19:56,2020-12-08 21:19:56
44962,64876,1,0,2022-02-21 18:10:31,2022-02-21 18:10:31
44962,85759,1,0,2022-03-21 18:53:15,2022-03-21 18:53:15
44962,115501,1,0,2021-04-30 13:50:25,2021-04-30 13:50:25
44962,164133,1,0,2025-04-01 19:07:15,2025-04-01 19:07:15
44962,178657,2,1,2025-03-04 19:43:49,2025-03-07 14:22:42
44962,193661,1,0,2026-05-12 15:55:41,2026-05-12 15:55:41
45069,14675,2,0,2023-04-07 02:36:41,2023-04-07 16:58:17
45217,104153,2,1,2021-05-27 04:02:02,2021-05-29 11:52:15
45217,113820,1,1,2021-03-24 14:23:40,2021-03-24 14:23:40
45217,122488,1,1,2023-07-23 18:36:31,2023-07-23 18:36:31
45217,126055,1,1,2022-11-15 08:05:19,2022-11-15 08:05:19
45217,136180,1,1,2022-06-12 09:55:33,2022-06-12 09:55:33
45217,141611,1,1,2022-11-15 08:31:30,2022-11-15 08:31:30
45221,101518,1,1,2021-09-10 15:37:54,2021-09-10 15:37:54
45221,138392,1,1,2022-09-12 09:50:25,2022-09-12 09:50:25
45221,140335,1,1,2022-09-12 14:10:47,2022-09-12 14:10:47
45237,127878,1,0,2022-01-20 05:29:03,2022-01-20 05:29:03
45264,1330,1,0,2021-09-07 20:58:25,2021-09-07 20:58:25
45264,9123,1,1,2021-03-15 00:25:08,2021-03-15 00:25:08
45264,76275,2,1,2021-01-11 00:05:25,2021-01-11 09:53:16
45264,78961,2,1,2021-01-28 19:26:34,2021-01-28 20:29:50
45264,79298,1,1,2021-01-26 09:42:11,2021-01-26 09:42:11
45264,80860,1,1,2021-02-26 21:38:12,2021-02-26 21:38:12
45264,82643,1,1,2021-01-16 00:08:44,2021-01-16 00:08:44
45264,95511,1,1,2021-01-10 23:47:31,2021-01-10 23:47:31
45264,106282,2,2,2021-01-10 23:44:44,2021-01-29 11:30:12
45264,108391,1,1,2021-02-06 20:45:59,2021-02-06 20:45:59
45264,110398,1,1,2021-01-15 21:39:07,2021-01-15 21:39:07
45264,110435,1,0,2021-01-23 16:52:16,2021-01-23 16:52:16
45264,110573,1,1,2021-01-19 22:31:33,2021-01-19 22:31:33
45264,110976,1,1,2021-01-28 21:03:02,2021-01-28 21:03:02
45264,111109,2,1,2021-01-30 16:37:19,2021-02-01 10:40:35
45264,111333,1,1,2021-02-21 13:22:55,2021-02-21 13:22:55
45264,111445,1,1,2021-02-05 20:56:44,2021-02-05 20:56:44
45264,111502,1,1,2021-02-07 11:39:33,2021-02-07 11:39:33
45264,111616,2,1,2021-03-01 08:49:44,2021-03-01 09:33:08
45264,112120,1,1,2021-02-19 10:18:17,2021-02-19 10:18:17
45264,117018,1,1,2021-05-10 07:38:25,2021-05-10 07:38:25
45264,118698,1,0,2021-06-04 21:56:41,2021-06-04 21:56:41
45264,121108,1,1,2022-08-24 20:38:36,2022-08-24 20:38:36
45264,129984,4,0,2022-10-11 20:29:48,2022-10-13 09:46:12
45264,135427,1,1,2022-08-26 19:20:39,2022-08-26 19:20:39
45264,139616,1,1,2022-08-24 21:13:10,2022-08-24 21:13:10
45264,142196,4,1,2022-10-30 16:31:32,2022-11-07 13:56:18
45374,58433,1,1,2021-08-23 14:19:23,2021-08-23 14:19:23
45374,92396,1,1,2021-07-15 13:54:41,2021-07-15 13:54:41
45374,120363,1,1,2021-07-09 21:49:47,2021-07-09 21:49:47
45374,122543,1,1,2021-08-03 14:31:03,2021-08-03 14:31:03
45385,9191,1,0,2022-10-28 05:15:44,2022-10-28 05:15:44
45385,38256,1,1,2022-10-27 08:28:35,2022-10-27 08:28:35
45385,109091,1,1,2022-11-17 19:04:10,2022-11-17 19:04:10
45385,117400,1,1,2021-12-18 12:59:41,2021-12-18 12:59:41
45414,64377,1,0,2024-03-06 18:33:44,2024-03-06 18:33:44
45501,23437,1,1,2021-04-21 01:39:27,2021-04-21 01:39:27
45501,64553,1,1,2021-04-24 01:41:10,2021-04-24 01:41:10
45501,86319,1,1,2021-04-24 13:43:37,2021-04-24 13:43:37
45501,87876,1,1,2021-04-19 23:32:57,2021-04-19 23:32:57
45501,108477,1,1,2021-04-29 13:44:58,2021-04-29 13:44:58
45501,115758,1,1,2021-04-12 02:26:18,2021-04-12 02:26:18
45501,116212,2,1,2021-04-19 23:13:23,2021-04-21 01:27:33
45501,116260,1,1,2021-04-19 23:28:15,2021-04-19 23:28:15
45501,116447,1,1,2021-04-21 23:43:56,2021-04-21 23:43:56
45501,116467,1,1,2021-04-22 23:15:10,2021-04-22 23:15:10
45501,116821,1,0,2021-04-29 13:51:28,2021-04-29 13:51:28
45627,26202,1,1,2022-07-19 14:31:10,2022-07-19 14:31:10
45627,108106,2,0,2022-08-08 13:41:36,2022-08-09 14:29:27
45627,128839,1,1,2022-07-18 22:40:22,2022-07-18 22:40:22
45627,130534,1,1,2022-07-21 14:50:30,2022-07-21 14:50:30
45627,132148,1,1,2022-07-19 14:05:36,2022-07-19 14:05:36
45627,136169,1,1,2022-07-29 13:36:08,2022-07-29 13:36:08
45627,138112,1,1,2022-07-15 17:25:47,2022-07-15 17:25:47
45627,138190,1,0,2022-07-19 14:00:23,2022-07-19 14:00:23
45627,138262,1,1,2022-07-28 13:41:23,2022-07-28 13:41:23
45627,138293,2,1,2022-07-19 21:38:15,2022-07-20 13:22:40
45627,138324,1,0,2022-07-26 13:21:43,2022-07-26 13:21:43
45627,138654,2,0,2022-07-29 13:11:37,2022-08-01 13:09:40
45627,138854,1,1,2022-08-04 17:59:08,2022-08-04 17:59:08
45627,139071,1,0,2022-08-10 16:23:50,2022-08-10 16:23:50
45627,139110,1,0,2022-08-18 13:18:16,2022-08-18 13:18:16
45650,111423,1,0,2021-07-01 23:12:06,2021-07-01 23:12:06
45670,13165,1,0,2025-03-02 19:54:50,2025-03-02 19:54:50
45670,43466,1,0,2022-03-29 19:55:12,2022-03-29 19:55:12
45670,79520,1,0,2022-10-12 09:47:40,2022-10-12 09:47:40
45670,119761,1,0,2021-06-25 20:34:47,2021-06-25 20:34:47
45670,121120,1,0,2021-07-24 19:54:02,2021-07-24 19:54:02
45670,125878,1,0,2021-09-29 12:01:01,2021-09-29 12:01:01
45670,179211,1,1,2021-07-26 16:05:13,2021-07-26 16:05:13
45704,75157,1,0,2022-01-16 10:03:18,2022-01-16 10:03:18
45704,110977,1,1,2022-01-16 15:42:22,2022-01-16 15:42:22
45726,80679,2,1,2021-05-18 17:53:11,2021-05-19 12:11:32
45726,117892,1,0,2021-05-18 17:38:09,2021-05-18 17:38:09
45768,98946,1,0,2021-04-30 12:39:53,2021-04-30 12:39:53
45768,125527,1,1,2022-03-29 00:37:12,2022-03-29 00:37:12
45768,132593,1,0,2022-02-20 01:20:59,2022-02-20 01:20:59
45799,66508,1,0,2023-03-02 23:47:46,2023-03-02 23:47:46
45799,67961,1,0,2022-11-27 17:26:47,2022-11-27 17:26:47
45799,95244,1,0,2022-11-20 23:26:15,2022-11-20 23:26:15
45799,98402,2,0,2022-12-21 16:06:58,2022-12-22 20:48:42
45799,123167,1,0,2022-11-10 13:52:49,2022-11-10 13:52:49
45799,126307,1,0,2022-11-10 13:34:23,2022-11-10 13:34:23
45799,142343,1,0,2022-11-12 01:07:34,2022-11-12 01:07:34
45799,142351,1,1,2022-11-09 01:01:53,2022-11-09 01:01:53
45799,142575,1,0,2022-11-10 14:06:51,2022-11-10 14:06:51
45799,142710,1,1,2022-11-12 15:26:57,2022-11-12 15:26:57
45799,142801,1,1,2022-11-15 15:55:46,2022-11-15 15:55:46
45799,143953,1,0,2022-12-21 16:12:12,2022-12-21 16:12:12
45803,108739,1,1,2020-12-14 08:45:20,2020-12-14 08:45:20
46021,121019,2,0,2021-07-23 19:01:25,2021-07-23 23:18:19
46505,119495,1,1,2021-06-18 01:44:27,2021-06-18 01:44:27
46785,127547,3,1,2021-11-09 14:59:46,2021-11-17 13:12:20
46818,130998,1,0,2024-02-17 10:45:10,2024-02-17 10:45:10
47060,121001,1,0,2021-08-03 04:37:15,2021-08-03 04:37:15
47060,128528,1,0,2021-12-23 18:42:55,2021-12-23 18:42:55
47089,98077,1,1,2021-03-18 14:39:11,2021-03-18 14:39:11
47183,54147,1,0,2023-03-27 20:12:06,2023-03-27 20:12:06
47192,78476,3,0,2021-03-15 19:58:09,2021-03-16 20:16:45
47192,105847,1,1,2021-03-21 14:22:16,2021-03-21 14:22:16
47197,30728,2,2,2023-11-19 10:27:18,2023-11-19 10:31:58
47243,137112,1,1,2022-06-20 08:07:56,2022-06-20 08:07:56
47286,49589,1,1,2021-11-25 23:43:44,2021-11-25 23:43:44
47286,68561,1,1,2021-12-15 17:59:04,2021-12-15 17:59:04
47286,103683,2,1,2021-11-25 23:49:09,2021-11-29 13:14:33
47286,108624,1,1,2022-03-02 16:33:30,2022-03-02 16:33:30
47286,122641,1,1,2021-09-21 19:40:20,2021-09-21 19:40:20
47335,108823,1,1,2020-12-18 13:22:33,2020-12-18 13:22:33
47376,21072,1,0,2021-06-29 14:24:38,2021-06-29 14:24:38
47376,26412,4,1,2022-08-02 16:37:02,2022-08-05 11:35:44
47376,30359,2,1,2021-06-29 15:07:57,2021-06-29 16:42:04
47376,64876,4,3,2021-06-22 13:26:56,2022-08-01 15:57:48
47376,77663,1,1,2020-12-16 08:12:53,2020-12-16 08:12:53
47376,88663,1,1,2021-06-29 15:52:00,2021-06-29 15:52:00
47376,89478,3,1,2022-08-01 15:48:26,2022-08-01 16:15:28
47376,108941,1,1,2020-12-16 10:27:09,2020-12-16 10:27:09
47376,110188,1,1,2021-01-12 04:01:06,2021-01-12 04:01:06
47376,110435,2,1,2021-01-16 15:37:50,2021-01-16 17:37:40
47376,110619,1,1,2021-01-20 19:06:23,2021-01-20 19:06:23
47376,110627,1,1,2021-01-21 08:06:28,2021-01-21 08:06:28
47376,110757,1,0,2021-01-26 07:43:42,2021-01-26 07:43:42
47376,115347,1,1,2021-04-03 16:54:02,2021-04-03 16:54:02
47376,115587,1,1,2021-04-10 13:55:24,2021-04-10 13:55:24
47376,115919,1,1,2021-04-12 17:07:45,2021-04-12 17:07:45
47376,116179,1,1,2021-04-17 14:55:18,2021-04-17 14:55:18
47376,118978,1,1,2021-06-11 05:49:17,2021-06-11 05:49:17
47376,118982,1,1,2021-06-12 08:04:49,2021-06-12 08:04:49
47376,119921,1,1,2021-11-08 18:23:36,2021-11-08 18:23:36
47376,127703,1,1,2021-12-03 12:29:18,2021-12-03 12:29:18
47376,133184,2,1,2022-06-25 19:53:29,2022-06-26 04:06:26
47376,155576,1,0,2023-11-10 14:36:30,2023-11-10 14:36:30
47397,136706,1,1,2022-06-09 14:37:53,2022-06-09 14:37:53
47433,92086,1,0,2026-03-09 22:27:55,2026-03-09 22:27:55
47433,121222,1,1,2026-01-20 00:23:42,2026-01-20 00:23:42
47433,182011,1,1,2026-01-20 00:11:10,2026-01-20 00:11:10
47433,192619,1,1,2026-02-21 02:48:18,2026-02-21 02:48:18
47485,125583,1,1,2021-09-22 20:39:19,2021-09-22 20:39:19
47664,32288,1,1,2022-05-25 16:50:30,2022-05-25 16:50:30
47735,95323,1,1,2021-03-25 14:32:18,2021-03-25 14:32:18
49375,7730,1,0,2024-12-17 19:13:53,2024-12-17 19:13:53
49375,49572,1,1,2024-06-04 21:28:46,2024-06-04 21:28:46
49375,54292,1,0,2024-12-03 21:15:29,2024-12-03 21:15:29
49375,64726,1,1,2022-11-01 20:29:19,2022-11-01 20:29:19
49375,119882,1,1,2024-02-13 20:44:45,2024-02-13 20:44:45
49375,122856,1,1,2021-10-19 20:51:08,2021-10-19 20:51:08
49375,150355,1,1,2026-08-18 19:47:02,2026-08-18 19:47:02
49375,155646,1,0,2024-06-09 19:14:16,2024-06-09 19:14:16
49375,179739,1,0,2025-04-01 21:05:08,2025-04-01 21:05:08
49375,181522,1,1,2025-05-14 06:13:15,2025-05-14 06:13:15
49375,192870,1,1,2026-03-18 01:44:56,2026-03-18 01:44:56
49375,193925,1,0,2026-06-16 19:28:21,2026-06-16 19:28:21
49426,68313,1,0,2023-11-19 14:23:32,2023-11-19 14:23:32
49426,73930,1,0,2021-11-30 17:18:00,2021-11-30 17:18:00
49426,134519,1,0,2023-11-19 14:26:14,2023-11-19 14:26:14
49590,136243,1,0,2022-05-27 08:04:33,2022-05-27 08:04:33
50307,144592,1,1,2023-11-18 05:47:55,2023-11-18 05:47:55
50307,156152,1,1,2023-11-14 05:20:02,2023-11-14 05:20:02
50379,7730,1,0,2024-11-19 22:51:11,2024-11-19 22:51:11
50379,115447,1,0,2021-04-26 20:43:25,2021-04-26 20:43:25
50406,19096,1,0,2020-12-30 06:42:17,2020-12-30 06:42:17
50406,63488,1,1,2020-12-31 06:31:19,2020-12-31 06:31:19
50406,85411,1,1,2021-12-01 08:57:15,2021-12-01 08:57:15
50406,100557,1,1,2021-01-05 08:02:01,2021-01-05 08:02:01
50406,109842,1,1,2021-01-05 07:00:41,2021-01-05 07:00:41
50534,57310,1,1,2025-01-05 11:06:36,2025-01-05 11:06:36
50534,103501,1,1,2024-10-16 13:00:18,2024-10-16 13:00:18
50534,140766,1,0,2023-03-13 11:18:28,2023-03-13 11:18:28
50534,142053,1,1,2023-02-28 11:05:28,2023-02-28 11:05:28
50534,144269,1,1,2023-02-28 10:49:28,2023-02-28 10:49:28
50534,162078,1,1,2024-11-07 17:14:53,2024-11-07 17:14:53
50534,168296,2,1,2025-01-05 10:30:12,2025-01-08 11:08:57
50534,170716,1,1,2024-10-16 13:04:12,2024-10-16 13:04:12
50534,172612,3,1,2024-11-07 16:58:47,2024-11-15 09:37:20
50534,173999,2,1,2025-01-05 10:40:10,2025-01-07 14:20:53
50620,53808,1,0,2022-04-07 05:38:04,2022-04-07 05:38:04
50620,55122,1,0,2021-03-09 07:38:14,2021-03-09 07:38:14
50620,79520,1,1,2022-12-02 17:55:52,2022-12-02 17:55:52
50620,104872,2,0,2021-07-16 08:32:48,2021-07-16 08:33:17
50620,106461,2,0,2021-03-06 15:53:30,2021-03-09 07:37:50
50620,108624,1,0,2021-01-14 07:49:30,2021-01-14 07:49:30
50620,128638,1,0,2021-12-08 08:04:29,2021-12-08 08:04:29
50620,159814,1,0,2024-02-17 09:05:28,2024-02-17 09:05:28
50727,24593,1,1,2021-02-03 10:07:44,2021-02-03 10:07:44
50727,30359,1,1,2021-02-03 15:20:41,2021-02-03 15:20:41
50727,85750,3,1,2021-02-03 11:51:41,2021-02-03 15:49:36
50727,89795,1,1,2021-02-04 15:46:19,2021-02-04 15:46:19
50727,91006,1,1,2021-01-28 09:52:58,2021-01-28 09:52:58
50727,93591,1,0,2021-02-02 08:26:53,2021-02-02 08:26:53
50727,97865,1,1,2021-02-04 07:27:12,2021-02-04 07:27:12
50727,100269,1,0,2021-02-03 16:43:11,2021-02-03 16:43:11
50727,104767,2,1,2021-02-02 09:23:06,2021-02-02 10:53:00
50727,110932,2,1,2021-01-27 08:02:34,2021-02-02 11:07:45
50727,111048,1,1,2021-01-29 12:42:53,2021-01-29 12:42:53
50727,111129,1,1,2021-01-31 08:51:30,2021-01-31 08:51:30
50727,111144,1,1,2021-01-31 10:44:19,2021-01-31 10:44:19
50727,111186,1,0,2021-02-01 07:51:43,2021-02-01 07:51:43
50727,111345,1,1,2021-02-04 07:36:38,2021-02-04 07:36:38
50727,122539,1,1,2021-08-05 10:37:03,2021-08-05 10:37:03
51129,57731,1,1,2021-01-12 16:09:12,2021-01-12 16:09:12
51280,6550,1,0,2021-07-14 18:17:51,2021-07-14 18:17:51
51280,54763,1,1,2021-08-05 11:53:28,2021-08-05 11:53:28
51280,79408,1,1,2021-04-01 12:35:40,2021-04-01 12:35:40
51280,88082,1,0,2022-04-21 08:24:41,2022-04-21 08:24:41
51280,108590,1,1,2020-12-28 04:45:26,2020-12-28 04:45:26
51280,108759,1,1,2020-12-23 10:39:18,2020-12-23 10:39:18
51280,117338,1,0,2021-05-09 06:53:34,2021-05-09 06:53:34
51280,134026,2,1,2022-03-30 08:56:46,2022-03-30 11:08:48
51317,134649,1,1,2022-05-30 08:10:52,2022-05-30 08:10:52
51467,41929,1,0,2020-12-08 22:44:55,2020-12-08 22:44:55
51467,148239,1,1,2023-03-25 01:07:35,2023-03-25 01:07:35
51659,111618,1,1,2022-02-07 04:10:15,2022-02-07 04:10:15
51659,115836,3,1,2021-04-11 19:04:43,2021-04-11 20:10:48
51659,123689,1,1,2022-03-06 04:53:50,2022-03-06 04:53:50
51659,130860,1,1,2022-02-12 18:08:30,2022-02-12 18:08:30
51659,133132,1,1,2022-03-12 22:14:57,2022-03-12 22:14:57
51659,135459,1,0,2022-05-07 17:05:12,2022-05-07 17:05:12
51659,151649,1,1,2023-07-11 05:09:32,2023-07-11 05:09:32
51659,158525,1,1,2024-01-03 04:47:32,2024-01-03 04:47:32
51714,65823,3,1,2021-02-18 14:42:10,2021-02-18 15:00:54
51714,103849,1,1,2021-02-18 16:42:49,2021-02-18 16:42:49
51714,110893,9,1,2021-02-10 11:06:19,2021-02-10 13:02:53
51714,111425,2,1,2021-02-05 15:29:53,2021-02-05 15:42:57
51714,111602,1,1,2021-02-10 15:41:37,2021-02-10 15:41:37
51812,110755,1,1,2021-02-20 03:49:06,2021-02-20 03:49:06
51836,29905,1,0,2022-10-05 02:58:33,2022-10-05 02:58:33
51836,63745,2,2,2022-10-03 09:30:52,2022-10-09 11:14:40
51836,95144,2,1,2020-12-10 10:09:29,2020-12-11 01:13:54
51836,95244,1,0,2022-10-08 04:04:58,2022-10-08 04:04:58
51836,108487,1,0,2020-12-11 11:24:49,2020-12-11 11:24:49
51836,108606,1,1,2020-12-11 12:23:50,2020-12-11 12:23:50
51836,123432,1,0,2022-10-05 05:32:10,2022-10-05 05:32:10
51836,125854,2,1,2021-10-02 10:31:13,2021-10-03 07:11:21
51836,126770,1,1,2021-10-23 13:12:27,2021-10-23 13:12:27
51836,131981,1,1,2022-10-02 08:59:56,2022-10-02 08:59:56
51836,135267,1,1,2022-10-07 12:55:16,2022-10-07 12:55:16
51836,137739,1,1,2022-07-06 12:23:34,2022-07-06 12:23:34
51836,138035,1,1,2022-07-16 11:42:00,2022-07-16 11:42:00
51836,139377,1,1,2022-09-04 11:24:29,2022-09-04 11:24:29
51836,139917,1,0,2022-09-04 08:38:44,2022-09-04 08:38:44
51836,140580,1,1,2022-09-27 07:40:50,2022-09-27 07:40:50
51836,140727,1,1,2022-10-08 06:45:33,2022-10-08 06:45:33
51836,140862,1,1,2022-10-03 03:17:43,2022-10-03 03:17:43
51836,141143,1,1,2022-10-07 02:28:46,2022-10-07 02:28:46
51853,153992,1,0,2023-08-26 19:53:04,2023-08-26 19:53:04
51858,83473,4,1,2021-03-01 20:03:52,2021-03-01 20:37:44
52089,133142,1,0,2022-03-05 14:58:59,2022-03-05 14:58:59
52181,193899,1,1,2026-07-20 13:07:56,2026-07-20 13:07:56
52257,125527,1,1,2021-11-15 13:31:15,2021-11-15 13:31:15
52257,127565,1,0,2021-11-10 15:38:05,2021-11-10 15:38:05
52291,145940,1,0,2023-06-02 12:58:49,2023-06-02 12:58:49
52291,150408,4,1,2023-06-02 12:41:33,2023-06-02 20:40:45
52291,161077,2,1,2024-02-28 17:59:19,2024-02-28 18:37:13
52390,123514,1,0,2021-08-28 22:31:46,2021-08-28 22:31:46
52454,102852,1,0,2020-12-15 12:51:07,2020-12-15 12:51:07
52480,109081,1,1,2021-02-24 14:41:37,2021-02-24 14:41:37
52500,836,1,0,2021-07-19 17:56:55,2021-07-19 17:56:55
52500,105510,1,1,2021-07-02 11:40:25,2021-07-02 11:40:25
52500,120915,1,1,2021-07-19 17:22:10,2021-07-19 17:22:10
52852,25043,1,1,2021-12-03 17:32:24,2021-12-03 17:32:24
52852,30238,1,1,2021-04-01 18:59:32,2021-04-01 18:59:32
52852,109836,1,1,2021-04-04 22:14:27,2021-04-04 22:14:27
52852,115244,2,1,2021-04-04 07:13:35,2021-04-04 15:03:28
52940,13165,3,1,2025-03-01 20:55:29,2025-03-04 04:04:07
52940,15394,1,0,2025-01-20 20:34:26,2025-01-20 20:34:26
52940,47192,1,0,2023-10-05 02:15:31,2023-10-05 02:15:31
52940,49432,2,0,2023-10-05 16:59:22,2023-10-05 17:13:57
52940,57310,1,1,2024-01-31 04:48:11,2024-01-31 04:48:11
52940,68313,1,1,2024-02-18 07:31:53,2024-02-18 07:31:53
52940,74649,1,1,2025-06-11 18:52:29,2025-06-11 18:52:29
52940,83014,1,1,2025-06-03 21:37:09,2025-06-03 21:37:09
52940,91880,1,1,2024-04-30 06:52:14,2024-04-30 06:52:14
52940,101479,1,1,2024-08-20 19:29:14,2024-08-20 19:29:14
52940,106480,1,1,2023-10-09 21:48:50,2023-10-09 21:48:50
52940,110114,1,1,2023-12-10 00:16:41,2023-12-10 00:16:41
52940,113678,1,1,2024-02-21 18:55:26,2024-02-21 18:55:26
52940,133356,1,1,2023-12-05 21:52:09,2023-12-05 21:52:09
52940,134529,1,0,2024-03-21 01:30:07,2024-03-21 01:30:07
52940,142495,1,1,2023-11-12 07:38:34,2023-11-12 07:38:34
52940,142575,1,1,2023-10-05 17:42:40,2023-10-05 17:42:40
52940,145385,1,0,2024-07-15 18:02:40,2024-07-15 18:02:40
52940,149598,2,1,2024-01-30 20:20:43,2024-01-30 21:59:20
52940,152786,1,1,2023-10-05 02:10:24,2023-10-05 02:10:24
52940,154637,1,1,2023-10-07 01:43:15,2023-10-07 01:43:15
52940,154716,1,0,2023-10-05 02:03:44,2023-10-05 02:03:44
52940,154855,1,1,2023-10-05 17:38:46,2023-10-05 17:38:46
52940,154935,1,1,2023-10-05 17:21:44,2023-10-05 17:21:44
52940,154958,1,1,2023-10-05 17:11:03,2023-10-05 17:11:03
52940,155026,1,0,2023-10-09 21:38:03,2023-10-09 21:38:03
52940,155131,1,1,2023-10-09 21:52:26,2023-10-09 21:52:26
52940,155175,1,1,2023-10-09 21:36:13,2023-10-09 21:36:13
52940,155332,1,1,2023-10-15 17:45:58,2023-10-15 17:45:58
52940,155348,1,1,2023-10-16 05:05:30,2023-10-16 05:05:30
52940,156775,1,1,2023-12-03 04:44:34,2023-12-03 04:44:34
52940,157001,1,1,2023-12-10 23:32:49,2023-12-10 23:32:49
52940,157002,1,1,2023-12-11 01:11:01,2023-12-11 01:11:01
52940,158731,2,1,2024-01-11 07:11:33,2024-01-11 18:11:35
52940,159260,3,1,2024-04-15 19:01:28,2024-04-16 16:54:10
52940,159803,2,2,2024-03-31 17:43:38,2024-11-27 02:28:25
52940,159814,1,0,2024-02-16 19:51:52,2024-02-16 19:51:52
52940,159836,2,0,2024-04-20 03:21:22,2024-04-21 01:15:28
52940,159980,1,0,2024-02-21 19:00:45,2024-02-21 19:00:45
52940,161639,1,1,2024-08-17 16:46:08,2024-08-17 16:46:08
52940,161656,1,1,2024-03-21 01:24:53,2024-03-21 01:24:53
52940,161713,1,0,2024-03-22 16:05:54,2024-03-22 16:05:54
52940,161825,1,1,2024-03-27 18:41:01,2024-03-27 18:41:01
52940,161866,1,1,2024-03-29 01:57:28,2024-03-29 01:57:28
52940,161886,1,1,2024-03-29 22:40:38,2024-03-29 22:40:38
52940,161891,2,0,2024-03-30 17:16:47,2024-03-31 17:35:59
52940,161987,1,1,2024-04-03 16:24:26,2024-04-03 16:24:26
52940,162363,1,1,2024-04-20 03:31:47,2024-04-20 03:31:47
52940,162367,1,0,2024-04-20 03:26:24,2024-04-20 03:26:24
52940,162646,1,1,2024-05-02 18:23:10,2024-05-02 18:23:10
52940,162761,2,1,2024-05-07 17:37:55,2024-05-07 19:07:18
52940,162941,1,1,2024-05-14 20:25:24,2024-05-14 20:25:24
52940,165819,1,0,2024-07-21 02:16:32,2024-07-21 02:16:32
52940,167816,1,1,2024-08-24 18:21:43,2024-08-24 18:21:43
52940,168483,1,1,2024-09-04 17:24:57,2024-09-04 17:24:57
52940,168657,1,1,2025-08-29 18:25:52,2025-08-29 18:25:52
52940,175060,1,1,2024-12-17 05:55:51,2024-12-17 05:55:51
52940,178657,1,1,2025-03-03 18:22:59,2025-03-03 18:22:59
52940,180417,1,0,2025-06-03 20:44:18,2025-06-03 20:44:18
52940,183947,1,0,2025-06-20 19:32:05,2025-06-20 19:32:05
52940,185698,1,1,2025-08-21 21:43:27,2025-08-21 21:43:27
53007,50406,1,1,2022-03-06 15:20:28,2022-03-06 15:20:28
53038,98749,1,1,2022-08-14 10:44:04,2022-08-14 10:44:04
53273,38707,1,1,2021-11-04 03:04:09,2021-11-04 03:04:09
53273,84702,6,0,2021-11-04 02:58:21,2021-11-15 20:42:41
53537,64558,1,1,2021-07-24 12:25:22,2021-07-24 12:25:22
53537,92050,1,0,2021-08-26 07:09:56,2021-08-26 07:09:56
53537,109261,1,1,2021-07-26 10:31:37,2021-07-26 10:31:37
53537,112346,1,1,2021-07-25 20:15:31,2021-07-25 20:15:31
53537,122641,1,0,2021-08-25 07:23:11,2021-08-25 07:23:11
53537,123294,2,0,2021-08-20 12:47:21,2021-08-20 13:11:21
53753,155021,1,1,2024-08-28 16:21:14,2024-08-28 16:21:14
53760,67931,1,1,2021-02-09 07:12:38,2021-02-09 07:12:38
53760,104392,1,0,2021-02-10 06:54:57,2021-02-10 06:54:57
53880,131749,1,1,2022-01-31 18:07:54,2022-01-31 18:07:54
54046,112850,1,0,2021-03-06 07:45:00,2021-03-06 07:45:00
54046,112854,1,0,2021-03-06 07:41:28,2021-03-06 07:41:28
54046,112872,1,1,2021-03-06 07:32:23,2021-03-06 07:32:23
54046,145794,1,0,2023-09-22 09:35:49,2023-09-22 09:35:49
54096,1330,1,0,2023-03-20 14:30:42,2023-03-20 14:30:42
54096,12345,2,0,2021-12-18 18:54:54,2022-01-03 16:55:54
54096,12987,1,1,2021-02-07 21:11:41,2021-02-07 21:11:41
54096,13736,1,1,2021-09-23 09:09:07,2021-09-23 09:09:07
54096,13884,5,0,2022-08-12 13:29:01,2022-10-16 10:09:37
54096,14518,1,0,2023-07-31 23:24:22,2023-07-31 23:24:22
54096,25407,1,0,2023-01-16 21:07:50,2023-01-16 21:07:50
54096,27442,1,1,2023-03-02 21:19:48,2023-03-02 21:19:48
54096,29353,1,0,2021-06-03 20:59:56,2021-06-03 20:59:56
54096,44456,1,0,2022-02-05 11:06:39,2022-02-05 11:06:39
54096,50332,1,1,2023-03-02 21:25:45,2023-03-02 21:25:45
54096,50406,1,1,2021-03-07 20:09:04,2021-03-07 20:09:04
54096,50519,7,1,2022-11-15 18:04:25,2022-12-05 19:14:20
54096,58433,4,0,2021-08-23 13:54:17,2021-10-13 20:08:17
54096,60428,1,1,2021-06-11 18:25:35,2021-06-11 18:25:35
54096,67050,1,0,2021-01-23 18:21:11,2021-01-23 18:21:11
54096,69843,1,0,2024-03-18 19:54:17,2024-03-18 19:54:17
54096,71442,1,0,2022-02-16 16:12:45,2022-02-16 16:12:45
54096,71497,1,0,2021-01-23 18:25:04,2021-01-23 18:25:04
54096,74966,2,1,2022-02-05 10:53:38,2022-02-16 16:14:38
54096,76952,1,0,2021-06-11 18:14:19,2021-06-11 18:14:19
54096,87591,1,1,2021-07-25 16:31:41,2021-07-25 16:31:41
54096,93617,1,1,2023-04-07 07:19:11,2023-04-07 07:19:11
54096,98535,1,0,2020-12-22 15:02:53,2020-12-22 15:02:53
54096,98765,5,0,2022-12-01 19:31:00,2022-12-04 14:41:41
54096,107073,1,0,2023-05-28 12:41:45,2023-05-28 12:41:45
54096,107456,1,1,2020-12-30 16:15:55,2020-12-30 16:15:55
54096,107730,2,1,2021-12-06 20:34:29,2023-02-02 22:12:54
54096,107895,1,0,2023-03-25 13:22:30,2023-03-25 13:22:30
54096,108420,1,0,2022-11-25 11:35:29,2022-11-25 11:35:29
54096,110503,6,0,2021-03-24 16:24:40,2021-10-31 18:14:35
54096,110755,1,0,2021-02-20 09:30:23,2021-02-20 09:30:23
54096,111500,4,1,2021-02-20 09:37:33,2021-02-21 13:05:01
54096,112486,2,0,2021-07-25 16:21:08,2021-07-25 16:22:23
54096,113562,2,0,2021-03-24 17:23:21,2021-03-24 17:24:15
54096,116431,2,0,2021-04-28 19:00:05,2021-05-04 12:08:28
54096,118292,1,1,2021-07-25 16:38:35,2021-07-25 16:38:35
54096,118397,1,1,2021-12-18 19:08:21,2021-12-18 19:08:21
54096,119461,1,1,2021-07-05 12:53:06,2021-07-05 12:53:06
54096,119589,2,0,2021-07-22 14:13:58,2021-07-22 14:14:36
54096,122830,1,0,2021-12-18 18:57:14,2021-12-18 18:57:14
54096,125027,2,0,2021-10-13 20:04:04,2021-10-13 20:04:28
54096,126663,1,1,2025-03-06 21:27:19,2025-03-06 21:27:19
54096,128082,4,0,2021-12-18 19:09:36,2021-12-18 19:12:49
54096,130133,1,1,2022-02-05 11:05:46,2022-02-05 11:05:46
54096,130360,2,0,2023-01-29 18:53:13,2023-01-29 18:53:52
54096,130679,1,0,2022-08-21 21:04:19,2022-08-21 21:04:19
54096,130906,2,0,2022-01-15 21:35:58,2022-01-15 21:40:36
54096,130975,4,0,2022-03-09 09:18:58,2022-03-09 09:22:16
54096,132073,1,0,2023-03-25 13:29:49,2023-03-25 13:29:49
54096,132385,1,0,2022-02-16 16:16:50,2022-02-16 16:16:50
54096,133131,1,0,2022-03-21 08:19:09,2022-03-21 08:19:09
54096,134155,1,0,2023-11-25 20:43:57,2023-11-25 20:43:57
54096,134739,4,0,2022-07-08 14:10:44,2022-07-08 14:16:27
54096,135764,2,0,2022-05-18 12:03:28,2022-05-18 12:03:57
54096,135967,1,1,2022-07-08 17:08:22,2022-07-08 17:08:22
54096,136932,2,0,2022-08-30 18:06:55,2022-08-30 18:09:00
54096,137740,1,1,2022-11-18 11:02:40,2022-11-18 11:02:40
54096,138635,1,0,2022-07-31 16:55:19,2022-07-31 16:55:19
54096,139059,1,0,2022-08-15 18:16:00,2022-08-15 18:16:00
54096,139316,3,0,2022-09-22 19:36:49,2022-09-22 19:41:13
54096,139660,1,0,2023-02-12 14:16:43,2023-02-12 14:16:43
54096,140731,1,1,2022-09-22 19:49:38,2022-09-22 19:49:38
54096,140789,1,1,2022-09-25 18:01:16,2022-09-25 18:01:16
54096,141165,1,0,2022-11-07 19:38:08,2022-11-07 19:38:08
54096,141658,1,0,2022-10-24 19:34:05,2022-10-24 19:34:05
54096,142146,1,1,2022-11-01 13:39:51,2022-11-01 13:39:51
54096,142880,2,1,2022-11-21 19:50:24,2022-11-21 19:51:43
54096,143654,2,0,2022-12-21 16:13:05,2022-12-21 16:14:39
54096,143864,1,1,2022-12-21 16:43:55,2022-12-21 16:43:55
54096,143866,1,0,2022-12-18 21:09:15,2022-12-18 21:09:15
54096,145151,1,1,2023-01-29 17:23:29,2023-01-29 17:23:29
54096,145695,3,0,2023-02-21 17:46:47,2023-02-21 17:48:15
54096,145759,3,1,2023-02-12 21:36:49,2023-02-13 23:39:23
54096,146027,1,1,2023-02-21 18:31:13,2023-02-21 18:31:13
54096,146352,1,0,2023-03-25 13:36:47,2023-03-25 13:36:47
54096,148402,1,0,2023-04-07 10:06:42,2023-04-07 10:06:42
54096,148743,1,0,2023-04-16 09:11:34,2023-04-16 09:11:34
54096,149008,2,1,2023-04-16 08:56:13,2023-04-16 09:08:13
54096,149712,1,0,2023-05-11 12:18:21,2023-05-11 12:18:21
54096,150196,1,0,2023-05-28 12:38:11,2023-05-28 12:38:11
54096,150257,1,0,2023-06-03 18:06:33,2023-06-03 18:06:33
54096,152079,3,1,2023-07-25 15:47:00,2023-07-31 23:26:32
54096,153020,1,1,2023-10-17 11:01:52,2023-10-17 11:01:52
54096,154135,1,1,2025-03-06 21:38:23,2025-03-06 21:38:23
54096,158628,1,1,2024-01-24 02:16:50,2024-01-24 02:16:50
54096,158936,6,0,2024-04-30 22:13:11,2024-05-07 09:22:02
54096,163334,1,1,2025-03-06 21:36:03,2025-03-06 21:36:03
54147,47286,1,0,2022-09-26 17:45:37,2022-09-26 17:45:37
54188,98535,1,1,2021-10-11 23:19:46,2021-10-11 23:19:46
54297,118228,1,0,2021-05-24 13:58:01,2021-05-24 13:58:01
54395,43061,1,1,2023-03-20 12:58:23,2023-03-20 12:58:23
54395,51379,1,0,2020-12-10 18:50:37,2020-12-10 18:50:37
54395,77307,2,1,2021-06-03 07:29:49,2021-06-07 06:09:49
54395,104872,1,1,2022-05-06 13:56:06,2022-05-06 13:56:06
54395,110856,1,1,2021-03-25 21:03:54,2021-03-25 21:03:54
54395,120215,1,1,2023-03-14 16:10:14,2023-03-14 16:10:14
54395,122641,2,1,2021-08-25 07:23:52,2021-08-25 07:25:07
54395,123281,1,1,2021-08-20 08:41:13,2021-08-20 08:41:13
54395,127566,1,1,2021-11-10 07:48:54,2021-11-10 07:48:54
54395,148591,1,0,2023-04-03 08:53:37,2023-04-03 08:53:37
54395,155469,1,1,2023-10-20 07:19:51,2023-10-20 07:19:51
54395,159405,1,0,2024-03-11 10:03:52,2024-03-11 10:03:52
54416,116957,1,1,2023-08-14 05:19:07,2023-08-14 05:19:07
54498,119291,2,1,2021-06-27 16:21:42,2021-06-27 18:55:20
54498,119491,3,1,2021-06-27 17:47:24,2021-06-28 12:33:33
54498,119917,2,1,2021-06-27 16:40:54,2021-06-27 17:04:01
54498,156606,1,0,2023-11-27 16:53:27,2023-11-27 16:53:27
54559,138508,1,0,2023-05-16 11:07:25,2023-05-16 11:07:25
54721,126563,1,0,2022-06-15 10:20:06,2022-06-15 10:20:06
54944,83882,3,1,2021-01-07 20:44:01,2021-01-07 21:32:55
54944,105173,1,1,2021-02-08 21:56:51,2021-02-08 21:56:51
54944,110500,2,1,2021-01-18 14:22:32,2021-01-18 16:44:27
55108,92420,1,0,2021-02-08 12:19:50,2021-02-08 12:19:50
55122,303,9,1,2023-12-28 14:22:25,2026-02-18 23:38:02
55122,1142,1,1,2021-03-21 22:25:16,2021-03-21 22:25:16
55122,1330,6,1,2021-03-11 01:59:41,2025-06-04 22:22:29
55122,3315,1,0,2022-05-16 14:10:37,2022-05-16 14:10:37
55122,6550,1,0,2024-10-10 13:33:00,2024-10-10 13:33:00
55122,7705,1,0,2021-02-21 04:10:11,2021-02-21 04:10:11
55122,7730,2,0,2025-09-05 12:29:37,2025-10-18 22:34:36
55122,8410,2,0,2022-07-13 16:28:20,2022-07-21 13:38:19
55122,14433,1,0,2024-02-06 14:40:07,2024-02-06 14:40:07
55122,14675,3,0,2021-09-17 14:50:34,2024-04-17 02:54:55
55122,18682,3,1,2021-07-01 19:46:02,2023-01-21 17:17:53
55122,21254,1,0,2022-04-11 14:06:46,2022-04-11 14:06:46
55122,23188,1,1,2021-03-05 19:19:24,2021-03-05 19:19:24
55122,24240,1,0,2021-03-05 17:49:26,2021-03-05 17:49:26
55122,26019,1,0,2024-11-21 13:58:04,2024-11-21 13:58:04
55122,28780,2,0,2022-01-06 15:37:00,2025-11-10 14:07:57
55122,32031,1,0,2025-06-04 22:11:48,2025-06-04 22:11:48
55122,32042,1,0,2026-01-26 17:29:03,2026-01-26 17:29:03
55122,32169,2,0,2023-09-29 16:37:36,2023-09-29 17:01:47
55122,32243,1,0,2022-02-13 15:14:42,2022-02-13 15:14:42
55122,33058,1,1,2022-05-17 13:30:19,2022-05-17 13:30:19
55122,34057,1,1,2021-06-28 18:01:09,2021-06-28 18:01:09
55122,34153,1,0,2021-09-20 18:19:38,2021-09-20 18:19:38
55122,37045,1,1,2022-03-17 16:09:43,2022-03-17 16:09:43
55122,38887,4,0,2021-01-21 22:35:12,2026-04-09 23:18:06
55122,38892,2,0,2024-04-24 22:27:23,2024-04-24 22:34:53
55122,39982,2,1,2021-03-26 20:48:10,2021-03-27 03:53:44
55122,40972,1,1,2020-12-29 04:08:03,2020-12-29 04:08:03
55122,41219,1,0,2021-06-04 00:10:32,2021-06-04 00:10:32
55122,43193,2,0,2020-12-24 16:21:04,2020-12-26 04:41:15
55122,44139,2,0,2022-10-18 17:41:43,2022-10-19 15:54:06
55122,44456,2,0,2021-01-13 16:51:17,2021-01-14 15:19:51
55122,45799,1,0,2024-10-29 12:23:37,2024-10-29 12:23:37
55122,53808,1,0,2022-04-07 00:01:36,2022-04-07 00:01:36
55122,54865,1,1,2023-10-13 13:17:09,2023-10-13 13:17:09
55122,56600,1,0,2021-01-19 02:37:22,2021-01-19 02:37:22
55122,56714,1,0,2021-01-17 17:03:50,2021-01-17 17:03:50
55122,57476,1,1,2021-11-21 22:33:08,2021-11-21 22:33:08
55122,57493,1,0,2020-12-21 22:39:55,2020-12-21 22:39:55
55122,58341,1,0,2021-04-18 21:06:40,2021-04-18 21:06:40
55122,58471,5,2,2020-12-18 15:27:10,2020-12-27 00:03:51
55122,60018,1,1,2023-08-28 15:27:28,2023-08-28 15:27:28
55122,60636,1,0,2021-03-21 22:30:50,2021-03-21 22:30:50
55122,60813,2,1,2021-10-09 13:47:12,2021-10-09 13:57:29
55122,61445,1,0,2022-10-23 13:42:11,2022-10-23 13:42:11
55122,61522,1,1,2020-12-21 19:50:25,2020-12-21 19:50:25
55122,62207,1,0,2023-11-10 16:54:56,2023-11-10 16:54:56
55122,62521,1,1,2020-12-17 19:41:16,2020-12-17 19:41:16
55122,62761,1,1,2021-07-05 15:12:03,2021-07-05 15:12:03
55122,64238,1,1,2024-02-29 23:05:13,2024-02-29 23:05:13
55122,64377,8,0,2021-01-21 23:25:18,2025-11-10 14:08:19
55122,64876,9,1,2021-06-22 18:42:37,2022-09-15 15:09:12
55122,65131,1,1,2021-01-13 15:01:17,2021-01-13 15:01:17
55122,65135,1,0,2024-11-25 17:15:15,2024-11-25 17:15:15
55122,66252,2,0,2022-03-15 14:27:48,2022-03-15 14:28:34
55122,66386,1,1,2021-05-24 15:28:33,2021-05-24 15:28:33
55122,67200,1,0,2024-03-18 23:37:22,2024-03-18 23:37:22
55122,67203,1,0,2023-08-04 20:31:01,2023-08-04 20:31:01
55122,67931,2,1,2021-02-06 21:31:55,2021-09-17 14:38:10
55122,68232,1,0,2023-04-13 01:14:19,2023-04-13 01:14:19
55122,69263,2,0,2021-02-19 23:33:41,2023-04-25 13:05:46
55122,70393,1,1,2026-02-16 03:49:54,2026-02-16 03:49:54
55122,70546,1,0,2021-05-11 14:18:01,2021-05-11 14:18:01
55122,71297,1,0,2022-02-13 05:53:03,2022-02-13 05:53:03
55122,71442,4,0,2021-08-24 13:32:49,2025-08-14 23:29:17
55122,71781,4,1,2021-09-15 20:59:49,2021-09-16 14:13:32
55122,71952,3,1,2022-11-28 13:58:59,2022-11-30 13:21:01
55122,73116,6,1,2024-12-06 15:28:11,2024-12-09 22:23:26
55122,73650,1,1,2020-12-21 15:47:04,2020-12-21 15:47:04
55122,73930,2,0,2022-08-18 15:52:11,2024-01-11 17:06:31
55122,75152,1,0,2021-10-02 13:30:31,2021-10-02 13:30:31
55122,75157,3,0,2021-06-01 14:24:37,2024-05-29 17:32:42
55122,76756,1,1,2025-10-29 01:44:42,2025-10-29 01:44:42
55122,77665,1,0,2024-09-19 12:55:09,2024-09-19 12:55:09
55122,78674,1,0,2022-01-09 21:27:04,2022-01-09 21:27:04
55122,79408,1,0,2021-05-01 18:08:51,2021-05-01 18:08:51
55122,79520,3,0,2023-07-11 12:55:28,2023-11-08 22:53:49
55122,79770,1,0,2024-03-24 20:10:17,2024-03-24 20:10:17
55122,80221,1,0,2021-01-06 00:48:47,2021-01-06 00:48:47
55122,80599,1,0,2021-10-25 20:20:30,2021-10-25 20:20:30
55122,83133,1,1,2021-01-21 23:23:56,2021-01-21 23:23:56
55122,83770,1,0,2024-09-04 01:21:28,2024-09-04 01:21:28
55122,85025,1,1,2021-07-01 14:24:58,2021-07-01 14:24:58
55122,85300,1,0,2026-07-01 00:20:24,2026-07-01 00:20:24
55122,86339,1,0,2022-09-13 14:32:34,2022-09-13 14:32:34
55122,86792,1,0,2021-10-31 13:12:25,2021-10-31 13:12:25
55122,87037,2,2,2022-09-28 12:46:14,2022-10-05 01:48:38
55122,87193,1,0,2021-03-02 13:52:50,2021-03-02 13:52:50
55122,87289,1,0,2021-05-08 18:11:09,2021-05-08 18:11:09
55122,89823,1,0,2021-09-20 18:25:11,2021-09-20 18:25:11
55122,91738,1,0,2022-05-06 20:21:00,2022-05-06 20:21:00
55122,92050,3,0,2021-05-13 14:16:22,2023-12-20 19:32:13
55122,93617,2,2,2024-12-09 15:19:25,2025-04-23 12:39:37
55122,94321,1,1,2021-05-05 14:43:08,2021-05-05 14:43:08
55122,96209,1,0,2020-12-28 01:40:25,2020-12-28 01:40:25
55122,98753,2,1,2021-01-07 16:08:18,2021-01-07 16:10:24
55122,98775,2,0,2021-07-05 21:02:22,2021-07-05 21:02:49
55122,99648,1,0,2021-01-22 16:44:55,2021-01-22 16:44:55
55122,100147,1,1,2021-06-05 01:02:30,2021-06-05 01:02:30
55122,100269,4,0,2021-01-08 15:58:58,2021-06-12 22:54:46
55122,100967,1,1,2021-06-18 13:40:47,2021-06-18 13:40:47
55122,101032,1,1,2023-01-30 20:51:46,2023-01-30 20:51:46
55122,101157,2,0,2021-04-22 14:10:12,2021-04-23 15:31:16
55122,101407,1,1,2021-09-01 14:01:39,2021-09-01 14:01:39
55122,101580,1,0,2021-07-29 18:51:05,2021-07-29 18:51:05
55122,102713,1,1,2024-08-27 22:17:02,2024-08-27 22:17:02
55122,103683,2,0,2021-09-22 21:54:27,2021-09-22 23:41:34
55122,104872,3,2,2022-04-13 14:05:55,2023-03-16 11:50:50
55122,105344,1,0,2023-09-06 13:04:13,2023-09-06 13:04:13
55122,105445,2,0,2022-06-20 12:18:42,2022-06-20 13:35:03
55122,106461,1,1,2021-03-09 02:49:39,2021-03-09 02:49:39
55122,106954,1,0,2022-09-27 14:45:46,2022-09-27 14:45:46
55122,107002,3,1,2021-09-16 14:23:10,2021-09-24 14:23:34
55122,107136,6,3,2021-01-08 20:44:20,2025-10-05 17:36:23
55122,107613,1,1,2021-06-26 00:14:49,2021-06-26 00:14:49
55122,107725,2,1,2020-12-10 18:49:33,2020-12-16 20:08:12
55122,108130,1,0,2021-05-13 14:18:06,2021-05-13 14:18:06
55122,108467,3,0,2020-12-28 02:14:21,2020-12-28 18:34:11
55122,108498,1,0,2021-01-11 15:49:57,2021-01-11 15:49:57
55122,108684,1,0,2021-10-25 20:19:06,2021-10-25 20:19:06
55122,108730,1,0,2020-12-31 20:05:18,2020-12-31 20:05:18
55122,109132,2,1,2021-01-06 21:01:15,2021-01-07 03:45:56
55122,109217,3,0,2020-12-29 03:13:33,2020-12-29 17:29:47
55122,109233,1,1,2024-04-01 18:52:03,2024-04-01 18:52:03
55122,109259,2,1,2021-01-22 16:05:34,2021-01-26 17:09:12
55122,109385,1,0,2020-12-26 02:43:19,2020-12-26 02:43:19
55122,109394,3,2,2020-12-26 17:06:25,2020-12-28 02:05:09
55122,109427,1,1,2020-12-26 17:16:59,2020-12-26 17:16:59
55122,109464,2,1,2021-01-11 18:59:36,2021-01-11 19:37:12
55122,109527,1,1,2020-12-29 19:09:30,2020-12-29 19:09:30
55122,109587,1,1,2023-11-06 13:06:14,2023-11-06 13:06:14
55122,109599,1,0,2020-12-30 16:23:13,2020-12-30 16:23:13
55122,109675,1,1,2021-01-01 22:20:03,2021-01-01 22:20:03
55122,109941,1,0,2021-01-06 23:57:26,2021-01-06 23:57:26
55122,109965,1,0,2021-09-28 14:50:03,2021-09-28 14:50:03
55122,109983,3,1,2021-01-13 17:13:56,2021-01-14 17:43:33
55122,109986,1,1,2021-01-21 22:44:09,2021-01-21 22:44:09
55122,110114,2,1,2022-09-30 18:48:17,2022-09-30 21:26:25
55122,110191,1,0,2021-07-19 15:19:52,2021-07-19 15:19:52
55122,110309,1,0,2025-01-08 04:43:34,2025-01-08 04:43:34
55122,110525,1,1,2021-02-14 04:20:45,2021-02-14 04:20:45
55122,110757,5,1,2021-10-22 18:32:29,2022-01-05 22:54:59
55122,111323,1,0,2021-02-05 00:52:13,2021-02-05 00:52:13
55122,111365,2,1,2021-02-06 22:17:46,2021-02-06 23:40:14
55122,111497,1,1,2021-02-07 19:14:14,2021-02-07 19:14:14
55122,111642,1,1,2021-02-22 03:55:25,2021-02-22 03:55:25
55122,111822,1,0,2022-01-02 14:48:55,2022-01-02 14:48:55
55122,111990,1,0,2023-05-09 16:49:19,2023-05-09 16:49:19
55122,112004,1,0,2021-02-17 03:45:20,2021-02-17 03:45:20
55122,112327,1,1,2021-02-23 14:32:00,2021-02-23 14:32:00
55122,112463,1,1,2025-09-04 12:40:44,2025-09-04 12:40:44
55122,112600,1,1,2021-03-01 15:42:49,2021-03-01 15:42:49
55122,112614,2,0,2021-03-01 01:06:18,2021-03-01 02:23:52
55122,112749,2,1,2021-09-22 14:46:28,2021-09-22 15:45:50
55122,112809,1,0,2021-03-04 16:32:30,2021-03-04 16:32:30
55122,113067,3,0,2024-04-26 12:55:25,2024-07-17 12:13:34
55122,113124,2,0,2022-09-05 17:22:32,2022-09-05 17:26:40
55122,113619,3,0,2021-03-21 23:14:01,2021-03-22 20:38:55
55122,113646,1,1,2021-03-22 00:25:00,2021-03-22 00:25:00
55122,113752,2,1,2021-03-23 20:13:37,2021-03-24 14:01:22
55122,113765,2,1,2022-06-02 16:40:35,2022-06-02 16:43:35
55122,115001,1,1,2021-03-28 14:30:06,2021-03-28 14:30:06
55122,115186,1,1,2021-04-29 02:53:25,2021-04-29 02:53:25
55122,115840,2,1,2021-04-12 14:28:41,2021-04-12 20:13:48
55122,116212,1,1,2021-11-24 00:14:38,2021-11-24 00:14:38
55122,116308,2,0,2021-04-19 14:56:26,2021-04-20 14:24:28
55122,116375,1,0,2022-09-07 13:35:04,2022-09-07 13:35:04
55122,116385,2,0,2021-04-20 20:27:26,2025-10-26 16:51:27
55122,116702,1,0,2021-07-08 15:44:01,2021-07-08 15:44:01
55122,116868,1,1,2021-04-29 19:50:12,2021-04-29 19:50:12
55122,116983,1,0,2023-04-21 16:51:42,2023-04-21 16:51:42
55122,116992,1,1,2021-05-10 14:22:04,2021-05-10 14:22:04
55122,117138,1,0,2021-05-05 02:32:00,2021-05-05 02:32:00
55122,117255,5,1,2021-05-07 19:06:28,2021-05-13 15:13:23
55122,117279,2,0,2023-10-03 14:14:02,2023-10-04 12:08:05
55122,117466,2,1,2021-05-10 15:16:10,2021-05-12 01:13:52
55122,117468,1,1,2021-05-10 15:20:00,2021-05-10 15:20:00
55122,118136,1,0,2022-04-02 00:11:57,2022-04-02 00:11:57
55122,118526,1,1,2024-01-19 19:35:18,2024-01-19 19:35:18
55122,118604,1,0,2021-06-12 22:58:34,2021-06-12 22:58:34
55122,118634,1,0,2025-03-10 19:17:28,2025-03-10 19:17:28
55122,118690,1,1,2021-06-27 14:24:24,2021-06-27 14:24:24
55122,118699,1,1,2023-04-12 14:32:56,2023-04-12 14:32:56
55122,119089,1,1,2022-07-18 20:10:02,2022-07-18 20:10:02
55122,119091,1,1,2021-06-26 03:05:21,2021-06-26 03:05:21
55122,119127,5,2,2021-06-24 20:26:11,2021-10-13 13:06:56
55122,119136,1,0,2023-01-11 13:47:50,2023-01-11 13:47:50
55122,119140,1,0,2021-09-17 14:29:55,2021-09-17 14:29:55
55122,119178,1,0,2021-06-12 22:51:12,2021-06-12 22:51:12
55122,119467,1,1,2024-03-21 22:11:17,2024-03-21 22:11:17
55122,119625,1,0,2021-12-16 16:37:13,2021-12-16 16:37:13
55122,119639,1,1,2021-10-21 14:22:02,2021-10-21 14:22:02
55122,119808,2,0,2022-04-28 14:26:30,2022-08-31 15:53:05
55122,119921,15,2,2021-07-01 18:31:52,2024-04-23 22:17:11
55122,119923,1,1,2021-07-02 15:44:19,2021-07-02 15:44:19
55122,120463,1,0,2022-05-30 22:02:01,2022-05-30 22:02:01
55122,120630,1,0,2021-09-26 14:10:35,2021-09-26 14:10:35
55122,120915,1,0,2024-05-29 00:33:31,2024-05-29 00:33:31
55122,121222,1,1,2022-04-12 15:20:20,2022-04-12 15:20:20
55122,121246,1,0,2021-08-02 02:42:57,2021-08-02 02:42:57
55122,122373,1,0,2021-08-02 00:52:13,2021-08-02 00:52:13
55122,122429,2,1,2021-08-02 14:15:37,2021-08-03 13:58:17
55122,122728,2,0,2021-10-21 14:22:34,2021-10-21 14:24:21
55122,122856,1,1,2021-10-20 15:53:37,2021-10-20 15:53:37
55122,123002,1,1,2021-09-15 21:06:21,2021-09-15 21:06:21
55122,123053,1,0,2021-08-31 13:43:53,2021-08-31 13:43:53
55122,123228,1,0,2022-10-28 19:32:48,2022-10-28 19:32:48
55122,123265,1,0,2021-09-16 20:26:24,2021-09-16 20:26:24
55122,123521,1,0,2022-01-15 05:07:05,2022-01-15 05:07:05
55122,123657,1,0,2022-06-22 15:52:34,2022-06-22 15:52:34
55122,124967,1,0,2021-09-09 23:37:19,2021-09-09 23:37:19
55122,125222,3,1,2021-09-13 18:54:23,2021-09-14 19:47:36
55122,125328,1,0,2021-09-16 20:14:49,2021-09-16 20:14:49
55122,125331,1,0,2021-09-16 16:22:09,2021-09-16 16:22:09
55122,125527,2,1,2022-03-21 14:56:47,2022-03-21 15:35:26
55122,125901,1,0,2021-10-04 15:01:12,2021-10-04 15:01:12
55122,126047,1,0,2024-04-09 13:36:34,2024-04-09 13:36:34
55122,126054,1,0,2021-10-04 15:05:42,2021-10-04 15:05:42
55122,126079,1,0,2021-10-05 01:29:15,2021-10-05 01:29:15
55122,127174,1,0,2024-09-07 17:47:55,2024-09-07 17:47:55
55122,127380,1,1,2022-04-24 23:52:58,2022-04-24 23:52:58
55122,127550,1,1,2026-02-18 14:00:35,2026-02-18 14:00:35
55122,127857,1,0,2021-11-17 17:01:36,2021-11-17 17:01:36
55122,127992,1,0,2022-03-22 20:14:03,2022-03-22 20:14:03
55122,128380,1,1,2021-11-30 17:50:20,2021-11-30 17:50:20
55122,128688,7,3,2022-05-02 15:26:58,2022-05-03 17:51:43
55122,128839,1,0,2022-01-31 22:48:03,2022-01-31 22:48:03
55122,128895,1,1,2021-12-15 15:22:20,2021-12-15 15:22:20
55122,130347,2,1,2021-12-29 01:09:26,2024-05-13 01:10:57
55122,130528,1,1,2022-01-05 21:31:44,2022-01-05 21:31:44
55122,130610,1,0,2022-06-21 00:58:34,2022-06-21 00:58:34
55122,130679,3,0,2022-01-14 16:49:20,2022-04-06 13:42:35
55122,130779,1,1,2022-01-12 14:49:42,2022-01-12 14:49:42
55122,130951,1,1,2022-09-21 12:47:16,2022-09-21 12:47:16
55122,131170,1,0,2022-11-13 02:06:47,2022-11-13 02:06:47
55122,132036,3,1,2022-02-06 21:55:24,2022-02-07 03:47:59
55122,132044,1,0,2022-02-08 18:49:28,2022-02-08 18:49:28
55122,132380,1,1,2022-02-14 20:26:00,2022-02-14 20:26:00
55122,132787,1,1,2022-03-15 14:39:56,2022-03-15 14:39:56
55122,132886,1,1,2025-06-24 22:35:24,2025-06-24 22:35:24
55122,132904,1,0,2026-02-19 23:12:03,2026-02-19 23:12:03
55122,132995,2,1,2022-04-13 14:40:58,2024-12-05 23:11:33
55122,133002,1,0,2022-03-08 14:37:10,2022-03-08 14:37:10
55122,133285,1,1,2022-03-09 15:08:00,2022-03-09 15:08:00
55122,133432,3,0,2023-01-10 23:26:47,2025-06-04 22:15:32
55122,134110,1,0,2024-03-05 22:59:49,2024-03-05 22:59:49
55122,134129,1,0,2022-08-17 13:29:20,2022-08-17 13:29:20
55122,134340,1,0,2022-04-08 15:32:30,2022-04-08 15:32:30
55122,134736,1,1,2023-10-02 21:21:26,2023-10-02 21:21:26
55122,134926,1,0,2022-07-21 21:50:48,2022-07-21 21:50:48
55122,134929,1,0,2022-04-24 14:39:32,2022-04-24 14:39:32
55122,135014,1,1,2022-05-01 14:50:47,2022-05-01 14:50:47
55122,135071,2,1,2023-01-03 01:32:23,2023-01-03 02:16:19
55122,135376,1,0,2022-05-10 00:47:43,2022-05-10 00:47:43
55122,135427,1,0,2022-08-26 16:37:10,2022-08-26 16:37:10
55122,135932,2,0,2022-05-19 04:07:11,2022-05-19 13:03:12
55122,136402,1,1,2024-05-02 12:35:57,2024-05-02 12:35:57
55122,136503,2,0,2022-06-03 17:54:44,2022-06-03 23:33:21
55122,136558,3,1,2022-06-04 20:48:01,2022-06-05 15:42:31
55122,136660,2,1,2022-06-14 14:48:35,2022-06-21 02:52:48
55122,137122,1,1,2022-06-21 13:15:41,2022-06-21 13:15:41
55122,137159,1,0,2025-03-29 23:25:24,2025-03-29 23:25:24
55122,137197,1,0,2022-07-07 14:01:23,2022-07-07 14:01:23
55122,137503,2,1,2023-01-23 14:35:42,2023-01-23 14:36:08
55122,137595,5,0,2024-09-16 16:17:43,2024-09-17 00:48:56
55122,137711,1,0,2022-07-07 14:02:35,2022-07-07 14:02:35
55122,138185,1,0,2022-07-17 00:14:46,2022-07-17 00:14:46
55122,138508,1,0,2023-04-04 15:10:14,2023-04-04 15:10:14
55122,138565,1,0,2022-07-29 17:03:57,2022-07-29 17:03:57
55122,138591,1,0,2022-09-13 14:33:05,2022-09-13 14:33:05
55122,138894,3,0,2022-10-27 14:20:45,2022-10-27 15:36:07
55122,139151,2,0,2025-12-10 14:39:01,2025-12-10 14:39:07
55122,139277,1,0,2025-01-22 01:08:37,2025-01-22 01:08:37
55122,139328,1,1,2022-08-17 14:38:13,2022-08-17 14:38:13
55122,139539,4,0,2022-08-23 13:20:41,2022-08-25 14:01:43
55122,139638,1,1,2022-09-04 15:02:00,2022-09-04 15:02:00
55122,139689,1,1,2022-08-26 13:34:09,2022-08-26 13:34:09
55122,139740,1,0,2022-08-29 13:14:10,2022-08-29 13:14:10
55122,140054,1,0,2023-10-04 22:28:08,2023-10-04 22:28:08
55122,140063,4,1,2022-09-08 11:38:12,2025-04-08 13:40:37
55122,140194,1,1,2022-09-09 16:49:37,2022-09-09 16:49:37
55122,140360,2,1,2022-09-13 14:37:51,2022-09-14 14:07:11
55122,140704,2,0,2022-12-20 18:21:22,2022-12-21 04:15:12
55122,141085,1,1,2022-10-19 13:44:23,2022-10-19 13:44:23
55122,141173,1,1,2022-10-23 01:24:31,2022-10-23 01:24:31
55122,141193,2,1,2022-10-20 16:52:00,2022-10-20 19:37:39
55122,141412,1,0,2022-10-11 11:31:51,2022-10-11 11:31:51
55122,141429,1,0,2022-10-27 14:24:58,2022-10-27 14:24:58
55122,141455,1,0,2022-10-15 14:49:18,2022-10-15 14:49:18
55122,141647,1,0,2022-10-28 19:25:46,2022-10-28 19:25:46
55122,141739,2,1,2022-10-19 13:37:12,2022-10-25 12:23:57
55122,141984,1,0,2022-10-26 01:37:03,2022-10-26 01:37:03
55122,142205,1,0,2023-05-18 13:44:04,2023-05-18 13:44:04
55122,142827,1,0,2024-11-12 22:47:16,2024-11-12 22:47:16
55122,142836,2,1,2022-11-16 22:52:22,2022-11-17 01:45:51
55122,142876,1,1,2022-11-17 17:26:42,2022-11-17 17:26:42
55122,143418,1,1,2022-12-01 16:32:42,2022-12-01 16:32:42
55122,143552,1,1,2024-06-19 03:34:00,2024-06-19 03:34:00
55122,143798,1,1,2022-12-12 22:20:08,2022-12-12 22:20:08
55122,143807,1,1,2026-02-18 23:30:05,2026-02-18 23:30:05
55122,143928,1,0,2022-12-15 14:39:29,2022-12-15 14:39:29
55122,144105,1,1,2023-02-14 16:20:07,2023-02-14 16:20:07
55122,144893,4,1,2023-01-17 02:46:49,2023-01-18 12:54:55
55122,145178,1,1,2023-08-19 20:46:52,2023-08-19 20:46:52
55122,145446,1,0,2023-02-01 23:02:39,2023-02-01 23:02:39
55122,145578,1,0,2024-12-03 14:37:30,2024-12-03 14:37:30
55122,145665,1,0,2025-10-08 12:44:15,2025-10-08 12:44:15
55122,146142,2,1,2023-02-23 13:05:28,2023-02-23 15:20:56
55122,146234,1,1,2023-02-24 19:43:32,2023-02-24 19:43:32
55122,146445,1,0,2023-02-27 15:30:57,2023-02-27 15:30:57
55122,146483,1,0,2024-12-03 14:32:27,2024-12-03 14:32:27
55122,147752,2,1,2023-03-10 13:37:49,2023-03-10 14:17:01
55122,147867,1,0,2023-05-22 13:35:41,2023-05-22 13:35:41
55122,148241,1,0,2023-03-23 14:13:55,2023-03-23 14:13:55
55122,148286,1,1,2023-03-24 21:16:04,2023-03-24 21:16:04
55122,148529,1,0,2024-04-16 21:52:36,2024-04-16 21:52:36
55122,148718,1,0,2023-04-16 21:35:03,2023-04-16 21:35:03
55122,148941,4,1,2024-03-01 19:30:58,2024-03-02 14:10:33
55122,149424,2,0,2023-05-04 19:18:10,2023-05-04 20:12:58
55122,149919,1,1,2023-05-25 22:05:32,2023-05-25 22:05:32
55122,149979,1,0,2023-05-18 13:45:54,2023-05-18 13:45:54
55122,150235,1,1,2024-09-18 13:02:52,2024-09-18 13:02:52
55122,150257,1,0,2024-11-15 00:13:46,2024-11-15 00:13:46
55122,151216,1,0,2026-04-27 17:15:44,2026-04-27 17:15:44
55122,151304,1,1,2025-11-10 13:32:04,2025-11-10 13:32:04
55122,151484,1,0,2023-08-08 02:18:21,2023-08-08 02:18:21
55122,151803,1,0,2023-07-16 01:26:57,2023-07-16 01:26:57
55122,151825,1,0,2023-08-08 02:17:49,2023-08-08 02:17:49
55122,153097,2,0,2023-08-04 18:26:13,2023-08-09 02:31:38
55122,153497,3,0,2023-10-22 01:23:54,2023-10-22 22:24:06
55122,153809,2,0,2025-05-31 17:08:18,2025-09-18 12:42:27
55122,154554,1,0,2025-09-17 13:27:57,2025-09-17 13:27:57
55122,154637,1,0,2023-12-03 15:54:49,2023-12-03 15:54:49
55122,155171,1,0,2025-06-27 18:54:50,2025-06-27 18:54:50
55122,158340,1,0,2023-12-23 14:49:14,2023-12-23 14:49:14
55122,158540,1,0,2024-01-19 01:32:00,2024-01-19 01:32:00
55122,158595,3,0,2024-01-12 22:10:57,2024-01-18 14:53:27
55122,159260,2,1,2025-09-15 12:18:37,2025-09-25 12:24:30
55122,159373,1,0,2024-01-31 23:25:26,2024-01-31 23:25:26
55122,159440,2,1,2024-02-09 21:23:54,2024-02-10 14:51:05
55122,159626,1,0,2025-06-27 18:55:38,2025-06-27 18:55:38
55122,159980,2,0,2024-02-21 18:09:32,2024-02-22 02:07:35
55122,161075,1,0,2024-02-26 15:21:08,2024-02-26 15:21:08
55122,161077,2,1,2024-02-26 20:34:35,2024-02-27 15:25:19
55122,161119,2,0,2024-02-28 03:08:02,2024-02-28 03:09:57
55122,161196,1,0,2024-03-10 22:25:23,2024-03-10 22:25:23
55122,161268,2,1,2024-03-05 15:12:54,2026-01-31 17:18:42
55122,161734,1,0,2024-03-24 00:16:37,2024-03-24 00:16:37
55122,161772,3,1,2024-04-14 16:34:08,2026-02-02 03:49:58
55122,161855,1,0,2024-12-31 18:41:23,2024-12-31 18:41:23
55122,161883,1,0,2024-04-15 14:04:50,2024-04-15 14:04:50
55122,162246,1,0,2024-04-15 13:38:16,2024-04-15 13:38:16
55122,162666,1,0,2024-05-02 21:55:16,2024-05-02 21:55:16
55122,162965,1,0,2024-05-15 13:38:10,2024-05-15 13:38:10
55122,163093,1,1,2024-05-21 17:33:27,2024-05-21 17:33:27
55122,163593,1,1,2024-06-20 21:50:57,2024-06-20 21:50:57
55122,163995,1,0,2024-06-17 01:11:59,2024-06-17 01:11:59
55122,164133,2,0,2025-09-18 12:47:25,2025-09-18 12:51:44
55122,164365,1,1,2024-06-22 20:38:08,2024-06-22 20:38:08
55122,164855,2,0,2024-07-01 16:12:53,2024-07-01 16:51:51
55122,167033,2,0,2026-04-01 21:59:25,2026-04-01 22:00:21
55122,167167,1,0,2024-09-15 01:31:58,2024-09-15 01:31:58
55122,167433,1,0,2024-09-04 01:39:51,2024-09-04 01:39:51
55122,167727,1,0,2024-08-29 21:56:25,2024-08-29 21:56:25
55122,167816,1,0,2024-08-29 21:59:16,2024-08-29 21:59:16
55122,167960,1,0,2024-09-15 14:55:15,2024-09-15 14:55:15
55122,168437,3,1,2024-09-04 01:37:42,2024-09-04 12:53:56
55122,168681,2,0,2024-10-06 22:00:01,2024-10-06 22:01:22
55122,168805,1,0,2025-07-06 14:06:50,2025-07-06 14:06:50
55122,169316,1,1,2024-09-20 20:27:34,2024-09-20 20:27:34
55122,169568,1,0,2024-11-03 00:22:51,2024-11-03 00:22:51
55122,172738,1,0,2024-11-09 17:46:27,2024-11-09 17:46:27
55122,173404,3,0,2026-07-01 00:22:00,2026-07-08 03:32:52
55122,173425,3,1,2024-12-24 18:16:57,2024-12-30 13:37:09
55122,173564,3,0,2025-02-23 20:28:04,2025-02-23 20:30:57
55122,174922,2,1,2024-12-17 15:15:29,2025-03-22 15:12:47
55122,175526,1,0,2024-12-28 21:14:46,2024-12-28 21:14:46
55122,177840,1,0,2025-02-24 19:10:37,2025-02-24 19:10:37
55122,178424,1,1,2025-02-26 14:51:10,2025-02-26 14:51:10
55122,178649,2,1,2025-03-04 23:44:27,2025-03-06 15:30:03
55122,182011,5,0,2026-01-17 16:31:15,2026-01-22 14:04:05
55122,183989,1,0,2025-08-28 22:06:38,2025-08-28 22:06:38
55122,184177,5,0,2025-07-07 13:50:58,2025-07-30 13:37:30
55122,184572,2,0,2025-07-08 14:14:02,2025-07-08 14:15:12
55122,185572,1,0,2025-08-01 13:58:16,2025-08-01 13:58:16
55122,185889,2,0,2025-08-21 12:54:10,2025-08-21 12:59:41
55122,186157,1,0,2025-09-25 12:35:16,2025-09-25 12:35:16
55122,187371,1,0,2025-10-14 21:47:39,2025-10-14 21:47:39
55122,187459,1,0,2026-08-03 20:08:20,2026-08-03 20:08:20
55122,191717,2,1,2026-07-15 12:48:52,2026-07-15 12:49:20
55122,191961,1,0,2026-01-08 13:29:25,2026-01-08 13:29:25
55122,191968,1,0,2026-02-22 17:16:30,2026-02-22 17:16:30
55122,191999,4,1,2026-01-10 19:02:31,2026-01-12 15:10:38
55122,192489,1,1,2026-02-14 04:09:12,2026-02-14 04:09:12
55122,193899,2,0,2026-07-01 12:34:20,2026-07-07 12:44:31
55122,194261,1,0,2026-07-15 12:18:33,2026-07-15 12:18:33
56178,136082,2,1,2022-05-23 20:06:25,2022-05-23 20:53:11
56178,136103,1,0,2022-05-24 02:21:26,2022-05-24 02:21:26
56178,189760,1,0,2025-11-05 03:09:32,2025-11-05 03:09:32
56302,303,1,1,2022-09-10 06:45:01,2022-09-10 06:45:01
56302,63745,1,1,2022-10-08 18:44:46,2022-10-08 18:44:46
56302,69263,1,0,2022-10-26 05:03:02,2022-10-26 05:03:02
56302,83922,1,0,2022-09-16 06:20:53,2022-09-16 06:20:53
56302,88076,1,0,2022-06-25 15:10:55,2022-06-25 15:10:55
56302,104371,1,0,2022-10-24 20:20:41,2022-10-24 20:20:41
56302,108053,1,1,2022-06-28 12:12:54,2022-06-28 12:12:54
56302,115186,1,0,2022-10-08 18:55:11,2022-10-08 18:55:11
56302,115244,1,0,2022-10-19 08:40:01,2022-10-19 08:40:01
56302,115588,1,0,2022-10-08 20:20:20,2022-10-08 20:20:20
56302,121127,1,1,2022-10-09 13:07:32,2022-10-09 13:07:32
56302,127174,1,1,2022-02-12 07:20:35,2022-02-12 07:20:35
56302,130679,1,0,2022-10-20 06:54:35,2022-10-20 06:54:35
56302,131702,1,1,2022-02-04 15:20:51,2022-02-04 15:20:51
56302,131892,1,1,2022-02-04 18:03:27,2022-02-04 18:03:27
56302,136403,2,1,2022-06-02 06:39:00,2022-06-15 16:30:15
56302,136549,1,1,2022-06-04 15:26:22,2022-06-04 15:26:22
56302,136758,1,0,2022-08-06 18:57:34,2022-08-06 18:57:34
56302,137186,2,0,2022-06-23 18:59:08,2022-06-29 09:15:33
56302,137223,2,1,2022-06-23 18:40:36,2022-08-06 19:05:06
56302,137364,1,1,2022-06-25 15:08:12,2022-06-25 15:08:12
56302,137382,1,1,2022-06-25 15:20:12,2022-06-25 15:20:12
56302,138848,1,0,2022-08-06 19:35:19,2022-08-06 19:35:19
56302,139394,1,0,2022-08-19 11:49:16,2022-08-19 11:49:16
56302,140253,4,0,2022-09-09 21:00:40,2022-09-10 06:30:44
56302,140359,2,0,2022-09-13 06:52:34,2022-09-13 18:58:49
56302,141192,3,0,2022-10-08 18:37:47,2022-10-08 19:12:23
56346,62846,1,0,2023-01-08 13:44:08,2023-01-08 13:44:08
56346,122614,1,0,2022-11-19 19:31:55,2022-11-19 19:31:55
56346,144642,1,1,2023-01-08 14:26:15,2023-01-08 14:26:15
56354,108663,1,1,2020-12-10 23:31:18,2020-12-10 23:31:18
56354,145950,1,0,2023-02-23 11:23:12,2023-02-23 11:23:12
56354,152986,1,0,2023-08-15 09:58:50,2023-08-15 09:58:50
56354,153204,1,0,2023-08-15 10:00:23,2023-08-15 10:00:23
56354,153665,1,0,2023-08-15 10:13:12,2023-08-15 10:13:12
56396,152189,1,0,2023-07-28 07:58:39,2023-07-28 07:58:39
56469,3443,1,1,2023-06-19 13:38:20,2023-06-19 13:38:20
56469,83275,1,0,2023-06-22 08:47:39,2023-06-22 08:47:39
56469,150754,1,1,2023-06-13 09:13:10,2023-06-13 09:13:10
56521,130949,1,0,2024-06-07 22:03:44,2024-06-07 22:03:44
56521,139067,1,0,2023-10-04 19:34:11,2023-10-04 19:34:11
56635,135172,1,0,2023-04-05 14:43:35,2023-04-05 14:43:35
56686,142618,1,0,2023-08-25 02:12:15,2023-08-25 02:12:15
56692,83275,1,0,2024-05-07 01:40:28,2024-05-07 01:40:28
56714,64125,1,1,2021-01-16 18:16:09,2021-01-16 18:16:09
56714,98873,1,0,2021-01-16 18:48:58,2021-01-16 18:48:58
56714,100986,2,0,2020-12-16 18:46:04,2020-12-16 21:17:18
56714,109633,1,0,2021-03-03 11:16:01,2021-03-03 11:16:01
56714,110437,1,1,2021-01-16 19:09:59,2021-01-16 19:09:59
56714,121267,1,0,2021-07-28 09:11:02,2021-07-28 09:11:02
56811,74497,1,0,2025-07-30 07:52:27,2025-07-30 07:52:27
56811,108804,1,1,2025-01-27 12:53:37,2025-01-27 12:53:37
56811,146483,1,0,2025-05-19 12:54:36,2025-05-19 12:54:36
56811,151216,1,0,2026-04-27 16:54:55,2026-04-27 16:54:55
56811,153809,1,0,2025-03-01 18:07:14,2025-03-01 18:07:14
56811,178915,1,1,2025-04-13 09:27:04,2025-04-13 09:27:04
56913,150257,1,1,2025-04-08 22:19:46,2025-04-08 22:19:46
56913,167113,1,1,2025-02-19 18:02:14,2025-02-19 18:02:14
57453,51069,2,1,2021-11-12 17:45:49,2021-11-13 15:44:18
57453,127440,1,1,2021-11-12 21:34:26,2021-11-12 21:34:26
57461,150588,1,1,2023-06-14 17:10:20,2023-06-14 17:10:20
57461,150619,1,1,2023-06-14 17:08:14,2023-06-14 17:08:14
57461,150656,1,1,2023-06-14 17:02:39,2023-06-14 17:02:39
57477,62029,1,1,2024-01-06 09:59:39,2024-01-06 09:59:39
57477,92049,1,1,2021-02-20 11:03:07,2021-02-20 11:03:07
57477,139377,1,1,2022-08-30 14:20:47,2022-08-30 14:20:47
57479,133685,1,0,2024-06-19 05:18:22,2024-06-19 05:18:22
57479,143676,1,1,2024-06-18 11:09:00,2024-06-18 11:09:00
57493,70546,1,1,2021-01-11 23:53:02,2021-01-11 23:53:02
57493,109168,3,1,2020-12-21 22:05:33,2020-12-21 22:30:31
57493,110020,1,0,2021-01-08 20:01:44,2021-01-08 20:01:44
57493,110246,1,1,2021-01-12 21:47:18,2021-01-12 21:47:18
57493,111070,3,1,2021-01-30 22:09:51,2021-02-01 17:09:38
57526,63544,1,0,2021-12-17 20:44:34,2021-12-17 20:44:34
57526,73720,1,0,2023-02-04 15:58:30,2023-02-04 15:58:30
57561,131301,1,1,2022-01-21 00:43:34,2022-01-21 00:43:34
57561,135359,1,1,2022-05-08 00:06:16,2022-05-08 00:06:16
57561,139227,1,1,2022-08-16 10:33:37,2022-08-16 10:33:37
57561,139256,1,1,2022-08-16 11:10:44,2022-08-16 11:10:44
57633,92532,1,0,2023-03-06 05:20:04,2023-03-06 05:20:04
57633,130949,1,1,2022-08-29 15:56:57,2022-08-29 15:56:57
57688,134338,1,1,2022-04-08 14:44:39,2022-04-08 14:44:39
57842,167501,1,0,2024-08-18 13:39:48,2024-08-18 13:39:48
57851,99065,2,0,2021-03-28 07:04:54,2021-03-28 07:11:44
57875,137051,1,0,2023-04-11 15:59:19,2023-04-11 15:59:19
58034,113585,1,0,2022-05-16 00:17:43,2022-05-16 00:17:43
58034,132260,1,0,2022-06-15 08:45:56,2022-06-15 08:45:56
58034,136549,1,0,2022-06-15 08:39:07,2022-06-15 08:39:07
58090,116004,1,1,2021-06-09 17:47:55,2021-06-09 17:47:55
58135,98775,1,1,2020-12-16 08:17:42,2020-12-16 08:17:42
58139,140296,1,1,2022-11-29 10:48:43,2022-11-29 10:48:43
58139,142461,1,1,2022-11-29 10:39:45,2022-11-29 10:39:45
58139,143334,1,1,2022-11-29 10:14:28,2022-11-29 10:14:28
58341,1330,1,0,2021-07-07 16:35:33,2021-07-07 16:35:33
58341,9011,1,0,2020-12-10 14:58:45,2020-12-10 14:58:45
58341,24665,2,1,2021-02-26 12:13:22,2021-03-01 17:16:19
58341,31424,1,0,2021-03-04 16:52:51,2021-03-04 16:52:51
58341,34269,1,0,2021-01-18 14:16:45,2021-01-18 14:16:45
58341,37363,1,1,2021-01-31 03:53:47,2021-01-31 03:53:47
58341,38592,1,0,2021-05-05 16:14:16,2021-05-05 16:14:16
58341,41637,1,0,2021-03-02 14:24:14,2021-03-02 14:24:14
58341,44188,1,0,2021-01-25 16:11:53,2021-01-25 16:11:53
58341,49513,1,1,2021-02-22 16:12:23,2021-02-22 16:12:23
58341,56913,1,1,2020-12-07 19:09:58,2020-12-07 19:09:58
58341,58471,5,2,2020-12-23 17:34:17,2020-12-25 15:28:38
58341,61522,1,0,2021-04-21 15:46:04,2021-04-21 15:46:04
58341,61599,1,1,2021-02-19 17:03:49,2021-02-19 17:03:49
58341,65533,1,0,2021-03-19 11:17:57,2021-03-19 11:17:57
58341,65781,1,1,2021-05-30 12:29:34,2021-05-30 12:29:34
58341,67537,1,0,2021-05-27 15:15:53,2021-05-27 15:15:53
58341,67993,1,1,2021-04-01 13:09:02,2021-04-01 13:09:02
58341,68034,1,1,2021-01-05 16:05:14,2021-01-05 16:05:14
58341,68313,2,2,2020-12-06 13:53:35,2021-07-04 12:37:30
58341,73441,1,0,2021-08-27 04:30:44,2021-08-27 04:30:44
58341,73505,1,0,2021-01-18 14:30:27,2021-01-18 14:30:27
58341,73930,1,0,2021-03-18 14:31:06,2021-03-18 14:31:06
58341,75157,1,0,2021-04-22 07:40:37,2021-04-22 07:40:37
58341,76275,2,0,2021-01-10 17:07:30,2021-03-19 11:13:16
58341,76779,1,1,2021-08-26 04:34:47,2021-08-26 04:34:47
58341,79514,1,1,2021-03-14 08:58:05,2021-03-14 08:58:05
58341,80221,1,0,2021-08-08 10:02:56,2021-08-08 10:02:56
58341,83877,3,1,2021-01-21 15:16:40,2021-01-22 14:18:00
58341,83922,1,0,2021-01-28 13:19:29,2021-01-28 13:19:29
58341,85906,1,0,2021-04-22 11:45:20,2021-04-22 11:45:20
58341,88424,1,0,2021-03-05 13:32:36,2021-03-05 13:32:36
58341,88663,1,1,2021-01-28 13:55:37,2021-01-28 13:55:37
58341,89903,2,1,2021-03-19 11:11:08,2021-03-19 15:08:56
58341,91466,1,0,2020-12-10 14:37:33,2020-12-10 14:37:33
58341,91857,1,1,2021-07-11 13:14:33,2021-07-11 13:14:33
58341,92002,1,1,2021-03-15 12:08:47,2021-03-15 12:08:47
58341,92340,1,0,2021-03-03 07:20:24,2021-03-03 07:20:24
58341,93617,4,0,2021-06-02 04:49:52,2021-06-04 07:14:15
58341,95511,1,1,2021-01-10 17:34:58,2021-01-10 17:34:58
58341,96815,4,1,2021-05-14 08:03:06,2021-05-19 11:48:09
58341,97844,2,0,2021-04-17 17:23:54,2021-04-17 17:46:28
58341,98535,1,1,2020-12-29 16:02:21,2020-12-29 16:02:21
58341,98643,1,1,2021-05-04 16:16:34,2021-05-04 16:16:34
58341,98753,2,1,2021-01-07 15:39:22,2021-01-08 18:12:55
58341,99648,1,1,2021-01-19 15:20:00,2021-01-19 15:20:00
58341,100633,2,0,2022-04-25 07:34:20,2022-04-25 07:43:37
58341,100758,1,0,2021-01-25 16:04:57,2021-01-25 16:04:57
58341,101495,2,0,2021-05-13 13:02:23,2021-05-14 07:59:06
58341,102646,1,0,2021-05-04 16:23:46,2021-05-04 16:23:46
58341,102713,2,1,2021-05-24 05:34:28,2021-05-27 15:29:38
58341,103269,1,0,2021-05-21 10:29:49,2021-05-21 10:29:49
58341,104143,1,0,2020-12-30 15:02:08,2020-12-30 15:02:08
58341,105222,1,1,2021-01-01 14:47:03,2021-01-01 14:47:03
58341,105469,15,4,2021-01-12 14:21:10,2022-05-06 04:25:55
58341,106470,1,0,2021-02-02 10:03:33,2021-02-02 10:03:33
58341,107432,1,1,2021-05-09 14:12:34,2021-05-09 14:12:34
58341,107661,1,1,2020-12-08 17:09:34,2020-12-08 17:09:34
58341,107925,1,0,2021-01-12 17:19:26,2021-01-12 17:19:26
58341,108536,1,1,2020-12-21 16:26:40,2020-12-21 16:26:40
58341,108624,1,1,2021-05-13 11:35:11,2021-05-13 11:35:11
58341,108779,1,0,2021-01-28 13:16:53,2021-01-28 13:16:53
58341,108837,1,1,2020-12-15 15:20:42,2020-12-15 15:20:42
58341,108946,1,1,2020-12-17 17:47:56,2020-12-17 17:47:56
58341,109134,2,1,2021-01-23 16:37:21,2021-01-24 01:05:14
58341,109390,1,0,2020-12-28 15:13:16,2020-12-28 15:13:16
58341,109443,1,1,2020-12-27 18:08:03,2020-12-27 18:08:03
58341,109449,1,1,2020-12-27 17:44:59,2020-12-27 17:44:59
58341,109812,1,0,2021-01-04 16:23:49,2021-01-04 16:23:49
58341,109862,1,0,2021-01-05 15:52:28,2021-01-05 15:52:28
58341,109926,1,1,2021-01-06 17:56:16,2021-01-06 17:56:16
58341,110214,5,1,2021-01-12 17:27:23,2021-03-07 16:56:43
58341,110419,1,1,2021-08-15 07:41:35,2021-08-15 07:41:35
58341,110498,1,1,2021-01-18 13:32:06,2021-01-18 13:32:06
58341,110503,1,1,2021-03-22 12:24:54,2021-03-22 12:24:54
58341,110582,1,0,2021-01-21 13:56:42,2021-01-21 13:56:42
58341,110627,1,1,2021-01-22 16:15:03,2021-01-22 16:15:03
58341,110654,2,1,2021-01-23 11:57:25,2021-01-31 13:06:32
58341,110729,1,0,2021-01-23 12:00:05,2021-01-23 12:00:05
58341,110932,3,1,2021-03-02 06:33:19,2021-03-11 10:39:15
58341,111070,1,1,2021-02-03 14:20:00,2021-02-03 14:20:00
58341,111107,2,1,2021-01-30 17:46:59,2021-02-01 09:16:32
58341,111305,1,0,2021-02-09 13:55:41,2021-02-09 13:55:41
58341,111325,1,0,2021-02-03 16:49:11,2021-02-03 16:49:11
58341,111365,1,1,2021-02-05 06:32:47,2021-02-05 06:32:47
58341,111372,1,1,2021-03-12 14:38:14,2021-03-12 14:38:14
58341,111377,1,0,2021-02-04 18:32:55,2021-02-04 18:32:55
58341,111463,1,0,2021-04-11 16:43:39,2021-04-11 16:43:39
58341,111612,1,0,2021-02-09 13:46:53,2021-02-09 13:46:53
58341,111785,1,1,2021-02-13 11:44:50,2021-02-13 11:44:50
58341,111794,1,1,2021-02-13 14:39:40,2021-02-13 14:39:40
58341,111827,1,0,2021-04-17 15:03:10,2021-04-17 15:03:10
58341,111893,1,0,2021-02-15 08:13:31,2021-02-15 08:13:31
58341,111918,1,0,2021-04-20 13:23:45,2021-04-20 13:23:45
58341,111985,3,1,2021-02-19 13:23:35,2021-02-19 16:41:29
58341,112153,2,1,2021-03-09 12:18:11,2021-03-09 14:52:09
58341,112226,1,1,2021-02-24 17:13:33,2021-02-24 17:13:33
58341,112246,1,0,2021-02-24 17:21:51,2021-02-24 17:21:51
58341,112271,1,0,2021-02-22 16:48:42,2021-02-22 16:48:42
58341,112483,2,1,2021-03-21 14:26:10,2021-03-23 12:48:45
58341,112520,1,0,2021-03-10 10:57:01,2021-03-10 10:57:01
58341,112581,1,0,2021-04-15 16:39:38,2021-04-15 16:39:38
58341,112749,1,1,2024-09-30 18:28:09,2024-09-30 18:28:09
58341,112815,1,1,2021-05-13 10:08:26,2021-05-13 10:08:26
58341,112850,1,0,2021-03-05 18:10:07,2021-03-05 18:10:07
58341,113079,1,0,2021-05-31 12:58:17,2021-05-31 12:58:17
58341,113087,1,1,2021-06-04 07:03:08,2021-06-04 07:03:08
58341,113241,1,0,2021-03-14 06:33:46,2021-03-14 06:33:46
58341,113320,1,0,2021-03-18 11:55:01,2021-03-18 11:55:01
58341,113497,1,1,2021-03-18 14:04:27,2021-03-18 14:04:27
58341,113499,1,1,2021-03-18 14:23:04,2021-03-18 14:23:04
58341,113575,2,1,2021-03-21 14:48:15,2021-03-23 14:57:14
58341,113735,1,1,2021-07-22 04:49:11,2021-07-22 04:49:11
58341,115186,1,1,2021-03-31 11:23:58,2021-03-31 11:23:58
58341,115202,1,0,2021-03-31 11:25:53,2021-03-31 11:25:53
58341,115244,1,1,2021-04-04 12:51:15,2021-04-04 12:51:15
58341,115497,1,0,2021-04-12 07:00:53,2021-04-12 07:00:53
58341,115588,3,0,2021-04-07 16:09:45,2021-07-08 16:48:47
58341,115758,1,1,2021-04-10 16:50:09,2021-04-10 16:50:09
58341,115800,3,1,2021-04-11 17:18:27,2021-04-22 16:12:19
58341,115886,2,0,2021-04-16 16:12:45,2021-04-17 11:14:52
58341,116177,1,0,2021-04-16 17:18:15,2021-04-16 17:18:15
58341,116193,1,0,2021-04-17 15:06:46,2021-04-17 15:06:46
58341,116240,2,1,2021-04-18 10:34:00,2021-04-27 06:40:30
58341,116267,1,1,2021-04-18 17:50:46,2021-04-18 17:50:46
58341,116346,1,0,2021-04-20 13:52:58,2021-04-20 13:52:58
58341,116358,1,0,2021-04-20 11:31:36,2021-04-20 11:31:36
58341,116413,1,1,2021-04-21 15:37:55,2021-04-21 15:37:55
58341,116429,2,1,2021-05-07 09:06:45,2021-05-07 18:50:57
58341,116546,1,1,2021-05-05 15:59:24,2021-05-05 15:59:24
58341,116659,4,2,2021-05-27 14:51:25,2021-06-02 17:15:31
58341,116663,1,1,2021-04-26 12:39:22,2021-04-26 12:39:22
58341,116801,1,0,2021-04-28 15:50:38,2021-04-28 15:50:38
58341,116992,1,1,2021-05-04 09:10:52,2021-05-04 09:10:52
58341,117002,4,1,2021-05-08 05:16:13,2021-05-11 07:35:30
58341,117115,1,1,2021-05-04 17:22:37,2021-05-04 17:22:37
58341,117192,1,1,2021-07-03 17:39:44,2021-07-03 17:39:44
58341,117338,1,0,2021-05-09 16:26:23,2021-05-09 16:26:23
58341,117475,5,1,2021-05-11 07:30:46,2021-05-14 07:55:23
58341,117765,1,0,2021-05-16 15:54:26,2021-05-16 15:54:26
58341,117778,1,1,2021-05-16 15:43:26,2021-05-16 15:43:26
58341,118281,1,0,2021-05-30 13:22:23,2021-05-30 13:22:23
58341,118292,1,1,2021-05-31 07:40:58,2021-05-31 07:40:58
58341,118554,1,1,2021-06-01 15:25:16,2021-06-01 15:25:16
58341,118690,1,0,2021-06-22 05:17:20,2021-06-22 05:17:20
58341,118693,1,0,2021-06-02 16:00:29,2021-06-02 16:00:29
58341,118699,1,0,2021-06-04 07:17:18,2021-06-04 07:17:18
58341,118731,1,1,2021-06-04 06:45:00,2021-06-04 06:45:00
58341,119292,1,0,2021-07-11 12:01:59,2021-07-11 12:01:59
58341,119322,1,0,2021-06-14 16:41:04,2021-06-14 16:41:04
58341,119565,1,0,2021-06-20 14:17:04,2021-06-20 14:17:04
58341,119652,1,0,2021-06-22 05:13:14,2021-06-22 05:13:14
58341,119673,1,0,2021-06-23 11:41:03,2021-06-23 11:41:03
58341,119705,1,1,2021-06-23 11:30:17,2021-06-23 11:30:17
58341,119921,3,1,2021-08-08 07:53:18,2021-08-11 02:36:40
58341,120292,5,0,2021-07-08 16:56:52,2021-07-11 12:55:19
58341,120507,1,1,2021-07-11 11:55:18,2021-07-11 11:55:18
58341,120551,1,0,2021-07-11 12:45:48,2021-07-11 12:45:48
58341,120760,1,0,2021-08-18 17:10:40,2021-08-18 17:10:40
58341,120942,1,1,2021-07-20 13:29:00,2021-07-20 13:29:00
58341,121120,1,1,2021-07-26 05:22:53,2021-07-26 05:22:53
58341,121199,1,1,2021-07-29 02:58:02,2021-07-29 02:58:02
58341,121224,1,0,2021-07-28 12:54:41,2021-07-28 12:54:41
58341,121249,1,0,2021-07-29 02:21:01,2021-07-29 02:21:01
58341,122419,2,0,2021-08-02 08:01:31,2021-08-03 02:12:55
58341,122481,1,1,2021-08-03 10:55:02,2021-08-03 10:55:02
58341,122527,1,1,2021-08-03 10:45:07,2021-08-03 10:45:07
58341,122573,1,0,2021-08-04 13:38:29,2021-08-04 13:38:29
58341,122762,2,1,2021-08-09 10:06:14,2021-08-11 02:35:57
58341,122791,1,1,2021-08-11 02:27:15,2021-08-11 02:27:15
58341,123393,1,0,2021-08-27 04:27:00,2021-08-27 04:27:00
58341,130860,1,0,2022-10-25 15:13:48,2022-10-25 15:13:48
58341,134669,1,0,2022-04-17 06:26:13,2022-04-17 06:26:13
58341,141193,1,1,2022-10-09 11:50:11,2022-10-09 11:50:11
58341,141247,1,1,2022-10-10 16:52:12,2022-10-10 16:52:12
58341,141385,1,1,2022-10-10 16:45:36,2022-10-10 16:45:36
58341,141973,1,1,2022-10-25 16:07:01,2022-10-25 16:07:01
58341,143110,1,0,2022-11-22 18:55:55,2022-11-22 18:55:55
58341,164727,1,1,2024-09-26 21:17:30,2024-09-26 21:17:30
58341,167167,1,0,2024-09-27 04:16:27,2024-09-27 04:16:27
58341,169284,1,1,2024-09-27 19:25:29,2024-09-27 19:25:29
58341,169990,1,0,2024-10-02 18:43:10,2024-10-02 18:43:10
58341,170241,1,1,2024-10-04 20:04:43,2024-10-04 20:04:43
58451,110204,1,1,2021-01-17 05:09:56,2021-01-17 05:09:56
58471,109168,2,1,2020-12-23 07:11:39,2020-12-23 11:57:00
58557,102852,1,0,2020-12-14 07:07:54,2020-12-14 07:07:54
58591,115236,1,0,2021-08-19 07:20:40,2021-08-19 07:20:40
58609,97844,1,1,2021-05-01 19:07:39,2021-05-01 19:07:39
58736,108053,1,0,2021-07-08 05:46:49,2021-07-08 05:46:49
58736,118699,6,1,2021-06-21 04:04:17,2021-06-21 14:00:56
58736,119572,1,0,2021-06-21 05:01:21,2021-06-21 05:01:21
58736,119629,1,1,2021-06-21 11:38:46,2021-06-21 11:38:46
58736,120159,1,0,2021-07-02 08:26:53,2021-07-02 08:26:53
59085,98,1,0,2023-09-26 07:37:28,2023-09-26 07:37:28
59085,201,1,0,2022-06-14 11:47:33,2022-06-14 11:47:33
59085,303,3,0,2024-02-02 11:14:06,2024-02-02 13:18:32
59085,1177,1,0,2023-11-23 07:54:33,2023-11-23 07:54:33
59085,1330,1,0,2023-03-30 13:34:41,2023-03-30 13:34:41
59085,14412,1,0,2022-03-02 11:07:31,2022-03-02 11:07:31
59085,18626,1,0,2022-02-22 06:20:48,2022-02-22 06:20:48
59085,27442,1,0,2021-12-10 07:42:11,2021-12-10 07:42:11
59085,41448,1,0,2022-09-29 06:12:20,2022-09-29 06:12:20
59085,43765,2,1,2023-12-06 11:10:51,2023-12-06 11:18:38
59085,44188,2,1,2023-08-31 12:23:18,2023-08-31 12:25:39
59085,49572,1,0,2024-06-03 10:04:10,2024-06-03 10:04:10
59085,51687,1,0,2022-10-25 08:52:11,2022-10-25 08:52:11
59085,62207,2,0,2024-01-11 08:12:23,2024-01-11 12:39:49
59085,63714,1,1,2022-05-10 12:47:43,2022-05-10 12:47:43
59085,64876,1,0,2022-04-05 11:57:39,2022-04-05 11:57:39
59085,66788,1,0,2021-10-13 05:24:17,2021-10-13 05:24:17
59085,68274,1,0,2023-11-17 11:21:06,2023-11-17 11:21:06
59085,68460,2,1,2024-08-06 12:50:43,2024-08-06 15:30:17
59085,68575,1,0,2022-12-02 11:07:40,2022-12-02 11:07:40
59085,71172,1,0,2022-04-13 08:59:41,2022-04-13 08:59:41
59085,71246,1,1,2022-05-09 11:45:15,2022-05-09 11:45:15
59085,71442,2,0,2021-10-06 12:18:46,2021-10-06 12:35:32
59085,75152,1,0,2021-10-29 05:44:32,2021-10-29 05:44:32
59085,75931,1,0,2021-11-12 12:52:03,2021-11-12 12:52:03
59085,76542,1,0,2023-06-29 06:31:25,2023-06-29 06:31:25
59085,80259,1,0,2021-11-22 12:24:06,2021-11-22 12:24:06
59085,85797,3,0,2023-11-15 12:11:25,2023-11-15 16:00:14
59085,92484,1,1,2023-09-04 09:08:42,2023-09-04 09:08:42
59085,97074,1,0,2021-12-13 13:24:06,2021-12-13 13:24:06
59085,100417,1,0,2023-08-23 09:46:04,2023-08-23 09:46:04
59085,105648,1,0,2023-01-20 10:02:10,2023-01-20 10:02:10
59085,107246,1,0,2023-03-15 07:15:39,2023-03-15 07:15:39
59085,108053,1,0,2022-12-08 09:02:16,2022-12-08 09:02:16
59085,110757,1,1,2021-10-19 06:01:43,2021-10-19 06:01:43
59085,110873,1,0,2021-10-22 07:39:17,2021-10-22 07:39:17
59085,111860,1,0,2021-11-19 11:21:56,2021-11-19 11:21:56
59085,115133,1,0,2025-07-21 11:12:37,2025-07-21 11:12:37
59085,118309,1,0,2021-11-05 10:16:22,2021-11-05 10:16:22
59085,119136,1,0,2022-04-12 11:09:17,2022-04-12 11:09:17
59085,119448,2,0,2021-10-14 07:41:34,2021-10-19 06:13:14
59085,119921,2,0,2021-11-17 08:15:48,2021-11-17 08:24:57
59085,119960,4,1,2021-11-04 11:15:45,2021-11-09 08:20:43
59085,123092,2,0,2021-11-18 06:55:48,2021-11-22 06:39:15
59085,123313,1,1,2024-06-18 06:33:13,2024-06-18 06:33:13
59085,123521,1,1,2021-11-10 10:42:41,2021-11-10 10:42:41
59085,124911,1,1,2023-01-13 12:37:18,2023-01-13 12:37:18
59085,125356,1,1,2021-10-08 09:09:00,2021-10-08 09:09:00
59085,125747,1,0,2022-08-05 05:49:45,2022-08-05 05:49:45
59085,126059,1,0,2021-10-06 11:05:23,2021-10-06 11:05:23
59085,126824,1,1,2021-10-22 09:12:08,2021-10-22 09:12:08
59085,127195,2,0,2025-01-22 07:55:54,2025-09-03 09:07:35
59085,128160,1,0,2021-11-25 09:08:17,2021-11-25 09:08:17
59085,128213,1,0,2021-11-26 12:16:34,2021-11-26 12:16:34
59085,128363,1,0,2021-11-30 09:42:52,2021-11-30 09:42:52
59085,130230,3,0,2022-07-18 09:17:17,2022-07-18 09:18:28
59085,130637,1,0,2022-04-01 06:13:19,2022-04-01 06:13:19
59085,130663,2,0,2022-01-06 11:12:36,2022-01-06 13:44:46
59085,130668,1,0,2022-01-06 13:58:07,2022-01-06 13:58:07
59085,130817,1,0,2022-01-10 11:26:10,2022-01-10 11:26:10
59085,131082,1,0,2023-11-17 11:18:40,2023-11-17 11:18:40
59085,131178,4,1,2022-01-18 11:34:57,2022-01-18 13:24:24
59085,131233,1,0,2022-01-19 11:49:52,2022-01-19 11:49:52
59085,132697,1,1,2022-02-22 06:33:58,2022-02-22 06:33:58
59085,132767,2,0,2022-02-23 10:51:15,2022-02-23 10:56:17
59085,132823,3,0,2022-03-07 06:55:31,2022-03-11 06:39:27
59085,133184,1,0,2022-06-29 07:37:22,2022-06-29 07:37:22
59085,133321,2,1,2022-03-17 13:23:15,2022-03-18 07:03:59
59085,134109,1,0,2023-02-03 13:38:24,2023-02-03 13:38:24
59085,135146,1,0,2022-11-28 12:53:42,2022-11-28 12:53:42
59085,135386,2,0,2022-08-18 07:51:00,2022-10-14 11:52:12
59085,135706,1,0,2022-05-13 09:53:20,2022-05-13 09:53:20
59085,135896,1,0,2022-05-26 06:56:22,2022-05-26 06:56:22
59085,136302,3,0,2022-08-05 10:32:54,2022-08-05 10:33:22
59085,136684,1,0,2022-06-08 09:35:12,2022-06-08 09:35:12
59085,136778,1,0,2022-06-10 08:58:52,2022-06-10 08:58:52
59085,136911,3,1,2022-06-14 11:51:14,2022-06-23 08:56:02
59085,137482,1,0,2022-06-28 06:36:39,2022-06-28 06:36:39
59085,137503,1,0,2023-01-19 07:46:22,2023-01-19 07:46:22
59085,138137,5,0,2022-07-15 10:24:56,2022-07-15 11:51:29
59085,139096,1,0,2022-08-11 06:33:30,2022-08-11 06:33:30
59085,139367,1,0,2022-08-18 09:44:05,2022-08-18 09:44:05
59085,139658,1,0,2022-09-06 09:37:42,2022-09-06 09:37:42
59085,139917,1,0,2022-09-01 07:16:22,2022-09-01 07:16:22
59085,139922,1,0,2022-09-06 13:26:39,2022-09-06 13:26:39
59085,140063,1,0,2022-10-03 08:16:16,2022-10-03 08:16:16
59085,140197,3,1,2022-12-21 07:15:29,2022-12-21 08:04:23
59085,140592,1,0,2024-04-11 12:23:35,2024-04-11 12:23:35
59085,140766,2,0,2023-03-13 09:27:58,2023-03-13 09:41:56
59085,141138,4,0,2022-11-22 09:05:34,2022-11-22 11:48:46
59085,141412,1,0,2022-10-11 06:17:03,2022-10-11 06:17:03
59085,141467,1,0,2022-10-12 10:17:36,2022-10-12 10:17:36
59085,141580,1,0,2023-11-22 15:20:13,2023-11-22 15:20:13
59085,141632,1,0,2022-12-21 10:12:09,2022-12-21 10:12:09
59085,142880,4,0,2023-01-19 10:57:53,2023-07-25 08:28:03
59085,142936,1,0,2023-01-20 10:20:05,2023-01-20 10:20:05
59085,142948,4,0,2022-11-24 06:46:14,2022-11-24 11:38:00
59085,143059,1,0,2023-03-09 13:19:54,2023-03-09 13:19:54
59085,143145,1,0,2022-11-23 14:08:34,2022-11-23 14:08:34
59085,143204,1,0,2022-11-25 06:31:29,2022-11-25 06:31:29
59085,143422,1,1,2022-12-09 13:46:01,2022-12-09 13:46:01
59085,143541,1,1,2022-12-08 10:16:52,2022-12-08 10:16:52
59085,143697,1,0,2022-12-09 10:46:58,2022-12-09 10:46:58
59085,143928,1,0,2022-12-16 12:17:00,2022-12-16 12:17:00
59085,143964,2,0,2022-12-16 11:38:14,2022-12-19 08:35:53
59085,144548,1,0,2023-01-05 13:51:26,2023-01-05 13:51:26
59085,144586,2,0,2023-01-06 12:20:06,2023-01-06 12:29:33
59085,144737,1,1,2023-01-11 08:16:07,2023-01-11 08:16:07
59085,145000,1,0,2023-01-19 12:59:33,2023-01-19 12:59:33
59085,145174,1,0,2023-01-24 06:55:04,2023-01-24 06:55:04
59085,145178,3,0,2023-03-30 11:51:41,2023-03-30 11:59:31
59085,145446,2,0,2023-02-01 11:22:07,2023-02-01 11:42:19
59085,145558,3,0,2023-02-03 15:22:51,2023-02-03 15:52:02
59085,145980,1,0,2023-02-15 12:14:49,2023-02-15 12:14:49
59085,146021,1,0,2023-02-23 11:22:59,2023-02-23 11:22:59
59085,146129,3,1,2023-04-07 09:51:14,2023-04-12 07:57:19
59085,146201,1,0,2023-02-21 10:34:04,2023-02-21 10:34:04
59085,146377,1,1,2023-11-22 11:28:27,2023-11-22 11:28:27
59085,146452,1,0,2025-02-06 07:35:23,2025-02-06 07:35:23
59085,148244,2,0,2023-03-23 15:17:56,2023-03-23 15:25:55
59085,148247,1,0,2023-03-23 16:28:40,2023-03-23 16:28:40
59085,148402,1,0,2023-04-05 08:29:24,2023-04-05 08:29:24
59085,148415,1,1,2023-03-29 06:32:08,2023-03-29 06:32:08
59085,148842,1,0,2023-04-11 05:52:17,2023-04-11 05:52:17
59085,149280,1,0,2023-04-25 11:42:42,2023-04-25 11:42:42
59085,149495,1,0,2023-06-27 11:47:34,2023-06-27 11:47:34
59085,150095,1,0,2023-05-22 09:42:27,2023-05-22 09:42:27
59085,150963,1,0,2023-06-19 13:15:00,2023-06-19 13:15:00
59085,151105,1,0,2023-06-28 05:09:27,2023-06-28 05:09:27
59085,151172,1,0,2023-06-29 10:13:23,2023-06-29 10:13:23
59085,151185,1,0,2023-06-26 12:20:27,2023-06-26 12:20:27
59085,153438,3,0,2023-08-07 05:32:55,2023-08-29 08:39:45
59085,154912,1,0,2023-10-03 07:12:04,2023-10-03 07:12:04
59085,155034,2,0,2023-10-12 10:22:21,2023-10-12 11:20:37
59085,155373,1,0,2023-10-17 05:29:04,2023-10-17 05:29:04
59085,155406,2,0,2023-10-24 07:05:13,2023-10-25 06:05:02
59085,158280,1,1,2023-12-20 09:42:36,2023-12-20 09:42:36
59085,159489,1,0,2024-02-02 10:49:10,2024-02-02 10:49:10
59085,161078,2,0,2023-12-05 13:16:44,2023-12-05 13:38:01
59085,161782,1,0,2024-05-24 06:16:14,2024-05-24 06:16:14
59085,162294,1,0,2024-04-16 10:32:48,2024-04-16 10:32:48
59085,163079,2,0,2024-05-21 06:53:56,2024-05-21 07:23:37
59085,163327,2,0,2024-06-03 10:21:33,2024-06-03 11:07:30
59085,163456,3,0,2024-06-06 11:24:35,2024-06-06 12:56:26
59085,163712,1,0,2024-06-11 09:33:37,2024-06-11 09:33:37
59085,164245,3,0,2024-06-20 10:20:11,2024-06-20 11:16:52
59085,165383,1,0,2024-07-11 11:20:38,2024-07-11 11:20:38
59085,173137,1,0,2024-11-14 08:51:53,2024-11-14 08:51:53
59085,173425,3,1,2025-01-10 13:10:12,2025-01-10 14:43:38
59085,177265,1,0,2025-02-03 11:07:22,2025-02-03 11:07:22
59085,177282,2,0,2025-02-06 11:01:53,2025-02-06 11:14:40
59085,184516,1,0,2026-01-09 06:50:13,2026-01-09 06:50:13
59085,186967,3,0,2025-09-22 08:30:01,2025-09-22 09:20:23
59085,187196,1,0,2025-10-06 06:02:20,2025-10-06 06:02:20
59085,190398,1,0,2025-12-04 06:51:36,2025-12-04 06:51:36
59085,192501,1,0,2026-02-11 12:31:49,2026-02-11 12:31:49
59155,127004,1,1,2021-10-27 05:54:59,2021-10-27 05:54:59
59241,183725,2,1,2025-06-06 10:56:47,2025-06-06 19:57:55
59336,111016,1,1,2022-02-03 14:33:10,2022-02-03 14:33:10
59369,64377,2,0,2022-09-22 13:02:11,2022-09-23 09:46:07
59488,84891,1,0,2022-10-21 13:44:26,2022-10-21 13:44:26
59555,116240,1,1,2021-04-28 13:07:41,2021-04-28 13:07:41
59637,132620,1,0,2022-02-28 08:42:59,2022-02-28 08:42:59
59783,112855,1,0,2021-03-11 19:49:19,2021-03-11 19:49:19
59783,118083,5,1,2021-07-28 18:20:36,2021-07-28 18:45:46
59783,121243,1,1,2021-07-27 19:21:48,2021-07-27 19:21:48
59783,121295,1,1,2021-07-28 18:37:08,2021-07-28 18:37:08
59944,42439,1,1,2023-01-17 18:15:41,2023-01-17 18:15:41
59944,122614,1,0,2022-07-28 05:29:16,2022-07-28 05:29:16
59944,122680,1,1,2022-06-30 09:27:31,2022-06-30 09:27:31
59944,125079,1,1,2022-07-18 14:52:50,2022-07-18 14:52:50
59944,125316,1,1,2022-11-16 15:34:33,2022-11-16 15:34:33
59944,131147,1,1,2022-10-22 00:01:30,2022-10-22 00:01:30
59944,134280,1,0,2022-07-30 08:57:41,2022-07-30 08:57:41
59944,137223,1,1,2022-06-30 09:04:42,2022-06-30 09:04:42
59944,137872,1,0,2022-07-09 09:31:10,2022-07-09 09:31:10
59944,138112,1,1,2022-07-15 10:42:39,2022-07-15 10:42:39
59944,138531,4,1,2022-07-26 12:44:58,2022-07-28 13:38:14
59944,138685,1,1,2022-07-30 09:59:55,2022-07-30 09:59:55
59944,138708,1,0,2022-07-31 10:00:56,2022-07-31 10:00:56
59944,142201,1,1,2022-10-31 22:19:14,2022-10-31 22:19:14
60119,97477,1,0,2023-04-29 23:55:49,2023-04-29 23:55:49
60185,8999,1,0,2023-01-26 21:47:35,2023-01-26 21:47:35
60273,119921,1,0,2023-01-27 15:30:55,2023-01-27 15:30:55
60276,109441,1,1,2021-03-27 14:49:55,2021-03-27 14:49:55
60276,130360,1,1,2023-02-05 13:05:06,2023-02-05 13:05:06
60358,143459,1,1,2022-12-02 22:41:12,2022-12-02 22:41:12
60565,82498,1,0,2021-08-12 14:04:38,2021-08-12 14:04:38
60675,109109,1,1,2020-12-19 17:32:05,2020-12-19 17:32:05
60971,65288,1,0,2024-05-10 01:01:52,2024-05-10 01:01:52
61168,89994,1,0,2023-02-10 05:45:54,2023-02-10 05:45:54
61168,128575,1,1,2023-02-10 05:43:09,2023-02-10 05:43:09
61373,71442,1,0,2024-07-19 03:34:39,2024-07-19 03:34:39
61373,108624,1,0,2024-07-19 03:37:11,2024-07-19 03:37:11
61445,78186,1,1,2021-06-13 09:35:55,2021-06-13 09:35:55
61445,110118,2,1,2021-05-20 16:23:22,2021-05-23 16:39:00
61445,119690,1,0,2021-06-22 17:58:39,2021-06-22 17:58:39
61445,145178,1,1,2023-01-26 13:18:13,2023-01-26 13:18:13
61522,30370,1,0,2021-05-29 18:21:10,2021-05-29 18:21:10
61522,58341,1,0,2021-04-21 17:52:38,2021-04-21 17:52:38
61522,86182,2,0,2021-05-03 07:15:25,2021-05-03 08:21:34
61522,108498,1,1,2021-01-11 14:53:04,2021-01-11 14:53:04
61522,108719,2,0,2021-04-20 12:05:48,2021-04-21 10:07:00
61522,112139,1,1,2021-03-29 18:08:21,2021-03-29 18:08:21
61522,112581,1,0,2021-04-13 15:29:21,2021-04-13 15:29:21
61522,113630,4,1,2021-05-03 14:02:00,2021-05-03 15:02:54
61522,115009,1,1,2021-04-07 09:43:15,2021-04-07 09:43:15
61522,115739,1,0,2021-04-10 14:47:41,2021-04-10 14:47:41
61522,115763,1,0,2021-04-10 15:29:32,2021-04-10 15:29:32
61522,115767,3,0,2021-04-10 18:36:03,2021-04-11 17:40:06
61522,116385,1,1,2021-04-20 18:36:50,2021-04-20 18:36:50
61522,116429,2,1,2021-04-21 14:33:16,2021-04-21 17:51:05
61522,116511,5,1,2021-04-22 19:15:36,2021-04-22 20:14:54
61522,116574,1,1,2021-04-24 19:53:30,2021-04-24 19:53:30
61522,116594,1,0,2021-04-24 19:42:05,2021-04-24 19:42:05
61522,116965,2,1,2021-05-04 19:28:54,2021-05-05 04:16:49
61522,116991,1,1,2021-05-02 17:37:11,2021-05-02 17:37:11
61522,117077,2,1,2021-05-04 08:26:36,2021-05-04 17:56:04
61522,117086,2,1,2021-05-04 08:46:11,2021-05-04 09:42:04
61522,117126,1,1,2021-05-04 19:08:40,2021-05-04 19:08:40
61522,117272,1,1,2021-05-07 09:46:32,2021-05-07 09:46:32
61580,49807,2,0,2020-12-25 21:58:55,2020-12-26 11:26:18
61580,64553,1,0,2021-04-23 21:44:53,2021-04-23 21:44:53
61580,101580,1,0,2020-12-17 14:55:35,2020-12-17 14:55:35
61580,109051,3,1,2020-12-18 11:51:28,2020-12-20 14:07:10
61634,104153,2,0,2021-11-30 11:05:55,2021-11-30 12:36:16
61634,125969,1,0,2021-11-10 07:24:57,2021-11-10 07:24:57
61828,13165,2,0,2025-03-02 19:20:35,2025-03-03 06:31:00
61828,84263,1,0,2021-10-03 13:23:37,2021-10-03 13:23:37
61828,150919,2,1,2023-06-18 19:04:00,2023-06-21 08:34:09
61973,74649,1,0,2025-08-08 07:56:10,2025-08-08 07:56:10
62207,55122,1,0,2023-11-10 16:56:53,2023-11-10 16:56:53
62207,59085,2,0,2024-01-11 12:01:19,2024-01-12 20:47:25
62207,61884,2,1,2023-11-11 06:02:36,2023-11-14 12:54:50
62207,79602,1,1,2022-06-05 19:21:36,2022-06-05 19:21:36
62207,86339,1,1,2023-11-10 16:45:31,2023-11-10 16:45:31
62207,96332,1,0,2024-01-07 02:19:16,2024-01-07 02:19:16
62207,107053,1,0,2025-12-10 05:15:50,2025-12-10 05:15:50
62207,110196,1,1,2023-11-10 09:05:27,2023-11-10 09:05:27
62207,116106,1,0,2025-12-10 05:19:29,2025-12-10 05:19:29
62207,158679,2,1,2024-01-09 03:33:49,2024-01-10 01:10:31
62207,158727,2,1,2024-01-11 00:18:06,2024-01-11 01:35:36
62207,158818,4,1,2024-01-20 13:51:08,2024-01-21 14:46:25
62209,113016,1,0,2021-06-07 20:04:06,2021-06-07 20:04:06
62505,100269,2,0,2023-11-14 10:04:16,2023-11-28 13:12:20
62507,109375,1,1,2020-12-30 18:39:18,2020-12-30 18:39:18
62507,134650,1,1,2022-04-20 07:02:24,2022-04-20 07:02:24
62642,149773,1,0,2026-01-30 17:01:55,2026-01-30 17:01:55
62642,160000,1,0,2026-02-23 09:59:14,2026-02-23 09:59:14
62642,182011,1,0,2026-01-27 23:26:20,2026-01-27 23:26:20
62642,192555,1,0,2026-02-22 21:17:47,2026-02-22 21:17:47
62642,192619,4,1,2026-02-22 19:50:41,2026-02-23 17:19:59
62642,192664,1,0,2026-02-23 07:09:24,2026-02-23 07:09:24
62664,126241,1,1,2022-01-21 11:11:21,2022-01-21 11:11:21
62725,52511,4,1,2021-11-11 18:06:53,2021-11-11 22:04:11
62725,124797,1,1,2021-11-10 18:10:09,2021-11-10 18:10:09
62853,66508,1,1,2023-03-03 11:11:25,2023-03-03 11:11:25
63031,1330,1,0,2023-02-22 13:26:21,2023-02-22 13:26:21
63031,67163,2,1,2023-02-21 10:00:24,2023-02-21 16:39:58
63031,148469,1,0,2023-04-01 16:40:51,2023-04-01 16:40:51
63228,14675,3,0,2020-12-14 16:06:25,2020-12-14 16:17:08
63378,66957,1,1,2021-04-02 18:44:34,2021-04-02 18:44:34
63378,67931,2,1,2021-04-07 19:29:23,2021-04-07 19:42:16
63378,73505,1,0,2021-01-18 07:49:56,2021-01-18 07:49:56
63378,79861,1,1,2021-04-05 18:13:20,2021-04-05 18:13:20
63378,82498,1,0,2021-08-12 06:46:08,2021-08-12 06:46:08
63378,91857,3,1,2021-04-07 19:36:38,2021-04-07 19:53:53
63378,96815,2,0,2021-05-13 06:15:21,2021-05-16 12:13:31
63378,108560,1,0,2021-04-09 18:06:13,2021-04-09 18:06:13
63378,112139,3,3,2021-04-05 18:28:06,2021-04-12 19:50:36
63378,115075,1,0,2021-03-29 12:06:04,2021-03-29 12:06:04
63378,115195,1,0,2021-03-31 08:17:56,2021-03-31 08:17:56
63378,115244,1,1,2021-04-01 19:00:33,2021-04-01 19:00:33
63378,115245,1,1,2021-04-01 18:50:25,2021-04-01 18:50:25
63378,115447,1,0,2021-04-06 18:52:17,2021-04-06 18:52:17
63378,115477,2,0,2021-04-05 19:03:05,2021-04-06 17:37:18
63378,115538,2,1,2021-04-06 17:43:34,2021-04-06 18:49:25
63378,115588,1,0,2021-05-18 08:55:50,2021-05-18 08:55:50
63378,115601,1,1,2021-04-07 18:27:47,2021-04-07 18:27:47
63378,115622,1,1,2021-04-08 08:15:00,2021-04-08 08:15:00
63378,115689,1,1,2021-04-09 09:34:28,2021-04-09 09:34:28
63378,117062,1,0,2021-05-04 07:21:38,2021-05-04 07:21:38
63378,117180,1,0,2021-05-06 06:12:49,2021-05-06 06:12:49
63378,117198,1,0,2021-05-06 06:11:02,2021-05-06 06:11:02
63378,117889,1,1,2021-05-18 08:51:45,2021-05-18 08:51:45
63378,122867,1,0,2021-08-12 06:54:14,2021-08-12 06:54:14
63443,116983,2,0,2022-05-10 20:59:22,2022-05-11 21:28:48
63594,145636,1,1,2023-04-26 18:10:54,2023-04-26 18:10:54
63594,148962,1,0,2023-04-17 21:19:42,2023-04-17 21:19:42
63745,65781,1,0,2022-08-30 19:00:57,2022-08-30 19:00:57
63745,111416,1,0,2022-10-24 04:19:49,2022-10-24 04:19:49
63745,119921,1,0,2022-08-30 19:05:09,2022-08-30 19:05:09
63745,130528,1,0,2022-10-15 04:41:19,2022-10-15 04:41:19
63754,61261,1,0,2021-08-21 21:28:22,2021-08-21 21:28:22
63767,109295,1,1,2022-06-20 20:26:04,2022-06-20 20:26:04
63800,26643,1,1,2021-06-02 03:49:58,2021-06-02 03:49:58
63800,43209,2,1,2021-01-20 05:18:34,2021-01-21 05:49:09
63800,110582,1,1,2021-01-20 05:38:12,2021-01-20 05:38:12
63800,112139,1,0,2021-04-12 13:46:18,2021-04-12 13:46:18
63800,116467,2,1,2021-04-22 06:14:12,2021-04-23 02:04:54
63897,136304,1,0,2023-03-05 06:18:55,2023-03-05 06:18:55
63995,92532,2,1,2021-04-27 01:58:55,2021-04-27 16:03:42
63995,103309,4,1,2021-01-09 05:22:29,2021-01-17 21:22:55
63995,116635,1,1,2021-04-27 01:35:50,2021-04-27 01:35:50
63995,136481,1,0,2022-06-06 16:20:11,2022-06-06 16:20:11
63995,136499,2,0,2022-06-03 15:08:37,2022-06-06 16:11:43
64200,4715,1,1,2024-02-02 14:37:35,2024-02-02 14:37:35
64200,9867,2,1,2024-02-08 02:22:45,2024-02-08 03:48:54
64200,33937,1,1,2024-01-29 21:07:18,2024-01-29 21:07:18
64200,45441,1,1,2024-05-08 16:31:21,2024-05-08 16:31:21
64200,50881,1,0,2023-11-07 01:58:30,2023-11-07 01:58:30
64200,85486,1,1,2023-11-29 17:42:09,2023-11-29 17:42:09
64200,94461,1,1,2024-01-25 21:21:56,2024-01-25 21:21:56
64200,100861,1,1,2024-03-25 19:13:16,2024-03-25 19:13:16
64200,103501,1,1,2023-12-01 16:56:42,2023-12-01 16:56:42
64200,105519,1,1,2024-04-14 04:46:35,2024-04-14 04:46:35
64200,105709,2,0,2022-12-24 21:13:06,2022-12-27 21:07:51
64200,108053,1,0,2024-06-05 05:56:40,2024-06-05 05:56:40
64200,118634,2,1,2023-12-05 04:14:17,2023-12-05 16:46:30
64200,119518,3,1,2024-03-25 18:41:43,2024-03-26 19:41:15
64200,126241,1,1,2024-02-19 23:38:15,2024-02-19 23:38:15
64200,127416,2,1,2024-04-05 00:50:50,2024-04-05 19:56:31
64200,131906,1,1,2024-05-08 16:42:58,2024-05-08 16:42:58
64200,132751,1,1,2023-12-07 20:50:47,2023-12-07 20:50:47
64200,132995,1,1,2023-12-04 03:58:32,2023-12-04 03:58:32
64200,133072,1,1,2022-12-24 22:13:31,2022-12-24 22:13:31
64200,134909,1,0,2024-04-16 20:48:29,2024-04-16 20:48:29
64200,140875,3,1,2024-04-22 18:41:26,2024-04-25 23:17:17
64200,144213,1,0,2022-12-24 21:45:08,2022-12-24 21:45:08
64200,144239,1,1,2022-12-24 20:05:39,2022-12-24 20:05:39
64200,146204,2,1,2024-04-15 14:33:24,2024-04-15 15:27:21
64200,149598,1,1,2024-01-30 20:09:31,2024-01-30 20:09:31
64200,150235,1,1,2024-04-15 14:12:19,2024-04-15 14:12:19
64200,151856,1,0,2024-05-02 17:18:50,2024-05-02 17:18:50
64200,155131,1,0,2024-02-06 03:20:40,2024-02-06 03:20:40
64200,155506,3,1,2024-03-21 17:43:27,2024-03-24 20:14:06
64200,156009,1,0,2023-11-08 05:26:07,2023-11-08 05:26:07
64200,156644,2,1,2023-11-28 21:38:18,2023-11-29 04:37:52
64200,156657,1,1,2023-11-28 21:52:18,2023-11-28 21:52:18
64200,156673,1,0,2023-12-01 22:14:18,2023-12-01 22:14:18
64200,156682,1,1,2023-11-29 18:24:06,2023-11-29 18:24:06
64200,156709,1,1,2023-11-30 18:20:53,2023-11-30 18:20:53
64200,156731,1,1,2023-12-01 17:43:43,2023-12-01 17:43:43
64200,156810,1,1,2023-12-04 05:48:26,2023-12-04 05:48:26
64200,156829,1,1,2023-12-05 02:26:13,2023-12-05 02:26:13
64200,156961,4,0,2023-12-10 05:42:08,2023-12-10 23:30:06
64200,157029,1,1,2023-12-11 18:14:24,2023-12-11 18:14:24
64200,158119,1,1,2023-12-14 21:53:29,2023-12-14 21:53:29
64200,158125,1,1,2023-12-14 23:45:47,2023-12-14 23:45:47
64200,158200,1,1,2023-12-19 04:04:05,2023-12-19 04:04:05
64200,158766,1,1,2024-01-12 01:46:32,2024-01-12 01:46:32
64200,158818,2,0,2024-01-14 18:38:07,2024-01-15 13:24:10
64200,158825,1,1,2024-01-14 18:05:02,2024-01-14 18:05:02
64200,158841,1,1,2024-01-15 06:09:04,2024-01-15 06:09:04
64200,158848,3,0,2024-02-01 20:43:30,2024-02-02 02:50:27
64200,158859,1,1,2024-01-15 16:20:22,2024-01-15 16:20:22
64200,159233,1,1,2024-01-25 21:31:28,2024-01-25 21:31:28
64200,159322,1,1,2024-01-28 18:14:55,2024-01-28 18:14:55
64200,159327,2,1,2024-01-28 22:12:01,2024-01-28 22:36:01
64200,159347,1,1,2024-01-29 05:50:07,2024-01-29 05:50:07
64200,159399,1,1,2024-01-30 18:20:22,2024-01-30 18:20:22
64200,159405,4,1,2024-01-30 20:26:42,2024-02-01 15:44:57
64200,159479,1,1,2024-02-02 03:12:48,2024-02-02 03:12:48
64200,159482,1,1,2024-02-02 03:30:43,2024-02-02 03:30:43
64200,159508,1,0,2024-04-16 20:15:50,2024-04-16 20:15:50
64200,159547,1,1,2024-02-06 03:10:44,2024-02-06 03:10:44
64200,159651,2,0,2024-02-08 19:56:13,2024-02-08 20:28:28
64200,159658,2,0,2024-02-09 00:43:57,2024-02-09 01:18:02
64200,161725,1,1,2024-03-23 06:31:20,2024-03-23 06:31:20
64200,161750,3,1,2024-03-24 17:07:40,2024-03-24 17:26:50
64200,161772,1,0,2024-03-25 18:12:37,2024-03-25 18:12:37
64200,161776,2,1,2024-04-22 18:28:35,2024-04-25 23:03:23
64200,161777,1,1,2024-03-25 18:24:14,2024-03-25 18:24:14
64200,162022,1,0,2024-04-05 00:33:59,2024-04-05 00:33:59
64200,162076,1,0,2024-04-07 04:22:48,2024-04-07 04:22:48
64200,162085,1,1,2024-04-07 15:15:38,2024-04-07 15:15:38
64200,162244,1,0,2024-04-14 19:57:39,2024-04-14 19:57:39
64200,162298,1,1,2024-04-16 14:13:40,2024-04-16 14:13:40
64200,162327,1,1,2024-04-17 19:36:13,2024-04-17 19:36:13
64200,162428,1,1,2024-04-22 18:47:12,2024-04-22 18:47:12
64200,162437,1,1,2024-04-22 17:54:11,2024-04-22 17:54:11
64200,162548,1,1,2024-09-14 02:15:00,2024-09-14 02:15:00
64200,162758,2,1,2024-05-07 03:16:12,2024-05-07 17:06:43
64200,162800,4,1,2024-05-08 17:04:57,2024-05-09 16:46:42
64200,163548,1,1,2024-06-07 22:44:55,2024-06-07 22:44:55
64200,163552,1,1,2024-06-07 22:40:12,2024-06-07 22:40:12
64200,165832,1,1,2024-08-04 17:01:50,2024-08-04 17:01:50
64200,166461,2,1,2024-07-30 13:52:30,2024-07-30 17:14:27
64200,170087,1,1,2024-10-04 18:16:45,2024-10-04 18:16:45
64200,170257,2,1,2024-10-03 20:02:48,2024-10-04 16:43:51
64332,42439,1,0,2023-01-18 04:03:48,2023-01-18 04:03:48
64332,148239,1,1,2023-03-24 03:06:45,2023-03-24 03:06:45
64377,582,1,1,2021-02-27 18:54:22,2021-02-27 18:54:22
64377,1151,2,0,2022-07-08 15:37:24,2022-07-11 08:49:30
64377,1330,1,0,2022-12-12 17:13:27,2022-12-12 17:13:27
64377,2454,2,1,2021-05-01 14:11:42,2021-05-01 23:18:05
64377,2853,2,0,2021-04-16 22:05:45,2021-04-17 16:22:29
64377,3314,1,0,2021-05-28 14:33:16,2021-05-28 14:33:16
64377,3615,4,0,2022-05-18 09:28:40,2022-05-18 16:51:22
64377,7812,1,1,2022-03-17 03:02:31,2022-03-17 03:02:31
64377,7842,1,1,2020-12-09 17:20:19,2020-12-09 17:20:19
64377,8240,1,0,2021-04-05 23:17:34,2021-04-05 23:17:34
64377,8493,1,1,2022-03-13 19:53:34,2022-03-13 19:53:34
64377,9191,8,1,2021-01-13 17:35:05,2023-02-22 11:09:17
64377,10609,1,1,2021-03-06 00:24:30,2021-03-06 00:24:30
64377,10777,1,0,2022-07-21 10:27:22,2022-07-21 10:27:22
64377,10882,3,0,2021-10-17 11:25:14,2021-10-17 15:29:53
64377,11061,1,0,2021-01-06 01:38:33,2021-01-06 01:38:33
64377,12322,2,1,2021-02-13 23:34:39,2021-02-14 18:33:25
64377,12496,2,1,2021-04-14 08:28:08,2021-04-14 09:00:09
64377,13165,1,0,2023-04-06 22:14:12,2023-04-06 22:14:12
64377,13417,7,1,2021-01-17 22:09:16,2021-01-21 18:48:29
64377,13618,1,1,2023-03-03 18:14:48,2023-03-03 18:14:48
64377,15325,1,0,2021-04-29 11:44:41,2021-04-29 11:44:41
64377,16251,1,0,2022-02-18 16:51:10,2022-02-18 16:51:10
64377,16338,1,1,2023-02-16 11:25:55,2023-02-16 11:25:55
64377,17484,1,0,2021-08-06 10:59:39,2021-08-06 10:59:39
64377,17571,2,1,2020-12-17 17:38:23,2020-12-20 20:52:52
64377,17662,2,0,2021-03-22 11:22:19,2021-03-24 11:42:45
64377,17815,2,1,2022-01-05 21:31:38,2022-01-06 19:36:03
64377,17916,1,0,2020-12-25 00:26:03,2020-12-25 00:26:03
64377,18040,3,1,2020-12-20 23:58:10,2020-12-29 00:51:25
64377,18481,1,0,2021-03-31 08:41:55,2021-03-31 08:41:55
64377,19212,1,1,2021-03-23 11:41:19,2021-03-23 11:41:19
64377,21471,1,1,2020-12-16 18:07:09,2020-12-16 18:07:09
64377,21560,3,0,2022-07-04 11:46:54,2022-07-04 15:55:10
64377,21767,1,0,2022-04-23 11:50:49,2022-04-23 11:50:49
64377,23710,2,1,2020-12-07 23:05:46,2020-12-08 12:15:56
64377,25107,1,0,2022-09-25 21:25:13,2022-09-25 21:25:13
64377,25640,1,1,2021-09-18 15:47:15,2021-09-18 15:47:15
64377,25837,2,0,2021-01-08 23:16:44,2021-01-09 08:01:47
64377,26019,2,1,2022-10-11 22:10:18,2022-10-13 19:54:08
64377,26058,1,1,2022-09-21 12:00:51,2022-09-21 12:00:51
64377,27129,2,1,2023-03-15 18:50:47,2023-03-17 11:25:45
64377,27442,12,1,2021-01-19 22:33:58,2021-01-22 14:57:56
64377,29353,1,1,2021-11-22 23:43:09,2021-11-22 23:43:09
64377,30238,1,1,2021-01-26 20:53:26,2021-01-26 20:53:26
64377,30838,1,0,2022-10-24 15:02:02,2022-10-24 15:02:02
64377,31434,1,1,2022-05-29 16:53:19,2022-05-29 16:53:19
64377,32192,1,0,2021-04-25 00:14:16,2021-04-25 00:14:16
64377,32243,5,4,2021-04-21 13:58:06,2023-04-24 15:02:49
64377,32337,3,0,2022-08-03 12:58:38,2022-08-04 10:50:50
64377,32485,2,0,2022-03-27 14:27:32,2022-03-28 15:01:50
64377,33057,1,1,2021-03-03 11:27:12,2021-03-03 11:27:12
64377,33058,1,1,2022-05-18 15:12:19,2022-05-18 15:12:19
64377,33279,1,1,2021-12-12 13:00:57,2021-12-12 13:00:57
64377,35479,1,1,2021-08-07 15:47:43,2021-08-07 15:47:43
64377,37045,1,0,2022-03-17 02:47:40,2022-03-17 02:47:40
64377,37153,3,1,2021-02-07 22:45:18,2021-02-10 11:07:39
64377,37363,1,1,2021-01-06 03:09:00,2021-01-06 03:09:00
64377,37510,5,2,2021-10-09 10:31:44,2021-10-16 10:18:36
64377,38256,2,1,2023-01-08 19:58:41,2023-01-08 23:06:30
64377,38477,1,1,2021-04-16 23:03:30,2021-04-16 23:03:30
64377,39105,3,1,2021-11-08 21:07:16,2021-11-09 17:15:05
64377,39982,11,1,2021-01-10 01:20:36,2021-09-29 21:43:12
64377,40240,1,1,2021-01-08 22:09:47,2021-01-08 22:09:47
64377,40327,2,0,2022-02-02 17:44:52,2022-02-04 14:10:32
64377,41219,1,0,2021-06-03 20:08:13,2021-06-03 20:08:13
64377,41297,5,1,2020-12-17 15:17:08,2020-12-17 23:19:09
64377,41692,2,1,2020-12-10 17:46:42,2020-12-11 11:35:49
64377,41922,1,1,2021-02-15 20:53:53,2021-02-15 20:53:53
64377,42439,2,2,2021-12-14 18:07:38,2023-01-17 16:20:02
64377,43000,2,0,2022-01-15 21:17:52,2022-01-19 19:35:23
64377,43660,1,1,2022-04-07 13:15:56,2022-04-07 13:15:56
64377,43870,2,1,2021-08-10 17:12:52,2021-08-10 23:09:14
64377,44477,3,0,2021-03-10 00:45:10,2021-03-11 10:27:28
64377,44581,1,0,2021-09-10 00:57:01,2021-09-10 00:57:01
64377,45852,1,1,2021-10-26 20:38:17,2021-10-26 20:38:17
64377,47208,2,1,2021-03-09 10:14:43,2021-03-10 14:26:32
64377,47279,1,0,2022-03-12 16:14:07,2022-03-12 16:14:07
64377,47473,3,2,2021-05-14 22:13:33,2021-09-17 12:42:52
64377,49229,1,0,2022-01-27 15:02:06,2022-01-27 15:02:06
64377,49456,2,1,2021-10-29 21:38:07,2021-10-30 10:44:53
64377,49589,1,1,2021-11-25 23:18:07,2021-11-25 23:18:07
64377,50519,1,0,2022-11-14 15:16:15,2022-11-14 15:16:15
64377,50727,1,1,2021-05-04 14:43:06,2021-05-04 14:43:06
64377,50874,1,1,2020-12-20 11:18:00,2020-12-20 11:18:00
64377,51431,1,1,2021-07-16 02:30:46,2021-07-16 02:30:46
64377,51624,2,1,2021-01-27 10:16:27,2021-10-30 23:38:34
64377,51670,2,1,2021-01-14 10:42:59,2021-08-12 17:33:04
64377,51687,11,3,2021-07-11 19:26:39,2022-10-25 15:17:32
64377,51836,1,1,2021-03-05 11:17:48,2021-03-05 11:17:48
64377,52111,1,1,2021-11-21 17:24:28,2021-11-21 17:24:28
64377,52467,1,1,2022-03-01 16:38:33,2022-03-01 16:38:33
64377,52617,2,0,2022-08-21 22:58:38,2022-09-09 17:49:39
64377,52994,3,0,2021-05-29 20:55:03,2021-05-29 21:59:53
64377,54311,2,0,2021-12-09 23:56:17,2021-12-09 23:57:25
64377,54584,1,1,2022-11-03 15:55:14,2022-11-03 15:55:14
64377,54661,5,0,2021-06-24 01:03:55,2021-06-24 20:08:21
64377,54890,2,1,2021-04-22 22:05:55,2021-04-22 23:04:39
64377,55122,2,0,2021-05-02 23:30:11,2023-02-16 11:07:05
64377,57186,2,2,2022-01-28 16:56:30,2022-01-31 11:23:14
64377,57328,2,1,2021-07-19 15:56:32,2021-07-19 20:17:15
64377,57434,1,1,2021-12-18 00:11:55,2021-12-18 00:11:55
64377,57835,2,0,2021-05-28 08:52:35,2022-03-12 18:07:13
64377,58140,1,1,2021-03-29 23:04:33,2021-03-29 23:04:33
64377,58433,1,0,2022-10-13 11:03:39,2022-10-13 11:03:39
64377,58438,1,1,2021-10-18 17:18:15,2021-10-18 17:18:15
64377,58524,1,1,2021-05-31 22:30:19,2021-05-31 22:30:19
64377,58607,1,0,2021-01-25 21:25:56,2021-01-25 21:25:56
64377,59369,2,0,2022-09-23 09:23:33,2022-09-23 10:58:09
64377,60175,1,1,2022-09-09 10:22:58,2022-09-09 10:22:58
64377,60274,2,1,2021-11-13 14:24:31,2021-11-13 15:32:32
64377,60620,1,0,2021-11-12 11:45:53,2021-11-12 11:45:53
64377,60636,1,1,2021-06-02 10:38:40,2021-06-02 10:38:40
64377,60710,1,0,2020-12-21 16:03:44,2020-12-21 16:03:44
64377,61445,2,1,2021-06-07 00:23:05,2022-10-12 15:07:43
64377,62207,1,1,2023-02-17 10:39:31,2023-02-17 10:39:31
64377,62837,2,0,2021-04-11 10:56:05,2021-04-12 22:34:53
64377,63129,1,0,2022-01-14 15:57:17,2022-01-14 15:57:17
64377,63372,1,1,2021-07-23 23:02:07,2021-07-23 23:02:07
64377,63745,4,3,2022-07-27 08:56:28,2022-10-09 20:21:21
64377,64039,3,1,2021-01-16 10:43:47,2021-01-17 22:22:19
64377,64199,1,0,2022-01-05 21:12:03,2022-01-05 21:12:03
64377,64221,1,1,2021-05-04 23:02:03,2021-05-04 23:02:03
64377,64706,1,0,2022-04-21 17:23:22,2022-04-21 17:23:22
64377,64876,31,9,2021-01-08 12:17:46,2023-01-04 23:35:02
64377,64972,1,1,2023-02-17 14:13:57,2023-02-17 14:13:57
64377,65053,2,1,2023-03-22 11:15:03,2023-03-27 11:19:12
64377,65063,2,0,2021-02-28 16:48:18,2021-03-01 00:35:53
64377,65556,2,1,2021-01-13 20:59:07,2021-01-14 10:20:14
64377,66352,3,0,2021-06-23 18:57:21,2021-06-24 13:44:42
64377,66386,1,0,2021-03-10 00:37:14,2021-03-10 00:37:14
64377,66855,2,1,2021-07-06 15:46:48,2021-07-06 22:23:31
64377,67502,1,1,2022-06-13 15:59:40,2022-06-13 15:59:40
64377,67794,2,0,2022-08-19 16:26:05,2022-08-19 17:38:00
64377,67931,5,1,2021-09-17 14:33:49,2021-11-16 18:25:52
64377,67961,1,1,2022-11-29 17:59:45,2022-11-29 17:59:45
64377,67971,3,1,2021-06-15 10:27:55,2021-06-15 13:20:14
64377,68025,1,1,2021-02-25 11:11:49,2021-02-25 11:11:49
64377,68274,1,1,2022-05-16 22:48:43,2022-05-16 22:48:43
64377,68363,1,0,2022-05-24 19:56:16,2022-05-24 19:56:16
64377,68908,2,1,2021-08-29 21:09:27,2021-08-30 14:13:21
64377,69621,1,1,2022-05-24 17:10:36,2022-05-24 17:10:36
64377,69758,2,2,2021-01-15 23:58:04,2023-01-10 17:06:34
64377,70342,1,0,2021-03-22 00:21:28,2021-03-22 00:21:28
64377,70393,2,1,2020-12-11 17:13:03,2020-12-11 20:39:42
64377,70546,2,2,2021-01-10 11:30:27,2021-03-15 09:55:05
64377,70756,5,0,2022-06-01 08:53:07,2022-06-01 18:00:43
64377,70792,5,3,2020-12-12 00:21:21,2022-01-28 17:40:00
64377,70832,2,1,2022-03-14 16:20:24,2022-03-20 15:58:18
64377,71218,2,1,2023-02-27 23:30:45,2023-02-28 16:35:41
64377,71246,2,1,2020-12-09 20:08:00,2022-05-17 10:10:12
64377,71442,1,0,2021-02-07 22:35:53,2021-02-07 22:35:53
64377,71544,1,1,2021-03-02 15:04:33,2021-03-02 15:04:33
64377,71781,1,0,2023-02-21 10:40:55,2023-02-21 10:40:55
64377,71952,2,1,2021-01-23 12:26:22,2021-01-23 21:02:45
64377,73438,1,0,2022-05-03 17:43:25,2022-05-03 17:43:25
64377,73448,1,0,2022-03-28 17:51:06,2022-03-28 17:51:06
64377,73671,1,1,2022-09-07 15:45:14,2022-09-07 15:45:14
64377,73890,1,1,2020-12-08 21:41:57,2020-12-08 21:41:57
64377,73930,2,0,2021-09-08 22:43:45,2021-09-10 09:53:09
64377,75516,1,1,2021-01-27 14:58:27,2021-01-27 14:58:27
64377,76264,2,0,2021-11-29 23:15:08,2021-11-30 11:44:30
64377,76801,2,2,2021-07-23 23:36:07,2022-09-20 17:29:54
64377,77125,2,2,2021-04-02 00:03:16,2021-08-04 09:41:57
64377,77373,1,0,2022-06-06 12:28:57,2022-06-06 12:28:57
64377,77914,3,1,2022-01-08 18:40:50,2022-01-09 11:49:53
64377,78121,1,0,2021-06-06 13:06:41,2021-06-06 13:06:41
64377,78186,2,0,2021-06-13 23:14:47,2021-06-14 10:24:40
64377,78365,1,1,2021-08-10 09:26:44,2021-08-10 09:26:44
64377,78498,2,1,2022-02-22 20:49:31,2022-02-24 10:47:12
64377,78801,1,0,2022-03-02 17:16:07,2022-03-02 17:16:07
64377,78933,3,1,2020-12-09 20:48:33,2020-12-09 22:16:53
64377,79011,1,1,2021-12-27 21:36:48,2021-12-27 21:36:48
64377,79180,1,1,2021-08-31 21:30:59,2021-08-31 21:30:59
64377,79520,4,1,2022-09-26 10:44:12,2022-10-14 15:27:49
64377,80044,1,1,2020-12-07 00:06:38,2020-12-07 00:06:38
64377,80085,1,1,2021-05-23 23:41:47,2021-05-23 23:41:47
64377,80221,2,0,2021-01-06 01:30:24,2021-01-06 01:30:38
64377,80860,4,2,2020-12-26 18:39:06,2020-12-30 22:45:45
64377,83133,3,1,2021-01-20 18:14:13,2021-01-20 21:20:06
64377,83275,1,1,2022-01-07 21:19:12,2022-01-07 21:19:12
64377,83446,3,1,2021-01-13 00:38:20,2021-01-13 09:21:38
64377,83448,1,1,2021-02-27 18:21:04,2021-02-27 18:21:04
64377,83540,1,1,2021-06-28 13:25:55,2021-06-28 13:25:55
64377,83994,2,0,2020-12-08 16:53:21,2020-12-08 18:13:37
64377,84067,1,0,2021-06-14 17:56:35,2021-06-14 17:56:35
64377,84696,1,1,2021-02-16 23:26:22,2021-02-16 23:26:22
64377,84891,1,0,2021-07-15 10:13:21,2021-07-15 10:13:21
64377,85064,1,1,2021-09-03 15:13:24,2021-09-03 15:13:24
64377,85183,2,1,2021-01-13 00:07:46,2021-01-13 10:07:22
64377,85189,1,0,2021-04-14 21:29:27,2021-04-14 21:29:27
64377,85239,1,1,2021-05-12 13:31:15,2021-05-12 13:31:15
64377,85391,1,1,2020-12-23 23:20:11,2020-12-23 23:20:11
64377,85521,1,1,2021-01-03 00:24:14,2021-01-03 00:24:14
64377,85604,2,0,2022-09-23 10:50:03,2022-09-23 14:03:37
64377,85675,1,0,2021-03-30 23:03:02,2021-03-30 23:03:02
64377,85759,1,1,2022-03-21 15:08:00,2022-03-21 15:08:00
64377,85848,2,0,2021-04-28 14:10:15,2021-05-01 10:00:27
64377,85995,2,1,2022-07-02 09:03:03,2022-07-02 10:02:37
64377,85998,1,0,2021-03-08 00:01:45,2021-03-08 00:01:45
64377,86290,5,1,2020-12-06 23:35:24,2021-01-25 21:38:04
64377,86325,1,1,2022-06-17 14:11:32,2022-06-17 14:11:32
64377,86339,1,0,2020-12-25 11:32:35,2020-12-25 11:32:35
64377,86502,1,0,2021-04-14 14:00:28,2021-04-14 14:00:28
64377,86800,2,0,2021-11-15 23:35:58,2021-11-16 16:05:33
64377,86828,3,0,2020-12-14 11:57:09,2020-12-14 15:05:42
64377,87032,1,0,2022-02-16 19:22:36,2022-02-16 19:22:36
64377,87037,2,1,2022-08-29 19:55:23,2022-09-27 21:59:37
64377,87215,1,1,2022-06-06 16:14:29,2022-06-06 16:14:29
64377,87284,1,0,2020-12-19 00:27:17,2020-12-19 00:27:17
64377,87391,1,1,2021-09-25 16:39:12,2021-09-25 16:39:12
64377,87552,1,0,2021-12-13 13:53:37,2021-12-13 13:53:37
64377,87719,1,0,2021-11-09 23:16:10,2021-11-09 23:16:10
64377,87876,1,0,2022-11-15 17:10:40,2022-11-15 17:10:40
64377,87901,1,1,2021-04-03 23:31:25,2021-04-03 23:31:25
64377,88020,3,1,2021-08-15 17:04:42,2021-08-15 20:29:45
64377,88390,4,2,2021-09-15 16:25:16,2022-03-07 17:34:55
64377,88709,1,1,2020-12-11 22:37:17,2020-12-11 22:37:17
64377,89997,2,1,2021-12-04 16:17:17,2022-01-19 19:46:49
64377,90576,1,0,2022-05-24 16:41:04,2022-05-24 16:41:04
64377,91222,2,1,2020-12-27 12:19:07,2020-12-29 00:41:00
64377,91480,2,0,2021-01-13 23:13:32,2021-01-14 10:00:05
64377,91758,1,1,2020-12-22 15:58:20,2020-12-22 15:58:20
64377,91801,1,1,2021-02-16 18:30:44,2021-02-16 18:30:44
64377,91857,1,1,2021-06-19 22:10:04,2021-06-19 22:10:04
64377,92003,2,1,2021-05-05 22:09:24,2021-05-06 10:18:09
64377,92086,2,1,2022-03-11 19:46:25,2022-03-12 11:55:15
64377,92135,1,1,2021-06-23 10:11:33,2021-06-23 10:11:33
64377,92396,1,1,2021-07-14 10:53:47,2021-07-14 10:53:47
64377,93617,2,1,2022-02-05 15:00:56,2022-02-06 18:37:00
64377,93830,2,1,2021-01-11 22:36:03,2021-01-12 09:47:34
64377,93958,2,1,2021-07-02 16:31:42,2021-07-02 22:47:43
64377,94264,1,1,2021-07-20 12:18:44,2021-07-20 12:18:44
64377,94366,1,1,2020-12-13 23:32:21,2020-12-13 23:32:21
64377,94689,1,1,2021-10-18 11:49:33,2021-10-18 11:49:33
64377,94898,1,0,2023-03-20 16:17:26,2023-03-20 16:17:26
64377,94949,1,1,2020-12-09 23:20:14,2020-12-09 23:20:14
64377,95046,7,0,2022-09-14 15:17:47,2022-09-17 10:10:36
64377,95144,1,0,2020-12-10 12:44:16,2020-12-10 12:44:16
64377,95494,1,1,2020-12-09 20:31:05,2020-12-09 20:31:05
64377,95548,1,1,2021-09-23 14:09:06,2021-09-23 14:09:06
64377,95575,1,0,2021-08-22 09:14:33,2021-08-22 09:14:33
64377,95905,1,1,2021-01-14 22:20:40,2021-01-14 22:20:40
64377,96208,2,1,2021-02-19 21:17:19,2021-03-03 23:25:41
64377,96612,9,4,2021-02-07 23:54:26,2021-02-24 12:44:33
64377,96653,8,1,2022-04-08 15:44:33,2022-04-09 10:32:52
64377,96672,1,0,2021-01-31 21:19:22,2021-01-31 21:19:22
64377,96922,4,1,2020-12-06 13:06:18,2020-12-07 01:50:27
64377,97182,2,1,2021-11-14 23:36:47,2021-11-15 12:00:09
64377,97629,1,1,2021-08-16 10:09:40,2021-08-16 10:09:40
64377,97832,2,1,2021-05-20 00:49:56,2021-05-20 09:31:28
64377,98201,2,1,2022-07-13 14:02:27,2022-07-21 10:24:38
64377,98472,1,0,2022-03-27 16:41:14,2022-03-27 16:41:14
64377,98535,4,2,2020-12-22 12:12:38,2021-11-09 11:51:54
64377,98775,1,0,2021-03-30 22:53:34,2021-03-30 22:53:34
64377,98970,1,1,2021-12-07 18:34:37,2021-12-07 18:34:37
64377,99207,2,0,2022-01-06 23:43:55,2022-01-07 11:25:16
64377,99260,1,0,2022-10-20 16:10:36,2022-10-20 16:10:36
64377,99648,6,1,2021-01-23 13:05:13,2021-01-27 23:18:27
64377,99683,1,1,2022-01-19 22:45:46,2022-01-19 22:45:46
64377,99761,3,1,2021-03-20 21:45:09,2021-03-22 00:12:47
64377,99885,4,2,2021-03-27 12:29:58,2021-04-14 09:14:25
64377,100066,2,1,2020-12-15 21:17:42,2020-12-16 12:03:49
64377,100269,1,0,2021-02-27 22:30:54,2021-02-27 22:30:54
64377,100318,1,1,2021-01-04 00:58:18,2021-01-04 00:58:18
64377,100431,5,1,2021-01-27 15:20:21,2021-03-28 20:33:14
64377,100861,2,1,2021-01-20 12:19:58,2021-01-20 15:12:54
64377,100883,1,0,2022-06-07 19:59:23,2022-06-07 19:59:23
64377,100967,1,0,2021-06-17 20:20:49,2021-06-17 20:20:49
64377,100986,1,1,2020-12-16 23:54:19,2020-12-16 23:54:19
64377,101005,1,1,2021-11-28 19:14:41,2021-11-28 19:14:41
64377,101077,1,1,2022-03-17 02:30:49,2022-03-17 02:30:49
64377,101228,3,1,2021-07-29 09:19:50,2021-07-30 09:48:17
64377,101346,3,0,2021-02-18 09:53:28,2021-02-18 18:28:49
64377,101407,2,1,2021-07-31 09:43:11,2022-12-07 14:22:12
64377,102637,1,0,2021-01-05 16:50:21,2021-01-05 16:50:21
64377,102713,4,0,2022-05-19 14:24:30,2022-06-07 11:38:39
64377,102722,1,0,2021-09-17 22:47:36,2021-09-17 22:47:36
64377,102816,1,1,2022-02-15 22:44:30,2022-02-15 22:44:30
64377,103309,2,1,2021-03-12 10:30:31,2021-03-15 14:47:02
64377,103314,1,1,2020-12-29 21:05:06,2020-12-29 21:05:06
64377,103468,1,0,2020-12-27 23:06:37,2020-12-27 23:06:37
64377,103529,2,1,2022-11-08 11:27:21,2022-11-08 18:59:27
64377,103828,5,0,2021-10-29 15:56:18,2021-11-03 11:30:23
64377,103879,1,1,2022-02-09 09:52:38,2022-02-09 09:52:38
64377,104153,3,1,2021-11-27 12:20:20,2021-11-30 15:49:32
64377,104473,2,1,2020-12-28 00:10:17,2020-12-29 17:33:48
64377,104670,1,1,2021-02-08 18:59:24,2021-02-08 18:59:24
64377,104675,1,1,2021-08-04 22:35:50,2021-08-04 22:35:50
64377,104872,5,1,2021-11-24 18:49:50,2022-04-06 10:56:50
64377,105074,2,1,2020-12-15 16:13:12,2020-12-16 11:21:25
64377,105173,3,0,2021-06-08 22:22:25,2021-06-14 18:12:53
64377,105184,1,1,2021-07-23 23:09:30,2021-07-23 23:09:30
64377,105387,1,1,2022-03-24 19:55:35,2022-03-24 19:55:35
64377,105458,2,0,2022-05-14 15:14:37,2022-05-14 15:57:24
64377,105502,1,1,2021-02-19 10:45:20,2021-02-19 10:45:20
64377,105508,1,0,2022-07-27 10:33:26,2022-07-27 10:33:26
64377,105709,1,0,2022-08-13 14:55:19,2022-08-13 14:55:19
64377,106183,2,1,2021-07-02 18:25:30,2021-07-04 12:50:14
64377,106282,1,0,2021-01-13 10:16:46,2021-01-13 10:16:46
64377,106376,2,1,2020-12-11 00:19:02,2020-12-11 11:20:01
64377,106461,2,2,2021-01-19 18:35:01,2021-04-09 00:08:44
64377,106582,1,1,2022-03-24 19:31:51,2022-03-24 19:31:51
64377,106719,1,0,2021-10-27 17:23:59,2021-10-27 17:23:59
64377,106905,1,1,2020-12-16 13:14:26,2020-12-16 13:14:26
64377,106912,1,1,2020-12-19 11:28:36,2020-12-19 11:28:36
64377,107002,8,1,2021-03-12 22:48:51,2021-11-04 11:53:31
64377,107136,2,1,2021-02-06 22:43:58,2022-05-12 18:10:23
64377,107208,1,1,2021-01-05 15:50:55,2021-01-05 15:50:55
64377,107231,1,1,2021-09-11 10:40:35,2021-09-11 10:40:35
64377,107456,1,0,2020-12-29 15:53:40,2020-12-29 15:53:40
64377,107514,1,1,2021-01-08 14:53:07,2021-01-08 14:53:07
64377,107586,2,1,2021-01-20 00:03:03,2021-01-20 15:03:18
64377,107613,1,1,2021-06-14 20:02:21,2021-06-14 20:02:21
64377,107737,3,1,2020-12-10 13:00:52,2020-12-10 17:08:04
64377,107963,1,1,2022-11-12 10:55:16,2022-11-12 10:55:16
64377,108053,1,0,2022-06-28 10:49:51,2022-06-28 10:49:51
64377,108060,4,1,2021-03-28 23:55:30,2021-03-29 10:58:45
64377,108185,3,1,2021-07-19 21:29:55,2021-09-24 10:09:40
64377,108197,2,1,2021-04-12 23:15:20,2021-04-15 11:19:34
64377,108233,5,1,2021-01-04 16:52:33,2021-01-06 12:08:50
64377,108477,3,2,2020-12-07 22:50:52,2021-05-18 22:03:20
64377,108624,3,1,2021-01-14 10:25:12,2021-01-15 23:07:13
64377,108628,1,0,2021-01-08 11:44:42,2021-01-08 11:44:42
64377,108742,1,1,2020-12-12 17:37:39,2020-12-12 17:37:39
64377,108746,1,1,2020-12-15 01:01:08,2020-12-15 01:01:08
64377,108755,1,1,2020-12-12 23:56:48,2020-12-12 23:56:48
64377,108776,1,0,2020-12-17 02:15:03,2020-12-17 02:15:03
64377,108808,1,1,2020-12-14 16:33:35,2020-12-14 16:33:35
64377,108906,1,1,2020-12-16 19:00:23,2020-12-16 19:00:23
64377,108962,1,1,2020-12-17 01:08:22,2020-12-17 01:08:22
64377,108978,1,0,2020-12-21 20:25:30,2020-12-21 20:25:30
64377,109002,1,1,2020-12-17 23:30:37,2020-12-17 23:30:37
64377,109113,14,2,2021-07-09 22:23:24,2022-10-07 18:13:26
64377,109167,1,1,2020-12-23 11:32:05,2020-12-23 11:32:05
64377,109180,6,0,2020-12-21 09:50:40,2020-12-25 23:40:57
64377,109190,3,2,2020-12-21 09:45:34,2022-08-05 07:52:53
64377,109194,1,1,2020-12-21 09:17:03,2020-12-21 09:17:03
64377,109242,2,1,2020-12-22 15:32:29,2020-12-22 17:16:07
64377,109261,1,0,2021-06-27 21:17:27,2021-06-27 21:17:27
64377,109295,3,1,2021-06-21 22:43:19,2021-11-28 12:22:43
64377,109304,3,1,2020-12-23 15:01:40,2020-12-24 17:49:00
64377,109375,2,1,2020-12-25 00:16:16,2020-12-26 10:40:15
64377,109454,2,1,2020-12-27 10:25:15,2020-12-27 11:17:09
64377,109594,5,2,2020-12-26 18:23:00,2020-12-30 11:27:48
64377,109668,2,0,2021-01-02 15:30:20,2021-01-02 20:49:39
64377,109717,1,1,2021-01-02 23:10:32,2021-01-02 23:10:32
64377,109809,2,1,2021-01-04 22:19:18,2021-01-05 10:43:04
64377,109881,1,0,2021-01-05 22:51:44,2021-01-05 22:51:44
64377,109884,2,1,2021-01-05 23:12:04,2021-06-12 22:47:27
64377,110029,1,1,2021-06-20 22:40:45,2021-06-20 22:40:45
64377,110039,1,0,2021-01-08 23:48:25,2021-01-08 23:48:25
64377,110045,1,0,2021-01-09 22:07:59,2021-01-09 22:07:59
64377,110058,2,1,2021-01-09 12:01:26,2021-01-09 12:55:33
64377,110113,2,1,2021-01-10 18:06:15,2021-01-10 19:35:09
64377,110114,1,0,2022-10-06 12:55:33,2022-10-06 12:55:33
64377,110118,3,1,2021-05-15 11:38:43,2021-05-15 20:00:31
64377,110125,1,1,2021-01-19 17:18:10,2021-01-19 17:18:10
64377,110153,2,1,2022-06-14 09:02:06,2022-06-14 19:20:57
64377,110184,3,1,2021-01-11 22:22:44,2021-01-12 10:35:26
64377,110191,6,2,2021-07-13 11:54:35,2021-07-16 20:22:36
64377,110204,3,0,2021-01-14 14:11:28,2021-01-20 17:16:10
64377,110218,3,1,2021-01-12 18:17:24,2021-01-12 23:31:53
64377,110246,1,1,2021-01-13 10:45:43,2021-01-13 10:45:43
64377,110281,1,1,2022-06-09 17:11:46,2022-06-09 17:11:46
64377,110317,3,1,2021-01-14 14:40:18,2021-01-17 10:45:41
64377,110346,1,1,2021-03-16 22:53:33,2021-03-16 22:53:33
64377,110348,2,1,2021-01-15 00:00:22,2021-01-15 23:13:49
64377,110357,1,1,2021-01-17 23:46:07,2021-01-17 23:46:07
64377,110411,1,1,2021-01-16 11:10:52,2021-01-16 11:10:52
64377,110616,1,0,2021-10-04 19:14:32,2021-10-04 19:14:32
64377,110649,2,1,2021-04-28 22:14:26,2021-07-29 22:14:15
64377,110653,1,1,2021-01-23 16:18:15,2021-01-23 16:18:15
64377,110757,1,0,2022-01-05 01:01:33,2022-01-05 01:01:33
64377,110760,2,0,2021-01-23 23:11:25,2021-01-26 11:47:27
64377,110779,1,1,2021-03-22 19:02:27,2021-03-22 19:02:27
64377,110873,1,0,2021-10-22 16:10:37,2021-10-22 16:10:37
64377,110889,2,0,2021-01-26 14:44:10,2021-01-27 10:25:12
64377,110890,3,1,2021-04-30 15:47:36,2021-05-01 10:09:07
64377,110907,1,0,2021-01-26 23:16:48,2021-01-26 23:16:48
64377,110932,1,1,2021-01-28 18:13:56,2021-01-28 18:13:56
64377,110964,2,1,2021-01-27 21:22:06,2021-01-27 21:49:39
64377,110967,3,0,2021-01-28 18:21:16,2021-01-29 23:26:03
64377,110984,1,0,2021-01-28 18:17:44,2021-01-28 18:17:44
64377,110989,1,1,2021-01-29 00:55:16,2021-01-29 00:55:16
64377,110991,2,1,2021-01-29 00:30:10,2021-01-30 15:12:58
64377,111010,2,1,2021-01-29 16:55:11,2021-04-25 00:25:16
64377,111016,1,0,2021-01-29 00:40:46,2021-01-29 00:40:46
64377,111100,1,0,2021-01-30 15:19:20,2021-01-30 15:19:20
64377,111121,1,1,2021-07-01 22:50:08,2021-07-01 22:50:08
64377,111186,1,0,2021-02-01 19:32:28,2021-02-01 19:32:28
64377,111212,3,1,2021-02-12 23:25:35,2021-02-12 23:55:29
64377,111233,2,1,2021-02-01 23:26:23,2021-02-02 01:04:09
64377,111241,1,1,2021-02-02 15:45:41,2021-02-02 15:45:41
64377,111372,1,1,2021-02-09 16:19:12,2021-02-09 16:19:12
64377,111416,2,1,2021-02-06 01:33:12,2021-07-21 18:57:02
64377,111430,5,2,2021-02-06 01:15:02,2022-10-03 17:04:53
64377,111522,1,0,2021-11-27 16:29:17,2021-11-27 16:29:17
64377,111568,1,0,2021-07-06 22:41:53,2021-07-06 22:41:53
64377,111642,1,1,2021-02-10 15:37:32,2021-02-10 15:37:32
64377,111696,1,1,2022-03-30 15:27:00,2022-03-30 15:27:00
64377,111715,2,1,2021-10-08 12:06:11,2021-10-08 14:59:01
64377,111775,2,0,2021-02-12 12:06:02,2021-02-13 11:09:37
64377,111827,4,1,2021-04-17 22:43:14,2021-04-18 10:16:56
64377,111988,1,1,2021-02-17 16:39:53,2021-02-17 16:39:53
64377,111989,2,0,2022-06-10 22:39:12,2022-06-23 07:14:53
64377,111996,1,0,2021-02-17 16:15:32,2021-02-17 16:15:32
64377,112074,1,0,2023-01-10 19:42:11,2023-01-10 19:42:11
64377,112139,2,2,2021-03-20 14:51:33,2022-07-26 15:52:13
64377,112140,3,0,2022-06-14 15:39:28,2022-06-15 14:29:30
64377,112148,2,1,2021-02-20 00:45:24,2021-02-22 18:32:39
64377,112246,1,0,2021-02-22 12:06:26,2021-02-22 12:06:26
64377,112340,3,0,2021-02-24 23:36:34,2021-03-01 22:38:44
64377,112345,1,1,2021-02-24 15:32:10,2021-02-24 15:32:10
64377,112346,1,1,2021-02-24 12:19:27,2021-02-24 12:19:27
64377,112517,1,1,2021-03-30 22:30:06,2021-03-30 22:30:06
64377,112520,3,1,2021-03-10 17:23:45,2021-03-12 21:05:57
64377,112546,1,1,2021-02-27 18:00:14,2021-02-27 18:00:14
64377,112651,1,1,2021-03-02 00:20:50,2021-03-02 00:20:50
64377,112657,2,0,2021-03-02 00:01:03,2021-03-04 10:48:44
64377,112669,2,0,2021-03-01 23:50:35,2021-03-02 15:46:44
64377,112706,1,1,2021-03-02 22:50:43,2021-03-02 22:50:43
64377,113060,1,1,2021-03-25 10:53:04,2021-03-25 10:53:04
64377,113087,1,1,2021-05-08 23:03:02,2021-05-08 23:03:02
64377,113118,1,1,2021-03-12 00:25:00,2021-03-12 00:25:00
64377,113124,2,1,2022-05-16 09:34:24,2022-05-16 22:24:40
64377,113184,1,1,2021-03-12 00:38:02,2021-03-12 00:38:02
64377,113187,1,1,2021-03-12 09:26:02,2021-03-12 09:26:02
64377,113238,1,0,2021-03-13 21:30:51,2021-03-13 21:30:51
64377,113301,1,1,2021-10-02 13:23:38,2021-10-02 13:23:38
64377,113310,6,1,2021-03-14 22:10:15,2021-04-02 15:42:54
64377,113369,3,1,2021-03-15 16:59:20,2021-03-17 15:10:59
64377,113388,5,2,2021-03-16 22:40:17,2021-05-13 22:03:32
64377,113584,3,1,2021-03-20 11:19:39,2021-03-22 19:16:57
64377,113637,2,1,2021-03-22 00:30:41,2021-03-22 10:57:38
64377,113688,1,0,2021-05-17 21:47:19,2021-05-17 21:47:19
64377,113711,2,1,2021-03-23 00:28:12,2021-03-25 11:07:28
64377,113746,1,1,2021-03-23 23:01:04,2021-03-23 23:01:04
64377,113836,2,0,2021-03-24 22:26:41,2021-03-25 09:32:56
64377,113901,2,1,2021-03-25 23:58:39,2021-03-26 09:50:57
64377,113920,1,1,2021-03-26 10:25:10,2021-03-26 10:25:10
64377,113933,3,0,2021-03-26 11:45:08,2021-03-27 16:14:48
64377,114988,4,1,2021-03-27 16:21:10,2021-03-28 14:50:00
64377,115005,3,0,2021-03-28 23:31:15,2021-03-29 00:15:47
64377,115180,1,1,2021-04-01 21:54:55,2021-04-01 21:54:55
64377,115236,3,1,2021-08-18 13:59:35,2021-08-18 18:27:24
64377,115290,1,0,2022-05-13 10:11:05,2022-05-13 10:11:05
64377,115316,1,1,2021-09-24 12:43:02,2021-09-24 12:43:02
64377,115395,1,1,2021-04-04 23:10:50,2021-04-04 23:10:50
64377,115447,3,0,2021-11-17 13:28:57,2021-11-23 16:42:36
64377,115471,1,1,2021-04-19 21:54:40,2021-04-19 21:54:40
64377,115477,1,1,2021-04-05 23:27:42,2021-04-05 23:27:42
64377,115620,1,0,2021-04-08 22:44:13,2021-04-08 22:44:13
64377,115622,1,1,2021-05-30 22:39:01,2021-05-30 22:39:01
64377,115647,2,2,2021-04-08 22:30:27,2021-05-29 22:06:39
64377,115648,2,1,2021-04-08 20:51:53,2021-04-09 00:23:27
64377,115738,1,1,2021-04-10 09:29:15,2021-04-10 09:29:15
64377,115809,1,0,2021-04-12 22:43:44,2021-04-12 22:43:44
64377,115811,2,1,2021-04-16 09:30:49,2021-04-16 22:13:26
64377,116114,1,0,2021-04-22 22:27:19,2021-04-22 22:27:19
64377,116177,1,0,2021-04-17 19:05:29,2021-04-17 19:05:29
64377,116212,3,2,2021-06-18 21:45:43,2021-12-05 18:27:14
64377,116284,3,1,2021-10-08 02:12:55,2021-10-08 12:32:32
64377,116322,1,1,2021-04-20 11:10:46,2021-04-20 11:10:46
64377,116333,4,2,2021-04-20 10:51:12,2021-09-08 17:44:42
64377,116375,2,0,2022-11-03 23:27:03,2022-11-09 14:53:52
64377,116451,2,1,2021-04-21 21:34:28,2021-04-22 08:31:10
64377,116512,3,0,2021-06-27 21:23:55,2021-06-29 16:57:08
64377,116588,1,0,2021-05-29 10:29:24,2021-05-29 10:29:24
64377,116702,1,0,2021-09-05 09:37:39,2021-09-05 09:37:39
64377,116745,2,0,2021-04-28 14:16:27,2021-04-29 20:16:17
64377,116791,1,1,2021-04-30 00:26:13,2021-04-30 00:26:13
64377,117002,2,1,2021-05-02 23:58:19,2021-05-03 12:02:52
64377,117021,1,1,2021-05-03 13:02:42,2021-05-03 13:02:42
64377,117059,3,1,2022-03-04 18:02:10,2022-03-05 12:08:31
64377,117079,1,1,2021-05-04 09:05:18,2021-05-04 09:05:18
64377,117166,1,1,2021-05-05 22:42:26,2021-05-05 22:42:26
64377,117183,1,0,2021-05-05 21:49:36,2021-05-05 21:49:36
64377,117185,1,0,2021-05-06 21:43:19,2021-05-06 21:43:19
64377,117192,1,0,2022-10-04 22:56:15,2022-10-04 22:56:15
64377,117251,3,1,2021-05-06 22:13:30,2021-05-07 09:32:41
64377,117255,2,1,2021-05-13 23:24:25,2021-05-15 11:24:51
64377,117400,1,1,2021-06-29 16:00:50,2021-06-29 16:00:50
64377,117437,1,1,2021-05-10 12:06:28,2021-05-10 12:06:28
64377,117529,1,0,2022-04-27 14:07:03,2022-04-27 14:07:03
64377,117536,1,1,2021-05-13 15:08:47,2021-05-13 15:08:47
64377,117603,2,1,2021-05-13 10:09:52,2021-05-13 12:21:44
64377,117691,1,1,2021-05-14 20:51:50,2021-05-14 20:51:50
64377,117811,2,0,2021-07-17 23:49:45,2021-07-18 20:06:12
64377,117919,1,1,2021-05-29 23:28:06,2021-05-29 23:28:06
64377,117968,1,1,2021-05-19 14:36:04,2021-05-19 14:36:04
64377,118009,1,0,2021-05-20 17:44:08,2021-05-20 17:44:08
64377,118033,1,0,2021-05-20 22:05:23,2021-05-20 22:05:23
64377,118045,1,1,2021-05-21 00:16:34,2021-05-21 00:16:34
64377,118065,1,1,2022-03-28 22:57:08,2022-03-28 22:57:08
64377,118136,4,1,2021-05-22 16:20:00,2021-05-23 14:40:18
64377,118155,1,1,2021-05-23 15:55:11,2021-05-23 15:55:11
64377,118198,1,0,2021-05-23 23:32:01,2021-05-23 23:32:01
64377,118206,1,1,2021-05-23 22:40:20,2021-05-23 22:40:20
64377,118210,3,0,2021-05-24 14:25:54,2021-05-26 14:27:06
64377,118281,1,0,2022-03-28 17:38:27,2022-03-28 17:38:27
64377,118301,2,0,2021-05-25 23:54:59,2021-05-26 00:08:27
64377,118377,1,0,2022-06-30 08:15:29,2022-06-30 08:15:29
64377,118513,3,0,2021-05-29 22:15:36,2021-05-29 22:23:27
64377,118515,2,0,2021-05-29 15:43:02,2021-05-29 15:44:23
64377,118534,2,1,2021-08-22 22:25:15,2021-08-23 16:59:14
64377,118690,1,1,2021-06-02 17:22:14,2021-06-02 17:22:14
64377,118693,2,2,2021-09-16 14:41:23,2022-02-22 23:40:56
64377,118696,1,1,2021-06-23 18:37:00,2021-06-23 18:37:00
64377,118698,1,1,2021-06-02 22:45:59,2021-06-02 22:45:59
64377,118745,1,0,2022-05-09 17:13:53,2022-05-09 17:13:53
64377,118799,1,1,2021-06-05 17:34:13,2021-06-05 17:34:13
64377,118826,1,0,2021-06-06 13:20:16,2021-06-06 13:20:16
64377,119022,2,1,2021-09-08 16:53:38,2021-09-09 09:10:09
64377,119055,1,0,2021-06-10 08:59:27,2021-06-10 08:59:27
64377,119066,1,0,2021-06-10 20:23:04,2021-06-10 20:23:04
64377,119104,1,1,2022-02-20 20:21:40,2022-02-20 20:21:40
64377,119119,1,1,2021-08-25 14:07:08,2021-08-25 14:07:08
64377,119136,4,3,2022-03-11 19:58:04,2022-05-08 17:00:25
64377,119139,1,1,2021-06-11 16:46:30,2021-06-11 16:46:30
64377,119158,1,0,2021-06-11 16:27:40,2021-06-11 16:27:40
64377,119187,1,1,2021-06-12 23:23:04,2021-06-12 23:23:04
64377,119216,1,1,2021-06-13 23:42:32,2021-06-13 23:42:32
64377,119220,1,0,2021-06-13 23:29:36,2021-06-13 23:29:36
64377,119228,2,1,2021-06-13 23:26:36,2021-06-15 16:37:23
64377,119290,1,1,2021-06-14 10:34:57,2021-06-14 10:34:57
64377,119302,1,0,2021-06-14 18:03:13,2021-06-14 18:03:13
64377,119351,2,1,2021-06-16 22:44:01,2021-06-16 23:20:24
64377,119363,1,0,2021-06-15 17:26:16,2021-06-15 17:26:16
64377,119409,1,1,2021-06-16 16:09:35,2021-06-16 16:09:35
64377,119429,2,1,2021-06-16 18:09:36,2021-06-16 22:55:34
64377,119461,1,0,2021-10-04 19:31:48,2021-10-04 19:31:48
64377,119463,1,1,2021-06-17 16:14:10,2021-06-17 16:14:10
64377,119556,2,1,2021-06-19 14:48:21,2021-06-19 16:23:07
64377,119591,1,0,2021-07-05 10:04:32,2021-07-05 10:04:32
64377,119594,5,1,2021-06-20 22:28:14,2021-06-21 15:53:59
64377,119746,1,1,2021-06-24 01:36:58,2021-06-24 01:36:58
64377,119771,1,0,2021-08-10 11:19:51,2021-08-10 11:19:51
64377,119781,3,2,2022-02-05 23:28:23,2022-03-06 16:05:54
64377,119808,1,1,2021-06-25 14:51:09,2021-06-25 14:51:09
64377,119834,1,1,2021-06-25 21:06:59,2021-06-25 21:06:59
64377,119848,3,0,2022-01-19 22:55:56,2022-01-20 15:22:09
64377,119874,1,1,2021-06-26 12:42:26,2021-06-26 12:42:26
64377,119882,3,0,2024-02-09 14:28:40,2024-02-11 10:24:30
64377,119920,1,0,2021-09-25 13:42:56,2021-09-25 13:42:56
64377,119921,34,5,2021-07-06 12:40:31,2023-06-01 09:47:54
64377,119923,2,2,2021-06-27 23:32:00,2021-07-31 12:00:45
64377,119938,4,2,2021-09-11 09:32:58,2023-09-15 14:25:11
64377,119990,1,1,2021-06-29 11:49:49,2021-06-29 11:49:49
64377,120033,1,0,2021-06-30 15:12:02,2021-06-30 15:12:02
64377,120084,1,1,2021-06-30 23:08:25,2021-06-30 23:08:25
64377,120215,2,0,2022-03-01 17:44:11,2022-03-02 17:11:14
64377,120410,1,1,2022-03-17 19:45:41,2022-03-17 19:45:41
64377,120463,2,0,2021-09-18 18:52:27,2021-09-20 15:14:52
64377,120472,2,2,2021-07-27 02:32:51,2021-12-02 11:58:06
64377,120484,1,1,2021-07-09 11:17:22,2021-07-09 11:17:22
64377,120486,1,0,2021-07-09 12:19:06,2021-07-09 12:19:06
64377,120505,1,1,2021-07-09 17:11:02,2021-07-09 17:11:02
64377,120581,1,0,2021-07-18 11:49:13,2021-07-18 11:49:13
64377,120603,1,1,2022-03-27 11:02:58,2022-03-27 11:02:58
64377,120687,9,3,2021-07-14 11:15:59,2022-04-01 00:00:06
64377,120700,1,0,2021-07-14 11:00:51,2021-07-14 11:00:51
64377,120748,3,0,2021-07-19 11:07:04,2021-07-19 15:12:42
64377,120764,1,1,2021-07-16 10:42:28,2021-07-16 10:42:28
64377,120913,3,0,2021-07-19 21:21:10,2021-07-22 10:20:12
64377,120937,1,1,2021-07-20 12:59:00,2021-07-20 12:59:00
64377,121019,2,1,2021-07-22 10:45:11,2021-07-23 09:21:32
64377,121032,3,0,2021-07-22 10:26:30,2021-07-23 10:15:16
64377,121054,1,0,2021-07-23 10:19:57,2021-07-23 10:19:57
64377,121108,3,1,2021-11-20 16:45:37,2022-06-03 11:29:58
64377,121194,5,1,2021-07-27 02:21:48,2021-07-28 16:43:28
64377,121222,10,4,2021-12-24 18:41:16,2023-01-20 18:56:59
64377,121274,1,1,2021-07-28 22:38:42,2021-07-28 22:38:42
64377,121279,1,1,2021-07-28 22:12:32,2021-07-28 22:12:32
64377,122316,1,0,2021-07-29 14:46:42,2021-07-29 14:46:42
64377,122325,1,1,2021-07-30 11:21:52,2021-07-30 11:21:52
64377,122407,1,1,2021-07-31 20:22:30,2021-07-31 20:22:30
64377,122409,5,1,2021-07-31 23:26:44,2021-08-01 16:58:05
64377,122433,1,1,2021-10-01 11:29:24,2021-10-01 11:29:24
64377,122475,1,1,2021-08-04 09:54:01,2021-08-04 09:54:01
64377,122487,1,0,2021-08-02 16:16:45,2021-08-02 16:16:45
64377,122493,1,0,2021-08-04 20:35:17,2021-08-04 20:35:17
64377,122534,1,1,2021-08-03 15:01:05,2021-08-03 15:01:05
64377,122573,2,1,2021-10-25 11:27:05,2021-10-25 22:32:24
64377,122606,1,0,2021-11-04 12:13:07,2021-11-04 12:13:07
64377,122614,2,1,2022-03-16 12:43:34,2022-07-28 21:22:40
64377,122641,4,0,2021-08-12 10:23:03,2021-08-13 14:30:33
64377,122675,2,1,2021-08-06 21:40:53,2021-08-08 14:07:07
64377,122680,1,0,2021-12-29 00:07:46,2021-12-29 00:07:46
64377,122802,2,1,2023-04-26 11:14:54,2023-04-27 10:00:46
64377,122847,2,0,2022-03-26 11:04:44,2022-03-31 19:30:35
64377,122856,2,1,2021-10-19 10:26:05,2021-10-19 15:11:58
64377,122858,3,0,2021-08-12 14:05:20,2021-08-12 17:23:15
64377,122867,2,0,2021-08-11 16:33:06,2021-08-12 10:19:35
64377,122876,4,1,2021-08-11 20:32:57,2021-08-14 23:41:33
64377,122925,1,0,2022-07-31 10:57:41,2022-07-31 10:57:41
64377,122957,2,1,2021-08-13 18:21:15,2021-08-13 22:13:14
64377,122972,6,2,2022-05-18 09:07:04,2022-07-21 10:29:26
64377,122977,1,0,2021-08-13 18:12:32,2021-08-13 18:12:32
64377,123002,3,0,2021-08-14 16:20:56,2021-08-17 15:49:12
64377,123017,1,1,2021-08-16 09:57:37,2021-08-16 09:57:37
64377,123145,1,1,2021-09-15 16:01:25,2021-09-15 16:01:25
64377,123162,1,0,2021-09-10 22:38:57,2021-09-10 22:38:57
64377,123228,2,1,2022-12-02 11:51:17,2022-12-02 14:49:48
64377,123265,2,0,2021-08-26 21:32:19,2021-08-27 20:46:36
64377,123482,1,1,2021-08-26 18:01:47,2021-08-26 18:01:47
64377,123602,1,1,2022-11-30 15:45:57,2022-11-30 15:45:57
64377,123661,1,1,2021-08-30 14:52:35,2021-08-30 14:52:35
64377,124797,2,2,2021-11-10 15:52:26,2021-11-12 17:46:14
64377,124851,2,1,2021-09-03 14:43:08,2021-09-05 09:54:53
64377,124852,1,0,2021-09-03 14:51:11,2021-09-03 14:51:11
64377,124872,1,1,2021-09-04 11:22:47,2021-09-04 11:22:47
64377,124876,1,0,2021-12-09 23:46:00,2021-12-09 23:46:00
64377,124892,8,2,2021-11-26 17:15:54,2021-11-28 23:49:10
64377,124902,1,0,2021-09-05 22:13:35,2021-09-05 22:13:35
64377,124910,1,0,2021-09-05 16:38:25,2021-09-05 16:38:25
64377,124967,3,0,2021-09-07 10:18:02,2021-09-08 11:15:26
64377,124978,1,1,2021-09-07 12:35:19,2021-09-07 12:35:19
64377,125094,2,1,2021-10-06 15:26:33,2021-10-12 11:46:33
64377,125117,1,1,2021-12-04 11:04:01,2021-12-04 11:04:01
64377,125163,1,0,2021-09-12 12:10:26,2021-09-12 12:10:26
64377,125183,1,1,2021-09-12 17:35:27,2021-09-12 17:35:27
64377,125320,1,0,2021-09-17 10:22:38,2021-09-17 10:22:38
64377,125391,1,1,2021-09-17 23:13:34,2021-09-17 23:13:34
64377,125421,1,1,2021-09-18 15:30:07,2021-09-18 15:30:07
64377,125483,1,1,2021-09-20 15:56:06,2021-09-20 15:56:06
64377,125522,2,1,2021-09-21 10:06:13,2021-09-21 10:35:24
64377,125527,6,4,2021-11-04 17:49:54,2022-03-09 12:37:50
64377,125532,2,0,2021-09-21 22:24:41,2021-09-21 22:24:45
64377,125583,2,0,2021-09-22 16:08:30,2021-09-22 19:18:29
64377,125741,2,2,2021-09-26 17:03:42,2021-09-28 10:52:44
64377,125747,5,1,2021-10-11 10:31:20,2022-05-23 09:41:04
64377,125799,1,1,2021-09-27 17:03:23,2021-09-27 17:03:23
64377,125834,1,0,2021-11-11 12:00:21,2021-11-11 12:00:21
64377,125856,1,1,2021-09-28 22:07:28,2021-09-28 22:07:28
64377,125882,7,0,2021-10-06 15:16:24,2021-10-12 13:35:22
64377,125942,6,2,2021-09-30 23:06:07,2021-10-13 22:41:18
64377,125955,4,1,2021-10-02 11:40:42,2021-10-04 19:05:11
64377,126058,1,0,2021-10-04 19:18:14,2021-10-04 19:18:14
64377,126059,4,2,2022-02-17 12:46:13,2022-12-30 14:25:16
64377,126222,4,1,2021-10-08 01:57:40,2021-11-03 10:46:48
64377,126273,1,1,2022-04-22 15:23:09,2022-04-22 15:23:09
64377,126391,1,0,2021-10-12 18:07:00,2021-10-12 18:07:00
64377,126402,2,0,2021-10-12 18:02:15,2021-10-13 10:18:05
64377,126466,1,1,2022-01-20 15:42:18,2022-01-20 15:42:18
64377,126468,1,0,2021-10-16 10:25:43,2021-10-16 10:25:43
64377,126568,1,0,2022-01-04 01:55:50,2022-01-04 01:55:50
64377,126577,1,0,2022-02-12 20:54:23,2022-02-12 20:54:23
64377,126618,2,0,2021-10-18 15:49:25,2021-10-18 16:20:27
64377,126643,2,1,2021-12-28 23:48:14,2021-12-29 22:05:45
64377,126689,2,1,2021-10-20 15:13:54,2021-11-04 11:15:05
64377,126706,1,0,2022-04-30 21:29:00,2022-04-30 21:29:00
64377,126751,1,0,2021-10-20 22:05:24,2021-10-20 22:05:24
64377,126830,3,1,2021-10-25 23:21:55,2021-10-29 11:46:23
64377,126867,3,1,2021-10-23 13:37:50,2021-10-24 11:03:22
64377,126905,3,1,2021-10-24 15:39:20,2021-10-24 21:58:52
64377,126945,1,1,2021-10-25 23:11:53,2021-10-25 23:11:53
64377,127066,1,1,2021-10-29 17:59:21,2021-10-29 17:59:21
64377,127121,2,0,2021-10-30 23:28:21,2021-10-31 22:52:19
64377,127134,1,1,2021-10-30 23:22:26,2021-10-30 23:22:26
64377,127170,1,0,2022-02-09 09:42:52,2022-02-09 09:42:52
64377,127292,2,0,2021-11-15 23:27:49,2021-11-16 16:15:09
64377,127392,1,1,2021-11-05 12:03:56,2021-11-05 12:03:56
64377,127440,2,0,2021-11-09 23:14:18,2021-11-10 15:36:17
64377,127448,1,1,2021-11-07 22:08:18,2021-11-07 22:08:18
64377,127464,1,0,2021-11-07 21:46:47,2021-11-07 21:46:47
64377,127468,2,1,2022-08-26 15:24:56,2022-08-29 13:50:13
64377,127469,4,0,2021-11-07 16:55:26,2021-11-08 11:28:12
64377,127502,2,1,2021-11-08 23:28:16,2021-11-10 16:32:14
64377,127506,3,1,2022-02-08 23:01:42,2022-02-09 11:09:38
64377,127623,1,1,2022-10-27 14:29:54,2022-10-27 14:29:54
64377,127635,1,1,2021-11-11 15:45:09,2021-11-11 15:45:09
64377,127703,6,1,2021-11-13 17:57:07,2022-01-21 11:18:50
64377,127722,2,0,2021-11-14 23:31:13,2021-11-15 10:04:46
64377,127742,1,0,2021-11-14 23:12:40,2021-11-14 23:12:40
64377,127857,1,1,2021-11-17 16:48:10,2021-11-17 16:48:10
64377,127892,1,0,2021-11-18 18:00:35,2021-11-18 18:00:35
64377,127900,1,1,2021-11-18 20:58:51,2021-11-18 20:58:51
64377,127921,1,0,2021-11-19 10:53:22,2021-11-19 10:53:22
64377,127966,1,1,2021-11-20 16:39:26,2021-11-20 16:39:26
64377,127992,3,2,2021-11-24 10:35:04,2021-11-25 15:11:08
64377,127997,1,0,2021-12-08 12:23:05,2021-12-08 12:23:05
64377,128034,1,1,2022-04-15 20:26:54,2022-04-15 20:26:54
64377,128036,1,0,2021-11-22 23:29:48,2021-11-22 23:29:48
64377,128039,1,0,2021-11-23 16:59:33,2021-11-23 16:59:33
64377,128073,2,1,2021-11-23 16:56:24,2021-11-23 16:58:08
64377,128084,1,0,2021-11-23 16:47:13,2021-11-23 16:47:13
64377,128145,4,1,2022-10-11 16:23:07,2022-10-17 11:42:54
64377,128175,1,1,2021-11-25 18:58:32,2021-11-25 18:58:32
64377,128181,2,1,2021-11-27 12:36:35,2021-11-28 17:03:16
64377,128183,1,1,2022-03-22 18:13:11,2022-03-22 18:13:11
64377,128184,1,1,2021-11-25 23:35:23,2021-11-25 23:35:23
64377,128219,3,0,2021-11-26 16:59:26,2021-11-29 14:15:24
64377,128257,1,1,2021-12-08 12:15:30,2021-12-08 12:15:30
64377,128311,1,0,2021-11-29 23:47:33,2021-11-29 23:47:33
64377,128370,3,0,2021-11-30 18:59:22,2021-12-01 10:51:26
64377,128457,5,1,2021-12-02 20:17:30,2021-12-09 21:06:55
64377,128487,1,1,2021-12-03 18:24:04,2021-12-03 18:24:04
64377,128551,1,1,2021-12-06 00:18:13,2021-12-06 00:18:13
64377,128565,1,0,2021-12-06 11:29:12,2021-12-06 11:29:12
64377,128577,1,1,2022-05-18 10:51:36,2022-05-18 10:51:36
64377,128603,1,1,2021-12-07 23:10:39,2021-12-07 23:10:39
64377,128620,1,0,2021-12-07 19:04:04,2021-12-07 19:04:04
64377,128662,3,1,2021-12-09 23:52:56,2021-12-11 12:02:10
64377,128713,3,1,2021-12-10 12:22:31,2022-08-31 08:59:14
64377,128731,2,0,2021-12-10 12:14:22,2021-12-13 13:59:24
64377,128831,2,0,2022-01-24 21:23:03,2022-01-25 18:18:13
64377,130025,4,0,2021-12-18 19:26:43,2021-12-19 11:50:17
64377,130318,1,1,2021-12-29 00:42:39,2021-12-29 00:42:39
64377,130357,2,1,2021-12-29 00:04:34,2021-12-29 00:20:54
64377,130437,2,0,2021-12-31 11:30:04,2022-01-02 12:40:07
64377,130491,1,1,2022-01-02 13:41:55,2022-01-02 13:41:55
64377,130558,1,0,2022-01-04 13:45:46,2022-01-04 13:45:46
64377,130562,1,0,2022-01-04 01:58:45,2022-01-04 01:58:45
64377,130577,4,1,2022-01-04 13:28:50,2022-01-05 00:48:50
64377,130605,1,0,2022-06-26 11:23:02,2022-06-26 11:23:02
64377,130637,1,0,2022-08-20 22:13:09,2022-08-20 22:13:09
64377,130647,5,0,2022-07-11 08:55:42,2022-10-12 11:03:36
64377,130648,1,0,2022-01-06 21:14:47,2022-01-06 21:14:47
64377,130679,2,0,2022-04-06 13:59:11,2022-04-27 13:45:33
64377,130835,2,1,2022-01-10 21:21:02,2022-01-10 23:16:30
64377,130860,6,2,2022-05-21 11:01:03,2022-10-27 10:59:34
64377,130918,3,1,2022-01-12 19:38:35,2022-01-13 12:07:39
64377,130981,1,1,2022-01-22 17:38:55,2022-01-22 17:38:55
64377,131006,1,0,2022-01-14 15:52:19,2022-01-14 15:52:19
64377,131082,2,1,2022-01-19 23:09:28,2022-01-20 15:52:20
64377,131224,1,1,2022-07-15 17:19:23,2022-07-15 17:19:23
64377,131306,1,1,2022-01-21 21:13:46,2022-01-21 21:13:46
64377,131343,2,1,2022-01-21 23:03:18,2022-01-21 23:27:10
64377,131363,2,1,2022-03-04 16:30:44,2022-03-08 11:38:16
64377,131408,3,1,2022-01-23 16:26:58,2022-06-04 21:19:17
64377,131424,1,0,2022-09-01 09:44:14,2022-09-01 09:44:14
64377,131702,2,1,2022-01-30 12:26:54,2022-01-30 12:29:54
64377,131704,3,1,2022-01-30 12:20:24,2022-01-31 10:53:01
64377,131735,1,0,2022-02-01 16:56:37,2022-02-01 16:56:37
64377,131778,1,0,2022-02-01 17:56:31,2022-02-01 17:56:31
64377,131779,1,1,2022-09-21 15:11:48,2022-09-21 15:11:48
64377,131843,1,0,2022-02-02 22:08:43,2022-02-02 22:08:43
64377,131845,1,0,2022-02-02 22:15:54,2022-02-02 22:15:54
64377,131892,2,1,2022-02-04 00:31:19,2022-02-04 14:13:42
64377,131930,2,0,2022-04-06 12:33:51,2022-04-07 12:36:28
64377,131965,1,0,2022-02-05 11:33:35,2022-02-05 11:33:35
64377,131972,3,0,2022-02-05 11:26:07,2022-02-08 22:30:05
64377,131993,2,1,2022-02-05 22:57:41,2022-02-06 15:47:37
64377,132054,1,0,2022-02-07 16:32:29,2022-02-07 16:32:29
64377,132065,4,2,2022-02-08 16:24:34,2022-12-18 11:46:36
64377,132148,1,1,2022-02-24 17:45:03,2022-02-24 17:45:03
64377,132429,1,0,2022-02-18 18:10:15,2022-02-18 18:10:15
64377,132519,2,2,2022-02-19 22:04:27,2022-08-31 14:30:51
64377,132593,1,1,2022-02-19 14:55:49,2022-02-19 14:55:49
64377,132602,1,1,2022-02-19 21:45:36,2022-02-19 21:45:36
64377,132710,2,0,2022-02-22 16:38:18,2022-02-24 10:43:44
64377,132711,1,1,2022-02-22 20:32:34,2022-02-22 20:32:34
64377,132773,1,1,2022-02-23 17:35:38,2022-02-23 17:35:38
64377,132867,1,1,2022-02-27 00:40:10,2022-02-27 00:40:10
64377,132886,1,1,2022-02-27 00:24:53,2022-02-27 00:24:53
64377,132893,1,0,2022-02-27 00:08:01,2022-02-27 00:08:01
64377,132904,2,0,2022-09-09 10:31:48,2022-09-09 17:46:02
64377,132906,3,1,2022-03-03 00:44:23,2022-03-06 12:37:25
64377,132933,8,2,2022-02-28 16:43:46,2022-03-01 17:39:03
64377,132995,4,1,2022-06-25 14:02:10,2022-06-26 08:35:44
64377,133008,1,1,2022-03-02 21:04:07,2022-03-02 21:04:07
64377,133019,1,1,2022-03-02 23:30:15,2022-03-02 23:30:15
64377,133030,1,0,2022-03-03 12:34:29,2022-03-03 12:34:29
64377,133072,4,1,2022-05-14 15:18:36,2022-05-28 10:19:29
64377,133142,1,0,2022-03-05 16:44:11,2022-03-05 16:44:11
64377,133149,1,1,2022-03-05 21:53:02,2022-03-05 21:53:02
64377,133168,3,1,2022-03-06 18:59:06,2022-03-07 11:19:44
64377,133184,4,1,2022-03-23 11:38:12,2022-09-30 19:37:08
64377,133190,1,1,2022-03-07 16:05:20,2022-03-07 16:05:20
64377,133208,1,1,2022-03-07 21:39:45,2022-03-07 21:39:45
64377,133223,1,1,2022-03-08 11:48:29,2022-03-08 11:48:29
64377,133238,3,1,2022-05-09 17:09:18,2022-05-10 14:03:14
64377,133245,1,1,2022-03-08 16:34:33,2022-03-08 16:34:33
64377,133308,2,0,2022-06-16 21:30:02,2022-06-23 09:14:50
64377,133354,1,1,2022-03-13 21:32:16,2022-03-13 21:32:16
64377,133389,2,1,2022-03-26 17:47:30,2022-03-26 19:10:53
64377,133399,3,2,2022-03-13 12:04:10,2022-04-05 15:26:33
64377,133432,2,1,2022-06-27 09:33:57,2022-06-27 21:37:09
64377,133433,1,0,2022-03-13 21:05:29,2022-03-13 21:05:29
64377,133466,2,1,2022-03-14 21:09:10,2022-03-15 12:53:11
64377,133483,1,1,2022-03-17 03:10:08,2022-03-17 03:10:08
64377,133530,2,1,2022-03-16 19:17:33,2022-04-27 13:52:13
64377,133572,5,2,2022-03-18 18:26:20,2022-03-29 15:47:56
64377,133609,1,0,2022-03-29 15:29:00,2022-03-29 15:29:00
64377,133743,3,0,2022-03-24 19:39:34,2022-03-25 10:50:55
64377,133758,2,1,2022-03-26 13:01:22,2022-03-26 13:01:29
64377,133809,1,1,2022-03-25 16:53:49,2022-03-25 16:53:49
64377,133836,1,0,2022-05-02 18:41:09,2022-05-02 18:41:09
64377,133860,3,1,2022-03-26 21:01:46,2022-03-31 17:19:01
64377,133863,1,0,2022-03-26 20:47:05,2022-03-26 20:47:05
64377,133867,1,1,2022-03-26 17:55:52,2022-03-26 17:55:52
64377,133889,2,0,2022-03-27 00:00:35,2022-03-28 15:08:56
64377,133956,1,0,2022-03-28 22:35:49,2022-03-28 22:35:49
64377,133962,1,0,2022-03-31 18:23:28,2022-03-31 18:23:28
64377,134030,6,1,2022-03-30 14:38:00,2022-03-31 18:08:36
64377,134043,3,0,2022-03-31 12:30:38,2022-03-31 19:28:52
64377,134071,1,0,2022-03-31 23:38:16,2022-03-31 23:38:16
64377,134175,2,0,2022-06-27 15:49:59,2022-06-27 15:52:05
64377,134277,1,1,2022-04-06 12:00:17,2022-04-06 12:00:17
64377,134288,7,1,2022-05-01 21:19:03,2022-07-22 09:24:36
64377,134309,1,1,2022-04-07 20:27:00,2022-04-07 20:27:00
64377,134328,1,0,2022-04-08 12:46:20,2022-04-08 12:46:20
64377,134336,1,0,2022-04-08 11:55:31,2022-04-08 11:55:31
64377,134375,3,1,2022-04-10 15:55:47,2022-04-15 10:57:53
64377,134410,1,0,2022-04-21 14:31:08,2022-04-21 14:31:08
64377,134413,1,0,2022-04-24 15:19:30,2022-04-24 15:19:30
64377,134529,2,1,2022-09-17 14:19:00,2022-09-23 09:17:20
64377,134569,2,0,2022-04-23 18:01:02,2022-04-26 21:51:00
64377,134588,2,0,2022-04-18 20:57:27,2022-04-19 09:09:52
64377,134596,2,1,2022-06-04 10:02:10,2022-06-18 09:47:32
64377,134687,1,1,2022-04-27 12:32:30,2022-04-27 12:32:30
64377,134777,1,1,2022-04-22 15:04:17,2022-04-22 15:04:17
64377,134786,1,0,2022-04-22 15:13:27,2022-04-22 15:13:27
64377,134894,3,0,2022-04-22 13:27:45,2022-04-24 13:25:38
64377,134921,1,1,2022-04-23 15:02:26,2022-04-23 15:02:26
64377,134929,2,0,2022-04-23 11:48:00,2022-04-24 13:51:23
64377,134964,4,0,2022-11-07 19:37:55,2022-11-08 18:53:24
64377,134976,1,0,2022-06-02 22:24:06,2022-06-02 22:24:06
64377,135014,3,2,2022-04-26 10:40:31,2022-05-08 16:05:12
64377,135064,2,1,2022-04-27 13:41:33,2022-04-28 09:07:07
64377,135070,1,1,2022-04-27 13:17:49,2022-04-27 13:17:49
64377,135073,5,0,2022-04-30 10:36:18,2022-05-01 14:15:51
64377,135105,1,1,2022-04-28 15:24:48,2022-04-28 15:24:48
64377,135119,4,0,2022-04-28 15:11:41,2022-04-30 10:27:54
64377,135130,3,1,2022-05-13 14:23:07,2022-05-15 10:09:08
64377,135149,1,0,2022-05-02 14:15:38,2022-05-02 14:15:38
64377,135163,2,0,2022-05-01 14:24:26,2022-05-01 14:38:08
64377,135210,1,1,2022-05-03 14:17:16,2022-05-03 14:17:16
64377,135238,1,1,2022-05-02 14:44:55,2022-05-02 14:44:55
64377,135268,1,1,2022-05-03 13:17:15,2022-05-03 13:17:15
64377,135280,1,0,2022-05-03 14:03:24,2022-05-03 14:03:24
64377,135290,3,1,2022-05-04 13:30:55,2022-05-07 17:08:44
64377,135386,2,1,2022-10-14 22:17:25,2022-10-17 15:08:20
64377,135457,2,0,2022-06-25 15:21:45,2022-06-26 09:05:03
64377,135460,2,1,2022-05-08 16:42:03,2022-05-09 15:20:35
64377,135563,2,0,2022-05-10 17:06:51,2022-05-11 16:54:13
64377,135566,1,1,2022-05-10 18:01:52,2022-05-10 18:01:52
64377,135572,3,0,2022-05-10 17:41:04,2022-05-12 16:31:45
64377,135582,1,0,2022-05-11 16:39:20,2022-05-11 16:39:20
64377,135596,1,1,2022-05-11 16:33:34,2022-05-11 16:33:34
64377,135604,2,0,2022-05-11 12:58:41,2022-05-11 16:45:49
64377,135672,2,1,2022-05-12 15:51:02,2022-05-14 10:23:36
64377,135705,2,0,2022-05-14 15:21:54,2022-05-16 09:19:34
64377,135710,3,2,2022-05-13 15:12:56,2022-05-17 17:48:38
64377,135806,3,0,2022-05-18 15:31:29,2022-05-20 20:38:30
64377,135807,1,0,2022-05-16 23:30:02,2022-05-16 23:30:02
64377,135906,1,1,2022-05-18 12:46:48,2022-05-18 12:46:48
64377,135913,1,1,2022-05-18 14:57:38,2022-05-18 14:57:38
64377,135921,2,1,2022-05-18 19:47:51,2022-05-18 21:38:24
64377,135941,1,1,2022-05-19 14:47:10,2022-05-19 14:47:10
64377,135970,3,1,2022-06-18 16:44:32,2022-06-21 10:19:08
64377,135999,2,0,2022-05-20 11:12:54,2022-05-20 12:06:17
64377,136031,3,0,2022-05-21 23:02:13,2022-05-22 10:38:30
64377,136046,1,1,2022-05-22 10:56:25,2022-05-22 10:56:25
64377,136060,1,0,2022-05-23 15:59:09,2022-05-23 15:59:09
64377,136082,1,1,2022-05-23 15:26:54,2022-05-23 15:26:54
64377,136112,2,0,2022-05-24 10:25:54,2022-05-24 10:30:48
64377,136127,4,0,2022-05-24 16:44:33,2022-05-28 08:47:19
64377,136141,2,1,2022-05-24 22:39:17,2022-05-25 11:01:43
64377,136202,1,1,2022-05-30 13:54:27,2022-05-30 13:54:27
64377,136248,2,0,2022-05-30 09:09:16,2022-06-01 15:55:06
64377,136255,1,0,2022-05-27 21:18:16,2022-05-27 21:18:16
64377,136312,1,1,2022-05-29 16:23:11,2022-05-29 16:23:11
64377,136323,1,1,2022-05-29 15:39:03,2022-05-29 15:39:03
64377,136423,2,0,2022-06-01 17:10:40,2022-06-02 10:59:39
64377,136465,1,1,2022-06-02 22:38:50,2022-06-02 22:38:50
64377,136482,1,1,2022-06-02 20:30:36,2022-06-02 20:30:36
64377,136498,1,0,2022-06-03 23:13:22,2022-06-03 23:13:22
64377,136503,1,1,2022-06-03 12:17:47,2022-06-03 12:17:47
64377,136541,1,1,2022-06-04 12:41:33,2022-06-04 12:41:33
64377,136549,1,0,2022-06-04 15:22:59,2022-06-04 15:22:59
64377,136558,2,0,2022-06-05 09:29:40,2022-06-05 21:06:30
64377,136660,4,1,2022-06-07 19:41:26,2022-06-19 14:46:57
64377,136679,1,1,2022-06-08 14:39:59,2022-06-08 14:39:59
64377,136684,1,0,2022-06-11 15:49:13,2022-06-11 15:49:13
64377,136687,2,1,2022-08-26 09:29:10,2022-09-01 09:11:16
64377,136711,1,0,2022-06-09 10:19:24,2022-06-09 10:19:24
64377,136758,3,0,2022-06-14 16:42:46,2022-08-06 22:52:26
64377,136759,1,1,2022-06-10 08:14:34,2022-06-10 08:14:34
64377,136778,1,0,2022-06-10 09:37:04,2022-06-10 09:37:04
64377,136779,4,0,2022-06-10 12:24:12,2022-06-14 19:24:54
64377,136846,1,1,2022-06-13 17:28:42,2022-06-13 17:28:42
64377,136898,1,0,2022-06-14 15:33:20,2022-06-14 15:33:20
64377,136939,1,1,2022-06-15 09:25:22,2022-06-15 09:25:22
64377,136949,4,0,2022-11-10 15:55:53,2023-01-25 16:14:17
64377,136961,2,0,2022-06-16 09:32:38,2022-06-17 13:28:37
64377,136962,4,1,2022-11-05 20:41:51,2022-11-21 23:58:42
64377,137044,1,1,2022-06-17 17:43:48,2022-06-17 17:43:48
64377,137051,1,1,2022-06-18 12:48:15,2022-06-18 12:48:15
64377,137089,1,0,2022-06-19 21:21:31,2022-06-19 21:21:31
64377,137147,1,1,2022-06-20 11:56:47,2022-06-20 11:56:47
64377,137174,2,1,2022-06-21 22:03:44,2022-06-22 08:20:31
64377,137223,8,3,2022-06-25 22:57:51,2022-11-16 12:07:36
64377,137264,1,0,2022-06-25 17:13:16,2022-06-25 17:13:16
64377,137274,1,1,2022-06-27 13:16:43,2022-06-27 13:16:43
64377,137289,1,1,2022-06-27 21:48:12,2022-06-27 21:48:12
64377,137310,2,0,2022-06-28 21:57:26,2022-06-29 21:24:00
64377,137317,1,1,2022-06-30 08:39:32,2022-06-30 08:39:32
64377,137430,1,0,2022-06-30 08:13:21,2022-06-30 08:13:21
64377,137590,1,0,2022-06-30 21:37:02,2022-06-30 21:37:02
64377,137622,2,0,2022-07-01 08:57:02,2022-07-01 12:45:44
64377,137634,2,0,2022-07-02 14:43:33,2022-07-04 15:13:31
64377,137636,1,1,2022-07-01 17:12:30,2022-07-01 17:12:30
64377,137667,1,0,2022-11-26 12:42:15,2022-11-26 12:42:15
64377,137739,2,0,2022-07-05 21:28:34,2022-07-05 21:31:44
64377,137832,1,0,2022-07-07 10:36:07,2022-07-07 10:36:07
64377,137836,1,1,2022-07-07 22:58:14,2022-07-07 22:58:14
64377,137872,2,0,2022-07-12 21:28:55,2022-07-12 21:31:13
64377,137923,2,0,2022-07-10 09:49:35,2022-07-10 11:30:01
64377,137984,1,0,2022-07-12 18:07:19,2022-07-12 18:07:19
64377,138085,3,0,2022-12-09 16:12:03,2022-12-13 15:42:45
64377,138159,3,0,2022-07-16 09:40:52,2022-07-16 10:35:08
64377,138164,7,1,2022-07-16 09:51:32,2022-07-19 10:20:14
64377,138206,1,0,2022-07-17 16:27:00,2022-07-17 16:27:00
64377,138251,2,0,2022-07-19 14:20:40,2022-07-21 10:33:47
64377,138355,1,0,2022-07-25 08:28:03,2022-07-25 08:28:03
64377,138433,1,0,2022-07-24 13:48:04,2022-07-24 13:48:04
64377,138468,2,0,2022-07-27 14:35:01,2022-07-27 16:24:48
64377,138508,1,1,2023-03-21 17:49:42,2023-03-21 17:49:42
64377,138619,1,0,2022-07-28 15:59:09,2022-07-28 15:59:09
64377,138639,3,1,2022-07-30 10:47:01,2022-07-30 16:01:54
64377,138705,2,1,2022-07-31 08:58:23,2022-07-31 09:14:55
64377,138723,1,0,2022-08-14 22:17:49,2022-08-14 22:17:49
64377,138740,1,0,2022-08-01 18:09:42,2022-08-01 18:09:42
64377,138860,1,0,2022-08-05 12:42:03,2022-08-05 12:42:03
64377,138894,1,0,2022-08-14 22:16:36,2022-08-14 22:16:36
64377,138902,2,0,2022-08-05 16:40:45,2022-08-11 11:42:22
64377,139008,1,0,2022-10-15 09:49:27,2022-10-15 09:49:27
64377,139096,1,0,2022-08-13 16:16:28,2022-08-13 16:16:28
64377,139110,1,1,2022-08-18 15:48:54,2022-08-18 15:48:54
64377,139209,1,1,2022-08-19 15:24:20,2022-08-19 15:24:20
64377,139273,2,0,2022-09-21 14:54:32,2022-09-22 08:38:06
64377,139296,2,1,2022-08-16 22:06:26,2022-08-17 17:58:29
64377,139298,5,0,2022-08-16 22:02:42,2022-10-31 21:01:51
64377,139300,4,0,2022-08-20 20:04:24,2022-09-23 14:35:53
64377,139333,1,0,2022-08-18 14:26:59,2022-08-18 14:26:59
64377,139395,1,0,2022-08-19 14:16:00,2022-08-19 14:16:00
64377,139469,1,0,2022-08-21 16:09:26,2022-08-21 16:09:26
64377,139590,2,1,2022-08-24 16:15:55,2022-08-30 16:10:14
64377,139591,3,1,2022-08-24 13:55:05,2025-11-10 17:48:32
64377,139616,1,0,2022-08-24 18:25:05,2022-08-24 18:25:05
64377,139637,1,1,2022-08-25 14:27:13,2022-08-25 14:27:13
64377,139851,1,0,2022-08-31 09:46:04,2022-08-31 09:46:04
64377,139922,3,1,2022-09-13 11:49:21,2022-10-31 11:06:16
64377,139935,2,1,2022-09-28 21:40:43,2022-09-29 10:34:05
64377,140104,1,1,2022-09-08 11:29:08,2022-09-08 11:29:08
64377,140187,3,1,2022-11-17 16:17:02,2022-11-17 19:28:15
64377,140510,2,0,2022-09-26 10:10:26,2022-09-26 15:47:05
64377,140528,1,1,2022-09-17 15:05:34,2022-09-17 15:05:34
64377,140631,2,1,2022-09-21 15:33:36,2022-09-21 22:29:16
64377,140679,1,1,2022-09-22 12:12:37,2022-09-22 12:12:37
64377,140691,1,1,2022-09-21 19:48:01,2022-09-21 19:48:01
64377,140746,1,1,2022-11-10 16:01:43,2022-11-10 16:01:43
64377,140946,1,0,2022-12-08 14:21:20,2022-12-08 14:21:20
64377,140971,2,1,2022-09-29 10:26:17,2022-09-29 12:55:47
64377,140993,1,0,2025-11-15 21:44:25,2025-11-15 21:44:25
64377,141041,4,1,2022-10-01 15:48:55,2022-10-01 17:30:22
64377,141085,2,1,2022-10-11 22:46:29,2022-10-12 09:33:28
64377,141095,1,1,2022-10-04 11:06:26,2022-10-04 11:06:26
64377,141099,6,1,2023-02-26 12:35:16,2023-03-06 16:13:42
64377,141110,1,0,2022-10-04 10:49:22,2022-10-04 10:49:22
64377,141145,1,1,2022-10-04 18:43:03,2022-10-04 18:43:03
64377,141202,1,1,2022-10-30 16:45:34,2022-10-30 16:45:34
64377,141235,1,0,2022-10-06 10:42:38,2022-10-06 10:42:38
64377,141317,1,1,2022-10-08 11:22:03,2022-10-08 11:22:03
64377,141327,2,0,2022-10-08 21:57:31,2022-10-09 20:25:51
64377,141397,3,1,2022-10-10 22:29:11,2022-10-15 10:41:39
64377,141421,2,0,2022-10-11 10:42:04,2022-10-11 16:27:27
64377,141429,7,1,2022-10-13 16:34:32,2022-10-17 15:30:58
64377,141487,1,1,2022-10-12 22:44:24,2022-10-12 22:44:24
64377,141493,1,0,2022-10-20 18:28:19,2022-10-20 18:28:19
64377,141498,1,1,2022-10-13 08:55:41,2022-10-13 08:55:41
64377,141546,1,0,2022-10-14 08:38:11,2022-10-14 08:38:11
64377,141647,1,0,2022-10-28 17:53:19,2022-10-28 17:53:19
64377,141658,2,0,2022-10-17 22:42:23,2022-10-19 10:34:25
64377,141848,3,0,2022-10-22 13:31:50,2022-10-22 15:28:11
64377,141850,1,1,2022-12-30 11:11:22,2022-12-30 11:11:22
64377,141870,1,1,2022-10-22 22:46:37,2022-10-22 22:46:37
64377,141872,2,1,2022-10-23 17:46:31,2022-10-31 11:10:46
64377,141939,1,1,2022-10-25 22:32:46,2022-10-25 22:32:46
64377,142006,1,1,2022-10-26 16:52:14,2022-10-26 16:52:14
64377,142073,2,1,2023-04-06 14:46:45,2023-04-09 10:14:37
64377,142201,1,1,2022-10-30 18:42:51,2022-10-30 18:42:51
64377,142226,2,1,2022-10-31 20:39:50,2023-02-18 11:06:10
64377,142466,1,0,2022-11-09 11:17:26,2022-11-09 11:17:26
64377,142566,1,1,2022-11-09 11:53:55,2022-11-09 11:53:55
64377,142604,2,1,2022-11-09 23:02:50,2022-11-12 15:23:17
64377,142690,1,1,2022-11-11 17:46:41,2022-11-11 17:46:41
64377,142729,1,1,2022-11-15 10:00:11,2022-11-15 10:00:11
64377,142817,2,1,2022-11-15 17:24:22,2022-11-16 10:36:20
64377,143145,1,1,2022-11-23 14:48:17,2022-11-23 14:48:17
64377,143261,1,1,2022-11-27 17:49:04,2022-11-27 17:49:04
64377,143336,1,0,2022-12-05 18:07:44,2022-12-05 18:07:44
64377,143360,2,1,2022-11-30 11:49:54,2022-12-05 11:22:23
64377,143391,1,1,2022-12-01 14:20:09,2022-12-01 14:20:09
64377,143422,2,1,2022-12-01 17:22:50,2022-12-01 18:06:01
64377,143468,1,0,2022-12-02 23:14:07,2022-12-02 23:14:07
64377,143533,2,1,2022-12-05 18:22:56,2022-12-05 21:14:19
64377,143888,1,1,2022-12-23 14:37:43,2022-12-23 14:37:43
64377,143954,1,0,2022-12-16 12:03:57,2022-12-16 12:03:57
64377,143967,1,0,2023-03-08 16:10:36,2023-03-08 16:10:36
64377,143983,1,0,2022-12-17 10:13:26,2022-12-17 10:13:26
64377,144105,1,1,2023-02-13 18:16:34,2023-02-13 18:16:34
64377,144264,2,0,2022-12-27 11:14:28,2022-12-29 11:59:41
64377,144479,1,1,2023-01-03 22:40:08,2023-01-03 22:40:08
64377,144614,1,1,2023-01-07 11:26:24,2023-01-07 11:26:24
64377,144705,1,1,2023-01-10 19:27:23,2023-01-10 19:27:23
64377,144722,1,0,2023-01-11 15:59:41,2023-01-11 15:59:41
64377,144806,1,0,2023-01-13 16:25:50,2023-01-13 16:25:50
64377,144845,1,0,2023-01-17 12:28:06,2023-01-17 12:28:06
64377,144873,1,0,2023-01-17 17:52:54,2023-01-17 17:52:54
64377,144912,4,1,2023-01-18 15:44:27,2023-01-23 20:54:26
64377,145410,1,0,2023-01-31 10:52:34,2023-01-31 10:52:34
64377,145424,1,0,2023-02-11 11:13:14,2023-02-11 11:13:14
64377,145658,1,0,2023-03-20 23:27:44,2023-03-20 23:27:44
64377,145714,2,1,2023-02-08 11:55:07,2023-02-08 12:10:22
64377,145865,1,1,2023-02-12 17:11:07,2023-02-12 17:11:07
64377,146176,1,0,2023-02-21 16:56:49,2023-02-21 16:56:49
64377,146258,1,0,2023-02-23 15:45:19,2023-02-23 15:45:19
64377,146483,2,0,2023-10-25 17:11:37,2023-10-26 16:36:53
64377,147590,1,1,2023-03-15 19:04:48,2023-03-15 19:04:48
64377,148959,1,0,2023-04-14 10:24:57,2023-04-14 10:24:57
64377,149187,3,0,2023-04-21 18:28:32,2023-04-24 21:54:31
64377,149193,4,0,2023-04-21 20:12:34,2023-04-23 12:06:58
64377,149495,1,1,2023-05-21 22:50:51,2023-05-21 22:50:51
64377,150062,1,1,2023-05-26 11:12:54,2023-05-26 11:12:54
64377,150611,1,0,2023-06-08 13:53:50,2023-06-08 13:53:50
64377,153992,1,0,2024-03-08 11:47:08,2024-03-08 11:47:08
64377,154421,2,1,2023-09-11 11:41:46,2023-09-15 14:42:32
64377,155034,2,0,2023-10-03 18:02:55,2023-10-04 15:56:48
64377,158627,1,1,2024-01-06 22:08:02,2024-01-06 22:08:02
64377,161142,4,1,2021-10-04 19:21:54,2021-11-18 23:15:09
64377,163174,1,0,2024-05-26 14:24:26,2024-05-26 14:24:26
64377,167804,1,0,2024-09-05 20:34:12,2024-09-05 20:34:12
64377,178997,1,1,2025-03-12 16:50:07,2025-03-12 16:50:07
64377,179091,2,1,2025-03-17 22:07:09,2025-03-18 09:51:07
64377,186937,1,0,2025-09-20 16:07:38,2025-09-20 16:07:38
64405,144642,1,0,2023-01-09 15:10:13,2023-01-09 15:10:13
64409,7730,1,0,2024-10-28 01:32:28,2024-10-28 01:32:28
64876,55122,1,0,2022-03-24 13:41:58,2022-03-24 13:41:58
64876,124814,2,0,2022-03-26 01:13:19,2022-03-26 03:06:08
64881,137270,1,1,2022-11-14 13:38:02,2022-11-14 13:38:02
64935,1330,1,0,2022-12-12 16:19:05,2022-12-12 16:19:05
64935,14675,6,0,2023-06-21 16:50:45,2023-06-29 14:54:53
64935,51603,1,1,2022-11-15 16:16:57,2022-11-15 16:16:57
64935,58402,1,1,2022-10-20 13:59:07,2022-10-20 13:59:07
64935,63843,1,1,2022-12-12 14:54:08,2022-12-12 14:54:08
64935,108053,3,1,2022-12-16 14:11:19,2022-12-16 14:48:06
64935,109091,2,1,2022-11-17 19:23:42,2022-11-17 19:50:38
64935,111496,1,1,2023-01-04 21:35:24,2023-01-04 21:35:24
64935,122641,1,0,2021-09-22 16:09:21,2021-09-22 16:09:21
64935,138588,1,0,2022-09-23 13:33:09,2022-09-23 13:33:09
64935,139935,2,1,2022-09-28 21:13:09,2022-09-29 20:28:42
64935,140800,2,1,2022-09-26 14:27:58,2022-09-26 14:53:56
64935,141263,1,0,2022-10-10 19:35:12,2022-10-10 19:35:12
64935,141517,1,1,2022-10-13 14:52:15,2022-10-13 14:52:15
64935,141753,1,1,2022-10-19 20:49:27,2022-10-19 20:49:27
64935,141812,1,0,2023-04-10 15:00:48,2023-04-10 15:00:48
64935,143803,1,1,2022-12-13 16:11:23,2022-12-13 16:11:23
64935,143953,1,1,2022-12-16 14:34:52,2022-12-16 14:34:52
64935,144548,1,1,2023-01-05 14:14:30,2023-01-05 14:14:30
64935,150803,2,0,2023-06-26 18:06:39,2023-06-27 20:01:03
64935,150919,1,1,2023-06-21 17:00:57,2023-06-21 17:00:57
64973,127576,1,1,2021-12-19 01:58:07,2021-12-19 01:58:07
64981,105184,1,1,2022-06-24 12:50:50,2022-06-24 12:50:50
65057,127245,1,0,2022-05-22 04:55:25,2022-05-22 04:55:25
65128,158766,4,1,2024-01-12 07:38:40,2024-01-15 21:35:41
65131,38707,1,1,2021-05-10 07:27:09,2021-05-10 07:27:09
65131,68313,1,1,2020-12-06 00:13:49,2020-12-06 00:13:49
65131,70546,1,1,2021-05-10 07:21:02,2021-05-10 07:21:02
65131,87028,1,0,2021-02-09 16:17:14,2021-02-09 16:17:14
65131,104675,2,0,2021-01-13 14:00:52,2021-01-13 14:09:49
65131,108590,1,1,2020-12-10 18:55:02,2020-12-10 18:55:02
65131,108884,1,1,2020-12-15 15:45:34,2020-12-15 15:45:34
65131,113770,3,1,2021-04-08 14:02:47,2021-04-08 14:28:36
65131,115244,1,0,2021-05-10 07:18:09,2021-05-10 07:18:09
65135,75157,2,0,2022-09-14 20:19:35,2022-09-15 08:56:41
65140,139069,1,1,2022-12-03 15:56:16,2022-12-03 15:56:16
65149,98775,1,1,2021-08-01 10:09:10,2021-08-01 10:09:10
65153,3151,1,0,2024-08-26 19:56:26,2024-08-26 19:56:26
65153,43021,1,0,2023-12-21 16:55:46,2023-12-21 16:55:46
65153,64377,1,0,2021-04-20 14:02:37,2021-04-20 14:02:37
65153,64876,1,0,2023-05-12 15:10:37,2023-05-12 15:10:37
65153,74387,1,0,2024-04-01 14:05:43,2024-04-01 14:05:43
65153,74497,1,0,2023-06-15 20:56:36,2023-06-15 20:56:36
65153,75152,1,0,2023-02-08 21:55:51,2023-02-08 21:55:51
65153,76423,1,0,2023-12-20 01:56:58,2023-12-20 01:56:58
65153,95811,1,0,2023-06-01 18:51:05,2023-06-01 18:51:05
65153,107136,1,0,2023-01-25 22:29:46,2023-01-25 22:29:46
65153,107964,1,0,2020-12-08 19:31:10,2020-12-08 19:31:10
65153,112224,2,1,2021-02-26 20:28:16,2021-03-01 14:37:36
65153,127461,1,1,2023-05-23 21:24:27,2023-05-23 21:24:27
65153,127506,1,1,2021-11-12 16:19:56,2021-11-12 16:19:56
65153,130605,2,0,2023-01-18 22:29:15,2023-01-18 22:40:10
65153,136558,1,0,2022-11-02 21:01:49,2022-11-02 21:01:49
65153,141429,1,0,2022-10-17 15:20:38,2022-10-17 15:20:38
65153,141455,1,1,2022-10-12 21:26:20,2022-10-12 21:26:20
65153,144713,1,1,2023-04-04 13:34:53,2023-04-04 13:34:53
65153,147565,1,0,2023-03-03 17:45:03,2023-03-03 17:45:03
65153,148005,1,0,2023-12-21 16:44:04,2023-12-21 16:44:04
65153,148562,3,1,2023-05-10 13:44:58,2023-05-10 16:46:08
65153,148831,1,0,2023-04-10 20:29:24,2023-04-10 20:29:24
65153,149495,1,0,2023-05-15 15:04:18,2023-05-15 15:04:18
65153,150398,1,0,2023-06-05 20:54:33,2023-06-05 20:54:33
65153,150772,2,0,2024-08-26 19:48:19,2024-08-27 16:33:16
65153,151915,1,0,2024-02-12 16:09:24,2024-02-12 16:09:24
65153,152096,1,0,2024-02-21 21:32:19,2024-02-21 21:32:19
65153,155171,1,0,2024-01-31 17:59:13,2024-01-31 17:59:13
65153,159547,1,0,2024-02-05 14:22:41,2024-02-05 14:22:41
65153,159564,1,0,2024-02-12 16:12:07,2024-02-12 16:12:07
65153,159650,2,0,2024-02-08 20:05:34,2024-02-08 20:09:27
65153,159658,1,0,2024-02-12 16:13:15,2024-02-12 16:13:15
65153,159761,1,0,2024-02-27 17:46:52,2024-02-27 17:46:52
65153,159995,1,1,2024-04-01 16:24:46,2024-04-01 16:24:46
65153,161077,2,1,2024-02-26 16:54:24,2024-02-26 17:23:28
65153,161239,2,0,2024-03-04 16:18:12,2024-03-06 15:12:14
65153,161782,1,0,2024-03-26 13:41:54,2024-03-26 13:41:54
65153,163514,1,0,2024-06-11 14:41:56,2024-06-11 14:41:56
65153,168886,1,0,2024-09-13 20:11:16,2024-09-13 20:11:16
65193,112788,4,0,2021-03-05 12:36:54,2021-03-07 16:27:20
65193,153020,1,1,2023-08-05 11:50:37,2023-08-05 11:50:37
65193,156810,1,0,2023-12-04 06:35:59,2023-12-04 06:35:59
65198,107201,1,1,2022-03-03 14:24:34,2022-03-03 14:24:34
65286,133901,1,1,2022-04-06 09:15:44,2022-04-06 09:15:44
65288,133229,1,1,2022-09-29 15:29:09,2022-09-29 15:29:09
65467,109760,1,1,2021-01-03 14:23:50,2021-01-03 14:23:50
65478,135065,2,0,2022-04-27 07:50:48,2022-04-27 11:07:54
65520,118699,1,1,2021-06-07 06:44:08,2021-06-07 06:44:08
65556,110196,2,1,2021-01-14 12:50:49,2021-01-15 11:09:53
65655,14433,1,1,2022-03-08 11:31:19,2022-03-08 11:31:19
65655,32243,2,1,2021-03-03 08:02:39,2021-03-03 08:30:42
65655,92340,1,1,2021-03-03 07:54:26,2021-03-03 07:54:26
65655,106808,1,1,2021-03-03 07:28:40,2021-03-03 07:28:40
65655,111325,1,1,2021-02-03 16:41:34,2021-02-03 16:41:34
65655,111344,1,0,2021-02-04 04:57:36,2021-02-04 04:57:36
65655,133121,1,1,2022-03-07 07:55:09,2022-03-07 07:55:09
65655,133184,2,0,2022-03-07 07:48:42,2022-03-07 08:04:58
65655,133210,1,1,2022-03-08 11:58:05,2022-03-08 11:58:05
65781,11061,1,0,2021-05-31 13:45:57,2021-05-31 13:45:57
65781,30653,1,1,2021-06-19 17:29:09,2021-06-19 17:29:09
65781,57835,2,0,2021-05-27 17:47:36,2021-05-28 04:42:04
65781,60636,1,0,2021-06-02 08:00:17,2021-06-02 08:00:17
65781,73930,2,0,2022-01-03 14:49:48,2022-01-03 15:51:04
65781,76779,1,0,2021-12-22 02:00:29,2021-12-22 02:00:29
65781,82027,1,1,2021-05-29 11:11:52,2021-05-29 11:11:52
65781,83143,1,1,2021-09-24 00:39:22,2021-09-24 00:39:22
65781,100269,1,0,2021-06-08 19:28:20,2021-06-08 19:28:20
65781,100345,1,0,2021-05-29 05:08:13,2021-05-29 05:08:13
65781,101495,1,1,2021-12-31 05:15:23,2021-12-31 05:15:23
65781,103683,1,0,2021-11-26 04:39:31,2021-11-26 04:39:31
65781,104153,1,1,2021-05-29 11:05:25,2021-05-29 11:05:25
65781,104409,1,1,2021-06-19 16:00:40,2021-06-19 16:00:40
65781,107730,1,1,2021-06-24 15:19:29,2021-06-24 15:19:29
65781,108467,2,1,2021-05-27 18:15:50,2021-06-03 15:13:36
65781,109295,2,1,2021-06-14 06:16:20,2021-06-16 12:17:20
65781,109836,9,2,2021-06-13 16:24:47,2021-06-16 13:09:18
65781,110396,1,1,2021-06-24 16:52:18,2021-06-24 16:52:18
65781,110760,2,1,2021-06-03 20:20:05,2021-06-08 16:44:38
65781,110934,1,0,2021-06-14 15:52:38,2021-06-14 15:52:38
65781,112149,1,1,2021-06-17 07:25:26,2021-06-17 07:25:26
65781,113023,1,1,2021-03-09 14:02:33,2021-03-09 14:02:33
65781,113087,1,0,2021-06-03 19:58:52,2021-06-03 19:58:52
65781,115447,6,2,2021-05-31 07:15:36,2021-06-27 16:33:18
65781,116212,4,1,2021-11-26 19:00:26,2021-11-28 16:22:59
65781,116588,2,1,2021-05-29 05:05:27,2021-05-29 10:39:37
65781,117255,2,1,2021-05-27 18:54:31,2021-05-28 04:49:49
65781,118229,1,0,2021-06-01 05:48:06,2021-06-01 05:48:06
65781,118281,2,0,2021-06-04 07:48:11,2021-06-04 08:44:43
65781,118493,2,1,2021-05-29 05:32:59,2021-05-29 09:07:17
65781,118540,1,0,2021-05-30 06:54:09,2021-05-30 06:54:09
65781,118567,3,1,2021-05-30 19:07:35,2021-06-03 15:14:34
65781,118592,1,0,2021-05-31 12:32:05,2021-05-31 12:32:05
65781,118612,1,0,2021-06-01 05:03:27,2021-06-01 05:03:27
65781,118658,4,1,2021-06-02 07:24:27,2021-06-08 15:30:37
65781,118731,1,0,2021-06-04 08:41:24,2021-06-04 08:41:24
65781,118951,1,1,2021-06-08 15:56:12,2021-06-08 15:56:12
65781,118978,2,1,2021-06-08 17:30:31,2021-06-14 14:26:13
65781,119063,1,1,2021-06-12 03:42:25,2021-06-12 03:42:25
65781,119140,1,0,2021-06-24 15:08:08,2021-06-24 15:08:08
65781,119244,1,0,2021-06-13 06:45:01,2021-06-13 06:45:01
65781,119322,2,1,2021-06-15 10:32:07,2021-06-16 12:19:15
65781,119797,1,0,2021-06-27 19:31:06,2021-06-27 19:31:06
65781,120088,1,0,2021-07-01 08:41:54,2021-07-01 08:41:54
65781,120603,2,1,2021-09-26 06:02:36,2021-09-26 21:25:57
65781,121152,2,0,2021-12-22 00:23:47,2021-12-22 17:43:41
65781,122578,2,1,2021-11-26 06:14:15,2021-11-28 03:55:43
65781,122972,3,1,2021-12-02 01:29:50,2021-12-02 18:43:22
65781,125412,1,0,2021-09-18 01:52:12,2021-09-18 01:52:12
65781,125740,1,0,2021-09-26 06:07:49,2021-09-26 06:07:49
65781,127094,1,0,2021-11-03 04:19:00,2021-11-03 04:19:00
65781,127699,1,0,2021-11-13 19:50:17,2021-11-13 19:50:17
65781,127703,1,1,2021-11-26 22:03:52,2021-11-26 22:03:52
65781,128160,1,0,2021-11-26 06:18:47,2021-11-26 06:18:47
65781,128186,1,1,2021-11-26 05:20:20,2021-11-26 05:20:20
65781,128215,2,1,2021-11-26 18:51:06,2021-11-28 03:54:28
65781,130096,1,0,2021-12-22 00:21:26,2021-12-22 00:21:26
65781,130104,1,0,2021-12-22 00:15:53,2021-12-22 00:15:53
65781,130491,1,1,2022-01-02 16:20:28,2022-01-02 16:20:28
65781,130528,1,1,2022-01-03 14:37:00,2022-01-03 14:37:00
65908,112797,1,0,2021-03-04 12:56:44,2021-03-04 12:56:44
65908,112820,1,1,2021-03-04 20:07:50,2021-03-04 20:07:50
65985,115274,2,1,2021-05-07 02:41:12,2021-05-07 05:03:07
66026,43711,1,1,2024-01-01 07:15:27,2024-01-01 07:15:27
66026,53278,1,1,2023-08-30 11:32:58,2023-08-30 11:32:58
66026,86160,1,1,2022-02-21 14:09:02,2022-02-21 14:09:02
66026,113301,1,1,2021-09-09 07:42:55,2021-09-09 07:42:55
66026,123356,3,1,2021-08-23 06:32:42,2021-08-24 06:01:32
66026,154855,1,1,2023-09-27 08:49:01,2023-09-27 08:49:01
66044,137051,1,1,2022-10-18 05:21:58,2022-10-18 05:21:58
66044,141613,1,1,2022-10-18 05:40:29,2022-10-18 05:40:29
66044,141634,2,0,2022-10-17 16:33:51,2022-10-17 16:35:51
66044,141656,1,1,2022-10-17 18:31:42,2022-10-17 18:31:42
66117,110214,2,0,2021-01-12 17:42:04,2021-01-12 17:48:04
66149,13736,1,1,2023-11-13 01:28:09,2023-11-13 01:28:09
66227,100269,2,0,2021-01-26 08:38:30,2021-01-26 08:51:56
66331,73930,2,0,2022-03-23 17:34:55,2022-03-24 12:00:00
66331,133184,2,1,2022-03-23 12:59:43,2022-03-24 12:12:29
66331,137223,2,1,2022-09-18 09:18:02,2022-09-18 11:27:10
66759,30346,1,1,2021-01-16 11:31:03,2021-01-16 11:31:03
66777,99565,1,1,2023-11-15 11:05:28,2023-11-15 11:05:28
66788,17384,1,1,2021-10-01 15:10:13,2021-10-01 15:10:13
66788,47826,1,1,2021-09-23 13:13:56,2021-09-23 13:13:56
66788,49589,1,1,2021-09-23 10:58:14,2021-09-23 10:58:14
66788,59085,1,0,2021-10-08 09:26:30,2021-10-08 09:26:30
66788,63505,1,1,2021-09-22 12:02:35,2021-09-22 12:02:35
66788,63620,1,1,2021-10-03 13:24:48,2021-10-03 13:24:48
66788,64125,2,1,2021-09-22 14:36:36,2021-09-29 10:13:08
66788,64199,1,0,2021-09-28 14:32:19,2021-09-28 14:32:19
66788,67993,1,1,2021-10-04 07:15:11,2021-10-04 07:15:11
66788,73930,2,0,2021-10-04 15:01:13,2021-10-08 12:20:46
66788,77146,1,1,2021-10-19 11:26:24,2021-10-19 11:26:24
66788,85344,4,1,2021-10-01 10:37:34,2021-10-02 13:09:59
66788,89270,1,0,2021-09-24 19:43:56,2021-09-24 19:43:56
66788,108185,1,1,2021-09-30 09:50:04,2021-09-30 09:50:04
66788,109715,1,0,2021-09-25 14:50:40,2021-09-25 14:50:40
66788,113735,1,1,2021-10-05 10:54:54,2021-10-05 10:54:54
66788,115434,3,1,2021-10-09 09:26:54,2021-10-10 14:41:21
66788,115588,3,1,2021-09-24 13:02:27,2021-09-24 13:18:40
66788,116284,1,0,2021-10-07 20:01:38,2021-10-07 20:01:38
66788,117400,4,1,2021-09-24 19:26:48,2021-09-26 09:59:02
66788,118978,1,1,2021-09-25 11:18:58,2021-09-25 11:18:58
66788,119127,1,0,2021-10-13 09:11:47,2021-10-13 09:11:47
66788,119436,1,1,2021-09-27 10:46:00,2021-09-27 10:46:00
66788,119448,2,1,2021-10-16 09:21:33,2021-10-16 09:54:35
66788,120210,1,0,2021-10-18 08:50:56,2021-10-18 08:50:56
66788,120295,2,1,2021-10-05 09:05:29,2021-10-05 11:40:48
66788,120630,1,1,2021-09-26 14:04:10,2021-09-26 14:04:10
66788,124901,2,1,2021-09-21 11:10:16,2021-09-21 12:32:41
66788,125356,1,1,2021-10-08 06:55:22,2021-10-08 06:55:22
66788,125467,2,1,2021-09-27 11:23:15,2021-09-27 18:08:24
66788,125527,1,1,2021-09-30 12:40:15,2021-09-30 12:40:15
66788,125751,4,1,2021-09-26 10:41:42,2021-09-26 13:37:30
66788,125760,1,1,2021-09-27 09:10:13,2021-09-27 09:10:13
66788,125821,2,0,2021-09-28 10:13:47,2021-09-29 07:51:34
66788,125932,1,1,2021-10-08 10:17:48,2021-10-08 10:17:48
66788,125960,1,1,2021-10-03 12:52:28,2021-10-03 12:52:28
66788,126045,1,1,2021-10-04 19:02:19,2021-10-04 19:02:19
66788,126059,3,1,2021-10-04 11:36:27,2021-10-04 13:36:10
66788,126075,1,0,2021-10-05 12:05:52,2021-10-05 12:05:52
66788,126125,4,1,2021-10-06 08:08:22,2021-10-06 09:41:58
66788,126176,1,0,2021-10-07 08:41:20,2021-10-07 08:41:20
66788,126183,1,1,2021-10-07 12:22:12,2021-10-07 12:22:12
66788,126201,2,1,2021-10-07 14:56:07,2021-10-07 16:37:24
66788,126206,1,1,2021-10-07 18:53:19,2021-10-07 18:53:19
66788,126241,1,0,2021-10-08 12:26:57,2021-10-08 12:26:57
66788,126307,1,0,2021-10-10 07:48:17,2021-10-10 07:48:17
66788,126493,1,1,2021-10-15 08:11:15,2021-10-15 08:11:15
66788,126721,1,0,2021-10-20 08:56:30,2021-10-20 08:56:30
66901,115447,1,1,2021-04-26 12:08:50,2021-04-26 12:08:50
66901,117096,3,1,2021-05-05 10:53:28,2021-05-05 13:00:42
66948,140691,1,1,2023-02-13 02:28:54,2023-02-13 02:28:54
66987,148239,1,1,2023-03-24 09:19:33,2023-03-24 09:19:33
67148,50566,2,1,2021-06-18 14:15:19,2021-06-18 14:33:57
67201,130528,1,1,2022-10-12 14:10:09,2022-10-12 14:10:09
67203,76182,2,1,2023-05-22 14:58:50,2023-05-22 17:38:22
67203,126156,2,1,2023-05-17 22:19:09,2023-05-18 14:32:56
67203,143103,1,1,2023-05-14 15:26:36,2023-05-14 15:26:36
67203,149919,3,1,2023-05-16 16:16:16,2023-05-16 17:57:54
67203,150026,1,1,2023-05-20 14:23:04,2023-05-20 14:23:04
67203,150075,2,1,2023-05-22 13:00:10,2023-05-22 18:00:23
67203,150114,1,0,2023-05-22 23:04:01,2023-05-22 23:04:01
67203,151885,1,1,2023-07-18 15:31:32,2023-07-18 15:31:32
67203,153097,1,0,2023-08-04 18:34:08,2023-08-04 18:34:08
67328,111305,1,0,2021-02-09 18:51:05,2021-02-09 18:51:05
67328,113533,1,1,2021-03-24 05:46:25,2021-03-24 05:46:25
67339,119921,1,0,2023-12-19 18:37:07,2023-12-19 18:37:07
67339,148492,2,1,2023-12-20 19:28:00,2023-12-20 19:39:21
67339,155819,1,0,2023-12-05 21:40:18,2023-12-05 21:40:18
67339,156542,1,1,2023-12-05 22:30:25,2023-12-05 22:30:25
67339,156545,1,0,2023-12-13 15:50:31,2023-12-13 15:50:31
67339,156879,1,1,2023-12-06 15:52:07,2023-12-06 15:52:07
67339,161078,1,1,2023-12-05 22:15:56,2023-12-05 22:15:56
67366,117567,1,1,2022-09-28 19:20:00,2022-09-28 19:20:00
67427,122973,1,1,2021-08-14 21:10:51,2021-08-14 21:10:51
67931,113585,1,0,2022-06-23 14:35:54,2022-06-23 14:35:54
67993,100986,1,0,2020-12-17 20:39:04,2020-12-17 20:39:04
68023,8999,2,0,2023-01-17 13:09:32,2023-01-17 16:14:12
68023,14582,1,0,2021-04-09 06:56:31,2021-04-09 06:56:31
68023,17815,2,0,2022-07-10 08:08:11,2022-07-10 13:30:54
68023,23240,1,0,2021-06-22 01:28:43,2021-06-22 01:28:43
68023,24665,1,0,2021-02-26 06:19:13,2021-02-26 06:19:13
68023,37510,2,0,2021-10-14 04:44:39,2021-10-15 02:52:01
68023,54586,2,0,2021-04-09 06:48:07,2021-04-09 06:49:49
68023,58074,1,0,2021-04-09 06:52:43,2021-04-09 06:52:43
68023,63343,1,0,2021-05-25 03:45:44,2021-05-25 03:45:44
68023,68742,1,0,2021-05-12 08:34:15,2021-05-12 08:34:15
68023,70546,1,0,2021-05-11 07:37:35,2021-05-11 07:37:35
68023,83540,1,0,2021-06-28 04:13:28,2021-06-28 04:13:28
68023,104814,1,0,2021-04-08 07:47:15,2021-04-08 07:47:15
68023,106388,1,0,2021-05-05 06:39:30,2021-05-05 06:39:30
68023,107031,1,0,2021-02-27 04:52:21,2021-02-27 04:52:21
68023,109295,4,1,2021-06-07 02:11:03,2021-06-23 01:17:03
68023,109820,1,0,2021-01-04 14:23:58,2021-01-04 14:23:58
68023,111766,1,0,2021-08-21 01:54:01,2021-08-21 01:54:01
68023,112229,1,0,2021-02-22 04:51:15,2021-02-22 04:51:15
68023,112672,1,0,2021-11-20 02:39:43,2021-11-20 02:39:43
68023,112938,1,0,2021-04-12 01:50:19,2021-04-12 01:50:19
68023,115447,1,0,2021-04-28 07:59:11,2021-04-28 07:59:11
68023,115719,1,0,2021-04-10 07:26:41,2021-04-10 07:26:41
68023,115738,1,0,2021-04-10 07:17:58,2021-04-10 07:17:58
68023,115739,1,0,2021-04-10 07:30:28,2021-04-10 07:30:28
68023,115760,2,1,2021-04-11 02:07:34,2021-04-11 07:25:17
68023,116824,2,1,2021-04-29 03:14:55,2021-04-30 03:22:06
68023,116923,3,0,2021-05-05 06:41:38,2021-05-05 08:11:01
68023,117170,1,0,2021-05-11 07:45:47,2021-05-11 07:45:47
68023,117255,1,0,2021-05-12 08:30:44,2021-05-12 08:30:44
68023,117431,1,0,2021-05-10 08:16:14,2021-05-10 08:16:14
68023,117686,1,0,2021-05-15 07:59:54,2021-05-15 07:59:54
68023,117784,1,0,2021-05-22 07:45:26,2021-05-22 07:45:26
68023,118231,1,0,2021-05-24 14:48:51,2021-05-24 14:48:51
68023,118361,1,0,2021-05-26 14:15:30,2021-05-26 14:15:30
68023,118731,1,1,2021-06-04 08:28:30,2021-06-04 08:28:30
68023,119444,1,0,2021-06-22 14:31:02,2021-06-22 14:31:02
68023,119461,1,0,2021-06-28 04:11:12,2021-06-28 04:11:12
68023,121127,1,0,2021-08-21 01:53:02,2021-08-21 01:53:02
68023,125747,1,0,2022-01-09 01:29:49,2022-01-09 01:29:49
68023,125977,1,0,2021-10-02 12:51:26,2021-10-02 12:51:26
68023,126402,1,0,2022-01-22 02:13:12,2022-01-22 02:13:12
68023,126466,1,0,2022-01-22 07:40:26,2022-01-22 07:40:26
68023,127846,1,0,2022-09-09 02:44:00,2022-09-09 02:44:00
68023,128150,1,1,2022-01-25 05:11:35,2022-01-25 05:11:35
68023,130742,1,0,2022-01-09 01:35:24,2022-01-09 01:35:24
68023,133292,3,0,2022-08-18 13:43:25,2022-08-18 13:53:08
68023,134324,1,0,2022-04-08 04:40:02,2022-04-08 04:40:02
68023,134328,1,0,2022-04-08 04:38:44,2022-04-08 04:38:44
68023,134381,1,0,2022-04-09 11:35:40,2022-04-09 11:35:40
68023,142187,2,0,2022-10-30 13:47:56,2022-11-07 12:48:31
68023,145317,1,0,2023-02-03 02:50:48,2023-02-03 02:50:48
68023,145388,1,0,2023-02-03 02:45:13,2023-02-03 02:45:13
68023,145620,1,0,2023-02-06 15:37:04,2023-02-06 15:37:04
68025,14675,1,0,2023-11-08 21:52:01,2023-11-08 21:52:01
68025,64377,1,0,2021-10-12 01:47:17,2021-10-12 01:47:17
68025,130357,1,0,2023-04-02 01:27:26,2023-04-02 01:27:26
68025,140187,1,0,2022-09-08 06:10:22,2022-09-08 06:10:22
68068,116212,2,1,2021-07-11 04:07:06,2021-07-12 03:37:21
68209,110582,1,1,2021-01-20 10:33:48,2021-01-20 10:33:48
68219,115497,4,1,2021-04-12 07:44:08,2021-06-07 05:13:56
68219,115499,2,1,2021-04-12 07:47:17,2021-06-06 18:43:37
68230,54377,1,1,2022-10-06 18:31:50,2022-10-06 18:31:50
68230,80328,1,0,2022-10-05 19:26:17,2022-10-05 19:26:17
68230,118390,1,0,2022-10-07 15:34:29,2022-10-07 15:34:29
68230,141028,1,1,2022-10-04 14:54:41,2022-10-04 14:54:41
68313,120831,3,1,2021-07-28 06:52:09,2021-07-30 15:44:19
68460,172930,1,1,2025-02-03 13:55:54,2025-02-03 13:55:54
68460,175783,1,1,2025-02-03 20:02:15,2025-02-03 20:02:15
68575,109836,2,0,2022-10-03 12:18:17,2022-10-04 05:16:21
68575,127623,1,0,2022-10-14 12:40:25,2022-10-14 12:40:25
69002,117522,1,1,2021-05-22 17:26:40,2021-05-22 17:26:40
69002,139318,2,0,2022-08-22 11:58:40,2022-08-23 13:14:47
69002,168331,1,1,2024-09-02 07:44:36,2024-09-02 07:44:36
69074,87028,1,1,2020-12-08 14:32:47,2020-12-08 14:32:47
69074,108524,1,1,2020-12-08 16:21:15,2020-12-08 16:21:15
69093,118065,1,1,2021-10-07 14:06:18,2021-10-07 14:06:18
69149,67931,1,0,2024-10-09 05:08:22,2024-10-09 05:08:22
69150,7730,1,0,2024-11-19 08:24:05,2024-11-19 08:24:05
69263,1330,2,0,2023-10-10 21:44:45,2024-12-03 20:32:36
69263,7730,1,0,2024-12-18 23:13:35,2024-12-18 23:13:35
69263,14675,2,0,2023-10-10 21:43:48,2024-12-16 00:33:57
69263,38353,1,0,2023-10-10 21:44:51,2023-10-10 21:44:51
69263,53038,1,0,2023-10-02 14:05:56,2023-10-02 14:05:56
69263,62846,1,0,2026-02-26 20:33:39,2026-02-26 20:33:39
69263,64377,1,0,2022-12-17 17:27:49,2022-12-17 17:27:49
69263,65984,1,0,2023-11-10 02:20:50,2023-11-10 02:20:50
69263,79227,1,0,2025-11-11 07:45:30,2025-11-11 07:45:30
69263,83275,1,0,2023-10-13 09:50:12,2023-10-13 09:50:12
69263,98749,1,1,2023-10-02 16:11:39,2023-10-02 16:11:39
69263,103879,1,0,2026-02-26 20:01:26,2026-02-26 20:01:26
69263,105469,3,1,2024-11-19 21:21:41,2024-11-19 22:55:29
69263,110790,3,1,2024-01-25 02:13:28,2024-01-26 04:55:31
69263,113787,1,1,2025-02-21 00:34:30,2025-02-21 00:34:30
69263,119598,1,1,2024-09-13 16:19:07,2024-09-13 16:19:07
69263,120363,1,1,2024-12-03 23:06:53,2024-12-03 23:06:53
69263,128444,1,1,2025-12-07 23:03:01,2025-12-07 23:03:01
69263,131143,1,0,2022-01-17 13:42:48,2022-01-17 13:42:48
69263,133321,2,0,2024-09-13 18:16:49,2024-09-13 18:48:05
69263,134539,1,1,2025-11-11 07:36:47,2025-11-11 07:36:47
69263,135456,1,1,2025-12-30 19:30:04,2025-12-30 19:30:04
69263,135707,1,0,2024-03-04 12:50:53,2024-03-04 12:50:53
69263,136213,1,1,2023-09-30 21:57:42,2023-09-30 21:57:42
69263,136909,1,1,2024-12-07 13:56:15,2024-12-07 13:56:15
69263,137397,1,1,2024-12-19 02:45:08,2024-12-19 02:45:08
69263,142361,1,0,2022-12-15 01:53:40,2022-12-15 01:53:40
69263,145234,1,0,2025-09-09 12:19:53,2025-09-09 12:19:53
69263,146452,2,1,2024-09-13 18:44:31,2025-05-19 16:31:00
69263,150257,5,0,2024-11-19 04:55:34,2024-11-19 06:07:47
69263,150656,2,1,2026-01-02 05:43:08,2026-01-02 05:54:10
69263,151416,4,1,2024-11-25 10:53:33,2024-11-25 11:15:53
69263,154198,1,0,2026-06-05 15:48:37,2026-06-05 15:48:37
69263,154923,5,1,2023-10-02 10:35:29,2023-10-02 20:03:30
69263,159393,1,1,2024-02-01 00:10:19,2024-02-01 00:10:19
69263,174092,1,0,2024-12-16 17:27:11,2024-12-16 17:27:11
69263,174858,2,0,2024-12-16 00:26:18,2024-12-17 13:28:40
69263,176229,1,1,2025-01-14 23:02:20,2025-01-14 23:02:20
69263,176664,1,0,2025-02-06 00:29:17,2025-02-06 00:29:17
69263,187395,1,0,2025-10-14 16:04:55,2025-10-14 16:04:55
69263,191955,1,0,2026-01-18 17:33:02,2026-01-18 17:33:02
69263,191970,1,0,2026-01-18 17:35:22,2026-01-18 17:35:22
69362,52972,6,0,2024-06-08 08:40:37,2024-06-08 09:42:58
69362,116238,1,0,2022-08-24 05:00:04,2022-08-24 05:00:04
69362,141580,1,0,2024-06-08 09:16:19,2024-06-08 09:16:19
69395,192619,1,0,2026-02-22 18:58:21,2026-02-22 18:58:21
69395,193405,2,0,2026-04-29 20:06:14,2026-04-30 10:36:40
69440,122984,1,0,2021-09-15 02:53:29,2021-09-15 02:53:29
69470,102637,1,1,2021-01-06 12:35:24,2021-01-06 12:35:24
69470,122494,1,1,2021-08-12 06:38:42,2021-08-12 06:38:42
69470,125882,2,1,2021-10-06 07:40:53,2021-10-12 13:31:05
69470,144190,1,1,2022-12-23 07:16:01,2022-12-23 07:16:01
69470,148953,1,1,2023-04-14 06:21:59,2023-04-14 06:21:59
69470,158395,1,1,2023-12-28 07:04:25,2023-12-28 07:04:25
69478,56600,2,1,2021-01-19 10:43:33,2021-01-19 17:51:06
69478,69263,5,1,2023-02-18 15:58:23,2023-02-19 10:12:26
69478,75157,1,0,2022-02-10 17:16:53,2022-02-10 17:16:53
69478,80860,1,1,2023-01-26 08:18:09,2023-01-26 08:18:09
69478,89270,1,0,2022-02-10 06:23:48,2022-02-10 06:23:48
69478,98873,1,1,2021-01-16 23:02:33,2021-01-16 23:02:33
69478,102852,4,1,2020-12-16 08:07:16,2020-12-16 14:56:22
69478,108717,5,1,2020-12-15 10:41:51,2020-12-15 15:38:49
69478,108738,1,1,2020-12-15 10:58:16,2020-12-15 10:58:16
69478,108868,2,1,2020-12-15 12:25:36,2020-12-16 16:18:45
69478,110476,1,1,2022-02-15 07:23:21,2022-02-15 07:23:21
69478,119043,2,1,2023-03-15 15:50:28,2023-03-16 06:53:57
69478,132125,1,1,2022-02-09 09:26:48,2022-02-09 09:26:48
69478,132377,1,1,2022-02-15 07:48:26,2022-02-15 07:48:26
69478,137882,1,0,2024-03-04 05:27:39,2024-03-04 05:27:39
69478,140278,1,1,2023-02-13 19:51:26,2023-02-13 19:51:26
69478,145110,2,1,2023-02-02 11:10:09,2023-02-21 07:35:10
69478,148155,2,0,2023-03-22 12:48:58,2023-03-23 09:30:34
69658,136877,1,0,2025-02-27 13:48:36,2025-02-27 13:48:36
69670,66839,1,1,2021-12-29 19:26:44,2021-12-29 19:26:44
69670,73930,1,0,2021-12-27 23:25:34,2021-12-27 23:25:34
69670,77949,1,1,2021-08-28 06:51:26,2021-08-28 06:51:26
69670,100269,1,0,2021-12-29 20:05:42,2021-12-29 20:05:42
69670,101175,1,0,2021-09-18 21:08:13,2021-09-18 21:08:13
69670,119045,1,1,2021-06-09 21:47:26,2021-06-09 21:47:26
69670,119921,1,0,2021-11-07 20:02:10,2021-11-07 20:02:10
69670,122451,1,0,2021-12-29 20:33:19,2021-12-29 20:33:19
69670,122680,1,1,2021-12-29 10:35:51,2021-12-29 10:35:51
69670,123456,2,1,2021-08-27 21:09:50,2021-09-02 14:24:09
69670,123598,1,1,2021-08-28 06:43:30,2021-08-28 06:43:30
69670,125747,1,1,2022-01-01 09:27:06,2022-01-01 09:27:06
69670,126946,1,0,2021-10-25 15:56:35,2021-10-25 15:56:35
69670,127464,1,1,2021-11-07 20:18:32,2021-11-07 20:18:32
69670,127472,1,1,2021-11-07 20:00:41,2021-11-07 20:00:41
69670,127896,1,0,2022-01-04 18:50:45,2022-01-04 18:50:45
69670,130116,1,0,2021-12-21 13:32:00,2021-12-21 13:32:00
69670,130239,1,1,2021-12-27 15:30:03,2021-12-27 15:30:03
69670,130374,1,0,2021-12-29 20:59:41,2021-12-29 20:59:41
69822,102816,1,1,2022-02-15 15:55:20,2022-02-15 15:55:20
69822,131704,1,1,2022-01-31 16:43:13,2022-01-31 16:43:13
69861,158695,1,1,2024-01-12 16:49:45,2024-01-12 16:49:45
69861,158797,1,0,2024-01-13 10:31:54,2024-01-13 10:31:54
70066,21319,1,0,2021-10-30 05:00:10,2021-10-30 05:00:10
70066,102852,2,0,2021-11-02 15:26:05,2021-11-02 15:27:18
70066,107730,1,0,2021-03-17 03:36:28,2021-03-17 03:36:28
70066,111562,2,1,2021-02-08 16:04:21,2021-02-08 18:57:18
70066,113023,1,0,2021-03-10 20:42:58,2021-03-10 20:42:58
70066,113364,1,0,2021-03-17 03:39:42,2021-03-17 03:39:42
70066,115719,1,0,2021-04-10 00:09:27,2021-04-10 00:09:27
70066,116774,1,1,2021-04-28 11:15:35,2021-04-28 11:15:35
70066,117791,1,0,2021-05-16 16:59:01,2021-05-16 16:59:01
70066,117844,1,0,2021-05-17 14:33:59,2021-05-17 14:33:59
70066,117937,1,1,2021-05-19 14:26:15,2021-05-19 14:26:15
70066,126706,1,1,2021-10-30 05:14:53,2021-10-30 05:14:53
70128,122830,2,1,2021-08-10 17:45:24,2021-08-10 19:07:05
70391,104285,2,1,2022-07-07 14:06:25,2022-07-07 14:07:08
70391,133184,2,1,2022-07-08 11:09:34,2022-07-08 11:52:59
70409,99835,1,1,2023-03-12 20:11:44,2023-03-12 20:11:44
70546,67536,1,0,2024-03-22 04:31:20,2024-03-22 04:31:20
70680,14675,1,0,2023-04-02 11:47:52,2023-04-02 11:47:52
70816,132787,1,1,2022-02-23 19:51:57,2022-02-23 19:51:57
70832,70546,1,0,2022-07-26 12:31:00,2022-07-26 12:31:00
70894,122641,1,1,2021-09-22 20:14:43,2021-09-22 20:14:43
70970,104243,1,1,2021-09-19 19:15:19,2021-09-19 19:15:19
71006,76137,1,1,2021-08-23 15:21:24,2021-08-23 15:21:24
71006,123272,1,1,2021-08-23 14:19:48,2021-08-23 14:19:48
71006,123284,4,1,2021-08-23 15:31:02,2021-08-24 16:22:22
71006,123297,1,1,2021-08-20 13:56:48,2021-08-20 13:56:48
71140,49229,1,1,2022-01-31 17:37:34,2022-01-31 17:37:34
71140,102722,1,1,2021-09-17 20:01:54,2021-09-17 20:01:54
71140,121168,1,0,2021-07-26 18:49:34,2021-07-26 18:49:34
71140,137451,1,1,2022-06-27 14:59:01,2022-06-27 14:59:01
71140,139209,1,1,2022-08-19 14:54:05,2022-08-19 14:54:05
71140,176736,1,0,2025-11-04 19:39:43,2025-11-04 19:39:43
71218,149495,1,1,2023-05-16 03:09:27,2023-05-16 03:09:27
71219,303,1,1,2023-12-28 04:10:20,2023-12-28 04:10:20
71219,7705,1,1,2021-02-15 05:05:53,2021-02-15 05:05:53
71219,7730,1,0,2022-10-18 19:40:05,2022-10-18 19:40:05
71219,32882,1,0,2021-01-21 06:44:59,2021-01-21 06:44:59
71219,43209,1,0,2021-01-23 23:25:00,2021-01-23 23:25:00
71219,78014,1,1,2024-02-13 21:48:02,2024-02-13 21:48:02
71219,93591,2,0,2021-01-21 06:43:16,2021-01-21 14:24:52
71219,110965,3,1,2021-02-19 19:09:33,2021-02-20 01:46:53
71219,112137,1,0,2021-02-19 18:40:33,2021-02-19 18:40:33
71219,112195,4,0,2021-02-20 20:25:20,2021-02-21 03:41:10
71219,119653,1,0,2024-01-21 17:39:26,2024-01-21 17:39:26
71219,123568,1,0,2024-01-11 18:07:52,2024-01-11 18:07:52
71219,127399,1,1,2023-12-21 18:24:48,2023-12-21 18:24:48
71219,128779,1,0,2021-12-12 04:37:37,2021-12-12 04:37:37
71219,140515,1,1,2023-12-21 17:58:50,2023-12-21 17:58:50
71219,148044,2,1,2024-03-27 04:52:52,2024-04-04 02:44:27
71219,150257,1,0,2025-03-13 21:57:54,2025-03-13 21:57:54
71219,158308,1,1,2023-12-21 20:54:08,2023-12-21 20:54:08
71219,158436,1,1,2023-12-29 06:30:12,2023-12-29 06:30:12
71219,158446,1,1,2023-12-28 23:09:19,2023-12-28 23:09:19
71219,158493,1,0,2024-01-01 23:17:24,2024-01-01 23:17:24
71219,158779,2,1,2024-01-12 22:38:58,2024-01-15 22:00:15
71219,159393,2,2,2024-01-31 03:09:12,2024-01-31 23:56:29
71219,161970,1,0,2024-04-04 02:46:15,2024-04-04 02:46:15
71219,171188,1,0,2024-10-19 05:51:24,2024-10-19 05:51:24
71243,64726,1,0,2022-01-26 16:59:19,2022-01-26 16:59:19
71243,70546,1,1,2022-01-22 03:06:13,2022-01-22 03:06:13
71243,71732,1,0,2022-01-23 20:54:12,2022-01-23 20:54:12
71243,87292,1,1,2022-01-21 05:20:01,2022-01-21 05:20:01
71243,89416,1,1,2022-02-09 01:59:08,2022-02-09 01:59:08
71243,102713,8,1,2022-02-09 02:18:30,2022-02-09 07:52:51
71243,105323,1,1,2022-01-22 02:14:04,2022-01-22 02:14:04
71243,125590,1,1,2022-01-21 06:25:02,2022-01-21 06:25:02
71243,125803,1,1,2022-01-21 06:06:53,2022-01-21 06:06:53
71243,126241,1,1,2022-01-21 10:48:54,2022-01-21 10:48:54
71243,126402,3,1,2022-01-22 02:37:23,2022-01-22 05:12:57
71243,126466,1,1,2022-01-22 09:26:59,2022-01-22 09:26:59
71243,131297,1,1,2022-01-22 02:55:00,2022-01-22 02:55:00
71243,131308,1,1,2022-01-21 05:39:02,2022-01-21 05:39:02
71243,131311,1,1,2022-01-21 04:55:25,2022-01-21 04:55:25
71243,131341,1,1,2022-01-22 02:03:53,2022-01-22 02:03:53
71243,131342,12,2,2022-01-22 01:46:16,2022-01-25 09:01:58
71243,131348,2,1,2022-01-22 01:14:08,2022-01-24 23:04:33
71297,29905,1,0,2022-10-07 19:19:42,2022-10-07 19:19:42
71297,63745,1,0,2022-10-09 17:42:48,2022-10-09 17:42:48
71297,73930,2,0,2022-10-08 03:41:14,2022-10-08 04:30:08
71297,117841,1,0,2022-10-07 19:42:45,2022-10-07 19:42:45
71297,118390,1,1,2022-10-08 01:46:35,2022-10-08 01:46:35
71297,118677,2,1,2022-01-20 18:10:56,2022-01-21 14:39:08
71297,118696,1,0,2021-06-03 01:11:33,2021-06-03 01:11:33
71297,119834,1,0,2021-06-25 20:09:52,2021-06-25 20:09:52
71297,126241,1,1,2022-01-20 18:35:53,2022-01-20 18:35:53
71297,130819,1,0,2022-01-20 18:18:09,2022-01-20 18:18:09
71297,131455,1,0,2022-01-25 06:19:09,2022-01-25 06:19:09
71297,140631,1,0,2022-10-09 17:25:07,2022-10-09 17:25:07
71297,141193,1,1,2022-10-07 20:12:25,2022-10-07 20:12:25
71297,141202,1,1,2022-10-07 19:09:42,2022-10-07 19:09:42
71442,8493,1,1,2022-03-13 21:39:30,2022-03-13 21:39:30
71442,21254,2,1,2022-02-16 15:09:58,2022-02-16 21:48:24
71442,27638,3,0,2021-12-15 09:17:02,2021-12-15 12:34:35
71442,30313,1,0,2021-05-11 07:29:37,2021-05-11 07:29:37
71442,32243,1,1,2022-02-13 10:18:15,2022-02-13 10:18:15
71442,37153,1,0,2021-02-07 22:17:31,2021-02-07 22:17:31
71442,37363,1,0,2022-01-02 08:44:28,2022-01-02 08:44:28
71442,40327,1,0,2022-02-08 20:01:33,2022-02-08 20:01:33
71442,41629,1,1,2021-11-18 13:39:16,2021-11-18 13:39:16
71442,45709,1,0,2021-05-27 13:05:14,2021-05-27 13:05:14
71442,54290,1,1,2021-12-13 20:50:16,2021-12-13 20:50:16
71442,54799,1,1,2021-05-16 11:38:21,2021-05-16 11:38:21
71442,58750,2,1,2022-02-16 10:15:43,2022-02-16 10:27:22
71442,60620,1,1,2021-11-12 12:09:56,2021-11-12 12:09:56
71442,63800,2,1,2021-04-12 13:19:23,2021-04-12 14:47:32
71442,64363,1,1,2022-02-15 13:20:12,2022-02-15 13:20:12
71442,64876,1,0,2022-02-21 05:51:34,2022-02-21 05:51:34
71442,67275,1,0,2022-01-28 21:59:03,2022-01-28 21:59:03
71442,70546,2,1,2021-09-08 10:25:50,2021-09-08 21:27:46
71442,70614,1,0,2021-01-20 14:23:53,2021-01-20 14:23:53
71442,74966,3,0,2021-08-24 09:06:33,2021-08-24 09:33:44
71442,75803,2,1,2021-09-03 12:55:24,2021-09-04 19:33:07
71442,82257,3,1,2022-02-16 10:17:55,2022-02-16 11:55:20
71442,82549,2,0,2021-11-29 20:53:21,2021-11-30 09:01:20
71442,83862,1,1,2021-05-18 20:33:58,2021-05-18 20:33:58
71442,85344,1,1,2021-10-02 09:30:22,2021-10-02 09:30:22
71442,86002,1,1,2021-11-21 20:22:30,2021-11-21 20:22:30
71442,86290,1,1,2021-01-26 08:49:55,2021-01-26 08:49:55
71442,87292,1,1,2021-08-20 20:16:31,2021-08-20 20:16:31
71442,89046,1,1,2022-02-07 22:10:49,2022-02-07 22:10:49
71442,89639,1,1,2021-10-19 20:03:48,2021-10-19 20:03:48
71442,91500,1,0,2021-01-08 22:12:33,2021-01-08 22:12:33
71442,92086,1,0,2022-01-16 20:40:39,2022-01-16 20:40:39
71442,93863,2,0,2021-01-21 21:58:40,2021-01-22 20:26:11
71442,94264,1,0,2022-01-26 21:44:46,2022-01-26 21:44:46
71442,96672,1,0,2021-02-04 18:22:44,2021-02-04 18:22:44
71442,97182,1,0,2021-11-14 23:22:27,2021-11-14 23:22:27
71442,98535,1,1,2020-12-24 09:31:41,2020-12-24 09:31:41
71442,98646,1,0,2021-11-04 15:01:51,2021-11-04 15:01:51
71442,98669,1,1,2021-04-17 15:05:02,2021-04-17 15:05:02
71442,98970,1,0,2021-07-21 19:49:07,2021-07-21 19:49:07
71442,100147,1,1,2021-11-07 11:17:07,2021-11-07 11:17:07
71442,100986,1,0,2020-12-17 23:01:39,2020-12-17 23:01:39
71442,102713,6,3,2021-10-25 19:41:34,2022-03-23 09:36:48
71442,102816,1,1,2022-02-15 20:18:55,2022-02-15 20:18:55
71442,103805,2,1,2020-12-29 11:17:56,2020-12-30 10:52:17
71442,105469,2,1,2021-10-22 15:29:10,2021-10-25 16:42:28
71442,108624,3,1,2022-03-02 14:47:26,2022-03-02 17:44:25
71442,108717,2,0,2020-12-24 13:51:18,2020-12-24 17:47:06
71442,109587,4,0,2021-01-17 18:24:16,2021-01-18 20:21:14
71442,109806,1,1,2021-01-23 18:22:19,2021-01-23 18:22:19
71442,109987,2,1,2021-01-31 21:39:11,2021-02-01 20:53:52
71442,110310,1,1,2021-01-17 18:41:54,2021-01-17 18:41:54
71442,110564,3,0,2021-07-15 08:24:57,2021-07-15 11:30:01
71442,110649,1,1,2022-02-18 18:58:43,2022-02-18 18:58:43
71442,110735,1,0,2021-01-23 20:52:20,2021-01-23 20:52:20
71442,110757,1,0,2021-10-25 19:57:41,2021-10-25 19:57:41
71442,111128,1,0,2022-01-14 15:21:11,2022-01-14 15:21:11
71442,111191,1,0,2021-02-01 21:17:37,2021-02-01 21:17:37
71442,111497,1,0,2021-02-07 22:51:44,2021-02-07 22:51:44
71442,111526,1,1,2021-02-07 19:15:29,2021-02-07 19:15:29
71442,111618,1,1,2022-01-02 19:29:02,2022-01-02 19:29:02
71442,112011,1,1,2021-02-18 09:15:32,2021-02-18 09:15:32
71442,112139,1,1,2022-02-14 22:30:40,2022-02-14 22:30:40
71442,112548,1,0,2021-11-29 16:11:51,2021-11-29 16:11:51
71442,113365,1,0,2021-08-20 17:06:23,2021-08-20 17:06:23
71442,113585,1,0,2021-10-23 18:13:10,2021-10-23 18:13:10
71442,113844,2,1,2021-11-15 11:09:20,2021-11-15 15:43:45
71442,115244,1,0,2021-04-04 11:12:10,2021-04-04 11:12:10
71442,115275,2,1,2021-08-30 17:47:22,2021-08-30 18:03:11
71442,115502,1,1,2021-04-06 08:13:13,2021-04-06 08:13:13
71442,115738,1,1,2021-04-10 10:59:11,2021-04-10 10:59:11
71442,116212,1,0,2021-12-04 21:35:27,2021-12-04 21:35:27
71442,116228,1,1,2021-04-17 20:55:29,2021-04-17 20:55:29
71442,116333,1,1,2021-11-24 11:02:42,2021-11-24 11:02:42
71442,116942,1,1,2021-05-01 10:36:05,2021-05-01 10:36:05
71442,117003,1,1,2021-12-04 21:01:26,2021-12-04 21:01:26
71442,117017,1,0,2021-05-03 09:35:38,2021-05-03 09:35:38
71442,117548,1,1,2021-11-16 14:59:13,2021-11-16 14:59:13
71442,117791,1,0,2021-05-26 19:12:34,2021-05-26 19:12:34
71442,117851,1,1,2021-05-17 18:11:22,2021-05-17 18:11:22
71442,117911,1,1,2021-05-18 17:08:10,2021-05-18 17:08:10
71442,118415,1,0,2021-05-27 13:03:24,2021-05-27 13:03:24
71442,118437,1,0,2021-05-27 20:30:32,2021-05-27 20:30:32
71442,118571,1,0,2021-05-31 07:53:35,2021-05-31 07:53:35
71442,118798,1,0,2021-06-05 22:53:49,2021-06-05 22:53:49
71442,118916,2,1,2022-02-09 13:09:23,2022-02-09 18:36:03
71442,119022,1,0,2021-06-09 21:03:00,2021-06-09 21:03:00
71442,119448,1,1,2021-12-20 18:18:30,2021-12-20 18:18:30
71442,119921,3,2,2021-08-27 10:04:17,2022-01-08 11:24:04
71442,120202,3,1,2022-02-19 11:15:08,2022-02-25 15:32:21
71442,121208,1,0,2022-02-19 19:44:21,2022-02-19 19:44:21
71442,122735,1,0,2021-08-08 19:16:15,2021-08-08 19:16:15
71442,122830,1,0,2021-08-10 17:40:44,2021-08-10 17:40:44
71442,123017,1,0,2021-08-21 20:17:23,2021-08-21 20:17:23
71442,123456,1,0,2021-08-27 19:28:23,2021-08-27 19:28:23
71442,123521,1,1,2021-08-26 09:41:02,2021-08-26 09:41:02
71442,123528,1,1,2021-08-27 08:38:19,2021-08-27 08:38:19
71442,123559,2,1,2021-08-30 11:31:31,2021-08-30 16:24:56
71442,123692,1,1,2021-08-30 20:04:50,2021-08-30 20:04:50
71442,124896,3,1,2021-09-04 20:31:23,2021-09-04 21:04:00
71442,124914,1,1,2021-09-05 12:10:05,2021-09-05 12:10:05
71442,124989,1,0,2022-03-03 22:37:14,2022-03-03 22:37:14
71442,125035,2,0,2021-09-08 21:18:33,2021-09-08 21:35:08
71442,125045,1,0,2021-09-08 20:08:54,2021-09-08 20:08:54
71442,125079,2,1,2021-09-09 19:20:15,2022-07-18 18:45:26
71442,125140,1,0,2021-09-11 10:43:30,2021-09-11 10:43:30
71442,125527,8,3,2021-11-04 14:36:57,2021-11-27 08:55:46
71442,125747,3,1,2022-01-09 22:22:35,2022-03-19 20:03:03
71442,125803,2,1,2022-01-16 18:04:26,2022-01-20 22:29:02
71442,126079,2,1,2021-11-29 12:27:20,2021-11-29 15:36:28
71442,126175,1,0,2021-11-24 10:14:19,2021-11-24 10:14:19
71442,126241,2,1,2022-01-20 16:43:56,2022-02-22 10:04:29
71442,126496,1,0,2022-03-05 22:25:43,2022-03-05 22:25:43
71442,126568,1,0,2022-01-08 23:19:19,2022-01-08 23:19:19
71442,126577,1,1,2022-02-12 12:28:33,2022-02-12 12:28:33
71442,126643,2,1,2021-12-17 17:15:01,2021-12-28 22:11:23
71442,126696,1,1,2021-10-19 21:08:08,2021-10-19 21:08:08
71442,126875,3,1,2021-11-22 09:21:47,2021-11-22 16:19:45
71442,126952,1,1,2021-10-26 09:32:56,2021-10-26 09:32:56
71442,126998,1,0,2021-10-26 21:26:37,2021-10-26 21:26:37
71442,127236,1,1,2021-11-02 12:15:04,2021-11-02 12:15:04
71442,127247,1,1,2021-11-02 15:02:58,2021-11-02 15:02:58
71442,127292,1,0,2021-11-09 20:10:22,2021-11-09 20:10:22
71442,127451,1,0,2021-11-07 20:34:09,2021-11-07 20:34:09
71442,127506,2,0,2021-11-08 20:47:01,2021-11-12 19:34:33
71442,127707,1,0,2022-03-01 20:09:42,2022-03-01 20:09:42
71442,127761,1,0,2021-11-15 10:46:13,2021-11-15 10:46:13
71442,127869,1,0,2021-12-03 07:48:44,2021-12-03 07:48:44
71442,127921,1,0,2021-11-19 08:06:36,2021-11-19 08:06:36
71442,128014,1,1,2021-11-22 08:05:34,2021-11-22 08:05:34
71442,128084,1,1,2021-11-23 17:24:55,2021-11-23 17:24:55
71442,128184,1,1,2021-11-26 10:51:58,2021-11-26 10:51:58
71442,128213,2,1,2021-11-26 18:21:05,2021-12-20 17:40:05
71442,128234,1,0,2021-11-27 14:36:48,2021-11-27 14:36:48
71442,128260,2,1,2021-11-27 23:49:57,2021-11-28 19:41:41
71442,128325,2,1,2021-11-29 15:58:58,2021-12-02 17:16:52
71442,128328,2,0,2021-11-29 15:42:46,2021-11-29 19:30:08
71442,128347,1,0,2021-11-29 23:00:00,2021-11-29 23:00:00
71442,128351,1,1,2021-11-30 08:55:15,2021-11-30 08:55:15
71442,128393,1,1,2021-12-01 11:32:19,2021-12-01 11:32:19
71442,128409,1,1,2021-12-01 16:48:15,2021-12-01 16:48:15
71442,128521,2,1,2021-12-04 20:40:05,2021-12-04 21:13:50
71442,128934,2,0,2021-12-16 21:40:56,2021-12-16 21:41:37
71442,129968,1,0,2021-12-16 22:47:06,2021-12-16 22:47:06
71442,129985,1,0,2021-12-17 20:52:12,2021-12-17 20:52:12
71442,129989,1,1,2021-12-17 17:06:43,2021-12-17 17:06:43
71442,130104,1,0,2021-12-21 13:52:48,2021-12-21 13:52:48
71442,130316,1,1,2022-01-07 08:45:21,2022-01-07 08:45:21
71442,130374,1,1,2021-12-29 20:32:45,2021-12-29 20:32:45
71442,130376,1,0,2021-12-29 20:28:51,2021-12-29 20:28:51
71442,130386,1,1,2021-12-29 20:06:52,2021-12-29 20:06:52
71442,130442,1,0,2021-12-31 11:24:17,2021-12-31 11:24:17
71442,130663,1,1,2022-01-07 09:20:30,2022-01-07 09:20:30
71442,130734,1,0,2022-02-12 22:09:47,2022-02-12 22:09:47
71442,130803,3,1,2022-01-14 10:27:04,2022-01-21 08:07:38
71442,130814,1,0,2022-01-13 09:36:32,2022-01-13 09:36:32
71442,130925,3,1,2022-01-12 17:19:53,2022-01-13 18:14:49
71442,130966,2,0,2022-01-13 12:55:29,2022-01-13 14:09:42
71442,130983,1,0,2022-01-13 14:13:54,2022-01-13 14:13:54
71442,130999,2,1,2022-01-26 09:31:51,2022-01-26 20:50:11
71442,131236,1,1,2022-02-06 22:52:13,2022-02-06 22:52:13
71442,131264,1,0,2022-01-20 08:14:31,2022-01-20 08:14:31
71442,131357,1,0,2022-01-22 13:11:15,2022-01-22 13:11:15
71442,131455,1,0,2022-01-24 20:05:19,2022-01-24 20:05:19
71442,131588,1,0,2022-01-27 17:02:40,2022-01-27 17:02:40
71442,131702,1,1,2022-02-08 19:44:58,2022-02-08 19:44:58
71442,131919,4,1,2022-02-03 20:17:00,2022-02-07 22:55:07
71442,132065,1,0,2022-02-12 20:59:16,2022-02-12 20:59:16
71442,132087,2,1,2022-02-07 22:37:54,2022-02-07 22:57:00
71442,132276,1,1,2022-02-11 17:19:59,2022-02-11 17:19:59
71442,132307,2,0,2022-02-12 20:56:03,2022-02-13 21:51:00
71442,132310,1,0,2022-02-12 20:54:08,2022-02-12 20:54:08
71442,132328,1,0,2022-02-13 18:10:53,2022-02-13 18:10:53
71442,132333,2,1,2022-02-18 13:32:59,2022-02-18 17:15:27
71442,132337,2,1,2022-02-17 08:40:28,2022-02-17 18:08:57
71442,132537,2,0,2022-03-01 19:19:23,2022-03-01 20:16:44
71442,132585,1,1,2022-02-19 12:07:06,2022-02-19 12:07:06
71442,132593,1,1,2022-02-19 15:01:13,2022-02-19 15:01:13
71442,132906,4,2,2022-02-27 10:48:25,2022-03-02 10:32:38
71442,132933,1,0,2022-03-01 13:52:25,2022-03-01 13:52:25
71442,133145,2,1,2022-03-05 16:35:34,2022-03-05 20:43:09
71442,133149,1,1,2022-03-05 21:41:12,2022-03-05 21:41:12
71442,133229,1,1,2022-03-13 21:59:18,2022-03-13 21:59:18
71442,133237,1,0,2022-03-08 10:13:04,2022-03-08 10:13:04
71442,133681,1,1,2022-03-21 09:18:10,2022-03-21 09:18:10
71442,133793,1,0,2022-03-24 16:51:59,2022-03-24 16:51:59
71442,134501,1,1,2022-04-16 09:33:24,2022-04-16 09:33:24
71442,134592,1,1,2022-04-16 10:11:18,2022-04-16 10:11:18
71675,76275,2,1,2020-12-26 10:10:39,2020-12-27 19:35:43
71675,109400,1,1,2020-12-26 09:51:33,2020-12-26 09:51:33
71706,92086,1,1,2022-01-16 22:27:31,2022-01-16 22:27:31
71706,128745,1,1,2022-01-16 22:39:47,2022-01-16 22:39:47
71781,64377,2,0,2023-02-21 09:41:32,2023-02-21 14:38:26
71781,101175,1,1,2021-09-15 13:22:45,2021-09-15 13:22:45
71818,115001,1,0,2021-07-16 10:24:31,2021-07-16 10:24:31
71888,3151,1,1,2024-08-26 10:36:03,2024-08-26 10:36:03
71888,116244,1,0,2021-04-18 08:01:46,2021-04-18 08:01:46
71888,168097,1,1,2024-08-28 12:10:16,2024-08-28 12:10:16
71888,168099,1,1,2024-08-30 07:41:29,2024-08-30 07:41:29
71888,168131,1,1,2024-08-29 09:00:52,2024-08-29 09:00:52
71903,111618,1,1,2022-04-29 21:49:49,2022-04-29 21:49:49
71937,141493,1,1,2023-03-16 14:27:10,2023-03-16 14:27:10
73322,116745,2,1,2021-05-03 18:14:21,2021-05-04 20:15:07
73322,136932,1,1,2022-08-30 17:00:16,2022-08-30 17:00:16
73476,110229,1,1,2021-01-12 16:17:30,2021-01-12 16:17:30
73506,87239,4,1,2020-12-08 14:11:10,2020-12-08 14:31:23
73506,130860,2,1,2022-05-30 07:42:44,2022-05-30 08:43:10
73600,87876,1,1,2023-07-12 16:32:33,2023-07-12 16:32:33
73600,149495,1,1,2023-06-27 18:10:46,2023-06-27 18:10:46
73600,151056,1,1,2023-06-27 17:46:09,2023-06-27 17:46:09
73600,151226,3,1,2023-06-27 17:58:18,2023-07-03 10:37:08
73600,151619,1,1,2023-07-09 17:26:17,2023-07-09 17:26:17
73722,67492,1,0,2021-04-30 15:02:06,2021-04-30 15:02:06
73792,100586,1,1,2021-03-19 11:32:22,2021-03-19 11:32:22
73792,113388,1,1,2021-03-16 10:39:32,2021-03-16 10:39:32
73818,43061,1,1,2023-10-18 20:32:35,2023-10-18 20:32:35
73930,21,1,0,2022-05-27 12:23:06,2022-05-27 12:23:06
73930,303,1,0,2021-06-23 11:55:34,2021-06-23 11:55:34
73930,1097,2,0,2021-07-31 01:52:08,2021-07-31 02:41:00
73930,1330,4,0,2021-08-11 19:45:05,2024-01-09 20:10:51
73930,2853,1,0,2023-07-07 10:39:34,2023-07-07 10:39:34
73930,8417,1,0,2022-03-21 17:03:21,2022-03-21 17:03:21
73930,9123,1,0,2022-10-01 19:57:20,2022-10-01 19:57:20
73930,9618,1,0,2025-03-14 01:44:58,2025-03-14 01:44:58
73930,13165,3,0,2023-11-10 20:00:46,2023-11-10 22:06:19
73930,14412,1,1,2022-03-02 15:17:43,2022-03-02 15:17:43
73930,14675,1,0,2023-02-15 14:04:21,2023-02-15 14:04:21
73930,14981,2,0,2022-03-30 10:43:40,2022-09-11 20:59:58
73930,15533,2,1,2021-06-08 00:10:21,2021-06-08 00:19:40
73930,15927,2,0,2021-07-05 04:19:10,2021-07-05 16:02:59
73930,23240,2,0,2021-06-21 15:23:15,2021-06-21 15:35:48
73930,24240,1,0,2021-03-05 18:56:55,2021-03-05 18:56:55
73930,26671,1,0,2021-11-16 02:49:52,2021-11-16 02:49:52
73930,31434,1,0,2022-05-26 10:21:43,2022-05-26 10:21:43
73930,32926,2,0,2023-12-20 15:19:25,2023-12-22 14:39:56
73930,37510,4,0,2021-10-09 05:28:12,2021-10-09 06:15:01
73930,37648,1,0,2023-09-13 02:47:43,2023-09-13 02:47:43
73930,38353,1,0,2023-09-20 10:27:15,2023-09-20 10:27:15
73930,40382,1,1,2021-06-18 03:02:52,2021-06-18 03:02:52
73930,40951,1,0,2021-07-23 17:00:50,2021-07-23 17:00:50
73930,41629,2,0,2021-08-28 02:33:12,2021-08-28 02:59:36
73930,41637,1,0,2023-03-16 10:57:10,2023-03-16 10:57:10
73930,43472,1,1,2021-06-03 14:43:13,2021-06-03 14:43:13
73930,43711,1,0,2024-01-03 13:52:19,2024-01-03 13:52:19
73930,44188,4,1,2022-03-15 01:12:12,2023-08-31 18:32:32
73930,49759,1,0,2022-10-19 22:23:22,2022-10-19 22:23:22
73930,50664,1,0,2022-12-16 21:23:00,2022-12-16 21:23:00
73930,51603,1,0,2022-02-26 03:56:56,2022-02-26 03:56:56
73930,51687,3,0,2022-08-08 14:40:23,2022-08-08 14:48:49
73930,51836,1,0,2021-02-17 15:03:37,2021-02-17 15:03:37
73930,52972,1,0,2021-11-17 18:44:17,2021-11-17 18:44:17
73930,53215,1,0,2022-12-19 10:43:25,2022-12-19 10:43:25
73930,54292,3,0,2024-12-02 18:44:42,2024-12-02 20:16:49
73930,54865,1,0,2022-11-18 17:50:40,2022-11-18 17:50:40
73930,54944,1,0,2021-11-12 23:18:53,2021-11-12 23:18:53
73930,55122,1,0,2021-03-05 19:39:55,2021-03-05 19:39:55
73930,56574,2,0,2021-10-08 23:09:41,2021-10-09 19:15:06
73930,56811,1,0,2024-01-16 18:25:07,2024-01-16 18:25:07
73930,57817,1,0,2021-10-11 07:05:15,2021-10-11 07:05:15
73930,58140,1,0,2023-11-02 02:29:29,2023-11-02 02:29:29
73930,58341,2,0,2021-03-18 14:08:14,2021-03-18 14:32:20
73930,58750,1,0,2021-08-11 15:34:58,2021-08-11 15:34:58
73930,60175,1,0,2022-11-27 21:00:26,2022-11-27 21:00:26
73930,61445,1,1,2022-09-24 20:16:08,2022-09-24 20:16:08
73930,62207,2,0,2023-02-16 23:49:22,2023-02-16 23:51:40
73930,62521,3,0,2021-12-19 21:07:06,2021-12-19 21:49:40
73930,62846,1,1,2023-01-04 04:47:11,2023-01-04 04:47:11
73930,63745,4,1,2022-07-26 21:45:37,2022-10-23 16:16:29
73930,64238,2,0,2024-03-01 00:02:31,2024-03-03 06:09:16
73930,64377,5,0,2021-09-08 17:46:10,2023-03-21 01:15:59
73930,64876,13,2,2022-02-20 11:35:55,2024-07-18 10:26:23
73930,65149,1,0,2023-10-04 23:00:15,2023-10-04 23:00:15
73930,65533,1,1,2022-09-11 02:21:01,2022-09-11 02:21:01
73930,65781,3,0,2022-01-03 14:44:49,2022-01-03 16:48:07
73930,66331,2,0,2022-03-23 15:01:57,2022-03-23 17:40:14
73930,66788,1,0,2021-10-04 14:56:48,2021-10-04 14:56:48
73930,66839,2,0,2021-12-29 16:26:03,2021-12-29 19:49:17
73930,68274,2,0,2023-11-18 01:01:13,2023-11-18 20:27:52
73930,69263,1,0,2024-07-04 00:56:56,2024-07-04 00:56:56
73930,69670,1,0,2021-12-27 16:36:12,2021-12-27 16:36:12
73930,70393,2,0,2020-12-11 13:22:41,2020-12-11 14:56:26
73930,70832,1,0,2022-03-14 12:22:44,2022-03-14 12:22:44
73930,71297,2,0,2022-10-08 02:40:21,2022-10-08 03:50:05
73930,71442,1,0,2021-12-14 03:09:02,2021-12-14 03:09:02
73930,71706,1,0,2022-01-17 02:57:11,2022-01-17 02:57:11
73930,73438,1,0,2022-05-03 16:01:32,2022-05-03 16:01:32
73930,73505,1,1,2022-12-30 22:00:04,2022-12-30 22:00:04
73930,73650,1,0,2021-10-04 01:56:12,2021-10-04 01:56:12
73930,74387,2,0,2022-07-05 18:46:10,2024-01-16 18:20:30
73930,74592,1,1,2022-01-10 02:56:19,2022-01-10 02:56:19
73930,75152,1,0,2022-08-02 14:35:32,2022-08-02 14:35:32
73930,75157,2,0,2021-05-27 14:27:47,2021-08-13 20:59:48
73930,76386,2,1,2022-04-15 23:40:49,2022-04-15 23:50:36
73930,77949,1,1,2021-09-07 23:38:27,2021-09-07 23:38:27
73930,78513,1,1,2021-07-02 21:08:53,2021-07-02 21:08:53
73930,80609,1,0,2021-08-02 14:27:34,2021-08-02 14:27:34
73930,83378,1,1,2022-01-23 14:42:40,2022-01-23 14:42:40
73930,84859,2,0,2023-02-08 16:28:54,2023-02-08 18:48:51
73930,84861,1,0,2021-07-20 21:49:01,2021-07-20 21:49:01
73930,86002,1,1,2021-11-21 23:34:31,2021-11-21 23:34:31
73930,86062,2,0,2023-11-25 15:12:18,2023-11-25 15:37:02
73930,86339,2,0,2021-12-27 17:57:33,2022-11-17 21:59:46
73930,86818,1,0,2021-08-19 16:23:52,2021-08-19 16:23:52
73930,86828,1,0,2021-06-03 19:47:03,2021-06-03 19:47:03
73930,87630,1,0,2022-11-18 18:20:35,2022-11-18 18:20:35
73930,87876,1,1,2026-02-19 16:58:49,2026-02-19 16:58:49
73930,87901,1,0,2021-04-03 11:33:28,2021-04-03 11:33:28
73930,88367,1,0,2021-11-30 19:32:53,2021-11-30 19:32:53
73930,89478,2,0,2022-07-29 09:57:26,2022-07-29 10:16:58
73930,90447,1,0,2021-11-18 23:00:18,2021-11-18 23:00:18
73930,90957,2,1,2024-06-06 15:25:46,2024-06-06 15:33:38
73930,91724,13,1,2021-04-14 10:08:30,2026-01-28 15:56:14
73930,91877,2,0,2024-05-30 10:17:02,2024-05-30 10:20:13
73930,92050,1,0,2021-03-11 14:01:07,2021-03-11 14:01:07
73930,92396,2,0,2021-07-13 20:14:39,2021-07-14 09:31:48
73930,93863,1,0,2021-09-18 12:14:15,2021-09-18 12:14:15
73930,94070,1,0,2024-01-01 17:48:47,2024-01-01 17:48:47
73930,94689,1,0,2021-10-18 03:52:08,2021-10-18 03:52:08
73930,95244,1,1,2022-10-07 21:36:51,2022-10-07 21:36:51
73930,95575,1,0,2021-08-21 19:13:25,2021-08-21 19:13:25
73930,95946,1,0,2021-06-18 17:06:47,2021-06-18 17:06:47
73930,98775,1,1,2021-08-29 15:37:05,2021-08-29 15:37:05
73930,99230,1,1,2021-06-21 15:15:10,2021-06-21 15:15:10
73930,99260,1,0,2022-10-20 14:53:00,2022-10-20 14:53:00
73930,99648,1,0,2022-05-27 13:26:35,2022-05-27 13:26:35
73930,101228,1,0,2021-07-02 02:39:54,2021-07-02 02:39:54
73930,102713,9,1,2021-10-31 02:30:20,2024-08-28 16:20:34
73930,102722,1,0,2021-09-18 03:51:39,2021-09-18 03:51:39
73930,102816,1,0,2021-03-13 04:05:37,2021-03-13 04:05:37
73930,102848,1,0,2021-11-06 22:28:53,2021-11-06 22:28:53
73930,102852,2,0,2020-12-14 15:52:39,2021-06-21 13:15:23
73930,103664,1,0,2022-08-18 21:35:59,2022-08-18 21:35:59
73930,104371,2,0,2021-10-24 15:50:36,2021-10-24 15:55:06
73930,104872,3,0,2021-07-09 15:11:55,2021-11-24 13:50:59
73930,105173,2,0,2021-06-15 12:04:26,2021-11-29 17:09:46
73930,105267,2,0,2023-11-26 16:09:37,2023-11-26 16:25:32
73930,105896,1,1,2021-03-24 15:14:20,2021-03-24 15:14:20
73930,106367,1,0,2021-01-05 00:27:47,2021-01-05 00:27:47
73930,106438,1,0,2021-09-07 01:05:59,2021-09-07 01:05:59
73930,106808,1,0,2021-03-03 02:10:39,2021-03-03 02:10:39
73930,106821,1,0,2021-11-09 13:10:20,2021-11-09 13:10:20
73930,107002,2,0,2021-11-01 10:47:20,2021-11-01 20:52:20
73930,107613,5,0,2021-06-15 09:53:26,2021-06-15 16:19:55
73930,107730,4,1,2022-04-16 05:51:55,2022-04-17 09:58:50
73930,108053,4,2,2022-06-27 12:45:37,2022-12-06 15:41:06
73930,108717,2,0,2020-12-24 23:06:05,2022-09-25 21:02:15
73930,108776,1,0,2021-12-08 03:18:59,2021-12-08 03:18:59
73930,109295,2,1,2021-06-20 23:26:05,2021-06-20 23:31:47
73930,109570,1,0,2022-02-04 15:37:54,2022-02-04 15:37:54
73930,109587,1,0,2021-10-24 12:56:28,2021-10-24 12:56:28
73930,109630,1,0,2024-10-17 18:30:21,2024-10-17 18:30:21
73930,109836,3,0,2021-02-20 18:42:42,2021-02-20 20:50:38
73930,109862,1,0,2021-06-11 05:02:57,2021-06-11 05:02:57
73930,110196,1,0,2021-01-15 12:40:19,2021-01-15 12:40:19
73930,110310,1,0,2021-10-26 09:38:12,2021-10-26 09:38:12
73930,110526,1,0,2023-08-21 21:21:28,2023-08-21 21:21:28
73930,110616,1,0,2021-10-04 14:10:08,2021-10-04 14:10:08
73930,110649,7,1,2021-09-23 16:07:19,2022-02-18 18:25:12
73930,110873,1,0,2021-10-22 18:22:56,2021-10-22 18:22:56
73930,111109,3,0,2021-04-02 12:10:23,2021-05-13 02:58:20
73930,111269,1,0,2022-05-06 16:13:48,2022-05-06 16:13:48
73930,111416,1,0,2021-07-19 00:43:47,2021-07-19 00:43:47
73930,111616,1,0,2021-03-14 14:25:40,2021-03-14 14:25:40
73930,111618,9,1,2022-12-26 11:53:40,2024-10-10 15:45:59
73930,111696,2,1,2022-03-30 16:41:08,2022-03-30 19:27:59
73930,111715,1,1,2022-02-03 13:04:08,2022-02-03 13:04:08
73930,111756,1,0,2022-08-02 14:37:17,2022-08-02 14:37:17
73930,111800,1,0,2021-04-14 10:13:40,2021-04-14 10:13:40
73930,111822,1,1,2022-02-27 17:21:46,2022-02-27 17:21:46
73930,111860,2,1,2021-11-19 11:23:21,2021-11-19 14:37:16
73930,111996,1,0,2021-02-17 00:27:58,2021-02-17 00:27:58
73930,112096,1,0,2021-02-22 01:20:40,2021-02-22 01:20:40
73930,112139,1,0,2022-07-25 15:45:33,2022-07-25 15:45:33
73930,112581,2,0,2021-07-06 18:29:25,2021-07-07 10:50:37
73930,112797,1,0,2021-03-04 11:42:30,2021-03-04 11:42:30
73930,113067,1,0,2022-05-03 16:07:26,2022-05-03 16:07:26
73930,113158,1,0,2023-09-19 22:30:12,2023-09-19 22:30:12
73930,113424,2,0,2022-12-19 01:11:14,2023-10-03 17:36:04
73930,113474,1,0,2024-10-05 18:24:48,2024-10-05 18:24:48
73930,113497,2,0,2021-03-17 23:02:08,2021-03-18 03:04:57
73930,113540,1,0,2021-05-27 13:42:26,2021-05-27 13:42:26
73930,113734,1,0,2021-03-24 10:17:41,2021-03-24 10:17:41
73930,115236,4,1,2021-04-01 21:58:04,2021-08-18 17:02:45
73930,115244,1,1,2022-07-21 17:27:10,2022-07-21 17:27:10
73930,115383,1,1,2024-08-17 19:22:25,2024-08-17 19:22:25
73930,115499,1,0,2025-09-13 18:23:08,2025-09-13 18:23:08
73930,115927,1,0,2021-11-11 20:25:53,2021-11-11 20:25:53
73930,116212,1,0,2021-06-18 03:10:21,2021-06-18 03:10:21
73930,116244,1,0,2021-11-15 02:00:17,2021-11-15 02:00:17
73930,116311,2,0,2021-08-13 16:18:22,2021-09-23 20:52:13
73930,116333,1,0,2021-09-07 19:18:42,2021-09-07 19:18:42
73930,116343,1,0,2021-04-19 23:39:53,2021-04-19 23:39:53
73930,116360,1,0,2021-04-20 11:43:13,2021-04-20 11:43:13
73930,116375,1,0,2022-09-23 11:41:08,2022-09-23 11:41:08
73930,116493,2,0,2021-12-04 06:27:58,2021-12-04 07:25:29
73930,116824,1,0,2021-10-11 16:42:57,2021-10-11 16:42:57
73930,116983,3,0,2022-05-08 17:15:34,2024-05-30 11:18:48
73930,117003,1,0,2021-12-04 15:08:26,2021-12-04 15:08:26
73930,117055,2,1,2021-06-10 20:49:17,2021-06-10 21:02:50
73930,117059,1,0,2022-03-04 16:44:57,2022-03-04 16:44:57
73930,117192,1,0,2021-06-19 04:20:59,2021-06-19 04:20:59
73930,117255,1,0,2021-05-28 00:14:44,2021-05-28 00:14:44
73930,117775,1,0,2021-06-16 09:50:30,2021-06-16 09:50:30
73930,118034,1,0,2021-06-21 01:35:59,2021-06-21 01:35:59
73930,118377,1,0,2024-10-23 11:11:08,2024-10-23 11:11:08
73930,118390,1,0,2022-10-07 17:12:19,2022-10-07 17:12:19
73930,118526,1,0,2023-11-30 11:27:42,2023-11-30 11:27:42
73930,118588,1,0,2021-07-21 13:16:54,2021-07-21 13:16:54
73930,118634,1,0,2021-07-18 12:41:37,2021-07-18 12:41:37
73930,118638,2,1,2021-12-09 11:26:55,2021-12-09 12:02:39
73930,118693,1,0,2022-02-22 23:07:06,2022-02-22 23:07:06
73930,118699,3,0,2021-06-19 13:20:16,2021-06-21 13:55:38
73930,118731,1,0,2021-06-03 15:19:41,2021-06-03 15:19:41
73930,118895,1,0,2021-06-07 09:38:43,2021-06-07 09:38:43
73930,119116,1,0,2021-06-17 09:41:25,2021-06-17 09:41:25
73930,119136,2,1,2022-04-18 11:31:08,2022-05-06 15:49:23
73930,119140,1,0,2021-09-15 09:44:29,2021-09-15 09:44:29
73930,119217,1,0,2021-08-13 19:46:56,2021-08-13 19:46:56
73930,119363,2,0,2021-06-15 14:51:20,2021-06-15 15:00:42
73930,119448,4,1,2021-06-17 01:42:03,2022-01-23 14:23:51
73930,119691,2,1,2021-06-22 18:43:51,2021-06-23 14:18:00
73930,119877,1,0,2023-11-05 00:25:31,2023-11-05 00:25:31
73930,119896,1,0,2021-06-26 19:07:34,2021-06-26 19:07:34
73930,119920,1,0,2021-09-30 20:59:43,2021-09-30 20:59:43
73930,119921,13,0,2021-08-09 18:15:45,2023-11-05 00:24:17
73930,120024,1,0,2021-06-29 17:33:39,2021-06-29 17:33:39
73930,120030,1,0,2021-06-29 17:20:58,2021-06-29 17:20:58
73930,120215,3,1,2021-10-04 20:57:57,2021-10-04 21:24:36
73930,120291,1,0,2021-07-05 16:52:05,2021-07-05 16:52:05
73930,120410,1,0,2022-03-17 23:37:36,2022-03-17 23:37:36
73930,120472,1,0,2022-01-20 03:05:06,2022-01-20 03:05:06
73930,120484,1,0,2021-07-09 00:54:29,2021-07-09 00:54:29
73930,120508,2,0,2021-07-09 16:56:19,2021-07-09 17:43:34
73930,120554,1,0,2021-07-18 12:55:43,2021-07-18 12:55:43
73930,120594,1,0,2021-07-13 02:58:56,2021-07-13 02:58:56
73930,120602,1,0,2021-09-24 14:08:10,2021-09-24 14:08:10
73930,120700,1,0,2021-07-14 22:03:34,2021-07-14 22:03:34
73930,120718,1,0,2021-07-14 12:27:42,2021-07-14 12:27:42
73930,120743,1,0,2021-07-15 01:00:25,2021-07-15 01:00:25
73930,120754,1,1,2023-02-14 01:11:35,2023-02-14 01:11:35
73930,121016,1,0,2022-08-28 00:29:48,2022-08-28 00:29:48
73930,121032,2,1,2021-07-22 10:32:01,2021-07-23 12:52:27
73930,121120,1,0,2023-05-06 22:29:25,2023-05-06 22:29:25
73930,121194,1,0,2021-07-26 20:53:45,2021-07-26 20:53:45
73930,121208,1,0,2022-02-20 03:32:18,2022-02-20 03:32:18
73930,121222,3,1,2021-12-17 04:10:26,2024-10-20 15:02:57
73930,122382,2,0,2021-07-31 01:49:58,2021-07-31 02:08:11
73930,122484,1,0,2022-03-18 01:50:30,2022-03-18 01:50:30
73930,122487,1,0,2021-08-02 16:18:06,2021-08-02 16:18:06
73930,122641,2,0,2021-08-11 21:17:47,2021-08-18 17:04:58
73930,122645,1,0,2021-08-12 13:19:59,2021-08-12 13:19:59
73930,122679,5,1,2021-08-12 13:28:11,2021-08-12 16:00:05
73930,122876,1,0,2021-08-11 18:22:27,2021-08-11 18:22:27
73930,122987,2,1,2021-08-13 15:23:03,2021-08-13 15:57:50
73930,123228,1,0,2022-10-28 05:38:18,2022-10-28 05:38:18
73930,123262,1,0,2021-08-19 20:40:12,2021-08-19 20:40:12
73930,123282,1,1,2022-04-01 15:41:54,2022-04-01 15:41:54
73930,123318,1,1,2021-08-21 04:03:25,2021-08-21 04:03:25
73930,123521,1,0,2023-11-20 04:11:26,2023-11-20 04:11:26
73930,123528,2,0,2021-08-26 13:25:32,2021-08-26 13:36:02
73930,123682,1,0,2021-08-30 14:16:02,2021-08-30 14:16:02
73930,123771,1,1,2021-09-01 19:56:54,2021-09-01 19:56:54
73930,124814,2,0,2021-09-03 11:41:27,2022-03-26 11:44:03
73930,124945,1,0,2024-01-08 09:54:09,2024-01-08 09:54:09
73930,125035,2,1,2021-09-08 18:41:28,2021-09-08 19:00:20
73930,125117,1,0,2022-10-01 20:12:03,2022-10-01 20:12:03
73930,125222,2,1,2021-09-13 18:30:52,2021-09-14 16:54:01
73930,125324,1,0,2021-10-04 21:26:02,2021-10-04 21:26:02
73930,125326,1,0,2022-01-31 15:08:25,2022-01-31 15:08:25
73930,125328,1,0,2021-09-16 16:13:31,2021-09-16 16:13:31
73930,125628,1,0,2021-09-25 12:49:52,2021-09-25 12:49:52
73930,125747,14,7,2021-11-08 17:22:22,2022-07-05 18:43:10
73930,125751,4,1,2021-09-26 13:58:20,2022-06-30 15:29:15
73930,126059,1,0,2021-10-04 14:57:37,2021-10-04 14:57:37
73930,126125,4,0,2021-10-11 23:48:34,2021-10-12 01:06:09
73930,126273,1,0,2022-04-20 02:59:43,2022-04-20 02:59:43
73930,126441,1,0,2021-11-14 19:18:18,2021-11-14 19:18:18
73930,126496,1,0,2022-06-07 14:31:02,2022-06-07 14:31:02
73930,126577,3,1,2022-02-11 21:42:39,2022-08-08 06:44:05
73930,126867,1,0,2021-10-23 14:26:02,2021-10-23 14:26:02
73930,126945,1,0,2022-11-06 00:33:03,2022-11-06 00:33:03
73930,126955,1,0,2021-10-26 00:19:54,2021-10-26 00:19:54
73930,127214,1,0,2023-12-19 12:31:57,2023-12-19 12:31:57
73930,127481,4,1,2021-11-08 03:54:13,2021-11-08 14:57:33
73930,127506,2,0,2022-01-18 13:53:17,2022-01-18 15:56:18
73930,127565,1,0,2021-11-10 02:53:04,2021-11-10 02:53:04
73930,127635,2,1,2021-11-29 22:52:37,2021-11-30 01:08:13
73930,127664,1,0,2021-11-12 13:48:29,2021-11-12 13:48:29
73930,128033,3,0,2021-11-22 15:29:13,2021-11-22 15:38:49
73930,128049,1,0,2021-11-23 00:30:35,2021-11-23 00:30:35
73930,128257,1,0,2021-12-08 03:11:51,2021-12-08 03:11:51
73930,128393,1,0,2021-12-02 04:23:46,2021-12-02 04:23:46
73930,128419,2,0,2021-12-03 17:18:55,2021-12-03 18:43:20
73930,128444,2,0,2021-12-02 14:47:16,2021-12-02 15:14:05
73930,128610,1,0,2021-12-07 15:53:27,2021-12-07 15:53:27
73930,128690,1,0,2021-12-09 15:01:37,2021-12-09 15:01:37
73930,128745,2,0,2022-01-16 00:59:53,2022-01-16 01:09:58
73930,128779,1,1,2021-12-12 04:42:57,2021-12-12 04:42:57
73930,129977,3,0,2021-12-17 02:54:16,2021-12-23 02:57:26
73930,129989,1,0,2022-09-30 11:24:06,2022-09-30 11:24:06
73930,130138,2,0,2021-12-22 12:11:17,2021-12-22 12:51:15
73930,130153,3,0,2021-12-23 03:03:26,2021-12-23 11:39:37
73930,130219,2,1,2022-03-20 23:36:43,2022-09-23 10:15:19
73930,130230,2,0,2022-07-18 09:50:26,2022-07-18 14:11:28
73930,130238,1,0,2021-12-25 03:54:54,2021-12-25 03:54:54
73930,130252,1,1,2021-12-30 14:56:53,2021-12-30 14:56:53
73930,130276,1,0,2021-12-27 00:07:59,2021-12-27 00:07:59
73930,130316,2,1,2021-12-28 17:35:18,2022-01-03 05:52:38
73930,130347,1,0,2021-12-29 01:18:37,2021-12-29 01:18:37
73930,130415,1,0,2021-12-31 01:28:25,2021-12-31 01:28:25
73930,130463,1,1,2021-12-31 22:35:28,2021-12-31 22:35:28
73930,130469,2,1,2021-12-31 22:42:51,2021-12-31 22:51:36
73930,130491,1,0,2022-01-01 21:58:14,2022-01-01 21:58:14
73930,130528,1,0,2022-01-03 00:17:35,2022-01-03 00:17:35
73930,130679,4,0,2022-01-10 00:49:35,2022-02-21 16:57:46
73930,130846,1,0,2022-01-11 00:43:23,2022-01-11 00:43:23
73930,130848,1,0,2022-01-11 02:23:24,2022-01-11 02:23:24
73930,130860,2,0,2022-06-07 13:31:56,2022-06-07 15:41:46
73930,130885,5,1,2022-01-18 11:02:52,2022-12-19 06:18:04
73930,130925,1,0,2022-01-13 21:56:27,2022-01-13 21:56:27
73930,131010,2,0,2022-01-14 01:16:42,2022-01-14 01:34:00
73930,131048,1,0,2022-01-15 19:36:05,2022-01-15 19:36:05
73930,131316,2,0,2022-11-15 12:35:45,2022-11-15 14:09:49
73930,131348,1,0,2022-01-22 00:53:48,2022-01-22 00:53:48
73930,131441,1,0,2022-11-17 13:48:14,2022-11-17 13:48:14
73930,131704,1,0,2022-01-31 15:25:26,2022-01-31 15:25:26
73930,131906,1,1,2024-05-09 00:18:05,2024-05-09 00:18:05
73930,132142,1,0,2026-05-14 10:49:26,2026-05-14 10:49:26
73930,132342,1,0,2023-10-03 02:55:02,2023-10-03 02:55:02
73930,132821,2,1,2022-02-25 11:16:38,2022-02-25 11:40:47
73930,132904,1,0,2026-02-19 16:59:35,2026-02-19 16:59:35
73930,133238,6,2,2022-04-29 12:43:20,2024-01-03 18:36:18
73930,133308,1,0,2022-06-22 16:08:23,2022-06-22 16:08:23
73930,133375,1,1,2022-03-11 15:35:36,2022-03-11 15:35:36
73930,133683,1,0,2022-03-21 10:06:54,2022-03-21 10:06:54
73930,133981,1,0,2023-03-08 12:41:22,2023-03-08 12:41:22
73930,134048,1,0,2022-03-30 16:57:10,2022-03-30 16:57:10
73930,134097,1,0,2022-11-28 02:37:40,2022-11-28 02:37:40
73930,134148,1,0,2025-11-17 04:26:27,2025-11-17 04:26:27
73930,134251,1,0,2022-04-05 19:50:18,2022-04-05 19:50:18
73930,134264,1,0,2022-04-06 01:35:55,2022-04-06 01:35:55
73930,134524,3,0,2022-04-13 01:16:22,2022-04-13 20:50:21
73930,134569,2,0,2022-04-13 22:46:15,2022-04-15 21:10:43
73930,134588,3,0,2023-01-01 16:09:56,2023-01-01 18:56:04
73930,134650,1,1,2022-04-15 21:15:14,2022-04-15 21:15:14
73930,134976,1,0,2022-05-24 10:11:20,2022-05-24 10:11:20
73930,135014,1,0,2022-05-01 13:41:49,2022-05-01 13:41:49
73930,135261,1,0,2022-05-03 02:32:58,2022-05-03 02:32:58
73930,135267,2,0,2022-09-17 23:52:38,2022-09-18 00:46:22
73930,135272,1,0,2022-09-30 11:16:04,2022-09-30 11:16:04
73930,135295,1,0,2022-05-03 22:28:59,2022-05-03 22:28:59
73930,135458,5,1,2023-03-16 03:03:06,2023-03-21 11:29:13
73930,135460,1,1,2022-05-08 16:55:57,2022-05-08 16:55:57
73930,135706,1,0,2022-05-13 12:40:00,2022-05-13 12:40:00
73930,135896,1,1,2022-05-26 10:12:01,2022-05-26 10:12:01
73930,135905,1,1,2022-05-23 21:49:25,2022-05-23 21:49:25
73930,135906,1,0,2022-05-18 16:14:31,2022-05-18 16:14:31
73930,135970,1,1,2022-06-20 03:16:26,2022-06-20 03:16:26
73930,136660,3,0,2022-06-07 16:20:58,2022-06-07 17:01:05
73930,136747,4,1,2022-06-09 16:19:28,2022-06-09 16:41:00
73930,136814,1,0,2022-09-25 01:45:23,2022-09-25 01:45:23
73930,136893,2,0,2022-06-13 23:56:54,2022-06-14 00:42:19
73930,136939,1,1,2022-06-15 10:53:06,2022-06-15 10:53:06
73930,137223,6,1,2022-06-22 16:13:15,2024-10-22 11:14:24
73930,137289,1,0,2022-06-23 23:08:36,2022-06-23 23:08:36
73930,137650,2,1,2023-03-14 10:48:59,2023-03-14 10:52:04
73930,137830,1,0,2024-10-08 22:04:31,2024-10-08 22:04:31
73930,137832,3,0,2022-07-07 10:41:19,2022-07-07 10:46:36
73930,137868,1,0,2024-10-23 11:13:15,2024-10-23 11:13:15
73930,138185,1,1,2022-07-19 13:42:18,2022-07-19 13:42:18
73930,138312,2,0,2022-07-20 00:33:50,2022-07-20 00:50:31
73930,138321,1,1,2025-02-13 21:51:52,2025-02-13 21:51:52
73930,138592,1,0,2022-07-28 00:50:07,2022-07-28 00:50:07
73930,138717,1,0,2022-07-31 15:38:13,2022-07-31 15:38:13
73930,138833,1,0,2022-08-03 21:12:58,2022-08-03 21:12:58
73930,139029,1,0,2022-08-16 06:35:29,2022-08-16 06:35:29
73930,139086,1,0,2024-02-01 12:10:53,2024-02-01 12:10:53
73930,139096,1,0,2022-08-12 06:35:15,2022-08-12 06:35:15
73930,139329,1,0,2022-08-17 15:40:01,2022-08-17 15:40:01
73930,139461,1,1,2022-08-23 03:38:13,2022-08-23 03:38:13
73930,139485,4,0,2022-08-22 10:40:31,2022-08-22 18:55:42
73930,139539,2,1,2022-08-23 11:10:52,2022-08-23 12:35:40
73930,139638,2,0,2022-08-25 19:05:28,2022-08-25 21:38:52
73930,139792,2,1,2022-11-02 03:44:51,2022-11-02 17:38:37
73930,140059,2,0,2023-11-02 02:31:41,2023-11-02 14:11:28
73930,140219,3,1,2022-09-08 18:22:19,2022-09-08 22:11:35
73930,140359,1,0,2022-09-13 11:13:08,2022-09-13 11:13:08
73930,140360,1,0,2022-09-13 14:20:29,2022-09-13 14:20:29
73930,140415,1,0,2022-09-20 12:59:14,2022-09-20 12:59:14
73930,140484,1,1,2022-09-16 02:32:27,2022-09-16 02:32:27
73930,140628,1,0,2022-09-24 13:13:18,2022-09-24 13:13:18
73930,140631,1,1,2022-09-21 12:18:15,2022-09-21 12:18:15
73930,140708,1,0,2022-09-22 14:46:40,2022-09-22 14:46:40
73930,140812,2,0,2022-09-26 04:32:13,2022-10-10 13:10:15
73930,140946,1,0,2022-09-27 18:27:21,2022-09-27 18:27:21
73930,141165,1,0,2022-10-29 18:28:39,2022-10-29 18:28:39
73930,141321,6,1,2022-10-08 13:04:38,2022-10-08 13:44:06
73930,141363,1,0,2022-10-10 04:05:38,2022-10-10 04:05:38
73930,141429,1,0,2022-10-11 12:39:35,2022-10-11 12:39:35
73930,141490,1,0,2022-10-17 12:57:59,2022-10-17 12:57:59
73930,141542,2,0,2023-01-27 11:16:03,2023-01-27 14:59:15
73930,141741,2,0,2022-10-19 14:37:22,2022-10-19 15:24:38
73930,141850,1,0,2022-12-30 03:35:19,2022-12-30 03:35:19
73930,142195,1,0,2022-10-30 20:24:38,2022-10-30 20:24:38
73930,142375,1,0,2023-09-27 14:22:52,2023-09-27 14:22:52
73930,142422,1,0,2022-11-05 15:43:58,2022-11-05 15:43:58
73930,142466,1,1,2022-11-08 03:09:03,2022-11-08 03:09:03
73930,142495,1,0,2023-11-10 21:15:21,2023-11-10 21:15:21
73930,142575,1,1,2022-11-09 13:39:14,2022-11-09 13:39:14
73930,142832,1,0,2022-11-16 02:40:43,2022-11-16 02:40:43
73930,142848,2,1,2024-07-09 17:37:27,2024-09-23 23:50:39
73930,142876,1,0,2022-11-30 07:25:22,2022-11-30 07:25:22
73930,142948,1,1,2022-11-23 02:33:23,2022-11-23 02:33:23
73930,143059,1,0,2023-01-01 16:10:30,2023-01-01 16:10:30
73930,143064,2,1,2022-11-21 18:16:19,2022-11-21 18:51:02
73930,143110,1,0,2022-11-22 16:35:25,2022-11-22 16:35:25
73930,143179,1,0,2022-11-24 17:02:08,2022-11-24 17:02:08
73930,143185,1,0,2022-11-24 17:01:05,2022-11-24 17:01:05
73930,143195,4,0,2022-11-24 19:48:30,2022-11-24 20:06:08
73930,143471,1,0,2022-12-09 05:18:33,2022-12-09 05:18:33
73930,143577,1,1,2022-12-06 04:38:19,2022-12-06 04:38:19
73930,143595,1,0,2022-12-06 15:29:39,2022-12-06 15:29:39
73930,143964,1,0,2024-09-04 22:29:58,2024-09-04 22:29:58
73930,144075,1,0,2022-12-25 03:54:21,2022-12-25 03:54:21
73930,144448,1,0,2023-01-04 15:43:31,2023-01-04 15:43:31
73930,144559,3,0,2023-01-09 18:47:54,2023-01-09 19:23:56
73930,144812,1,0,2023-01-14 05:38:22,2023-01-14 05:38:22
73930,145424,2,0,2023-02-11 10:34:31,2023-02-11 10:35:40
73930,145940,1,0,2023-02-20 11:44:19,2023-02-20 11:44:19
73930,146314,1,1,2023-02-25 18:34:41,2023-02-25 18:34:41
73930,147960,2,0,2023-03-15 10:17:25,2023-03-15 11:11:49
73930,147983,1,1,2023-03-16 03:18:02,2023-03-16 03:18:02
73930,148121,3,1,2023-03-20 14:13:43,2023-03-20 15:14:56
73930,149437,1,0,2023-12-13 22:21:55,2023-12-13 22:21:55
73930,149782,1,0,2023-05-13 18:41:00,2023-05-13 18:41:00
73930,150635,1,0,2023-06-08 21:33:55,2023-06-08 21:33:55
73930,150654,1,1,2023-06-09 09:53:28,2023-06-09 09:53:28
73930,150657,1,0,2023-06-09 09:55:46,2023-06-09 09:55:46
73930,150944,1,0,2023-06-19 03:38:05,2023-06-19 03:38:05
73930,151171,1,0,2023-06-25 21:10:03,2023-06-25 21:10:03
73930,151439,3,0,2023-09-26 09:47:35,2023-09-26 20:03:12
73930,152096,1,0,2024-08-19 14:17:57,2024-08-19 14:17:57
73930,153746,1,0,2025-04-05 03:08:01,2025-04-05 03:08:01
73930,153809,1,0,2024-06-06 17:35:52,2024-06-06 17:35:52
73930,153927,2,0,2023-08-24 17:17:45,2023-08-25 16:55:08
73930,154333,2,1,2023-09-08 10:30:24,2023-09-08 10:30:51
73930,154649,3,0,2023-09-19 15:09:02,2023-09-20 10:32:40
73930,154711,1,1,2023-09-21 10:38:45,2023-09-21 10:38:45
73930,154773,2,0,2023-09-23 20:04:32,2023-09-23 20:25:07
73930,154787,1,0,2023-09-24 13:55:30,2023-09-24 13:55:30
73930,154962,1,0,2024-07-12 10:25:00,2024-07-12 10:25:00
73930,155197,3,0,2023-10-16 10:46:40,2023-10-16 14:29:19
73930,155544,1,0,2023-10-23 11:08:19,2023-10-23 11:08:19
73930,155928,4,0,2023-11-05 23:08:10,2023-11-06 01:27:48
73930,156360,2,0,2023-11-19 23:05:46,2023-11-20 21:47:08
73930,156978,1,0,2023-12-11 12:36:56,2023-12-11 12:36:56
73930,157002,2,0,2024-06-01 20:20:43,2024-06-02 12:43:01
73930,158188,1,0,2023-12-17 13:31:37,2023-12-17 13:31:37
73930,158627,1,0,2024-01-06 22:39:54,2024-01-06 22:39:54
73930,158695,2,0,2024-01-11 00:50:26,2024-07-22 10:44:53
73930,158705,1,0,2024-01-09 20:15:26,2024-01-09 20:15:26
73930,158727,1,0,2024-01-10 22:01:02,2024-01-10 22:01:02
73930,158797,1,0,2024-01-13 23:35:40,2024-01-13 23:35:40
73930,158883,2,0,2024-01-18 13:33:15,2024-01-18 16:31:45
73930,158936,9,1,2024-06-06 12:07:03,2024-06-12 10:22:04
73930,159180,1,0,2024-01-24 18:33:46,2024-01-24 18:33:46
73930,159233,1,0,2024-01-25 21:15:36,2024-01-25 21:15:36
73930,159373,2,1,2024-01-30 02:13:32,2024-09-24 00:18:34
73930,159725,2,0,2024-12-03 12:28:43,2024-12-03 12:51:51
73930,159812,1,1,2024-02-16 17:18:39,2024-02-16 17:18:39
73930,161048,1,0,2024-09-16 14:06:15,2024-09-16 14:06:15
73930,161077,1,1,2024-02-27 16:32:04,2024-02-27 16:32:04
73930,161366,3,0,2024-03-10 04:09:49,2024-03-10 23:46:35
73930,161697,2,1,2024-03-22 02:59:29,2024-03-22 12:07:36
73930,162029,1,1,2024-04-05 13:43:03,2024-04-05 13:43:03
73930,162186,2,0,2024-04-12 02:48:58,2024-04-12 11:46:58
73930,162301,3,1,2024-04-16 14:48:59,2024-04-17 14:14:51
73930,162708,1,0,2024-05-04 14:59:18,2024-05-04 14:59:18
73930,162747,1,1,2024-05-06 18:46:25,2024-05-06 18:46:25
73930,162794,1,0,2024-05-08 13:46:51,2024-05-08 13:46:51
73930,162878,4,1,2024-05-26 21:36:44,2024-09-23 23:58:25
73930,162882,1,0,2024-05-12 17:18:49,2024-05-12 17:18:49
73930,162889,5,0,2024-05-12 13:34:38,2024-05-12 19:05:58
73930,163193,2,1,2024-06-25 22:01:51,2024-12-30 08:22:16
73930,163278,1,0,2024-06-01 20:19:26,2024-06-01 20:19:26
73930,163430,4,1,2024-06-06 10:02:20,2024-06-06 15:17:14
73930,163810,1,0,2024-08-03 17:27:05,2024-08-03 17:27:05
73930,164719,1,0,2024-07-21 15:43:09,2024-07-21 15:43:09
73930,164819,1,0,2024-07-01 10:44:09,2024-07-01 10:44:09
73930,164984,5,0,2024-07-03 12:38:27,2024-07-28 17:08:09
73930,165084,2,1,2024-07-05 07:52:04,2024-07-05 14:34:23
73930,167269,1,0,2025-11-23 02:34:17,2025-11-23 02:34:17
73930,167311,2,1,2024-08-14 13:53:15,2024-08-14 17:03:57
73930,167501,1,1,2024-08-27 17:27:49,2024-08-27 17:27:49
73930,167727,1,0,2024-08-23 21:18:25,2024-08-23 21:18:25
73930,168245,1,0,2024-08-30 15:29:19,2024-08-30 15:29:19
73930,170257,1,1,2025-02-21 12:20:20,2025-02-21 12:20:20
73930,171036,2,0,2024-10-14 16:08:51,2024-10-14 16:37:10
73930,171890,1,0,2024-10-26 15:00:33,2024-10-26 15:00:33
73930,171916,1,0,2024-10-29 14:10:03,2024-10-29 14:10:03
73930,172416,1,0,2025-12-20 23:56:48,2025-12-20 23:56:48
73930,173049,2,1,2024-11-13 11:05:22,2024-11-13 11:56:23
73930,175893,1,0,2025-01-08 10:56:29,2025-01-08 10:56:29
73930,176329,1,0,2025-01-16 19:55:55,2025-01-16 19:55:55
73930,176413,1,0,2025-01-16 11:55:52,2025-01-16 11:55:52
73930,177282,2,1,2025-02-03 16:54:16,2025-02-04 12:44:30
73930,181029,2,0,2025-04-27 16:37:40,2025-04-28 09:01:11
73930,182112,1,0,2025-05-19 01:47:17,2025-05-19 01:47:17
73930,187398,1,0,2025-10-15 04:52:00,2025-10-15 04:52:00
73930,188603,1,1,2025-10-28 00:27:57,2025-10-28 00:27:57
73930,189760,1,0,2025-11-05 22:50:29,2025-11-05 22:50:29
73930,193405,1,1,2026-04-27 15:10:17,2026-04-27 15:10:17
73930,193899,1,1,2026-07-07 15:13:44,2026-07-07 15:13:44
74184,142960,1,1,2023-02-22 09:13:00,2023-02-22 09:13:00
74313,47821,1,0,2021-07-16 04:15:22,2021-07-16 04:15:22
74313,70546,1,0,2022-10-04 08:32:27,2022-10-04 08:32:27
74313,84891,1,0,2021-07-16 03:37:08,2021-07-16 03:37:08
74313,92396,1,0,2021-07-15 13:36:17,2021-07-15 13:36:17
74313,120363,1,1,2021-07-16 04:34:01,2021-07-16 04:34:01
74313,120758,1,0,2021-07-15 14:12:32,2021-07-15 14:12:32
74313,141085,1,1,2022-10-04 08:49:26,2022-10-04 08:49:26
74313,141380,1,0,2022-10-12 18:16:39,2022-10-12 18:16:39
74313,141632,1,0,2022-10-17 13:00:09,2022-10-17 13:00:09
74339,123479,2,1,2021-08-25 13:34:45,2021-08-26 09:09:53
74356,40240,1,0,2021-01-08 22:35:36,2021-01-08 22:35:36
74387,18266,1,1,2021-08-14 22:47:24,2021-08-14 22:47:24
74387,27225,1,1,2021-02-22 18:02:29,2021-02-22 18:02:29
74387,54865,1,0,2023-10-08 18:17:08,2023-10-08 18:17:08
74387,56811,3,0,2024-01-16 18:19:31,2024-01-16 18:27:38
74387,64377,1,0,2021-08-14 22:55:45,2021-08-14 22:55:45
74387,65153,2,0,2024-04-02 20:01:56,2024-04-02 20:06:24
74387,73930,1,0,2022-07-06 03:13:56,2022-07-06 03:13:56
74387,96612,2,1,2021-02-08 16:48:00,2021-02-08 17:09:15
74387,113918,1,1,2021-03-26 08:23:09,2021-03-26 08:23:09
74387,113959,3,1,2021-03-26 23:20:00,2021-03-27 13:45:06
74387,116244,1,1,2021-11-15 00:47:12,2021-11-15 00:47:12
74387,117682,1,1,2021-05-17 15:23:56,2021-05-17 15:23:56
74387,118588,1,1,2021-06-04 22:35:49,2021-06-04 22:35:49
74387,118696,1,0,2021-08-14 23:03:57,2021-08-14 23:03:57
74387,122539,1,0,2021-08-14 22:29:23,2021-08-14 22:29:23
74387,122994,1,0,2021-08-14 22:51:37,2021-08-14 22:51:37
74387,123128,1,1,2021-08-24 22:29:38,2021-08-24 22:29:38
74387,123393,1,0,2021-08-24 22:17:42,2021-08-24 22:17:42
74387,125747,2,1,2022-05-05 07:00:44,2023-11-09 06:04:58
74387,126327,1,1,2021-10-19 22:08:35,2021-10-19 22:08:35
74387,126496,1,1,2022-03-08 00:13:12,2022-03-08 00:13:12
74387,127147,2,0,2021-10-31 18:54:51,2021-10-31 18:55:58
74387,127170,1,0,2022-02-09 12:46:29,2022-02-09 12:46:29
74387,127690,1,0,2021-11-15 00:36:28,2021-11-15 00:36:28
74387,128745,1,1,2021-12-12 22:37:30,2021-12-12 22:37:30
74387,135527,2,1,2022-05-09 21:11:16,2022-05-11 04:34:10
74387,140292,1,0,2023-09-28 20:23:08,2023-09-28 20:23:08
74387,142375,1,0,2023-09-28 21:03:30,2023-09-28 21:03:30
74387,149261,1,0,2024-01-16 21:50:27,2024-01-16 21:50:27
74387,153438,1,0,2023-10-05 19:22:41,2023-10-05 19:22:41
74387,153507,1,1,2023-12-05 05:54:15,2023-12-05 05:54:15
74387,153728,6,1,2023-08-16 12:33:03,2023-08-20 18:49:58
74387,154145,3,1,2023-09-28 20:57:47,2023-09-30 20:07:02
74387,154912,1,0,2023-10-05 19:31:08,2023-10-05 19:31:08
74387,155171,1,1,2024-03-13 04:16:22,2024-03-13 04:16:22
74387,155475,1,0,2023-10-20 19:32:40,2023-10-20 19:32:40
74387,155479,1,1,2023-10-20 19:44:23,2023-10-20 19:44:23
74387,156327,7,1,2023-11-19 20:00:42,2023-11-25 23:40:59
74387,158317,2,0,2023-12-23 10:40:14,2023-12-29 09:24:20
74387,158336,6,1,2023-12-23 10:18:35,2023-12-29 09:16:10
74387,158641,1,1,2024-01-16 22:21:54,2024-01-16 22:21:54
74387,161048,1,0,2024-02-25 21:36:45,2024-02-25 21:36:45
74387,161385,1,0,2024-03-13 04:21:09,2024-03-13 04:21:09
74387,161668,2,0,2024-03-21 22:33:25,2024-03-21 22:39:08
74387,161782,1,1,2024-03-28 08:48:49,2024-03-28 08:48:49
74387,162041,4,0,2024-04-06 19:36:21,2024-04-08 14:50:55
74387,162736,1,1,2024-05-14 22:17:03,2024-05-14 22:17:03
74387,165453,2,0,2024-07-13 08:22:50,2024-07-13 08:22:55
74387,165500,1,1,2024-07-13 07:52:06,2024-07-13 07:52:06
74387,189842,1,0,2025-11-11 08:10:05,2025-11-11 08:10:05
74397,51379,1,0,2020-12-10 23:42:25,2020-12-10 23:42:25
74397,97494,1,1,2021-01-30 13:21:08,2021-01-30 13:21:08
74397,109215,1,0,2021-01-06 16:59:45,2021-01-06 16:59:45
74397,111034,1,1,2021-01-29 13:03:33,2021-01-29 13:03:33
74586,18856,1,1,2022-08-20 07:22:41,2022-08-20 07:22:41
74586,41908,1,1,2023-06-04 15:21:34,2023-06-04 15:21:34
74586,87292,1,0,2023-06-04 15:23:52,2023-06-04 15:23:52
74586,139209,1,1,2022-08-19 10:42:59,2022-08-19 10:42:59
74586,139267,1,0,2022-08-19 10:37:42,2022-08-19 10:37:42
74960,121167,1,0,2022-04-18 05:48:08,2022-04-18 05:48:08
74960,129970,1,1,2022-04-15 10:26:15,2022-04-15 10:26:15
74960,134620,1,1,2022-04-15 10:22:44,2022-04-15 10:22:44
74960,134669,1,0,2022-04-18 11:05:13,2022-04-18 11:05:13
74973,10815,1,0,2024-06-05 14:34:52,2024-06-05 14:34:52
74973,47467,1,1,2021-04-12 10:34:31,2021-04-12 10:34:31
74973,47643,2,1,2022-03-24 11:04:38,2022-03-24 16:42:11
74973,77125,1,0,2021-04-09 12:35:34,2021-04-09 12:35:34
74973,79961,2,1,2022-03-15 08:51:44,2022-05-10 14:37:27
74973,87914,1,0,2022-04-20 10:58:43,2022-04-20 10:58:43
74973,95353,2,0,2021-04-11 04:20:20,2021-04-12 10:24:10
74973,100269,1,0,2021-10-28 09:34:15,2021-10-28 09:34:15
74973,105469,4,0,2022-04-20 12:25:04,2022-05-04 11:24:04
74973,105508,1,0,2022-08-01 09:03:54,2022-08-01 09:03:54
74973,110017,1,1,2021-04-11 04:39:27,2021-04-11 04:39:27
74973,115682,1,0,2021-04-09 09:23:28,2021-04-09 09:23:28
74973,115684,2,1,2021-04-09 12:48:32,2021-04-09 12:55:48
74973,115687,1,1,2021-04-09 09:05:06,2021-04-09 09:05:06
74973,115689,1,0,2021-04-09 09:27:12,2021-04-09 09:27:12
74973,115698,1,1,2021-04-09 14:35:05,2021-04-09 14:35:05
74973,115886,2,0,2021-04-12 10:31:12,2021-04-12 12:43:46
74973,117650,1,0,2021-11-02 16:56:23,2021-11-02 16:56:23
74973,120687,4,1,2022-03-15 15:14:14,2022-03-21 16:13:09
74973,125900,1,1,2022-04-04 09:06:21,2022-04-04 09:06:21
74973,127232,1,1,2021-11-02 16:59:01,2021-11-02 16:59:01
74973,127623,1,1,2022-04-27 07:21:50,2022-04-27 07:21:50
74973,130925,1,1,2022-03-14 12:23:29,2022-03-14 12:23:29
74973,132126,2,2,2022-03-15 08:22:54,2022-03-15 14:37:45
74973,132995,2,1,2022-07-26 14:20:37,2022-07-27 09:39:26
74973,133095,2,0,2022-04-01 11:41:28,2022-04-20 12:26:13
74973,133466,2,2,2022-04-02 07:15:14,2022-04-02 22:00:35
74973,133683,1,0,2022-03-21 15:36:22,2022-03-21 15:36:22
74973,134071,1,0,2022-04-01 10:59:05,2022-04-01 10:59:05
74973,134097,1,1,2022-04-01 10:56:44,2022-04-01 10:56:44
74973,134386,3,1,2022-04-13 13:29:31,2022-04-20 10:57:04
74973,134560,2,1,2022-04-20 12:33:59,2022-04-20 12:38:34
74973,134620,1,0,2022-04-15 08:41:13,2022-04-15 08:41:13
74973,135530,1,1,2022-05-11 13:14:52,2022-05-11 13:14:52
74973,135959,1,0,2022-05-19 14:56:59,2022-05-19 14:56:59
74973,135970,1,1,2022-05-20 08:44:16,2022-05-20 08:44:16
74973,137451,1,0,2022-06-27 14:17:20,2022-06-27 14:17:20
74973,138551,1,1,2022-07-28 04:23:44,2022-07-28 04:23:44
74973,138833,1,1,2022-08-31 13:42:31,2022-08-31 13:42:31
74973,151445,1,0,2023-07-06 06:14:31,2023-07-06 06:14:31
75151,8626,1,1,2022-09-07 03:49:58,2022-09-07 03:49:58
75152,37657,1,1,2021-03-16 02:58:54,2021-03-16 02:58:54
75152,50874,1,0,2020-12-23 01:35:47,2020-12-23 01:35:47
75152,59085,1,0,2021-10-29 17:18:20,2021-10-29 17:18:20
75152,61445,1,1,2022-10-12 19:54:22,2022-10-12 19:54:22
75152,67105,1,1,2021-03-15 17:30:10,2021-03-15 17:30:10
75152,73650,2,1,2020-12-21 15:48:02,2020-12-22 15:45:31
75152,74973,1,0,2022-03-21 17:17:36,2022-03-21 17:17:36
75152,76176,1,1,2020-12-07 17:14:52,2020-12-07 17:14:52
75152,92455,2,1,2021-10-29 04:08:19,2021-10-29 17:23:35
75152,99183,1,1,2021-03-23 17:09:16,2021-03-23 17:09:16
75152,106763,1,1,2021-04-14 16:36:29,2021-04-14 16:36:29
75152,111618,1,1,2022-01-25 20:06:16,2022-01-25 20:06:16
75152,113364,2,0,2021-03-15 16:55:45,2021-03-15 17:48:45
75152,113488,2,1,2021-03-17 22:29:43,2021-03-17 23:37:16
75152,117548,2,1,2021-10-29 18:49:49,2021-11-08 14:44:52
75152,118307,2,1,2021-07-13 16:49:34,2021-07-14 15:29:39
75152,120048,6,1,2021-06-30 16:24:41,2021-07-05 18:45:59
75152,120675,1,1,2021-07-13 18:28:31,2021-07-13 18:28:31
75152,131484,1,1,2022-01-25 19:26:03,2022-01-25 19:26:03
75152,133683,1,0,2022-03-21 17:20:44,2022-03-21 17:20:44
75152,136835,1,1,2022-06-13 17:28:14,2022-06-13 17:28:14
75152,136882,2,1,2022-06-13 17:32:59,2022-06-13 20:33:54
75152,136889,3,1,2022-06-13 17:56:48,2022-06-13 20:25:24
75152,136898,3,1,2022-06-14 17:19:27,2022-06-15 19:51:16
75152,138592,1,0,2022-07-28 00:52:07,2022-07-28 00:52:07
75152,140292,1,1,2022-09-11 19:14:26,2022-09-11 19:14:26
75152,140341,1,1,2022-09-12 16:31:45,2022-09-12 16:31:45
75152,140857,1,1,2022-09-29 00:27:31,2022-09-29 00:27:31
75152,141487,1,0,2022-10-12 19:38:30,2022-10-12 19:38:30
75152,141611,1,1,2022-10-20 03:04:14,2022-10-20 03:04:14
75152,143777,1,1,2023-02-15 02:52:09,2023-02-15 02:52:09
75152,144812,1,1,2023-01-13 21:17:16,2023-01-13 21:17:16
75152,145725,1,1,2023-02-08 20:56:32,2023-02-08 20:56:32
75152,145738,1,0,2023-02-08 20:15:10,2023-02-08 20:15:10
75152,148076,1,1,2023-03-19 00:24:40,2023-03-19 00:24:40
75157,108,1,0,2021-09-16 07:11:06,2021-09-16 07:11:06
75157,10947,1,0,2021-11-10 09:20:59,2021-11-10 09:20:59
75157,11028,1,1,2020-12-16 15:25:14,2020-12-16 15:25:14
75157,13736,1,1,2021-09-23 07:16:19,2021-09-23 07:16:19
75157,14301,1,1,2021-01-15 16:17:18,2021-01-15 16:17:18
75157,14766,1,1,2024-03-23 17:49:17,2024-03-23 17:49:17
75157,15728,1,0,2023-03-04 18:36:21,2023-03-04 18:36:21
75157,17384,1,0,2021-10-01 14:09:27,2021-10-01 14:09:27
75157,23710,1,1,2021-02-26 14:28:15,2021-02-26 14:28:15
75157,24914,1,1,2022-02-04 14:19:30,2022-02-04 14:19:30
75157,29505,1,0,2022-01-07 14:44:28,2022-01-07 14:44:28
75157,29798,1,0,2023-01-20 12:42:01,2023-01-20 12:42:01
75157,30388,1,1,2021-02-12 15:56:16,2021-02-12 15:56:16
75157,31728,2,1,2022-10-19 12:14:11,2022-10-19 13:50:21
75157,32429,1,0,2022-02-07 08:50:30,2022-02-07 08:50:30
75157,38538,1,0,2023-02-15 14:17:10,2023-02-15 14:17:10
75157,41692,1,1,2022-08-08 17:09:18,2022-08-08 17:09:18
75157,41734,1,1,2021-02-23 12:22:24,2021-02-23 12:22:24
75157,43799,2,0,2023-02-19 18:47:28,2023-02-20 17:39:41
75157,45610,1,0,2022-02-03 13:56:59,2022-02-03 13:56:59
75157,46305,1,0,2024-07-01 16:59:08,2024-07-01 16:59:08
75157,46630,3,1,2024-07-26 20:23:41,2024-07-27 11:11:27
75157,47699,2,1,2020-12-29 09:29:08,2020-12-31 10:34:20
75157,51858,7,5,2021-05-24 12:50:33,2022-01-13 10:44:40
75157,52117,1,1,2024-03-27 20:27:03,2024-03-27 20:27:03
75157,52755,1,0,2022-08-24 08:31:16,2022-08-24 08:31:16
75157,53030,2,0,2021-03-02 11:07:07,2021-03-02 12:47:40
75157,53119,1,1,2021-12-10 08:47:59,2021-12-10 08:47:59
75157,53468,1,0,2022-01-06 13:03:56,2022-01-06 13:03:56
75157,53651,2,2,2021-01-14 19:03:44,2021-01-15 13:58:54
75157,54442,1,1,2021-12-09 08:21:27,2021-12-09 08:21:27
75157,54604,1,0,2022-01-19 08:28:39,2022-01-19 08:28:39
75157,55122,1,0,2022-01-02 15:27:49,2022-01-02 15:27:49
75157,56533,1,1,2024-01-15 17:45:09,2024-01-15 17:45:09
75157,57328,2,0,2022-12-17 21:18:34,2022-12-17 22:34:49
75157,57476,2,1,2022-01-12 15:46:47,2022-01-21 16:23:21
75157,57724,1,1,2021-04-02 13:45:32,2021-04-02 13:45:32
75157,63745,3,1,2022-09-10 18:12:35,2022-09-24 17:01:37
75157,64199,1,1,2021-09-28 11:40:02,2021-09-28 11:40:02
75157,64377,1,1,2022-11-26 19:56:46,2022-11-26 19:56:46
75157,64465,2,0,2021-11-08 16:12:39,2021-11-08 16:26:22
75157,64553,1,0,2021-04-23 14:29:16,2021-04-23 14:29:16
75157,64876,3,1,2022-03-31 09:01:40,2022-03-31 12:52:54
75157,64994,5,1,2021-12-10 22:36:27,2021-12-11 11:32:20
75157,65135,1,0,2022-09-15 07:53:40,2022-09-15 07:53:40
75157,66839,1,1,2022-01-01 14:17:22,2022-01-01 14:17:22
75157,67492,1,0,2021-04-30 09:40:16,2021-04-30 09:40:16
75157,67755,1,1,2021-12-23 13:42:14,2021-12-23 13:42:14
75157,67931,1,1,2021-12-03 14:08:42,2021-12-03 14:08:42
75157,68313,1,1,2021-12-07 13:56:55,2021-12-07 13:56:55
75157,70133,1,0,2022-02-04 16:45:17,2022-02-04 16:45:17
75157,71398,1,1,2021-12-23 11:41:29,2021-12-23 11:41:29
75157,71442,1,1,2022-02-05 20:43:55,2022-02-05 20:43:55
75157,71748,1,0,2021-08-28 09:45:07,2021-08-28 09:45:07
75157,76125,1,1,2021-10-01 07:39:22,2021-10-01 07:39:22
75157,76386,1,1,2021-03-14 12:04:07,2021-03-14 12:04:07
75157,76801,4,1,2021-05-03 16:40:37,2021-07-23 15:24:34
75157,76952,3,0,2021-06-09 15:03:32,2021-06-10 12:23:44
75157,78251,2,0,2024-08-14 17:35:31,2024-08-15 16:09:21
75157,78436,1,0,2021-02-09 16:55:01,2021-02-09 16:55:01
75157,78791,1,1,2022-07-01 11:15:38,2022-07-01 11:15:38
75157,79514,1,0,2021-03-13 21:22:37,2021-03-13 21:22:37
75157,79934,1,0,2022-04-11 16:01:14,2022-04-11 16:01:14
75157,80172,2,2,2022-04-13 13:06:52,2024-04-26 17:29:03
75157,80221,2,1,2021-04-07 07:33:46,2022-08-18 12:50:40
75157,82027,2,1,2021-09-21 14:39:22,2025-01-03 22:22:05
75157,83540,1,1,2021-02-04 12:35:09,2021-02-04 12:35:09
75157,84229,1,1,2020-12-23 12:51:10,2020-12-23 12:51:10
75157,84566,1,1,2021-01-21 17:57:51,2021-01-21 17:57:51
75157,85239,3,3,2021-05-01 16:29:00,2021-05-12 13:36:18
75157,85540,1,0,2021-04-16 13:18:21,2021-04-16 13:18:21
75157,85604,1,0,2022-09-01 14:31:41,2022-09-01 14:31:41
75157,85744,1,0,2021-04-06 13:43:10,2021-04-06 13:43:10
75157,85786,4,1,2021-02-27 17:59:29,2022-03-19 16:09:19
75157,86119,1,0,2021-01-27 08:36:25,2021-01-27 08:36:25
75157,86640,2,1,2023-02-01 14:29:49,2023-02-01 16:25:48
75157,86908,1,1,2021-04-20 09:10:27,2021-04-20 09:10:27
75157,87037,1,1,2022-09-24 16:56:41,2022-09-24 16:56:41
75157,87273,1,0,2021-06-18 16:48:39,2021-06-18 16:48:39
75157,87525,1,0,2024-12-03 18:07:59,2024-12-03 18:07:59
75157,87914,4,2,2021-10-25 07:19:40,2021-10-29 07:43:56
75157,89270,1,0,2022-02-10 17:06:46,2022-02-10 17:06:46
75157,89792,2,0,2022-03-15 09:33:00,2022-03-15 09:40:25
75157,90226,1,0,2022-06-08 15:52:05,2022-06-08 15:52:05
75157,90615,2,0,2022-06-02 16:11:48,2022-06-02 17:44:18
75157,91519,1,1,2022-10-25 16:31:38,2022-10-25 16:31:38
75157,91738,1,0,2021-07-30 14:08:05,2021-07-30 14:08:05
75157,92002,1,1,2021-03-14 16:16:37,2021-03-14 16:16:37
75157,92541,2,1,2021-03-02 09:17:43,2021-03-03 18:27:20
75157,93617,1,1,2021-05-11 09:10:39,2021-05-11 09:10:39
75157,96054,1,1,2021-03-02 16:19:34,2021-03-02 16:19:34
75157,96332,1,1,2024-02-17 11:37:04,2024-02-17 11:37:04
75157,97310,2,1,2023-04-12 18:35:23,2023-04-12 19:13:42
75157,97425,3,1,2021-12-09 13:05:35,2021-12-09 13:53:17
75157,97696,1,1,2021-09-30 16:16:00,2021-09-30 16:16:00
75157,97832,1,1,2021-05-21 15:43:16,2021-05-21 15:43:16
75157,97891,4,0,2021-03-30 09:07:26,2021-03-30 11:36:06
75157,98205,3,1,2021-08-23 15:15:26,2021-08-23 15:48:32
75157,98402,1,0,2023-02-23 17:48:44,2023-02-23 17:48:44
75157,98405,1,0,2021-05-07 17:17:49,2021-05-07 17:17:49
75157,98946,1,1,2022-05-06 10:03:32,2022-05-06 10:03:32
75157,99234,3,1,2021-02-09 10:01:59,2021-02-09 10:27:49
75157,99648,5,1,2021-01-19 13:58:40,2021-01-19 16:15:46
75157,99761,1,0,2022-07-05 13:08:48,2022-07-05 13:08:48
75157,100174,1,0,2024-05-04 17:12:33,2024-05-04 17:12:33
75157,100986,1,0,2020-12-12 16:06:37,2020-12-12 16:06:37
75157,101279,1,1,2021-01-12 13:33:33,2021-01-12 13:33:33
75157,102768,1,0,2020-12-16 14:54:30,2020-12-16 14:54:30
75157,102816,1,1,2021-03-10 18:13:49,2021-03-10 18:13:49
75157,103189,2,1,2021-01-14 17:09:26,2021-02-03 10:10:46
75157,103309,1,1,2021-01-21 15:44:25,2021-01-21 15:44:25
75157,103501,2,1,2024-08-29 16:30:52,2024-08-30 16:38:59
75157,103613,2,1,2021-03-30 11:41:32,2021-03-30 12:10:18
75157,103849,1,1,2021-02-21 17:28:16,2021-02-21 17:28:16
75157,104153,2,1,2021-10-30 17:11:45,2021-12-14 08:49:34
75157,104523,1,0,2021-01-12 15:41:40,2021-01-12 15:41:40
75157,104801,1,0,2021-11-09 09:01:29,2021-11-09 09:01:29
75157,105074,11,5,2021-08-03 14:12:46,2022-02-01 08:27:49
75157,105510,2,0,2021-01-09 22:15:47,2021-01-10 11:54:55
75157,105709,1,0,2023-01-19 10:20:56,2023-01-19 10:20:56
75157,105896,1,1,2021-03-24 15:14:18,2021-03-24 15:14:18
75157,106209,5,2,2021-01-30 18:40:26,2021-02-01 15:58:17
75157,107002,1,1,2022-01-03 09:42:36,2022-01-03 09:42:36
75157,107760,2,1,2021-02-12 13:29:55,2021-02-12 13:36:00
75157,107810,1,1,2021-10-31 20:11:24,2021-10-31 20:11:24
75157,107818,1,1,2021-10-15 18:18:42,2021-10-15 18:18:42
75157,107895,1,1,2024-07-16 18:21:36,2024-07-16 18:21:36
75157,108391,1,1,2021-02-04 15:34:21,2021-02-04 15:34:21
75157,108477,1,1,2021-04-27 10:38:45,2021-04-27 10:38:45
75157,108804,1,0,2025-01-25 16:54:14,2025-01-25 16:54:14
75157,109371,1,1,2020-12-25 14:28:42,2020-12-25 14:28:42
75157,109377,2,1,2020-12-25 14:35:39,2020-12-25 16:27:37
75157,109394,2,1,2020-12-25 17:33:59,2020-12-25 17:49:56
75157,109463,1,1,2020-12-27 14:35:10,2020-12-27 14:35:10
75157,109587,4,0,2021-01-16 20:08:18,2021-01-17 10:11:35
75157,109630,1,1,2020-12-30 19:14:34,2020-12-30 19:14:34
75157,109633,1,0,2021-03-10 17:45:24,2021-03-10 17:45:24
75157,109715,1,1,2021-01-02 11:55:32,2021-01-02 11:55:32
75157,109820,1,1,2021-07-08 07:53:49,2021-07-08 07:53:49
75157,109844,2,0,2023-01-06 14:51:55,2023-01-06 18:55:37
75157,109881,1,1,2021-01-10 16:22:35,2021-01-10 16:22:35
75157,110029,1,0,2021-08-12 12:27:03,2021-08-12 12:27:03
75157,110099,2,1,2021-03-04 17:40:35,2021-03-05 08:59:48
75157,110237,1,1,2021-02-11 10:35:33,2021-02-11 10:35:33
75157,110269,2,1,2021-05-01 17:36:43,2021-06-04 16:01:03
75157,110483,2,0,2021-10-14 09:41:33,2021-10-14 14:30:56
75157,110581,1,1,2021-01-20 08:57:08,2021-01-20 08:57:08
75157,110615,1,1,2021-01-20 19:10:50,2021-01-20 19:10:50
75157,110649,1,1,2021-03-30 07:12:47,2021-03-30 07:12:47
75157,110703,5,1,2021-01-22 13:25:04,2021-01-22 14:23:35
75157,110757,2,2,2021-01-29 10:01:01,2022-01-14 11:49:57
75157,110803,1,1,2021-01-24 18:55:34,2021-01-24 18:55:34
75157,110897,1,0,2021-01-26 14:21:23,2021-01-26 14:21:23
75157,110898,1,1,2021-01-26 15:01:12,2021-01-26 15:01:12
75157,110945,1,1,2021-01-27 13:26:23,2021-01-27 13:26:23
75157,110960,4,1,2021-01-27 18:22:17,2021-01-28 11:17:45
75157,110977,2,1,2021-01-28 11:15:01,2021-01-29 09:14:05
75157,110996,11,2,2021-01-28 12:48:24,2021-01-29 22:39:08
75157,111169,1,1,2021-01-31 19:19:56,2021-01-31 19:19:56
75157,111308,2,1,2021-02-03 11:09:22,2021-02-03 12:25:34
75157,111324,1,1,2022-04-15 13:23:59,2022-04-15 13:23:59
75157,111463,1,1,2021-04-17 18:17:22,2021-04-17 18:17:22
75157,111557,4,1,2021-02-08 10:45:00,2021-02-08 14:20:20
75157,111615,1,1,2021-02-09 09:21:02,2021-02-09 09:21:02
75157,111616,1,1,2021-02-09 11:04:15,2021-02-09 11:04:15
75157,111618,3,2,2022-01-02 19:30:21,2024-07-06 15:27:37
75157,111631,1,1,2021-02-09 19:01:13,2021-02-09 19:01:13
75157,111737,1,0,2022-08-17 18:03:00,2022-08-17 18:03:00
75157,111822,9,6,2021-12-19 15:42:10,2022-02-05 13:48:06
75157,111918,1,0,2021-04-23 08:43:47,2021-04-23 08:43:47
75157,112020,2,1,2021-02-17 09:22:46,2021-02-17 09:48:49
75157,112074,2,1,2021-02-18 11:26:22,2021-02-18 15:21:41
75157,112120,1,0,2021-02-19 08:58:41,2021-02-19 08:58:41
75157,112154,3,1,2021-02-19 18:39:57,2021-02-19 21:21:49
75157,112363,1,1,2021-02-24 11:09:07,2021-02-24 11:09:07
75157,112364,2,0,2021-02-24 10:24:57,2021-02-24 14:33:45
75157,112365,3,0,2021-02-24 12:58:19,2021-02-24 13:22:59
75157,112448,1,1,2021-03-02 16:22:55,2021-03-02 16:22:55
75157,112451,1,1,2021-02-26 09:19:01,2021-02-26 09:19:01
75157,112512,1,1,2021-02-26 17:36:48,2021-02-26 17:36:48
75157,112583,4,2,2021-08-06 13:45:41,2022-05-17 13:18:58
75157,112597,1,1,2021-04-01 14:46:54,2021-04-01 14:46:54
75157,112672,4,1,2021-12-03 09:01:42,2021-12-03 13:59:50
75157,112741,1,1,2021-03-03 09:12:05,2021-03-03 09:12:05
75157,112754,6,3,2021-03-08 14:52:04,2021-04-22 08:17:23
75157,112809,1,0,2021-03-04 16:36:37,2021-03-04 16:36:37
75157,112838,2,1,2021-03-05 11:14:03,2021-03-05 11:26:28
75157,112840,1,1,2021-03-05 10:54:24,2021-03-05 10:54:24
75157,112855,1,1,2021-03-05 17:01:37,2021-03-05 17:01:37
75157,112918,1,1,2021-03-07 13:34:28,2021-03-07 13:34:28
75157,112922,1,1,2021-03-07 15:48:22,2021-03-07 15:48:22
75157,113068,1,0,2021-09-20 18:05:30,2021-09-20 18:05:30
75157,113087,1,0,2021-08-01 15:48:55,2021-08-01 15:48:55
75157,113098,2,1,2021-03-10 17:19:06,2021-03-10 18:10:40
75157,113282,1,1,2021-05-01 17:44:58,2021-05-01 17:44:58
75157,113284,1,1,2021-03-13 17:28:33,2021-03-13 17:28:33
75157,113288,1,1,2021-03-13 20:57:05,2021-03-13 20:57:05
75157,113299,2,0,2021-03-20 17:08:50,2021-03-22 08:05:36
75157,113322,1,0,2021-03-15 08:18:12,2021-03-15 08:18:12
75157,113356,2,1,2021-03-15 12:36:17,2021-03-15 13:28:34
75157,113427,1,0,2021-03-16 15:53:31,2021-03-16 15:53:31
75157,113460,1,1,2021-03-17 11:02:34,2021-03-17 11:02:34
75157,113507,1,0,2021-03-18 08:07:16,2021-03-18 08:07:16
75157,113540,1,1,2021-05-27 14:11:10,2021-05-27 14:11:10
75157,113585,1,0,2021-10-23 11:57:53,2021-10-23 11:57:53
75157,113597,2,2,2021-03-20 15:17:10,2021-03-22 08:48:26
75157,113628,1,0,2025-07-23 19:04:21,2025-07-23 19:04:21
75157,113648,1,1,2021-03-26 17:21:18,2021-03-26 17:21:18
75157,113735,1,1,2021-03-23 08:31:52,2021-03-23 08:31:52
75157,113921,1,1,2021-03-26 09:17:09,2021-03-26 09:17:09
75157,113950,1,1,2021-03-26 16:59:16,2021-03-26 16:59:16
75157,115024,1,0,2021-03-28 12:30:02,2021-03-28 12:30:02
75157,115035,1,1,2021-03-28 17:00:22,2021-03-28 17:00:22
75157,115131,1,1,2021-03-30 10:18:47,2021-03-30 10:18:47
75157,115158,2,1,2021-03-30 17:11:12,2021-03-30 17:25:04
75157,115214,1,1,2021-03-31 15:46:04,2021-03-31 15:46:04
75157,115236,1,1,2021-10-12 11:38:19,2021-10-12 11:38:19
75157,115267,1,1,2021-04-01 14:58:36,2021-04-01 14:58:36
75157,115325,1,1,2022-01-31 08:50:43,2022-01-31 08:50:43
75157,115357,1,0,2021-04-22 10:30:17,2021-04-22 10:30:17
75157,115385,4,1,2021-07-04 11:33:22,2021-07-04 12:12:00
75157,115800,1,0,2021-04-21 18:13:38,2021-04-21 18:13:38
75157,115809,2,0,2021-04-11 11:53:46,2021-04-11 13:15:30
75157,115811,1,0,2021-04-16 08:20:41,2021-04-16 08:20:41
75157,115978,1,0,2021-04-13 09:07:20,2021-04-13 09:07:20
75157,115995,1,0,2021-04-13 13:37:08,2021-04-13 13:37:08
75157,116004,1,1,2021-05-10 15:44:24,2021-05-10 15:44:24
75157,116042,2,1,2021-04-14 12:14:06,2021-04-15 08:52:13
75157,116118,1,0,2021-04-15 12:36:19,2021-04-15 12:36:19
75157,116212,5,1,2021-04-18 16:14:06,2021-11-26 16:12:52
75157,116228,1,0,2021-04-17 20:11:50,2021-04-17 20:11:50
75157,116283,1,1,2021-04-19 07:29:38,2021-04-19 07:29:38
75157,116407,1,1,2021-05-15 19:16:02,2021-05-15 19:16:02
75157,116482,1,1,2021-04-22 10:24:42,2021-04-22 10:24:42
75157,116697,1,0,2021-05-04 12:21:23,2021-05-04 12:21:23
75157,116771,1,0,2021-04-28 07:48:25,2021-04-28 07:48:25
75157,116982,2,1,2021-05-02 16:07:20,2021-05-03 08:17:18
75157,116992,1,1,2021-05-02 15:52:22,2021-05-02 15:52:22
75157,117032,1,0,2022-10-07 11:47:02,2022-10-07 11:47:02
75157,117355,1,0,2021-05-08 20:51:10,2021-05-08 20:51:10
75157,117476,1,0,2021-05-10 18:18:39,2021-05-10 18:18:39
75157,117522,1,1,2023-03-04 18:16:02,2023-03-04 18:16:02
75157,117614,1,1,2022-10-01 12:04:37,2022-10-01 12:04:37
75157,117637,1,0,2021-05-15 13:55:02,2021-05-15 13:55:02
75157,117765,1,1,2021-06-16 15:24:51,2021-06-16 15:24:51
75157,117828,2,1,2021-06-17 13:19:27,2021-07-30 14:01:35
75157,117892,1,0,2021-05-19 09:10:04,2021-05-19 09:10:04
75157,117937,1,0,2021-05-19 13:56:21,2021-05-19 13:56:21
75157,117951,1,0,2021-05-19 09:16:38,2021-05-19 09:16:38
75157,118041,1,0,2021-05-20 18:09:32,2021-05-20 18:09:32
75157,118095,1,1,2021-05-21 16:17:58,2021-05-21 16:17:58
75157,118151,4,1,2021-05-22 15:12:12,2021-05-22 20:22:20
75157,118249,2,1,2022-10-19 13:57:58,2022-10-19 15:46:27
75157,118268,1,0,2021-05-25 11:00:25,2021-05-25 11:00:25
75157,118281,1,0,2022-03-28 15:15:48,2022-03-28 15:15:48
75157,118292,2,2,2021-06-01 10:48:34,2021-06-28 13:09:39
75157,118377,1,1,2021-11-24 15:55:55,2021-11-24 15:55:55
75157,118540,1,1,2021-05-30 17:46:56,2021-05-30 17:46:56
75157,118554,3,1,2021-05-30 13:41:52,2021-05-30 17:33:47
75157,118557,1,1,2022-07-20 15:00:41,2022-07-20 15:00:41
75157,118775,1,0,2021-06-04 09:06:57,2021-06-04 09:06:57
75157,118895,1,1,2021-06-28 14:31:01,2021-06-28 14:31:01
75157,118940,1,1,2021-06-27 15:05:01,2021-06-27 15:05:01
75157,119136,1,0,2022-05-04 14:37:33,2022-05-04 14:37:33
75157,119139,1,1,2022-05-20 10:22:00,2022-05-20 10:22:00
75157,119217,1,1,2021-08-13 20:21:17,2021-08-13 20:21:17
75157,119228,1,0,2021-06-22 15:48:39,2021-06-22 15:48:39
75157,119307,1,0,2022-02-04 14:25:00,2022-02-04 14:25:00
75157,119329,2,0,2021-06-20 11:52:44,2021-06-22 10:22:21
75157,119472,2,0,2021-06-17 12:02:24,2021-06-17 13:03:35
75157,119518,1,0,2021-06-18 11:15:20,2021-06-18 11:15:20
75157,119609,1,0,2021-06-20 19:18:46,2021-06-20 19:18:46
75157,119921,19,3,2021-07-01 17:28:18,2021-12-31 12:19:26
75157,120202,1,1,2022-02-19 11:06:26,2022-02-19 11:06:26
75157,120269,1,0,2021-08-12 12:30:22,2021-08-12 12:30:22
75157,120295,1,1,2022-03-01 14:28:33,2022-03-01 14:28:33
75157,120343,5,1,2022-02-04 09:22:54,2022-02-07 17:27:34
75157,120400,2,1,2021-07-07 16:16:26,2021-07-08 08:04:02
75157,120915,1,0,2024-05-28 17:04:32,2024-05-28 17:04:32
75157,120937,1,0,2021-07-20 08:31:35,2021-07-20 08:31:35
75157,121106,1,0,2021-08-05 08:44:12,2021-08-05 08:44:12
75157,121108,1,1,2022-08-24 17:05:29,2022-08-24 17:05:29
75157,121127,1,0,2021-08-20 17:46:28,2021-08-20 17:46:28
75157,121222,1,0,2022-08-18 10:01:07,2022-08-18 10:01:07
75157,121243,1,0,2021-07-28 14:41:42,2021-07-28 14:41:42
75157,122310,1,0,2021-07-29 08:56:37,2021-07-29 08:56:37
75157,122339,3,0,2021-08-02 15:38:42,2021-08-04 08:25:37
75157,122475,2,1,2021-08-04 08:24:43,2021-08-04 10:18:20
75157,122535,1,1,2021-08-03 12:54:28,2021-08-03 12:54:28
75157,122573,1,1,2021-10-18 18:19:03,2021-10-18 18:19:03
75157,122625,1,0,2021-08-06 13:50:23,2021-08-06 13:50:23
75157,122641,2,0,2021-09-22 07:37:48,2021-09-22 07:51:52
75157,122679,2,1,2021-08-06 15:14:35,2021-08-06 15:48:49
75157,122680,1,0,2021-12-28 17:39:12,2021-12-28 17:39:12
75157,122687,1,0,2021-08-06 17:22:22,2021-08-06 17:22:22
75157,122808,1,1,2021-12-30 10:11:16,2021-12-30 10:11:16
75157,122830,1,0,2021-12-14 14:47:22,2021-12-14 14:47:22
75157,122863,1,1,2021-08-11 13:01:10,2021-08-11 13:01:10
75157,122872,1,1,2021-09-28 15:18:04,2021-09-28 15:18:04
75157,122925,2,1,2022-01-17 12:49:04,2022-01-17 14:44:30
75157,122973,1,0,2021-10-19 09:29:20,2021-10-19 09:29:20
75157,123060,1,1,2021-08-15 17:13:18,2021-08-15 17:13:18
75157,123071,1,0,2021-09-11 14:25:07,2021-09-11 14:25:07
75157,123133,1,1,2021-08-17 09:10:09,2021-08-17 09:10:09
75157,123272,1,0,2021-08-20 07:40:48,2021-08-20 07:40:48
75157,123290,1,1,2021-10-13 11:49:40,2021-10-13 11:49:40
75157,123299,1,1,2021-08-20 13:27:33,2021-08-20 13:27:33
75157,123356,9,2,2021-11-03 09:38:22,2022-05-25 11:24:36
75157,123537,1,0,2021-08-26 16:08:58,2021-08-26 16:08:58
75157,124813,1,1,2021-11-12 08:59:50,2021-11-12 08:59:50
75157,124837,1,0,2021-09-03 07:36:10,2021-09-03 07:36:10
75157,124892,1,1,2021-10-25 14:55:38,2021-10-25 14:55:38
75157,125094,1,1,2021-10-12 07:58:59,2021-10-12 07:58:59
75157,125326,3,0,2022-01-15 12:09:36,2022-01-18 08:46:23
75157,125363,2,0,2024-08-15 16:17:17,2024-08-16 16:54:30
75157,125416,2,0,2022-01-18 12:58:10,2022-01-18 13:18:22
75157,125438,2,1,2021-09-18 17:50:18,2021-09-18 20:28:09
75157,125521,2,1,2021-09-21 08:52:40,2021-09-21 10:34:33
75157,125523,1,0,2021-09-21 10:05:17,2021-09-21 10:05:17
75157,125524,1,1,2021-10-27 18:14:43,2021-10-27 18:14:43
75157,125527,11,5,2021-09-21 12:34:13,2022-03-29 07:20:57
75157,125590,1,0,2022-01-20 12:46:17,2022-01-20 12:46:17
75157,125741,3,1,2021-09-28 13:41:43,2021-09-28 16:11:15
75157,125747,2,0,2022-03-19 18:54:30,2024-01-29 16:59:41
75157,125869,1,1,2021-09-29 08:28:06,2021-09-29 08:28:06
75157,125902,1,0,2021-09-30 17:53:22,2021-09-30 17:53:22
75157,125964,1,1,2021-10-01 15:26:09,2021-10-01 15:26:09
75157,125992,1,1,2021-10-04 14:48:14,2021-10-04 14:48:14
75157,126156,1,0,2021-12-21 08:27:27,2021-12-21 08:27:27
75157,126181,1,0,2021-10-07 11:13:53,2021-10-07 11:13:53
75157,126188,1,1,2021-10-07 13:42:21,2021-10-07 13:42:21
75157,126206,1,0,2021-10-07 17:52:05,2021-10-07 17:52:05
75157,126241,2,0,2022-02-22 09:20:46,2022-02-22 10:03:52
75157,126332,1,1,2021-10-11 07:48:50,2021-10-11 07:48:50
75157,126367,4,1,2021-10-12 07:11:10,2021-10-12 14:12:55
75157,126402,2,1,2021-11-24 16:11:36,2021-11-24 17:08:35
75157,126466,4,1,2021-10-22 09:10:59,2022-01-11 08:08:50
75157,126563,1,0,2024-01-20 16:05:53,2024-01-20 16:05:53
75157,126643,1,0,2021-12-17 14:45:59,2021-12-17 14:45:59
75157,126706,1,1,2022-02-21 10:50:11,2022-02-21 10:50:11
75157,126737,3,0,2021-10-20 13:30:11,2021-10-20 15:05:41
75157,126805,1,1,2021-11-02 10:54:23,2021-11-02 10:54:23
75157,126875,3,2,2021-10-23 17:38:05,2021-11-17 14:20:35
75157,127057,4,2,2021-10-28 07:31:44,2021-11-03 10:48:25
75157,127137,1,1,2021-10-30 17:58:45,2021-10-30 17:58:45
75157,127158,1,1,2021-10-31 20:41:44,2021-10-31 20:41:44
75157,127174,3,1,2022-02-20 15:14:21,2022-02-20 19:29:04
75157,127196,1,1,2021-11-01 14:32:15,2021-11-01 14:32:15
75157,127237,1,1,2021-11-02 11:13:25,2021-11-02 11:13:25
75157,127271,4,1,2022-12-30 20:48:32,2022-12-31 16:33:09
75157,127301,1,0,2021-11-03 12:48:12,2021-11-03 12:48:12
75157,127341,1,1,2021-11-04 08:24:12,2021-11-04 08:24:12
75157,127399,2,1,2021-11-05 11:09:16,2021-11-05 12:16:41
75157,127415,1,1,2021-11-05 23:04:19,2021-11-05 23:04:19
75157,127501,2,0,2021-11-08 13:49:51,2021-11-11 13:50:15
75157,127506,1,0,2022-03-10 18:59:06,2022-03-10 18:59:06
75157,127550,1,0,2021-11-09 16:00:38,2021-11-09 16:00:38
75157,127623,1,0,2022-10-27 13:50:11,2022-10-27 13:50:11
75157,127707,2,0,2021-12-22 18:12:53,2021-12-22 20:25:40
75157,127849,2,0,2021-11-17 13:14:57,2021-11-17 14:16:12
75157,127900,1,0,2021-11-18 14:22:49,2021-11-18 14:22:49
75157,127966,1,1,2021-12-09 09:40:33,2021-12-09 09:40:33
75157,127997,1,1,2021-12-08 16:20:23,2021-12-08 16:20:23
75157,128033,4,0,2021-12-22 20:27:07,2021-12-31 18:33:23
75157,128068,1,1,2021-11-23 11:23:54,2021-11-23 11:23:54
75157,128137,1,1,2021-11-25 08:35:22,2021-11-25 08:35:22
75157,128183,1,0,2022-03-22 15:30:39,2022-03-22 15:30:39
75157,128215,3,1,2021-12-23 17:50:25,2021-12-24 14:12:48
75157,128230,1,1,2021-11-26 21:10:03,2021-11-26 21:10:03
75157,128252,1,1,2021-11-27 13:54:29,2021-11-27 13:54:29
75157,128361,2,0,2021-11-30 08:52:42,2021-11-30 13:36:04
75157,128447,1,1,2021-12-02 15:30:00,2021-12-02 15:30:00
75157,128501,1,0,2021-12-04 10:47:55,2021-12-04 10:47:55
75157,128575,1,0,2025-04-04 16:08:44,2025-04-04 16:08:44
75157,128577,2,0,2021-12-13 14:24:41,2021-12-13 14:36:22
75157,128586,2,1,2021-12-14 08:23:42,2021-12-14 18:48:43
75157,128610,1,1,2022-02-19 10:29:48,2022-02-19 10:29:48
75157,128702,1,1,2021-12-09 16:41:00,2021-12-09 16:41:00
75157,128707,1,0,2021-12-09 17:24:44,2021-12-09 17:24:44
75157,128721,2,1,2021-12-10 09:10:18,2021-12-10 11:06:33
75157,128733,3,1,2021-12-10 11:32:57,2021-12-10 13:30:24
75157,128764,1,1,2021-12-11 13:27:57,2021-12-11 13:27:57
75157,128805,1,1,2021-12-13 08:14:56,2021-12-13 08:14:56
75157,128820,1,0,2021-12-13 10:06:12,2021-12-13 10:06:12
75157,128883,3,1,2021-12-14 18:08:51,2021-12-15 08:08:04
75157,128895,2,0,2021-12-15 11:36:12,2021-12-16 08:06:52
75157,129941,3,1,2021-12-16 09:22:25,2021-12-16 10:06:15
75157,129994,1,0,2022-04-25 14:36:17,2022-04-25 14:36:17
75157,130032,3,1,2022-01-06 16:32:55,2022-01-07 16:39:24
75157,130051,2,1,2021-12-19 14:41:36,2021-12-19 15:29:16
75157,130080,1,1,2022-01-05 17:36:22,2022-01-05 17:36:22
75157,130097,4,2,2021-12-23 08:37:21,2021-12-31 08:50:22
75157,130140,1,0,2021-12-22 08:58:40,2021-12-22 08:58:40
75157,130163,1,0,2021-12-22 20:22:38,2021-12-22 20:22:38
75157,130219,2,1,2022-01-01 21:20:18,2022-01-02 11:58:44
75157,130252,2,1,2021-12-30 14:24:54,2021-12-30 14:27:40
75157,130463,1,0,2021-12-31 16:42:14,2021-12-31 16:42:14
75157,130492,2,0,2022-01-01 21:10:03,2022-01-01 21:58:25
75157,130550,1,1,2022-01-03 14:33:34,2022-01-03 14:33:34
75157,130605,3,1,2022-07-06 11:39:49,2022-07-06 13:55:30
75157,130623,2,0,2022-01-05 11:06:54,2022-01-05 12:20:19
75157,130630,1,0,2022-01-05 13:34:06,2022-01-05 13:34:06
75157,130678,1,1,2022-01-06 18:15:29,2022-01-06 18:15:29
75157,130679,1,1,2022-01-27 14:34:24,2022-01-27 14:34:24
75157,130704,1,1,2022-01-07 14:29:35,2022-01-07 14:29:35
75157,130713,3,1,2022-01-07 17:37:08,2022-01-07 21:08:26
75157,130734,2,1,2022-01-08 12:20:23,2022-02-12 13:55:48
75157,130737,3,0,2022-01-08 13:06:50,2022-01-08 14:13:29
75157,130819,1,0,2022-01-20 12:54:25,2022-01-20 12:54:25
75157,130836,2,0,2022-01-20 13:48:12,2022-01-20 14:09:20
75157,130979,1,1,2022-01-13 13:00:02,2022-01-13 13:00:02
75157,131082,1,0,2022-01-18 12:54:53,2022-01-18 12:54:53
75157,131160,1,0,2022-01-17 17:34:11,2022-01-17 17:34:11
75157,131200,1,0,2022-12-15 11:51:36,2022-12-15 11:51:36
75157,131223,1,0,2022-01-19 08:04:40,2022-01-19 08:04:40
75157,131236,2,1,2022-01-19 13:59:30,2022-01-20 08:29:30
75157,131240,1,0,2022-04-13 13:21:32,2022-04-13 13:21:32
75157,131258,2,0,2022-04-06 13:50:42,2022-06-24 17:13:20
75157,131284,4,1,2022-01-20 13:54:21,2022-01-20 14:43:31
75157,131340,1,1,2022-01-21 20:59:46,2022-01-21 20:59:46
75157,131342,2,1,2022-01-21 21:59:54,2022-01-22 12:06:28
75157,131357,1,1,2022-01-22 13:00:15,2022-01-22 13:00:15
75157,131363,2,1,2022-03-26 17:53:05,2022-03-27 16:48:47
75157,131424,2,1,2022-01-24 17:18:57,2022-01-25 08:29:26
75157,131533,1,0,2022-01-26 14:46:10,2022-01-26 14:46:10
75157,131630,1,1,2022-01-28 16:29:11,2022-01-28 16:29:11
75157,131702,1,1,2022-02-04 09:38:39,2022-02-04 09:38:39
75157,131957,2,1,2022-02-20 16:28:21,2022-02-20 19:30:51
75157,131982,2,1,2022-02-05 14:41:33,2022-02-05 17:38:14
75157,132044,1,1,2022-02-08 08:18:01,2022-02-08 08:18:01
75157,132065,3,1,2022-02-07 13:42:52,2022-02-07 14:11:22
75157,132124,1,0,2022-02-16 15:03:08,2022-02-16 15:03:08
75157,132159,3,1,2022-02-09 10:39:03,2022-02-09 12:31:57
75157,132232,3,1,2022-02-10 17:50:57,2022-02-10 18:40:42
75157,132504,1,1,2022-02-17 08:08:00,2022-02-17 08:08:00
75157,132537,1,0,2022-03-01 09:51:56,2022-03-01 09:51:56
75157,132979,1,0,2022-03-01 15:58:13,2022-03-01 15:58:13
75157,132995,1,1,2022-03-02 09:42:29,2022-03-02 09:42:29
75157,133055,1,1,2022-03-03 14:06:29,2022-03-03 14:06:29
75157,133057,1,0,2022-03-09 17:01:18,2022-03-09 17:01:18
75157,133074,1,1,2022-03-04 14:25:58,2022-03-04 14:25:58
75157,133308,1,0,2022-03-14 13:31:11,2022-03-14 13:31:11
75157,133341,1,0,2022-03-10 14:35:23,2022-03-10 14:35:23
75157,133344,1,1,2022-03-14 17:05:06,2022-03-14 17:05:06
75157,133399,1,1,2022-04-05 15:05:36,2022-04-05 15:05:36
75157,133571,1,0,2022-03-23 13:39:52,2022-03-23 13:39:52
75157,133580,1,1,2022-03-21 11:13:46,2022-03-21 11:13:46
75157,133632,5,1,2022-03-19 11:39:36,2022-03-19 14:27:08
75157,133765,1,0,2022-03-23 18:28:13,2022-03-23 18:28:13
75157,133793,1,0,2022-03-24 16:51:31,2022-03-24 16:51:31
75157,133863,1,0,2022-03-26 12:21:30,2022-03-26 12:21:30
75157,133870,1,1,2022-03-26 15:56:20,2022-03-26 15:56:20
75157,133872,1,0,2022-03-26 15:18:38,2022-03-26 15:18:38
75157,133914,1,1,2022-03-27 17:25:09,2022-03-27 17:25:09
75157,134042,2,1,2022-03-30 16:51:37,2022-03-31 08:22:29
75157,134126,1,0,2022-04-01 17:59:49,2022-04-01 17:59:49
75157,134209,2,0,2022-04-04 12:31:08,2022-04-04 12:54:22
75157,134280,2,1,2022-04-06 16:50:47,2022-04-08 13:32:14
75157,134439,1,0,2022-04-11 08:31:17,2022-04-11 08:31:17
75157,134525,2,0,2022-04-13 08:47:04,2022-04-13 10:06:15
75157,134638,2,0,2022-04-15 14:28:19,2022-04-15 15:18:40
75157,134653,1,0,2022-04-19 07:43:12,2022-04-19 07:43:12
75157,134773,6,0,2022-04-19 11:12:15,2022-04-19 14:46:40
75157,134964,3,1,2022-09-02 10:28:28,2022-09-02 18:55:00
75157,135000,1,1,2022-04-25 14:59:32,2022-04-25 14:59:32
75157,135012,1,0,2022-04-25 17:51:41,2022-04-25 17:51:41
75157,135032,1,1,2022-04-26 10:35:56,2022-04-26 10:35:56
75157,135255,1,1,2022-05-02 16:17:36,2022-05-02 16:17:36
75157,135711,1,0,2022-05-13 14:40:22,2022-05-13 14:40:22
75157,135743,2,1,2022-05-14 19:18:56,2022-05-20 15:29:29
75157,135816,2,0,2022-05-16 16:34:06,2022-05-16 18:00:26
75157,135987,1,0,2022-05-20 07:34:50,2022-05-20 07:34:50
75157,136178,1,1,2022-05-25 15:02:26,2022-05-25 15:02:26
75157,136180,2,1,2022-05-25 15:26:47,2022-05-26 09:27:52
75157,136200,1,1,2022-05-26 09:46:36,2022-05-26 09:46:36
75157,136255,2,0,2022-05-27 14:44:16,2022-05-27 15:13:41
75157,136294,1,1,2022-06-22 08:22:28,2022-06-22 08:22:28
75157,136871,2,1,2022-06-13 07:29:08,2022-06-13 08:50:15
75157,136954,1,1,2022-08-09 10:08:38,2022-08-09 10:08:38
75157,137090,2,1,2022-06-18 21:38:42,2022-06-21 09:55:28
75157,137197,1,0,2022-07-04 16:37:12,2022-07-04 16:37:12
75157,137298,2,0,2022-06-24 10:08:05,2022-06-27 16:46:39
75157,137451,1,0,2022-06-27 13:31:19,2022-06-27 13:31:19
75157,137485,2,0,2022-08-30 11:41:04,2022-09-01 11:20:59
75157,137879,1,1,2022-07-08 16:20:02,2022-07-08 16:20:02
75157,138145,1,0,2022-07-15 13:55:03,2022-07-15 13:55:03
75157,138162,1,0,2022-07-16 12:40:41,2022-07-16 12:40:41
75157,138306,1,1,2022-07-20 14:57:50,2022-07-20 14:57:50
75157,138321,1,1,2022-07-20 08:47:29,2022-07-20 08:47:29
75157,138508,1,1,2022-11-23 17:15:45,2022-11-23 17:15:45
75157,138539,1,1,2023-04-15 19:40:40,2023-04-15 19:40:40
75157,138567,1,0,2022-07-27 07:41:18,2022-07-27 07:41:18
75157,139270,1,0,2022-08-16 11:41:59,2022-08-16 11:41:59
75157,139328,1,1,2022-10-15 15:22:55,2022-10-15 15:22:55
75157,139333,1,0,2022-08-17 17:07:22,2022-08-17 17:07:22
75157,140253,1,0,2022-10-26 07:57:02,2022-10-26 07:57:02
75157,140256,1,0,2023-02-05 20:07:00,2023-02-05 20:07:00
75157,140272,1,0,2022-09-10 15:42:12,2022-09-10 15:42:12
75157,140296,1,0,2022-09-11 17:40:33,2022-09-11 17:40:33
75157,140727,1,1,2022-09-22 14:03:47,2022-09-22 14:03:47
75157,140946,1,1,2022-12-22 19:44:16,2022-12-22 19:44:16
75157,141023,1,1,2022-10-31 14:31:05,2022-10-31 14:31:05
75157,141385,2,0,2022-10-10 13:58:11,2022-10-10 14:37:11
75157,141480,2,0,2022-10-12 16:42:42,2022-10-14 13:00:50
75157,141487,1,1,2022-10-16 16:26:59,2022-10-16 16:26:59
75157,141812,2,1,2022-12-13 10:21:10,2022-12-14 17:04:33
75157,142593,1,1,2022-11-09 20:40:49,2022-11-09 20:40:49
75157,142778,1,1,2022-11-14 19:11:52,2022-11-14 19:11:52
75157,143106,3,0,2022-11-22 17:04:44,2022-12-05 17:55:39
75157,143204,1,1,2023-01-04 18:54:22,2023-01-04 18:54:22
75157,143498,1,1,2022-12-03 18:52:19,2022-12-03 18:52:19
75157,143629,1,0,2023-01-19 14:36:25,2023-01-19 14:36:25
75157,143672,2,0,2023-02-09 13:32:44,2023-02-09 14:30:46
75157,144257,1,1,2022-12-25 23:00:30,2022-12-25 23:00:30
75157,144509,2,0,2023-01-04 11:34:59,2023-01-04 11:42:09
75157,144517,1,0,2023-01-04 16:28:02,2023-01-04 16:28:02
75157,144738,1,0,2023-01-11 12:47:28,2023-01-11 12:47:28
75157,144743,1,0,2023-05-08 16:55:14,2023-05-08 16:55:14
75157,144814,1,1,2023-01-13 20:12:24,2023-01-13 20:12:24
75157,145084,1,0,2023-02-03 16:31:08,2023-02-03 16:31:08
75157,145236,1,1,2023-03-01 18:47:53,2023-03-01 18:47:53
75157,145385,1,0,2024-07-15 17:12:20,2024-07-15 17:12:20
75157,145437,1,0,2023-01-31 18:39:31,2023-01-31 18:39:31
75157,145438,1,0,2024-04-05 18:26:10,2024-04-05 18:26:10
75157,145603,1,0,2023-02-15 18:12:13,2023-02-15 18:12:13
75157,145638,1,0,2023-02-06 11:11:02,2023-02-06 11:11:02
75157,145658,1,0,2023-02-06 18:55:02,2023-02-06 18:55:02
75157,145777,1,1,2023-02-09 15:37:57,2023-02-09 15:37:57
75157,146055,2,1,2023-02-17 13:34:22,2023-02-17 19:07:15
75157,146075,2,1,2023-02-17 14:12:50,2023-02-17 14:36:28
75157,146377,1,1,2024-03-14 18:10:12,2024-03-14 18:10:12
75157,147591,3,0,2023-03-04 19:03:34,2023-03-05 10:00:07
75157,147592,1,0,2023-03-04 16:27:26,2023-03-04 16:27:26
75157,149182,1,0,2023-04-21 14:59:00,2023-04-21 14:59:00
75157,149356,1,1,2023-04-27 09:10:09,2023-04-27 09:10:09
75157,149404,2,0,2023-04-28 17:18:19,2023-04-28 19:39:58
75157,149782,1,0,2023-06-25 16:44:21,2023-06-25 16:44:21
75157,150598,1,0,2023-06-07 15:52:17,2023-06-07 15:52:17
75157,150682,1,1,2023-06-10 09:22:55,2023-06-10 09:22:55
75157,150807,1,1,2023-06-14 15:21:57,2023-06-14 15:21:57
75157,151484,3,1,2023-08-06 14:12:12,2023-08-06 18:15:18
75157,152188,1,1,2023-07-29 21:42:53,2023-07-29 21:42:53
75157,153097,1,0,2024-02-24 12:26:11,2024-02-24 12:26:11
75157,153359,1,0,2023-08-06 18:17:59,2023-08-06 18:17:59
75157,153702,1,0,2023-08-15 16:24:43,2023-08-15 16:24:43
75157,154411,1,0,2024-01-30 17:48:09,2024-01-30 17:48:09
75157,154637,5,2,2023-09-30 09:42:02,2025-02-27 17:15:38
75157,154640,1,0,2023-09-18 19:09:32,2023-09-18 19:09:32
75157,155950,1,1,2023-11-06 16:49:12,2023-11-06 16:49:12
75157,156306,1,0,2023-11-17 18:33:20,2023-11-17 18:33:20
75157,156444,2,1,2024-12-05 17:00:15,2024-12-06 17:15:50
75157,156897,1,1,2023-12-07 17:44:43,2023-12-07 17:44:43
75157,156939,1,1,2024-04-04 17:28:45,2024-04-04 17:28:45
75157,158181,1,0,2023-12-16 23:13:34,2023-12-16 23:13:34
75157,158549,1,0,2024-04-08 18:41:28,2024-04-08 18:41:28
75157,158567,2,0,2024-01-04 17:54:06,2024-01-05 18:22:30
75157,158917,1,0,2024-01-17 17:08:58,2024-01-17 17:08:58
75157,158970,1,0,2024-01-19 22:04:37,2024-01-19 22:04:37
75157,159761,2,1,2024-02-14 19:44:04,2024-02-15 17:54:50
75157,159823,1,1,2024-02-16 21:46:29,2024-02-16 21:46:29
75157,159892,1,0,2024-02-19 17:01:40,2024-02-19 17:01:40
75157,161210,1,0,2024-03-02 18:21:46,2024-03-02 18:21:46
75157,161239,1,0,2024-03-09 16:00:20,2024-03-09 16:00:20
75157,161405,1,1,2024-03-25 17:35:33,2024-03-25 17:35:33
75157,161581,1,1,2024-03-17 19:13:09,2024-03-17 19:13:09
75157,161611,1,0,2024-05-09 16:29:01,2024-05-09 16:29:01
75157,161688,1,0,2024-03-21 17:06:59,2024-03-21 17:06:59
75157,161734,1,0,2024-03-23 17:51:23,2024-03-23 17:51:23
75157,161883,1,0,2024-04-22 16:10:40,2024-04-22 16:10:40
75157,161909,1,1,2024-04-06 07:53:38,2024-04-06 07:53:38
75157,161913,1,0,2024-03-31 13:08:15,2024-03-31 13:08:15
75157,161916,1,0,2024-03-31 13:45:22,2024-03-31 13:45:22
75157,162121,1,0,2024-04-09 16:21:05,2024-04-09 16:21:05
75157,162175,1,1,2024-04-11 16:12:56,2024-04-11 16:12:56
75157,162208,1,1,2024-04-12 17:22:41,2024-04-12 17:22:41
75157,162462,1,0,2024-04-24 19:07:07,2024-04-24 19:07:07
75157,162588,1,0,2024-04-29 16:14:06,2024-04-29 16:14:06
75157,162643,1,0,2024-05-05 20:39:23,2024-05-05 20:39:23
75157,162725,1,1,2024-05-05 12:54:26,2024-05-05 12:54:26
75157,163066,1,1,2024-08-07 17:41:55,2024-08-07 17:41:55
75157,163177,1,0,2024-05-26 13:57:26,2024-05-26 13:57:26
75157,163349,1,0,2024-06-04 17:12:16,2024-06-04 17:12:16
75157,163804,1,0,2024-10-22 17:06:55,2024-10-22 17:06:55
75157,163885,2,0,2024-06-13 17:25:19,2024-06-14 18:13:08
75157,163938,1,1,2024-06-14 18:18:27,2024-06-14 18:18:27
75157,164944,1,0,2025-01-25 16:29:55,2025-01-25 16:29:55
75157,165246,1,0,2024-07-08 16:27:37,2024-07-08 16:27:37
75157,165615,1,1,2024-07-15 17:24:41,2024-07-15 17:24:41
75157,165997,1,0,2024-07-22 16:23:27,2024-07-22 16:23:27
75157,166252,4,1,2024-07-26 17:06:35,2024-07-27 09:53:40
75157,166803,2,1,2024-08-05 16:55:31,2024-08-05 18:58:31
75157,168169,1,0,2024-08-29 15:51:33,2024-08-29 15:51:33
75157,168287,1,1,2024-09-02 16:58:10,2024-09-02 16:58:10
75157,168347,1,1,2024-09-02 16:44:13,2024-09-02 16:44:13
75157,168483,1,0,2024-09-07 14:57:07,2024-09-07 14:57:07
75157,170118,1,0,2024-10-02 17:59:50,2024-10-02 17:59:50
75157,171036,1,0,2024-10-27 20:40:04,2024-10-27 20:40:04
75157,175689,1,0,2025-01-02 17:33:49,2025-01-02 17:33:49
75157,176403,1,0,2025-01-16 18:31:20,2025-01-16 18:31:20
75157,178495,1,0,2025-02-27 18:52:11,2025-02-27 18:52:11
75157,179099,2,0,2025-03-18 17:51:42,2025-03-20 18:21:28
75157,180532,1,0,2025-04-12 20:51:48,2025-04-12 20:51:48
75157,180680,1,1,2025-04-16 16:29:01,2025-04-16 16:29:01
75157,180759,1,0,2025-04-19 09:53:36,2025-04-19 09:53:36
75373,14675,1,0,2022-07-27 22:06:49,2022-07-27 22:06:49
75373,100453,2,1,2024-11-20 17:09:56,2024-11-20 18:06:02
75385,98970,1,0,2021-07-21 17:27:15,2021-07-21 17:27:15
75385,101228,1,0,2021-07-12 14:54:50,2021-07-12 14:54:50
75385,103497,1,1,2021-07-23 19:02:42,2021-07-23 19:02:42
75385,120554,1,1,2021-07-11 17:07:42,2021-07-11 17:07:42
75428,16050,1,1,2021-10-19 08:22:23,2021-10-19 08:22:23
75428,17310,1,1,2021-04-06 09:24:44,2021-04-06 09:24:44
75428,29182,1,1,2021-05-26 07:34:20,2021-05-26 07:34:20
75428,30464,1,0,2021-01-29 08:42:44,2021-01-29 08:42:44
75428,40791,1,1,2020-12-29 09:55:39,2020-12-29 09:55:39
75428,47724,1,1,2021-10-07 09:53:37,2021-10-07 09:53:37
75428,67275,1,1,2022-04-29 07:52:43,2022-04-29 07:52:43
75428,67349,1,1,2021-03-03 10:08:35,2021-03-03 10:08:35
75428,67840,1,1,2021-11-17 10:49:08,2021-11-17 10:49:08
75428,68313,1,1,2022-07-21 08:58:33,2022-07-21 08:58:33
75428,82549,1,1,2021-05-20 07:16:56,2021-05-20 07:16:56
75428,93617,1,1,2022-02-02 08:58:35,2022-02-02 08:58:35
75428,99504,2,1,2020-12-15 11:00:15,2020-12-16 09:16:07
75428,101175,1,1,2021-08-19 08:01:29,2021-08-19 08:01:29
75428,104392,1,1,2021-02-19 08:48:31,2021-02-19 08:48:31
75428,107002,1,1,2021-11-30 10:46:08,2021-11-30 10:46:08
75428,108738,1,1,2021-02-08 08:47:44,2021-02-08 08:47:44
75428,108986,1,0,2020-12-17 10:42:46,2020-12-17 10:42:46
75428,111857,1,1,2022-02-21 08:14:07,2022-02-21 08:14:07
75428,112139,1,1,2021-04-13 08:03:16,2021-04-13 08:03:16
75428,112536,1,1,2021-03-01 08:31:07,2021-03-01 08:31:07
75428,115039,1,1,2021-03-31 09:01:04,2021-03-31 09:01:04
75428,116260,1,0,2021-04-19 07:59:55,2021-04-19 07:59:55
75428,120250,2,1,2021-12-14 09:10:28,2021-12-14 09:11:01
75428,123118,1,1,2021-08-17 08:04:38,2021-08-17 08:04:38
75428,123290,1,1,2021-10-21 08:15:37,2021-10-21 08:15:37
75428,125263,1,1,2021-09-22 10:21:46,2021-09-22 10:21:46
75428,125659,1,1,2021-09-24 07:46:52,2021-09-24 07:46:52
75428,128336,1,1,2021-11-30 10:55:25,2021-11-30 10:55:25
75428,128374,1,1,2021-12-21 13:00:11,2021-12-21 13:00:11
75428,130360,1,1,2023-01-09 15:35:42,2023-01-09 15:35:42
75428,131865,1,1,2022-02-04 08:19:57,2022-02-04 08:19:57
75428,132069,1,1,2022-02-24 07:23:31,2022-02-24 07:23:31
75428,132435,1,1,2022-02-18 10:20:38,2022-02-18 10:20:38
75428,135365,1,1,2022-05-05 08:36:27,2022-05-05 08:36:27
75428,135657,1,0,2022-05-12 08:36:00,2022-05-12 08:36:00
75428,141703,1,1,2022-10-19 07:59:52,2022-10-19 07:59:52
75428,146213,1,1,2023-02-22 09:50:34,2023-02-22 09:50:34
75462,53030,1,0,2022-02-07 03:13:15,2022-02-07 03:13:15
75527,149495,1,1,2023-05-03 21:38:08,2023-05-03 21:38:08
75632,32164,2,0,2021-12-17 00:43:20,2021-12-21 20:08:16
75632,128926,1,0,2021-12-17 01:03:12,2021-12-17 01:03:12
75632,129970,2,0,2021-12-17 00:39:08,2021-12-17 23:04:56
75632,138890,1,1,2023-03-05 19:02:10,2023-03-05 19:02:10
75863,150808,1,1,2023-08-30 04:34:23,2023-08-30 04:34:23
75897,108416,1,1,2023-12-21 01:06:02,2023-12-21 01:06:02
75897,132893,1,0,2022-02-27 18:49:42,2022-02-27 18:49:42
75897,158191,2,1,2023-12-18 12:16:39,2023-12-19 18:40:44
75897,158200,2,0,2023-12-18 11:52:25,2023-12-18 11:56:04
75897,158262,2,0,2023-12-19 19:36:54,2023-12-19 19:44:06
75931,110191,1,1,2021-07-13 10:14:08,2021-07-13 10:14:08
75931,130316,1,1,2022-01-07 10:12:12,2022-01-07 10:12:12
76048,133466,1,0,2022-03-15 14:04:08,2022-03-15 14:04:08
76202,132065,1,0,2023-07-03 11:58:58,2023-07-03 11:58:58
76202,149425,1,1,2023-07-03 11:57:00,2023-07-03 11:57:00
76300,138468,1,1,2022-08-20 14:50:18,2022-08-20 14:50:18
76423,134529,1,1,2023-12-15 11:25:55,2023-12-15 11:25:55
76540,98775,2,0,2021-03-31 23:39:27,2022-05-16 15:08:13
76754,17916,1,1,2021-02-17 06:50:01,2021-02-17 06:50:01
76754,64377,1,0,2024-03-27 07:05:48,2024-03-27 07:05:48
76754,67821,3,1,2021-01-03 08:34:35,2021-01-05 08:08:19
76754,98121,1,0,2021-01-03 08:36:48,2021-01-03 08:36:48
76754,116992,1,0,2021-05-04 07:21:58,2021-05-04 07:21:58
76754,144105,1,1,2024-03-27 07:11:14,2024-03-27 07:11:14
76883,122574,2,1,2021-08-31 21:58:31,2021-09-01 10:50:55
76885,86325,1,0,2024-09-09 20:36:25,2024-09-09 20:36:25
76990,104161,1,0,2023-06-21 04:34:22,2023-06-21 04:34:22
76990,105445,1,0,2023-06-27 00:00:56,2023-06-27 00:00:56
76995,7730,1,0,2025-09-08 19:27:53,2025-09-08 19:27:53
77045,66109,1,1,2021-12-13 11:18:52,2021-12-13 11:18:52
77045,87292,1,1,2021-12-12 18:24:32,2021-12-12 18:24:32
77338,59216,1,1,2021-05-10 02:13:58,2021-05-10 02:13:58
77338,98405,2,1,2021-05-10 02:02:09,2021-05-11 02:34:50
77338,111923,1,1,2021-05-06 05:01:06,2021-05-06 05:01:06
77338,117152,1,1,2021-05-06 05:10:47,2021-05-06 05:10:47
77338,117178,1,1,2021-05-06 03:24:25,2021-05-06 03:24:25
77373,110921,1,1,2022-06-07 01:50:11,2022-06-07 01:50:11
77407,80221,1,1,2021-08-12 08:24:09,2021-08-12 08:24:09
77665,19056,1,1,2024-03-04 22:50:20,2024-03-04 22:50:20
77665,64238,1,1,2024-03-04 22:07:59,2024-03-04 22:07:59
77665,65153,1,0,2024-03-04 20:34:35,2024-03-04 20:34:35
77665,69263,1,1,2024-03-14 18:28:23,2024-03-14 18:28:23
77665,99221,5,2,2024-03-04 22:34:52,2024-03-07 22:20:25
77665,137882,1,1,2024-03-05 02:51:26,2024-03-05 02:51:26
77665,146452,1,1,2024-03-04 20:48:47,2024-03-04 20:48:47
77665,161239,2,1,2024-03-06 21:26:57,2024-03-09 06:54:43
77862,135707,1,0,2022-11-09 22:37:57,2022-11-09 22:37:57
77914,64876,1,1,2022-01-15 10:50:55,2022-01-15 10:50:55
77914,76137,1,1,2021-08-20 14:54:51,2021-08-20 14:54:51
77914,95144,1,1,2021-01-22 15:27:50,2021-01-22 15:27:50
77914,110619,1,1,2021-01-20 19:22:25,2021-01-20 19:22:25
77914,115738,1,0,2021-04-10 09:46:02,2021-04-10 09:46:02
77914,115739,1,0,2021-04-10 09:42:59,2021-04-10 09:42:59
77914,117055,1,0,2021-06-10 16:17:14,2021-06-10 16:17:14
77914,118279,2,1,2021-05-25 06:54:09,2021-05-25 08:12:40
77914,118298,2,1,2021-05-28 08:08:38,2021-05-28 18:32:04
77914,118306,1,1,2021-05-25 16:57:39,2021-05-25 16:57:39
77914,118513,1,0,2021-05-29 13:26:36,2021-05-29 13:26:36
77914,118765,1,1,2021-06-04 13:54:01,2021-06-04 13:54:01
77914,118812,1,0,2021-06-05 09:28:46,2021-06-05 09:28:46
77914,119572,2,0,2021-06-20 16:05:15,2021-06-20 18:26:47
77914,119921,4,1,2021-08-21 10:37:33,2021-08-22 19:16:35
77914,122797,1,1,2021-08-20 14:41:24,2021-08-20 14:41:24
77914,123262,1,1,2021-08-20 15:00:26,2021-08-20 15:00:26
77914,130942,2,1,2022-01-12 20:53:10,2022-01-13 18:12:48
77914,133632,2,0,2023-04-10 15:13:01,2023-04-11 18:33:31
77914,134143,3,1,2022-04-02 14:16:29,2022-04-02 15:15:18
77914,134148,1,1,2022-04-02 14:13:52,2022-04-02 14:13:52
77914,134669,1,0,2022-04-16 17:07:07,2022-04-16 17:07:07
77914,161314,1,1,2024-03-07 21:20:06,2024-03-07 21:20:06
77938,3314,1,0,2021-05-28 19:40:35,2021-05-28 19:40:35
77938,14433,1,1,2023-09-04 00:01:12,2023-09-04 00:01:12
77938,42630,1,1,2021-05-15 02:04:40,2021-05-15 02:04:40
77938,54395,1,0,2021-08-21 23:10:10,2021-08-21 23:10:10
77938,89611,1,0,2021-05-15 21:38:16,2021-05-15 21:38:16
77938,98775,1,1,2024-10-14 18:19:18,2024-10-14 18:19:18
77938,107685,1,0,2021-07-28 13:42:47,2021-07-28 13:42:47
77938,109113,4,0,2021-05-29 22:59:53,2021-06-03 11:40:10
77938,110957,1,1,2021-05-19 23:51:10,2021-05-19 23:51:10
77938,112581,1,0,2021-05-30 15:23:39,2021-05-30 15:23:39
77938,113087,1,1,2021-06-03 12:53:51,2021-06-03 12:53:51
77938,113575,2,1,2021-05-15 18:53:44,2021-05-15 18:56:38
77938,115453,1,1,2021-04-06 14:13:54,2021-04-06 14:13:54
77938,115901,1,1,2021-05-15 20:07:45,2021-05-15 20:07:45
77938,117241,1,1,2021-05-15 14:27:55,2021-05-15 14:27:55
77938,117255,1,1,2021-05-30 15:15:33,2021-05-30 15:15:33
77938,117394,2,1,2021-05-15 19:48:28,2021-05-15 19:53:20
77938,117637,1,1,2021-05-15 13:29:50,2021-05-15 13:29:50
77938,117674,1,1,2021-05-15 02:16:15,2021-05-15 02:16:15
77938,118124,2,1,2021-05-24 06:44:45,2021-06-03 11:42:13
77938,118151,1,0,2021-05-23 22:15:04,2021-05-23 22:15:04
77938,118206,1,1,2021-05-23 22:11:08,2021-05-23 22:11:08
77938,118228,4,1,2021-05-24 19:15:25,2021-05-25 21:39:32
77938,121079,1,1,2021-07-28 14:09:47,2021-07-28 14:09:47
77938,122832,1,1,2021-08-11 21:11:07,2021-08-11 21:11:07
77938,153507,2,0,2023-10-26 20:09:18,2023-10-26 20:11:24
77938,155082,1,1,2023-10-26 15:19:15,2023-10-26 15:19:15
77938,155333,3,1,2023-10-26 21:07:56,2023-10-27 10:37:14
77938,155518,5,1,2023-10-23 00:01:13,2023-10-27 14:04:54
77938,155529,3,1,2023-10-22 23:35:59,2023-10-23 21:12:39
77938,155607,3,0,2023-10-26 18:12:54,2023-10-26 18:24:32
77938,155960,1,0,2023-11-06 22:48:42,2023-11-06 22:48:42
77938,184345,1,1,2025-07-27 09:49:50,2025-07-27 09:49:50
78042,126598,1,0,2023-01-02 23:01:22,2023-01-02 23:01:22
78184,113240,2,1,2021-03-13 09:09:04,2021-03-13 15:23:56
78476,109168,1,1,2021-03-12 20:21:00,2021-03-12 20:21:00
78544,92050,1,0,2021-05-08 05:49:38,2021-05-08 05:49:38
78591,127231,1,1,2023-02-21 01:18:34,2023-02-21 01:18:34
78674,118057,1,1,2021-05-21 06:46:48,2021-05-21 06:46:48
78674,130032,1,0,2022-01-09 20:41:37,2022-01-09 20:41:37
78801,64377,1,0,2022-03-01 19:50:22,2022-03-01 19:50:22
78801,192501,1,1,2026-02-12 14:20:08,2026-02-12 14:20:08
78845,103314,1,1,2020-12-29 21:06:59,2020-12-29 21:06:59
79085,71442,1,0,2022-02-22 07:27:41,2022-02-22 07:27:41
79085,75803,1,0,2022-02-20 06:32:21,2022-02-20 06:32:21
79110,69629,2,1,2021-01-31 12:16:02,2021-02-05 16:20:10
79110,82027,3,1,2021-02-05 11:27:06,2021-02-05 16:31:50
79110,111125,1,1,2021-01-31 12:03:50,2021-01-31 12:03:50
79110,111142,1,1,2021-01-31 11:43:43,2021-01-31 11:43:43
79133,135857,1,0,2023-11-22 14:58:31,2023-11-22 14:58:31
79227,14433,1,1,2022-02-15 12:21:15,2022-02-15 12:21:15
79227,96054,1,1,2022-09-20 09:19:45,2022-09-20 09:19:45
79227,109792,2,1,2021-01-04 14:55:47,2021-01-04 19:58:39
79227,125747,2,1,2022-04-14 09:42:17,2022-04-14 09:55:11
79227,133304,1,0,2022-04-14 08:54:28,2022-04-14 08:54:28
79227,134539,1,1,2022-04-14 09:18:40,2022-04-14 09:18:40
79227,134554,2,1,2022-04-14 09:38:04,2022-04-18 17:44:03
79408,126955,1,1,2021-10-26 14:42:02,2021-10-26 14:42:02
79422,127399,1,0,2021-11-05 11:15:11,2021-11-05 11:15:11
79462,92182,1,1,2021-04-14 18:32:27,2021-04-14 18:32:27
79462,102668,2,1,2021-04-16 00:19:38,2021-04-18 15:19:28
79462,106276,1,1,2021-04-14 19:42:47,2021-04-14 19:42:47
79462,116022,1,1,2021-04-14 19:48:59,2021-04-14 19:48:59
79462,116029,1,1,2021-04-16 00:42:47,2021-04-16 00:42:47
79462,116137,1,1,2021-04-16 00:06:26,2021-04-16 00:06:26
79520,3070,1,0,2022-11-03 08:57:39,2022-11-03 08:57:39
79520,37045,2,0,2023-07-21 08:01:57,2023-07-27 11:41:12
79520,38353,1,0,2023-07-18 08:07:59,2023-07-18 08:07:59
79520,51839,1,1,2022-11-18 22:54:34,2022-11-18 22:54:34
79520,54865,2,0,2022-11-08 13:30:04,2022-11-08 17:48:51
79520,55122,3,0,2023-07-11 14:15:34,2023-11-14 08:57:18
79520,61445,1,0,2022-10-12 08:36:54,2022-10-12 08:36:54
79520,63745,3,1,2022-10-15 08:38:54,2022-10-15 09:07:55
79520,64726,1,1,2022-11-01 09:41:11,2022-11-01 09:41:11
79520,68575,1,0,2022-12-02 12:43:32,2022-12-02 12:43:32
79520,77278,1,1,2023-07-11 08:29:17,2023-07-11 08:29:17
79520,81993,2,1,2023-07-20 08:47:10,2023-07-21 07:32:25
79520,100125,1,1,2023-07-24 09:38:11,2023-07-24 09:38:11
79520,110445,1,0,2022-11-18 22:07:03,2022-11-18 22:07:03
79520,113124,1,1,2022-10-26 16:34:40,2022-10-26 16:34:40
79520,119921,1,0,2023-05-27 07:13:54,2023-05-27 07:13:54
79520,126059,3,1,2023-05-27 06:22:48,2023-05-27 14:24:50
79520,130647,1,0,2022-11-07 09:05:36,2022-11-07 09:05:36
79520,131702,3,0,2022-11-16 16:13:14,2022-11-17 10:58:28
79520,138619,1,1,2022-11-16 16:05:39,2022-11-16 16:05:39
79520,139935,1,1,2022-12-02 12:58:43,2022-12-02 12:58:43
79520,140531,1,1,2023-07-18 21:20:25,2023-07-18 21:20:25
79520,140812,2,0,2022-10-09 17:20:41,2022-10-10 13:55:48
79520,141263,1,0,2022-10-09 17:28:33,2022-10-09 17:28:33
79520,141327,1,1,2022-10-08 21:03:07,2022-10-08 21:03:07
79520,141348,1,0,2022-10-09 17:17:02,2022-10-09 17:17:02
79520,141385,2,1,2022-10-10 14:24:23,2022-10-10 14:34:38
79520,141421,1,1,2022-10-11 09:45:54,2022-10-11 09:45:54
79520,142851,2,0,2022-11-16 15:50:10,2022-11-16 17:28:31
79520,142908,3,1,2022-11-19 10:53:28,2022-11-19 20:19:51
79520,142931,1,0,2022-11-19 10:57:24,2022-11-19 10:57:24
79520,142937,1,0,2022-11-20 08:44:52,2022-11-20 08:44:52
79520,142941,3,1,2022-11-19 10:38:42,2022-11-21 08:21:33
79520,142963,4,1,2022-11-19 11:15:24,2022-11-21 09:35:21
79520,143336,1,1,2022-11-29 11:24:13,2022-11-29 11:24:13
79520,143717,1,0,2022-12-12 13:00:21,2022-12-12 13:00:21
79520,143751,1,0,2022-12-12 12:55:43,2022-12-12 12:55:43
79520,150242,1,0,2023-05-28 09:53:41,2023-05-28 09:53:41
79520,150472,1,0,2023-06-06 11:02:14,2023-06-06 11:02:14
79520,150588,1,0,2023-06-07 12:24:50,2023-06-07 12:24:50
79520,151690,1,1,2023-07-12 11:50:50,2023-07-12 11:50:50
79520,151743,1,0,2023-07-13 17:56:29,2023-07-13 17:56:29
79520,151759,1,1,2023-07-14 08:24:11,2023-07-14 08:24:11
79520,151885,1,0,2023-07-18 21:03:26,2023-07-18 21:03:26
79542,130374,1,1,2021-12-29 15:02:09,2021-12-29 15:02:09
79617,115588,1,1,2023-03-01 10:33:32,2023-03-01 10:33:32
79639,67993,1,1,2021-09-07 05:46:05,2021-09-07 05:46:05
79639,124985,1,1,2021-09-07 20:31:19,2021-09-07 20:31:19
79770,55122,1,0,2024-03-25 00:28:37,2024-03-25 00:28:37
79770,67200,1,1,2024-03-24 13:12:33,2024-03-24 13:12:33
79770,161126,2,1,2024-03-10 00:31:22,2024-03-12 00:45:56
79934,14675,1,0,2023-01-29 17:30:24,2023-01-29 17:30:24
79934,30009,1,0,2023-06-17 00:18:34,2023-06-17 00:18:34
79934,52376,1,0,2022-08-23 15:29:18,2022-08-23 15:29:18
79934,52891,2,0,2021-08-06 13:01:04,2021-08-06 13:15:49
79934,57528,1,1,2022-02-22 21:20:23,2022-02-22 21:20:23
79934,60185,1,1,2023-03-12 20:03:11,2023-03-12 20:03:11
79934,64706,1,0,2022-04-20 19:36:15,2022-04-20 19:36:15
79934,65781,1,1,2021-05-27 17:06:53,2021-05-27 17:06:53
79934,68313,1,0,2022-11-20 00:55:50,2022-11-20 00:55:50
79934,77999,1,1,2022-04-28 21:59:43,2022-04-28 21:59:43
79934,95102,1,0,2021-01-27 16:48:36,2021-01-27 16:48:36
79934,97039,1,1,2025-01-14 17:07:12,2025-01-14 17:07:12
79934,97585,1,0,2021-04-07 18:36:59,2021-04-07 18:36:59
79934,105519,2,1,2024-08-29 02:12:11,2024-08-29 23:16:20
79934,112161,1,1,2021-02-20 15:12:54,2021-02-20 15:12:54
79934,112386,1,0,2021-05-27 20:09:33,2021-05-27 20:09:33
79934,113003,1,1,2021-03-13 01:33:59,2021-03-13 01:33:59
79934,117748,1,1,2021-05-15 23:01:42,2021-05-15 23:01:42
79934,122963,2,1,2021-08-13 12:58:31,2021-08-13 12:59:45
79934,125402,1,0,2021-09-19 19:00:03,2021-09-19 19:00:03
79934,132020,1,1,2022-02-07 17:38:16,2022-02-07 17:38:16
79934,132310,1,0,2022-02-13 00:26:09,2022-02-13 00:26:09
79934,132730,1,0,2022-02-22 16:02:41,2022-02-22 16:02:41
79934,133308,2,1,2022-04-13 17:22:49,2022-04-17 15:15:39
79934,134097,2,0,2022-04-01 12:20:22,2022-04-02 21:01:28
79934,134464,1,0,2022-04-11 15:53:11,2022-04-11 15:53:11
79934,142700,1,1,2023-01-08 17:24:51,2023-01-08 17:24:51
79934,144290,1,1,2022-12-27 18:09:36,2022-12-27 18:09:36
79934,144871,1,0,2023-02-15 23:11:44,2023-02-15 23:11:44
79934,156775,2,1,2023-12-02 18:48:21,2023-12-02 21:59:51
79934,162181,2,0,2024-04-12 15:45:06,2024-04-13 20:29:22
79934,162550,1,1,2024-04-28 15:07:32,2024-04-28 15:07:32
79981,110766,2,1,2021-02-03 13:52:57,2021-02-03 14:15:23
80221,43546,1,0,2021-07-29 21:26:26,2021-07-29 21:26:26
80221,64377,2,0,2021-01-06 01:08:01,2021-01-06 01:09:28
80221,96106,1,0,2021-06-04 20:52:12,2021-06-04 20:52:12
80272,54096,1,0,2022-11-16 09:58:58,2022-11-16 09:58:58
80272,105508,2,0,2023-06-13 06:46:48,2023-06-13 07:04:12
80272,148005,1,0,2023-12-21 15:53:49,2023-12-21 15:53:49
80272,148133,1,0,2023-11-24 11:55:43,2023-11-24 11:55:43
80272,148941,1,0,2024-04-04 07:42:05,2024-04-04 07:42:05
80272,151142,1,1,2023-06-25 10:07:29,2023-06-25 10:07:29
80272,151615,1,1,2023-07-09 12:37:40,2023-07-09 12:37:40
80272,153703,1,1,2023-08-15 12:58:54,2023-08-15 12:58:54
80272,156460,3,1,2023-11-23 11:12:57,2023-12-10 12:29:26
80272,156973,1,1,2023-12-10 12:28:36,2023-12-10 12:28:36
80272,161713,1,0,2024-03-24 08:33:56,2024-03-24 08:33:56
80272,167433,2,0,2024-08-19 07:14:49,2024-09-02 12:46:23
80272,171245,1,1,2024-10-29 06:13:40,2024-10-29 06:13:40
80390,140592,1,0,2024-04-11 13:41:23,2024-04-11 13:41:23
80390,162166,1,0,2024-04-11 13:27:00,2024-04-11 13:27:00
80492,109914,1,1,2021-02-17 10:55:41,2021-02-17 10:55:41
80492,110898,1,1,2021-02-17 11:22:22,2021-02-17 11:22:22
80493,140708,1,1,2023-05-02 19:43:24,2023-05-02 19:43:24
80493,147565,2,1,2023-05-02 19:48:10,2023-05-02 20:14:15
80560,43000,1,0,2025-01-09 14:53:13,2025-01-09 14:53:13
80599,67492,1,1,2021-04-30 10:10:43,2021-04-30 10:10:43
80599,92003,1,1,2021-05-06 13:58:20,2021-05-06 13:58:20
80599,95046,1,1,2021-09-17 19:51:58,2021-09-17 19:51:58
80599,107002,1,1,2021-09-17 19:12:19,2021-09-17 19:12:19
80599,108684,1,1,2021-04-01 12:26:48,2021-04-01 12:26:48
80599,110503,4,1,2021-03-31 07:08:08,2021-04-01 11:46:30
80599,115184,1,1,2021-03-31 06:40:48,2021-03-31 06:40:48
80599,115274,2,1,2021-04-01 12:56:18,2021-04-01 13:23:29
80599,115322,2,1,2021-04-02 10:15:00,2021-04-07 08:07:48
80599,115963,2,1,2021-04-13 08:06:33,2021-04-21 09:05:51
80599,194309,1,1,2026-08-05 16:29:50,2026-08-05 16:29:50
80744,97074,1,1,2021-12-13 19:31:29,2021-12-13 19:31:29
80744,110202,1,1,2021-01-13 12:54:51,2021-01-13 12:54:51
80792,126466,1,1,2022-11-14 06:41:56,2022-11-14 06:41:56
80792,141499,1,1,2022-10-13 06:52:18,2022-10-13 06:52:18
80807,164819,1,1,2024-07-01 02:25:00,2024-07-01 02:25:00
80860,109385,1,0,2020-12-26 17:39:43,2020-12-26 17:39:43
80860,109425,1,1,2020-12-26 16:42:19,2020-12-26 16:42:19
80860,110727,1,0,2021-01-23 14:54:14,2021-01-23 14:54:14
80867,120367,1,1,2024-01-21 04:14:13,2024-01-21 04:14:13
80885,64876,1,1,2021-02-16 08:31:35,2021-02-16 08:31:35
80885,111416,1,1,2021-02-16 08:36:06,2021-02-16 08:36:06
80894,131238,1,1,2022-01-28 09:59:38,2022-01-28 09:59:38
80920,103108,1,1,2021-08-03 23:12:40,2021-08-03 23:12:40
82147,109106,1,0,2022-03-22 00:45:20,2022-03-22 00:45:20
82258,86828,2,1,2020-12-21 14:20:46,2020-12-22 05:20:58
82258,107560,1,1,2020-12-23 14:53:13,2020-12-23 14:53:13
82258,107964,1,1,2020-12-21 13:36:32,2020-12-21 13:36:32
82277,92050,1,0,2023-06-11 21:05:13,2023-06-11 21:05:13
82468,303,2,0,2022-09-07 20:21:33,2022-09-07 20:22:41
82468,14981,1,1,2022-09-11 21:08:40,2022-09-11 21:08:40
82468,33279,1,1,2022-09-10 21:44:50,2022-09-10 21:44:50
82468,53361,2,0,2022-09-05 10:56:24,2022-09-05 10:57:23
82468,56339,1,0,2022-09-10 13:25:30,2022-09-10 13:25:30
82468,63745,5,3,2022-09-03 17:44:10,2022-09-08 19:36:29
82468,71442,1,0,2022-09-10 16:11:52,2022-09-10 16:11:52
82468,90341,1,1,2022-09-03 17:24:02,2022-09-03 17:24:02
82468,109586,2,1,2022-09-04 08:39:50,2022-09-04 17:42:22
82468,110310,1,0,2022-09-10 16:12:31,2022-09-10 16:12:31
82468,113585,4,1,2022-09-12 18:48:49,2022-09-19 09:35:57
82468,122614,1,0,2022-09-08 18:23:06,2022-09-08 18:23:06
82468,126241,1,0,2022-09-19 10:11:05,2022-09-19 10:11:05
82468,133184,1,0,2022-09-05 22:24:46,2022-09-05 22:24:46
82468,133888,1,1,2022-09-04 18:42:54,2022-09-04 18:42:54
82468,135189,1,0,2022-09-10 06:19:43,2022-09-10 06:19:43
82468,137223,4,1,2022-09-08 19:39:40,2022-09-09 08:00:27
82468,138392,1,1,2022-09-12 05:32:31,2022-09-12 05:32:31
82468,139758,3,0,2022-09-08 15:27:04,2022-09-08 19:46:03
82468,139792,2,1,2022-09-09 15:14:03,2022-09-09 18:45:52
82468,140004,1,1,2022-09-03 17:19:13,2022-09-03 17:19:13
82468,140019,1,1,2022-09-04 08:52:49,2022-09-04 08:52:49
82468,140041,1,1,2022-09-05 09:05:38,2022-09-05 09:05:38
82468,140185,1,0,2022-09-08 19:41:45,2022-09-08 19:41:45
82468,140235,1,0,2022-09-09 18:59:02,2022-09-09 18:59:02
82468,140245,2,1,2022-09-09 18:54:08,2022-09-12 14:47:25
82468,140321,1,0,2022-09-12 06:47:29,2022-09-12 06:47:29
82498,119938,2,0,2022-02-07 10:31:22,2022-02-08 14:28:45
82502,14675,2,0,2021-12-02 15:23:43,2021-12-02 15:25:14
82549,110118,2,0,2021-05-18 22:48:04,2021-05-19 18:54:14
82699,105510,1,1,2021-02-01 15:14:09,2021-02-01 15:14:09
82766,119921,1,1,2022-08-05 14:36:12,2022-08-05 14:36:12
82815,92396,1,1,2021-07-13 19:43:25,2021-07-13 19:43:25
82815,162878,1,1,2024-09-18 20:30:25,2024-09-18 20:30:25
82815,163278,1,1,2024-09-20 22:05:47,2024-09-20 22:05:47
82815,168475,1,1,2024-09-17 15:10:34,2024-09-17 15:10:34
82815,168805,4,1,2024-09-17 15:16:09,2024-09-20 21:52:04
82815,168886,1,1,2024-09-20 22:26:12,2024-09-20 22:26:12
82815,169255,1,1,2024-09-20 22:13:02,2024-09-20 22:13:02
82815,180262,1,1,2025-04-07 18:49:33,2025-04-07 18:49:33
83065,112365,1,1,2021-03-16 23:20:21,2021-03-16 23:20:21
83065,113458,1,0,2021-03-17 20:20:34,2021-03-17 20:20:34
83065,140564,1,1,2022-09-18 13:23:04,2022-09-18 13:23:04
83065,140617,2,1,2022-09-27 13:18:54,2022-09-28 12:28:53
83065,141613,1,1,2022-10-17 00:23:08,2022-10-17 00:23:08
83105,98775,1,1,2021-08-30 21:50:11,2021-08-30 21:50:11
83105,124967,1,1,2021-09-15 03:58:01,2021-09-15 03:58:01
83143,116854,1,1,2021-09-24 06:40:21,2021-09-24 06:40:21
83143,126041,1,1,2021-10-04 04:51:25,2021-10-04 04:51:25
83275,122,3,1,2023-04-22 13:53:46,2023-04-22 14:20:40
83275,303,1,1,2024-02-18 09:54:28,2024-02-18 09:54:28
83275,5344,2,1,2022-12-06 07:42:56,2022-12-07 05:02:57
83275,53537,1,0,2021-08-29 03:46:23,2021-08-29 03:46:23
83275,53846,1,1,2023-04-16 04:38:46,2023-04-16 04:38:46
83275,58433,1,0,2021-12-15 11:58:31,2021-12-15 11:58:31
83275,58519,1,0,2021-09-24 15:55:29,2021-09-24 15:55:29
83275,60101,1,1,2023-04-21 03:50:35,2023-04-21 03:50:35
83275,76779,1,1,2022-01-21 15:54:12,2022-01-21 15:54:12
83275,79298,1,1,2021-01-25 15:46:58,2021-01-25 15:46:58
83275,92182,1,1,2021-12-12 07:42:48,2021-12-12 07:42:48
83275,95155,1,1,2023-03-14 03:52:27,2023-03-14 03:52:27
83275,100460,1,1,2023-08-14 09:36:19,2023-08-14 09:36:19
83275,100545,1,1,2022-01-08 15:10:20,2022-01-08 15:10:20
83275,106015,1,0,2021-12-06 17:05:09,2021-12-06 17:05:09
83275,109295,1,0,2021-10-19 11:10:18,2021-10-19 11:10:18
83275,110710,1,0,2021-01-25 15:52:56,2021-01-25 15:52:56
83275,110711,1,1,2021-01-25 16:04:43,2021-01-25 16:04:43
83275,110845,1,1,2021-01-25 14:25:51,2021-01-25 14:25:51
83275,117213,1,1,2021-11-20 06:51:10,2021-11-20 06:51:10
83275,119921,1,0,2022-01-08 12:04:14,2022-01-08 12:04:14
83275,120215,2,1,2021-12-14 05:17:38,2021-12-14 05:32:23
83275,121167,1,1,2022-12-08 07:34:44,2022-12-08 07:34:44
83275,122330,1,1,2023-03-22 17:34:55,2023-03-22 17:34:55
83275,122843,1,1,2021-08-11 04:16:18,2021-08-11 04:16:18
83275,123265,1,1,2023-04-15 05:41:53,2023-04-15 05:41:53
83275,123438,1,1,2023-03-14 09:33:10,2023-03-14 09:33:10
83275,124910,1,1,2022-04-06 11:51:40,2022-04-06 11:51:40
83275,125255,1,1,2023-04-15 11:17:51,2023-04-15 11:17:51
83275,125527,4,4,2021-09-24 16:21:39,2022-06-14 13:14:13
83275,125741,1,1,2023-04-15 07:10:06,2023-04-15 07:10:06
83275,125747,4,2,2022-01-09 09:25:47,2022-08-06 16:53:34
83275,126402,1,1,2022-01-08 11:56:26,2022-01-08 11:56:26
83275,126466,1,1,2022-04-06 11:44:42,2022-04-06 11:44:42
83275,126520,1,1,2021-10-19 05:46:53,2021-10-19 05:46:53
83275,126875,2,1,2021-11-17 14:23:25,2021-11-17 15:06:45
83275,127196,1,0,2021-11-01 16:00:08,2021-11-01 16:00:08
83275,127960,1,0,2021-11-20 06:37:33,2021-11-20 06:37:33
83275,128068,1,1,2021-11-25 08:10:53,2021-11-25 08:10:53
83275,128538,2,2,2021-12-05 15:35:26,2021-12-07 07:38:52
83275,128597,1,1,2021-12-07 13:29:51,2021-12-07 13:29:51
83275,128671,1,1,2021-12-09 03:17:46,2021-12-09 03:17:46
83275,128733,1,0,2021-12-10 12:43:51,2021-12-10 12:43:51
83275,128745,1,1,2021-12-13 06:51:24,2021-12-13 06:51:24
83275,128867,1,1,2021-12-14 13:32:34,2021-12-14 13:32:34
83275,129945,1,1,2021-12-16 12:10:00,2021-12-16 12:10:00
83275,130163,1,0,2021-12-26 08:44:52,2021-12-26 08:44:52
83275,130734,1,1,2022-01-09 10:04:40,2022-01-09 10:04:40
83275,130860,1,0,2022-10-27 13:46:06,2022-10-27 13:46:06
83275,133482,1,1,2022-04-06 12:25:58,2022-04-06 12:25:58
83275,134375,1,0,2022-04-11 15:41:04,2022-04-11 15:41:04
83275,142068,1,1,2023-03-23 15:50:21,2023-03-23 15:50:21
83275,143179,1,1,2022-12-09 17:03:09,2022-12-09 17:03:09
83275,143267,2,1,2022-12-07 08:51:25,2022-12-08 17:10:14
83275,143513,1,1,2022-12-07 16:25:22,2022-12-07 16:25:22
83275,143541,2,1,2022-12-08 09:51:04,2022-12-08 10:38:25
83275,143689,1,1,2022-12-09 04:32:01,2022-12-09 04:32:01
83275,143696,1,1,2022-12-09 04:25:39,2022-12-09 04:25:39
83275,143928,1,1,2022-12-17 13:16:15,2022-12-17 13:16:15
83275,147663,1,1,2023-03-17 04:14:50,2023-03-17 04:14:50
83275,148111,1,1,2023-04-15 11:37:15,2023-04-15 11:37:15
83275,148203,1,0,2023-03-22 18:20:29,2023-03-22 18:20:29
83275,148305,1,1,2023-04-07 05:04:40,2023-04-07 05:04:40
83275,148869,1,1,2023-04-15 05:31:42,2023-04-15 05:31:42
83275,148962,4,1,2023-04-19 05:03:01,2023-04-24 17:48:09
83275,149008,1,1,2024-02-18 10:27:17,2024-02-18 10:27:17
83275,149212,2,1,2023-04-24 04:18:33,2023-04-25 17:36:04
83275,149243,2,1,2023-04-24 03:47:45,2023-04-25 17:38:24
83275,149261,1,1,2023-04-25 17:40:20,2023-04-25 17:40:20
83275,149312,2,0,2024-05-03 09:00:07,2024-05-03 09:01:09
83275,150196,1,1,2023-05-26 07:54:49,2023-05-26 07:54:49
83275,151439,1,1,2023-07-05 06:22:04,2023-07-05 06:22:04
83275,162070,1,1,2024-04-08 08:38:55,2024-04-08 08:38:55
83275,162076,1,1,2024-04-08 08:51:16,2024-04-08 08:51:16
83275,164733,1,1,2024-07-09 09:22:30,2024-07-09 09:22:30
83275,165218,1,1,2024-07-13 13:30:30,2024-07-13 13:30:30
83473,44083,1,1,2021-01-12 14:16:21,2021-01-12 14:16:21
83473,93577,1,1,2021-01-07 18:41:59,2021-01-07 18:41:59
83473,106128,1,1,2021-01-12 13:43:35,2021-01-12 13:43:35
83578,137566,1,1,2022-06-29 21:20:15,2022-06-29 21:20:15
83745,122451,1,1,2021-12-29 23:03:42,2021-12-29 23:03:42
83770,119136,1,1,2023-01-05 09:36:48,2023-01-05 09:36:48
83791,12533,1,1,2021-11-25 08:55:34,2021-11-25 08:55:34
83791,14675,3,0,2021-09-05 15:16:04,2021-09-05 16:07:36
83791,33057,1,1,2021-03-03 11:12:51,2021-03-03 11:12:51
83791,41297,1,0,2020-12-17 13:43:21,2020-12-17 13:43:21
83791,41637,1,0,2021-03-16 07:37:55,2021-03-16 07:37:55
83791,42357,2,1,2022-04-28 10:18:06,2022-04-28 13:18:34
83791,49119,1,1,2021-07-21 16:12:29,2021-07-21 16:12:29
83791,57724,2,1,2020-12-18 10:10:17,2020-12-18 10:18:35
83791,58155,4,1,2021-01-23 10:00:15,2021-01-27 09:20:13
83791,63488,1,0,2021-02-20 15:54:00,2021-02-20 15:54:00
83791,63565,1,1,2021-10-06 15:16:32,2021-10-06 15:16:32
83791,64377,2,0,2021-01-10 18:14:00,2021-09-16 15:12:40
83791,65131,1,0,2021-01-13 14:12:27,2021-01-13 14:12:27
83791,66839,1,0,2021-12-29 16:30:21,2021-12-29 16:30:21
83791,68313,2,1,2021-07-17 10:33:31,2021-07-17 13:07:53
83791,75157,1,0,2021-01-29 10:50:00,2021-01-29 10:50:00
83791,77125,1,1,2021-04-04 08:38:33,2021-04-04 08:38:33
83791,78989,1,1,2021-02-23 15:28:08,2021-02-23 15:28:08
83791,79623,2,0,2022-01-10 08:16:48,2022-01-10 08:18:20
83791,80221,3,1,2020-12-29 14:00:16,2020-12-29 15:16:32
83791,84891,1,0,2021-08-07 10:59:01,2021-08-07 10:59:01
83791,92050,1,0,2021-03-01 19:36:10,2021-03-01 19:36:10
83791,96815,2,1,2021-02-27 18:53:11,2021-02-27 21:22:17
83791,101175,1,1,2021-09-05 12:57:05,2021-09-05 12:57:05
83791,101228,2,1,2021-08-02 10:43:47,2021-08-03 11:25:31
83791,104371,1,1,2021-02-20 15:33:30,2021-02-20 15:33:30
83791,104675,1,1,2021-01-13 14:25:16,2021-01-13 14:25:16
83791,105648,1,1,2023-01-04 16:59:52,2023-01-04 16:59:52
83791,106470,4,1,2021-01-29 06:46:49,2021-02-02 17:30:18
83791,109107,2,1,2020-12-19 12:38:20,2020-12-20 14:02:12
83791,109812,1,1,2021-01-04 13:28:38,2021-01-04 13:28:38
83791,109987,1,1,2021-02-21 11:18:30,2021-02-21 11:18:30
83791,110229,2,1,2021-01-12 17:30:42,2021-01-12 18:19:13
83791,110557,2,1,2021-01-20 14:31:02,2021-01-20 16:51:17
83791,110757,1,1,2021-01-29 09:56:55,2021-01-29 09:56:55
83791,110964,2,1,2021-01-27 21:26:19,2021-01-27 21:40:28
83791,111602,1,1,2021-02-10 16:20:00,2021-02-10 16:20:00
83791,111756,1,0,2022-09-01 17:59:10,2022-09-01 17:59:10
83791,111822,1,1,2021-12-28 14:22:23,2021-12-28 14:22:23
83791,111857,1,1,2021-02-14 19:05:43,2021-02-14 19:05:43
83791,111890,1,1,2021-02-14 22:40:46,2021-02-14 22:40:46
83791,112011,1,1,2021-03-15 11:23:20,2021-03-15 11:23:20
83791,112195,8,1,2021-02-26 10:05:28,2021-02-26 16:17:42
83791,112361,1,1,2021-03-01 19:08:35,2021-03-01 19:08:35
83791,112531,5,2,2021-02-27 09:17:21,2021-09-15 07:08:06
83791,112548,1,1,2021-02-27 19:13:29,2021-02-27 19:13:29
83791,112757,1,1,2021-03-03 15:34:09,2021-03-03 15:34:09
83791,113087,1,1,2021-05-26 09:11:23,2021-05-26 09:11:23
83791,118309,1,1,2021-11-05 11:00:39,2021-11-05 11:00:39
83791,118352,1,0,2021-05-26 10:51:26,2021-05-26 10:51:26
83791,118693,1,1,2021-09-16 15:11:48,2021-09-16 15:11:48
83791,119055,3,1,2021-06-10 07:32:19,2021-06-11 07:54:28
83791,119136,2,1,2022-05-31 09:47:45,2022-06-02 07:41:44
83791,119140,2,0,2022-06-01 09:18:58,2022-06-01 19:51:03
83791,119921,2,0,2021-10-25 12:30:26,2021-12-07 10:30:21
83791,121222,1,1,2021-12-16 11:09:51,2021-12-16 11:09:51
83791,122614,2,1,2021-09-03 15:34:42,2021-09-05 09:55:45
83791,122901,1,1,2021-08-12 12:04:36,2021-08-12 12:04:36
83791,122916,1,1,2021-08-12 19:59:03,2021-08-12 19:59:03
83791,123162,3,0,2021-09-08 15:09:35,2021-09-08 16:21:00
83791,123689,1,0,2021-10-07 05:18:46,2021-10-07 05:18:46
83791,124892,1,1,2021-09-12 08:30:11,2021-09-12 08:30:11
83791,125021,1,1,2021-09-08 13:03:42,2021-09-08 13:03:42
83791,125747,2,1,2021-12-16 14:40:15,2021-12-16 18:07:56
83791,126145,3,1,2021-10-06 13:56:04,2021-10-06 15:02:02
83791,126769,1,1,2021-10-25 08:30:00,2021-10-25 08:30:00
83791,126920,1,1,2021-10-25 09:48:24,2021-10-25 09:48:24
83791,127836,3,1,2021-11-17 12:45:48,2021-11-19 10:13:48
83791,128610,2,1,2021-12-07 09:40:24,2021-12-07 16:35:47
83791,130387,1,1,2021-12-29 18:44:35,2021-12-29 18:44:35
83791,131002,2,0,2022-01-13 17:42:28,2022-01-13 17:48:13
83791,133351,1,1,2022-03-10 19:10:47,2022-03-10 19:10:47
83791,138164,6,1,2022-09-11 11:10:21,2022-09-13 08:04:24
83791,139177,1,0,2022-08-22 11:31:23,2022-08-22 11:31:23
83791,139549,1,0,2022-08-24 16:39:29,2022-08-24 16:39:29
83791,140415,2,1,2022-09-14 12:00:54,2022-09-14 13:19:32
83791,141014,2,1,2022-10-08 16:35:44,2022-10-09 16:08:38
83791,141429,2,1,2022-10-11 12:31:23,2022-10-12 21:44:33
83791,142384,1,1,2022-11-05 12:58:18,2022-11-05 12:58:18
83791,144497,2,1,2023-01-04 09:17:59,2023-01-04 21:00:47
83860,8560,1,0,2025-08-19 18:22:11,2025-08-19 18:22:11
83913,121137,1,1,2021-07-26 05:32:41,2021-07-26 05:32:41
83913,121158,1,1,2021-07-26 05:07:15,2021-07-26 05:07:15
83922,30359,1,0,2021-02-03 08:03:33,2021-02-03 08:03:33
83922,45271,1,0,2021-03-22 07:40:10,2021-03-22 07:40:10
83922,58341,1,0,2021-01-28 13:26:23,2021-01-28 13:26:23
83922,76275,1,0,2021-03-19 10:28:53,2021-03-19 10:28:53
83922,97384,1,1,2020-12-22 13:56:33,2020-12-22 13:56:33
83922,103664,1,0,2022-08-19 01:18:33,2022-08-19 01:18:33
83922,107361,1,0,2021-02-11 02:56:23,2021-02-11 02:56:23
83922,108779,1,1,2021-01-28 13:09:20,2021-01-28 13:09:20
83922,109348,1,0,2020-12-24 11:09:23,2020-12-24 11:09:23
83922,109441,1,0,2021-03-18 15:14:41,2021-03-18 15:14:41
83922,111562,1,1,2021-02-08 14:09:48,2021-02-08 14:09:48
83922,111616,1,1,2021-02-09 12:45:47,2021-02-09 12:45:47
83922,112672,1,0,2021-11-20 04:59:55,2021-11-20 04:59:55
83922,140359,1,1,2022-09-14 18:38:46,2022-09-14 18:38:46
83922,150908,2,1,2023-06-17 22:59:53,2023-07-05 21:26:00
83937,111407,1,0,2021-02-05 11:04:13,2021-02-05 11:04:13
83937,116412,1,0,2021-05-03 09:36:26,2021-05-03 09:36:26
84020,74747,4,1,2023-06-13 11:07:01,2023-06-13 11:48:58
84020,96961,1,0,2023-06-15 09:43:52,2023-06-15 09:43:52
84020,97310,1,1,2023-05-15 21:38:08,2023-05-15 21:38:08
84020,105508,2,1,2023-06-14 08:11:46,2023-06-14 09:10:41
84020,105679,1,1,2023-06-13 13:11:31,2023-06-13 13:11:31
84020,110309,1,0,2023-06-15 10:29:00,2023-06-15 10:29:00
84020,122488,1,1,2023-07-23 14:54:43,2023-07-23 14:54:43
84020,130785,1,0,2023-06-15 21:08:42,2023-06-15 21:08:42
84020,134778,1,0,2023-06-18 00:49:01,2023-06-18 00:49:01
84020,138128,1,0,2023-06-15 21:41:28,2023-06-15 21:41:28
84020,139924,1,0,2023-06-13 12:00:48,2023-06-13 12:00:48
84020,144717,1,0,2023-06-13 23:31:50,2023-06-13 23:31:50
84020,148603,2,1,2023-06-13 12:14:32,2023-06-13 12:15:38
84020,149508,1,1,2023-05-02 18:41:58,2023-05-02 18:41:58
84020,149641,1,0,2023-06-14 08:08:43,2023-06-14 08:08:43
84020,150282,1,0,2023-06-15 09:22:52,2023-06-15 09:22:52
84020,150639,1,0,2023-06-15 10:17:07,2023-06-15 10:17:07
84020,150676,5,0,2023-06-10 15:08:20,2023-06-11 10:53:31
84020,150701,1,0,2023-06-11 21:42:40,2023-06-11 21:42:40
84020,150761,1,1,2023-06-13 09:58:37,2023-06-13 09:58:37
84020,150774,2,1,2023-06-15 09:03:18,2023-06-15 09:08:24
84020,150799,3,0,2023-06-15 09:16:01,2023-06-16 11:06:38
84020,150803,2,0,2023-06-18 01:01:12,2023-06-18 17:34:06
84020,150806,1,0,2023-06-14 15:37:22,2023-06-14 15:37:22
84020,152003,2,1,2023-07-22 02:40:47,2023-07-22 12:39:16
84020,152573,6,1,2023-08-01 09:01:28,2023-08-02 01:20:16
84020,153295,1,1,2023-08-05 13:46:59,2023-08-05 13:46:59
84070,193242,1,1,2026-08-08 11:57:48,2026-08-08 11:57:48
84263,75157,1,0,2021-10-01 07:59:34,2021-10-01 07:59:34
84263,76125,1,1,2021-10-01 07:55:07,2021-10-01 07:55:07
84263,77949,1,0,2021-09-19 09:51:31,2021-09-19 09:51:31
84263,83143,1,0,2021-09-23 23:53:14,2021-09-23 23:53:14
84263,117764,1,1,2021-08-24 17:33:38,2021-08-24 17:33:38
84263,119609,1,1,2021-09-13 21:37:14,2021-09-13 21:37:14
84263,125158,1,1,2021-09-12 05:58:26,2021-09-12 05:58:26
84263,125276,1,1,2021-09-20 12:13:30,2021-09-20 12:13:30
84263,126695,1,0,2021-10-20 03:59:31,2021-10-20 03:59:31
84451,145940,1,0,2023-06-02 17:01:04,2023-06-02 17:01:04
84471,115236,1,1,2021-10-12 16:08:29,2021-10-12 16:08:29
84471,119448,1,1,2021-10-14 08:57:20,2021-10-14 08:57:20
84576,70614,2,0,2021-01-20 11:29:00,2021-01-20 14:56:53
84576,96106,1,1,2020-12-15 21:53:25,2020-12-15 21:53:25
84697,111444,4,1,2021-02-05 18:37:07,2021-02-08 20:53:20
84873,102852,1,0,2020-12-14 14:01:29,2020-12-14 14:01:29
84891,10777,1,0,2022-07-11 10:52:25,2022-07-11 10:52:25
84891,14301,1,1,2021-01-15 16:35:13,2021-01-15 16:35:13
84891,15927,1,0,2021-07-05 13:55:08,2021-07-05 13:55:08
84891,38339,1,0,2021-09-09 07:13:48,2021-09-09 07:13:48
84891,43870,1,0,2021-08-10 17:39:22,2021-08-10 17:39:22
84891,45374,1,0,2021-08-03 15:38:13,2021-08-03 15:38:13
84891,61445,1,0,2021-08-15 19:14:21,2021-08-15 19:14:21
84891,64125,2,1,2021-06-01 17:08:16,2021-06-02 07:13:56
84891,64377,2,0,2021-07-15 07:22:35,2021-07-16 08:08:19
84891,64500,3,1,2022-09-19 12:54:02,2022-09-19 16:58:34
84891,64876,2,1,2021-05-09 08:45:50,2021-05-09 20:40:59
84891,65533,1,0,2021-03-19 08:23:50,2021-03-19 08:23:50
84891,67755,1,0,2022-03-06 12:50:12,2022-03-06 12:50:12
84891,70082,1,1,2021-09-01 08:50:09,2021-09-01 08:50:09
84891,70546,1,0,2021-01-10 14:21:04,2021-01-10 14:21:04
84891,71246,1,0,2021-07-19 05:00:54,2021-07-19 05:00:54
84891,73930,1,0,2021-02-22 12:19:30,2021-02-22 12:19:30
84891,74313,1,0,2021-07-15 15:08:00,2021-07-15 15:08:00
84891,75931,1,0,2021-07-13 10:50:51,2021-07-13 10:50:51
84891,83669,1,0,2021-10-22 22:24:49,2021-10-22 22:24:49
84891,86160,1,0,2022-02-23 09:56:32,2022-02-23 09:56:32
84891,86339,1,1,2022-09-27 17:33:54,2022-09-27 17:33:54
84891,87037,3,0,2021-01-16 08:48:27,2021-01-16 14:06:15
84891,89795,1,0,2021-01-16 14:09:46,2021-01-16 14:09:46
84891,93617,1,1,2021-06-02 07:06:55,2021-06-02 07:06:55
84891,98839,1,1,2021-07-13 18:43:20,2021-07-13 18:43:20
84891,99885,1,1,2022-09-15 18:30:51,2022-09-15 18:30:51
84891,100281,1,0,2021-04-20 22:08:26,2021-04-20 22:08:26
84891,100986,1,0,2021-01-05 20:34:23,2021-01-05 20:34:23
84891,101228,1,0,2021-12-17 11:52:47,2021-12-17 11:52:47
84891,102816,1,1,2021-03-12 17:50:45,2021-03-12 17:50:45
84891,102849,1,1,2021-05-12 16:59:29,2021-05-12 16:59:29
84891,102913,1,0,2021-05-23 09:56:03,2021-05-23 09:56:03
84891,105510,3,1,2021-08-17 11:49:43,2021-08-17 12:25:31
84891,106183,1,0,2021-07-03 19:27:45,2021-07-03 19:27:45
84891,109113,1,0,2022-10-06 13:31:29,2022-10-06 13:31:29
84891,109158,1,0,2021-02-18 08:19:02,2021-02-18 08:19:02
84891,109587,1,0,2021-06-15 08:16:46,2021-06-15 08:16:46
84891,109884,1,1,2021-03-16 12:02:09,2021-03-16 12:02:09
84891,110045,1,0,2021-01-10 14:25:05,2021-01-10 14:25:05
84891,110125,1,1,2021-01-20 18:53:40,2021-01-20 18:53:40
84891,110191,3,1,2021-07-13 07:06:26,2021-07-17 13:23:39
84891,110419,3,1,2021-01-16 16:40:11,2021-07-28 16:20:19
84891,110595,1,0,2021-01-20 11:38:32,2021-01-20 11:38:32
84891,110766,1,0,2021-01-24 12:39:57,2021-01-24 12:39:57
84891,110777,1,0,2021-01-24 12:31:47,2021-01-24 12:31:47
84891,111502,1,0,2021-02-07 11:35:34,2021-02-07 11:35:34
84891,112477,1,1,2021-05-17 14:28:57,2021-05-17 14:28:57
84891,112581,1,1,2021-07-06 14:34:48,2021-07-06 14:34:48
84891,112754,2,0,2021-03-17 15:21:54,2021-05-01 12:30:27
84891,112797,1,0,2021-03-04 12:00:29,2021-03-04 12:00:29
84891,112799,1,0,2022-09-14 15:38:03,2022-09-14 15:38:03
84891,112815,1,0,2021-05-10 10:23:24,2021-05-10 10:23:24
84891,113820,2,1,2021-03-24 13:57:54,2021-03-24 14:50:24
84891,115622,1,1,2021-05-31 07:01:04,2021-05-31 07:01:04
84891,116212,1,0,2021-07-10 22:16:57,2021-07-10 22:16:57
84891,116917,1,0,2021-07-29 12:04:20,2021-07-29 12:04:20
84891,117100,2,1,2021-05-04 12:35:08,2021-05-04 13:12:43
84891,117697,1,1,2021-05-28 08:56:29,2021-05-28 08:56:29
84891,117772,1,1,2021-05-16 10:23:06,2021-05-16 10:23:06
84891,117775,2,1,2021-05-16 11:42:29,2021-05-16 13:40:53
84891,117829,1,1,2021-05-17 10:53:30,2021-05-17 10:53:30
84891,118057,2,1,2021-05-21 06:40:26,2021-05-21 10:34:50
84891,118063,1,0,2021-05-21 08:47:53,2021-05-21 08:47:53
84891,118281,1,0,2021-06-04 10:34:30,2021-06-04 10:34:30
84891,118513,1,1,2021-05-30 07:47:32,2021-05-30 07:47:32
84891,118515,2,0,2021-05-29 12:20:29,2021-05-31 11:33:33
84891,118554,1,1,2021-05-30 17:41:43,2021-05-30 17:41:43
84891,118634,1,0,2021-07-18 12:05:37,2021-07-18 12:05:37
84891,119136,1,1,2022-03-29 20:45:36,2022-03-29 20:45:36
84891,119140,1,0,2021-07-12 14:36:25,2021-07-12 14:36:25
84891,119921,7,2,2021-07-17 17:28:48,2021-08-07 07:12:40
84891,119923,1,0,2021-07-31 13:37:53,2021-07-31 13:37:53
84891,120024,1,1,2021-06-29 20:57:09,2021-06-29 20:57:09
84891,120033,1,0,2021-06-30 08:47:52,2021-06-30 08:47:52
84891,120082,2,0,2021-07-01 11:14:05,2021-07-01 17:27:05
84891,120195,1,0,2021-07-04 09:36:19,2021-07-04 09:36:19
84891,120579,1,1,2021-07-11 20:10:13,2021-07-11 20:10:13
84891,122323,1,1,2021-08-14 08:25:12,2021-08-14 08:25:12
84891,122543,1,1,2021-08-03 15:18:40,2021-08-03 15:18:40
84891,122612,1,1,2021-08-05 10:08:48,2021-08-05 10:08:48
84891,122679,1,0,2021-08-12 13:43:48,2021-08-12 13:43:48
84891,122712,3,1,2021-08-07 07:52:02,2021-08-07 19:57:21
84891,122735,1,0,2021-08-08 08:56:45,2021-08-08 08:56:45
84891,123017,1,1,2021-08-16 12:08:32,2021-08-16 12:08:32
84891,123128,2,1,2021-08-17 07:13:21,2021-08-23 13:32:18
84891,124814,1,0,2021-09-03 10:34:43,2021-09-03 10:34:43
84891,124914,1,0,2021-09-05 12:10:04,2021-09-05 12:10:04
84891,125747,1,0,2022-05-21 14:33:43,2022-05-21 14:33:43
84891,126119,2,1,2021-10-06 10:56:39,2021-10-06 20:10:00
84891,131424,2,0,2022-04-24 15:26:12,2022-04-25 08:58:28
84891,132479,1,1,2022-02-16 19:47:16,2022-02-16 19:47:16
84891,132995,1,0,2022-09-26 14:02:34,2022-09-26 14:02:34
84891,133030,1,0,2022-03-03 16:38:15,2022-03-03 16:38:15
84891,133184,1,1,2022-09-30 20:22:40,2022-09-30 20:22:40
84891,134889,1,0,2022-04-21 21:36:01,2022-04-21 21:36:01
84891,137223,1,1,2022-07-04 14:31:54,2022-07-04 14:31:54
84891,138575,1,1,2022-09-25 21:03:21,2022-09-25 21:03:21
84891,140335,1,1,2022-09-12 14:05:53,2022-09-12 14:05:53
84891,140617,1,0,2022-09-26 10:52:08,2022-09-26 10:52:08
84891,140679,1,1,2022-09-21 13:22:19,2022-09-21 13:22:19
84979,109297,1,1,2021-01-04 07:51:40,2021-01-04 07:51:40
85045,109371,1,0,2020-12-25 00:25:12,2020-12-25 00:25:12
85045,125747,1,0,2022-08-06 15:33:14,2022-08-06 15:33:14
85107,110932,1,1,2021-07-02 11:43:11,2021-07-02 11:43:11
85189,104143,1,0,2021-01-29 23:13:05,2021-01-29 23:13:05
85189,107046,1,1,2021-01-31 00:52:57,2021-01-31 00:52:57
85203,87289,1,1,2021-05-08 12:11:24,2021-05-08 12:11:24
85203,111602,1,0,2021-05-08 12:31:36,2021-05-08 12:31:36
85237,109236,1,1,2021-04-26 15:40:02,2021-04-26 15:40:02
85238,95046,2,1,2021-09-17 18:24:40,2021-09-17 19:51:27
85238,130679,1,0,2022-02-11 21:13:26,2022-02-11 21:13:26
85300,26058,1,0,2025-10-29 10:17:52,2025-10-29 10:17:52
85300,41908,1,0,2026-09-07 11:00:28,2026-09-07 11:00:28
85300,193648,1,0,2026-05-08 22:48:41,2026-05-08 22:48:41
85300,193899,2,1,2026-06-30 19:10:48,2026-07-04 00:04:15
85300,194300,1,0,2026-07-15 20:40:12,2026-07-15 20:40:12
85383,119591,1,0,2021-07-17 09:39:08,2021-07-17 09:39:08
85403,45501,1,0,2024-05-21 15:17:42,2024-05-21 15:17:42
85422,46501,1,1,2025-01-28 18:51:07,2025-01-28 18:51:07
85422,52940,2,0,2025-08-25 18:32:31,2025-08-25 18:41:07
85422,68460,1,1,2025-07-28 18:28:29,2025-07-28 18:28:29
85422,163278,1,1,2024-09-25 01:18:50,2024-09-25 01:18:50
85422,164209,1,1,2024-06-25 05:55:10,2024-06-25 05:55:10
85422,168475,1,1,2024-09-25 00:43:30,2024-09-25 00:43:30
85422,179113,1,1,2025-04-07 22:39:26,2025-04-07 22:39:26
85422,185410,2,1,2025-07-28 18:45:26,2025-12-05 19:07:40
85444,156546,1,0,2023-12-19 12:04:37,2023-12-19 12:04:37
85577,143802,2,0,2023-08-26 20:20:35,2023-08-29 21:48:02
85680,127966,1,0,2021-11-20 13:59:10,2021-11-20 13:59:10
85786,125747,1,0,2021-12-16 16:00:34,2021-12-16 16:00:34
85787,111653,1,1,2021-06-25 08:14:39,2021-06-25 08:14:39
85848,39233,2,1,2021-05-07 07:54:21,2021-05-07 08:06:52
85848,112817,4,1,2021-04-29 09:17:11,2021-05-01 09:28:50
85848,116774,1,0,2021-04-28 06:51:41,2021-04-28 06:51:41
86071,123689,1,1,2022-02-25 13:20:40,2022-02-25 13:20:40
86071,132833,1,1,2022-02-25 13:53:36,2022-02-25 13:53:36
86160,124985,1,0,2022-02-16 17:43:49,2022-02-16 17:43:49
86219,16911,1,1,2021-03-24 01:17:29,2021-03-24 01:17:29
86219,100774,2,1,2021-03-24 05:20:37,2021-03-25 06:54:03
86325,14981,1,0,2021-06-04 10:56:06,2021-06-04 10:56:06
86325,25696,4,2,2021-06-14 08:06:24,2021-06-29 09:14:37
86325,31718,5,0,2021-06-29 07:56:15,2021-06-30 12:55:17
86325,33057,2,1,2021-05-20 12:01:58,2021-05-20 23:08:38
86325,50727,3,2,2021-06-22 20:37:22,2021-06-28 21:21:46
86325,64876,3,0,2021-05-25 20:30:38,2021-07-04 20:46:45
86325,71246,2,0,2021-06-07 12:30:31,2021-06-07 13:19:12
86325,76885,1,0,2024-11-13 22:57:43,2024-11-13 22:57:43
86325,85025,1,1,2021-07-02 08:36:13,2021-07-02 08:36:13
86325,89795,4,1,2021-06-02 10:05:24,2021-06-03 21:28:16
86325,93617,1,1,2021-06-14 07:49:13,2021-06-14 07:49:13
86325,108053,1,1,2021-06-04 21:36:37,2021-06-04 21:36:37
86325,110751,4,0,2021-06-04 11:53:08,2021-06-08 21:56:06
86325,113540,2,0,2021-05-27 10:01:53,2021-05-27 18:11:11
86325,115186,1,0,2021-06-03 12:41:59,2021-06-03 12:41:59
86325,115195,1,1,2021-05-25 15:23:23,2021-05-25 15:23:23
86325,117499,1,1,2021-05-20 09:05:25,2021-05-20 09:05:25
86325,118562,1,1,2021-05-31 12:45:47,2021-05-31 12:45:47
86325,118567,1,0,2021-05-30 20:35:08,2021-05-30 20:35:08
86325,118571,1,0,2021-05-31 12:59:06,2021-05-31 12:59:06
86325,118634,3,1,2021-06-04 09:49:10,2021-06-04 10:49:04
86325,120159,2,1,2021-07-02 11:18:55,2021-07-03 20:30:28
86325,123290,5,1,2021-09-30 19:23:38,2021-10-02 19:59:11
86339,10777,1,0,2022-09-21 10:34:27,2022-09-21 10:34:27
86339,32243,1,1,2020-12-08 14:36:49,2020-12-08 14:36:49
86339,51670,1,0,2021-07-27 12:01:00,2021-07-27 12:01:00
86339,51687,1,0,2021-07-12 07:52:10,2021-07-12 07:52:10
86339,55122,1,0,2022-10-01 19:48:51,2022-10-01 19:48:51
86339,56913,2,1,2020-12-09 08:45:22,2020-12-09 09:27:23
86339,64377,3,0,2020-12-25 10:13:29,2021-10-26 11:21:37
86339,64876,6,1,2021-12-31 09:15:08,2022-02-21 16:13:36
86339,70393,4,1,2020-12-09 15:26:49,2020-12-10 07:50:19
86339,70546,2,1,2021-05-12 09:27:13,2021-05-12 12:04:41
86339,73930,1,0,2022-02-20 21:32:18,2022-02-20 21:32:18
86339,83275,2,2,2021-03-02 09:08:57,2021-04-06 09:54:37
86339,92050,1,0,2021-07-12 22:06:09,2021-07-12 22:06:09
86339,93564,4,1,2020-12-29 09:44:35,2021-07-12 07:30:52
86339,98077,1,0,2021-03-18 09:04:59,2021-03-18 09:04:59
86339,104153,1,1,2021-10-31 17:44:55,2021-10-31 17:44:55
86339,104872,3,0,2022-07-26 02:43:41,2022-07-26 18:27:15
86339,105445,4,2,2021-11-07 18:00:35,2021-11-08 08:06:28
86339,108053,1,1,2022-12-07 08:40:36,2022-12-07 08:40:36
86339,109168,1,1,2020-12-28 10:51:14,2020-12-28 10:51:14
86339,109375,1,1,2020-12-26 08:14:17,2020-12-26 08:14:17
86339,109511,1,1,2020-12-29 10:16:35,2020-12-29 10:16:35
86339,110118,1,1,2021-05-18 18:37:41,2021-05-18 18:37:41
86339,111200,3,0,2021-02-01 12:54:53,2021-02-01 13:11:22
86339,113561,2,1,2021-10-21 13:21:14,2021-10-22 16:30:22
86339,117548,1,1,2021-11-14 12:08:14,2021-11-14 12:08:14
86339,118292,1,1,2022-12-24 10:44:45,2022-12-24 10:44:45
86339,119605,6,1,2021-10-25 18:03:25,2021-10-26 19:22:14
86339,120594,1,1,2021-07-12 07:37:57,2021-07-12 07:37:57
86339,121208,1,1,2021-07-27 12:26:32,2021-07-27 12:26:32
86339,121213,1,1,2021-07-27 12:07:24,2021-07-27 12:07:24
86339,131945,2,0,2022-02-04 13:12:26,2022-02-04 15:57:33
86339,133002,1,1,2022-03-08 09:31:39,2022-03-08 09:31:39
86339,136122,2,1,2022-05-24 13:28:55,2022-05-25 11:55:37
86339,136814,1,0,2022-07-26 02:42:30,2022-07-26 02:42:30
86339,137118,1,0,2022-07-19 11:42:38,2022-07-19 11:42:38
86339,138035,1,1,2022-07-15 14:17:23,2022-07-15 14:17:23
86339,138508,4,1,2023-03-17 06:56:38,2023-03-17 08:12:32
86339,138591,5,0,2022-09-13 14:15:09,2022-09-21 10:34:54
86339,139298,1,0,2022-11-01 08:59:54,2022-11-01 08:59:54
86339,143275,1,0,2022-11-28 01:40:40,2022-11-28 01:40:40
86339,143798,1,0,2022-12-12 18:41:42,2022-12-12 18:41:42
86339,149404,1,0,2023-04-28 18:55:58,2023-04-28 18:55:58
86377,78498,1,1,2024-09-02 15:18:48,2024-09-02 15:18:48
86377,153828,1,1,2024-08-05 08:58:43,2024-08-05 08:58:43
86377,166314,2,1,2024-07-28 20:55:13,2024-07-30 08:25:27
86377,166712,2,1,2024-08-05 08:44:52,2024-09-02 15:24:41
86377,166857,1,0,2024-08-06 14:05:26,2024-08-06 14:05:26
86377,166868,1,0,2024-08-07 16:47:23,2024-08-07 16:47:23
86430,118292,1,1,2023-04-21 03:44:57,2023-04-21 03:44:57
86430,126598,1,0,2023-05-28 21:47:02,2023-05-28 21:47:02
86430,138508,1,1,2023-04-04 14:29:40,2023-04-04 14:29:40
86502,64377,1,0,2021-04-14 11:54:35,2021-04-14 11:54:35
86502,82168,1,0,2023-08-22 11:17:07,2023-08-22 11:17:07
86885,121055,1,0,2022-09-28 16:03:19,2022-09-28 16:03:19
87028,92396,1,0,2021-07-14 08:39:13,2021-07-14 08:39:13
87028,93939,1,1,2021-07-14 08:35:13,2021-07-14 08:35:13
87028,98535,1,1,2021-07-13 08:11:44,2021-07-13 08:11:44
87028,106808,1,1,2021-03-05 15:33:44,2021-03-05 15:33:44
87028,112851,1,1,2021-03-05 15:24:23,2021-03-05 15:24:23
87028,118307,2,0,2021-05-25 15:49:04,2021-07-13 15:50:42
87028,151459,2,1,2023-07-05 12:48:41,2023-07-06 08:39:28
87037,136814,2,0,2022-10-04 08:12:43,2022-10-04 12:34:01
87143,70970,1,0,2022-01-05 14:46:53,2022-01-05 14:46:53
87159,125477,1,0,2021-09-20 01:34:48,2021-09-20 01:34:48
87185,23422,1,1,2021-08-01 17:34:10,2021-08-01 17:34:10
87185,67316,1,1,2021-08-16 08:54:59,2021-08-16 08:54:59
87185,85064,1,1,2021-08-05 08:31:34,2021-08-05 08:31:34
87185,88680,1,0,2021-12-24 06:06:56,2021-12-24 06:06:56
87185,89611,1,1,2021-08-15 17:23:36,2021-08-15 17:23:36
87185,91598,1,1,2021-05-26 12:37:56,2021-05-26 12:37:56
87185,112672,1,1,2021-08-16 17:14:51,2021-08-16 17:14:51
87185,118361,1,1,2021-05-26 12:32:51,2021-05-26 12:32:51
87185,118694,1,1,2022-09-14 13:03:33,2022-09-14 13:03:33
87185,118696,1,1,2021-08-14 13:05:33,2021-08-14 13:05:33
87185,119921,6,0,2021-08-07 07:24:03,2021-08-07 09:18:02
87185,121133,1,1,2021-07-26 05:47:48,2021-07-26 05:47:48
87185,122424,1,0,2021-10-13 18:15:22,2021-10-13 18:15:22
87185,122475,3,1,2021-08-03 05:35:09,2021-08-07 07:26:22
87185,122484,1,1,2021-08-03 05:31:00,2021-08-03 05:31:00
87185,122502,1,1,2021-08-03 05:33:20,2021-08-03 05:33:20
87185,122641,1,1,2021-09-23 06:50:11,2021-09-23 06:50:11
87185,122692,2,1,2021-08-07 07:41:12,2021-08-10 13:18:46
87185,122855,1,1,2021-08-16 09:01:22,2021-08-16 09:01:22
87185,126176,1,1,2021-10-07 17:07:00,2021-10-07 17:07:00
87185,139069,1,1,2022-08-12 07:33:54,2022-08-12 07:33:54
87185,139923,1,1,2022-09-01 08:52:34,2022-09-01 08:52:34
87185,141104,1,1,2022-10-03 15:56:23,2022-10-03 15:56:23
87185,141435,1,1,2022-10-11 15:43:19,2022-10-11 15:43:19
87193,55122,1,0,2021-03-02 17:53:03,2021-03-02 17:53:03
87193,67828,1,1,2021-03-01 11:42:49,2021-03-01 11:42:49
87214,99688,1,0,2021-05-17 05:08:11,2021-05-17 05:08:11
87270,51687,2,1,2022-09-01 13:12:45,2022-09-01 13:38:18
87270,62793,1,1,2022-09-05 19:05:22,2022-09-05 19:05:22
87270,105173,1,1,2022-08-31 08:09:26,2022-08-31 08:09:26
87270,119136,1,0,2022-03-12 18:16:41,2022-03-12 18:16:41
87270,126234,1,1,2021-10-08 10:34:15,2021-10-08 10:34:15
87270,126241,2,1,2022-03-10 07:03:27,2022-03-12 18:09:00
87270,133322,1,1,2022-03-10 06:53:10,2022-03-10 06:53:10
87270,134945,1,0,2022-09-05 19:00:36,2022-09-05 19:00:36
87270,138164,1,1,2022-09-12 14:36:10,2022-09-12 14:36:10
87270,138531,4,1,2022-09-01 11:19:47,2022-09-04 11:46:31
87270,139833,1,0,2022-08-31 08:32:06,2022-08-31 08:32:06
87270,139846,1,1,2022-08-30 18:43:48,2022-08-30 18:43:48
87270,139938,1,1,2022-09-02 10:57:22,2022-09-02 10:57:22
87270,139999,1,0,2022-09-04 06:18:50,2022-09-04 06:18:50
87270,140041,1,0,2022-09-05 06:40:00,2022-09-05 06:40:00
87270,140341,1,0,2022-09-12 16:29:06,2022-09-12 16:29:06
87270,141193,1,1,2022-10-09 16:31:50,2022-10-09 16:31:50
87289,65985,1,0,2021-05-06 22:26:20,2021-05-06 22:26:20
87289,75157,1,0,2021-05-06 22:21:14,2021-05-06 22:21:14
87289,97477,1,0,2021-05-06 22:26:27,2021-05-06 22:26:27
87289,100745,1,0,2021-05-06 22:21:53,2021-05-06 22:21:53
87541,97477,1,0,2022-03-09 06:13:42,2022-03-09 06:13:42
87552,64377,1,0,2021-12-12 23:13:26,2021-12-12 23:13:26
87594,30665,1,0,2023-04-24 22:07:38,2023-04-24 22:07:38
87594,67794,2,1,2022-08-20 06:14:24,2022-08-23 08:40:28
87594,106157,1,1,2022-04-16 06:26:57,2022-04-16 06:26:57
87594,128688,2,1,2022-05-02 22:56:28,2022-05-03 03:04:48
87594,133950,1,1,2022-04-16 06:10:53,2022-04-16 06:10:53
87594,134383,1,0,2022-04-16 05:54:43,2022-04-16 05:54:43
87594,134439,1,0,2022-04-16 06:00:59,2022-04-16 06:00:59
87594,134464,1,0,2022-04-16 06:33:38,2022-04-16 06:33:38
87594,134480,2,1,2022-04-16 05:16:52,2022-04-20 05:51:36
87594,134501,2,1,2022-04-16 06:06:12,2022-04-20 05:58:59
87594,134592,1,1,2022-04-16 06:51:51,2022-04-16 06:51:51
87594,134649,1,0,2022-04-16 06:37:04,2022-04-16 06:37:04
87594,134650,1,1,2022-04-16 11:23:49,2022-04-16 11:23:49
87608,116561,1,0,2021-04-26 09:15:19,2021-04-26 09:15:19
87630,64985,1,1,2022-11-18 18:13:05,2022-11-18 18:13:05
87630,73930,1,0,2022-11-18 18:43:19,2022-11-18 18:43:19
87630,79934,1,0,2023-01-10 06:08:37,2023-01-10 06:08:37
87630,87028,3,1,2023-01-09 15:23:21,2023-01-09 16:17:53
87630,111857,1,1,2023-01-04 18:00:26,2023-01-04 18:00:26
87630,135759,1,1,2023-01-09 16:54:24,2023-01-09 16:54:24
87630,137211,1,1,2023-01-04 18:15:40,2023-01-04 18:15:40
87630,142937,1,0,2022-11-18 18:29:16,2022-11-18 18:29:16
87630,142938,1,1,2022-11-18 18:16:09,2022-11-18 18:16:09
87663,126952,1,1,2021-10-27 22:55:35,2021-10-27 22:55:35
87734,90951,1,0,2021-07-22 04:51:42,2021-07-22 04:51:42
87734,121001,1,1,2021-07-22 01:57:19,2021-07-22 01:57:19
87869,30313,1,1,2021-05-11 07:12:00,2021-05-11 07:12:00
87869,108477,3,1,2021-05-11 12:13:39,2021-05-24 17:15:57
87885,125527,1,1,2022-07-27 21:00:14,2022-07-27 21:00:14
87885,138324,1,1,2022-07-26 17:19:28,2022-07-26 17:19:28
87995,105344,1,1,2022-09-27 02:16:13,2022-09-27 02:16:13
88067,116001,1,1,2022-01-14 00:27:03,2022-01-14 00:27:03
88082,3314,1,1,2021-02-22 20:16:24,2021-02-22 20:16:24
88082,54661,1,1,2021-02-20 06:43:34,2021-02-20 06:43:34
88082,87901,3,1,2022-04-17 18:58:10,2022-04-18 16:05:04
88082,154968,1,0,2023-10-01 10:22:03,2023-10-01 10:22:03
88109,130460,1,0,2024-06-24 08:23:28,2024-06-24 08:23:28
88309,64125,1,1,2021-01-17 00:44:21,2021-01-17 00:44:21
88354,108602,1,1,2020-12-16 21:41:48,2020-12-16 21:41:48
88366,88915,1,0,2021-09-27 16:37:33,2021-09-27 16:37:33
88367,73930,3,0,2021-11-30 19:22:33,2021-11-30 20:51:10
88429,40240,1,0,2025-11-26 16:38:12,2025-11-26 16:38:12
88429,141828,1,0,2022-11-29 22:39:45,2022-11-29 22:39:45
88567,32164,1,0,2023-10-30 22:22:14,2023-10-30 22:22:14
88567,45764,2,0,2023-10-29 13:47:48,2023-10-29 13:52:02
88567,107730,1,0,2023-10-30 22:19:07,2023-10-30 22:19:07
88567,137223,1,0,2023-09-16 22:40:44,2023-09-16 22:40:44
88567,150172,2,0,2023-11-04 00:15:05,2023-11-04 14:37:30
88567,154739,1,1,2023-10-29 13:34:19,2023-10-29 13:34:19
88581,142618,1,1,2023-02-13 05:30:14,2023-02-13 05:30:14
88625,87289,1,0,2022-10-06 20:22:59,2022-10-06 20:22:59
88625,126665,2,0,2022-10-06 20:25:08,2022-10-06 20:27:24
88625,131379,1,1,2022-10-06 20:17:42,2022-10-06 20:17:42
88800,76109,1,1,2023-05-14 09:23:00,2023-05-14 09:23:00
88800,103857,1,1,2023-04-30 06:33:22,2023-04-30 06:33:22
88800,108053,1,1,2023-05-28 12:04:29,2023-05-28 12:04:29
88800,119882,1,1,2023-05-28 12:13:49,2023-05-28 12:13:49
88800,121167,1,1,2023-05-14 09:35:00,2023-05-14 09:35:00
88800,131738,1,1,2022-02-02 01:37:11,2022-02-02 01:37:11
88800,133753,1,1,2023-05-28 12:21:32,2023-05-28 12:21:32
88800,149437,1,1,2023-04-30 06:27:19,2023-04-30 06:27:19
88800,149491,1,1,2023-05-02 12:18:00,2023-05-02 12:18:00
88800,149782,1,1,2023-05-14 09:28:43,2023-05-14 09:28:43
88800,149837,1,0,2023-05-14 09:12:01,2023-05-14 09:12:01
88933,71172,1,1,2022-04-13 09:00:37,2022-04-13 09:00:37
88998,156908,1,0,2024-04-18 20:54:38,2024-04-18 20:54:38
89305,109611,1,1,2021-01-03 11:26:44,2021-01-03 11:26:44
89319,105469,3,1,2021-03-08 16:07:25,2021-03-10 10:46:36
89545,102678,1,1,2021-01-12 13:28:39,2021-01-12 13:28:39
89994,128575,1,1,2022-11-03 13:14:53,2022-11-03 13:14:53
89994,142338,1,1,2022-11-03 13:07:41,2022-11-03 13:07:41
90226,27142,1,1,2022-08-11 14:07:10,2022-08-11 14:07:10
90226,64876,3,2,2022-04-05 15:04:11,2022-04-06 03:24:31
90226,80727,1,1,2022-07-28 12:10:10,2022-07-28 12:10:10
90226,123228,1,1,2022-10-31 13:11:49,2022-10-31 13:11:49
90226,125475,1,1,2021-09-20 15:05:34,2021-09-20 15:05:34
90226,125741,1,1,2021-09-30 01:11:20,2021-09-30 01:11:20
90226,125747,1,1,2022-01-12 02:44:03,2022-01-12 02:44:03
90226,128364,1,1,2021-12-06 04:49:22,2021-12-06 04:49:22
90226,130163,1,0,2021-12-24 13:54:39,2021-12-24 13:54:39
90226,130221,1,1,2022-06-21 15:43:59,2022-06-21 15:43:59
90226,139696,2,1,2022-08-28 23:01:56,2022-08-29 13:25:01
90298,109295,1,1,2021-06-17 03:24:39,2021-06-17 03:24:39
90419,110058,1,1,2021-01-09 13:41:56,2021-01-09 13:41:56
90545,115447,1,1,2026-08-28 16:02:46,2026-08-28 16:02:46
90634,98826,1,1,2022-12-03 02:08:02,2022-12-03 02:08:02
90693,138635,2,1,2022-07-29 05:44:49,2023-04-17 14:38:18
90693,149508,1,1,2023-05-04 14:56:06,2023-05-04 14:56:06
90951,64377,1,0,2022-02-20 01:46:40,2022-02-20 01:46:40
90951,71442,1,0,2022-02-20 03:19:24,2022-02-20 03:19:24
90951,87734,1,0,2021-07-22 03:49:45,2021-07-22 03:49:45
90951,109007,1,1,2020-12-17 21:51:16,2020-12-17 21:51:16
90951,121001,2,0,2021-07-22 12:29:32,2021-07-22 13:48:14
90951,123598,1,1,2021-08-29 00:29:39,2021-08-29 00:29:39
91047,109377,1,1,2020-12-26 12:56:55,2020-12-26 12:56:55
91060,132126,1,1,2022-03-15 14:41:48,2022-03-15 14:41:48
91067,118178,1,0,2025-04-21 11:05:25,2025-04-21 11:05:25
91355,78312,1,1,2021-07-09 09:34:27,2021-07-09 09:34:27
91439,97477,3,0,2021-05-31 12:31:54,2021-06-03 08:54:01
91508,67755,1,1,2021-10-01 17:11:28,2021-10-01 17:11:28
91594,7705,1,1,2021-02-25 16:36:56,2021-02-25 16:36:56
91594,110397,1,1,2021-01-15 21:23:47,2021-01-15 21:23:47
91594,132065,1,0,2022-12-19 09:44:20,2022-12-19 09:44:20
91705,54661,1,0,2022-01-08 04:54:30,2022-01-08 04:54:30
91705,63745,2,1,2021-03-23 16:01:31,2021-03-24 05:04:52
91705,87289,1,0,2021-08-09 13:08:28,2021-08-09 13:08:28
91705,108011,1,1,2022-01-06 05:13:48,2022-01-06 05:13:48
91705,109836,2,1,2021-04-05 14:14:02,2021-04-05 15:05:24
91705,111800,2,1,2021-03-19 12:56:02,2021-03-19 13:14:43
91705,113710,2,1,2021-03-23 14:23:14,2021-03-24 04:44:50
91705,113880,1,0,2021-03-26 12:23:08,2021-03-26 12:23:08
91705,113928,1,1,2021-03-26 07:45:08,2021-03-26 07:45:08
91705,115452,1,0,2021-04-05 15:59:47,2021-04-05 15:59:47
91705,116212,1,1,2021-12-28 12:37:30,2021-12-28 12:37:30
91705,125747,1,1,2022-01-06 05:52:04,2022-01-06 05:52:04
91705,126466,2,1,2022-01-05 13:39:29,2022-01-09 10:44:30
91705,130373,1,1,2021-12-29 12:24:31,2021-12-29 12:24:31
91705,136763,1,0,2022-06-13 07:57:00,2022-06-13 07:57:00
91705,136808,2,1,2022-06-11 11:51:55,2022-06-12 04:28:55
91705,136865,2,0,2022-06-13 08:07:12,2022-06-13 16:58:49
91705,137422,2,1,2022-06-28 11:38:53,2022-07-03 12:35:26
91705,137483,2,1,2022-06-28 06:28:27,2022-06-29 05:33:45
91724,1330,1,0,2022-01-23 13:57:29,2022-01-23 13:57:29
91724,13417,1,0,2021-01-29 02:08:16,2021-01-29 02:08:16
91724,27442,1,0,2022-01-22 12:59:43,2022-01-22 12:59:43
91724,32243,1,0,2021-03-09 23:58:32,2021-03-09 23:58:32
91724,43000,1,0,2022-01-23 06:57:47,2022-01-23 06:57:47
91724,44188,1,1,2023-09-03 13:10:46,2023-09-03 13:10:46
91724,51216,1,0,2021-02-28 00:32:12,2021-02-28 00:32:12
91724,55122,1,0,2021-03-06 23:07:08,2021-03-06 23:07:08
91724,60837,3,0,2021-01-27 00:02:39,2021-02-27 10:34:19
91724,63800,1,0,2021-04-20 12:34:09,2021-04-20 12:34:09
91724,73930,2,0,2023-03-15 01:01:22,2023-03-17 23:30:38
91724,76156,1,0,2021-03-25 01:00:46,2021-03-25 01:00:46
91724,77914,2,0,2021-06-16 15:04:35,2021-06-16 15:16:29
91724,77949,2,0,2022-02-16 01:07:02,2023-11-03 00:09:24
91724,80740,2,0,2023-03-01 06:05:59,2023-08-25 14:20:31
91724,85503,3,1,2023-02-25 17:06:59,2023-03-01 13:58:16
91724,88424,3,0,2021-03-13 00:00:17,2021-03-13 00:19:37
91724,98535,1,0,2021-06-25 08:18:27,2021-06-25 08:18:27
91724,99139,1,0,2021-01-08 23:45:52,2021-01-08 23:45:52
91724,105173,1,1,2021-06-19 08:12:01,2021-06-19 08:12:01
91724,106367,4,1,2021-01-08 14:32:18,2021-01-09 20:40:19
91724,108287,2,1,2023-02-27 12:17:24,2023-03-12 11:53:34
91724,109259,2,0,2021-03-25 00:57:45,2021-03-25 10:19:29
91724,109987,1,0,2021-02-21 14:52:43,2021-02-21 14:52:43
91724,110178,2,0,2022-02-27 01:03:21,2022-02-28 13:19:27
91724,110715,1,0,2021-01-24 06:06:29,2021-01-24 06:06:29
91724,110856,1,0,2021-03-03 00:56:02,2021-03-03 00:56:02
91724,111200,2,0,2021-02-12 02:26:18,2021-02-12 02:29:23
91724,111618,1,1,2022-01-23 06:02:45,2022-01-23 06:02:45
91724,111800,1,1,2021-03-05 02:08:25,2021-03-05 02:08:25
91724,112183,4,0,2021-03-12 14:55:57,2021-03-12 23:49:39
91724,112975,2,1,2021-03-21 00:17:34,2021-03-21 13:42:58
91724,113118,2,0,2021-03-11 14:20:07,2021-03-11 14:22:33
91724,113320,1,1,2023-03-05 05:57:17,2023-03-05 05:57:17
91724,113424,1,0,2022-01-22 13:03:25,2022-01-22 13:03:25
91724,115023,1,1,2021-03-29 10:02:15,2021-03-29 10:02:15
91724,115235,1,0,2021-04-01 14:12:11,2021-04-01 14:12:11
91724,115244,1,0,2021-04-06 15:01:55,2021-04-06 15:01:55
91724,118846,1,0,2021-06-19 13:41:40,2021-06-19 13:41:40
91724,119448,1,1,2023-02-09 01:11:26,2023-02-09 01:11:26
91724,121167,1,0,2023-02-21 00:45:32,2023-02-21 00:45:32
91724,122808,1,1,2022-01-25 16:04:51,2022-01-25 16:04:51
91724,125747,1,0,2024-04-23 23:59:08,2024-04-23 23:59:08
91724,128721,2,1,2024-03-23 22:38:58,2024-04-25 23:29:05
91724,130492,1,0,2022-01-23 13:51:54,2022-01-23 13:51:54
91724,131048,1,0,2022-01-24 15:33:47,2022-01-24 15:33:47
91724,131178,4,1,2022-01-24 16:38:19,2022-02-01 04:13:11
91724,133238,1,0,2024-01-02 23:29:53,2024-01-02 23:29:53
91724,133981,3,1,2023-02-27 13:41:13,2023-03-10 23:31:09
91724,144812,1,1,2023-03-20 06:10:32,2023-03-20 06:10:32
91724,145107,1,0,2023-02-19 03:25:54,2023-02-19 03:25:54
91724,146314,1,0,2024-04-02 23:16:47,2024-04-02 23:16:47
91724,148856,2,0,2023-04-13 14:16:19,2023-04-13 14:22:04
91724,150963,1,1,2024-03-23 22:53:04,2024-03-23 22:53:04
91724,152228,1,0,2023-09-02 22:29:36,2023-09-02 22:29:36
91724,155475,1,0,2024-02-01 13:46:27,2024-02-01 13:46:27
91724,155612,3,0,2024-01-04 10:18:05,2024-01-04 10:28:14
91724,156894,2,0,2023-12-30 14:10:05,2024-02-01 23:35:44
91724,159445,2,0,2024-03-03 10:41:38,2024-03-17 13:53:24
91724,162438,1,0,2024-04-23 14:18:46,2024-04-23 14:18:46
91752,4731,1,0,2022-04-20 20:52:15,2022-04-20 20:52:15
91752,63488,1,0,2020-12-31 01:08:24,2020-12-31 01:08:24
91752,64876,2,1,2022-01-12 22:43:25,2022-01-13 04:30:28
91752,71218,1,0,2021-03-02 14:06:31,2021-03-02 14:06:31
91752,95733,2,1,2020-12-19 23:13:19,2020-12-20 20:59:12
91752,102713,1,0,2021-05-24 04:24:43,2021-05-24 04:24:43
91752,109439,1,1,2020-12-27 05:19:51,2020-12-27 05:19:51
91752,109446,4,1,2020-12-27 05:38:47,2020-12-31 00:19:01
91752,117530,1,0,2021-05-15 20:56:09,2021-05-15 20:56:09
91752,134588,3,0,2022-04-19 22:07:16,2022-04-20 08:16:56
91752,134791,2,1,2022-04-19 22:16:33,2022-04-20 08:19:00
91897,125207,1,0,2021-09-13 10:11:11,2021-09-13 10:11:11
91998,106545,1,1,2021-08-22 11:47:41,2021-08-22 11:47:41
91998,120849,1,0,2021-08-22 09:37:28,2021-08-22 09:37:28
92050,303,1,0,2023-12-27 20:33:08,2023-12-27 20:33:08
92050,776,1,0,2022-04-08 02:25:01,2022-04-08 02:25:01
92050,1330,2,0,2022-06-06 22:32:41,2023-07-31 16:45:33
92050,13736,2,1,2021-08-25 22:36:06,2021-08-26 15:55:59
92050,14675,1,0,2020-12-28 15:56:11,2020-12-28 15:56:11
92050,17021,1,1,2021-01-18 16:24:57,2021-01-18 16:24:57
92050,17571,2,1,2020-12-24 02:32:56,2020-12-24 16:21:22
92050,21072,2,1,2021-06-29 14:15:17,2021-07-01 14:28:04
92050,23188,1,1,2021-03-05 16:00:35,2021-03-05 16:00:35
92050,37184,1,0,2022-03-14 20:47:07,2022-03-14 20:47:07
92050,39982,3,2,2021-04-06 23:09:27,2021-04-07 14:56:33
92050,43000,1,0,2021-04-08 17:18:34,2021-04-08 17:18:34
92050,43546,1,1,2021-07-29 17:11:55,2021-07-29 17:11:55
92050,49007,1,0,2021-07-15 15:53:17,2021-07-15 15:53:17
92050,49513,4,1,2021-02-18 16:55:17,2021-02-18 17:02:30
92050,50727,2,0,2021-03-12 23:08:28,2021-10-19 15:47:12
92050,51858,4,1,2021-03-01 22:39:39,2021-11-22 17:30:14
92050,53537,1,0,2021-08-26 12:27:17,2021-08-26 12:27:17
92050,54865,2,2,2021-08-04 22:43:38,2023-10-13 17:59:31
92050,55122,1,0,2023-12-21 18:20:04,2023-12-21 18:20:04
92050,58488,1,1,2022-05-16 22:58:48,2022-05-16 22:58:48
92050,58607,1,1,2021-10-26 22:41:30,2021-10-26 22:41:30
92050,59216,1,1,2021-03-23 22:57:58,2021-03-23 22:57:58
92050,61884,1,1,2023-11-13 21:22:23,2023-11-13 21:22:23
92050,62246,1,0,2023-11-02 14:57:07,2023-11-02 14:57:07
92050,62989,1,1,2021-11-22 15:46:20,2021-11-22 15:46:20
92050,64377,1,0,2020-12-30 22:45:45,2020-12-30 22:45:45
92050,65147,1,1,2020-12-10 15:44:25,2020-12-10 15:44:25
92050,67931,2,1,2021-02-05 17:21:40,2021-02-05 17:48:15
92050,70546,1,0,2021-05-08 16:50:13,2021-05-08 16:50:13
92050,71028,1,0,2021-03-25 22:35:35,2021-03-25 22:35:35
92050,71442,1,0,2021-11-27 01:31:40,2021-11-27 01:31:40
92050,75157,1,0,2023-04-25 00:15:46,2023-04-25 00:15:46
92050,75516,1,0,2021-01-27 15:10:21,2021-01-27 15:10:21
92050,76109,2,0,2023-05-17 23:46:05,2023-05-17 23:50:20
92050,77663,1,1,2020-12-16 15:44:53,2020-12-16 15:44:53
92050,79408,1,1,2021-04-02 16:07:14,2021-04-02 16:07:14
92050,83791,1,0,2021-03-01 19:24:54,2021-03-01 19:24:54
92050,85744,1,0,2021-04-06 18:48:20,2021-04-06 18:48:20
92050,86339,2,0,2021-07-12 21:19:04,2021-07-12 22:17:33
92050,87719,1,0,2021-11-09 20:02:16,2021-11-09 20:02:16
92050,88800,1,0,2023-05-17 23:53:02,2023-05-17 23:53:02
92050,91857,1,1,2022-02-22 16:52:51,2022-02-22 16:52:51
92050,92049,2,0,2021-04-05 22:56:08,2021-04-05 22:58:33
92050,92455,1,0,2021-09-13 22:58:36,2021-09-13 22:58:36
92050,95494,3,0,2021-01-04 23:40:22,2021-01-04 23:46:59
92050,98077,2,0,2021-03-18 02:30:51,2021-03-18 15:12:38
92050,98405,1,1,2021-01-07 22:04:55,2021-01-07 22:04:55
92050,98970,1,1,2021-12-08 00:24:07,2021-12-08 00:24:07
92050,99274,2,1,2021-04-25 18:07:15,2021-04-25 18:13:08
92050,99648,1,1,2021-01-19 15:22:06,2021-01-19 15:22:06
92050,100269,1,0,2024-04-05 03:24:40,2024-04-05 03:24:40
92050,100369,1,0,2022-01-04 16:21:45,2022-01-04 16:21:45
92050,102646,2,0,2021-05-09 14:43:01,2021-05-09 17:14:37
92050,103683,4,3,2021-09-22 22:38:17,2021-09-26 19:13:25
92050,103849,1,1,2021-02-17 21:49:48,2021-02-17 21:49:48
92050,107136,1,1,2021-02-25 01:45:21,2021-02-25 01:45:21
92050,107560,1,1,2020-12-23 23:30:48,2020-12-23 23:30:48
92050,108130,1,1,2021-05-12 18:51:04,2021-05-12 18:51:04
92050,108498,3,1,2021-01-11 19:08:05,2021-01-11 19:50:20
92050,108663,1,0,2020-12-10 23:57:28,2020-12-10 23:57:28
92050,108717,1,1,2020-12-24 16:31:59,2020-12-24 16:31:59
92050,109073,1,1,2020-12-18 15:32:17,2020-12-18 15:32:17
92050,109113,1,0,2020-12-26 05:23:09,2020-12-26 05:23:09
92050,109136,1,1,2020-12-26 05:36:45,2020-12-26 05:36:45
92050,109288,4,1,2021-07-15 02:42:52,2021-07-15 21:41:24
92050,109295,1,1,2021-06-08 18:13:46,2021-06-08 18:13:46
92050,109587,1,0,2020-12-30 23:27:43,2020-12-30 23:27:43
92050,109633,1,1,2020-12-30 22:58:41,2020-12-30 22:58:41
92050,109836,9,1,2021-01-04 21:22:26,2021-01-05 19:08:29
92050,109907,2,1,2021-01-06 23:25:33,2021-01-06 23:44:24
92050,109941,1,1,2021-01-07 00:09:37,2021-01-07 00:09:37
92050,109986,1,0,2021-01-07 23:29:13,2021-01-07 23:29:13
92050,110073,2,1,2021-02-04 17:01:20,2021-02-04 23:06:58
92050,110178,1,1,2022-02-16 23:47:45,2022-02-16 23:47:45
92050,110191,4,1,2021-07-15 19:19:57,2021-07-19 13:25:57
92050,110246,1,1,2021-01-12 22:22:43,2021-01-12 22:22:43
92050,110351,2,1,2021-01-14 18:18:00,2021-01-14 18:55:04
92050,110503,1,1,2021-04-05 14:23:40,2021-04-05 14:23:40
92050,110779,1,1,2021-03-22 15:34:19,2021-03-22 15:34:19
92050,110856,2,1,2021-02-09 15:50:06,2021-02-09 15:57:36
92050,110897,1,1,2021-01-26 15:19:02,2021-01-26 15:19:02
92050,110964,2,1,2021-01-27 20:18:34,2021-01-27 20:28:46
92050,110996,1,1,2021-03-06 22:44:01,2021-03-06 22:44:01
92050,111822,1,1,2022-02-25 15:51:18,2022-02-25 15:51:18
92050,111961,1,0,2021-02-16 16:08:28,2021-02-16 16:08:28
92050,112137,1,1,2021-02-19 18:24:29,2021-02-19 18:24:29
92050,112271,1,0,2021-02-22 18:09:59,2021-02-22 18:09:59
92050,112361,1,0,2021-03-01 19:32:55,2021-03-01 19:32:55
92050,112365,1,0,2021-03-07 02:17:38,2021-03-07 02:17:38
92050,112711,1,1,2021-03-02 20:22:08,2021-03-02 20:22:08
92050,113091,1,0,2021-03-10 18:24:43,2021-03-10 18:24:43
92050,113388,2,1,2021-05-11 22:46:16,2021-05-12 23:38:39
92050,113575,1,1,2021-03-23 23:11:22,2021-03-23 23:11:22
92050,113630,1,1,2021-05-09 22:59:32,2021-05-09 22:59:32
92050,113880,1,1,2021-03-26 16:28:00,2021-03-26 16:28:00
92050,113936,1,1,2021-03-28 00:27:19,2021-03-28 00:27:19
92050,115395,1,1,2021-04-06 21:37:50,2021-04-06 21:37:50
92050,115447,1,1,2021-04-06 19:48:59,2021-04-06 19:48:59
92050,115595,2,1,2021-04-07 16:57:51,2021-04-07 17:16:23
92050,115796,1,1,2021-05-02 15:12:15,2021-05-02 15:12:15
92050,116919,1,1,2021-04-30 17:15:22,2021-04-30 17:15:22
92050,116983,1,1,2023-04-21 05:31:44,2023-04-21 05:31:44
92050,116992,1,1,2022-10-28 21:45:03,2022-10-28 21:45:03
92050,117018,1,1,2021-05-10 23:25:59,2021-05-10 23:25:59
92050,117115,1,0,2021-05-26 20:57:19,2021-05-26 20:57:19
92050,117138,1,0,2021-05-05 00:35:13,2021-05-05 00:35:13
92050,117522,1,1,2021-05-11 15:34:40,2021-05-11 15:34:40
92050,117527,1,1,2021-05-11 18:02:38,2021-05-11 18:02:38
92050,117699,2,1,2021-08-16 22:25:47,2021-08-18 02:29:34
92050,117948,1,1,2021-07-16 19:42:33,2021-07-16 19:42:33
92050,118594,1,1,2021-07-05 15:18:51,2021-07-05 15:18:51
92050,118693,1,1,2021-07-05 16:02:19,2021-07-05 16:02:19
92050,118699,1,1,2021-06-16 14:11:13,2021-06-16 14:11:13
92050,118987,1,1,2021-06-08 21:47:42,2021-06-08 21:47:42
92050,119066,1,1,2022-08-03 18:27:27,2022-08-03 18:27:27
92050,119127,1,1,2022-01-14 23:05:46,2022-01-14 23:05:46
92050,119625,1,1,2021-06-22 02:57:51,2021-06-22 02:57:51
92050,119810,1,1,2021-06-30 13:20:27,2021-06-30 13:20:27
92050,119921,2,1,2021-07-14 22:32:42,2022-01-24 14:15:59
92050,120176,2,1,2021-07-24 14:40:07,2021-07-24 21:35:53
92050,120653,1,1,2021-07-13 13:18:38,2021-07-13 13:18:38
92050,120758,1,1,2021-07-15 14:09:57,2021-07-15 14:09:57
92050,121243,1,1,2021-07-27 21:38:32,2021-07-27 21:38:32
92050,121294,1,0,2021-08-04 22:29:50,2021-08-04 22:29:50
92050,122310,1,1,2021-07-29 14:07:56,2021-07-29 14:07:56
92050,122806,2,1,2022-03-02 22:26:46,2022-03-03 00:06:01
92050,122854,2,1,2021-08-11 22:54:07,2021-08-12 13:17:08
92050,122855,1,1,2021-08-16 19:22:01,2021-08-16 19:22:01
92050,123179,1,0,2021-08-19 22:40:28,2021-08-19 22:40:28
92050,123283,1,1,2021-08-20 18:44:42,2021-08-20 18:44:42
92050,123356,4,0,2021-08-25 22:26:38,2021-08-25 23:45:55
92050,123484,1,0,2021-08-25 15:46:47,2021-08-25 15:46:47
92050,123521,1,1,2022-01-15 04:32:41,2022-01-15 04:32:41
92050,123533,4,1,2021-08-26 19:11:24,2021-08-31 01:30:00
92050,125246,1,0,2021-09-14 14:08:18,2021-09-14 14:08:18
92050,125475,1,1,2021-09-20 17:01:13,2021-09-20 17:01:13
92050,125527,2,1,2021-09-29 16:48:18,2021-11-22 15:40:00
92050,125603,1,1,2021-10-12 15:39:32,2021-10-12 15:39:32
92050,125900,1,0,2022-04-11 23:26:57,2022-04-11 23:26:57
92050,126359,1,1,2021-10-11 20:25:56,2021-10-11 20:25:56
92050,126615,1,1,2021-10-25 21:27:15,2021-10-25 21:27:15
92050,127392,1,1,2021-11-06 23:51:45,2021-11-06 23:51:45
92050,127896,2,1,2022-01-04 15:56:44,2022-01-05 17:57:34
92050,127960,1,1,2021-11-22 03:15:09,2021-11-22 03:15:09
92050,128033,3,1,2021-12-22 21:18:46,2021-12-23 18:20:15
92050,129968,1,1,2021-12-16 23:08:17,2021-12-16 23:08:17
92050,130387,1,1,2021-12-31 20:53:44,2021-12-31 20:53:44
92050,130713,1,1,2022-01-07 18:48:33,2022-01-07 18:48:33
92050,130983,1,1,2022-02-04 18:51:41,2022-02-04 18:51:41
92050,131240,1,0,2022-04-13 13:38:26,2022-04-13 13:38:26
92050,131606,1,1,2022-01-28 17:51:07,2022-01-28 17:51:07
92050,132233,2,1,2022-02-10 22:52:53,2022-02-11 16:54:57
92050,132486,1,1,2022-02-17 00:01:13,2022-02-17 00:01:13
92050,132537,1,1,2022-02-18 15:10:24,2022-02-18 15:10:24
92050,132767,1,1,2022-02-23 14:05:35,2022-02-23 14:05:35
92050,133263,2,0,2022-03-08 20:01:11,2022-03-08 21:26:51
92050,133414,1,1,2022-03-13 02:39:21,2022-03-13 02:39:21
92050,133430,1,1,2022-03-14 20:55:55,2022-03-14 20:55:55
92050,133466,1,1,2022-03-14 20:17:34,2022-03-14 20:17:34
92050,133516,1,0,2022-03-15 22:43:59,2022-03-15 22:43:59
92050,133914,1,1,2022-03-27 17:51:55,2022-03-27 17:51:55
92050,134128,1,1,2022-04-01 19:00:38,2022-04-01 19:00:38
92050,135816,2,1,2022-05-16 19:23:19,2022-05-16 22:30:16
92050,135921,1,1,2022-05-18 20:14:21,2022-05-18 20:14:21
92050,138508,1,0,2022-12-19 03:16:08,2022-12-19 03:16:08
92050,139067,1,1,2022-08-24 23:50:46,2022-08-24 23:50:46
92050,139893,1,1,2022-08-31 20:57:01,2022-08-31 20:57:01
92050,144075,1,1,2023-03-12 02:49:24,2023-03-12 02:49:24
92050,146214,1,1,2023-03-12 02:33:45,2023-03-12 02:33:45
92050,147864,1,1,2023-03-12 23:38:53,2023-03-12 23:38:53
92050,148492,1,1,2023-12-20 16:56:33,2023-12-20 16:56:33
92050,148702,4,1,2023-08-09 23:28:48,2023-08-10 15:04:01
92050,148729,1,1,2023-04-16 16:08:08,2023-04-16 16:08:08
92050,148834,1,1,2023-04-11 16:55:08,2023-04-11 16:55:08
92050,149238,1,1,2023-04-29 23:27:57,2023-04-29 23:27:57
92050,149841,1,1,2023-06-29 19:09:48,2023-06-29 19:09:48
92050,149919,1,1,2023-05-16 16:43:28,2023-05-16 16:43:28
92050,150257,6,2,2023-05-29 16:49:26,2023-06-01 18:48:04
92050,151185,1,1,2023-06-26 22:20:14,2023-06-26 22:20:14
92050,151204,2,1,2023-06-27 19:32:05,2023-06-28 00:00:53
92050,152064,4,0,2023-10-03 05:45:35,2023-10-03 22:51:59
92050,154291,1,0,2023-09-07 18:01:22,2023-09-07 18:01:22
92050,154411,1,1,2023-12-01 00:54:15,2023-12-01 00:54:15
92050,155367,1,1,2023-11-22 23:44:24,2023-11-22 23:44:24
92050,155427,1,1,2023-11-01 17:42:53,2023-11-01 17:42:53
92050,155693,1,1,2023-10-30 22:07:12,2023-10-30 22:07:12
92050,162281,1,1,2024-04-15 21:19:38,2024-04-15 21:19:38
92160,140142,1,0,2022-09-07 14:19:29,2022-09-07 14:19:29
92340,110595,2,1,2021-01-20 14:28:13,2021-01-22 22:26:17
92340,115357,1,0,2021-04-03 11:43:15,2021-04-03 11:43:15
92420,106209,1,1,2021-02-07 09:59:28,2021-02-07 09:59:28
92451,111808,1,1,2021-02-13 00:43:30,2021-02-13 00:43:30
92451,111835,1,1,2021-02-13 21:46:59,2021-02-13 21:46:59
92451,149362,1,1,2023-05-15 12:16:54,2023-05-15 12:16:54
92464,107292,1,1,2021-05-17 06:53:13,2021-05-17 06:53:13
92532,57633,1,0,2023-03-05 17:04:49,2023-03-05 17:04:49
93591,13417,1,0,2021-01-21 06:16:59,2021-01-21 06:16:59
93591,32882,1,1,2021-01-21 05:58:55,2021-01-21 05:58:55
93591,49731,2,1,2021-02-04 04:44:20,2021-02-04 14:55:24
93591,64377,1,0,2021-01-26 06:29:00,2021-01-26 06:29:00
93591,71219,1,0,2021-01-21 07:04:00,2021-01-21 07:04:00
93591,104767,1,0,2021-02-02 05:57:35,2021-02-02 05:57:35
93591,107097,2,0,2021-01-21 06:14:45,2021-01-21 06:19:57
93591,109806,1,1,2021-01-23 06:33:24,2021-01-23 06:33:24
93591,110636,4,1,2021-01-21 08:49:15,2021-01-21 09:06:14
93591,111345,1,0,2021-02-04 03:20:39,2021-02-04 03:20:39
93591,154424,1,1,2023-09-11 09:42:05,2023-09-11 09:42:05
93617,8878,1,0,2022-03-24 03:21:46,2022-03-24 03:21:46
93635,54188,1,0,2021-10-12 15:39:27,2021-10-12 15:39:27
93673,112818,1,1,2022-01-12 20:27:19,2022-01-12 20:27:19
93933,48997,1,0,2025-09-06 23:39:50,2025-09-06 23:39:50
93933,127195,1,1,2025-09-03 17:30:23,2025-09-03 17:30:23
93933,186157,3,1,2025-09-28 22:33:17,2025-10-02 20:30:45
93933,186584,1,0,2025-09-11 00:09:40,2025-09-11 00:09:40
94001,146191,1,0,2023-04-16 14:20:59,2023-04-16 14:20:59
94184,93617,2,1,2021-05-10 09:10:05,2021-05-12 23:59:18
94184,113087,1,1,2021-06-06 15:49:51,2021-06-06 15:49:51
94198,123111,1,1,2021-08-16 20:31:36,2021-08-16 20:31:36
94308,32429,1,0,2022-02-07 09:02:56,2022-02-07 09:02:56
94308,57561,1,1,2021-02-18 02:49:50,2021-02-18 02:49:50
94308,89639,1,1,2021-02-18 01:11:31,2021-02-18 01:11:31
94308,109836,2,1,2021-02-19 12:51:20,2021-02-19 15:15:58
94308,112106,2,1,2021-02-19 02:15:46,2021-02-23 15:29:05
94308,112143,1,1,2021-02-19 13:42:34,2021-02-19 13:42:34
94308,112207,1,1,2021-02-21 08:49:48,2021-02-21 08:49:48
94308,112632,1,1,2021-03-01 21:02:29,2021-03-01 21:02:29
94308,133184,1,1,2022-06-29 10:12:14,2022-06-29 10:12:14
94454,9085,2,0,2024-05-24 03:20:48,2024-05-24 12:29:27
94454,44083,2,1,2024-06-28 17:27:54,2024-07-01 19:22:10
94454,73930,1,0,2024-05-12 19:04:29,2024-05-12 19:04:29
94454,161987,1,0,2024-05-17 18:13:19,2024-05-17 18:13:19
94454,162966,1,0,2024-05-15 14:54:44,2024-05-15 14:54:44
94454,163066,1,1,2024-05-21 20:45:32,2024-05-21 20:45:32
94454,163079,1,0,2024-05-21 16:13:18,2024-05-21 16:13:18
94454,163712,1,0,2024-06-12 01:40:44,2024-06-12 01:40:44
94454,164386,1,1,2024-06-29 06:57:53,2024-06-29 06:57:53
94454,164594,4,1,2024-06-26 21:00:10,2024-06-27 23:44:04
94454,164939,2,1,2024-07-02 20:07:44,2024-07-04 05:41:19
94454,165060,1,0,2024-07-06 06:13:59,2024-07-06 06:13:59
94454,180532,1,0,2025-04-12 19:51:43,2025-04-12 19:51:43
94457,154711,1,1,2023-09-21 11:09:27,2023-09-21 11:09:27
94472,75157,1,0,2022-03-03 13:25:53,2022-03-03 13:25:53
94505,102789,1,1,2023-04-06 05:15:06,2023-04-06 05:15:06
94539,154304,1,1,2023-09-07 13:01:05,2023-09-07 13:01:05
94539,155646,1,0,2024-05-13 05:23:10,2024-05-13 05:23:10
94539,162785,1,1,2024-05-08 06:19:59,2024-05-08 06:19:59
94597,111128,1,0,2022-10-08 09:41:31,2022-10-08 09:41:31
94792,108739,1,1,2020-12-14 20:13:01,2020-12-14 20:13:01
94830,61215,1,1,2021-07-23 15:14:12,2021-07-23 15:14:12
94830,121016,1,0,2021-07-23 15:19:11,2021-07-23 15:19:11
94830,121019,2,0,2021-07-23 15:15:40,2021-07-26 07:39:23
94830,121079,2,1,2021-07-23 14:10:50,2021-07-26 07:32:40
94915,94033,1,0,2020-12-12 09:45:37,2020-12-12 09:45:37
94915,108391,1,0,2020-12-05 11:25:01,2020-12-05 11:25:01
95022,111800,1,1,2021-03-19 21:56:18,2021-03-19 21:56:18
95088,125538,1,0,2022-08-24 02:02:16,2022-08-24 02:02:16
95284,79388,1,0,2023-02-22 22:13:33,2023-02-22 22:13:33
95286,63455,1,1,2021-03-10 03:47:07,2021-03-10 03:47:07
95286,76801,2,0,2021-07-12 20:30:53,2021-07-13 23:18:49
95286,98646,1,0,2021-11-04 15:16:34,2021-11-04 15:16:34
95286,99184,1,1,2020-12-08 20:49:59,2020-12-08 20:49:59
95286,112817,1,0,2021-04-28 17:56:12,2021-04-28 17:56:12
95286,113320,1,0,2021-03-14 22:59:42,2021-03-14 22:59:42
95286,126191,1,0,2021-10-07 14:36:19,2021-10-07 14:36:19
95286,140117,2,1,2022-09-06 14:42:24,2022-09-06 15:23:38
95286,140922,1,0,2022-09-28 14:43:01,2022-09-28 14:43:01
95286,142931,2,1,2022-11-18 15:36:28,2022-11-20 17:44:57
95552,96187,1,0,2021-03-25 17:14:32,2021-03-25 17:14:32
95860,112330,1,1,2021-11-25 06:50:43,2021-11-25 06:50:43
96106,110411,3,1,2021-05-25 15:22:18,2021-05-28 13:21:42
96117,134776,1,1,2023-01-03 07:04:04,2023-01-03 07:04:04
96132,24887,1,1,2021-04-11 00:26:08,2021-04-11 00:26:08
96132,115721,1,1,2021-04-11 00:42:21,2021-04-11 00:42:21
96187,95552,1,0,2021-04-20 14:41:48,2021-04-20 14:41:48
96187,105469,2,1,2021-03-25 15:27:37,2021-03-25 17:12:08
96187,111918,5,1,2021-04-23 09:37:15,2021-04-23 13:25:27
96187,113458,1,1,2021-03-17 13:46:40,2021-03-17 13:46:40
96187,113559,1,1,2021-03-19 14:58:35,2021-03-19 14:58:35
96187,113561,1,1,2021-03-19 15:12:05,2021-03-19 15:12:05
96187,113765,2,1,2021-04-15 11:24:00,2021-04-16 10:03:53
96187,116076,1,1,2021-04-15 13:32:29,2021-04-15 13:32:29
96187,116115,2,0,2021-04-15 14:02:55,2021-04-15 14:14:39
96187,116360,2,1,2021-04-20 10:55:47,2021-04-21 10:56:43
96187,119771,4,1,2021-08-10 12:51:26,2021-08-10 18:28:23
96187,122834,1,0,2021-08-10 18:53:49,2021-08-10 18:53:49
96208,107292,1,0,2021-02-19 15:50:26,2021-02-19 15:50:26
96298,117886,1,0,2021-05-18 08:06:21,2021-05-18 08:06:21
96312,107925,1,1,2021-02-23 13:58:02,2021-02-23 13:58:02
96312,112195,9,1,2021-02-22 20:34:01,2021-02-24 17:23:58
96314,123514,2,1,2021-08-26 18:17:10,2021-08-28 15:48:18
96314,123533,1,1,2021-08-26 18:39:40,2021-08-26 18:39:40
96314,123537,1,1,2021-08-26 18:22:23,2021-08-26 18:22:23
96332,46305,1,1,2023-03-30 23:20:16,2023-03-30 23:20:16
96333,120269,1,1,2022-12-21 16:44:35,2022-12-21 16:44:35
96370,145617,1,0,2023-02-05 14:27:32,2023-02-05 14:27:32
96467,144034,1,1,2023-11-23 11:40:57,2023-11-23 11:40:57
96533,143696,1,1,2023-10-18 07:23:30,2023-10-18 07:23:30
96653,138661,2,1,2022-07-29 14:45:50,2022-07-29 18:10:57
96924,303,1,0,2020-12-07 06:15:39,2020-12-07 06:15:39
96924,67931,1,1,2020-12-07 18:29:24,2020-12-07 18:29:24
96924,95733,1,1,2020-12-19 05:30:55,2020-12-19 05:30:55
96924,105184,5,1,2020-12-12 19:35:30,2020-12-15 00:03:16
96924,107725,1,0,2020-12-16 20:03:11,2020-12-16 20:03:11
96924,108461,2,1,2020-12-07 03:56:02,2020-12-07 05:02:29
96924,108657,5,1,2020-12-10 23:22:02,2020-12-11 20:04:19
96924,108889,1,1,2020-12-16 03:22:53,2020-12-16 03:22:53
96924,108966,3,1,2020-12-18 00:26:25,2020-12-18 17:41:24
96924,117797,1,1,2021-05-16 19:19:05,2021-05-16 19:19:05
97227,25849,1,1,2021-07-22 08:54:51,2021-07-22 08:54:51
97227,76530,4,0,2021-07-28 10:21:29,2021-07-31 19:39:15
97227,111416,1,0,2021-07-21 10:55:37,2021-07-21 10:55:37
97227,116922,3,1,2021-05-07 12:35:13,2021-05-07 14:26:34
97227,121016,1,1,2021-07-22 10:03:58,2021-07-22 10:03:58
97333,4715,1,1,2022-07-05 09:22:56,2022-07-05 09:22:56
97333,26211,1,1,2022-04-26 12:55:09,2022-04-26 12:55:09
97333,42357,2,1,2022-04-28 10:26:32,2022-04-28 10:48:52
97333,135014,2,1,2022-04-26 10:13:45,2022-04-26 12:29:21
97333,135033,2,1,2022-04-26 13:11:45,2022-04-27 05:48:32
97333,137713,1,1,2022-07-04 11:19:00,2022-07-04 11:19:00
97333,137751,1,1,2022-07-05 09:10:44,2022-07-05 09:10:44
97468,64876,2,1,2022-02-20 14:20:35,2022-02-20 14:30:32
97468,102668,1,1,2021-02-15 15:09:45,2021-02-15 15:09:45
97477,30238,1,1,2021-06-08 14:24:39,2021-06-08 14:24:39
97477,32243,1,1,2021-04-21 08:02:29,2021-04-21 08:02:29
97477,38136,1,1,2021-03-04 07:31:44,2021-03-04 07:31:44
97477,45610,1,1,2021-05-02 20:45:43,2021-05-02 20:45:43
97477,47126,2,1,2021-05-12 09:02:42,2021-06-03 07:45:48
97477,47467,1,1,2021-04-25 21:13:37,2021-04-25 21:13:37
97477,52500,2,1,2021-07-20 00:57:44,2021-07-20 17:28:05
97477,64553,1,1,2021-04-23 21:44:16,2021-04-23 21:44:16
97477,64876,1,1,2021-04-26 11:18:25,2021-04-26 11:18:25
97477,65985,2,1,2021-04-21 12:02:56,2021-04-21 13:50:14
97477,68025,2,1,2021-02-25 12:12:03,2021-02-25 21:45:49
97477,70546,2,1,2021-05-12 09:18:32,2021-05-12 12:00:40
97477,85239,1,1,2021-05-02 16:20:41,2021-05-02 16:20:41
97477,85444,1,1,2021-04-23 21:48:30,2021-04-23 21:48:30
97477,91251,1,1,2021-02-25 11:49:32,2021-02-25 11:49:32
97477,91439,2,0,2021-06-01 08:42:33,2021-06-03 00:54:11
97477,97861,1,1,2021-02-25 11:56:51,2021-02-25 11:56:51
97477,100157,1,1,2021-04-21 12:05:57,2021-04-21 12:05:57
97477,107730,1,1,2021-03-15 06:27:40,2021-03-15 06:27:40
97477,110779,1,1,2021-02-25 19:26:41,2021-02-25 19:26:41
97477,111010,1,1,2021-04-28 07:58:58,2021-04-28 07:58:58
97477,111186,1,1,2021-02-26 23:24:54,2021-02-26 23:24:54
97477,111882,1,1,2021-02-25 11:45:25,2021-02-25 11:45:25
97477,111918,2,1,2021-04-20 12:03:28,2021-04-20 13:25:51
97477,112011,3,1,2021-04-30 05:18:27,2021-05-01 03:00:05
97477,112167,1,1,2021-02-25 11:52:30,2021-02-25 11:52:30
97477,112381,2,1,2021-02-25 11:14:33,2021-02-25 16:03:00
97477,112428,3,1,2021-02-25 12:17:05,2021-02-26 10:05:57
97477,112429,1,1,2021-02-25 12:05:54,2021-02-25 12:05:54
97477,112524,2,1,2021-02-27 05:01:21,2021-02-27 11:45:22
97477,112754,3,1,2021-04-20 17:42:14,2021-04-21 11:57:52
97477,112961,2,1,2021-03-09 20:31:56,2021-03-10 05:35:53
97477,114984,1,1,2021-04-21 12:07:44,2021-04-21 12:07:44
97477,115133,1,1,2021-05-12 09:00:55,2021-05-12 09:00:55
97477,115274,1,1,2021-04-27 21:15:15,2021-04-27 21:15:15
97477,115927,1,1,2021-04-28 07:55:21,2021-04-28 07:55:21
97477,116086,1,1,2021-04-21 07:59:49,2021-04-21 07:59:49
97477,116346,1,1,2021-04-20 03:51:26,2021-04-20 03:51:26
97477,116357,1,1,2021-04-20 11:59:44,2021-04-20 11:59:44
97477,116367,2,1,2021-04-20 11:56:03,2021-04-20 13:26:30
97477,116371,1,1,2021-04-20 17:46:16,2021-04-20 17:46:16
97477,116392,1,1,2021-04-20 23:49:55,2021-04-20 23:49:55
97477,116436,1,1,2021-04-28 08:02:49,2021-04-28 08:02:49
97477,116510,1,1,2021-04-22 20:00:10,2021-04-22 20:00:10
97477,116542,1,1,2021-04-23 21:41:16,2021-04-23 21:41:16
97477,116670,1,1,2021-04-26 11:14:09,2021-04-26 11:14:09
97477,116902,1,1,2021-05-02 20:56:12,2021-05-02 20:56:12
97477,116923,3,2,2021-05-02 20:54:01,2021-05-03 20:23:18
97477,116999,1,1,2021-05-02 20:41:15,2021-05-02 20:41:15
97477,117062,1,1,2021-05-03 20:28:53,2021-05-03 20:28:53
97477,117185,1,1,2021-05-07 05:24:59,2021-05-07 05:24:59
97477,117198,1,1,2021-05-07 05:21:57,2021-05-07 05:21:57
97477,117618,1,1,2021-06-10 17:58:49,2021-06-10 17:58:49
97477,117728,1,1,2021-06-11 13:57:03,2021-06-11 13:57:03
97477,120672,1,1,2021-07-20 01:02:05,2021-07-20 01:02:05
97489,119140,1,0,2022-06-23 17:28:26,2022-06-23 17:28:26
97514,78231,3,0,2022-07-18 13:42:53,2022-07-18 15:40:20
97514,133760,1,1,2022-07-16 11:02:01,2022-07-16 11:02:01
97514,138230,1,1,2022-07-18 13:58:12,2022-07-18 13:58:12
97556,139067,1,1,2024-01-23 19:23:35,2024-01-23 19:23:35
97585,115499,1,1,2021-04-14 09:28:14,2021-04-14 09:28:14
97613,93617,1,1,2022-12-04 01:27:23,2022-12-04 01:27:23
97616,87037,1,1,2021-02-28 22:21:09,2021-02-28 22:21:09
97652,112371,1,1,2021-03-09 09:28:16,2021-03-09 09:28:16
97671,111411,1,1,2021-02-25 14:46:27,2021-02-25 14:46:27
97792,1330,2,0,2023-02-26 01:03:38,2023-02-26 04:08:59
97792,44456,6,1,2023-02-25 23:37:18,2023-02-28 02:30:07
97792,66508,1,1,2023-03-02 21:09:43,2023-03-02 21:09:43
97792,69478,1,0,2023-03-18 04:08:24,2023-03-18 04:08:24
97792,109113,5,1,2023-03-08 22:40:37,2023-03-09 16:59:26
97792,117614,2,1,2023-03-09 21:11:44,2023-03-09 23:29:25
97792,126998,3,1,2023-03-08 22:49:13,2023-03-10 15:13:02
97792,128575,1,0,2023-09-09 12:50:27,2023-09-09 12:50:27
97792,132916,1,1,2023-02-24 02:38:16,2023-02-24 02:38:16
97792,134375,1,1,2023-03-03 16:43:32,2023-03-03 16:43:32
97792,140278,3,1,2023-02-13 22:28:39,2023-03-02 15:00:28
97792,146129,1,1,2023-03-12 15:51:39,2023-03-12 15:51:39
97792,146176,1,1,2023-02-23 23:02:29,2023-02-23 23:02:29
97792,147626,1,0,2023-03-06 15:10:44,2023-03-06 15:10:44
97861,3615,3,1,2021-02-16 19:39:41,2021-02-16 23:41:49
97861,30153,3,1,2021-02-06 17:59:04,2021-02-07 16:25:38
97861,30238,1,1,2021-02-07 12:17:11,2021-02-07 12:17:11
97861,68313,1,1,2021-02-05 17:40:58,2021-02-05 17:40:58
97861,97039,1,1,2021-02-17 00:47:12,2021-02-17 00:47:12
97861,111800,3,1,2021-02-12 19:07:35,2021-02-13 00:10:39
97861,111996,1,0,2021-02-16 23:26:30,2021-02-16 23:26:30
98063,115447,1,0,2022-11-02 00:07:40,2022-11-02 00:07:40
98121,50874,1,1,2020-12-23 05:34:42,2020-12-23 05:34:42
98121,84229,1,1,2020-12-23 14:52:47,2020-12-23 14:52:47
98121,108739,1,1,2020-12-22 05:34:54,2020-12-22 05:34:54
98121,109168,1,1,2020-12-23 06:40:05,2020-12-23 06:40:05
98121,109842,1,1,2021-01-05 04:11:23,2021-01-05 04:11:23
98127,70546,3,2,2021-05-11 07:38:06,2021-05-11 07:51:29
98127,77914,1,1,2021-01-20 12:12:08,2021-01-20 12:12:08
98127,112685,1,0,2021-03-09 13:17:53,2021-03-09 13:17:53
98127,116086,1,0,2021-04-21 07:45:54,2021-04-21 07:45:54
98127,116090,1,1,2021-05-11 07:28:32,2021-05-11 07:28:32
98127,117476,1,0,2021-05-11 07:52:54,2021-05-11 07:52:54
98127,117823,1,0,2021-05-17 08:43:50,2021-05-17 08:43:50
98182,1330,1,0,2021-02-04 12:22:03,2021-02-04 12:22:03
98182,86702,1,0,2021-12-02 12:02:02,2021-12-02 12:02:02
98182,100269,1,0,2021-02-04 11:33:02,2021-02-04 11:33:02
98182,101187,1,1,2021-02-04 12:34:40,2021-02-04 12:34:40
98182,102804,1,0,2021-02-04 11:50:46,2021-02-04 11:50:46
98182,104153,1,0,2021-12-06 15:45:15,2021-12-06 15:45:15
98182,108211,3,1,2021-02-04 18:44:31,2021-02-05 11:36:05
98182,111375,1,1,2021-02-04 17:56:52,2021-02-04 17:56:52
98182,120687,1,1,2021-12-07 17:56:35,2021-12-07 17:56:35
98182,126079,1,0,2021-12-05 17:31:31,2021-12-05 17:31:31
98182,128426,1,0,2021-12-02 12:03:06,2021-12-02 12:03:06
98292,104872,1,0,2021-08-05 06:40:47,2021-08-05 06:40:47
98292,128409,1,0,2021-12-02 08:03:55,2021-12-02 08:03:55
98614,63745,1,0,2022-10-23 16:48:38,2022-10-23 16:48:38
98614,67931,1,1,2021-04-23 12:41:21,2021-04-23 12:41:21
98614,71469,1,1,2021-05-06 07:34:33,2021-05-06 07:34:33
98614,82549,1,0,2021-04-23 12:54:38,2021-04-23 12:54:38
98614,84859,1,1,2023-02-08 16:07:31,2023-02-08 16:07:31
98614,102693,1,0,2023-01-18 18:14:09,2023-01-18 18:14:09
98614,115186,1,0,2021-04-25 19:50:54,2021-04-25 19:50:54
98614,116824,1,1,2021-05-06 07:49:22,2021-05-06 07:49:22
98614,139069,2,1,2023-01-24 10:53:57,2023-02-07 10:46:04
98614,140278,2,0,2023-01-18 20:46:31,2023-01-19 15:54:05
98614,140708,1,0,2022-09-22 20:11:49,2022-09-22 20:11:49
98614,140711,1,0,2022-09-22 20:22:39,2022-09-22 20:22:39
98614,140946,1,1,2023-02-08 16:03:25,2023-02-08 16:03:25
98614,144976,2,1,2023-01-18 20:27:06,2023-01-19 15:52:11
98614,144994,1,0,2023-01-24 07:49:40,2023-01-24 07:49:40
98614,145169,1,0,2023-01-24 10:58:26,2023-01-24 10:58:26
98614,145174,1,1,2023-01-24 07:40:29,2023-01-24 07:40:29
98667,108730,2,1,2020-12-12 09:52:36,2020-12-12 11:49:59
98706,146214,2,0,2023-03-06 12:29:40,2023-03-06 12:31:51
98706,147679,1,1,2023-03-07 21:40:50,2023-03-07 21:40:50
98769,91006,1,1,2021-01-28 14:20:18,2021-01-28 14:20:18
98769,99139,2,1,2021-01-28 15:22:15,2021-01-29 07:22:46
98973,136943,1,1,2023-09-07 07:04:00,2023-09-07 07:04:00
99139,91724,1,0,2021-01-09 18:27:23,2021-01-09 18:27:23
99139,106282,1,0,2021-01-10 23:57:54,2021-01-10 23:57:54
99139,106367,1,1,2021-01-04 23:48:31,2021-01-04 23:48:31
99139,109587,4,0,2021-01-16 22:58:02,2021-01-18 20:12:06
99234,82549,1,0,2022-05-25 18:17:31,2022-05-25 18:17:31
99237,150162,1,0,2023-05-24 20:24:27,2023-05-24 20:24:27
99252,108657,1,0,2020-12-11 00:33:33,2020-12-11 00:33:33
99414,75157,1,0,2021-03-14 06:19:24,2021-03-14 06:19:24
99414,113241,1,0,2021-03-14 06:17:16,2021-03-14 06:17:16
99414,113288,1,1,2021-03-14 06:12:07,2021-03-14 06:12:07
99434,25040,1,1,2023-05-27 03:27:25,2023-05-27 03:27:25
99727,159405,1,1,2024-03-11 06:18:28,2024-03-11 06:18:28
99727,161239,1,0,2024-03-11 06:30:10,2024-03-11 06:30:10
99769,80328,1,1,2022-10-20 09:48:27,2022-10-20 09:48:27
99769,141741,1,1,2022-10-19 15:10:01,2022-10-19 15:10:01
99921,119921,1,0,2021-08-08 07:06:43,2021-08-08 07:06:43
99921,122734,2,0,2021-08-08 06:05:48,2021-08-08 11:06:00
99970,103189,1,1,2021-02-03 02:07:02,2021-02-03 02:07:02
99970,108185,1,1,2021-02-02 14:11:58,2021-02-02 14:11:58
99970,110619,1,1,2021-01-21 01:17:00,2021-01-21 01:17:00
99970,111411,1,1,2021-02-23 11:00:48,2021-02-23 11:00:48
100110,64876,1,1,2022-02-03 03:32:56,2022-02-03 03:32:56
100125,139935,2,1,2022-11-30 12:30:35,2022-12-08 15:50:07
100125,142876,2,1,2022-11-30 11:39:42,2022-11-30 12:37:16
100125,143291,1,1,2022-11-30 16:08:46,2022-11-30 16:08:46
100269,21,1,0,2021-05-05 18:18:00,2021-05-05 18:18:00
100269,108,1,0,2021-09-14 18:24:46,2021-09-14 18:24:46
100269,303,5,0,2021-06-23 14:42:41,2021-10-23 10:29:05
100269,1330,1,0,2021-06-12 09:28:21,2021-06-12 09:28:21
100269,3615,1,0,2021-01-16 17:31:31,2021-01-16 17:31:31
100269,6550,1,0,2021-11-21 12:41:09,2021-11-21 12:41:09
100269,8013,1,1,2021-10-29 16:14:42,2021-10-29 16:14:42
100269,10327,2,0,2021-03-26 17:26:57,2021-03-26 17:31:31
100269,10609,2,0,2021-03-03 16:56:03,2021-03-03 16:57:07
100269,14301,1,0,2021-01-15 16:17:01,2021-01-15 16:17:01
100269,14582,5,0,2021-05-28 17:43:38,2021-05-28 17:53:45
100269,16050,1,0,2021-01-17 08:25:11,2021-01-17 08:25:11
100269,21072,4,0,2021-06-30 13:03:56,2021-07-01 14:33:55
100269,24593,1,0,2021-02-03 08:15:55,2021-02-03 08:15:55
100269,27442,1,0,2021-12-10 19:14:19,2021-12-10 19:14:19
100269,28450,3,0,2021-09-21 11:13:16,2021-09-21 11:42:02
100269,29353,1,0,2021-05-28 18:12:10,2021-05-28 18:12:10
100269,29781,2,0,2021-01-26 08:43:11,2021-01-26 12:22:08
100269,30238,1,1,2021-04-01 18:45:08,2021-04-01 18:45:08
100269,30346,3,1,2021-01-15 17:00:41,2021-01-16 10:45:38
100269,30464,1,0,2021-01-25 08:38:09,2021-01-25 08:38:09
100269,31822,1,0,2021-06-13 03:54:24,2021-06-13 03:54:24
100269,34269,1,0,2021-01-06 10:26:53,2021-01-06 10:26:53
100269,35644,2,0,2022-01-01 12:20:03,2022-01-01 16:25:42
100269,35830,3,0,2021-10-22 17:22:39,2021-10-23 09:22:04
100269,37363,1,1,2021-01-05 17:54:49,2021-01-05 17:54:49
100269,41557,1,0,2021-03-11 20:23:42,2021-03-11 20:23:42
100269,43000,2,0,2021-02-10 16:11:28,2021-02-10 16:24:40
100269,43193,6,0,2020-12-26 17:57:50,2021-05-19 18:52:48
100269,45271,1,0,2021-03-20 19:37:10,2021-03-20 19:37:10
100269,45610,3,0,2021-05-03 09:33:14,2021-05-05 14:08:01
100269,50727,2,0,2021-02-03 16:24:48,2021-02-03 17:50:38
100269,50874,1,1,2020-12-26 18:32:01,2020-12-26 18:32:01
100269,51624,1,0,2021-10-29 15:09:12,2021-10-29 15:09:12
100269,52511,1,0,2021-11-11 16:47:08,2021-11-11 16:47:08
100269,53468,1,0,2021-11-14 14:51:31,2021-11-14 14:51:31
100269,55122,4,0,2021-01-08 16:11:17,2021-06-13 02:41:46
100269,58140,2,1,2021-04-20 16:06:39,2021-04-20 17:10:26
100269,58341,1,0,2021-02-27 20:23:37,2021-02-27 20:23:37
100269,58607,4,1,2021-01-24 16:58:10,2021-01-27 09:32:16
100269,58989,3,0,2021-10-21 17:11:01,2021-10-22 11:59:31
100269,59901,2,1,2021-10-23 15:56:00,2021-10-28 08:36:55
100269,60502,2,0,2022-04-26 12:38:26,2022-04-26 12:42:30
100269,60574,1,0,2021-03-22 18:35:58,2021-03-22 18:35:58
100269,60636,3,0,2021-06-01 18:28:13,2021-06-02 08:08:43
100269,60710,2,0,2021-01-16 17:09:14,2021-01-16 17:26:39
100269,61445,3,0,2021-06-12 09:16:59,2021-06-12 14:59:28
100269,61522,2,0,2020-12-26 17:35:04,2020-12-27 18:14:16
100269,61563,1,1,2021-05-17 18:33:10,2021-05-17 18:33:10
100269,61843,1,0,2021-10-19 17:06:01,2021-10-19 17:06:01
100269,62029,1,1,2021-01-15 16:39:21,2021-01-15 16:39:21
100269,62505,3,0,2023-11-16 07:50:25,2023-11-28 19:52:16
100269,64125,4,2,2021-01-16 16:44:02,2021-05-05 19:34:31
100269,64377,5,0,2021-01-15 17:29:08,2021-06-30 12:31:41
100269,64558,1,0,2021-07-29 17:15:02,2021-07-29 17:15:02
100269,64876,3,1,2021-05-09 15:51:45,2021-11-25 17:30:17
100269,64889,2,0,2021-10-23 09:10:15,2021-10-26 08:43:22
100269,65781,2,0,2021-06-08 17:55:55,2021-06-08 19:29:00
100269,66109,1,0,2021-04-20 16:34:59,2021-04-20 16:34:59
100269,66227,3,0,2021-01-26 08:45:49,2021-01-26 08:56:21
100269,66839,2,0,2021-12-29 16:28:56,2021-12-29 18:08:24
100269,67573,4,1,2021-06-11 16:35:23,2021-06-14 16:47:44
100269,68210,3,0,2021-11-16 20:05:37,2021-11-16 20:12:14
100269,69670,1,0,2021-12-29 20:01:57,2021-12-29 20:01:57
100269,69758,1,0,2021-01-15 15:59:39,2021-01-15 15:59:39
100269,70393,3,1,2021-06-11 16:48:11,2021-09-20 19:06:17
100269,71218,1,0,2021-02-23 19:47:33,2021-02-23 19:47:33
100269,73123,1,1,2021-05-28 19:24:21,2021-05-28 19:24:21
100269,73513,3,0,2024-03-15 15:02:16,2024-03-15 16:32:49
100269,74649,2,1,2020-12-27 20:41:42,2021-01-03 08:15:35
100269,75516,1,0,2021-01-27 13:00:32,2021-01-27 13:00:32
100269,75528,2,0,2021-10-28 16:01:36,2021-10-28 16:21:29
100269,76275,1,0,2021-02-02 19:06:52,2021-02-02 19:06:52
100269,76390,2,1,2021-03-11 20:31:50,2021-03-12 14:15:31
100269,76765,1,0,2021-02-25 09:50:17,2021-02-25 09:50:17
100269,77125,2,1,2021-03-07 20:05:52,2021-04-01 18:49:13
100269,78186,2,0,2021-06-13 06:49:36,2021-06-13 07:20:13
100269,79124,1,0,2022-07-11 18:05:59,2022-07-11 18:05:59
100269,79186,1,0,2021-02-21 18:11:42,2021-02-21 18:11:42
100269,79388,2,0,2021-01-02 11:21:28,2021-01-02 11:22:24
100269,79602,1,1,2021-10-23 17:42:59,2021-10-23 17:42:59
100269,80328,3,0,2021-05-24 19:21:28,2021-05-25 16:36:36
100269,82643,1,0,2021-01-15 15:49:37,2021-01-15 15:49:37
100269,83473,1,1,2021-02-23 19:51:35,2021-02-23 19:51:35
100269,83669,1,0,2021-10-21 17:13:03,2021-10-21 17:13:03
100269,84491,1,0,2021-04-01 18:56:28,2021-04-01 18:56:28
100269,85025,1,0,2021-06-30 12:34:10,2021-06-30 12:34:10
100269,85237,3,0,2021-04-27 09:46:24,2021-04-28 14:16:58
100269,85540,1,0,2021-12-11 17:35:42,2021-12-11 17:35:42
100269,85786,7,1,2021-01-04 19:01:15,2022-06-27 13:28:15
100269,85998,4,1,2021-03-07 19:37:49,2021-03-14 18:13:54
100269,86329,1,0,2021-06-12 09:21:55,2021-06-12 09:21:55
100269,86339,3,1,2021-07-29 17:36:20,2021-07-29 22:05:40
100269,87289,2,1,2021-04-10 16:21:53,2021-05-07 20:46:54
100269,88079,1,0,2021-01-21 15:48:02,2021-01-21 15:48:02
100269,88917,1,0,2021-01-02 11:11:47,2021-01-02 11:11:47
100269,89545,1,0,2021-10-28 15:56:54,2021-10-28 15:56:54
100269,89639,1,0,2021-10-19 17:07:46,2021-10-19 17:07:46
100269,91222,1,1,2021-01-03 08:02:28,2021-01-03 08:02:28
100269,91598,1,0,2021-05-26 12:14:03,2021-05-26 12:14:03
100269,91857,1,0,2021-06-15 08:47:25,2021-06-15 08:47:25
100269,92003,2,0,2021-05-05 16:48:34,2021-05-05 17:23:50
100269,92050,2,0,2024-03-01 10:34:24,2024-05-24 18:49:20
100269,92455,5,0,2021-10-28 14:31:11,2021-10-29 16:45:09
100269,92486,1,0,2021-06-12 09:37:49,2021-06-12 09:37:49
100269,93744,1,0,2021-02-20 17:33:25,2021-02-20 17:33:25
100269,94321,2,1,2021-06-07 18:10:54,2021-06-07 18:48:51
100269,97039,2,1,2021-05-23 18:36:13,2021-06-19 12:24:37
100269,97310,2,0,2021-01-01 17:33:14,2021-01-02 10:18:25
100269,97865,2,0,2021-01-15 16:09:20,2021-01-15 16:12:03
100269,98643,2,0,2021-05-04 15:19:35,2021-05-04 16:01:14
100269,98749,4,0,2021-11-14 14:23:46,2021-11-14 14:37:07
100269,98775,2,0,2021-03-30 17:40:58,2021-03-31 13:41:36
100269,98970,2,0,2021-09-21 09:58:59,2021-09-21 10:58:22
100269,99065,1,1,2021-03-28 12:41:28,2021-03-28 12:41:28
100269,99234,2,0,2022-05-27 08:08:57,2022-05-27 08:18:53
100269,99917,1,0,2021-06-19 12:44:27,2021-06-19 12:44:27
100269,100147,1,1,2021-06-04 18:57:24,2021-06-04 18:57:24
100269,100281,3,0,2021-04-20 18:01:43,2021-04-21 15:11:27
100269,100318,1,1,2021-01-04 09:45:41,2021-01-04 09:45:41
100269,100986,2,0,2021-01-05 18:27:15,2021-01-10 18:34:48
100269,101175,1,0,2022-09-20 19:05:21,2022-09-20 19:05:21
100269,102693,4,0,2021-11-17 21:24:23,2021-11-19 14:16:55
100269,102804,3,1,2021-03-22 17:35:45,2021-05-27 14:09:55
100269,102816,1,0,2021-06-30 12:23:22,2021-06-30 12:23:22
100269,102913,1,0,2021-05-23 09:16:10,2021-05-23 09:16:10
100269,103003,1,0,2024-03-15 06:13:04,2024-03-15 06:13:04
100269,103170,2,0,2021-09-25 08:32:04,2021-09-25 09:17:36
100269,103857,1,0,2021-07-29 17:18:36,2021-07-29 17:18:36
100269,103984,1,0,2021-02-20 18:22:27,2021-02-20 18:22:27
100269,104153,10,2,2021-05-05 15:04:17,2021-10-29 16:04:42
100269,104409,2,0,2021-06-19 12:27:29,2021-06-19 12:31:55
100269,104877,1,0,2021-11-16 20:15:15,2021-11-16 20:15:15
100269,105173,2,0,2021-05-04 15:31:51,2021-05-07 15:39:30
100269,105828,1,0,2022-07-11 18:10:45,2022-07-11 18:10:45
100269,106282,1,0,2021-01-16 17:06:44,2021-01-16 17:06:44
100269,106367,2,0,2021-03-20 19:21:26,2021-03-20 19:26:40
100269,106582,2,0,2021-05-19 19:06:14,2021-05-19 19:06:57
100269,106808,2,0,2021-03-29 16:59:00,2021-03-29 17:48:15
100269,107002,1,1,2021-09-16 17:47:32,2021-09-16 17:47:32
100269,107948,4,0,2021-12-11 08:24:40,2021-12-12 09:37:12
100269,108053,1,0,2022-07-09 14:23:03,2022-07-09 14:23:03
100269,108251,4,1,2021-03-28 18:08:43,2021-03-29 08:45:42
100269,108606,2,2,2021-01-05 07:14:58,2021-01-05 08:00:58
100269,109297,1,0,2020-12-26 18:26:10,2020-12-26 18:26:10
100269,109427,1,1,2020-12-26 17:22:01,2020-12-26 17:22:01
100269,109429,1,0,2020-12-26 16:59:43,2020-12-26 16:59:43
100269,109511,1,0,2021-01-02 11:08:53,2021-01-02 11:08:53
100269,109592,2,0,2021-01-10 09:28:27,2021-01-10 18:47:02
100269,109814,3,0,2021-01-04 13:54:18,2021-01-05 17:23:16
100269,109820,1,0,2021-01-11 17:54:41,2021-01-11 17:54:41
100269,109836,6,0,2021-02-20 18:23:48,2022-09-23 15:48:26
100269,109844,1,0,2021-11-30 17:44:13,2021-11-30 17:44:13
100269,109858,1,0,2021-03-07 19:47:06,2021-03-07 19:47:06
100269,109862,1,0,2021-01-05 14:43:40,2021-01-05 14:43:40
100269,109867,1,1,2021-01-05 17:30:13,2021-01-05 17:30:13
100269,109884,2,0,2021-06-13 03:57:13,2021-06-13 06:02:19
100269,109889,1,0,2021-01-06 10:46:31,2021-01-06 10:46:31
100269,109907,1,0,2021-01-06 10:42:52,2021-01-06 10:42:52
100269,109983,1,1,2021-01-07 19:58:42,2021-01-07 19:58:42
100269,110039,2,0,2021-01-09 09:41:23,2021-01-09 09:43:11
100269,110073,1,0,2021-02-01 19:53:48,2021-02-01 19:53:48
100269,110099,1,0,2021-01-10 18:37:31,2021-01-10 18:37:31
100269,110113,1,0,2021-01-10 19:10:20,2021-01-10 19:10:20
100269,110237,2,1,2021-05-03 18:33:39,2021-05-03 18:59:17
100269,110287,1,0,2021-03-31 17:23:57,2021-03-31 17:23:57
100269,110321,1,1,2021-01-15 17:26:09,2021-01-15 17:26:09
100269,110342,1,0,2021-01-15 16:56:26,2021-01-15 16:56:26
100269,110361,1,0,2021-01-15 16:21:04,2021-01-15 16:21:04
100269,110377,2,0,2021-01-15 09:20:38,2021-01-15 15:37:11
100269,110378,1,0,2021-01-15 15:54:48,2021-01-15 15:54:48
100269,110393,1,0,2021-01-15 17:53:44,2021-01-15 17:53:44
100269,110397,1,0,2021-01-16 18:19:16,2021-01-16 18:19:16
100269,110412,1,0,2021-01-16 18:12:46,2021-01-16 18:12:46
100269,110413,2,0,2021-01-16 18:08:13,2021-01-17 08:44:12
100269,110448,1,0,2021-01-17 17:02:59,2021-01-17 17:02:59
100269,110757,1,0,2021-10-25 09:07:54,2021-10-25 09:07:54
100269,110767,1,0,2021-01-24 17:08:27,2021-01-24 17:08:27
100269,110773,1,1,2021-01-24 17:05:58,2021-01-24 17:05:58
100269,110777,1,0,2021-01-24 16:56:12,2021-01-24 16:56:12
100269,110796,1,0,2021-01-24 17:21:05,2021-01-24 17:21:05
100269,110800,4,0,2021-01-24 17:19:17,2021-01-24 17:56:48
100269,110839,1,0,2021-01-25 17:49:20,2021-01-25 17:49:20
100269,110873,1,1,2021-10-23 09:38:21,2021-10-23 09:38:21
100269,110996,1,0,2021-01-29 18:10:05,2021-01-29 18:10:05
100269,111048,1,0,2021-01-29 18:12:46,2021-01-29 18:12:46
100269,111061,1,0,2021-01-29 18:06:00,2021-01-29 18:06:00
100269,111109,3,0,2021-03-25 10:02:16,2021-03-25 10:09:46
100269,111125,1,0,2021-01-31 08:38:43,2021-01-31 08:38:43
100269,111200,1,0,2021-02-01 19:45:15,2021-02-01 19:45:15
100269,111515,1,0,2021-02-02 19:09:50,2021-02-02 19:09:50
100269,111522,1,1,2021-02-07 17:11:44,2021-02-07 17:11:44
100269,111602,4,0,2021-05-05 17:54:52,2021-05-05 19:57:30
100269,111618,3,0,2021-11-14 15:03:42,2021-11-21 12:37:46
100269,111662,1,0,2021-11-15 16:07:52,2021-11-15 16:07:52
100269,111822,1,0,2021-12-29 16:30:43,2021-12-29 16:30:43
100269,111827,1,0,2021-04-17 18:40:48,2021-04-17 18:40:48
100269,112139,1,0,2021-03-28 19:14:20,2021-03-28 19:14:20
100269,112190,1,0,2021-02-20 18:14:16,2021-02-20 18:14:16
100269,112326,2,0,2021-02-23 19:40:19,2021-02-26 11:07:52
100269,112335,1,1,2021-02-23 19:37:14,2021-02-23 19:37:14
100269,112340,1,0,2021-02-23 19:45:37,2021-02-23 19:45:37
100269,112483,2,0,2021-03-20 19:35:40,2021-03-21 10:31:21
100269,112500,3,0,2021-05-18 16:32:56,2021-05-18 17:07:13
100269,112817,1,0,2022-06-29 15:00:41,2022-06-29 15:00:41
100269,113067,1,0,2023-04-12 12:47:11,2023-04-12 12:47:11
100269,113079,1,0,2021-05-28 18:07:32,2021-05-28 18:07:32
100269,113086,1,0,2021-03-26 17:24:30,2021-03-26 17:24:30
100269,113241,1,0,2021-03-13 17:09:21,2021-03-13 17:09:21
100269,113267,4,0,2021-03-28 13:18:12,2021-03-28 18:28:14
100269,113285,1,0,2021-03-13 20:36:44,2021-03-13 20:36:44
100269,113540,1,1,2021-05-26 14:56:44,2021-05-26 14:56:44
100269,113585,4,1,2021-10-24 15:39:22,2021-10-28 08:48:39
100269,113602,2,0,2021-03-20 19:30:14,2021-03-21 10:29:03
100269,113619,2,1,2021-03-21 10:38:50,2021-03-21 12:08:46
100269,113628,1,0,2021-03-21 10:54:29,2021-03-21 10:54:29
100269,113630,4,1,2021-03-21 10:35:23,2021-03-21 13:07:37
100269,113735,1,1,2021-04-10 16:35:41,2021-04-10 16:35:41
100269,113954,1,0,2021-03-26 17:20:20,2021-03-26 17:20:20
100269,113959,1,0,2021-03-26 19:45:27,2021-03-26 19:45:27
100269,115007,1,0,2021-03-28 19:11:40,2021-03-28 19:11:40
100269,115023,2,1,2021-03-28 17:25:40,2021-04-06 15:35:34
100269,115035,1,0,2021-03-28 17:32:05,2021-03-28 17:32:05
100269,115038,5,1,2021-03-28 17:39:57,2021-03-29 08:18:02
100269,115039,1,1,2021-05-05 16:52:04,2021-05-05 16:52:04
100269,115075,1,0,2021-03-29 16:57:23,2021-03-29 16:57:23
100269,115083,5,0,2021-03-29 16:51:55,2021-03-30 17:39:09
100269,115155,1,0,2021-03-30 17:28:02,2021-03-30 17:28:02
100269,115274,2,0,2021-05-09 08:32:35,2021-05-10 15:39:32
100269,115282,1,0,2021-04-01 18:52:34,2021-04-01 18:52:34
100269,115287,1,0,2021-04-01 18:46:49,2021-04-01 18:46:49
100269,115349,1,0,2021-04-03 18:01:35,2021-04-03 18:01:35
100269,115447,10,1,2021-05-08 08:23:09,2021-07-05 12:51:39
100269,115501,1,0,2021-04-19 16:12:33,2021-04-19 16:12:33
100269,115588,1,0,2021-06-14 14:22:31,2021-06-14 14:22:31
100269,115760,2,0,2021-04-10 16:16:08,2021-04-11 09:35:56
100269,115836,1,0,2021-04-11 18:17:46,2021-04-11 18:17:46
100269,115882,1,1,2021-10-30 10:18:54,2021-10-30 10:18:54
100269,116177,1,0,2021-04-17 08:29:23,2021-04-17 08:29:23
100269,116212,1,0,2021-12-04 19:37:23,2021-12-04 19:37:23
100269,116238,3,1,2022-04-24 21:21:50,2022-05-22 10:35:26
100269,116244,2,1,2021-04-18 09:23:37,2021-11-14 14:41:04
100269,116251,2,0,2021-04-20 07:15:41,2021-04-20 15:57:43
100269,116258,1,0,2021-04-19 15:24:00,2021-04-19 15:24:00
100269,116314,1,1,2021-04-19 15:18:04,2021-04-19 15:18:04
100269,116333,1,0,2021-11-09 17:48:41,2021-11-09 17:48:41
100269,116367,7,0,2021-04-20 16:17:13,2021-04-20 18:56:08
100269,116375,3,0,2021-04-20 16:12:56,2021-04-21 15:15:07
100269,116637,2,0,2021-04-25 16:32:56,2021-04-25 19:43:54
100269,116681,1,0,2021-04-26 18:38:31,2021-04-26 18:38:31
100269,116752,2,0,2021-10-22 16:59:55,2021-10-22 17:04:28
100269,116801,7,0,2021-04-28 14:26:29,2021-05-02 07:30:11
100269,116824,3,0,2021-05-28 16:56:09,2021-05-28 17:54:43
100269,116858,3,1,2021-04-29 16:04:12,2021-04-29 20:45:45
100269,116876,2,0,2021-04-30 10:26:32,2021-04-30 15:00:38
100269,117022,1,0,2021-05-04 16:42:52,2021-05-04 16:42:52
100269,117115,1,0,2021-05-04 15:28:22,2021-05-04 15:28:22
100269,117178,1,0,2021-05-05 19:56:14,2021-05-05 19:56:14
100269,117192,2,0,2021-06-19 12:38:07,2021-07-03 17:03:36
100269,117220,1,0,2021-05-06 15:21:19,2021-05-06 15:21:19
100269,117221,1,0,2021-05-06 15:52:01,2021-05-06 15:52:01
100269,117225,1,0,2021-05-06 15:49:06,2021-05-06 15:49:06
100269,117314,4,0,2021-05-08 08:50:45,2021-05-09 08:37:45
100269,117355,1,0,2021-05-09 08:36:17,2021-05-09 08:36:17
100269,117400,1,0,2021-10-11 15:53:12,2021-10-11 15:53:12
100269,117548,2,0,2021-06-20 18:11:24,2021-10-29 15:19:54
100269,117618,1,0,2021-05-13 15:36:44,2021-05-13 15:36:44
100269,117637,1,0,2021-05-13 16:34:18,2021-05-13 16:34:18
100269,117728,3,0,2021-06-11 13:56:51,2021-06-20 10:31:47
100269,117919,1,0,2021-05-28 19:17:56,2021-05-28 19:17:56
100269,117926,2,1,2021-10-11 16:09:33,2021-10-11 16:17:42
100269,117968,1,0,2021-05-31 18:00:40,2021-05-31 18:00:40
100269,118229,2,0,2021-05-31 18:02:15,2021-05-31 19:24:21
100269,118251,1,0,2021-06-11 17:52:30,2021-06-11 17:52:30
100269,118326,2,0,2021-06-19 12:47:52,2021-06-22 16:39:47
100269,118332,1,1,2021-05-28 18:22:09,2021-05-28 18:22:09
100269,118361,1,1,2021-05-26 12:26:14,2021-05-26 12:26:14
100269,118371,2,0,2021-05-26 15:00:43,2021-05-26 15:45:39
100269,118486,1,0,2021-05-28 17:47:07,2021-05-28 17:47:07
100269,118604,1,1,2021-05-31 17:43:43,2021-05-31 17:43:43
100269,118634,1,1,2021-06-14 14:24:52,2021-06-14 14:24:52
100269,118696,2,0,2021-06-23 14:38:27,2021-06-23 16:48:06
100269,118699,6,2,2021-06-11 15:27:16,2021-06-23 16:52:47
100269,118895,1,1,2021-06-28 19:36:11,2021-06-28 19:36:11
100269,118982,5,0,2021-06-28 19:32:23,2021-06-30 15:58:22
100269,119117,2,1,2021-06-11 17:23:50,2021-06-12 09:13:21
100269,119159,2,0,2021-06-11 15:24:42,2021-06-11 15:25:29
100269,119165,5,1,2021-06-11 14:04:16,2021-06-11 15:31:40
100269,119178,1,1,2021-06-11 16:54:33,2021-06-11 16:54:33
100269,119216,2,0,2021-06-13 04:00:39,2021-06-13 08:58:54
100269,119244,1,0,2021-06-13 04:44:41,2021-06-13 04:44:41
100269,119292,1,0,2021-07-29 17:33:09,2021-07-29 17:33:09
100269,119517,1,0,2021-06-19 12:41:34,2021-06-19 12:41:34
100269,119534,1,0,2021-06-18 18:16:17,2021-06-18 18:16:17
100269,119565,3,0,2021-06-19 14:56:01,2021-06-19 18:17:36
100269,119591,2,0,2021-06-20 12:38:57,2021-06-20 12:40:44
100269,119605,2,0,2021-06-20 18:01:53,2021-06-22 16:42:09
100269,119652,1,1,2022-09-18 14:21:17,2022-09-18 14:21:17
100269,119746,3,0,2021-10-24 15:33:31,2021-10-24 16:03:54
100269,119920,7,0,2021-09-25 08:31:05,2021-10-24 08:46:20
100269,119921,2,0,2021-10-22 17:09:05,2021-10-23 08:48:08
100269,119938,1,0,2022-07-09 23:48:35,2022-07-09 23:48:35
100269,119945,2,0,2021-06-30 12:15:10,2021-06-30 12:28:29
100269,119957,1,0,2021-06-28 08:49:25,2021-06-28 08:49:25
100269,120024,3,1,2021-06-30 12:43:52,2022-05-31 14:02:53
100269,120042,1,0,2021-06-30 12:19:40,2021-06-30 12:19:40
100269,120121,3,1,2021-07-01 18:58:25,2021-07-03 09:36:32
100269,120212,2,0,2021-07-03 17:01:16,2021-07-05 10:29:09
100269,120213,1,0,2021-07-03 17:31:39,2021-07-03 17:31:39
100269,120363,2,0,2021-11-09 17:53:29,2021-11-09 17:53:52
100269,121167,1,0,2021-11-20 12:11:08,2021-11-20 12:11:08
100269,121194,2,0,2021-11-21 10:10:02,2021-11-24 17:56:45
100269,121267,1,0,2021-08-13 18:00:14,2021-08-13 18:00:14
100269,121295,1,0,2021-07-28 19:08:09,2021-07-28 19:08:09
100269,122325,1,0,2021-07-29 17:17:37,2021-07-29 17:17:37
100269,122330,1,0,2021-07-29 17:11:24,2021-07-29 17:11:24
100269,122336,3,0,2021-07-29 18:02:16,2021-07-29 22:14:04
100269,122574,1,0,2021-09-21 11:32:49,2021-09-21 11:32:49
100269,122578,1,0,2021-11-25 17:15:06,2021-11-25 17:15:06
100269,122641,5,0,2021-10-26 14:47:28,2021-10-28 14:55:09
100269,122977,1,0,2021-08-13 18:04:00,2021-08-13 18:04:00
100269,122994,2,0,2021-08-13 17:56:17,2021-08-14 17:41:08
100269,122995,3,0,2021-08-13 17:57:20,2021-08-15 07:50:57
100269,123145,2,0,2021-10-11 15:51:33,2021-10-13 16:52:09
100269,123533,1,0,2021-08-26 18:23:08,2021-08-26 18:23:08
100269,123537,1,0,2021-08-26 18:19:24,2021-08-26 18:19:24
100269,124967,1,1,2021-09-07 12:54:41,2021-09-07 12:54:41
100269,125176,2,0,2021-09-21 11:27:11,2021-09-21 11:29:01
100269,125358,1,0,2021-10-15 08:25:11,2021-10-15 08:25:11
100269,125498,2,0,2021-09-20 19:04:25,2021-09-21 10:00:22
100269,125594,5,1,2021-09-22 19:41:07,2021-09-23 11:18:14
100269,125747,3,3,2021-10-21 17:36:18,2022-06-29 18:16:28
100269,126125,1,0,2021-10-26 14:46:13,2021-10-26 14:46:13
100269,126327,1,0,2021-11-21 10:13:49,2021-11-21 10:13:49
100269,126349,1,0,2021-10-11 15:57:17,2021-10-11 15:57:17
100269,126358,1,0,2021-10-11 15:53:54,2021-10-11 15:53:54
100269,126359,1,0,2021-10-11 15:50:10,2021-10-11 15:50:10
100269,126463,1,0,2021-10-14 16:59:38,2021-10-14 16:59:38
100269,126465,3,1,2021-10-14 16:25:36,2021-10-14 21:40:24
100269,126468,1,0,2021-10-14 16:15:56,2021-10-14 16:15:56
100269,126483,2,0,2021-10-14 16:03:09,2021-10-14 16:13:56
100269,126581,1,0,2021-10-29 16:30:16,2021-10-29 16:30:16
100269,126641,1,0,2021-10-19 17:11:06,2021-10-19 17:11:06
100269,126689,1,0,2021-10-19 17:03:07,2021-10-19 17:03:07
100269,126752,2,0,2021-10-21 17:47:09,2021-10-23 08:50:36
100269,126758,2,0,2021-10-21 17:27:30,2021-10-21 17:29:14
100269,126770,1,0,2021-10-21 17:24:43,2021-10-21 17:24:43
100269,126805,1,0,2021-10-24 15:35:54,2021-10-24 15:35:54
100269,126841,1,0,2021-10-22 16:45:33,2021-10-22 16:45:33
100269,126860,2,0,2021-10-23 09:06:42,2021-10-24 08:37:06
100269,126861,2,0,2021-10-23 09:24:33,2021-10-23 09:31:59
100269,126905,1,0,2021-10-24 08:55:39,2021-10-24 08:55:39
100269,126936,1,0,2021-10-25 14:31:05,2021-10-25 14:31:05
100269,126957,1,0,2021-10-26 14:49:12,2021-10-26 14:49:12
100269,127099,1,0,2021-10-29 15:14:12,2021-10-29 15:14:12
100269,127121,1,0,2021-10-30 10:12:47,2021-10-30 10:12:47
100269,127125,1,0,2021-10-30 10:10:38,2021-10-30 10:10:38
100269,127133,1,0,2021-10-31 08:55:48,2021-10-31 08:55:48
100269,127249,2,0,2021-12-10 19:02:56,2021-12-11 08:51:33
100269,127614,2,0,2021-11-14 14:39:36,2021-11-14 18:32:37
100269,127690,2,0,2021-11-14 14:56:37,2021-11-20 12:08:47
100269,127703,1,0,2021-11-14 14:44:23,2021-11-14 14:44:23
100269,127809,3,1,2021-11-16 23:30:57,2021-11-17 13:19:36
100269,127818,1,0,2021-11-16 20:13:47,2021-11-16 20:13:47
100269,127966,1,0,2021-11-20 20:31:14,2021-11-20 20:31:14
100269,127987,1,0,2021-11-21 10:11:21,2021-11-21 10:11:21
100269,128034,1,1,2021-11-22 16:02:46,2021-11-22 16:02:46
100269,128082,1,0,2021-11-23 16:23:41,2021-11-23 16:23:41
100269,128153,2,0,2021-11-25 17:24:15,2021-11-25 19:36:57
100269,128283,2,0,2021-11-28 18:07:58,2021-11-28 18:09:15
100269,128734,1,0,2021-12-10 19:06:50,2021-12-10 19:06:50
100269,128735,1,0,2021-12-10 19:04:43,2021-12-10 19:04:43
100269,128760,2,0,2021-12-11 14:30:58,2021-12-12 09:42:56
100269,128840,1,0,2021-12-13 17:45:26,2021-12-13 17:45:26
100269,130595,3,0,2022-04-26 12:35:25,2022-04-29 11:53:28
100269,130605,3,0,2022-05-23 14:24:41,2022-05-24 17:01:50
100269,131424,1,0,2022-05-26 15:04:03,2022-05-26 15:04:03
100269,132421,1,1,2022-05-29 13:23:16,2022-05-29 13:23:16
100269,133433,4,1,2022-04-23 21:41:59,2022-04-25 08:15:30
100269,133572,1,0,2024-03-15 06:15:26,2024-03-15 06:15:26
100269,134175,5,1,2022-05-26 17:21:07,2022-05-26 21:12:37
100269,134817,1,0,2022-06-29 15:02:36,2022-06-29 15:02:36
100269,134944,1,0,2022-04-23 21:50:48,2022-04-23 21:50:48
100269,135034,2,0,2022-04-26 12:27:27,2022-04-26 12:39:16
100269,135268,1,0,2022-05-22 09:57:09,2022-05-22 09:57:09
100269,135859,2,0,2022-05-28 09:59:04,2022-05-28 10:06:29
100269,136152,5,1,2022-05-27 07:57:26,2022-05-27 17:24:06
100269,136199,5,0,2022-05-31 13:33:14,2022-05-31 22:41:54
100269,136202,1,0,2022-05-26 15:08:01,2022-05-26 15:08:01
100269,136214,1,1,2022-05-26 14:58:29,2022-05-26 14:58:29
100269,136311,2,1,2022-05-29 13:19:30,2022-05-29 17:02:17
100269,136380,1,0,2022-05-31 13:22:31,2022-05-31 13:22:31
100269,136403,1,0,2022-05-31 19:31:21,2022-05-31 19:31:21
100269,136407,1,0,2022-06-06 08:24:21,2022-06-06 08:24:21
100269,137378,2,1,2023-04-12 19:52:59,2023-04-13 11:55:08
100269,137739,1,1,2022-07-06 11:53:03,2022-07-06 11:53:03
100269,137886,1,0,2022-07-09 23:45:59,2022-07-09 23:45:59
100269,137968,4,0,2022-07-11 18:08:08,2022-07-11 18:47:01
100269,138588,1,0,2022-09-23 16:45:33,2022-09-23 16:45:33
100269,139758,1,1,2022-09-08 19:26:04,2022-09-08 19:26:04
100269,145929,3,0,2023-05-17 20:41:24,2023-05-18 21:38:30
100269,146483,1,0,2024-03-01 10:22:14,2024-03-01 10:22:14
100269,148135,1,0,2023-04-12 19:42:11,2023-04-12 19:42:11
100269,161301,1,1,2024-03-06 19:48:41,2024-03-06 19:48:41
100269,181815,2,1,2025-05-14 13:56:13,2025-05-15 13:48:32
100314,84653,1,1,2023-06-01 04:44:47,2023-06-01 04:44:47
100318,109408,1,1,2020-12-26 09:14:40,2020-12-26 09:14:40
100318,109445,1,1,2020-12-27 08:46:37,2020-12-27 08:46:37
100318,115447,1,1,2021-05-16 15:07:43,2021-05-16 15:07:43
100318,117661,1,1,2021-05-26 14:59:25,2021-05-26 14:59:25
100318,117806,1,1,2021-05-17 11:58:56,2021-05-17 11:58:56
100320,103452,1,1,2021-02-10 18:19:34,2021-02-10 18:19:34
100371,103849,1,1,2021-02-18 15:33:29,2021-02-18 15:33:29
100371,111985,5,1,2021-02-18 21:35:47,2021-02-19 12:59:40
100371,112005,1,1,2021-02-18 18:08:42,2021-02-18 18:08:42
100371,112085,2,1,2021-02-18 18:00:45,2021-02-19 08:48:52
100371,112115,1,1,2021-02-19 13:40:58,2021-02-19 13:40:58
100371,112126,4,1,2021-02-19 09:45:47,2021-02-19 11:45:40
100431,84571,1,0,2021-10-22 12:54:09,2021-10-22 12:54:09
100619,64553,1,0,2021-04-24 03:43:48,2021-04-24 03:43:48
100619,115447,1,1,2021-04-30 01:38:41,2021-04-30 01:38:41
100619,116260,1,1,2021-04-21 02:48:03,2021-04-21 02:48:03
100619,116390,1,1,2021-04-21 02:41:58,2021-04-21 02:41:58
100619,116392,1,1,2021-04-21 02:30:48,2021-04-21 02:30:48
100619,116582,1,0,2021-04-24 23:14:06,2021-04-24 23:14:06
100619,116594,1,1,2021-04-24 23:26:19,2021-04-24 23:26:19
100619,116681,1,1,2021-04-27 03:21:51,2021-04-27 03:21:51
100619,116699,1,1,2021-04-27 03:06:04,2021-04-27 03:06:04
100619,116791,1,0,2021-04-30 01:08:31,2021-04-30 01:08:31
100633,113319,1,1,2021-03-27 19:13:12,2021-03-27 19:13:12
100704,63488,1,1,2020-12-31 01:51:28,2020-12-31 01:51:28
100745,110703,1,1,2021-01-25 03:25:16,2021-01-25 03:25:16
100745,110729,1,1,2021-01-25 03:06:35,2021-01-25 03:06:35
100745,110803,1,1,2021-01-25 03:17:01,2021-01-25 03:17:01
100861,156661,1,1,2023-11-30 15:13:12,2023-11-30 15:13:12
100919,143697,1,1,2022-12-08 20:07:48,2022-12-08 20:07:48
101043,151439,1,1,2023-09-27 09:27:25,2023-09-27 09:27:25
101043,154456,1,1,2023-10-04 11:42:05,2023-10-04 11:42:05
101169,146452,2,1,2024-04-12 11:06:24,2024-04-12 11:08:55
101169,152096,2,0,2024-04-12 11:51:15,2024-04-12 12:45:36
101169,159972,1,1,2024-04-12 13:13:45,2024-04-12 13:13:45
101169,162112,1,0,2024-04-12 11:14:21,2024-04-12 11:14:21
101337,82643,1,0,2021-06-23 16:53:09,2021-06-23 16:53:09
101337,85521,4,0,2021-01-10 12:26:42,2021-01-10 13:44:21
101337,97862,1,1,2021-03-29 20:30:50,2021-03-29 20:30:50
101337,107361,1,0,2021-02-13 10:48:07,2021-02-13 10:48:07
101337,108416,3,1,2020-12-19 18:52:03,2020-12-19 21:38:27
101337,108712,1,0,2020-12-12 19:02:22,2020-12-12 19:02:22
101337,109633,1,0,2021-02-11 18:30:24,2021-02-11 18:30:24
101337,112149,1,0,2021-06-17 08:54:55,2021-06-17 08:54:55
101337,117561,1,0,2021-05-13 17:59:07,2021-05-13 17:59:07
101405,9011,1,0,2020-12-10 15:02:52,2020-12-10 15:02:52
101405,58341,1,0,2020-12-09 10:30:38,2020-12-09 10:30:38
101405,58471,1,1,2020-12-25 10:53:12,2020-12-25 10:53:12
101405,106106,1,1,2020-12-08 10:13:01,2020-12-08 10:13:01
101405,108459,1,1,2020-12-08 10:27:48,2020-12-08 10:27:48
101405,108567,1,1,2020-12-09 10:52:22,2020-12-09 10:52:22
101405,108606,2,1,2020-12-12 09:57:09,2020-12-14 18:52:57
101405,108717,1,1,2020-12-12 09:35:27,2020-12-12 09:35:27
101475,113916,1,1,2021-10-20 21:47:27,2021-10-20 21:47:27
101580,13736,1,1,2021-07-05 14:06:48,2021-07-05 14:06:48
101580,80328,2,1,2021-07-26 13:08:45,2021-07-26 13:46:30
101580,86325,1,1,2021-07-23 07:57:21,2021-07-23 07:57:21
101580,98921,1,1,2021-09-20 14:19:11,2021-09-20 14:19:11
101580,100460,1,0,2020-12-28 14:05:54,2020-12-28 14:05:54
101580,106209,2,1,2020-12-31 09:03:39,2021-01-04 07:57:03
101580,109007,1,1,2020-12-17 12:58:58,2020-12-17 12:58:58
101580,109429,1,1,2020-12-28 07:49:51,2020-12-28 07:49:51
101580,109587,1,1,2020-12-30 11:41:54,2020-12-30 11:41:54
101580,110616,2,0,2021-10-04 13:53:37,2021-10-05 07:12:36
101580,116311,1,0,2021-04-26 12:40:00,2021-04-26 12:40:00
101580,118594,1,0,2021-07-05 13:36:55,2021-07-05 13:36:55
101580,119291,1,0,2021-06-14 10:03:08,2021-06-14 10:03:08
101580,119448,1,0,2021-09-27 10:08:31,2021-09-27 10:08:31
101580,120283,1,1,2021-07-05 13:29:29,2021-07-05 13:29:29
101580,120597,2,1,2021-07-12 14:05:26,2021-07-15 06:29:57
101580,120653,2,1,2021-07-13 09:34:19,2021-07-13 10:27:55
101580,120887,1,1,2021-07-19 07:38:20,2021-07-19 07:38:20
101580,120898,1,0,2021-07-19 10:06:22,2021-07-19 10:06:22
101580,121032,3,1,2021-07-22 09:04:28,2021-07-23 12:43:23
101580,121152,1,1,2021-07-26 09:05:11,2021-07-26 09:05:11
101580,121173,1,0,2021-07-26 13:11:50,2021-07-26 13:11:50
101580,121267,1,1,2021-07-28 10:11:51,2021-07-28 10:11:51
101580,122614,4,0,2021-08-05 06:40:23,2021-08-05 08:31:46
101580,123432,2,0,2021-10-27 10:16:42,2021-10-29 10:03:53
101580,124978,1,0,2021-09-07 09:47:09,2021-09-07 09:47:09
101580,125331,1,1,2021-09-16 14:50:06,2021-09-16 14:50:06
101580,125475,1,1,2021-09-20 07:27:48,2021-09-20 07:27:48
101580,125483,1,0,2021-09-20 10:11:22,2021-09-20 10:11:22
101580,126041,1,0,2021-10-04 07:23:42,2021-10-04 07:23:42
101580,126054,3,1,2021-10-04 09:22:22,2021-10-04 12:01:39
101580,127301,2,1,2021-11-03 14:55:48,2021-11-03 16:14:37
101580,130902,1,0,2022-03-17 11:15:14,2022-03-17 11:15:14
101580,136178,1,1,2022-05-25 14:49:10,2022-05-25 14:49:10
101580,136335,2,1,2022-05-30 11:48:11,2022-06-01 13:31:22
101580,138355,1,0,2022-07-21 10:27:30,2022-07-21 10:27:30
102706,30653,1,1,2023-04-20 23:38:27,2023-04-20 23:38:27
102706,193151,1,1,2026-04-05 11:38:09,2026-04-05 11:38:09
102713,64377,1,0,2022-06-06 17:14:00,2022-06-06 17:14:00
102852,8237,2,1,2022-11-09 11:11:02,2022-11-10 09:07:18
102852,14675,2,0,2020-12-08 19:32:58,2020-12-09 10:09:48
102852,21471,2,0,2021-05-09 11:37:55,2021-05-09 12:23:01
102852,31822,1,0,2021-06-24 12:38:47,2021-06-24 12:38:47
102852,32757,4,2,2021-04-30 18:01:30,2021-05-26 09:18:38
102852,43000,2,0,2020-12-22 10:44:02,2021-04-15 09:52:13
102852,52454,1,0,2020-12-15 12:57:05,2020-12-15 12:57:05
102852,64876,8,2,2022-01-28 11:39:38,2022-02-04 09:52:09
102852,65375,1,1,2020-12-20 12:06:54,2020-12-20 12:06:54
102852,69478,2,1,2021-02-26 10:59:47,2021-02-26 12:47:58
102852,70393,2,1,2021-11-03 15:29:07,2021-11-03 17:15:57
102852,73441,1,0,2021-06-17 11:05:20,2021-06-17 11:05:20
102852,73930,1,0,2021-06-21 14:22:49,2021-06-21 14:22:49
102852,85239,1,1,2021-06-18 10:31:09,2021-06-18 10:31:09
102852,95196,2,0,2022-10-06 12:00:35,2022-10-06 16:02:49
102852,95946,1,1,2021-06-21 12:06:15,2021-06-21 12:06:15
102852,104143,1,0,2021-11-30 13:11:41,2021-11-30 13:11:41
102852,105173,2,2,2021-04-15 11:18:55,2021-06-18 11:04:13
102852,105469,1,0,2022-02-10 14:29:44,2022-02-10 14:29:44
102852,107046,1,1,2021-01-30 10:21:35,2021-01-30 10:21:35
102852,107115,2,0,2021-05-11 11:34:18,2021-05-11 12:31:25
102852,108085,4,1,2020-12-07 14:29:51,2020-12-10 19:28:21
102852,108473,2,1,2020-12-08 10:26:33,2020-12-08 15:17:26
102852,108739,1,1,2020-12-13 14:25:40,2020-12-13 14:25:40
102852,110425,1,0,2021-01-17 12:16:03,2021-01-17 12:16:03
102852,110503,2,1,2021-11-08 15:26:35,2021-11-17 14:43:27
102852,110889,1,1,2021-01-27 15:07:54,2021-01-27 15:07:54
102852,111191,1,1,2021-02-14 10:46:39,2021-02-14 10:46:39
102852,113561,1,1,2022-10-11 16:56:02,2022-10-11 16:56:02
102852,115244,1,0,2021-11-04 12:26:03,2021-11-04 12:26:03
102852,115539,5,0,2021-04-06 19:22:06,2021-04-14 12:57:38
102852,115596,1,0,2022-07-04 18:06:56,2022-07-04 18:06:56
102852,115793,2,1,2024-07-16 10:46:56,2024-07-16 12:58:47
102852,115800,1,0,2021-04-11 08:54:01,2021-04-11 08:54:01
102852,116592,7,2,2021-04-26 13:51:28,2021-06-24 08:51:56
102852,116846,2,0,2021-11-12 12:35:10,2021-11-12 14:03:57
102852,117775,2,1,2021-06-16 15:02:29,2021-06-17 10:59:28
102852,118292,1,1,2021-06-28 14:49:23,2021-06-28 14:49:23
102852,119366,1,0,2022-06-22 09:52:41,2022-06-22 09:52:41
102852,120149,1,0,2021-07-02 10:39:06,2021-07-02 10:39:06
102852,123479,1,1,2023-01-30 11:23:16,2023-01-30 11:23:16
102852,124945,1,1,2021-11-02 15:44:35,2021-11-02 15:44:35
102852,126607,1,0,2022-11-09 22:17:52,2022-11-09 22:17:52
102852,127249,2,1,2021-11-02 14:54:58,2021-11-02 15:20:32
102852,127474,3,0,2021-11-08 10:38:11,2021-11-08 13:26:36
102852,127482,1,1,2021-11-08 13:24:12,2021-11-08 13:24:12
102852,127497,1,1,2021-11-08 17:03:21,2021-11-08 17:03:21
102852,130690,1,1,2022-01-07 13:16:37,2022-01-07 13:16:37
102852,130860,1,1,2022-10-27 11:58:10,2022-10-27 11:58:10
102852,132995,1,1,2022-10-07 13:38:07,2022-10-07 13:38:07
102852,137702,2,0,2022-07-04 18:09:03,2022-07-05 08:24:03
102852,140727,1,1,2022-10-06 09:53:38,2022-10-06 09:53:38
102852,141191,3,1,2022-10-06 11:57:05,2022-10-08 11:39:28
102852,141318,1,0,2022-10-12 07:25:53,2022-10-12 07:25:53
102852,142010,2,1,2022-10-26 13:06:02,2022-10-26 14:46:40
102910,143852,1,1,2022-12-15 06:33:17,2022-12-15 06:33:17
102942,102678,1,1,2020-12-21 11:28:05,2020-12-21 11:28:05
102958,112885,1,1,2021-03-18 08:06:00,2021-03-18 08:06:00
102962,113284,1,1,2021-03-14 16:33:53,2021-03-14 16:33:53
102993,136076,1,1,2022-05-24 21:11:05,2022-05-24 21:11:05
103016,141812,1,1,2023-03-09 17:25:54,2023-03-09 17:25:54
103030,117882,1,1,2021-05-24 16:03:16,2021-05-24 16:03:16
103113,115311,1,1,2022-02-22 15:37:04,2022-02-22 15:37:04
103170,49589,1,1,2021-09-24 20:44:32,2021-09-24 20:44:32
103170,103497,1,1,2021-09-27 03:29:19,2021-09-27 03:29:19
103170,120472,1,0,2021-09-27 19:54:06,2021-09-27 19:54:06
103170,125710,2,1,2021-09-24 21:02:18,2021-09-24 21:32:51
103206,65131,1,0,2022-05-16 12:10:08,2022-05-16 12:10:08
103206,116311,1,0,2022-05-16 12:11:08,2022-05-16 12:11:08
103219,85897,1,1,2022-02-02 19:20:03,2022-02-02 19:20:03
103226,87032,1,1,2022-03-24 06:30:55,2022-03-24 06:30:55
103249,110964,1,1,2021-01-28 10:54:33,2021-01-28 10:54:33
103455,111458,1,1,2021-04-20 13:00:12,2021-04-20 13:00:12
103488,117650,1,1,2022-07-02 02:51:39,2022-07-02 02:51:39
103664,131709,1,1,2022-08-18 21:33:51,2022-08-18 21:33:51
103683,125714,1,0,2021-09-25 04:01:27,2021-09-25 04:01:27
103841,76530,1,1,2021-07-15 10:38:44,2021-07-15 10:38:44
103841,77152,1,1,2021-07-15 10:30:17,2021-07-15 10:30:17
103857,7812,1,1,2021-01-18 15:58:46,2021-01-18 15:58:46
103857,86769,2,1,2021-01-05 14:44:58,2021-01-07 01:20:19
103857,106399,1,0,2020-12-21 07:30:44,2020-12-21 07:30:44
103857,108684,1,0,2021-01-07 13:48:25,2021-01-07 13:48:25
103857,109181,1,0,2020-12-21 07:29:05,2020-12-21 07:29:05
103986,135262,1,1,2022-05-30 12:45:25,2022-05-30 12:45:25
104088,69213,1,1,2023-11-04 01:02:40,2023-11-04 01:02:40
104143,109842,1,1,2021-01-05 04:51:22,2021-01-05 04:51:22
104143,119136,1,1,2023-06-09 10:02:57,2023-06-09 10:02:57
104143,119139,1,1,2023-08-05 10:03:10,2023-08-05 10:03:10
104143,138987,1,1,2022-10-11 07:07:06,2022-10-11 07:07:06
104143,141415,2,1,2022-10-11 06:48:55,2022-10-13 05:36:12
104143,141421,1,1,2022-10-11 09:28:34,2022-10-11 09:28:34
104143,141611,1,1,2022-11-15 08:44:39,2022-11-15 08:44:39
104143,142801,2,1,2022-11-15 08:50:23,2022-11-15 10:24:15
104143,143076,4,1,2022-11-22 04:43:23,2022-11-22 07:07:45
104143,143145,1,1,2022-11-28 10:32:47,2022-11-28 10:32:47
104143,153904,1,1,2023-08-24 06:33:14,2023-08-24 06:33:14
104161,40240,1,1,2020-12-11 02:13:15,2020-12-11 02:13:15
104161,58140,2,1,2020-12-09 00:07:08,2020-12-10 00:02:46
104161,98275,1,1,2020-12-11 01:33:28,2020-12-11 01:33:28
104161,106209,1,1,2020-12-31 03:06:45,2020-12-31 03:06:45
104161,107412,1,1,2020-12-05 23:40:47,2020-12-05 23:40:47
104161,109136,2,1,2020-12-19 22:45:22,2020-12-19 23:04:45
104449,142089,1,1,2022-10-29 08:20:02,2022-10-29 08:20:02
104471,126279,1,0,2022-12-13 14:29:24,2022-12-13 14:29:24
104471,131233,1,0,2022-01-20 19:00:13,2022-01-20 19:00:13
104471,141232,1,0,2022-10-06 20:41:00,2022-10-06 20:41:00
104471,143796,1,0,2022-12-13 11:37:34,2022-12-13 11:37:34
104624,50874,1,1,2022-04-11 17:44:19,2022-04-11 17:44:19
104624,64199,1,1,2022-04-11 17:41:09,2022-04-11 17:41:09
104624,128364,1,1,2022-04-11 17:39:51,2022-04-11 17:39:51
104626,19261,1,0,2021-11-23 10:29:41,2021-11-23 10:29:41
104626,122728,1,0,2021-11-29 15:17:06,2021-11-29 15:17:06
104667,76275,1,1,2021-01-11 22:17:40,2021-01-11 22:17:40
104846,71149,1,1,2025-12-17 07:35:58,2025-12-17 07:35:58
104872,104153,3,0,2021-12-06 14:07:23,2021-12-07 10:23:33
104872,107202,1,0,2021-12-07 10:38:05,2021-12-07 10:38:05
104872,107798,1,1,2021-08-04 11:49:08,2021-08-04 11:49:08
104872,113735,1,1,2021-10-05 10:34:41,2021-10-05 10:34:41
104872,122411,1,1,2021-08-04 12:01:59,2021-08-04 12:01:59
104872,122551,1,0,2021-08-04 11:53:53,2021-08-04 11:53:53
104872,122589,2,1,2021-08-04 16:38:39,2021-08-04 16:58:44
104872,124876,1,0,2021-12-09 09:58:12,2021-12-09 09:58:12
104872,141468,3,0,2022-11-07 04:27:53,2022-11-07 05:06:10
104872,147994,1,0,2023-03-16 07:21:42,2023-03-16 07:21:42
105051,116785,1,1,2021-11-30 15:38:35,2021-11-30 15:38:35
105181,92050,1,0,2021-11-09 23:24:17,2021-11-09 23:24:17
105181,118989,1,1,2021-11-10 00:38:07,2021-11-10 00:38:07
105181,124892,1,0,2021-10-25 14:55:42,2021-10-25 14:55:42
105181,125502,1,1,2021-11-09 23:54:55,2021-11-09 23:54:55
105181,126332,1,1,2021-10-24 01:28:24,2021-10-24 01:28:24
105181,126875,1,0,2021-10-24 01:14:06,2021-10-24 01:14:06
105299,21319,1,0,2020-12-14 14:43:24,2020-12-14 14:43:24
105299,77663,1,0,2020-12-14 14:47:25,2020-12-14 14:47:25
105299,84229,1,1,2020-12-11 09:35:23,2020-12-11 09:35:23
105299,95044,1,1,2020-12-13 19:39:53,2020-12-13 19:39:53
105299,100986,1,0,2020-12-16 21:31:27,2020-12-16 21:31:27
105299,104877,1,1,2020-12-15 18:22:05,2020-12-15 18:22:05
105299,108633,1,1,2020-12-10 16:54:23,2020-12-10 16:54:23
105299,108739,2,2,2020-12-22 04:52:37,2020-12-23 20:40:01
105299,109158,1,1,2020-12-20 16:12:51,2020-12-20 16:12:51
105469,108823,2,0,2020-12-14 17:59:17,2020-12-15 15:02:01
105472,67931,1,1,2022-04-09 18:43:20,2022-04-09 18:43:20
105472,68069,1,0,2022-06-13 19:02:06,2022-06-13 19:02:06
105472,163804,1,1,2024-06-14 17:25:58,2024-06-14 17:25:58
105519,86339,1,0,2023-08-31 09:03:42,2023-08-31 09:03:42
105519,113013,1,0,2025-11-24 16:28:50,2025-11-24 16:28:50
105592,31424,5,1,2021-03-04 16:56:21,2021-03-06 12:43:55
105633,125760,2,1,2021-09-26 20:14:44,2021-10-08 04:44:35
105722,43466,2,0,2022-03-29 07:27:36,2022-03-29 07:40:01
105736,70999,1,1,2020-12-07 14:14:52,2020-12-07 14:14:52
105795,120014,1,0,2025-01-29 15:57:02,2025-01-29 15:57:02
105807,3314,1,1,2023-07-27 01:50:54,2023-07-27 01:50:54
105807,89795,1,1,2023-07-27 01:48:06,2023-07-27 01:48:06
105921,107760,1,1,2021-02-12 15:10:22,2021-02-12 15:10:22
106075,128049,1,1,2021-11-23 08:18:40,2021-11-23 08:18:40
106133,19212,3,1,2022-06-13 18:40:37,2022-06-17 15:52:18
106133,86325,1,0,2022-06-17 15:41:10,2022-06-17 15:41:10
106133,134976,1,0,2022-05-01 19:50:23,2022-05-01 19:50:23
106183,111568,3,1,2021-07-06 16:24:23,2021-07-07 09:14:33
106183,120446,1,1,2021-07-08 10:56:17,2021-07-08 10:56:17
106224,64876,1,0,2022-02-21 07:45:54,2022-02-21 07:45:54
106224,108185,1,0,2021-07-19 12:20:36,2021-07-19 12:20:36
106224,132656,1,0,2022-02-21 07:30:32,2022-02-21 07:30:32
106243,21254,1,1,2021-05-01 17:35:46,2021-05-01 17:35:46
106253,134926,1,0,2022-07-21 21:05:08,2022-07-21 21:05:08
106276,70546,1,0,2022-10-06 07:04:03,2022-10-06 07:04:03
106282,93863,2,1,2021-01-21 20:44:50,2021-01-22 20:25:00
106282,109633,1,0,2021-02-22 15:36:00,2021-02-22 15:36:00
106329,119653,1,0,2024-08-28 17:03:29,2024-08-28 17:03:29
106329,125901,2,0,2024-08-01 21:51:04,2024-08-01 21:53:36
106668,108911,1,1,2020-12-16 09:08:15,2020-12-16 09:08:15
106732,70546,1,1,2021-05-19 06:13:06,2021-05-19 06:13:06
106732,77602,1,1,2021-05-24 18:58:15,2021-05-24 18:58:15
106732,98737,1,1,2021-07-15 11:34:17,2021-07-15 11:34:17
106732,117805,1,1,2021-05-17 07:27:45,2021-05-17 07:27:45
106732,117948,1,1,2021-05-19 12:38:33,2021-05-19 12:38:33
106821,67840,1,1,2021-11-13 10:29:11,2021-11-13 10:29:11
106821,73930,1,0,2021-11-09 15:32:16,2021-11-09 15:32:16
106821,98535,1,1,2021-11-09 12:40:21,2021-11-09 12:40:21
106821,116333,1,0,2021-11-20 08:17:18,2021-11-20 08:17:18
106821,126577,1,1,2021-10-17 08:21:50,2021-10-17 08:21:50
106821,127569,1,1,2021-11-10 06:42:48,2021-11-10 06:42:48
106821,128831,1,1,2022-02-08 13:35:25,2022-02-08 13:35:25
106821,128901,1,1,2021-12-15 14:51:55,2021-12-15 14:51:55
106884,73827,1,1,2021-02-19 16:12:11,2021-02-19 16:12:11
106884,110072,2,1,2021-01-11 12:29:10,2021-01-12 16:41:22
106935,144373,1,0,2023-05-21 23:37:15,2023-05-21 23:37:15
106935,150075,1,0,2023-05-21 22:54:39,2023-05-21 22:54:39
106935,155529,2,0,2023-10-23 19:39:31,2023-10-23 19:44:07
106935,155535,2,0,2023-10-23 19:18:57,2023-10-23 19:26:19
106935,155544,1,0,2023-10-23 19:32:02,2023-10-23 19:32:02
107004,84934,3,1,2021-04-21 09:23:29,2021-04-22 06:25:36
107004,100619,3,1,2021-04-24 05:10:13,2021-04-26 14:01:18
107004,105508,1,1,2021-04-24 14:29:44,2021-04-24 14:29:44
107004,111010,1,0,2021-04-24 02:57:12,2021-04-24 02:57:12
107004,115800,4,1,2021-04-22 01:21:18,2021-04-22 16:45:09
107004,116358,1,1,2021-04-20 13:42:05,2021-04-20 13:42:05
107004,116376,1,1,2021-04-25 02:35:33,2021-04-25 02:35:33
107004,116395,2,1,2021-04-20 23:52:43,2021-04-21 23:15:47
107004,116515,1,1,2021-04-22 21:37:15,2021-04-22 21:37:15
107004,116582,2,1,2021-04-25 04:36:36,2021-04-27 05:23:15
107045,149782,1,0,2023-06-26 07:45:41,2023-06-26 07:45:41
107048,110687,1,0,2021-01-22 19:11:18,2021-01-22 19:11:18
107136,79715,1,0,2023-01-22 16:09:12,2023-01-22 16:09:12
107136,86339,1,1,2022-05-19 12:02:56,2022-05-19 12:02:56
107136,119591,1,1,2022-05-19 11:44:55,2022-05-19 11:44:55
107136,122881,1,0,2022-04-26 13:58:35,2022-04-26 13:58:35
107136,131408,1,1,2022-04-01 17:17:52,2022-04-01 17:17:52
107136,135262,1,0,2023-07-03 08:54:14,2023-07-03 08:54:14
107202,71497,1,1,2021-03-03 21:57:06,2021-03-03 21:57:06
107536,54584,1,1,2022-11-17 08:55:21,2022-11-17 08:55:21
107536,141429,2,1,2022-12-14 06:22:03,2022-12-14 06:51:34
107536,142880,2,2,2022-11-17 08:06:06,2022-11-17 08:41:58
107536,145178,3,1,2023-01-26 06:29:51,2023-01-27 01:38:50
107572,181313,1,1,2025-05-05 17:23:20,2025-05-05 17:23:20
107691,66595,1,1,2022-01-19 12:16:38,2022-01-19 12:16:38
107691,98535,1,1,2021-10-25 07:38:27,2021-10-25 07:38:27
107691,110932,1,0,2021-03-16 12:15:44,2021-03-16 12:15:44
107691,116447,2,1,2021-10-18 07:50:54,2021-10-25 08:22:52
107691,127433,1,1,2022-01-19 12:09:15,2022-01-19 12:09:15
107691,139328,1,1,2022-11-24 16:44:28,2022-11-24 16:44:28
107691,141619,1,1,2022-11-24 17:09:00,2022-11-24 17:09:00
107691,153666,1,0,2024-11-15 16:49:49,2024-11-15 16:49:49
107928,116238,1,0,2022-04-17 08:54:34,2022-04-17 08:54:34
107948,104872,1,1,2022-03-10 11:50:45,2022-03-10 11:50:45
107948,119921,1,1,2021-11-10 12:05:56,2021-11-10 12:05:56
107948,133332,1,1,2022-03-10 11:37:55,2022-03-10 11:37:55
107963,41897,1,1,2022-12-21 05:47:07,2022-12-21 05:47:07
107963,67912,1,1,2022-12-04 10:57:26,2022-12-04 10:57:26
107963,80430,1,1,2023-12-04 07:27:09,2023-12-04 07:27:09
107963,83862,1,1,2023-01-03 07:46:46,2023-01-03 07:46:46
107963,84766,1,1,2022-12-29 05:47:06,2022-12-29 05:47:06
107963,88076,1,1,2022-12-28 04:37:02,2022-12-28 04:37:02
107963,88079,1,1,2022-12-21 06:25:35,2022-12-21 06:25:35
107963,102713,1,1,2022-12-04 10:52:25,2022-12-04 10:52:25
107963,118063,1,1,2022-12-04 10:27:30,2022-12-04 10:27:30
107963,118124,1,1,2022-12-21 05:44:30,2022-12-21 05:44:30
107963,132995,1,1,2022-12-23 09:06:41,2022-12-23 09:06:41
107963,138500,1,1,2022-12-29 05:54:06,2022-12-29 05:54:06
107963,140432,1,1,2022-12-21 04:21:35,2022-12-21 04:21:35
107963,140494,1,1,2022-12-04 10:55:19,2022-12-04 10:55:19
107963,140704,1,1,2022-12-21 05:53:50,2022-12-21 05:53:50
107963,143299,1,1,2022-12-04 10:59:50,2022-12-04 10:59:50
107963,143982,1,1,2022-12-28 04:14:17,2022-12-28 04:14:17
107963,144075,2,2,2022-12-28 04:21:23,2022-12-28 04:39:00
107963,144108,1,1,2022-12-21 06:01:55,2022-12-21 06:01:55
107963,144196,1,1,2022-12-23 09:11:55,2022-12-23 09:11:55
107963,144335,1,1,2022-12-29 06:15:46,2022-12-29 06:15:46
107964,118940,1,1,2021-07-08 20:35:06,2021-07-08 20:35:06
107964,120454,1,1,2021-07-08 13:08:24,2021-07-08 13:08:24
107980,106367,1,1,2021-01-05 09:50:30,2021-01-05 09:50:30
107980,106912,1,1,2020-12-29 15:21:28,2020-12-29 15:21:28
107980,109454,1,1,2020-12-29 13:54:44,2020-12-29 13:54:44
107980,109630,1,1,2020-12-31 10:01:59,2020-12-31 10:01:59
107986,6597,1,1,2022-06-26 15:35:47,2022-06-26 15:35:47
107986,8410,3,0,2022-07-13 12:17:39,2022-07-14 19:24:49
107986,14675,1,0,2023-10-10 08:51:55,2023-10-10 08:51:55
107986,102961,1,1,2022-06-08 07:22:25,2022-06-08 07:22:25
107986,105508,1,0,2022-07-26 06:08:03,2022-07-26 06:08:03
107986,107003,1,0,2022-06-27 10:46:24,2022-06-27 10:46:24
107986,116854,1,1,2022-06-08 07:30:51,2022-06-08 07:30:51
107986,119228,1,1,2022-06-16 08:03:53,2022-06-16 08:03:53
107986,126496,1,1,2022-06-08 10:13:51,2022-06-08 10:13:51
107986,130605,2,1,2022-06-12 17:05:16,2022-06-12 17:22:23
107986,130664,1,0,2022-06-28 15:29:17,2022-06-28 15:29:17
107986,133013,1,1,2022-06-08 09:49:01,2022-06-08 09:49:01
107986,136673,1,1,2022-06-08 07:10:39,2022-06-08 07:10:39
107986,136759,1,1,2022-06-10 09:18:38,2022-06-10 09:18:38
107986,136815,1,1,2022-06-11 06:06:47,2022-06-11 06:06:47
107986,136959,1,1,2022-06-15 19:10:40,2022-06-15 19:10:40
107986,137197,1,0,2022-07-07 14:06:50,2022-07-07 14:06:50
107986,137223,1,1,2022-06-30 08:10:20,2022-06-30 08:10:20
107986,137405,2,1,2022-06-26 15:27:20,2022-06-26 19:19:31
107986,137465,1,1,2022-06-27 15:00:57,2022-06-27 15:00:57
107986,137510,2,1,2022-06-28 15:30:51,2022-06-28 15:31:54
107986,138002,1,0,2022-07-21 08:16:22,2022-07-21 08:16:22
107986,138354,1,1,2022-07-21 08:13:06,2022-07-21 08:13:06
107986,145422,1,1,2023-01-31 14:00:16,2023-01-31 14:00:16
107986,145893,1,0,2023-02-13 09:18:58,2023-02-13 09:18:58
108007,60184,2,1,2021-06-05 10:02:08,2021-07-19 14:35:38
108007,109842,1,1,2021-06-12 01:20:26,2021-06-12 01:20:26
108011,58341,1,0,2021-12-17 08:40:51,2021-12-17 08:40:51
108053,49456,3,0,2022-01-13 14:29:30,2022-01-13 17:10:11
108060,112115,1,1,2021-03-29 00:35:20,2021-03-29 00:35:20
108060,115071,2,0,2021-03-29 18:20:28,2021-03-29 18:28:50
108085,123438,1,0,2021-11-01 18:14:12,2021-11-01 18:14:12
108126,57731,1,1,2021-01-12 16:56:37,2021-01-12 16:56:37
108155,181475,1,1,2025-05-28 22:44:02,2025-05-28 22:44:02
108340,71442,1,1,2022-02-15 00:09:57,2022-02-15 00:09:57
108340,108768,1,1,2020-12-15 00:07:21,2020-12-15 00:07:21
108346,108890,2,1,2020-12-15 16:07:11,2020-12-15 18:01:17
108362,23240,1,1,2021-06-22 03:25:44,2021-06-22 03:25:44
108362,70382,1,0,2021-07-07 07:56:51,2021-07-07 07:56:51
108362,74902,1,1,2020-12-29 13:01:33,2020-12-29 13:01:33
108362,80221,1,1,2020-12-29 14:24:05,2020-12-29 14:24:05
108362,85696,1,1,2020-12-05 12:02:19,2020-12-05 12:02:19
108362,98535,1,1,2020-12-24 19:15:27,2020-12-24 19:15:27
108362,104143,1,1,2020-12-30 09:17:17,2020-12-30 09:17:17
108362,109338,2,1,2020-12-24 19:32:19,2020-12-27 08:25:35
108362,109867,1,1,2021-01-05 21:02:25,2021-01-05 21:02:25
108362,109884,1,1,2021-01-05 20:27:18,2021-01-05 20:27:18
108362,119761,1,1,2021-06-24 06:10:07,2021-06-24 06:10:07
108362,119834,1,0,2021-06-25 13:21:10,2021-06-25 13:21:10
108362,119840,1,1,2021-06-25 13:18:52,2021-06-25 13:18:52
108625,95144,2,1,2020-12-10 09:45:41,2020-12-11 15:48:34
108631,108487,1,0,2020-12-10 12:21:30,2020-12-10 12:21:30
108690,40791,1,1,2020-12-11 12:01:15,2020-12-11 12:01:15
108729,91466,1,1,2020-12-12 08:54:23,2020-12-12 08:54:23
108736,108906,1,1,2020-12-17 05:56:37,2020-12-17 05:56:37
108743,108739,1,0,2020-12-12 14:29:01,2020-12-12 14:29:01
108777,73787,1,1,2021-10-20 11:52:37,2021-10-20 11:52:37
108777,136076,1,0,2022-05-23 12:04:35,2022-05-23 12:04:35
108789,75931,1,0,2021-11-12 20:47:49,2021-11-12 20:47:49
108794,14675,1,0,2020-12-14 06:30:37,2020-12-14 06:30:37
108794,122823,1,0,2021-08-10 20:21:59,2021-08-10 20:21:59
108814,45803,1,0,2020-12-14 14:12:20,2020-12-14 14:12:20
108877,73930,1,0,2020-12-15 11:08:06,2020-12-15 11:08:06
108893,84873,1,0,2020-12-15 15:58:10,2020-12-15 15:58:10
108957,46630,1,1,2023-08-11 13:35:33,2023-08-11 13:35:33
108971,108053,1,1,2022-12-08 17:34:06,2022-12-08 17:34:06
108971,108739,1,1,2020-12-16 20:37:27,2020-12-16 20:37:27
109005,110014,1,1,2021-01-08 14:09:38,2021-01-08 14:09:38
109134,41908,1,0,2024-07-15 09:36:12,2024-07-15 09:36:12
109134,53030,9,1,2021-01-28 02:37:11,2021-01-29 06:33:05
109134,101180,2,0,2021-03-08 07:07:03,2021-03-08 16:58:05
109134,101384,2,1,2021-02-06 03:17:43,2021-02-16 05:36:40
109134,106282,2,1,2021-02-22 16:48:14,2021-02-23 06:16:17
109134,110227,1,1,2021-02-01 04:18:43,2021-02-01 04:18:43
109134,110932,1,0,2021-02-26 12:26:22,2021-02-26 12:26:22
109134,111751,1,1,2021-02-18 09:32:27,2021-02-18 09:32:27
109134,112143,2,1,2021-02-20 17:02:55,2021-02-21 06:39:02
109134,112167,1,0,2021-02-21 15:06:36,2021-02-21 15:06:36
109134,112501,2,1,2021-02-26 16:40:20,2021-02-26 18:20:40
109134,112524,1,0,2021-02-27 04:57:29,2021-02-27 04:57:29
109134,112586,4,1,2021-02-28 14:40:08,2021-03-02 16:16:23
109134,140197,1,1,2023-06-07 21:26:33,2023-06-07 21:26:33
109134,150130,1,1,2023-06-07 20:34:13,2023-06-07 20:34:13
109226,107964,1,1,2020-12-21 18:14:47,2020-12-21 18:14:47
109250,131969,1,0,2022-05-25 07:41:15,2022-05-25 07:41:15
109369,60807,1,1,2023-09-26 17:16:36,2023-09-26 17:16:36
109373,154502,1,1,2023-09-14 00:45:22,2023-09-14 00:45:22
109373,154555,1,1,2023-09-15 13:19:24,2023-09-15 13:19:24
109485,1330,2,0,2021-01-14 17:34:19,2021-01-14 19:30:37
109485,110204,3,1,2021-01-14 13:58:45,2021-01-15 22:53:08
109492,108233,7,1,2020-12-27 21:35:22,2020-12-27 23:35:50
109572,95247,1,1,2021-08-18 17:56:32,2021-08-18 17:56:32
109572,115236,1,1,2021-08-18 17:41:37,2021-08-18 17:41:37
109572,122641,1,1,2021-08-18 17:47:38,2021-08-18 17:47:38
109610,109587,1,0,2020-12-30 09:24:23,2020-12-30 09:24:23
109650,91909,1,1,2020-12-31 08:38:45,2020-12-31 08:38:45
109664,125747,1,0,2022-01-08 17:53:58,2022-01-08 17:53:58
109757,109881,1,1,2021-01-06 10:10:17,2021-01-06 10:10:17
109764,109760,1,1,2021-01-03 12:49:31,2021-01-03 12:49:31
109788,103189,1,1,2021-01-03 21:07:32,2021-01-03 21:07:32
109820,51670,1,1,2021-01-07 19:11:24,2021-01-07 19:11:24
109820,109441,1,1,2021-01-07 19:14:29,2021-01-07 19:14:29
109836,115836,6,1,2021-04-11 18:48:50,2021-04-11 20:08:54
109844,120554,1,1,2021-07-14 20:23:01,2021-07-14 20:23:01
109844,130668,1,1,2022-01-06 14:28:28,2022-01-06 14:28:28
109934,103189,7,1,2021-01-06 20:16:40,2021-01-07 00:19:53
109934,108504,1,1,2021-01-06 20:58:59,2021-01-06 20:58:59
109960,109943,1,1,2021-01-07 10:12:50,2021-01-07 10:12:50
109992,109767,3,3,2021-01-08 00:04:20,2021-01-08 10:50:16
110031,100281,1,1,2021-06-28 19:24:18,2021-06-28 19:24:18
110067,110045,1,1,2021-01-10 00:00:52,2021-01-10 00:00:52
110114,64377,1,0,2022-10-06 13:09:23,2022-10-06 13:09:23
110114,109113,1,1,2022-10-06 12:44:28,2022-10-06 12:44:28
110114,116375,1,0,2022-09-28 16:52:41,2022-09-28 16:52:41
110191,98535,1,1,2021-07-13 06:12:58,2021-07-13 06:12:58
110194,59216,1,1,2021-03-23 11:43:08,2021-03-23 11:43:08
110194,112754,1,1,2021-03-17 12:39:31,2021-03-17 12:39:31
110194,113322,1,1,2021-03-17 13:00:31,2021-03-17 13:00:31
110194,113787,1,1,2021-03-24 04:29:23,2021-03-24 04:29:23
110400,112315,1,0,2021-02-23 16:21:30,2021-02-23 16:21:30
110424,102852,1,0,2021-01-21 15:25:49,2021-01-21 15:25:49
110435,103667,1,1,2021-01-30 05:55:41,2021-01-30 05:55:41
110445,110525,3,1,2021-01-19 01:11:11,2021-01-19 10:17:46
110445,110756,2,1,2021-01-23 20:00:49,2021-01-24 18:44:49
110445,110800,1,1,2021-01-24 23:06:56,2021-01-24 23:06:56
110445,110819,1,1,2021-01-24 22:14:16,2021-01-24 22:14:16
110445,110834,1,1,2021-01-25 09:26:35,2021-01-25 09:26:35
110445,110959,1,1,2021-01-27 19:12:26,2021-01-27 19:12:26
110554,107730,1,1,2022-09-15 06:51:00,2022-09-15 06:51:00
110554,140442,1,1,2022-09-15 07:02:37,2022-09-15 07:02:37
110573,111109,1,1,2021-01-30 18:10:21,2021-01-30 18:10:21
110850,111269,1,1,2021-02-03 01:04:32,2021-02-03 01:04:32
110876,82147,1,1,2021-01-26 14:49:16,2021-01-26 14:49:16
110932,88663,1,1,2021-01-28 05:17:53,2021-01-28 05:17:53
110932,112993,1,1,2021-03-09 06:42:07,2021-03-09 06:42:07
110962,88079,1,1,2021-01-27 18:28:33,2021-01-27 18:28:33
110980,110976,1,1,2021-01-28 03:48:23,2021-01-28 03:48:23
110987,110964,1,0,2021-01-28 10:41:58,2021-01-28 10:41:58
111004,106470,3,1,2021-01-28 13:31:56,2021-02-02 13:05:52
111008,111005,3,1,2021-01-28 14:54:32,2021-01-29 11:09:07
111013,91006,1,1,2021-01-28 15:34:16,2021-01-28 15:34:16
111013,109113,1,1,2021-07-06 13:22:57,2021-07-06 13:22:57
111013,113585,1,1,2021-08-25 08:41:38,2021-08-25 08:41:38
111013,119591,1,1,2021-07-05 12:47:58,2021-07-05 12:47:58
111013,120255,1,1,2021-07-05 12:34:54,2021-07-05 12:34:54
111013,125741,1,1,2021-09-26 07:26:39,2021-09-26 07:26:39
111013,125742,1,1,2021-09-26 06:57:45,2021-09-26 06:57:45
111042,96208,1,0,2021-02-20 00:02:50,2021-02-20 00:02:50
111054,139832,1,1,2022-08-30 11:16:51,2022-08-30 11:16:51
111121,139223,2,1,2024-08-19 15:15:14,2024-08-22 09:14:13
111121,167433,1,1,2024-08-19 15:48:19,2024-08-19 15:48:19
111121,167501,1,1,2024-08-19 16:03:30,2024-08-19 16:03:30
111121,167650,1,1,2024-08-22 09:59:51,2024-08-22 09:59:51
111128,14675,3,0,2022-01-14 04:16:30,2022-01-14 14:23:26
111128,86319,1,0,2022-01-15 23:43:29,2022-01-15 23:43:29
111128,103683,2,0,2022-01-22 22:08:45,2022-01-25 11:41:23
111128,120210,1,0,2022-01-22 19:33:10,2022-01-22 19:33:10
111158,111144,1,1,2021-01-31 15:43:15,2021-01-31 15:43:15
111247,109299,1,1,2021-02-02 05:35:01,2021-02-02 05:35:01
111272,44188,1,1,2021-02-02 16:17:18,2021-02-02 16:17:18
111272,94264,1,1,2022-01-27 17:53:42,2022-01-27 17:53:42
111272,112365,1,0,2021-03-07 22:50:12,2021-03-07 22:50:12
111301,109357,1,1,2021-02-03 05:10:24,2021-02-03 05:10:24
111325,111378,1,1,2021-02-04 17:23:51,2021-02-04 17:23:51
111331,86290,1,1,2021-02-03 21:30:42,2021-02-03 21:30:42
111356,126520,1,1,2021-10-16 15:02:33,2021-10-16 15:02:33
111370,150970,2,1,2023-06-21 05:15:01,2023-06-29 08:01:02
111414,111407,1,1,2021-02-05 08:20:49,2021-02-05 08:20:49
111423,59825,1,1,2021-04-12 21:14:52,2021-04-12 21:14:52
111423,101407,1,1,2021-02-13 10:12:29,2021-02-13 10:12:29
111423,107136,1,1,2021-02-06 21:31:39,2021-02-06 21:31:39
111423,109158,1,1,2021-02-17 10:01:39,2021-02-17 10:01:39
111423,111191,1,1,2021-02-14 11:08:00,2021-02-14 11:08:00
111423,111662,1,1,2021-02-11 11:12:00,2021-02-11 11:12:00
111423,111766,1,1,2021-02-12 10:49:58,2021-02-12 10:49:58
111423,120100,3,1,2021-07-01 10:52:04,2021-07-01 11:45:29
111423,121120,1,0,2021-07-24 17:11:07,2021-07-24 17:11:07
111484,98127,1,0,2022-07-15 18:00:01,2022-07-15 18:00:01
111532,88390,1,1,2021-04-20 20:50:20,2021-04-20 20:50:20
111560,116482,1,1,2021-04-22 12:14:21,2021-04-22 12:14:21
111605,112463,2,1,2021-02-26 05:33:36,2021-03-02 07:02:00
111610,67931,2,1,2021-02-09 08:23:53,2021-02-09 08:43:12
111618,58341,1,0,2021-11-15 08:49:03,2021-11-15 08:49:03
111618,75157,1,0,2022-02-07 13:52:02,2022-02-07 13:52:02
111658,1151,1,1,2021-02-10 08:26:56,2021-02-10 08:26:56
111725,92049,1,1,2021-04-05 23:52:39,2021-04-05 23:52:39
111725,96922,1,1,2021-02-16 21:15:09,2021-02-16 21:15:09
111725,97629,1,1,2021-03-13 22:42:02,2021-03-13 22:42:02
111725,111109,1,1,2021-04-05 20:28:04,2021-04-05 20:28:04
111725,111734,1,1,2021-02-11 21:24:01,2021-02-11 21:24:01
111725,115428,1,1,2021-04-05 07:20:05,2021-04-05 07:20:05
111745,97039,2,0,2021-02-11 19:05:19,2021-02-12 15:45:45
111756,51687,3,0,2022-08-08 15:30:12,2022-08-09 14:37:02
111756,80465,2,0,2022-08-29 14:31:40,2022-08-29 19:45:56
111756,83791,1,0,2022-09-01 14:27:55,2022-09-01 14:27:55
111756,99761,1,1,2021-02-19 00:51:29,2021-02-19 00:51:29
111756,105502,2,1,2021-02-19 00:48:22,2021-02-19 04:57:21
111756,108477,1,0,2022-07-25 15:04:55,2022-07-25 15:04:55
111756,110582,1,0,2022-07-25 14:57:49,2022-07-25 14:57:49
111756,111725,1,0,2021-02-15 22:45:02,2021-02-15 22:45:02
111756,112053,1,0,2022-07-26 23:19:36,2022-07-26 23:19:36
111756,112139,1,0,2022-07-26 15:14:05,2022-07-26 15:14:05
111756,115501,2,0,2022-08-09 14:28:15,2022-08-15 20:00:04
111756,116314,1,1,2023-05-23 14:36:42,2023-05-23 14:36:42
111756,118034,1,1,2022-08-15 14:30:43,2022-08-15 14:30:43
111756,125527,1,0,2022-08-11 22:00:44,2022-08-11 22:00:44
111756,126920,1,1,2022-07-31 15:30:41,2022-07-31 15:30:41
111756,127149,1,1,2022-07-25 15:11:35,2022-07-25 15:11:35
111756,137223,3,0,2022-08-02 14:36:10,2022-08-09 14:39:34
111756,138462,1,1,2022-07-25 14:42:05,2022-07-25 14:42:05
111756,138464,1,1,2022-07-25 15:03:08,2022-07-25 15:03:08
111756,138531,1,0,2022-07-26 15:16:32,2022-07-26 15:16:32
111756,138635,1,1,2022-07-29 16:46:56,2022-07-29 16:46:56
111756,138654,2,0,2022-07-29 16:47:56,2022-07-31 14:19:34
111756,138661,1,0,2022-07-29 16:39:05,2022-07-29 16:39:05
111756,139029,1,0,2022-08-15 20:01:05,2022-08-15 20:01:05
111756,140679,1,0,2022-09-21 15:11:57,2022-09-21 15:11:57
111838,30388,1,1,2021-02-13 20:00:49,2021-02-13 20:00:49
111867,109441,1,1,2023-02-22 11:56:37,2023-02-22 11:56:37
111867,146266,3,1,2023-02-23 14:46:33,2023-02-25 05:31:26
111867,146317,1,1,2023-02-26 06:43:12,2023-02-26 06:43:12
111867,146397,1,1,2023-02-27 20:12:54,2023-02-27 20:12:54
111887,111191,1,1,2021-02-14 20:37:35,2021-02-14 20:37:35
111887,112096,2,1,2021-02-22 10:34:48,2021-02-22 21:14:24
111961,88336,1,1,2021-02-21 13:37:29,2021-02-21 13:37:29
111961,91801,1,1,2021-02-23 12:07:04,2021-02-23 12:07:04
111961,97039,2,1,2021-02-17 12:00:15,2021-02-17 12:17:44
111961,98443,7,2,2021-02-20 11:23:40,2021-02-24 10:20:39
111961,111416,2,1,2021-02-16 20:07:39,2021-02-16 20:16:43
111989,98970,1,1,2022-06-10 21:57:23,2022-06-10 21:57:23
112004,55122,1,0,2021-02-17 02:27:26,2021-02-17 02:27:26
112020,128351,2,1,2021-11-30 10:15:21,2021-11-30 14:26:34
112026,66386,3,1,2021-02-22 14:17:39,2021-02-22 14:45:25
112026,79186,1,1,2021-02-22 14:01:54,2021-02-22 14:01:54
112026,96922,1,1,2021-02-21 16:12:26,2021-02-21 16:12:26
112026,99761,1,1,2021-02-21 16:06:40,2021-02-21 16:06:40
112026,111151,1,1,2021-02-17 12:53:32,2021-02-17 12:53:32
112028,111618,1,1,2024-10-14 16:10:20,2024-10-14 16:10:20
112028,126573,1,1,2024-10-12 06:26:54,2024-10-12 06:26:54
112028,132861,1,1,2024-10-15 06:28:46,2024-10-15 06:28:46
112028,171036,2,1,2024-10-14 16:14:09,2024-10-14 16:17:04
112045,112037,1,1,2021-02-17 19:16:21,2021-02-17 19:16:21
112053,63096,1,1,2021-02-18 20:28:19,2021-02-18 20:28:19
112053,99761,1,1,2021-02-18 20:04:42,2021-02-18 20:04:42
112053,103849,1,1,2021-02-18 19:17:14,2021-02-18 19:17:14
112070,127137,1,1,2021-10-30 18:03:41,2021-10-30 18:03:41
112086,135099,1,1,2023-04-21 05:09:33,2023-04-21 05:09:33
112121,171916,1,1,2024-10-29 12:54:46,2024-10-29 12:54:46
112232,91724,5,1,2021-02-21 14:54:12,2021-02-24 10:10:39
112240,24887,1,1,2021-02-21 22:44:01,2021-02-21 22:44:01
112260,8878,2,0,2021-05-17 10:48:21,2021-05-17 13:06:09
112260,32485,1,1,2022-04-14 14:56:33,2022-04-14 14:56:33
112260,91801,1,0,2021-02-23 07:57:55,2021-02-23 07:57:55
112260,101101,1,1,2021-04-06 07:54:26,2021-04-06 07:54:26
112260,109684,2,1,2022-04-14 15:01:22,2022-04-19 07:31:27
112260,110779,1,1,2021-02-25 10:58:08,2021-02-25 10:58:08
112260,111616,2,1,2021-02-22 10:24:48,2021-02-22 11:26:33
112260,113677,1,1,2021-03-22 13:07:53,2021-03-22 13:07:53
112260,115499,1,0,2021-04-06 07:57:20,2021-04-06 07:57:20
112260,134736,3,1,2022-04-19 07:56:23,2022-04-22 12:02:59
112260,138801,1,1,2022-08-03 09:32:23,2022-08-03 09:32:23
112260,138843,1,1,2022-08-04 05:40:37,2022-08-04 05:40:37
112260,138856,1,1,2022-08-04 09:08:32,2022-08-04 09:08:32
112260,139149,1,1,2022-08-18 12:08:24,2022-08-18 12:08:24
112260,140194,1,0,2022-09-08 14:26:45,2022-09-08 14:26:45
112260,143205,1,0,2022-11-25 12:47:28,2022-11-25 12:47:28
112294,126738,1,0,2021-11-01 15:11:21,2021-11-01 15:11:21
112338,7730,1,1,2025-09-03 18:49:18,2025-09-03 18:49:18
112362,111098,1,1,2021-02-24 08:35:44,2021-02-24 08:35:44
112381,68025,1,1,2021-02-25 14:03:20,2021-02-25 14:03:20
112423,120898,1,1,2021-07-19 12:28:13,2021-07-19 12:28:13
112423,120972,1,1,2021-07-20 21:17:29,2021-07-20 21:17:29
112424,128638,1,1,2021-12-08 09:06:46,2021-12-08 09:06:46
112452,17310,1,1,2021-04-06 19:21:38,2021-04-06 19:21:38
112452,69550,2,0,2021-11-14 19:55:19,2021-12-02 16:02:43
112452,73751,2,0,2022-10-24 13:28:21,2022-10-25 14:54:43
112452,91857,2,0,2021-10-19 00:08:18,2021-10-19 00:11:46
112452,92486,1,0,2021-06-10 15:14:15,2021-06-10 15:14:15
112452,106376,1,0,2021-03-16 17:30:58,2021-03-16 17:30:58
112452,109134,1,0,2021-11-05 17:15:24,2021-11-05 17:15:24
112452,112581,2,0,2021-04-13 14:45:34,2021-04-13 15:39:10
112452,113389,1,0,2021-04-13 22:24:47,2021-04-13 22:24:47
112452,115005,1,0,2021-03-29 03:24:46,2021-03-29 03:24:46
112452,115206,3,0,2021-11-04 19:46:05,2021-11-05 17:32:12
112452,115503,1,1,2021-04-06 19:48:32,2021-04-06 19:48:32
112452,116023,1,1,2021-04-13 22:15:39,2021-04-13 22:15:39
112452,119337,1,0,2021-06-14 23:03:33,2021-06-14 23:03:33
112452,119589,1,0,2021-07-05 21:04:15,2021-07-05 21:04:15
112452,120250,1,0,2022-10-18 21:56:17,2022-10-18 21:56:17
112452,121167,1,0,2021-10-19 00:21:55,2021-10-19 00:21:55
112452,122925,2,1,2023-03-23 13:21:05,2023-03-23 19:49:28
112452,126441,1,0,2021-11-14 19:41:52,2021-11-14 19:41:52
112452,126466,1,0,2022-03-12 14:37:24,2022-03-12 14:37:24
112452,126584,2,0,2021-10-17 14:13:50,2021-10-17 15:18:02
112452,126622,1,0,2021-10-19 00:15:24,2021-10-19 00:15:24
112452,127404,1,1,2021-11-05 13:36:03,2021-11-05 13:36:03
112452,131147,1,0,2022-10-22 00:38:05,2022-10-22 00:38:05
112452,139069,1,1,2022-10-16 00:13:55,2022-10-16 00:13:55
112452,148233,1,1,2023-03-23 16:02:22,2023-03-23 16:02:22
112504,136846,1,0,2022-11-26 08:36:36,2022-11-26 08:36:36
112527,65533,1,1,2021-03-19 06:58:01,2021-03-19 06:58:01
112527,87037,3,1,2021-02-27 06:15:00,2021-02-27 19:20:53
112531,103984,1,1,2021-10-07 04:43:18,2021-10-07 04:43:18
112564,45374,1,1,2021-03-13 17:56:56,2021-03-13 17:56:56
112564,68066,1,1,2021-02-28 22:05:26,2021-02-28 22:05:26
112564,99959,1,1,2021-02-28 21:56:05,2021-02-28 21:56:05
112564,109167,1,1,2021-03-13 17:48:31,2021-03-13 17:48:31
112564,113249,1,1,2021-03-13 12:18:53,2021-03-13 12:18:53
112564,113954,1,1,2021-03-26 22:04:50,2021-03-26 22:04:50
112597,109134,1,0,2021-03-05 19:14:02,2021-03-05 19:14:02
112597,112586,1,0,2021-02-28 14:58:17,2021-02-28 14:58:17
112675,116052,1,1,2021-11-18 21:13:32,2021-11-18 21:13:32
112793,118799,1,1,2022-01-22 08:24:03,2022-01-22 08:24:03
112837,87796,1,1,2021-10-30 08:34:09,2021-10-30 08:34:09
112837,130999,2,0,2022-01-26 20:42:27,2022-01-26 21:01:42
112897,96106,1,1,2021-03-13 17:38:17,2021-03-13 17:38:17
112908,135255,1,1,2022-05-02 16:53:42,2022-05-02 16:53:42
112909,122916,1,1,2022-02-13 10:08:43,2022-02-13 10:08:43
112912,126952,1,1,2021-10-26 01:06:05,2021-10-26 01:06:05
112944,73964,1,1,2021-11-05 05:42:04,2021-11-05 05:42:04
112944,101580,2,0,2021-11-03 16:28:50,2021-11-03 16:29:49
112944,121108,1,1,2022-04-07 13:01:45,2022-04-07 13:01:45
112944,122830,1,1,2021-11-11 21:18:12,2021-11-11 21:18:12
112944,127387,1,0,2021-11-05 08:31:27,2021-11-05 08:31:27
112944,127782,1,0,2021-11-15 22:00:06,2021-11-15 22:00:06
112963,105508,1,1,2022-05-23 12:01:11,2022-05-23 12:01:11
112998,105145,1,1,2021-03-08 22:42:58,2021-03-08 22:42:58
113013,66995,1,0,2023-07-23 13:23:32,2023-07-23 13:23:32
113013,126706,1,1,2023-06-29 10:45:29,2023-06-29 10:45:29
113016,113737,1,1,2021-03-30 14:11:20,2021-03-30 14:11:20
113029,113023,1,0,2021-03-09 12:40:05,2021-03-09 12:40:05
113029,113125,1,1,2021-03-11 08:00:17,2021-03-11 08:00:17
113067,1330,2,0,2022-11-07 07:25:26,2022-11-07 08:29:42
113067,9974,4,0,2023-08-14 04:41:53,2023-08-15 01:14:10
113067,12533,1,1,2023-01-26 10:18:52,2023-01-26 10:18:52
113067,14675,2,0,2023-11-16 04:15:10,2024-03-28 04:29:58
113067,26329,1,0,2022-10-14 08:02:15,2022-10-14 08:02:15
113067,31434,1,0,2022-05-26 02:02:11,2022-05-26 02:02:11
113067,32169,1,0,2023-11-14 07:57:12,2023-11-14 07:57:12
113067,32243,2,1,2023-01-26 04:02:18,2023-01-26 06:40:02
113067,33095,2,1,2023-06-02 14:33:58,2023-06-03 16:37:25
113067,35479,1,1,2024-07-17 09:25:24,2024-07-17 09:25:24
113067,43711,2,1,2023-11-07 03:33:59,2023-11-07 04:43:24
113067,55122,1,0,2024-07-18 03:37:17,2024-07-18 03:37:17
113067,58433,1,1,2021-07-28 11:12:09,2021-07-28 11:12:09
113067,58488,4,2,2022-05-12 03:10:38,2022-05-20 02:23:25
113067,64377,1,0,2022-11-04 04:17:15,2022-11-04 04:17:15
113067,64876,2,0,2022-05-12 02:06:15,2022-05-12 02:17:57
113067,66788,2,0,2022-11-08 04:46:45,2022-11-08 04:48:10
113067,70702,2,1,2023-05-24 04:40:54,2023-05-29 02:18:14
113067,73583,1,0,2023-07-31 01:37:44,2023-07-31 01:37:44
113067,73930,1,0,2024-03-26 04:03:55,2024-03-26 04:03:55
113067,75157,2,0,2022-05-25 09:50:43,2024-01-05 11:09:42
113067,79520,2,0,2023-07-13 09:22:12,2023-07-27 10:14:08
113067,80014,4,1,2022-11-04 04:43:53,2022-11-04 10:56:37
113067,80272,1,0,2024-08-26 01:26:05,2024-08-26 01:26:05
113067,82605,4,1,2023-05-24 10:26:13,2023-05-29 02:21:23
113067,87037,1,0,2022-09-13 08:05:50,2022-09-13 08:05:50
113067,93685,4,1,2022-05-31 05:07:43,2022-06-02 01:43:28
113067,95946,1,0,2022-05-04 04:46:09,2022-05-04 04:46:09
113067,102713,3,1,2022-05-19 06:26:05,2022-05-24 02:13:06
113067,107886,1,1,2022-05-09 03:35:35,2022-05-09 03:35:35
113067,111618,1,0,2022-12-27 04:12:02,2022-12-27 04:12:02
113067,111918,2,0,2022-05-24 04:31:17,2022-05-24 04:32:47
113067,115793,1,1,2024-06-17 10:47:56,2024-06-17 10:47:56
113067,116375,3,1,2022-11-10 03:40:05,2022-11-16 09:36:09
113067,117727,2,0,2023-05-08 04:29:13,2023-05-08 04:32:22
113067,119136,2,0,2023-06-26 09:30:25,2023-06-27 04:53:08
113067,119923,1,1,2021-07-28 10:56:38,2021-07-28 10:56:38
113067,120470,1,0,2024-02-29 09:25:39,2024-02-29 09:25:39
113067,120754,1,1,2022-05-05 06:27:40,2022-05-05 06:27:40
113067,121066,1,1,2021-07-28 10:43:36,2021-07-28 10:43:36
113067,121222,1,0,2022-05-19 10:06:38,2022-05-19 10:06:38
113067,122802,4,1,2023-04-26 09:30:51,2023-04-27 07:32:38
113067,123273,1,0,2022-05-23 16:40:58,2022-05-23 16:40:58
113067,125747,3,2,2022-05-05 03:11:56,2023-11-07 09:07:48
113067,125900,1,1,2023-03-09 02:52:52,2023-03-09 02:52:52
113067,126643,1,1,2022-05-23 09:14:35,2022-05-23 09:14:35
113067,126706,1,0,2022-05-04 04:37:10,2022-05-04 04:37:10
113067,127125,1,0,2023-01-27 03:39:40,2023-01-27 03:39:40
113067,127704,2,0,2022-11-01 05:02:34,2022-11-01 05:03:45
113067,128631,5,1,2022-11-04 02:31:23,2022-11-07 01:06:00
113067,129989,1,1,2022-11-03 09:22:16,2022-11-03 09:22:16
113067,130860,1,1,2022-05-04 03:53:02,2022-05-04 03:53:02
113067,131316,1,1,2023-07-10 02:37:24,2023-07-10 02:37:24
113067,131441,1,0,2022-11-17 10:52:57,2022-11-17 10:52:57
113067,131532,1,1,2022-09-13 09:48:51,2022-09-13 09:48:51
113067,132946,2,1,2022-05-19 06:29:07,2022-05-19 06:52:11
113067,133790,1,0,2022-05-19 08:26:10,2022-05-19 08:26:10
113067,133815,3,0,2023-01-17 06:17:00,2023-01-24 07:26:02
113067,134333,6,1,2022-05-23 09:37:39,2022-05-23 16:34:11
113067,134976,2,0,2022-05-24 04:26:08,2022-05-25 03:25:41
113067,135120,2,0,2022-06-01 02:15:16,2022-06-01 07:29:41
113067,135149,1,0,2023-11-07 09:29:38,2023-11-07 09:29:38
113067,135163,1,0,2022-05-04 04:35:01,2022-05-04 04:35:01
113067,135188,1,1,2022-05-18 15:55:50,2022-05-18 15:55:50
113067,135229,2,1,2022-05-04 04:27:02,2022-05-05 06:11:51
113067,135261,1,1,2022-05-03 03:37:07,2022-05-03 03:37:07
113067,135280,1,1,2022-05-04 03:27:46,2022-05-04 03:27:46
113067,135292,3,1,2022-05-04 03:15:03,2022-05-05 03:16:52
113067,135406,1,0,2022-05-26 06:33:17,2022-05-26 06:33:17
113067,135456,4,1,2023-04-18 10:37:19,2023-04-20 08:02:04
113067,135706,3,1,2022-05-19 02:22:51,2022-05-19 07:00:15
113067,135769,1,0,2022-05-18 08:23:50,2022-05-18 08:23:50
113067,135855,1,0,2022-05-24 09:42:23,2022-05-24 09:42:23
113067,135905,2,0,2022-05-23 16:45:18,2022-05-24 01:58:56
113067,135932,1,0,2022-05-19 02:32:35,2022-05-19 02:32:35
113067,135950,1,1,2022-05-23 09:30:27,2022-05-23 09:30:27
113067,136033,1,1,2022-05-25 08:04:44,2022-05-25 08:04:44
113067,136069,3,1,2022-05-23 06:09:31,2022-05-23 07:12:42
113067,136076,1,0,2022-05-23 09:17:20,2022-05-23 09:17:20
113067,136152,1,0,2022-05-25 03:31:45,2022-05-25 03:31:45
113067,136168,2,1,2022-05-26 05:01:11,2022-05-30 08:33:33
113067,136182,1,1,2022-05-26 06:49:54,2022-05-26 06:49:54
113067,136189,3,1,2022-05-26 04:22:56,2022-05-30 08:31:13
113067,136402,2,1,2022-06-01 02:11:18,2022-06-02 01:07:06
113067,136673,3,1,2022-06-08 06:17:07,2022-06-14 02:54:17
113067,136893,1,1,2022-06-14 10:35:10,2022-06-14 10:35:10
113067,141424,2,0,2022-11-21 10:41:37,2022-11-21 10:46:22
113067,141429,1,0,2022-12-14 09:06:28,2022-12-14 09:06:28
113067,141468,1,0,2022-11-07 04:55:56,2022-11-07 04:55:56
113067,141533,1,0,2023-05-10 07:43:42,2023-05-10 07:43:42
113067,141546,1,0,2022-10-14 08:03:12,2022-10-14 08:03:12
113067,142208,1,1,2022-10-31 01:12:56,2022-10-31 01:12:56
113067,142343,2,0,2022-11-07 07:14:39,2022-11-07 08:13:02
113067,142848,1,1,2023-03-17 11:09:22,2023-03-17 11:09:22
113067,143070,1,1,2023-07-06 03:03:16,2023-07-06 03:03:16
113067,143866,1,0,2022-12-14 09:01:16,2022-12-14 09:01:16
113067,143967,1,0,2023-03-10 04:25:57,2023-03-10 04:25:57
113067,144333,1,0,2023-07-02 07:35:30,2023-07-02 07:35:30
113067,144717,2,0,2023-01-16 10:18:34,2023-01-17 01:31:48
113067,145731,1,0,2023-04-17 01:20:50,2023-04-17 01:20:50
113067,146142,1,0,2023-02-23 03:05:28,2023-02-23 03:05:28
113067,148066,1,0,2023-03-20 02:50:42,2023-03-20 02:50:42
113067,148135,1,1,2023-04-13 09:47:17,2023-04-13 09:47:17
113067,148247,3,0,2023-03-24 04:46:02,2023-03-24 05:02:25
113067,148574,4,1,2023-04-18 10:05:25,2023-04-19 07:24:42
113067,148742,1,1,2023-04-13 02:23:37,2023-04-13 02:23:37
113067,148831,3,0,2023-04-13 09:58:44,2023-04-13 10:04:45
113067,149404,1,0,2023-05-03 10:44:58,2023-05-03 10:44:58
113067,149424,2,0,2023-05-05 02:02:29,2023-05-05 09:38:49
113067,149465,1,0,2023-05-03 08:00:23,2023-05-03 08:00:23
113067,149540,1,1,2023-05-05 09:13:52,2023-05-05 09:13:52
113067,149602,1,0,2023-05-08 04:21:55,2023-05-08 04:21:55
113067,149901,1,0,2023-05-16 10:00:08,2023-05-16 10:00:08
113067,149960,3,1,2023-05-18 06:44:45,2023-05-18 07:33:52
113067,150409,1,0,2023-06-02 14:17:18,2023-06-02 14:17:18
113067,150536,1,0,2023-06-06 02:58:57,2023-06-06 02:58:57
113067,150974,6,0,2023-08-08 02:51:30,2023-08-10 01:59:35
113067,151210,1,1,2023-06-30 03:53:14,2023-06-30 03:53:14
113067,151439,2,1,2023-08-28 01:29:59,2023-08-29 01:32:00
113067,151462,1,1,2023-08-22 01:16:42,2023-08-22 01:16:42
113067,151702,1,1,2023-07-14 07:47:32,2023-07-14 07:47:32
113067,151717,1,0,2023-07-13 06:39:17,2023-07-13 06:39:17
113067,151878,1,1,2023-07-20 08:30:15,2023-07-20 08:30:15
113067,151933,1,1,2023-07-21 09:04:16,2023-07-21 09:04:16
113067,151937,2,0,2023-07-20 07:56:03,2023-07-20 07:59:18
113067,152100,4,1,2023-07-26 04:22:40,2023-07-26 08:07:51
113067,152157,1,1,2023-07-27 03:53:38,2023-07-27 03:53:38
113067,152266,1,1,2023-07-31 08:47:10,2023-07-31 08:47:10
113067,152786,1,0,2023-08-02 03:51:56,2023-08-02 03:51:56
113067,153097,1,1,2023-08-04 06:58:11,2023-08-04 06:58:11
113067,153438,1,1,2023-08-10 08:11:28,2023-08-10 08:11:28
113067,153746,3,1,2023-08-17 02:07:43,2023-08-18 01:39:38
113067,154502,1,0,2023-09-14 03:42:41,2023-09-14 03:42:41
113067,154806,2,1,2023-10-06 03:20:05,2023-10-06 08:15:01
113067,154983,1,0,2023-11-03 04:34:16,2023-11-03 04:34:16
113067,155617,1,1,2023-10-27 01:29:07,2023-10-27 01:29:07
113067,156275,1,1,2023-11-17 09:56:17,2023-11-17 09:56:17
113067,158429,1,0,2023-12-28 03:57:30,2023-12-28 03:57:30
113067,159836,1,0,2024-04-23 04:04:07,2024-04-23 04:04:07
113067,161088,1,0,2024-02-29 03:54:20,2024-02-29 03:54:20
113067,161385,1,1,2024-03-14 04:18:34,2024-03-14 04:18:34
113067,162022,1,0,2024-04-08 09:49:54,2024-04-08 09:49:54
113067,162459,1,0,2024-04-24 02:29:15,2024-04-24 02:29:15
113067,162588,4,1,2024-05-02 02:28:24,2024-05-06 02:42:05
113067,162913,5,0,2024-05-16 02:05:11,2024-05-20 01:53:28
113067,163000,1,0,2024-05-17 06:51:09,2024-05-17 06:51:09
113067,163174,1,0,2024-05-26 11:27:32,2024-05-26 11:27:32
113067,163804,1,1,2024-10-25 08:34:48,2024-10-25 08:34:48
113067,164976,1,0,2024-07-04 06:46:06,2024-07-04 06:46:06
113067,166060,1,0,2024-08-01 04:01:47,2024-08-01 04:01:47
113067,167433,1,0,2024-08-26 01:32:10,2024-08-26 01:32:10
113067,167501,1,1,2024-08-26 01:45:21,2024-08-26 01:45:21
113067,185410,1,0,2025-08-06 07:02:56,2025-08-06 07:02:56
113212,116311,1,0,2021-06-26 11:27:12,2021-06-26 11:27:12
113212,119837,1,1,2021-06-25 12:55:51,2021-06-25 12:55:51
113226,119086,1,1,2021-06-10 15:12:28,2021-06-10 15:12:28
113226,119089,3,1,2021-06-10 14:27:48,2021-06-14 11:36:39
113311,112855,1,1,2021-03-14 16:20:16,2021-03-14 16:20:16
113328,14981,1,1,2021-06-06 19:02:56,2021-06-06 19:02:56
113328,60574,1,1,2021-12-09 19:52:24,2021-12-09 19:52:24
113328,89545,1,1,2021-11-07 21:03:07,2021-11-07 21:03:07
113328,110503,1,1,2021-11-01 00:46:03,2021-11-01 00:46:03
113328,111893,1,1,2021-03-15 22:13:15,2021-03-15 22:13:15
113372,15927,1,1,2021-07-05 22:48:20,2021-07-05 22:48:20
113372,58433,1,1,2021-07-01 00:26:16,2021-07-01 00:26:16
113372,77125,1,1,2021-06-05 11:56:55,2021-06-05 11:56:55
113372,125856,1,1,2021-09-28 20:20:29,2021-09-28 20:20:29
113402,91899,2,1,2021-03-16 08:45:41,2021-03-16 09:30:47
113402,96624,2,1,2021-12-22 04:41:04,2021-12-22 04:59:29
113402,109836,3,1,2021-03-16 10:01:54,2021-03-16 10:19:02
113402,118775,1,0,2021-06-05 23:05:03,2021-06-05 23:05:03
113402,130123,3,0,2021-12-22 07:48:05,2021-12-27 04:30:06
113402,130239,1,0,2021-12-27 04:43:15,2021-12-27 04:43:15
113402,131167,1,1,2022-01-18 11:46:57,2022-01-18 11:46:57
113414,70546,1,0,2021-05-10 08:03:49,2021-05-10 08:03:49
113414,82549,1,0,2021-04-23 02:54:04,2021-04-23 02:54:04
113414,110503,3,0,2021-03-19 06:37:56,2021-03-19 06:40:58
113414,118567,2,0,2021-06-03 21:06:53,2021-06-04 12:37:11
113423,106727,1,1,2021-08-18 08:01:33,2021-08-18 08:01:33
113423,112583,2,1,2021-09-01 09:43:21,2021-09-01 10:06:29
113423,119877,1,1,2021-08-17 17:26:45,2021-08-17 17:26:45
113423,123187,1,1,2021-08-18 11:08:00,2021-08-18 11:08:00
113423,123203,4,1,2021-08-18 15:49:21,2021-08-18 16:32:40
113424,303,1,0,2023-03-29 12:06:29,2023-03-29 12:06:29
113424,27442,3,1,2022-01-15 16:36:12,2022-01-23 16:31:49
113424,52409,1,1,2022-01-30 19:00:31,2022-01-30 19:00:31
113424,57700,2,1,2023-10-19 22:33:32,2023-10-21 22:35:04
113424,64876,1,1,2022-01-15 17:34:40,2022-01-15 17:34:40
113424,73930,1,0,2022-12-25 17:16:00,2022-12-25 17:16:00
113424,84571,1,1,2022-08-17 18:34:50,2022-08-17 18:34:50
113424,86339,1,0,2022-05-06 17:07:34,2022-05-06 17:07:34
113424,87164,1,1,2022-09-02 15:40:13,2022-09-02 15:40:13
113424,108624,1,1,2022-05-05 19:24:03,2022-05-05 19:24:03
113424,117682,1,1,2021-05-14 17:11:37,2021-05-14 17:11:37
113424,117685,1,1,2021-05-14 17:00:50,2021-05-14 17:00:50
113424,123053,2,1,2021-08-31 03:25:54,2021-09-11 08:00:56
113424,125896,1,1,2022-08-16 08:35:15,2022-08-16 08:35:15
113424,130885,1,1,2022-11-14 19:13:33,2022-11-14 19:13:33
113424,131630,2,1,2022-01-28 16:34:54,2022-01-30 15:56:56
113424,131775,1,0,2022-02-01 07:00:51,2022-02-01 07:00:51
113424,133489,1,1,2022-03-24 11:15:53,2022-03-24 11:15:53
113424,135990,1,1,2022-05-22 18:17:10,2022-05-22 18:17:10
113424,139059,1,0,2022-08-16 08:42:24,2022-08-16 08:42:24
113424,139094,1,1,2022-08-16 09:04:15,2022-08-16 09:04:15
113424,139177,1,1,2022-08-17 13:10:34,2022-08-17 13:10:34
113424,139484,1,1,2022-08-22 10:50:28,2022-08-22 10:50:28
113424,139485,1,0,2022-08-22 10:38:48,2022-08-22 10:38:48
113424,141301,2,0,2022-11-25 21:41:51,2022-11-26 23:21:50
113424,141984,1,1,2022-10-25 21:36:38,2022-10-25 21:36:38
113424,149927,1,1,2023-10-20 12:37:28,2023-10-20 12:37:28
113424,155479,1,1,2023-10-20 13:47:29,2023-10-20 13:47:29
113424,176901,1,0,2025-01-26 20:45:40,2025-01-26 20:45:40
113543,101407,1,1,2021-03-18 18:54:08,2021-03-18 18:54:08
113543,109441,1,0,2021-03-18 19:10:48,2021-03-18 19:10:48
113543,113520,1,1,2021-03-19 04:47:42,2021-03-19 04:47:42
113544,113520,1,0,2021-03-18 19:10:22,2021-03-18 19:10:22
113544,113540,1,0,2021-03-18 19:08:49,2021-03-18 19:08:49
113552,109295,1,1,2021-07-13 01:59:19,2021-07-13 01:59:19
113552,120433,1,1,2021-07-09 08:53:16,2021-07-09 08:53:16
113558,65533,1,1,2021-03-19 10:07:34,2021-03-19 10:07:34
113734,73930,1,0,2021-03-24 15:08:50,2021-03-24 15:08:50
113734,113773,1,1,2021-03-24 07:42:23,2021-03-24 07:42:23
113936,18818,1,1,2021-10-13 11:35:35,2021-10-13 11:35:35
113936,51858,1,1,2021-10-13 11:17:12,2021-10-13 11:17:12
113953,117530,1,1,2021-07-12 09:00:04,2021-07-12 09:00:04
115036,113197,1,0,2021-07-07 11:51:40,2021-07-07 11:51:40
115114,30238,3,1,2021-04-03 00:41:57,2021-04-04 01:21:25
115114,59594,1,1,2021-03-31 02:20:30,2021-03-31 02:20:30
115114,84263,1,1,2021-10-03 02:18:01,2021-10-03 02:18:01
115114,114990,1,1,2021-03-30 02:34:58,2021-03-30 02:34:58
115114,115207,1,1,2021-03-31 23:45:51,2021-03-31 23:45:51
115114,115282,2,1,2021-04-02 01:12:01,2021-04-03 00:07:44
115114,115352,3,1,2021-04-03 13:54:44,2021-04-05 02:12:57
115114,115390,1,1,2021-04-04 00:58:17,2021-04-04 00:58:17
115114,119705,1,0,2021-06-23 02:08:01,2021-06-23 02:08:01
115114,125747,1,0,2021-10-07 04:07:01,2021-10-07 04:07:01
115128,113575,1,1,2021-03-30 09:26:05,2021-03-30 09:26:05
115128,113789,1,1,2021-03-30 13:20:36,2021-03-30 13:20:36
115306,30238,1,1,2021-04-01 22:20:20,2021-04-01 22:20:20
115357,101495,1,1,2021-06-01 11:19:11,2021-06-01 11:19:11
115453,39233,1,1,2021-05-05 08:16:14,2021-05-05 08:16:14
115461,115809,1,1,2021-04-12 20:41:52,2021-04-12 20:41:52
115461,116212,2,2,2021-04-18 18:49:52,2021-04-18 21:56:15
115499,116022,1,1,2021-04-14 05:03:52,2021-04-14 05:03:52
115501,18481,1,1,2021-05-03 16:39:13,2021-05-03 16:39:13
115501,23422,1,0,2021-06-05 09:33:16,2021-06-05 09:33:16
115501,32243,1,0,2021-04-21 08:00:15,2021-04-21 08:00:15
115501,32284,1,1,2021-04-23 05:23:53,2021-04-23 05:23:53
115501,38592,1,0,2021-05-05 05:51:52,2021-05-05 05:51:52
115501,38793,1,1,2021-05-20 16:50:15,2021-05-20 16:50:15
115501,38954,1,1,2021-05-02 03:30:24,2021-05-02 03:30:24
115501,40951,1,0,2021-04-23 13:40:34,2021-04-23 13:40:34
115501,42613,3,1,2021-04-29 10:11:48,2021-05-02 06:35:08
115501,43193,3,0,2021-05-19 16:56:01,2021-05-20 08:16:56
115501,47467,1,0,2021-04-28 04:13:50,2021-04-28 04:13:50
115501,50566,1,1,2021-04-06 16:21:34,2021-04-06 16:21:34
115501,50727,3,2,2021-04-10 13:49:18,2021-06-20 16:43:12
115501,62846,2,1,2021-04-28 08:18:50,2021-04-28 08:46:04
115501,64553,1,0,2021-04-23 16:46:51,2021-04-23 16:46:51
115501,64876,2,1,2021-05-25 16:19:43,2021-05-26 06:45:48
115501,65131,1,0,2021-04-08 16:34:57,2021-04-08 16:34:57
115501,66759,1,1,2021-04-07 02:20:16,2021-04-07 02:20:16
115501,70546,2,0,2021-05-08 16:09:24,2021-05-09 03:18:48
115501,75157,1,0,2021-05-03 16:46:41,2021-05-03 16:46:41
115501,77125,1,0,2021-04-09 12:39:41,2021-04-09 12:39:41
115501,79180,1,1,2021-04-17 16:14:01,2021-04-17 16:14:01
115501,80221,1,1,2021-04-29 17:03:44,2021-04-29 17:03:44
115501,82638,1,1,2021-04-15 02:37:58,2021-04-15 02:37:58
115501,85237,1,1,2021-05-02 16:25:57,2021-05-02 16:25:57
115501,85744,1,1,2021-04-06 08:07:04,2021-04-06 08:07:04
115501,85786,1,1,2021-06-20 16:55:19,2021-06-20 16:55:19
115501,87289,2,1,2021-04-10 16:03:14,2021-05-08 13:22:54
115501,89580,1,1,2021-04-21 16:11:19,2021-04-21 16:11:19
115501,89611,1,1,2021-05-09 06:50:28,2021-05-09 06:50:28
115501,91598,1,1,2021-05-26 14:17:41,2021-05-26 14:17:41
115501,98669,1,1,2021-04-17 16:37:44,2021-04-17 16:37:44
115501,98775,1,1,2021-04-11 14:39:01,2021-04-11 14:39:01
115501,98946,1,1,2021-04-29 14:56:45,2021-04-29 14:56:45
115501,100147,1,0,2021-06-04 05:14:59,2021-06-04 05:14:59
115501,100269,2,0,2021-04-29 16:59:13,2021-05-06 04:23:11
115501,101460,2,1,2021-04-15 16:48:07,2021-04-16 17:05:56
115501,102804,1,0,2021-05-26 17:30:37,2021-05-26 17:30:37
115501,105173,1,1,2021-05-03 17:01:02,2021-05-03 17:01:02
115501,105289,1,1,2021-04-23 12:30:29,2021-04-23 12:30:29
115501,106763,1,0,2021-04-14 10:47:48,2021-04-14 10:47:48
115501,109268,1,1,2021-04-21 12:58:42,2021-04-21 12:58:42
115501,110153,1,1,2021-04-06 07:42:59,2021-04-06 07:42:59
115501,111109,5,1,2021-04-06 16:29:44,2021-04-07 02:07:27
115501,111463,1,1,2021-04-10 17:36:55,2021-04-10 17:36:55
115501,111766,1,0,2021-08-20 17:23:42,2021-08-20 17:23:42
115501,112531,1,0,2021-04-09 03:36:50,2021-04-09 03:36:50
115501,113087,1,0,2021-05-08 14:32:23,2021-05-08 14:32:23
115501,113354,1,1,2021-04-06 16:45:41,2021-04-06 16:45:41
115501,114984,1,1,2021-04-27 17:57:35,2021-04-27 17:57:35
115501,115133,1,1,2021-08-14 10:21:39,2021-08-14 10:21:39
115501,115186,1,0,2021-04-25 11:35:55,2021-04-25 11:35:55
115501,115244,1,1,2021-05-10 05:45:04,2021-05-10 05:45:04
115501,115408,2,1,2021-04-10 03:50:09,2021-04-10 13:51:52
115501,115499,4,1,2021-04-06 07:55:14,2021-04-14 10:38:10
115501,115532,1,0,2021-04-06 16:15:41,2021-04-06 16:15:41
115501,115588,2,1,2021-04-28 08:19:24,2021-05-07 14:48:52
115501,115593,1,1,2021-05-05 15:05:09,2021-05-05 15:05:09
115501,115647,1,1,2021-04-08 16:24:35,2021-04-08 16:24:35
115501,115691,1,1,2021-04-09 12:37:26,2021-04-09 12:37:26
115501,115758,1,1,2021-04-10 16:01:17,2021-04-10 16:01:17
115501,115793,1,1,2021-04-11 04:08:02,2021-04-11 04:08:02
115501,115807,1,1,2021-04-11 15:07:53,2021-04-11 15:07:53
115501,115817,1,1,2021-04-11 14:33:16,2021-04-11 14:33:16
115501,115853,2,1,2021-04-12 07:05:03,2021-04-17 04:11:39
115501,115984,2,1,2021-04-13 16:27:02,2021-04-14 10:35:41
115501,116022,1,1,2021-04-14 04:05:04,2021-04-14 04:05:04
115501,116031,1,1,2021-04-14 03:50:17,2021-04-14 03:50:17
115501,116142,1,1,2021-04-16 03:25:55,2021-04-16 03:25:55
115501,116240,1,0,2021-04-18 04:20:40,2021-04-18 04:20:40
115501,116244,1,1,2021-04-18 08:45:27,2021-04-18 08:45:27
115501,116258,1,0,2021-04-18 17:49:03,2021-04-18 17:49:03
115501,116267,1,1,2021-04-18 17:47:07,2021-04-18 17:47:07
115501,116308,1,1,2021-04-19 14:02:37,2021-04-19 14:02:37
115501,116311,2,0,2021-05-02 03:37:58,2021-05-02 12:59:37
115501,116314,1,1,2021-04-19 13:55:46,2021-04-19 13:55:46
115501,116527,1,0,2021-04-23 13:39:15,2021-04-23 13:39:15
115501,116556,3,1,2021-04-24 14:00:04,2021-04-24 17:10:02
115501,116719,1,1,2021-04-27 17:50:57,2021-04-27 17:50:57
115501,116752,1,1,2021-06-05 13:19:25,2021-06-05 13:19:25
115501,116774,1,0,2021-04-28 04:19:15,2021-04-28 04:19:15
115501,116791,1,1,2021-04-28 09:23:12,2021-04-28 09:23:12
115501,116923,1,0,2021-05-01 11:26:11,2021-05-01 11:26:11
115501,116942,1,1,2021-05-01 12:29:23,2021-05-01 12:29:23
115501,116958,1,1,2021-05-02 03:53:00,2021-05-02 03:53:00
115501,116962,1,1,2021-05-02 03:42:50,2021-05-02 03:42:50
115501,116972,1,1,2021-05-02 03:34:22,2021-05-02 03:34:22
115501,117015,1,1,2021-05-03 07:43:45,2021-05-03 07:43:45
115501,117105,1,1,2021-05-24 17:53:19,2021-05-24 17:53:19
115501,117213,1,1,2021-05-07 10:21:36,2021-05-07 10:21:36
115501,117241,2,0,2021-05-06 15:58:31,2021-05-07 04:01:05
115501,117293,1,1,2021-05-07 14:44:17,2021-05-07 14:44:17
115501,117394,1,1,2021-05-09 17:53:49,2021-05-09 17:53:49
115501,117638,1,1,2021-05-14 09:39:30,2021-05-14 09:39:30
115501,117661,1,0,2021-05-26 14:20:27,2021-05-26 14:20:27
115501,117671,1,1,2021-05-14 09:49:25,2021-05-14 09:49:25
115501,118009,1,0,2021-05-20 15:32:45,2021-05-20 15:32:45
115501,118034,1,1,2021-05-20 15:29:03,2021-05-20 15:29:03
115501,118100,1,1,2021-05-22 05:56:44,2021-05-22 05:56:44
115501,118125,1,1,2021-05-22 07:11:33,2021-05-22 07:11:33
115501,118314,1,0,2021-05-25 16:24:00,2021-05-25 16:24:00
115501,118571,1,0,2021-05-31 16:13:42,2021-05-31 16:13:42
115501,118794,1,1,2021-06-05 03:52:44,2021-06-05 03:52:44
115501,118798,1,1,2021-06-05 05:01:59,2021-06-05 05:01:59
115501,118812,1,1,2021-06-05 13:16:08,2021-06-05 13:16:08
115501,118826,1,0,2021-06-05 17:40:54,2021-06-05 17:40:54
115501,119556,1,0,2021-06-19 12:59:12,2021-06-19 12:59:12
115501,122539,1,0,2021-08-14 15:00:41,2021-08-14 15:00:41
115501,122641,1,1,2021-08-13 17:07:34,2021-08-13 17:07:34
115501,123060,1,1,2021-08-15 16:56:54,2021-08-15 16:56:54
115501,123572,1,0,2021-08-27 16:50:01,2021-08-27 16:50:01
115522,52706,2,1,2021-04-08 16:17:54,2021-04-08 17:01:07
115522,101101,1,1,2021-04-06 13:35:08,2021-04-06 13:35:08
115582,113068,2,1,2021-09-21 06:18:17,2021-09-22 06:41:23
115582,115447,5,1,2021-04-07 13:15:26,2021-04-18 09:50:28
115582,115616,7,1,2021-04-08 06:39:39,2021-04-08 12:57:40
115582,116090,1,1,2021-04-20 06:12:58,2021-04-20 06:12:58
115585,113354,1,1,2021-04-07 14:01:49,2021-04-07 14:01:49
115596,137197,1,1,2022-07-04 16:46:20,2022-07-04 16:46:20
115678,16911,2,1,2021-11-08 13:21:49,2021-11-09 12:06:33
115678,39105,1,0,2021-11-08 04:21:47,2021-11-08 04:21:47
115678,58074,1,1,2021-04-09 09:56:12,2021-04-09 09:56:12
115678,73720,2,1,2021-10-27 13:03:18,2021-10-31 12:25:45
115678,83564,2,0,2021-04-13 19:34:15,2021-04-13 19:49:22
115678,86792,1,1,2021-10-28 20:58:08,2021-10-28 20:58:08
115678,87914,1,1,2021-10-28 20:39:55,2021-10-28 20:39:55
115678,97696,2,0,2021-09-30 09:37:29,2021-09-30 09:49:49
115678,98304,1,1,2021-11-07 16:34:51,2021-11-07 16:34:51
115678,106276,1,1,2021-04-18 12:00:12,2021-04-18 12:00:12
115678,107201,1,1,2021-04-18 12:21:27,2021-04-18 12:21:27
115678,112531,1,1,2021-04-09 09:58:14,2021-04-09 09:58:14
115678,115992,2,1,2021-04-13 14:28:52,2021-04-13 17:56:56
115678,115995,1,1,2021-04-13 14:37:59,2021-04-13 14:37:59
115678,119921,1,0,2021-11-02 06:00:52,2021-11-02 06:00:52
115678,119960,1,1,2021-11-02 05:46:17,2021-11-02 05:46:17
115678,125969,1,0,2021-11-09 06:10:29,2021-11-09 06:10:29
115678,126696,1,1,2021-11-08 13:42:09,2021-11-08 13:42:09
115678,127380,1,1,2021-11-05 18:15:30,2021-11-05 18:15:30
115678,127464,1,0,2021-11-08 14:46:15,2021-11-08 14:46:15
115678,127521,2,1,2021-11-09 06:25:10,2021-11-10 14:24:13
115746,8560,1,0,2022-05-04 14:27:49,2022-05-04 14:27:49
115749,62727,3,1,2023-01-30 11:03:47,2023-02-01 19:10:25
115749,115740,3,2,2021-04-10 11:59:50,2021-05-16 19:46:12
115795,101394,1,1,2021-04-11 02:16:56,2021-04-11 02:16:56
115811,115850,2,1,2021-04-11 22:58:15,2021-04-12 07:09:11
115821,98775,2,1,2021-04-11 14:10:29,2021-08-02 11:59:14
115821,109407,1,1,2021-04-11 14:29:49,2021-04-11 14:29:49
115899,116004,1,0,2021-04-13 17:34:59,2021-04-13 17:34:59
116004,113575,1,1,2021-05-16 05:43:57,2021-05-16 05:43:57
116004,117508,1,1,2021-05-12 13:45:53,2021-05-12 13:45:53
116004,117650,1,1,2021-05-15 10:42:22,2021-05-15 10:42:22
116004,117728,1,1,2021-05-15 10:21:56,2021-05-15 10:21:56
116004,118516,1,1,2021-05-29 14:00:26,2021-05-29 14:00:26
116049,137211,1,0,2023-01-04 14:21:09,2023-01-04 14:21:09
116069,15728,1,1,2023-03-15 19:49:28,2023-03-15 19:49:28
116069,29412,1,1,2023-03-29 04:17:15,2023-03-29 04:17:15
116069,97310,1,1,2024-12-25 22:41:23,2024-12-25 22:41:23
116069,147761,1,0,2023-03-10 22:22:23,2023-03-10 22:22:23
116069,156564,1,0,2023-11-26 08:02:54,2023-11-26 08:02:54
116069,159322,2,1,2024-02-03 00:54:28,2024-02-04 06:39:49
116069,161306,1,0,2024-03-07 06:53:35,2024-03-07 06:53:35
116106,3443,1,0,2023-06-17 22:23:18,2023-06-17 22:23:18
116106,104153,2,1,2021-10-11 10:55:07,2021-10-12 08:59:00
116113,106438,1,1,2021-09-07 12:13:59,2021-09-07 12:13:59
116113,124987,1,0,2021-09-07 22:06:27,2021-09-07 22:06:27
116113,125742,1,1,2021-09-27 14:26:15,2021-09-27 14:26:15
116142,116137,1,1,2021-04-16 02:18:29,2021-04-16 02:18:29
116212,128343,1,1,2021-12-02 18:56:06,2021-12-02 18:56:06
116233,79180,1,1,2021-04-17 22:48:48,2021-04-17 22:48:48
116233,116244,1,1,2021-04-18 08:57:52,2021-04-18 08:57:52
116258,133121,1,1,2022-03-22 07:58:31,2022-03-22 07:58:31
116258,138190,1,1,2022-09-13 06:23:22,2022-09-13 06:23:22
116258,138392,1,1,2022-09-12 08:08:46,2022-09-12 08:08:46
116307,70546,1,0,2022-10-04 19:34:12,2022-10-04 19:34:12
116307,116267,1,0,2021-04-19 11:29:44,2021-04-19 11:29:44
116311,497,1,0,2022-01-16 10:23:49,2022-01-16 10:23:49
116311,21072,1,0,2021-07-01 15:17:39,2021-07-01 15:17:39
116311,47126,1,0,2021-05-12 07:52:07,2021-05-12 07:52:07
116311,47467,2,1,2021-04-27 00:22:29,2021-04-27 09:32:01
116311,50921,1,1,2021-06-20 22:13:21,2021-06-20 22:13:21
116311,52057,2,1,2021-06-07 21:15:06,2021-06-08 12:10:24
116311,54201,1,0,2021-05-18 14:20:14,2021-05-18 14:20:14
116311,59783,1,0,2021-07-28 19:08:51,2021-07-28 19:08:51
116311,62761,1,0,2021-07-03 21:37:12,2021-07-03 21:37:12
116311,73930,1,0,2021-08-13 21:41:02,2021-08-13 21:41:02
116311,75445,1,0,2021-04-29 17:32:34,2021-04-29 17:32:34
116311,80461,1,0,2021-07-01 13:51:14,2021-07-01 13:51:14
116311,85239,7,1,2021-05-01 22:43:16,2021-05-02 16:51:08
116311,101495,1,1,2021-05-11 23:29:59,2021-05-11 23:29:59
116311,102920,1,1,2021-05-02 12:36:42,2021-05-02 12:36:42
116311,103206,1,0,2022-05-17 17:16:46,2022-05-17 17:16:46
116311,103257,2,1,2023-10-03 14:04:55,2023-10-05 15:26:38
116311,105173,1,0,2021-06-08 19:15:20,2021-06-08 19:15:20
116311,107295,2,0,2021-06-27 13:12:51,2021-06-27 22:32:02
116311,110564,3,0,2021-05-18 14:16:26,2021-05-18 14:33:47
116311,111532,1,1,2021-05-10 21:30:06,2021-05-10 21:30:06
116311,112275,2,0,2021-05-10 19:15:39,2021-05-10 22:37:07
116311,112822,1,1,2021-07-05 12:26:27,2021-07-05 12:26:27
116311,113212,1,0,2021-06-25 13:57:03,2021-06-25 13:57:03
116311,115207,1,0,2023-05-02 23:10:19,2023-05-02 23:10:19
116311,115244,2,1,2021-04-29 17:17:05,2021-04-30 09:19:23
116311,115447,1,1,2021-04-26 11:31:47,2021-04-26 11:31:47
116311,115501,1,0,2021-05-02 12:20:45,2021-05-02 12:20:45
116311,115588,8,2,2021-04-20 09:07:28,2021-04-28 09:14:06
116311,116004,1,1,2021-05-25 11:33:16,2021-05-25 11:33:16
116311,116358,1,1,2021-04-20 11:28:31,2021-04-20 11:28:31
116311,116663,1,1,2021-04-26 12:18:38,2021-04-26 12:18:38
116311,116699,1,1,2021-04-27 00:00:49,2021-04-27 00:00:49
116311,116877,1,1,2021-05-06 18:30:54,2021-05-06 18:30:54
116311,116908,1,1,2021-04-30 12:13:52,2021-04-30 12:13:52
116311,116964,1,1,2021-05-01 22:37:59,2021-05-01 22:37:59
116311,117002,2,0,2021-05-07 09:35:03,2021-05-08 12:14:15
116311,117032,2,1,2021-05-03 12:26:27,2021-05-04 09:40:12
116311,117091,3,1,2021-05-04 09:43:01,2021-05-04 09:57:07
116311,117221,1,1,2021-05-06 13:14:55,2021-05-06 13:14:55
116311,117272,2,1,2021-05-07 09:22:39,2021-05-07 09:51:44
116311,117400,1,1,2021-05-09 17:41:10,2021-05-09 17:41:10
116311,117420,2,2,2021-05-10 07:27:34,2021-05-10 19:29:38
116311,118292,1,1,2021-05-25 11:23:54,2021-05-25 11:23:54
116311,118301,1,0,2021-05-25 13:30:09,2021-05-25 13:30:09
116311,118306,1,0,2021-05-25 14:42:37,2021-05-25 14:42:37
116311,118699,1,1,2021-06-24 15:57:48,2021-06-24 15:57:48
116311,118951,1,1,2021-06-08 16:06:31,2021-06-08 16:06:31
116311,118978,1,0,2021-06-08 17:30:57,2021-06-08 17:30:57
116311,119030,2,0,2021-06-09 15:58:43,2021-06-09 18:40:00
116311,119063,1,0,2021-06-10 07:41:21,2021-06-10 07:41:21
116311,119086,2,1,2021-06-10 12:24:03,2021-06-10 22:52:15
116311,119304,1,0,2021-08-25 07:20:19,2021-08-25 07:20:19
116311,119813,1,0,2021-06-25 08:41:21,2021-06-25 08:41:21
116311,119834,1,0,2021-06-25 12:22:26,2021-06-25 12:22:26
116311,119837,1,0,2021-06-25 14:14:04,2021-06-25 14:14:04
116311,119840,2,0,2021-06-25 13:51:28,2021-06-25 14:16:45
116311,119921,13,1,2021-08-09 18:46:52,2021-08-13 21:49:18
116311,119957,1,0,2021-06-28 09:55:58,2021-06-28 09:55:58
116311,120107,1,0,2021-07-01 15:25:32,2021-07-01 15:25:32
116311,121243,1,0,2021-07-28 19:05:22,2021-07-28 19:05:22
116311,122749,1,0,2021-08-08 21:42:19,2021-08-08 21:42:19
116311,122970,1,1,2021-08-13 08:45:18,2021-08-13 08:45:18
116311,133954,2,0,2022-03-28 20:52:34,2022-03-28 21:41:13
116311,133956,4,0,2022-03-28 21:04:12,2022-03-28 21:43:59
116311,142343,1,0,2023-05-03 10:41:10,2023-05-03 10:41:10
116311,143059,1,0,2023-05-03 11:50:31,2023-05-03 11:50:31
116311,154912,1,0,2023-10-03 13:22:24,2023-10-03 13:22:24
116311,155021,1,0,2023-10-03 13:33:07,2023-10-03 13:33:07
116384,30210,1,1,2021-07-14 11:15:39,2021-07-14 11:15:39
116384,32243,2,1,2021-06-16 15:58:16,2021-06-16 16:00:18
116384,38707,1,1,2021-06-04 17:35:45,2021-06-04 17:35:45
116384,40100,1,1,2021-07-14 10:55:05,2021-07-14 10:55:05
116384,43193,3,1,2021-07-09 10:19:24,2021-07-09 12:18:22
116384,51670,1,1,2021-08-13 09:09:35,2021-08-13 09:09:35
116384,88428,1,1,2021-07-16 17:08:09,2021-07-16 17:08:09
116384,98970,1,1,2021-06-20 17:48:33,2021-06-20 17:48:33
116384,101175,1,1,2021-08-26 16:20:18,2021-08-26 16:20:18
116384,108053,1,1,2021-06-20 17:10:12,2021-06-20 17:10:12
116384,113043,1,1,2021-06-20 18:12:48,2021-06-20 18:12:48
116384,113076,1,1,2024-03-23 12:29:08,2024-03-23 12:29:08
116384,116659,2,1,2021-06-02 15:37:13,2021-06-03 10:56:27
116384,118599,1,1,2021-06-02 16:12:36,2021-06-02 16:12:36
116384,118895,1,1,2021-06-07 14:13:58,2021-06-07 14:13:58
116384,119419,3,1,2021-06-16 15:51:00,2021-06-18 11:33:24
116384,120687,1,1,2021-07-31 10:06:55,2021-07-31 10:06:55
116384,120764,1,1,2021-07-16 18:53:34,2021-07-16 18:53:34
116384,120846,1,1,2021-08-11 07:08:28,2021-08-11 07:08:28
116384,138128,1,1,2024-03-23 11:44:21,2024-03-23 11:44:21
116418,100345,1,1,2021-06-01 05:23:59,2021-06-01 05:23:59
116493,110310,1,1,2021-12-04 06:29:52,2021-12-04 06:29:52
116493,125741,1,1,2021-09-26 19:46:36,2021-09-26 19:46:36
116537,132995,1,1,2022-03-25 14:04:59,2022-03-25 14:04:59
116546,117138,1,1,2021-05-05 08:59:24,2021-05-05 08:59:24
116584,109441,1,1,2021-04-24 16:57:08,2021-04-24 16:57:08
116702,108,1,0,2021-09-06 22:08:34,2021-09-06 22:08:34
116702,1330,1,0,2021-07-11 21:27:54,2021-07-11 21:27:54
116702,15927,1,0,2021-07-05 22:25:56,2021-07-05 22:25:56
116702,64377,1,0,2021-09-05 08:25:09,2021-09-05 08:25:09
116702,76137,1,0,2021-12-30 10:56:07,2021-12-30 10:56:07
116702,78513,1,1,2021-07-02 21:00:51,2021-07-02 21:00:51
116702,86339,1,0,2021-07-12 22:13:14,2021-07-12 22:13:14
116702,93939,2,0,2021-07-14 08:38:25,2021-07-14 09:19:29
116702,93958,1,0,2021-07-02 16:23:35,2021-07-02 16:23:35
116702,95548,1,0,2021-09-25 17:04:12,2021-09-25 17:04:12
116702,98970,1,1,2021-07-17 08:18:57,2021-07-17 08:18:57
116702,101586,1,0,2021-12-30 11:02:18,2021-12-30 11:02:18
116702,108053,1,1,2021-07-08 10:08:45,2021-07-08 10:08:45
116702,113711,3,0,2021-09-11 09:30:37,2021-09-12 07:40:59
116702,116212,2,1,2021-06-22 06:33:45,2021-07-15 12:31:09
116702,117400,1,1,2021-07-02 16:02:03,2021-07-02 16:02:03
116702,118693,1,0,2021-07-05 22:02:54,2021-07-05 22:02:54
116702,119022,2,0,2021-09-11 09:25:23,2021-09-11 09:33:38
116702,119921,2,0,2021-07-05 22:09:56,2021-07-06 06:11:21
116702,120024,1,0,2021-06-30 07:31:44,2021-06-30 07:31:44
116702,120082,1,0,2021-07-05 09:51:45,2021-07-05 09:51:45
116702,120169,1,0,2021-07-02 16:33:02,2021-07-02 16:33:02
116702,120175,1,0,2021-07-14 12:53:05,2021-07-14 12:53:05
116702,120594,1,1,2021-07-12 22:17:45,2021-07-12 22:17:45
116702,120718,1,0,2021-07-14 12:57:31,2021-07-14 12:57:31
116702,123644,1,1,2021-09-04 13:41:37,2021-09-04 13:41:37
116702,123706,4,0,2021-08-31 09:57:09,2021-09-02 06:32:47
116702,124847,1,0,2021-09-04 13:48:31,2021-09-04 13:48:31
116702,124861,1,1,2021-09-06 22:06:04,2021-09-06 22:06:04
116702,125140,1,0,2021-09-11 09:41:00,2021-09-11 09:41:00
116702,125538,2,1,2021-09-25 17:18:11,2021-09-27 08:39:35
116702,125539,1,0,2021-09-25 17:17:18,2021-09-25 17:17:18
116702,126905,1,0,2021-10-29 21:23:37,2021-10-29 21:23:37
116702,128867,1,1,2021-12-19 13:35:21,2021-12-19 13:35:21
116702,130779,2,1,2022-01-09 14:23:47,2022-01-10 10:38:40
116754,110385,1,0,2021-04-27 17:23:50,2021-04-27 17:23:50
116806,116799,1,1,2021-04-28 18:23:57,2021-04-28 18:23:57
116818,116810,1,1,2021-04-28 22:00:21,2021-04-28 22:00:21
116821,111640,1,1,2021-04-28 22:07:53,2021-04-28 22:07:53
116821,116839,1,1,2021-04-29 07:54:40,2021-04-29 07:54:40
116821,117791,2,1,2021-05-16 21:25:38,2021-06-06 10:58:17
116846,98946,1,1,2021-04-29 15:04:01,2021-04-29 15:04:01
116912,62642,2,0,2026-01-28 13:19:32,2026-01-28 13:22:12
116912,181012,1,0,2025-05-02 13:44:44,2025-05-02 13:44:44
116917,84891,1,0,2021-07-29 12:21:20,2021-07-29 12:21:20
116917,119921,1,0,2021-08-06 06:05:58,2021-08-06 06:05:58
116917,121302,1,1,2021-07-29 02:39:18,2021-07-29 02:39:18
116917,122310,1,1,2021-07-29 12:05:15,2021-07-29 12:05:15
116973,64876,1,1,2021-05-04 02:29:30,2021-05-04 02:29:30
116973,117000,3,1,2021-05-02 17:51:29,2021-05-02 22:11:52
116983,303,1,0,2024-05-30 10:53:58,2024-05-30 10:53:58
116983,7730,7,1,2024-11-18 19:44:45,2025-09-04 21:03:43
116983,21254,2,1,2021-05-02 10:21:49,2021-05-04 15:51:58
116983,55122,1,0,2024-05-30 11:05:05,2024-05-30 11:05:05
116983,62207,1,0,2025-08-29 12:00:28,2025-08-29 12:00:28
116983,63443,2,0,2022-05-11 09:34:47,2022-05-12 01:22:16
116983,65781,1,0,2022-01-13 15:15:27,2022-01-13 15:15:27
116983,73930,5,0,2022-04-20 08:17:03,2023-05-09 07:15:09
116983,88390,1,1,2021-09-16 08:30:03,2021-09-16 08:30:03
116983,91877,3,2,2024-05-30 09:00:30,2024-05-30 10:42:03
116983,106243,1,0,2021-08-19 09:38:26,2021-08-19 09:38:26
116983,115236,7,1,2021-08-16 14:45:18,2021-08-19 09:35:03
116983,119136,3,2,2022-04-19 18:52:02,2022-05-06 16:06:52
116983,119921,2,0,2021-08-16 14:38:39,2021-08-16 15:34:26
116983,120743,1,0,2024-05-30 09:05:35,2024-05-30 09:05:35
116983,122855,2,1,2021-08-16 14:30:06,2021-08-18 07:19:35
116983,123689,1,0,2025-03-27 16:17:21,2025-03-27 16:17:21
116983,127824,1,1,2025-09-05 06:20:24,2025-09-05 06:20:24
116983,132883,2,1,2022-03-07 10:52:51,2022-03-11 12:55:34
116983,145667,2,0,2024-05-30 08:47:44,2024-05-30 10:24:21
116983,162638,1,1,2025-05-24 09:49:24,2025-05-24 09:49:24
116983,176787,1,0,2025-05-27 16:24:03,2025-05-27 16:24:03
116983,177282,1,0,2025-02-06 18:59:42,2025-02-06 18:59:42
116983,178646,1,0,2025-05-01 09:45:22,2025-05-01 09:45:22
116983,178927,1,1,2025-07-12 17:02:08,2025-07-12 17:02:08
117015,122822,1,1,2022-09-21 07:12:19,2022-09-21 07:12:19
117038,130738,1,1,2022-01-09 12:09:10,2022-01-09 12:09:10
117045,105173,1,1,2021-05-03 16:05:37,2021-05-03 16:05:37
117045,117043,1,1,2021-05-03 15:10:01,2021-05-03 15:10:01
117055,118935,1,1,2021-06-09 21:40:25,2021-06-09 21:40:25
117060,105074,1,0,2021-07-29 01:56:59,2021-07-29 01:56:59
117060,121188,2,1,2021-07-27 03:52:16,2021-07-27 14:30:06
117060,121249,1,0,2021-07-28 02:59:14,2021-07-28 02:59:14
117060,121258,2,0,2021-07-28 04:17:23,2021-07-28 13:29:57
117105,118696,1,1,2021-06-03 08:37:35,2021-06-03 08:37:35
117177,38592,1,0,2021-05-05 18:45:15,2021-05-05 18:45:15
117177,113643,3,1,2021-05-05 18:14:42,2021-05-05 19:17:02
117250,117059,1,1,2021-05-06 18:49:34,2021-05-06 18:49:34
117264,116392,1,1,2021-05-07 03:04:12,2021-05-07 03:04:12
117304,133143,1,1,2025-08-03 23:58:02,2025-08-03 23:58:02
117539,68742,2,1,2021-05-12 01:41:37,2021-05-12 03:37:09
117540,117392,2,1,2021-05-11 21:33:19,2021-05-13 09:18:46
117653,142604,1,1,2023-07-03 14:09:26,2023-07-03 14:09:26
117661,115447,1,1,2021-05-20 09:46:04,2021-05-20 09:46:04
117663,1330,1,0,2021-05-14 18:59:30,2021-05-14 18:59:30
117663,82999,1,1,2021-05-14 06:34:25,2021-05-14 06:34:25
117685,150803,1,1,2023-06-16 06:59:57,2023-06-16 06:59:57
117694,82999,1,1,2021-05-14 18:53:40,2021-05-14 18:53:40
117694,118594,1,1,2021-07-05 14:53:53,2021-07-05 14:53:53
117841,41448,1,1,2022-09-29 13:29:35,2022-09-29 13:29:35
117841,63933,1,1,2022-10-25 12:52:22,2022-10-25 12:52:22
117841,71297,1,0,2022-10-07 20:44:22,2022-10-07 20:44:22
117841,109113,2,1,2022-10-06 12:51:02,2022-10-07 13:02:58
117841,118594,2,1,2022-10-26 14:17:02,2022-10-31 15:17:29
117841,119140,5,0,2022-10-13 12:53:35,2022-10-25 13:25:32
117841,126577,1,0,2022-10-25 19:51:29,2022-10-25 19:51:29
117841,130902,1,0,2022-10-25 12:47:59,2022-10-25 12:47:59
117841,131441,3,1,2022-11-17 16:43:49,2022-11-18 15:17:48
117841,139922,2,1,2022-10-05 16:35:48,2022-10-12 15:52:36
117841,141138,5,1,2022-10-04 15:57:04,2022-10-14 13:06:40
117841,141192,1,0,2022-10-05 13:12:21,2022-10-05 13:12:21
117841,141193,4,1,2022-10-05 13:20:09,2022-10-05 19:20:55
117841,141380,1,1,2022-10-12 13:51:55,2022-10-12 13:51:55
117841,141490,3,2,2022-10-14 13:11:18,2022-10-25 14:31:58
117841,142226,1,1,2022-10-31 15:11:29,2022-10-31 15:11:29
117848,112985,1,0,2021-05-17 15:15:56,2021-05-17 15:15:56
117898,40951,1,1,2021-05-18 11:52:09,2021-05-18 11:52:09
117901,117894,1,0,2021-06-11 22:07:56,2021-06-11 22:07:56
117953,117951,1,1,2021-05-19 09:51:00,2021-05-19 09:51:00
118009,116846,1,0,2021-05-20 13:26:51,2021-05-20 13:26:51
118053,33057,1,1,2021-05-21 02:21:51,2021-05-21 02:21:51
118071,127878,1,0,2023-05-31 08:44:58,2023-05-31 08:44:58
118134,117400,1,1,2021-11-01 13:12:00,2021-11-01 13:12:00
118178,121245,1,1,2021-10-17 17:22:43,2021-10-17 17:22:43
118206,118198,1,0,2021-05-23 20:55:30,2021-05-23 20:55:30
118210,119063,1,1,2022-10-07 01:45:58,2022-10-07 01:45:58
118251,70393,1,1,2021-06-11 17:18:00,2021-06-11 17:18:00
118274,117917,1,1,2021-05-25 02:14:51,2021-05-25 02:14:51
118419,113427,1,1,2021-05-27 11:20:50,2021-05-27 11:20:50
118435,113540,1,1,2021-05-27 14:57:49,2021-05-27 14:57:49
118521,58155,6,1,2021-07-06 16:29:34,2021-07-07 11:24:22
118521,84861,1,0,2021-07-21 20:56:54,2021-07-21 20:56:54
118521,88915,1,0,2021-07-03 13:18:04,2021-07-03 13:18:04
118521,93617,2,1,2021-07-02 11:14:59,2021-07-02 13:43:02
118521,106183,1,0,2021-07-16 19:09:11,2021-07-16 19:09:11
118521,117772,1,1,2021-07-04 14:25:39,2021-07-04 14:25:39
118521,118292,1,0,2021-07-03 15:13:10,2021-07-03 15:13:10
118521,120341,1,0,2021-07-07 08:55:22,2021-07-07 08:55:22
118521,120507,1,0,2021-07-09 19:19:42,2021-07-09 19:19:42
118521,121016,1,0,2021-07-21 20:33:49,2021-07-21 20:33:49
118521,135603,1,0,2022-05-11 09:05:12,2022-05-11 09:05:12
118524,134596,2,1,2025-01-15 17:04:34,2025-01-15 18:29:38
118551,69263,1,1,2021-05-30 15:29:08,2021-05-30 15:29:08
118551,109449,1,1,2021-05-30 11:59:56,2021-05-30 11:59:56
118551,118604,1,1,2021-05-31 22:59:15,2021-05-31 22:59:15
118634,57817,1,1,2021-10-10 12:05:16,2021-10-10 12:05:16
118634,61522,1,0,2021-10-10 13:15:41,2021-10-10 13:15:41
118634,76275,1,1,2021-07-18 14:00:33,2021-07-18 14:00:33
118634,101424,2,1,2021-07-18 13:39:25,2021-07-18 15:05:11
118634,109441,2,0,2021-10-08 15:23:26,2021-10-10 10:52:00
118634,120554,1,1,2021-07-18 11:39:23,2021-07-18 11:39:23
118634,120739,3,1,2021-10-10 11:21:02,2021-10-12 09:10:05
118634,120870,1,1,2021-07-18 16:02:44,2021-07-18 16:02:44
118634,125079,1,1,2021-10-10 11:49:04,2021-10-10 11:49:04
118634,125750,1,1,2021-09-26 11:46:24,2021-09-26 11:46:24
118634,125751,1,1,2021-09-26 11:24:02,2021-09-26 11:24:02
118634,126297,1,0,2021-10-10 11:33:21,2021-10-10 11:33:21
118658,118731,1,1,2021-06-16 00:36:52,2021-06-16 00:36:52
118677,131308,1,1,2022-01-22 01:01:54,2022-01-22 01:01:54
118704,118612,1,1,2021-06-02 17:53:56,2021-06-02 17:53:56
118709,106399,1,1,2021-06-03 06:19:05,2021-06-03 06:19:05
118709,116697,1,1,2021-06-03 07:17:27,2021-06-03 07:17:27
118709,117355,1,1,2021-06-02 21:25:07,2021-06-02 21:25:07
118709,117386,1,1,2021-06-02 20:46:29,2021-06-02 20:46:29
118728,118887,1,1,2021-06-07 14:13:02,2021-06-07 14:13:02
118745,118592,1,1,2021-06-03 14:01:16,2021-06-03 14:01:16
118745,118693,1,1,2021-06-03 13:53:20,2021-06-03 13:53:20
118753,86828,1,1,2021-06-03 17:38:35,2021-06-03 17:38:35
118802,97585,1,0,2021-06-07 19:18:51,2021-06-07 19:18:51
118827,14981,1,1,2021-06-06 14:08:49,2021-06-06 14:08:49
118827,110889,1,1,2021-06-05 16:58:53,2021-06-05 16:58:53
118827,116752,1,1,2021-06-05 15:37:26,2021-06-05 15:37:26
118827,118731,1,1,2021-06-06 09:47:28,2021-06-06 09:47:28
118827,118849,1,1,2021-06-06 14:49:31,2021-06-06 14:49:31
118842,118812,1,1,2021-06-06 13:43:11,2021-06-06 13:43:11
118906,117400,1,0,2021-06-07 11:39:30,2021-06-07 11:39:30
118982,120024,1,1,2021-06-29 20:41:29,2021-06-29 20:41:29
119004,116001,1,1,2021-06-09 06:37:25,2021-06-09 06:37:25
119036,76137,1,1,2022-05-21 11:52:44,2022-05-21 11:52:44
119087,109820,1,1,2021-06-10 11:15:03,2021-06-10 11:15:03
119087,121019,1,1,2021-08-12 19:39:22,2021-08-12 19:39:22
119103,119101,1,1,2021-06-10 16:44:02,2021-06-10 16:44:02
119120,9123,1,1,2021-06-10 20:53:41,2021-06-10 20:53:41
119120,116637,1,1,2021-06-18 16:26:54,2021-06-18 16:26:54
119136,133238,1,1,2022-05-06 10:04:55,2022-05-06 10:04:55
119136,133580,1,1,2022-03-30 20:43:32,2022-03-30 20:43:32
119140,4715,1,1,2022-07-02 13:56:09,2022-07-02 13:56:09
119140,5199,1,1,2022-06-15 08:54:30,2022-06-15 08:54:30
119140,8592,2,1,2022-06-28 14:24:32,2022-06-28 19:50:14
119140,10882,1,0,2021-07-31 08:01:47,2021-07-31 08:01:47
119140,13884,1,1,2023-01-20 09:56:37,2023-01-20 09:56:37
119140,21625,3,1,2022-06-12 20:57:34,2022-06-14 19:23:25
119140,24885,2,0,2022-07-02 16:30:41,2022-07-05 07:07:06
119140,27902,1,1,2021-06-17 09:26:47,2021-06-17 09:26:47
119140,28099,1,1,2021-06-22 10:26:07,2021-06-22 10:26:07
119140,38707,1,1,2022-05-25 18:16:06,2022-05-25 18:16:06
119140,39706,3,0,2021-08-27 13:42:16,2021-09-01 07:41:51
119140,45766,1,1,2021-06-18 14:39:43,2021-06-18 14:39:43
119140,50664,2,1,2022-12-17 09:26:13,2022-12-18 09:16:43
119140,51129,1,1,2022-12-09 09:23:34,2022-12-09 09:23:34
119140,51687,1,0,2022-08-10 08:50:30,2022-08-10 08:50:30
119140,51778,1,1,2022-06-27 18:17:12,2022-06-27 18:17:12
119140,54292,4,1,2022-07-07 18:20:07,2022-07-08 14:57:58
119140,54473,1,1,2022-09-09 15:21:56,2022-09-09 15:21:56
119140,54661,6,1,2022-06-21 07:23:49,2022-12-28 19:53:46
119140,54865,2,1,2022-08-10 08:09:55,2022-08-23 18:01:10
119140,58433,6,2,2021-07-23 07:58:55,2021-08-13 07:50:16
119140,60101,1,1,2023-04-22 16:00:13,2023-04-22 16:00:13
119140,61445,5,1,2021-08-24 08:05:24,2022-11-21 09:24:14
119140,63745,1,1,2022-09-30 07:55:17,2022-09-30 07:55:17
119140,63933,1,1,2022-10-25 07:32:21,2022-10-25 07:32:21
119140,64726,2,1,2022-08-25 08:52:59,2022-08-25 09:55:16
119140,64876,13,3,2022-05-27 12:35:41,2023-01-03 18:11:20
119140,65781,1,0,2021-06-24 16:12:42,2021-06-24 16:12:42
119140,67161,4,1,2022-07-01 10:21:51,2022-07-02 13:24:16
119140,67912,1,0,2022-11-29 14:26:00,2022-11-29 14:26:00
119140,67931,2,0,2021-09-17 14:15:13,2021-11-16 14:05:45
119140,68274,2,1,2022-05-20 13:12:25,2022-05-23 09:00:20
119140,69646,4,1,2021-06-24 09:39:59,2021-06-24 19:56:18
119140,70546,2,1,2022-10-04 07:39:55,2022-10-21 07:40:51
119140,71218,1,0,2021-10-11 08:52:12,2021-10-11 08:52:12
119140,71246,1,1,2021-07-19 09:53:57,2021-07-19 09:53:57
119140,71896,1,1,2021-07-26 19:25:59,2021-07-26 19:25:59
119140,73441,4,1,2021-06-22 16:46:09,2021-07-22 09:24:53
119140,73740,1,1,2021-10-11 08:29:27,2021-10-11 08:29:27
119140,77714,1,0,2022-01-05 17:09:59,2022-01-05 17:09:59
119140,79176,1,1,2021-06-24 09:04:43,2021-06-24 09:04:43
119140,79408,2,0,2021-07-02 13:57:40,2021-07-03 07:43:52
119140,79514,1,1,2021-07-28 15:13:21,2021-07-28 15:13:21
119140,80328,1,1,2022-07-06 07:49:42,2022-07-06 07:49:42
119140,80860,2,1,2022-08-10 20:59:17,2022-08-12 19:57:49
119140,82168,2,1,2022-08-08 08:36:33,2022-08-08 10:16:07
119140,82468,1,1,2022-09-19 07:39:09,2022-09-19 07:39:09
119140,82762,1,1,2022-01-26 17:09:51,2022-01-26 17:09:51
119140,83540,1,0,2021-06-28 09:52:16,2021-06-28 09:52:16
119140,83791,1,0,2022-06-01 18:28:25,2022-06-01 18:28:25
119140,84891,1,0,2021-07-13 08:50:49,2021-07-13 08:50:49
119140,85025,1,1,2021-06-30 14:36:38,2021-06-30 14:36:38
119140,85604,2,1,2022-10-03 12:31:19,2022-10-03 12:55:42
119140,86329,3,1,2021-09-14 08:02:27,2021-09-14 15:41:29
119140,87037,2,2,2022-09-20 15:48:37,2022-10-24 14:36:39
119140,87594,1,1,2022-08-11 10:26:04,2022-08-11 10:26:04
119140,88076,2,1,2022-06-28 07:05:46,2022-12-27 17:48:14
119140,88694,1,1,2021-07-27 14:38:27,2021-07-27 14:38:27
119140,88913,1,0,2022-10-25 20:42:53,2022-10-25 20:42:53
119140,89176,3,0,2022-02-02 21:17:13,2022-02-03 15:17:40
119140,89478,1,1,2022-08-05 09:31:31,2022-08-05 09:31:31
119140,92547,1,1,2022-05-25 12:54:18,2022-05-25 12:54:18
119140,93617,8,3,2021-06-22 09:29:37,2022-12-27 08:58:12
119140,97039,1,1,2021-06-25 07:45:02,2021-06-25 07:45:02
119140,97489,1,0,2022-06-23 18:38:29,2022-06-23 18:38:29
119140,98201,4,2,2022-10-16 08:02:19,2022-11-03 07:44:26
119140,98946,2,1,2021-09-01 10:06:18,2021-09-01 14:32:14
119140,99761,1,1,2022-09-09 18:11:54,2022-09-09 18:11:54
119140,99964,1,1,2021-06-17 09:57:29,2021-06-17 09:57:29
119140,100453,2,0,2022-08-29 14:19:56,2022-08-30 19:37:12
119140,100967,1,1,2021-06-17 16:31:58,2021-06-17 16:31:58
119140,101518,2,1,2021-07-02 08:20:15,2021-07-03 07:46:46
119140,102713,2,1,2022-07-10 14:59:53,2022-07-11 14:05:12
119140,102848,2,0,2021-11-06 15:01:58,2021-11-06 15:06:07
119140,103051,2,1,2022-12-19 08:46:46,2022-12-19 10:07:33
119140,103108,1,0,2021-08-03 23:01:13,2021-08-03 23:01:13
119140,103477,2,1,2022-12-07 18:51:43,2022-12-07 21:22:30
119140,105071,1,1,2022-08-09 07:26:46,2022-08-09 07:26:46
119140,105445,2,0,2022-06-23 08:02:09,2022-06-23 09:27:34
119140,106704,1,1,2021-06-24 14:34:49,2021-06-24 14:34:49
119140,107003,2,2,2021-06-17 15:55:01,2021-06-23 15:27:14
119140,107073,2,1,2022-07-02 13:35:41,2022-07-02 14:29:29
119140,107685,4,0,2021-07-28 07:33:21,2021-07-28 11:47:50
119140,107730,12,3,2021-06-24 09:48:22,2021-08-31 07:44:31
119140,107986,1,0,2022-06-24 07:47:07,2022-06-24 07:47:07
119140,108420,1,0,2022-11-25 08:38:05,2022-11-25 08:38:05
119140,109113,1,1,2022-11-02 20:19:18,2022-11-02 20:19:18
119140,109190,1,1,2022-07-27 09:46:39,2022-07-27 09:46:39
119140,109836,10,2,2022-09-29 13:28:16,2022-10-25 20:32:46
119140,110217,3,1,2021-06-18 09:23:39,2021-07-22 09:18:31
119140,110419,1,1,2021-07-29 14:24:02,2021-07-29 14:24:02
119140,110636,1,0,2021-11-16 14:08:50,2021-11-16 14:08:50
119140,110649,1,1,2021-07-29 14:54:42,2021-07-29 14:54:42
119140,111822,1,1,2022-05-17 07:15:11,2022-05-17 07:15:11
119140,112139,1,1,2022-07-22 08:51:51,2022-07-22 08:51:51
119140,112817,1,0,2022-06-29 19:57:28,2022-06-29 19:57:28
119140,116659,5,1,2021-06-24 17:10:33,2021-07-02 07:17:32
119140,117841,2,0,2022-10-13 13:09:01,2022-10-21 14:21:18
119140,118699,1,1,2021-06-18 09:33:22,2021-06-18 09:33:22
119140,118780,1,1,2021-06-18 08:09:21,2021-06-18 08:09:21
119140,119117,3,1,2021-06-11 08:37:33,2021-07-22 09:23:05
119140,119136,2,2,2022-05-30 10:20:21,2022-08-31 20:45:00
119140,119228,1,1,2021-07-24 18:51:17,2021-07-24 18:51:17
119140,119444,4,1,2021-06-17 09:20:50,2021-06-21 13:45:37
119140,119448,1,1,2021-06-17 08:49:18,2021-06-17 08:49:18
119140,119455,1,1,2021-06-17 09:07:21,2021-06-17 09:07:21
119140,119461,2,2,2021-06-17 09:01:46,2021-06-28 09:44:49
119140,119467,1,1,2021-06-17 15:00:54,2021-06-17 15:00:54
119140,119472,1,1,2021-06-17 12:57:41,2021-06-17 12:57:41
119140,119473,1,1,2021-06-17 13:49:22,2021-06-17 13:49:22
119140,119474,3,1,2021-06-17 13:24:43,2021-06-17 14:50:44
119140,119491,3,1,2021-06-23 10:24:51,2021-07-22 09:15:03
119140,119508,3,0,2021-06-18 08:39:31,2021-06-18 13:30:13
119140,119518,1,1,2021-06-18 13:37:58,2021-06-18 13:37:58
119140,119527,1,0,2021-06-18 14:18:35,2021-06-18 14:18:35
119140,119581,4,1,2021-06-20 07:34:46,2021-07-22 09:17:06
119140,119637,1,1,2021-06-21 23:24:34,2021-06-21 23:24:34
119140,119664,1,1,2022-01-12 14:33:09,2022-01-12 14:33:09
119140,119789,1,1,2021-06-24 21:12:03,2021-06-24 21:12:03
119140,119793,1,1,2021-06-24 20:29:30,2021-06-24 20:29:30
119140,119807,1,0,2021-06-25 08:00:03,2021-06-25 08:00:03
119140,119813,1,1,2021-06-25 08:41:51,2021-06-25 08:41:51
119140,119907,1,1,2021-06-28 13:32:53,2021-06-28 13:32:53
119140,119920,2,0,2021-09-15 08:28:32,2021-09-15 10:08:20
119140,119923,1,1,2021-07-28 07:41:43,2021-07-28 07:41:43
119140,119941,1,1,2021-06-28 07:43:14,2021-06-28 07:43:14
119140,119945,1,0,2021-06-30 07:29:43,2021-06-30 07:29:43
119140,119946,2,0,2021-06-28 10:05:36,2021-06-29 11:36:35
119140,119967,1,0,2021-06-28 14:57:32,2021-06-28 14:57:32
119140,120000,1,1,2021-06-29 08:31:25,2021-06-29 08:31:25
119140,120034,3,1,2021-06-30 08:23:26,2021-07-02 07:43:39
119140,120082,1,0,2021-07-01 12:58:02,2021-07-01 12:58:02
119140,120088,1,1,2021-07-01 08:42:55,2021-07-01 08:42:55
119140,120159,1,1,2021-07-02 08:45:58,2021-07-02 08:45:58
119140,120176,1,1,2021-07-27 14:07:14,2021-07-27 14:07:14
119140,120183,1,1,2021-07-05 06:34:00,2021-07-05 06:34:00
119140,120255,1,1,2021-07-05 06:18:12,2021-07-05 06:18:12
119140,120314,1,1,2021-07-08 06:26:33,2021-07-08 06:26:33
119140,120363,1,1,2021-07-12 14:12:09,2021-07-12 14:12:09
119140,120367,2,0,2021-08-03 07:42:04,2021-08-03 13:44:55
119140,120391,1,1,2021-07-07 20:01:01,2021-07-07 20:01:01
119140,120490,3,0,2021-08-09 13:56:49,2021-08-11 07:59:57
119140,120849,3,1,2021-07-21 07:46:30,2021-07-22 09:06:39
119140,121001,2,1,2021-07-21 14:49:59,2021-07-25 06:49:30
119140,121019,2,1,2021-07-23 08:59:47,2021-07-23 18:05:19
119140,121064,3,1,2021-07-23 08:30:34,2021-07-23 15:14:55
119140,121108,3,1,2022-05-27 09:23:44,2022-06-04 15:13:00
119140,121115,3,1,2021-07-24 19:03:55,2021-07-27 08:05:50
119140,121151,2,1,2021-07-26 08:12:51,2021-07-27 14:10:56
119140,121168,3,1,2021-07-26 08:32:13,2021-07-26 10:11:35
119140,121177,5,0,2021-07-26 18:06:58,2021-07-30 15:47:09
119140,121224,2,1,2021-07-27 15:26:36,2021-07-28 14:34:31
119140,122330,1,0,2021-07-29 20:33:04,2021-07-29 20:33:04
119140,122334,1,1,2021-07-30 07:43:17,2021-07-30 07:43:17
119140,122373,1,0,2021-07-31 08:13:15,2021-07-31 08:13:15
119140,122494,2,0,2021-08-03 07:54:06,2021-08-09 12:27:58
119140,122551,1,0,2021-08-03 23:10:14,2021-08-03 23:10:14
119140,122561,8,1,2021-08-04 12:55:24,2021-08-05 13:28:14
119140,122647,1,1,2021-08-06 07:50:06,2021-08-06 07:50:06
119140,122680,1,1,2022-06-30 07:29:54,2022-06-30 07:29:54
119140,122888,1,0,2022-09-29 13:17:18,2022-09-29 13:17:18
119140,122896,2,0,2021-08-23 15:30:17,2021-08-24 07:37:33
119140,122972,2,1,2022-05-18 07:29:26,2022-05-18 15:27:20
119140,123099,1,1,2022-08-10 12:17:06,2022-08-10 12:17:06
119140,123438,6,1,2022-06-26 19:56:01,2022-06-29 07:27:16
119140,123482,1,1,2022-05-30 08:36:27,2022-05-30 08:36:27
119140,123499,1,0,2024-06-13 10:33:20,2024-06-13 10:33:20
119140,123514,6,1,2021-08-26 08:16:58,2021-08-29 13:48:15
119140,123746,2,0,2021-10-11 08:01:54,2021-10-13 15:36:46
119140,124847,1,0,2021-09-03 13:52:41,2021-09-03 13:52:41
119140,124852,1,0,2021-09-03 13:49:24,2021-09-03 13:49:24
119140,124911,1,1,2022-06-27 20:21:50,2022-06-27 20:21:50
119140,124936,1,1,2021-09-06 06:57:53,2021-09-06 06:57:53
119140,125267,1,0,2021-09-15 08:45:49,2021-09-15 08:45:49
119140,125361,1,0,2021-09-17 13:53:27,2021-09-17 13:53:27
119140,125378,1,0,2021-09-17 14:03:12,2021-09-17 14:03:12
119140,125747,1,1,2022-05-23 09:48:59,2022-05-23 09:48:59
119140,125836,2,1,2022-06-12 21:24:01,2022-06-13 07:05:18
119140,126335,1,0,2021-10-11 09:15:08,2021-10-11 09:15:08
119140,126496,2,1,2022-01-26 09:50:46,2022-01-28 09:35:58
119140,127389,2,1,2021-11-05 17:35:54,2021-11-07 14:57:22
119140,127506,6,0,2022-01-19 10:38:40,2022-02-07 07:52:08
119140,130032,1,1,2022-01-12 09:23:09,2022-01-12 09:23:09
119140,130442,5,1,2022-10-18 09:33:45,2022-10-29 14:50:24
119140,130605,11,4,2022-06-12 20:17:29,2022-07-06 20:47:55
119140,130606,1,1,2022-01-05 16:54:10,2022-01-05 16:54:10
119140,130776,1,1,2022-01-12 09:04:41,2022-01-12 09:04:41
119140,130866,2,1,2022-01-12 09:43:48,2022-01-13 08:23:23
119140,130875,1,1,2022-01-12 09:34:28,2022-01-12 09:34:28
119140,131124,2,0,2022-06-27 16:24:31,2022-06-28 07:00:40
119140,131147,1,1,2022-10-22 07:46:17,2022-10-22 07:46:17
119140,131233,1,1,2022-01-19 16:56:02,2022-01-19 16:56:02
119140,131258,1,0,2022-06-24 16:18:13,2022-06-24 16:18:13
119140,131408,4,1,2022-11-25 08:21:39,2022-11-26 20:40:09
119140,131424,2,1,2022-05-27 13:42:25,2022-07-04 19:03:16
119140,131668,3,1,2022-12-15 08:10:29,2022-12-16 12:46:54
119140,132123,1,0,2022-02-09 16:34:08,2022-02-09 16:34:08
119140,132210,1,1,2022-11-17 08:57:38,2022-11-17 08:57:38
119140,132846,11,2,2022-09-15 08:34:00,2022-11-01 22:21:20
119140,132995,2,1,2022-06-26 20:32:51,2022-06-27 13:10:22
119140,133184,4,1,2022-06-23 18:59:10,2022-07-15 08:19:56
119140,133569,2,1,2023-02-22 21:01:43,2023-02-23 09:52:53
119140,133753,1,1,2023-05-28 09:14:14,2023-05-28 09:14:14
119140,134596,1,0,2022-06-13 12:38:55,2022-06-13 12:38:55
119140,134817,1,1,2022-06-29 18:51:55,2022-06-29 18:51:55
119140,135189,1,1,2022-09-10 07:30:02,2022-09-10 07:30:02
119140,135448,1,1,2022-06-17 07:37:16,2022-06-17 07:37:16
119140,135531,1,0,2022-08-22 14:18:57,2022-08-22 14:18:57
119140,135859,1,0,2022-05-30 08:16:13,2022-05-30 08:16:13
119140,135866,1,0,2022-05-18 08:03:47,2022-05-18 08:03:47
119140,135950,5,1,2022-05-23 10:23:59,2022-05-27 13:07:16
119140,135970,5,1,2022-06-17 07:25:36,2022-06-17 18:31:17
119140,135972,4,2,2022-05-20 07:18:27,2022-05-25 14:52:47
119140,136039,2,1,2022-06-23 08:23:19,2022-06-23 21:03:20
119140,136147,1,0,2022-05-25 12:28:24,2022-05-25 12:28:24
119140,136180,1,0,2022-05-31 12:02:28,2022-05-31 12:02:28
119140,136335,2,0,2022-05-31 12:01:10,2022-05-31 14:37:54
119140,136464,4,1,2022-06-03 07:27:12,2022-06-28 12:37:11
119140,136465,2,1,2022-07-04 07:15:45,2022-07-04 17:15:28
119140,136481,1,0,2022-06-03 07:41:34,2022-06-03 07:41:34
119140,136732,2,1,2022-06-14 12:54:51,2022-06-14 14:13:19
119140,136838,1,1,2022-06-12 20:11:27,2022-06-12 20:11:27
119140,136876,1,1,2022-06-13 12:52:58,2022-06-13 12:52:58
119140,136949,1,0,2022-12-14 07:50:31,2022-12-14 07:50:31
119140,136954,1,1,2022-06-16 18:53:39,2022-06-16 18:53:39
119140,137071,1,1,2022-06-18 20:09:07,2022-06-18 20:09:07
119140,137073,1,1,2022-06-18 20:27:38,2022-06-18 20:27:38
119140,137112,1,1,2022-06-19 14:41:05,2022-06-19 14:41:05
119140,137115,1,1,2022-06-19 13:15:08,2022-06-19 13:15:08
119140,137121,1,1,2022-06-20 07:15:53,2022-06-20 07:15:53
119140,137197,1,0,2022-06-28 07:09:13,2022-06-28 07:09:13
119140,137206,3,1,2022-06-22 07:20:38,2022-06-23 06:49:00
119140,137210,1,0,2022-06-22 07:03:27,2022-06-22 07:03:27
119140,137212,1,1,2022-06-22 07:41:27,2022-06-22 07:41:27
119140,137223,4,3,2022-06-25 06:34:23,2022-07-08 07:26:38
119140,137284,3,1,2022-06-23 18:55:30,2022-06-24 17:34:14
119140,137329,2,1,2022-12-20 10:08:14,2022-12-21 20:48:26
119140,137333,3,1,2022-06-24 20:03:18,2022-06-25 13:19:13
119140,137444,1,1,2022-06-27 07:25:59,2022-06-27 07:25:59
119140,137464,1,1,2022-06-28 07:37:57,2022-06-28 07:37:57
119140,137485,1,0,2022-07-01 06:46:08,2022-07-01 06:46:08
119140,137491,1,1,2022-06-28 07:24:15,2022-06-28 07:24:15
119140,137610,1,1,2022-07-01 08:59:38,2022-07-01 08:59:38
119140,137612,1,1,2022-07-01 07:24:57,2022-07-01 07:24:57
119140,137730,1,1,2022-10-23 08:13:31,2022-10-23 08:13:31
119140,137740,1,1,2022-11-11 08:43:51,2022-11-11 08:43:51
119140,137906,2,1,2022-07-09 20:30:23,2022-07-10 14:46:47
119140,137926,1,0,2022-07-10 15:18:24,2022-07-10 15:18:24
119140,137929,2,1,2022-07-11 16:44:02,2022-07-11 18:44:25
119140,137947,3,1,2022-07-11 16:12:00,2022-08-23 14:12:39
119140,138027,1,1,2022-07-14 13:33:37,2022-07-14 13:33:37
119140,138038,1,1,2022-10-16 08:29:53,2022-10-16 08:29:53
119140,138089,1,1,2022-07-14 14:15:43,2022-07-14 14:15:43
119140,138319,2,1,2022-07-20 15:37:02,2022-07-21 13:27:21
119140,138322,1,0,2022-07-20 15:26:50,2022-07-20 15:26:50
119140,138355,1,0,2022-07-22 08:13:35,2022-07-22 08:13:35
119140,138392,2,1,2022-07-29 08:40:11,2022-07-31 07:42:13
119140,138483,1,1,2022-07-25 13:51:36,2022-07-25 13:51:36
119140,138521,3,1,2022-07-27 12:56:19,2022-08-01 17:58:29
119140,138531,1,1,2022-09-01 09:21:30,2022-09-01 09:21:30
119140,138728,1,1,2022-08-01 19:39:17,2022-08-01 19:39:17
119140,138740,7,1,2022-08-01 18:34:55,2022-08-23 14:09:15
119140,138783,1,1,2022-08-02 18:40:51,2022-08-02 18:40:51
119140,138790,1,1,2022-08-03 16:56:21,2022-08-03 16:56:21
119140,138794,1,1,2022-08-02 19:07:16,2022-08-02 19:07:16
119140,138865,1,0,2022-08-05 09:10:56,2022-08-05 09:10:56
119140,139177,1,1,2022-08-22 14:56:40,2022-08-22 14:56:40
119140,139209,1,0,2022-08-15 12:47:51,2022-08-15 12:47:51
119140,139391,3,1,2022-11-21 08:40:29,2022-11-25 08:13:30
119140,139463,1,1,2022-08-22 10:46:08,2022-08-22 10:46:08
119140,139469,1,1,2022-08-22 10:30:45,2022-08-22 10:30:45
119140,139554,1,1,2022-12-26 09:21:34,2022-12-26 09:21:34
119140,139591,1,1,2022-08-25 09:29:50,2022-08-25 09:29:50
119140,139687,1,1,2022-09-05 07:12:40,2022-09-05 07:12:40
119140,139758,3,1,2022-09-11 08:01:11,2022-09-14 07:20:03
119140,139792,1,1,2022-09-09 18:03:24,2022-09-09 18:03:24
119140,139802,1,1,2022-08-29 14:49:01,2022-08-29 14:49:01
119140,139829,1,1,2022-08-30 20:11:04,2022-08-30 20:11:04
119140,139833,1,1,2022-08-30 19:33:07,2022-08-30 19:33:07
119140,139851,1,0,2022-08-30 17:55:23,2022-08-30 17:55:23
119140,139935,3,1,2022-12-07 20:04:34,2022-12-08 05:57:09
119140,139938,1,0,2022-09-02 07:45:39,2022-09-02 07:45:39
119140,140032,2,1,2022-09-05 10:15:37,2022-09-05 17:05:53
119140,140086,4,1,2022-09-06 07:37:34,2022-09-08 14:50:12
119140,140119,1,0,2022-09-19 17:59:18,2022-09-19 17:59:18
119140,140321,1,1,2022-09-12 08:25:05,2022-09-12 08:25:05
119140,140515,1,1,2022-09-18 07:47:13,2022-09-18 07:47:13
119140,140564,1,1,2022-10-24 08:29:25,2022-10-24 08:29:25
119140,140571,3,1,2022-09-19 07:06:54,2022-09-22 07:34:07
119140,140617,1,1,2022-09-20 07:20:20,2022-09-20 07:20:20
119140,140652,4,1,2022-09-22 07:24:10,2022-10-29 14:44:20
119140,140838,1,1,2022-09-26 13:27:47,2022-09-26 13:27:47
119140,141070,1,0,2022-10-03 12:08:29,2022-10-03 12:08:29
119140,141165,1,1,2022-10-30 09:08:28,2022-10-30 09:08:28
119140,141219,3,1,2022-10-06 07:38:19,2022-10-21 07:42:25
119140,141409,3,1,2022-10-11 14:02:19,2022-10-29 14:47:14
119140,141421,1,1,2022-12-29 08:18:38,2022-12-29 08:18:38
119140,141429,1,1,2022-10-20 08:51:49,2022-10-20 08:51:49
119140,141490,2,1,2022-10-13 11:20:05,2022-10-21 07:39:47
119140,141494,4,1,2022-10-14 08:31:27,2022-10-29 14:48:04
119140,141505,1,1,2022-10-15 19:08:32,2022-10-15 19:08:32
119140,141619,1,1,2022-10-20 09:43:44,2022-10-20 09:43:44
119140,141632,1,0,2022-12-21 21:13:18,2022-12-21 21:13:18
119140,141685,3,1,2022-10-18 12:29:52,2022-10-30 08:01:48
119140,141735,2,0,2022-10-20 09:02:12,2022-10-21 20:04:06
119140,141759,3,1,2022-10-20 09:33:52,2022-10-22 09:06:33
119140,141850,2,1,2022-10-22 07:33:01,2022-10-29 14:52:09
119140,141916,1,1,2022-10-24 08:10:14,2022-10-24 08:10:14
119140,142012,2,1,2022-10-26 20:36:14,2022-10-27 13:06:20
119140,142060,1,1,2022-10-27 08:31:44,2022-10-27 08:31:44
119140,142080,2,1,2022-10-27 17:59:52,2022-10-28 08:15:41
119140,142098,1,1,2022-11-26 08:44:06,2022-11-26 08:44:06
119140,142105,1,0,2022-10-28 09:23:13,2022-10-28 09:23:13
119140,142221,1,1,2022-11-14 09:14:53,2022-11-14 09:14:53
119140,142507,2,1,2022-11-08 14:24:45,2022-11-08 16:40:51
119140,142630,3,1,2022-11-10 15:38:38,2022-11-15 17:15:31
119140,142659,2,0,2023-01-20 08:50:27,2023-01-20 13:42:01
119140,142686,3,1,2022-11-12 09:03:18,2022-12-09 13:05:05
119140,142815,1,0,2022-12-06 15:12:19,2022-12-06 15:12:19
119140,142852,3,1,2022-12-11 16:37:19,2022-12-13 13:12:09
119140,143001,1,1,2022-11-21 08:19:11,2022-11-21 08:19:11
119140,143056,2,1,2022-12-20 09:42:17,2022-12-21 22:09:32
119140,143059,13,1,2022-12-21 21:51:03,2023-01-14 16:22:53
119140,143086,2,1,2022-11-22 14:59:13,2022-11-24 10:46:48
119140,143179,1,1,2022-12-07 08:48:43,2022-12-07 08:48:43
119140,143230,1,1,2022-11-29 07:51:05,2022-11-29 07:51:05
119140,143239,3,1,2022-11-27 18:48:20,2022-11-29 21:30:25
119140,143422,3,2,2022-12-09 13:20:34,2022-12-15 08:36:25
119140,143439,1,1,2022-12-02 13:14:11,2022-12-02 13:14:11
119140,143541,3,1,2022-12-05 13:59:36,2022-12-06 09:33:48
119140,143595,1,0,2022-12-07 19:01:00,2022-12-07 19:01:00
119140,143651,1,1,2022-12-08 08:43:01,2022-12-08 08:43:01
119140,143654,4,1,2022-12-08 09:02:29,2022-12-16 08:32:25
119140,143665,8,1,2022-12-08 09:07:21,2022-12-19 21:08:15
119140,143691,1,1,2022-12-08 21:38:59,2022-12-08 21:38:59
119140,143742,1,1,2022-12-11 13:41:29,2022-12-11 13:41:29
119140,143789,1,1,2022-12-12 12:01:30,2022-12-12 12:01:30
119140,143794,1,1,2022-12-12 14:26:47,2022-12-12 14:26:47
119140,143888,1,1,2022-12-14 17:31:09,2022-12-14 17:31:09
119140,143921,1,1,2022-12-15 09:06:34,2022-12-15 09:06:34
119140,143992,4,1,2022-12-17 13:41:53,2022-12-27 08:17:19
119140,144022,2,0,2022-12-18 09:28:42,2022-12-18 09:41:40
119140,144075,1,1,2022-12-29 08:49:05,2022-12-29 08:49:05
119140,144258,2,1,2022-12-26 10:10:43,2022-12-29 08:24:44
119140,144332,1,0,2022-12-28 15:54:51,2022-12-28 15:54:51
119140,144373,2,1,2022-12-30 09:00:23,2022-12-30 16:20:15
119140,144994,3,1,2023-01-20 08:46:33,2023-01-20 13:45:14
119140,146384,2,1,2023-02-27 10:00:03,2023-03-23 08:46:50
119140,148305,3,0,2023-03-31 13:21:14,2023-04-03 12:27:58
119140,148343,2,0,2023-03-27 09:32:15,2023-03-28 06:57:52
119140,148448,1,1,2023-03-30 07:42:51,2023-03-30 07:42:51
119140,148607,1,1,2023-04-04 07:20:30,2023-04-04 07:20:30
119140,150616,2,1,2023-06-08 13:51:44,2023-06-09 07:46:59
119140,150619,1,0,2023-06-08 07:17:13,2023-06-08 07:17:13
119140,153928,1,0,2023-11-21 13:39:39,2023-11-21 13:39:39
119140,156251,3,1,2023-11-15 16:44:29,2023-11-18 08:08:04
119140,156322,2,1,2023-11-18 08:15:45,2023-11-20 10:14:23
119140,158714,2,1,2024-01-10 09:31:03,2024-01-10 14:10:52
119284,93617,1,1,2021-06-14 04:23:52,2021-06-14 04:23:52
119292,121243,1,1,2021-07-28 19:19:49,2021-07-28 19:19:49
119352,119518,1,1,2021-06-18 18:54:30,2021-06-18 18:54:30
119426,103063,1,0,2021-06-16 15:24:03,2021-06-16 15:24:03
119517,119140,1,0,2021-06-18 09:04:19,2021-06-18 09:04:19
119517,119508,1,0,2021-06-18 10:31:48,2021-06-18 10:31:48
119526,139628,1,1,2022-09-02 21:15:26,2022-09-02 21:15:26
119555,119542,1,1,2021-06-19 08:30:13,2021-06-19 08:30:13
119600,108776,1,1,2021-06-20 15:30:36,2021-06-20 15:30:36
119607,120347,1,1,2021-07-07 00:37:07,2021-07-07 00:37:07
119653,303,2,0,2024-01-25 12:17:24,2024-02-08 07:37:34
119653,6550,1,0,2024-02-03 18:33:32,2024-02-03 18:33:32
119653,8592,1,1,2024-01-19 09:26:15,2024-01-19 09:26:15
119653,14675,1,0,2024-01-19 11:34:03,2024-01-19 11:34:03
119653,65149,1,0,2023-08-30 19:54:22,2023-08-30 19:54:22
119653,69263,1,1,2023-10-12 17:43:45,2023-10-12 17:43:45
119653,69849,1,0,2024-02-14 18:46:54,2024-02-14 18:46:54
119653,70393,1,1,2022-09-05 18:44:08,2022-09-05 18:44:08
119653,70578,2,0,2024-01-09 21:59:03,2024-01-09 22:06:51
119653,73930,4,1,2024-01-09 20:55:34,2024-01-21 11:58:24
119653,93617,1,0,2025-07-09 09:59:23,2025-07-09 09:59:23
119653,97792,1,0,2023-12-27 23:13:17,2023-12-27 23:13:17
119653,99648,1,1,2023-06-07 18:11:55,2023-06-07 18:11:55
119653,115501,1,0,2024-08-28 17:28:47,2024-08-28 17:28:47
119653,116350,1,1,2021-06-23 09:29:33,2021-06-23 09:29:33
119653,118699,1,0,2025-09-02 08:09:14,2025-09-02 08:09:14
119653,119921,1,1,2023-05-29 09:04:49,2023-05-29 09:04:49
119653,125659,1,0,2024-01-20 18:15:39,2024-01-20 18:15:39
119653,126409,1,1,2023-10-25 04:44:38,2023-10-25 04:44:38
119653,130369,1,0,2024-01-04 07:49:01,2024-01-04 07:49:01
119653,138531,1,1,2022-09-07 19:31:32,2022-09-07 19:31:32
119653,147702,1,1,2025-07-11 18:44:58,2025-07-11 18:44:58
119653,147959,1,0,2023-10-12 17:50:37,2023-10-12 17:50:37
119653,150535,2,0,2023-09-29 18:15:29,2023-09-30 05:48:07
119653,158463,3,0,2023-12-29 16:29:29,2024-01-02 15:59:10
119653,158537,1,0,2024-01-03 20:44:06,2024-01-03 20:44:06
119653,158540,1,0,2024-01-04 12:32:13,2024-01-04 12:32:13
119653,158848,1,0,2024-01-15 15:29:56,2024-01-15 15:29:56
119653,158947,1,1,2024-01-18 18:54:18,2024-01-18 18:54:18
119660,116592,1,1,2022-07-25 23:38:56,2022-07-25 23:38:56
119660,135661,2,1,2022-07-28 12:50:55,2022-07-28 15:13:29
119683,107004,1,0,2022-04-02 14:02:20,2022-04-02 14:02:20
119723,61445,1,1,2021-06-23 10:52:09,2021-06-23 10:52:09
119769,125608,2,0,2021-09-22 19:25:38,2021-09-22 21:49:35
119771,113087,1,0,2021-08-02 06:28:26,2021-08-02 06:28:26
119771,119834,1,1,2021-06-26 07:41:14,2021-06-26 07:41:14
119781,142714,1,0,2022-11-13 06:33:57,2022-11-13 06:33:57
119794,18856,1,1,2022-08-25 19:24:43,2022-08-25 19:24:43
119794,64876,1,1,2021-06-28 08:24:20,2021-06-28 08:24:20
119794,67598,2,1,2022-11-11 05:22:26,2022-11-12 10:34:10
119794,84707,1,1,2022-10-01 14:39:43,2022-10-01 14:39:43
119794,91613,1,1,2021-06-24 20:18:18,2021-06-24 20:18:18
119794,111653,1,1,2021-06-25 11:09:33,2021-06-25 11:09:33
119794,119761,2,1,2021-06-25 08:15:29,2021-06-25 09:02:32
119794,119907,1,1,2021-06-28 20:21:27,2021-06-28 20:21:27
119794,142453,4,0,2022-11-07 14:34:40,2022-11-08 02:27:07
119794,142495,10,1,2022-11-07 16:03:43,2022-11-08 11:42:43
119794,142661,1,0,2022-11-11 04:56:07,2022-11-11 04:56:07
119796,93617,1,1,2021-06-24 20:01:56,2021-06-24 20:01:56
119797,116512,1,1,2021-06-27 19:29:02,2021-06-27 19:29:02
119797,119701,1,0,2021-06-24 20:28:18,2021-06-24 20:28:18
119797,120035,1,0,2021-06-29 19:14:54,2021-06-29 19:14:54
119797,120295,1,1,2021-07-05 20:51:02,2021-07-05 20:51:02
119797,120718,1,0,2021-07-14 12:40:53,2021-07-14 12:40:53
119835,122963,1,0,2021-08-16 16:20:50,2021-08-16 16:20:50
119856,118292,1,1,2021-06-28 13:17:15,2021-06-28 13:17:15
119856,119849,1,1,2021-06-25 16:51:13,2021-06-25 16:51:13
119867,131233,1,0,2022-01-20 15:33:34,2022-01-20 15:33:34
119882,64377,4,0,2024-02-07 07:11:44,2024-02-10 15:00:58
119921,303,3,2,2023-12-28 07:50:28,2024-01-02 06:25:24
119921,1330,1,0,2021-10-16 09:07:53,2021-10-16 09:07:53
119921,14981,1,1,2021-08-07 17:12:07,2021-08-07 17:12:07
119921,26493,1,1,2022-01-28 10:03:08,2022-01-28 10:03:08
119921,27129,1,1,2023-05-25 05:48:26,2023-05-25 05:48:26
119921,30370,1,0,2022-06-04 04:16:37,2022-06-04 04:16:37
119921,32243,1,1,2021-12-02 05:26:47,2021-12-02 05:26:47
119921,40100,2,0,2021-12-29 07:52:06,2021-12-29 09:27:55
119921,51624,1,0,2021-10-29 11:41:32,2021-10-29 11:41:32
119921,54865,1,1,2021-08-04 17:01:11,2021-08-04 17:01:11
119921,58433,2,1,2021-12-15 03:57:08,2021-12-15 11:35:51
119921,64377,6,0,2021-08-06 05:53:20,2023-06-01 09:23:32
119921,64876,1,1,2021-12-31 08:10:29,2021-12-31 08:10:29
119921,67971,1,1,2021-08-15 11:27:46,2021-08-15 11:27:46
119921,70546,1,1,2022-01-20 08:24:53,2022-01-20 08:24:53
119921,71896,2,1,2021-12-27 07:32:09,2021-12-27 15:02:55
119921,73930,4,0,2021-10-23 07:28:49,2023-11-06 07:15:39
119921,79602,2,0,2021-10-23 11:05:48,2021-10-23 14:35:55
119921,83791,3,0,2021-10-25 11:43:43,2021-12-07 13:58:00
119921,86100,1,1,2021-12-21 07:19:20,2021-12-21 07:19:20
119921,87796,1,0,2021-10-24 11:22:13,2021-10-24 11:22:13
119921,91598,1,1,2021-10-29 07:21:58,2021-10-29 07:21:58
119921,92455,3,1,2021-09-11 15:55:27,2021-09-14 05:41:49
119921,93653,2,1,2021-12-04 17:19:11,2021-12-05 06:22:25
119921,93862,3,1,2021-12-20 12:19:01,2021-12-21 11:58:17
119921,94184,1,1,2023-09-02 05:15:10,2023-09-02 05:15:10
119921,96342,1,1,2023-07-10 04:56:34,2023-07-10 04:56:34
119921,98535,1,1,2021-10-11 14:38:25,2021-10-11 14:38:25
119921,98839,1,1,2021-08-04 17:15:03,2021-08-04 17:15:03
119921,100269,1,0,2021-10-23 07:26:48,2021-10-23 07:26:48
119921,101586,2,0,2021-12-27 07:29:45,2021-12-27 10:59:46
119921,103683,2,2,2021-09-23 06:04:07,2021-09-23 06:09:32
119921,106542,1,1,2023-06-22 09:54:53,2023-06-22 09:54:53
119921,107003,1,0,2021-10-16 08:33:32,2021-10-16 08:33:32
119921,109587,1,0,2021-10-24 11:26:32,2021-10-24 11:26:32
119921,109633,1,1,2021-12-20 09:06:15,2021-12-20 09:06:15
119921,109715,1,1,2021-09-25 14:56:25,2021-09-25 14:56:25
119921,110099,2,1,2023-07-25 04:49:38,2023-07-26 05:39:29
119921,110191,6,4,2021-07-19 09:59:44,2021-08-16 05:53:29
119921,110757,1,1,2021-10-21 08:51:13,2021-10-21 08:51:13
119921,110779,1,1,2021-11-28 14:31:06,2021-11-28 14:31:06
119921,111013,1,0,2021-12-10 06:01:59,2021-12-10 06:01:59
119921,111715,1,0,2021-10-08 11:24:42,2021-10-08 11:24:42
119921,111961,1,0,2021-08-12 15:34:35,2021-08-12 15:34:35
119921,112548,1,1,2023-08-25 05:50:58,2023-08-25 05:50:58
119921,113735,1,1,2021-10-05 10:38:59,2021-10-05 10:38:59
119921,113950,2,1,2021-10-22 14:37:24,2021-10-22 14:51:29
119921,115395,1,1,2021-09-17 06:58:23,2021-09-17 06:58:23
119921,115600,1,1,2022-05-15 05:08:06,2022-05-15 05:08:06
119921,116171,3,1,2022-06-04 04:20:38,2022-08-11 05:24:17
119921,116177,1,1,2021-08-06 09:56:32,2021-08-06 09:56:32
119921,116681,1,1,2021-10-04 04:59:25,2021-10-04 04:59:25
119921,116983,1,0,2021-08-16 15:29:09,2021-08-16 15:29:09
119921,117948,1,1,2021-10-22 10:05:54,2021-10-22 10:05:54
119921,118634,1,1,2021-07-19 11:50:10,2021-07-19 11:50:10
119921,118677,1,0,2022-01-21 05:42:46,2022-01-21 05:42:46
119921,119119,2,1,2021-08-25 15:14:52,2021-08-27 09:20:30
119921,119304,1,1,2021-11-27 15:13:13,2021-11-27 15:13:13
119921,119605,1,1,2021-09-30 15:32:54,2021-09-30 15:32:54
119921,119877,1,1,2022-01-19 15:32:33,2022-01-19 15:32:33
119921,120269,1,0,2021-08-12 09:25:35,2021-08-12 09:25:35
119921,121222,1,0,2021-12-24 08:07:20,2021-12-24 08:07:20
119921,121294,5,0,2021-08-08 10:27:22,2021-08-10 10:42:32
119921,122641,1,1,2021-09-22 09:54:00,2021-09-22 09:54:00
119921,122671,2,1,2021-08-06 10:29:49,2021-08-06 15:28:01
119921,122687,1,1,2021-08-06 18:15:24,2021-08-06 18:15:24
119921,122855,3,1,2021-08-15 11:05:54,2021-08-16 05:41:25
119921,123283,1,0,2021-12-15 13:14:15,2021-12-15 13:14:15
119921,123763,1,0,2021-09-23 04:55:45,2021-09-23 04:55:45
119921,125079,3,1,2021-10-10 15:17:28,2021-10-10 17:25:38
119921,125083,3,1,2021-10-14 09:19:45,2021-10-15 04:48:52
119921,125140,1,1,2021-09-11 15:05:22,2021-09-11 15:05:22
119921,125163,1,1,2021-09-12 14:31:26,2021-09-12 14:31:26
119921,125285,1,0,2021-09-23 05:54:23,2021-09-23 05:54:23
119921,125328,1,0,2021-09-16 11:31:10,2021-09-16 11:31:10
119921,125475,1,0,2021-09-20 04:36:42,2021-09-20 04:36:42
119921,125527,2,2,2021-09-29 15:23:05,2021-09-30 11:50:54
119921,125624,2,0,2021-09-23 05:56:30,2021-09-23 09:16:46
119921,125628,1,1,2021-09-25 10:30:48,2021-09-25 10:30:48
119921,125714,1,1,2021-09-25 08:08:09,2021-09-25 08:08:09
119921,125717,2,2,2021-09-25 07:42:42,2021-09-25 07:57:04
119921,125741,1,1,2021-09-28 11:03:46,2021-09-28 11:03:46
119921,125747,2,1,2021-10-07 11:55:32,2021-10-11 06:54:43
119921,125882,4,2,2021-09-29 15:20:18,2021-10-03 11:53:43
119921,126041,1,1,2021-10-04 04:41:32,2021-10-04 04:41:32
119921,126059,4,2,2021-10-04 11:41:33,2023-05-28 04:25:57
119921,126079,1,0,2022-06-04 04:24:58,2022-06-04 04:24:58
119921,126119,1,1,2021-10-06 16:14:10,2021-10-06 16:14:10
119921,126176,1,1,2021-10-07 11:45:24,2021-10-07 11:45:24
119921,126241,2,1,2021-10-08 11:26:25,2021-10-08 11:59:19
119921,126307,2,1,2021-10-10 15:01:42,2021-10-10 15:07:19
119921,126362,1,0,2021-10-23 10:18:48,2021-10-23 10:18:48
119921,126466,1,1,2022-11-14 07:26:38,2022-11-14 07:26:38
119921,126577,1,1,2021-10-18 08:33:12,2021-10-18 08:33:12
119921,126805,1,0,2021-10-24 11:28:27,2021-10-24 11:28:27
119921,127000,1,1,2021-12-31 07:55:33,2021-12-31 07:55:33
119921,127997,2,1,2021-12-08 17:19:10,2021-12-09 16:14:03
119921,128457,1,0,2021-12-03 05:04:22,2021-12-03 05:04:22
119921,128465,1,1,2021-12-03 05:03:36,2021-12-03 05:03:36
119921,128528,1,1,2021-12-05 13:01:12,2021-12-05 13:01:12
119921,128531,2,0,2021-12-05 12:45:07,2021-12-05 15:56:31
119921,128565,2,1,2021-12-06 04:44:59,2021-12-07 06:26:04
119921,128662,1,1,2021-12-17 07:47:34,2021-12-17 07:47:34
119921,128681,2,1,2021-12-12 13:05:41,2021-12-13 04:01:40
119921,128745,1,1,2021-12-24 14:23:51,2021-12-24 14:23:51
119921,128846,2,2,2021-12-14 03:54:25,2021-12-15 13:07:32
119921,128901,1,1,2021-12-16 04:44:13,2021-12-16 04:44:13
119921,130099,2,1,2021-12-21 07:26:09,2021-12-23 05:55:19
119921,130213,1,1,2021-12-24 08:02:49,2021-12-24 08:02:49
119921,130221,2,0,2021-12-24 14:27:43,2022-01-08 05:38:06
119921,130803,2,0,2022-01-10 07:43:55,2022-01-13 07:12:51
119921,130998,1,1,2023-06-12 12:32:08,2023-06-12 12:32:08
119921,131258,1,0,2022-01-20 08:27:22,2022-01-20 08:27:22
119921,131702,1,0,2022-05-15 05:14:35,2022-05-15 05:14:35
119921,132263,1,0,2022-02-11 09:57:57,2022-02-11 09:57:57
119921,133790,1,1,2023-06-02 05:00:36,2023-06-02 05:00:36
119921,134588,1,1,2023-05-28 04:53:15,2023-05-28 04:53:15
119921,135374,2,1,2022-05-05 12:54:16,2022-05-08 04:44:25
119921,135375,1,1,2022-05-05 12:47:57,2022-05-05 12:47:57
119921,135735,1,1,2022-05-15 05:32:18,2022-05-15 05:32:18
119921,135750,1,1,2022-05-15 05:12:49,2022-05-15 05:12:49
119921,136533,2,1,2022-06-04 04:10:58,2022-06-05 03:11:14
119921,136994,1,1,2023-06-16 11:51:16,2023-06-16 11:51:16
119921,140391,2,1,2023-09-20 05:47:39,2023-09-21 05:12:18
119921,143070,1,0,2023-07-06 05:13:06,2023-07-06 05:13:06
119921,143552,1,1,2023-05-14 05:53:57,2023-05-14 05:53:57
119921,149770,1,1,2023-05-11 16:03:26,2023-05-11 16:03:26
119921,149782,2,2,2023-05-13 11:45:24,2023-05-14 05:37:03
119921,150186,5,1,2023-05-25 10:47:35,2023-05-26 05:41:16
119921,150218,1,1,2023-05-27 04:50:12,2023-05-27 04:50:12
119921,150242,1,0,2023-05-27 04:44:16,2023-05-27 04:44:16
119921,150417,1,1,2023-06-02 05:11:40,2023-06-02 05:11:40
119921,150859,1,1,2023-06-16 03:28:32,2023-06-16 03:28:32
119921,150862,4,1,2023-06-16 03:21:14,2023-06-16 11:32:21
119921,150874,2,1,2023-06-16 11:41:03,2023-06-16 15:03:12
119921,151620,1,1,2023-07-10 05:08:08,2023-07-10 05:08:08
119921,151716,1,1,2023-07-13 04:52:27,2023-07-13 04:52:27
119921,151743,2,1,2023-07-14 06:10:15,2023-07-14 07:04:26
119921,154411,2,1,2023-07-19 05:21:45,2023-07-20 05:24:03
119921,154624,1,1,2024-01-03 05:16:55,2024-01-03 05:16:55
119921,155576,1,1,2023-10-24 15:52:58,2023-10-24 15:52:58
119921,156819,1,1,2023-12-04 15:06:04,2023-12-04 15:06:04
119921,158066,1,1,2023-12-13 07:48:26,2023-12-13 07:48:26
119921,158525,1,0,2024-01-03 05:10:33,2024-01-03 05:10:33
119938,80860,1,0,2022-09-12 11:58:27,2022-09-12 11:58:27
119938,93617,1,1,2022-12-14 03:17:59,2022-12-14 03:17:59
119938,116375,1,1,2022-09-07 11:26:29,2022-09-07 11:26:29
119938,120215,2,1,2022-12-02 19:02:24,2022-12-03 12:18:28
119938,127846,1,0,2022-09-07 11:28:11,2022-09-07 11:28:11
119938,138833,1,1,2022-09-14 09:17:11,2022-09-14 09:17:11
119938,138954,4,1,2022-08-16 08:53:12,2022-08-16 21:30:36
119938,139256,1,0,2022-08-16 08:41:16,2022-08-16 08:41:16
119938,139699,1,1,2022-08-26 20:58:51,2022-08-26 20:58:51
119938,140296,1,1,2022-09-11 21:20:20,2022-09-11 21:20:20
119938,140354,1,1,2022-09-12 23:40:07,2022-09-12 23:40:07
119938,140443,1,0,2022-09-14 23:31:19,2022-09-14 23:31:19
119938,142010,1,0,2023-02-01 17:48:12,2023-02-01 17:48:12
119938,143179,1,1,2022-12-03 12:40:28,2022-12-03 12:40:28
119938,143349,2,1,2022-12-04 19:32:16,2022-12-05 16:09:07
119938,143531,1,1,2022-12-05 02:41:03,2022-12-05 02:41:03
119938,150326,1,1,2023-05-30 13:21:29,2023-05-30 13:21:29
119938,150328,1,0,2023-05-30 13:14:21,2023-05-30 13:14:21
119938,151763,1,0,2023-07-14 15:46:38,2023-07-14 15:46:38
119938,154456,1,0,2023-09-16 09:32:33,2023-09-16 09:32:33
119938,163895,1,1,2024-06-15 21:45:30,2024-06-15 21:45:30
119960,127000,1,1,2021-11-01 17:59:46,2021-11-01 17:59:46
120000,118895,1,1,2021-06-29 03:37:35,2021-06-29 03:37:35
120016,120009,1,1,2021-06-29 12:24:36,2021-06-29 12:24:36
120060,122,1,1,2021-07-06 08:18:34,2021-07-06 08:18:34
120060,8560,2,0,2021-12-28 11:59:47,2021-12-28 19:27:58
120060,19261,1,1,2021-11-29 19:45:51,2021-11-29 19:45:51
120060,49007,1,1,2021-07-16 20:06:22,2021-07-16 20:06:22
120060,53537,2,1,2021-07-16 20:56:37,2021-07-23 07:01:22
120060,57328,1,1,2021-07-19 15:54:20,2021-07-19 15:54:20
120060,58155,1,1,2021-07-15 07:12:34,2021-07-15 07:12:34
120060,58519,1,1,2021-10-09 03:15:10,2021-10-09 03:15:10
120060,85897,1,1,2021-10-18 20:39:13,2021-10-18 20:39:13
120060,89868,1,1,2021-10-11 04:42:30,2021-10-11 04:42:30
120060,91857,1,1,2021-10-19 06:48:21,2021-10-19 06:48:21
120060,104153,1,1,2021-10-26 08:44:17,2021-10-26 08:44:17
120060,110191,1,1,2021-07-17 19:54:23,2021-07-17 19:54:23
120060,110636,1,1,2021-11-25 17:04:34,2021-11-25 17:04:34
120060,110819,1,1,2021-06-30 07:59:00,2021-06-30 07:59:00
120060,111128,2,1,2021-07-18 04:04:26,2021-07-18 05:56:51
120060,113328,1,1,2021-10-20 05:36:03,2021-10-20 05:36:03
120060,116333,1,1,2021-11-25 13:36:26,2021-11-25 13:36:26
120060,117400,1,1,2021-12-24 20:22:27,2021-12-24 20:22:27
120060,117548,1,1,2021-11-20 07:34:34,2021-11-20 07:34:34
120060,118940,2,2,2021-07-08 20:44:31,2021-07-10 18:00:04
120060,119217,1,1,2021-07-18 03:14:31,2021-07-18 03:14:31
120060,119921,6,1,2021-07-19 15:47:34,2021-07-21 11:59:15
120060,120454,3,1,2021-07-08 19:48:10,2021-07-21 10:03:29
120060,120505,1,1,2021-07-10 18:40:51,2021-07-10 18:40:51
120060,120601,1,1,2021-10-11 18:07:37,2021-10-11 18:07:37
120060,120971,1,1,2021-07-20 18:06:30,2021-07-20 18:06:30
120060,121066,1,1,2021-07-29 12:57:41,2021-07-29 12:57:41
120060,121149,2,1,2021-07-26 07:44:00,2021-07-27 07:08:55
120060,121243,1,1,2021-07-28 19:08:07,2021-07-28 19:08:07
120060,125527,1,1,2021-11-21 05:05:27,2021-11-21 05:05:27
120060,126181,1,1,2021-10-09 02:24:40,2021-10-09 02:24:40
120060,126188,1,1,2021-10-09 01:57:52,2021-10-09 01:57:52
120060,126226,1,1,2021-10-09 01:24:40,2021-10-09 01:24:40
120060,126349,1,1,2021-10-11 19:30:38,2021-10-11 19:30:38
120060,126359,1,1,2021-10-11 18:47:27,2021-10-11 18:47:27
120060,126362,1,1,2021-10-11 18:33:28,2021-10-11 18:33:28
120060,126577,1,1,2021-10-18 22:30:04,2021-10-18 22:30:04
120060,126696,1,1,2021-11-21 05:39:23,2021-11-21 05:39:23
120060,127440,1,1,2021-11-14 12:14:27,2021-11-14 12:14:27
120070,112985,1,1,2021-06-30 11:45:33,2021-06-30 11:45:33
120074,119837,1,1,2021-06-30 15:29:08,2021-06-30 15:29:08
120187,71246,1,1,2021-07-02 22:38:43,2021-07-02 22:38:43
120195,84891,1,0,2021-07-04 18:35:04,2021-07-04 18:35:04
120195,106183,1,1,2021-07-03 06:11:49,2021-07-03 06:11:49
120195,120213,1,1,2021-07-03 23:11:45,2021-07-03 23:11:45
120269,120268,1,1,2021-07-05 10:17:25,2021-07-05 10:17:25
120313,118594,1,1,2021-07-06 08:10:28,2021-07-06 08:10:28
120313,145714,1,0,2023-02-08 14:36:30,2023-02-08 14:36:30
120320,117682,1,1,2026-02-21 04:22:43,2026-02-21 04:22:43
120377,120367,4,1,2021-07-07 09:35:55,2021-07-12 14:58:29
120470,56533,1,1,2024-02-21 20:07:02,2024-02-21 20:07:02
120470,115214,1,1,2024-02-26 21:16:04,2024-02-26 21:16:04
120470,161119,1,1,2024-02-28 06:42:30,2024-02-28 06:42:30
120488,98839,1,1,2021-08-04 13:37:58,2021-08-04 13:37:58
120581,58341,1,0,2021-07-22 05:51:28,2021-07-22 05:51:28
120581,120554,1,1,2021-07-18 06:55:02,2021-07-18 06:55:02
120581,121032,1,0,2021-07-22 12:19:41,2021-07-22 12:19:41
120641,109295,1,0,2021-07-13 02:00:58,2021-07-13 02:00:58
120675,120986,2,1,2021-07-21 13:32:39,2021-07-22 09:00:14
120689,120683,2,1,2021-07-13 23:58:23,2021-07-14 19:41:53
120715,108473,1,1,2021-07-14 12:01:10,2021-07-14 12:01:10
120737,119701,1,1,2021-07-14 21:47:45,2021-07-14 21:47:45
120743,78596,1,1,2021-07-15 16:11:27,2021-07-15 16:11:27
120743,120700,1,1,2021-07-15 00:51:12,2021-07-15 00:51:12
120760,37363,1,1,2021-08-22 06:28:52,2021-08-22 06:28:52
120760,117561,1,0,2021-07-29 06:18:55,2021-07-29 06:18:55
120760,120915,1,1,2021-12-21 06:25:48,2021-12-21 06:25:48
120849,122363,1,1,2021-07-30 21:22:24,2021-07-30 21:22:24
120910,68313,1,0,2024-01-27 15:56:00,2024-01-27 15:56:00
120910,137136,1,0,2025-04-02 03:59:58,2025-04-02 03:59:58
120910,185572,1,0,2025-08-01 08:40:26,2025-08-01 08:40:26
120927,120924,2,1,2021-07-19 19:42:52,2021-07-21 13:41:06
120988,106376,1,0,2021-07-21 09:28:57,2021-07-21 09:28:57
121055,1177,1,0,2021-07-23 13:24:24,2021-07-23 13:24:24
121083,121079,1,1,2021-07-23 13:59:02,2021-07-23 13:59:02
121100,127966,1,1,2021-11-20 23:18:42,2021-11-20 23:18:42
121108,109441,1,0,2022-06-04 19:17:56,2022-06-04 19:17:56
121137,121127,1,1,2021-07-25 08:15:24,2021-07-25 08:15:24
121162,165346,1,0,2024-07-10 07:02:21,2024-07-10 07:02:21
121167,57727,3,1,2021-11-11 13:00:28,2021-11-24 13:03:07
121167,89545,1,0,2021-11-02 09:17:24,2021-11-02 09:17:24
121167,98205,1,1,2021-08-23 15:54:25,2021-08-23 15:54:25
121167,102722,1,1,2021-09-21 13:14:00,2021-09-21 13:14:00
121167,104153,1,1,2021-11-29 10:47:11,2021-11-29 10:47:11
121167,109261,1,1,2021-07-27 07:49:46,2021-07-27 07:49:46
121167,111618,3,1,2021-11-15 13:00:30,2021-11-16 10:54:09
121167,119921,1,1,2021-08-28 17:13:53,2021-08-28 17:13:53
121167,121019,2,2,2021-07-27 08:01:20,2021-08-18 12:36:43
121167,121177,1,1,2021-07-27 07:39:59,2021-07-27 07:39:59
121167,121267,1,1,2021-07-28 11:01:58,2021-07-28 11:01:58
121167,122569,1,1,2021-08-19 13:53:30,2021-08-19 13:53:30
121167,122641,1,1,2021-09-03 17:25:10,2021-09-03 17:25:10
121167,122973,1,1,2021-08-23 13:45:42,2021-08-23 13:45:42
121167,123071,1,1,2021-08-18 12:33:45,2021-08-18 12:33:45
121167,123299,1,1,2021-08-20 13:27:10,2021-08-20 13:27:10
121167,124813,1,0,2021-11-12 07:41:03,2021-11-12 07:41:03
121167,126598,1,1,2021-10-18 07:08:05,2021-10-18 07:08:05
121167,126689,1,1,2021-10-25 06:51:12,2021-10-25 06:51:12
121167,126822,1,1,2021-10-25 06:40:54,2021-10-25 06:40:54
121167,127927,1,0,2021-11-23 05:36:16,2021-11-23 05:36:16
121167,128293,1,1,2021-11-29 10:33:00,2021-11-29 10:33:00
121201,98077,1,1,2021-07-27 01:28:23,2021-07-27 01:28:23
121241,122624,1,1,2022-04-16 03:01:26,2022-04-16 03:01:26
121247,121243,1,1,2021-07-27 20:42:48,2021-07-27 20:42:48
122356,122322,1,1,2021-07-30 08:55:10,2021-07-30 08:55:10
122356,122609,1,1,2021-08-05 14:40:11,2021-08-05 14:40:11
122366,110773,1,1,2021-08-18 07:19:42,2021-08-18 07:19:42
122410,116774,1,1,2022-02-21 01:31:16,2022-02-21 01:31:16
122410,122872,1,1,2022-02-22 23:18:59,2022-02-22 23:18:59
122410,131408,3,1,2022-02-23 00:33:24,2022-02-23 04:16:43
122410,131957,3,1,2022-02-23 17:49:40,2022-02-23 18:37:36
122424,130252,1,0,2021-12-29 11:15:49,2021-12-29 11:15:49
122429,119921,2,1,2021-08-06 08:44:32,2021-08-06 08:52:57
122437,111463,1,1,2021-08-01 17:07:40,2021-08-01 17:07:40
122487,124797,1,1,2021-11-11 13:54:43,2021-11-11 13:54:43
122488,44456,3,1,2023-02-25 18:17:59,2023-02-26 23:13:42
122488,97792,1,0,2023-02-26 01:55:16,2023-02-26 01:55:16
122488,115501,1,0,2023-02-25 15:26:05,2023-02-25 15:26:05
122488,138508,6,1,2023-02-24 22:17:05,2023-02-25 13:46:06
122539,123265,1,1,2021-08-20 08:18:25,2021-08-20 08:18:25
122539,125527,1,1,2021-11-11 11:15:56,2021-11-11 11:15:56
122568,117892,1,1,2021-08-04 07:34:20,2021-08-04 07:34:20
122592,108211,1,0,2021-08-04 17:03:49,2021-08-04 17:03:49
122613,143369,1,1,2022-12-06 06:14:15,2022-12-06 06:14:15
122613,143514,1,0,2022-12-06 05:17:10,2022-12-06 05:17:10
122615,146480,1,1,2023-12-11 19:40:27,2023-12-11 19:40:27
122641,51624,1,0,2021-10-29 13:12:06,2021-10-29 13:12:06
122641,64199,1,1,2021-09-28 13:25:28,2021-09-28 13:25:28
122641,106719,1,1,2021-10-27 04:48:26,2021-10-27 04:48:26
122641,115622,1,1,2021-09-29 12:49:59,2021-09-29 12:49:59
122641,119448,1,1,2021-09-27 04:41:28,2021-09-27 04:41:28
122641,125251,1,1,2021-09-14 15:52:15,2021-09-14 15:52:15
122641,127003,1,0,2021-10-27 05:39:21,2021-10-27 05:39:21
122645,21254,2,1,2021-08-07 02:11:16,2021-08-12 12:11:23
122645,57835,2,1,2021-08-23 22:46:14,2021-08-25 02:26:56
122645,61445,1,1,2021-08-16 01:07:04,2021-08-16 01:07:04
122645,71442,1,1,2021-08-21 14:42:55,2021-08-21 14:42:55
122645,79408,2,1,2021-08-14 18:08:16,2021-08-15 03:30:37
122645,103326,1,0,2021-09-14 02:23:35,2021-09-14 02:23:35
122645,105469,4,1,2021-08-27 18:42:31,2021-09-03 22:50:12
122645,105865,1,1,2021-08-31 21:17:46,2021-08-31 21:17:46
122645,111715,1,1,2021-08-17 01:31:16,2021-08-17 01:31:16
122645,112583,2,1,2021-08-08 16:00:37,2021-08-08 21:48:17
122645,121267,2,2,2021-08-13 16:14:55,2021-08-25 19:18:17
122645,122630,1,1,2021-08-05 20:28:57,2021-08-05 20:28:57
122645,122679,1,1,2021-08-12 12:19:49,2021-08-12 12:19:49
122645,122712,1,1,2021-08-07 20:16:19,2021-08-07 20:16:19
122645,123428,4,1,2021-08-26 12:11:05,2021-08-26 15:42:32
122645,123468,1,1,2021-08-25 02:30:09,2021-08-25 02:30:09
122645,124797,1,1,2021-09-02 11:37:42,2021-09-02 11:37:42
122645,125228,1,0,2021-09-14 02:26:24,2021-09-14 02:26:24
122728,19261,1,0,2021-11-27 05:07:59,2021-11-27 05:07:59
122728,45610,1,0,2022-02-03 09:55:28,2022-02-03 09:55:28
122728,87037,1,1,2021-08-10 17:17:40,2021-08-10 17:17:40
122728,112672,1,1,2021-08-16 15:18:00,2021-08-16 15:18:00
122728,113588,1,1,2021-08-10 16:57:21,2021-08-10 16:57:21
122728,113643,1,1,2021-08-07 19:17:40,2021-08-07 19:17:40
122728,119639,1,1,2021-10-21 09:29:36,2021-10-21 09:29:36
122728,122720,1,1,2021-08-07 18:05:47,2021-08-07 18:05:47
122728,122963,1,1,2021-08-16 16:28:38,2021-08-16 16:28:38
122728,123187,2,1,2021-08-18 11:38:24,2021-08-18 12:39:22
122728,126737,1,1,2021-10-20 15:38:52,2021-10-20 15:38:52
122728,128406,1,1,2021-12-03 17:10:05,2021-12-03 17:10:05
122728,128487,1,1,2021-12-03 17:22:26,2021-12-03 17:22:26
122728,130572,1,0,2022-01-04 05:17:30,2022-01-04 05:17:30
122761,57434,1,1,2021-12-18 14:14:35,2021-12-18 14:14:35
122806,3090,1,1,2022-02-18 06:48:51,2022-02-18 06:48:51
122806,29609,1,1,2022-02-18 06:40:28,2022-02-18 06:40:28
122806,105469,2,0,2022-02-18 06:57:25,2022-02-18 08:21:54
122806,132730,1,0,2022-02-23 06:39:53,2022-02-23 06:39:53
122806,132752,2,0,2022-02-23 06:27:48,2022-02-24 05:51:01
122823,119771,1,1,2021-08-10 13:24:43,2021-08-10 13:24:43
122832,122807,1,1,2021-08-12 04:50:05,2021-08-12 04:50:05
122832,122830,1,1,2021-08-10 19:22:43,2021-08-10 19:22:43
122834,96187,1,0,2021-08-10 18:41:56,2021-08-10 18:41:56
122839,119771,1,0,2021-08-10 20:07:05,2021-08-10 20:07:05
122877,122875,1,1,2021-08-11 16:43:20,2021-08-11 16:43:20
122881,66508,1,1,2023-03-08 10:31:56,2023-03-08 10:31:56
122881,107136,1,0,2022-04-25 07:51:29,2022-04-25 07:51:29
122881,138508,1,1,2023-03-16 12:11:25,2023-03-16 12:11:25
122881,147702,1,1,2023-03-08 08:40:54,2023-03-08 08:40:54
122881,148349,1,1,2023-03-27 09:33:39,2023-03-27 09:33:39
123053,112362,1,0,2021-08-31 08:28:43,2021-08-31 08:28:43
123162,64377,1,0,2021-09-10 22:04:20,2021-09-10 22:04:20
123162,83791,6,0,2021-09-08 15:36:02,2021-09-08 16:04:57
123162,122641,1,1,2021-09-20 20:32:08,2021-09-20 20:32:08
123162,125021,1,1,2021-09-08 14:42:15,2021-09-08 14:42:15
123236,125527,2,1,2022-02-25 04:57:18,2022-02-26 07:59:23
123236,132383,1,1,2022-02-21 08:38:41,2022-02-21 08:38:41
123247,170835,1,0,2024-11-28 12:40:25,2024-11-28 12:40:25
123255,98077,1,1,2022-01-04 12:38:34,2022-01-04 12:38:34
123273,112789,2,1,2021-08-19 22:30:13,2021-09-23 21:37:20
123287,37363,1,1,2021-08-20 10:10:39,2021-08-20 10:10:39
123340,6641,1,1,2023-05-04 19:32:15,2023-05-04 19:32:15
123340,56302,1,0,2023-02-03 04:09:12,2023-02-03 04:09:12
123341,116451,1,1,2021-08-21 23:05:34,2021-08-21 23:05:34
123389,33912,1,1,2021-08-23 09:03:23,2021-08-23 09:03:23
123407,61884,1,1,2023-11-13 17:09:24,2023-11-13 17:09:24
123438,108085,1,1,2021-11-01 18:23:25,2021-11-01 18:23:25
123499,119140,1,0,2024-05-24 09:23:42,2024-05-24 09:23:42
123568,20904,1,0,2021-11-29 04:59:40,2021-11-29 04:59:40
123568,38887,1,0,2026-04-27 14:17:13,2026-04-27 14:17:13
123568,62846,1,1,2026-03-04 13:28:09,2026-03-04 13:28:09
123568,70546,2,1,2021-10-18 09:29:18,2021-10-18 10:04:30
123568,85728,1,0,2021-12-24 04:34:40,2021-12-24 04:34:40
123568,89868,1,1,2021-10-11 05:50:02,2021-10-11 05:50:02
123568,98775,1,1,2021-08-29 15:24:54,2021-08-29 15:24:54
123568,105074,1,0,2021-12-20 08:17:47,2021-12-20 08:17:47
123568,105948,1,1,2026-02-28 11:21:53,2026-02-28 11:21:53
123568,110649,1,0,2021-09-23 17:38:25,2021-09-23 17:38:25
123568,112749,2,1,2021-09-22 13:09:34,2021-09-23 05:13:56
123568,113901,1,1,2021-12-16 18:26:32,2021-12-16 18:26:32
123568,123612,2,1,2021-08-28 16:07:17,2021-09-07 05:47:04
123568,125168,2,1,2021-09-13 06:09:15,2021-09-14 04:51:29
123568,125527,8,1,2021-09-22 05:30:12,2021-12-17 04:28:06
123568,125609,3,0,2021-09-23 07:26:30,2021-09-25 05:16:23
123568,125964,1,1,2021-10-04 05:15:53,2021-10-04 05:15:53
123568,126012,1,0,2021-10-04 11:17:15,2021-10-04 11:17:15
123568,126228,1,0,2021-10-09 03:55:40,2021-10-09 03:55:40
123568,126798,1,1,2021-10-22 06:46:44,2021-10-22 06:46:44
123568,127268,1,0,2021-11-05 05:12:03,2021-11-05 05:12:03
123568,127412,1,1,2021-11-15 10:56:43,2021-11-15 10:56:43
123568,128094,1,0,2021-11-25 05:12:36,2021-11-25 05:12:36
123568,131917,1,0,2022-02-07 10:41:01,2022-02-07 10:41:01
123617,116106,2,1,2021-09-07 14:19:48,2021-09-08 14:22:20
123634,69845,1,1,2021-08-29 07:33:51,2021-08-29 07:33:51
123636,123598,1,1,2021-08-29 07:48:41,2021-08-29 07:48:41
123643,119923,1,1,2021-08-29 11:15:54,2021-08-29 11:15:54
123657,21254,1,1,2021-09-03 15:50:24,2021-09-03 15:50:24
123657,122863,1,1,2021-08-29 18:18:23,2021-08-29 18:18:23
123657,123488,1,1,2021-08-29 19:03:40,2021-08-29 19:03:40
123657,123644,1,1,2021-08-29 17:59:30,2021-08-29 17:59:30
123657,123725,1,1,2021-09-01 15:16:12,2021-09-01 15:16:12
123657,124800,1,1,2021-09-02 12:26:09,2021-09-02 12:26:09
123662,123608,1,1,2021-08-30 00:03:55,2021-08-30 00:03:55
123680,125363,1,1,2023-08-31 14:32:28,2023-08-31 14:32:28
123680,153438,1,1,2023-08-31 14:25:59,2023-08-31 14:25:59
123680,153520,1,1,2023-08-09 13:27:46,2023-08-09 13:27:46
123689,7730,3,0,2025-10-15 14:28:41,2025-10-15 14:34:51
123689,25529,1,1,2022-02-14 15:08:34,2022-02-14 15:08:34
123689,30464,1,1,2025-10-14 20:08:42,2025-10-14 20:08:42
123689,54050,1,1,2021-10-08 15:19:13,2021-10-08 15:19:13
123689,63565,1,1,2021-10-06 18:30:29,2021-10-06 18:30:29
123689,73751,2,1,2022-02-09 00:03:54,2022-02-09 18:47:54
123689,85897,1,1,2022-01-31 16:52:38,2022-01-31 16:52:38
123689,98472,2,0,2022-03-27 16:27:52,2022-03-27 16:53:16
123689,108085,1,1,2021-10-20 18:21:51,2021-10-20 18:21:51
123689,110503,1,1,2021-11-05 15:03:53,2021-11-05 15:03:53
123689,111618,2,0,2022-02-16 15:36:13,2022-02-16 16:12:54
123689,118721,1,0,2022-02-25 05:53:44,2022-02-25 05:53:44
123689,119848,1,1,2022-01-28 03:35:11,2022-01-28 03:35:11
123689,119921,1,0,2021-10-08 15:40:24,2021-10-08 15:40:24
123689,119938,1,1,2022-02-25 06:19:19,2022-02-25 06:19:19
123689,122806,1,1,2022-03-02 21:42:08,2022-03-02 21:42:08
123689,123598,1,1,2021-08-30 16:10:44,2021-08-30 16:10:44
123689,123608,4,1,2021-08-30 16:04:42,2021-08-30 17:27:00
123689,126059,1,1,2021-10-06 18:40:47,2021-10-06 18:40:47
123689,132123,1,0,2022-02-14 15:14:58,2022-02-14 15:14:58
123689,132241,1,1,2022-02-10 20:31:23,2022-02-10 20:31:23
123689,132479,1,1,2022-02-16 19:32:36,2022-02-16 19:32:36
123689,132933,1,0,2022-02-28 17:09:13,2022-02-28 17:09:13
123689,133058,1,0,2022-03-03 15:09:12,2022-03-03 15:09:12
123689,133132,1,1,2022-03-10 20:33:45,2022-03-10 20:33:45
123689,134642,1,1,2022-04-20 15:08:26,2022-04-20 15:08:26
123689,141202,1,1,2025-10-15 14:50:16,2025-10-15 14:50:16
123689,164133,1,1,2025-09-17 20:18:18,2025-09-17 20:18:18
123689,185080,1,1,2025-07-21 04:35:03,2025-07-21 04:35:03
123690,115275,1,1,2021-08-30 16:28:25,2021-08-30 16:28:25
123746,51603,1,1,2022-02-27 14:14:00,2022-02-27 14:14:00
123746,63745,1,1,2022-03-04 08:32:01,2022-03-04 08:32:01
123746,111618,2,1,2022-03-05 16:45:49,2022-03-05 17:16:02
123746,131363,1,1,2022-03-04 07:48:39,2022-03-04 07:48:39
123746,132898,1,1,2022-02-27 14:06:49,2022-02-27 14:06:49
123746,133055,1,0,2022-03-04 08:59:45,2022-03-04 08:59:45
123762,123438,1,0,2021-09-01 14:16:10,2021-09-01 14:16:10
123763,119921,1,0,2021-09-22 20:28:34,2021-09-22 20:28:34
123763,125479,1,0,2021-09-22 20:28:13,2021-09-22 20:28:13
124825,105502,1,1,2021-09-02 20:28:08,2021-09-02 20:28:08
124870,63862,1,1,2021-09-04 10:06:06,2021-09-04 10:06:06
124932,69263,1,1,2021-09-06 01:21:38,2021-09-06 01:21:38
124987,116113,1,0,2021-09-07 13:38:09,2021-09-07 13:38:09
125003,21471,1,1,2021-09-07 23:35:12,2021-09-07 23:35:12
125079,122424,2,1,2021-10-09 05:09:50,2021-10-09 15:58:13
125079,125747,1,1,2021-10-11 07:03:12,2021-10-11 07:03:12
125079,126307,4,2,2021-10-10 07:22:15,2021-10-10 16:20:34
125079,127707,1,0,2021-11-13 18:28:11,2021-11-13 18:28:11
125094,64377,1,0,2021-10-12 05:13:25,2021-10-12 05:13:25
125145,96342,1,0,2021-12-25 08:15:48,2021-12-25 08:15:48
125194,126630,1,0,2022-04-18 21:36:08,2022-04-18 21:36:08
125292,68313,2,1,2021-09-15 12:37:34,2021-09-16 06:21:25
125324,29609,1,1,2021-12-13 07:25:06,2021-12-13 07:25:06
125324,73930,1,0,2021-10-07 05:54:57,2021-10-07 05:54:57
125324,111128,3,1,2021-09-22 23:21:53,2021-09-23 05:25:25
125324,117727,2,1,2021-11-14 14:59:25,2021-11-22 13:39:30
125324,122574,1,1,2021-09-29 15:45:48,2021-09-29 15:45:48
125324,125602,1,1,2021-09-22 23:08:52,2021-09-22 23:08:52
125324,125624,3,1,2021-09-23 06:09:17,2021-10-12 04:14:09
125324,125628,1,1,2021-09-23 06:26:17,2021-09-23 06:26:17
125324,125882,1,1,2021-09-29 15:12:42,2021-09-29 15:12:42
125324,126070,1,1,2021-10-04 17:36:29,2021-10-04 17:36:29
125324,126118,1,0,2021-10-07 11:24:15,2021-10-07 11:24:15
125324,126188,1,0,2021-10-07 12:44:50,2021-10-07 12:44:50
125324,126665,1,1,2021-10-19 04:06:06,2021-10-19 04:06:06
125324,126699,1,1,2021-10-20 07:11:55,2021-10-20 07:11:55
125324,128034,1,1,2022-04-23 19:27:00,2022-04-23 19:27:00
125324,134569,1,1,2022-04-23 19:40:25,2022-04-23 19:40:25
125334,67993,1,1,2021-09-16 14:27:25,2021-09-16 14:27:25
125334,125326,1,1,2021-09-16 14:03:03,2021-09-16 14:03:03
125428,117510,1,1,2021-09-18 12:10:03,2021-09-18 12:10:03
125428,122641,1,1,2021-09-18 11:53:15,2021-09-18 11:53:15
125428,122832,1,1,2021-09-18 11:31:48,2021-09-18 11:31:48
125429,125412,1,1,2021-09-18 11:59:30,2021-09-18 11:59:30
125434,112139,1,1,2021-09-18 14:45:59,2021-09-18 14:45:59
125443,29157,2,1,2024-06-25 16:51:20,2024-07-06 11:48:23
125443,110191,1,1,2024-06-29 23:52:48,2024-06-29 23:52:48
125455,82027,2,1,2021-09-21 16:07:48,2021-09-22 11:56:49
125455,83143,1,1,2021-09-24 05:39:27,2021-09-24 05:39:27
125455,125523,1,1,2021-09-21 15:20:42,2021-09-21 15:20:42
125455,125538,2,1,2021-09-22 05:51:22,2021-09-22 11:24:35
125455,125583,2,1,2021-09-22 15:36:39,2021-09-23 01:51:51
125455,125624,2,1,2021-09-24 09:36:30,2021-09-24 12:32:45
125455,125741,1,1,2021-09-28 08:50:58,2021-09-28 08:50:58
125479,112749,1,1,2021-09-23 04:10:22,2021-09-23 04:10:22
125479,122641,1,1,2021-09-22 15:23:29,2021-09-22 15:23:29
125503,119921,1,1,2021-09-20 18:19:58,2021-09-20 18:19:58
125527,41629,1,0,2021-11-18 11:31:45,2021-11-18 11:31:45
125527,64377,1,0,2022-03-17 07:37:05,2022-03-17 07:37:05
125527,74973,1,0,2022-03-14 12:46:21,2022-03-14 12:46:21
125527,102713,1,0,2022-03-09 16:55:05,2022-03-09 16:55:05
125527,119921,2,1,2021-11-18 12:37:59,2021-11-18 14:24:57
125527,133538,1,1,2022-03-22 16:27:45,2022-03-22 16:27:45
125527,133548,1,1,2022-03-17 07:56:13,2022-03-17 07:56:13
125527,133609,4,2,2022-03-18 10:34:32,2022-03-29 13:13:59
125527,133790,1,1,2022-03-24 15:29:54,2022-03-24 15:29:54
125527,136230,1,1,2022-05-27 07:26:03,2022-05-27 07:26:03
125539,125538,3,1,2021-09-21 16:33:49,2021-09-28 13:16:29
125590,107002,1,1,2021-09-22 15:36:46,2021-09-22 15:36:46
125616,112108,1,1,2021-09-22 21:54:05,2021-09-22 21:54:05
125618,28780,1,0,2021-09-24 12:12:27,2021-09-24 12:12:27
125618,64125,1,0,2021-09-22 21:25:56,2021-09-22 21:25:56
125618,95548,1,1,2021-09-22 21:22:38,2021-09-22 21:22:38
125659,115588,1,1,2021-09-24 12:48:37,2021-09-24 12:48:37
125667,75239,2,0,2021-11-22 22:59:19,2021-11-24 22:17:17
125698,115588,1,1,2021-09-24 13:41:15,2021-09-24 13:41:15
125756,107002,1,1,2021-09-26 19:10:01,2021-09-26 19:10:01
125771,37510,1,0,2021-10-16 19:10:54,2021-10-16 19:10:54
125771,111715,2,1,2021-10-08 12:30:18,2021-10-15 19:19:00
125771,125747,1,1,2021-09-27 01:22:05,2021-09-27 01:22:05
125771,125878,2,1,2021-09-29 12:33:46,2021-09-29 20:14:01
125775,115551,1,1,2021-09-27 06:02:46,2021-09-27 06:02:46
125890,125887,1,1,2021-09-29 15:28:56,2021-09-29 15:28:56
125897,28117,1,1,2021-09-29 18:27:33,2021-09-29 18:27:33
125901,84263,1,1,2021-10-03 10:44:15,2021-10-03 10:44:15
125901,103683,1,0,2021-10-03 10:27:45,2021-10-03 10:27:45
125901,119921,1,0,2021-10-08 12:00:08,2021-10-08 12:00:08
125901,125900,2,2,2021-09-30 00:38:29,2021-09-30 22:31:50
125901,126054,2,1,2021-10-04 11:22:39,2021-10-05 09:16:35
125914,122973,2,0,2021-09-30 08:42:57,2021-09-30 15:22:18
125970,126059,1,1,2021-10-04 15:53:25,2021-10-04 15:53:25
125972,125968,1,1,2021-10-01 21:20:28,2021-10-01 21:20:28
125972,126039,1,1,2021-10-04 13:45:15,2021-10-04 13:45:15
125974,99183,1,1,2021-10-01 22:03:43,2021-10-01 22:03:43
125990,51481,1,1,2024-03-23 13:54:51,2024-03-23 13:54:51
126012,84263,1,0,2021-10-03 03:32:05,2021-10-03 03:32:05
126029,64199,1,1,2022-02-11 12:09:09,2022-02-11 12:09:09
126029,64876,1,1,2022-01-11 16:51:45,2022-01-11 16:51:45
126029,112942,1,0,2022-08-10 10:43:06,2022-08-10 10:43:06
126029,126520,1,1,2021-10-15 13:01:23,2021-10-15 13:01:23
126029,130835,1,1,2022-01-11 16:59:04,2022-01-11 16:59:04
126029,139096,1,1,2022-08-11 08:32:34,2022-08-11 08:32:34
126029,139149,2,1,2022-08-18 10:52:04,2022-08-18 12:41:29
126047,119461,1,1,2021-10-04 06:41:16,2021-10-04 06:41:16
126047,122767,1,1,2021-10-04 06:25:56,2021-10-04 06:25:56
126047,126039,1,1,2021-10-04 09:09:05,2021-10-04 09:09:05
126065,125710,1,1,2021-10-04 14:42:04,2021-10-04 14:42:04
126156,75157,1,0,2021-12-20 20:56:37,2021-12-20 20:56:37
126241,79520,1,1,2022-09-19 11:02:47,2022-09-19 11:02:47
126241,89611,1,1,2022-09-19 13:22:44,2022-09-19 13:22:44
126241,140119,1,1,2022-09-19 13:26:48,2022-09-19 13:26:48
126241,140631,1,0,2022-09-20 09:45:55,2022-09-20 09:45:55
126385,126383,4,1,2021-10-12 09:02:44,2021-10-18 12:53:07
126386,70546,2,1,2022-10-04 21:04:42,2022-10-04 21:40:26
126386,98535,1,1,2021-10-12 10:57:55,2021-10-12 10:57:55
126466,125747,1,1,2022-01-12 04:29:33,2022-01-12 04:29:33
126503,115186,1,1,2021-10-15 02:00:02,2021-10-15 02:00:02
126530,3083,1,1,2022-10-27 10:31:01,2022-10-27 10:31:01
126530,13618,1,1,2022-12-06 13:04:54,2022-12-06 13:04:54
126530,56396,3,1,2022-10-19 14:17:58,2022-10-20 11:38:03
126530,94461,1,1,2022-11-30 13:42:39,2022-11-30 13:42:39
126530,117614,1,1,2022-10-19 14:27:36,2022-10-19 14:27:36
126530,121167,1,1,2022-10-21 08:18:56,2022-10-21 08:18:56
126530,130860,2,2,2022-10-18 21:20:45,2022-10-28 11:58:43
126530,130902,1,1,2022-10-25 08:30:41,2022-10-25 08:30:41
126530,133716,1,1,2022-10-21 20:13:35,2022-10-21 20:13:35
126530,141429,1,0,2022-10-28 08:53:05,2022-10-28 08:53:05
126530,141762,2,0,2022-10-21 13:57:02,2022-10-23 19:38:01
126530,141901,1,1,2022-10-25 08:03:48,2022-10-25 08:03:48
126530,142089,1,1,2022-10-28 07:39:49,2022-10-28 07:39:49
126530,142123,1,1,2022-10-28 10:10:36,2022-10-28 10:10:36
126581,8013,1,1,2021-10-28 08:21:57,2021-10-28 08:21:57
126607,102852,1,0,2022-11-09 20:12:59,2022-11-09 20:12:59
126614,70546,2,1,2021-10-18 03:40:22,2021-10-18 04:53:17
126614,98535,1,0,2021-10-18 04:50:49,2021-10-18 04:50:49
126633,130999,1,1,2022-04-08 18:35:43,2022-04-08 18:35:43
126661,53468,3,2,2022-01-06 07:13:55,2022-01-18 00:34:45
126661,117400,1,1,2021-12-22 04:08:22,2021-12-22 04:08:22
126661,126501,2,1,2021-10-19 02:43:55,2021-10-20 17:49:43
126670,145376,1,1,2023-01-30 10:03:26,2023-01-30 10:03:26
126675,125533,1,0,2021-10-19 08:01:06,2021-10-19 08:01:06
126760,125079,1,1,2021-10-20 20:38:12,2021-10-20 20:38:12
126766,41033,1,1,2021-10-21 03:44:42,2021-10-21 03:44:42
126773,54612,1,1,2021-11-01 11:19:10,2021-11-01 11:19:10
126773,112822,1,1,2021-11-03 17:19:46,2021-11-03 17:19:46
126773,125747,1,1,2021-11-08 18:36:13,2021-11-08 18:36:13
126773,127214,1,1,2021-11-03 07:50:32,2021-11-03 07:50:32
126800,126798,1,0,2021-10-21 20:12:26,2021-10-21 20:12:26
126800,130679,1,0,2022-07-16 21:10:11,2022-07-16 21:10:11
126909,82027,1,1,2021-10-24 20:27:16,2021-10-24 20:27:16
127049,161611,3,1,2024-03-19 01:48:26,2024-03-20 01:47:47
127049,161615,2,1,2024-03-19 04:39:45,2024-03-20 02:17:07
127053,21,1,0,2021-11-05 10:12:53,2021-11-05 10:12:53
127053,127039,1,1,2021-10-31 18:49:49,2021-10-31 18:49:49
127093,105502,1,0,2021-10-29 06:48:06,2021-10-29 06:48:06
127132,127550,1,1,2022-01-02 06:29:06,2022-01-02 06:29:06
127133,115882,1,1,2021-10-30 10:36:38,2021-10-30 10:36:38
127281,70762,1,1,2021-11-04 04:20:58,2021-11-04 04:20:58
127281,111125,1,1,2021-11-04 12:16:23,2021-11-04 12:16:23
127281,117548,1,1,2021-11-15 03:22:42,2021-11-15 03:22:42
127281,123265,2,1,2021-11-06 10:18:02,2021-11-08 17:08:05
127281,127366,1,1,2021-11-14 14:45:26,2021-11-14 14:45:26
127281,127750,2,0,2021-11-16 03:28:40,2021-11-17 05:29:25
127362,125276,2,1,2022-02-20 17:57:52,2022-02-20 21:55:29
127387,109295,1,1,2021-11-05 02:29:44,2021-11-05 02:29:44
127387,112944,1,0,2021-11-08 14:39:06,2021-11-08 14:39:06
127416,56302,1,0,2022-02-05 14:02:33,2022-02-05 14:02:33
127416,111822,2,1,2021-12-30 20:04:07,2021-12-30 20:45:58
127416,119921,2,1,2021-12-05 14:29:34,2021-12-07 14:18:18
127416,122830,1,1,2021-12-11 15:51:17,2021-12-11 15:51:17
127416,125760,1,1,2022-02-04 00:38:25,2022-02-04 00:38:25
127416,127579,2,1,2021-12-28 15:31:28,2021-12-28 16:00:42
127416,128528,1,1,2021-12-05 08:28:14,2021-12-05 08:28:14
127416,128662,2,1,2021-12-17 02:08:22,2021-12-17 14:45:20
127416,128690,2,1,2021-12-09 12:42:23,2021-12-09 14:16:00
127416,128867,1,1,2021-12-14 14:09:27,2021-12-14 14:09:27
127416,129977,2,0,2021-12-17 03:18:08,2021-12-17 13:01:14
127416,130007,1,1,2021-12-18 03:23:59,2021-12-18 03:23:59
127416,130111,1,1,2021-12-21 13:33:26,2021-12-21 13:33:26
127416,131650,4,2,2022-02-08 03:34:13,2022-02-18 02:17:21
127416,132123,2,1,2022-02-15 01:20:22,2022-02-17 19:34:33
127416,162878,1,1,2024-05-27 02:45:58,2024-05-27 02:45:58
127433,22078,1,1,2025-05-30 20:56:10,2025-05-30 20:56:10
127499,127464,1,1,2021-11-08 11:19:46,2021-11-08 11:19:46
127506,33912,1,1,2022-03-15 16:55:23,2022-03-15 16:55:23
127506,71172,2,0,2022-04-13 08:59:02,2022-04-13 09:06:50
127506,73930,1,0,2022-01-18 14:07:45,2022-01-18 14:07:45
127506,88933,1,0,2022-04-13 09:08:50,2022-04-13 09:08:50
127506,110412,1,0,2022-04-26 15:33:28,2022-04-26 15:33:28
127506,125527,2,1,2022-03-22 12:55:46,2022-03-22 13:41:44
127506,130679,1,0,2022-04-28 12:19:48,2022-04-28 12:19:48
127506,130885,1,1,2022-01-18 13:42:18,2022-01-18 13:42:18
127506,132125,1,1,2022-02-09 10:12:05,2022-02-09 10:12:05
127506,133863,1,0,2022-03-29 16:28:17,2022-03-29 16:28:17
127506,134249,2,1,2022-04-05 15:02:39,2022-04-05 16:36:05
127506,134529,2,1,2022-04-13 09:01:39,2022-04-20 07:28:00
127506,135145,1,1,2022-04-29 10:24:35,2022-04-29 10:24:35
127507,124797,1,1,2021-11-10 16:11:37,2021-11-10 16:11:37
127534,127464,1,0,2021-11-09 04:58:14,2021-11-09 04:58:14
127536,66177,1,1,2021-11-09 05:54:44,2021-11-09 05:54:44
127673,127506,1,0,2021-11-12 15:56:41,2021-11-12 15:56:41
127678,142456,2,1,2022-11-07 08:43:42,2022-11-07 21:12:59
127723,50727,1,0,2021-11-14 08:23:26,2021-11-14 08:23:26
127751,111618,1,1,2021-11-15 03:03:15,2021-11-15 03:03:15
127770,111469,1,0,2021-11-15 16:28:48,2021-11-15 16:28:48
127846,130099,1,1,2021-12-21 08:05:54,2021-12-21 08:05:54
127847,68210,1,1,2021-11-17 12:31:14,2021-11-17 12:31:14
127848,119598,2,1,2021-11-17 12:48:03,2021-11-18 13:18:06
127878,31379,2,1,2022-01-12 06:34:48,2022-01-20 06:22:29
127878,45237,1,0,2022-01-20 06:24:39,2022-01-20 06:24:39
127878,127884,1,1,2021-11-18 01:39:59,2021-11-18 01:39:59
127917,121071,1,1,2021-11-18 21:17:59,2021-11-18 21:17:59
127950,102789,1,1,2022-06-02 15:21:32,2022-06-02 15:21:32
127950,126696,1,1,2021-11-19 23:34:06,2021-11-19 23:34:06
127991,54473,1,1,2021-11-21 12:18:00,2021-11-21 12:18:00
127991,54661,1,1,2021-11-21 11:56:29,2021-11-21 11:56:29
128033,155082,1,0,2024-11-15 13:31:35,2024-11-15 13:31:35
128043,104392,1,0,2021-11-22 18:56:46,2021-11-22 18:56:46
128050,112672,1,1,2021-11-22 23:13:10,2021-11-22 23:13:10
128102,116333,1,1,2021-11-24 00:34:27,2021-11-24 00:34:27
128102,128068,1,1,2021-11-25 02:09:18,2021-11-25 02:09:18
128102,128097,1,1,2021-11-24 00:46:15,2021-11-24 00:46:15
128102,128098,1,1,2021-11-24 00:56:36,2021-11-24 00:56:36
128134,102852,1,1,2021-11-24 16:29:12,2021-11-24 16:29:12
128135,142832,1,1,2022-11-15 23:14:38,2022-11-15 23:14:38
128204,119304,1,0,2021-11-26 09:23:44,2021-11-26 09:23:44
128251,108053,1,1,2021-11-28 00:28:59,2021-11-28 00:28:59
128251,128181,1,1,2021-11-27 12:14:10,2021-11-27 12:14:10
128251,128229,1,1,2021-11-27 11:59:51,2021-11-27 11:59:51
128251,128266,1,1,2021-11-28 03:57:19,2021-11-28 03:57:19
128256,128138,1,1,2021-11-27 16:18:16,2021-11-27 16:18:16
128363,2853,1,0,2021-12-01 06:42:44,2021-12-01 06:42:44
128363,49426,1,0,2021-12-01 06:42:49,2021-12-01 06:42:49
128363,59085,1,0,2021-11-30 09:45:45,2021-11-30 09:45:45
128363,73930,1,0,2021-11-30 09:24:09,2021-11-30 09:24:09
128421,128409,1,1,2021-12-01 22:37:13,2021-12-01 22:37:13
128422,127635,1,1,2021-12-01 22:44:59,2021-12-01 22:44:59
128422,133108,1,1,2022-03-04 22:20:57,2022-03-04 22:20:57
128423,121071,1,1,2022-02-16 04:55:23,2022-02-16 04:55:23
128423,128409,1,1,2021-12-02 00:34:50,2021-12-02 00:34:50
128444,132151,1,1,2024-04-09 07:56:08,2024-04-09 07:56:08
128444,162405,1,1,2024-04-23 09:30:13,2024-04-23 09:30:13
128444,162439,1,1,2024-04-23 10:02:06,2024-04-23 10:02:06
128467,119291,1,1,2021-12-03 03:48:36,2021-12-03 03:48:36
128544,115263,1,1,2021-12-05 17:10:12,2021-12-05 17:10:12
128575,97792,1,0,2023-09-08 10:01:09,2023-09-08 10:01:09
128620,64377,1,0,2021-12-07 13:34:45,2021-12-07 13:34:45
128631,71243,1,0,2022-12-19 03:02:28,2022-12-19 03:02:28
128631,128797,2,1,2021-12-12 21:17:51,2021-12-13 18:21:45
128631,128841,4,0,2021-12-13 18:26:50,2021-12-14 19:28:03
128631,128857,2,0,2021-12-14 19:38:40,2021-12-14 19:39:23
128631,128926,3,0,2021-12-15 20:37:46,2021-12-16 19:31:35
128631,128934,1,0,2021-12-16 08:07:50,2021-12-16 08:07:50
128632,98402,2,1,2022-12-20 19:43:32,2022-12-21 21:10:30
128632,128347,1,1,2021-12-07 22:02:48,2021-12-07 22:02:48
128674,98749,1,1,2024-04-08 02:59:20,2024-04-08 02:59:20
128721,127506,1,1,2022-08-11 13:55:16,2022-08-11 13:55:16
128721,138181,1,1,2022-07-18 13:48:26,2022-07-18 13:48:26
128721,162878,1,1,2024-05-26 10:36:22,2024-05-26 10:36:22
128741,49229,1,0,2022-09-04 18:20:30,2022-09-04 18:20:30
128862,135119,1,1,2023-04-27 17:09:34,2023-04-27 17:09:34
128874,128820,1,1,2021-12-14 15:30:51,2021-12-14 15:30:51
128913,58433,1,1,2021-12-15 13:12:53,2021-12-15 13:12:53
128913,128846,1,1,2021-12-15 13:31:03,2021-12-15 13:31:03
128922,128920,1,1,2021-12-21 08:40:14,2021-12-21 08:40:14
129995,130014,1,1,2021-12-18 09:04:51,2021-12-18 09:04:51
130000,130072,1,1,2021-12-20 13:34:42,2021-12-20 13:34:42
130034,130129,1,1,2021-12-23 00:46:00,2021-12-23 00:46:00
130049,130014,1,1,2021-12-19 12:46:01,2021-12-19 12:46:01
130097,141454,1,1,2022-10-16 00:58:08,2022-10-16 00:58:08
130112,99764,1,1,2021-12-21 10:29:48,2021-12-21 10:29:48
130117,128764,1,1,2021-12-21 14:24:38,2021-12-21 14:24:38
130204,122843,1,1,2022-09-17 13:51:05,2022-09-17 13:51:05
130213,10947,1,1,2021-12-24 22:24:03,2021-12-24 22:24:03
130213,104814,1,1,2021-12-24 21:37:28,2021-12-24 21:37:28
130295,809,1,1,2021-12-27 05:16:24,2021-12-27 05:16:24
130295,91877,1,1,2021-12-27 05:04:21,2021-12-27 05:04:21
130295,116867,1,1,2021-12-27 05:29:01,2021-12-27 05:29:01
130340,137751,1,1,2022-07-05 09:02:20,2022-07-05 09:02:20
130369,158463,1,1,2024-01-04 06:17:24,2024-01-04 06:17:24
130369,168099,1,1,2024-08-30 09:50:33,2024-08-30 09:50:33
130369,168202,2,1,2024-08-30 07:47:37,2024-08-30 09:44:06
130415,6641,1,1,2022-06-28 11:35:47,2022-06-28 11:35:47
130415,64876,3,1,2022-01-11 10:47:28,2022-01-11 16:19:36
130415,67502,1,0,2022-06-13 10:46:38,2022-06-13 10:46:38
130415,111822,1,1,2021-12-30 10:19:33,2021-12-30 10:19:33
130415,125457,2,1,2022-01-05 10:38:00,2022-01-06 12:38:50
130415,125527,2,1,2022-01-04 13:23:58,2022-01-04 13:36:15
130415,125747,1,1,2021-12-30 21:35:30,2021-12-30 21:35:30
130415,126241,1,1,2022-01-05 10:52:38,2022-01-05 10:52:38
130415,126564,1,1,2022-01-04 16:13:52,2022-01-04 16:13:52
130415,128487,1,1,2021-12-30 11:04:29,2021-12-30 11:04:29
130415,130610,1,1,2022-01-05 10:46:33,2022-01-05 10:46:33
130415,130668,1,1,2022-01-06 14:30:19,2022-01-06 14:30:19
130415,130902,2,1,2022-01-12 10:01:07,2022-06-28 11:47:52
130415,137189,2,1,2022-06-21 11:42:37,2022-06-22 21:16:02
130415,141776,2,1,2022-10-20 13:45:15,2022-10-21 11:22:59
130457,132073,1,1,2024-06-02 04:28:27,2024-06-02 04:28:27
130457,147942,1,1,2024-06-08 18:37:45,2024-06-08 18:37:45
130457,157002,2,1,2024-06-01 16:16:23,2024-06-11 12:57:29
130457,161035,2,1,2024-06-08 18:57:10,2024-06-09 05:26:28
130460,51670,1,1,2022-03-03 19:30:26,2022-03-03 19:30:26
130460,64363,1,1,2022-01-04 18:25:11,2022-01-04 18:25:11
130460,102713,1,1,2022-04-25 06:06:49,2022-04-25 06:06:49
130460,108053,1,1,2021-12-31 13:38:54,2021-12-31 13:38:54
130460,110020,1,1,2023-08-02 07:51:39,2023-08-02 07:51:39
130460,111515,1,1,2022-08-22 16:15:26,2022-08-22 16:15:26
130460,112854,1,1,2023-06-02 14:48:47,2023-06-02 14:48:47
130460,115204,1,1,2023-05-19 07:15:26,2023-05-19 07:15:26
130460,115588,1,1,2022-01-20 19:56:01,2022-01-20 19:56:01
130460,115600,1,1,2021-12-31 13:47:50,2021-12-31 13:47:50
130460,119921,1,1,2022-01-04 20:59:40,2022-01-04 20:59:40
130460,124989,1,1,2022-03-03 19:18:43,2022-03-03 19:18:43
130460,125747,1,1,2022-01-12 17:15:04,2022-01-12 17:15:04
130460,125803,1,1,2023-08-02 07:26:37,2023-08-02 07:26:37
130460,126630,1,1,2023-08-02 07:15:11,2023-08-02 07:15:11
130460,127579,1,1,2022-01-13 19:18:35,2022-01-13 19:18:35
130460,130416,2,1,2022-01-07 19:30:44,2022-01-09 08:08:56
130460,130803,2,1,2022-01-12 17:22:43,2022-01-14 18:02:13
130460,130965,1,1,2022-01-07 19:21:34,2022-01-07 19:21:34
130460,131192,1,1,2022-01-30 12:17:50,2022-01-30 12:17:50
130460,132091,1,1,2022-02-08 06:46:30,2022-02-08 06:46:30
130460,133348,1,1,2023-08-02 07:42:30,2023-08-02 07:42:30
130460,150389,2,1,2023-06-02 14:34:39,2023-06-07 19:32:37
130474,130779,2,1,2022-01-09 14:03:54,2022-01-10 14:03:44
130474,141493,1,0,2024-03-21 15:47:56,2024-03-21 15:47:56
130528,131111,1,1,2022-01-16 22:51:35,2022-01-16 22:51:35
130572,112536,1,1,2022-01-04 05:14:27,2022-01-04 05:14:27
130602,113901,1,1,2022-01-04 22:09:59,2022-01-04 22:09:59
130604,141872,1,1,2024-10-15 18:31:23,2024-10-15 18:31:23
130604,168657,2,1,2025-06-01 13:10:27,2025-06-02 12:30:29
130604,170430,2,1,2024-10-11 21:24:28,2024-10-15 19:19:02
130604,170678,1,1,2024-10-11 18:38:48,2024-10-11 18:38:48
130604,182011,2,1,2025-06-02 12:47:44,2025-06-04 06:52:37
130679,9011,1,1,2022-02-23 07:02:49,2022-02-23 07:02:49
130679,14412,1,1,2022-03-02 07:24:24,2022-03-02 07:24:24
130679,14981,1,1,2022-03-31 17:49:21,2022-03-31 17:49:21
130679,26019,1,1,2022-10-20 06:33:48,2022-10-20 06:33:48
130679,26211,1,1,2022-04-27 06:37:52,2022-04-27 06:37:52
130679,30959,1,1,2022-02-01 04:32:15,2022-02-01 04:32:15
130679,32169,1,1,2022-01-14 16:42:46,2022-01-14 16:42:46
130679,32485,1,1,2022-03-27 14:19:47,2022-03-27 14:19:47
130679,49229,2,1,2022-01-27 12:03:48,2022-01-27 12:44:21
130679,52023,1,1,2022-03-31 20:23:47,2022-03-31 20:23:47
130679,52755,1,0,2022-01-14 16:48:02,2022-01-14 16:48:02
130679,53808,1,0,2022-04-06 18:37:19,2022-04-06 18:37:19
130679,55122,1,0,2022-01-14 16:56:02,2022-01-14 16:56:02
130679,57186,2,0,2022-01-28 05:43:59,2022-01-28 06:01:50
130679,57727,2,1,2022-01-29 20:11:19,2022-01-30 13:01:53
130679,60636,1,0,2022-04-28 11:19:40,2022-04-28 11:19:40
130679,64199,1,1,2022-02-11 12:07:32,2022-02-11 12:07:32
130679,64377,2,0,2022-04-06 13:00:55,2022-04-28 11:25:59
130679,64876,19,9,2022-02-01 08:14:31,2022-04-20 12:21:36
130679,70546,1,1,2022-08-08 08:31:02,2022-08-08 08:31:02
130679,70832,1,1,2022-04-06 05:48:46,2022-04-06 05:48:46
130679,73930,1,0,2022-01-31 15:25:38,2022-01-31 15:25:38
130679,76779,1,1,2022-02-24 10:51:06,2022-02-24 10:51:06
130679,76801,2,1,2022-03-31 17:32:38,2022-03-31 17:37:29
130679,79195,2,1,2022-02-18 04:26:34,2022-02-18 19:19:10
130679,83004,2,1,2022-03-31 18:06:25,2022-04-01 15:50:54
130679,83275,1,1,2022-01-08 08:16:33,2022-01-08 08:16:33
130679,85995,1,1,2022-03-31 17:53:56,2022-03-31 17:53:56
130679,89997,4,1,2022-01-15 12:16:16,2022-01-16 08:02:37
130679,98775,1,1,2022-02-11 05:13:24,2022-02-11 05:13:24
130679,99648,2,1,2022-02-09 12:41:21,2022-02-09 12:48:42
130679,99885,1,1,2022-01-19 05:02:45,2022-01-19 05:02:45
130679,102713,2,1,2022-03-31 20:17:02,2022-03-31 20:33:42
130679,102849,1,1,2022-03-04 15:56:08,2022-03-04 15:56:08
130679,103347,1,1,2022-04-06 11:39:38,2022-04-06 11:39:38
130679,107136,1,1,2022-04-18 06:50:44,2022-04-18 06:50:44
130679,107730,5,2,2022-04-07 09:52:08,2022-04-20 07:30:10
130679,108361,1,0,2022-01-16 08:14:27,2022-01-16 08:14:27
130679,109091,2,1,2022-04-06 15:04:37,2022-04-06 19:31:40
130679,109219,1,1,2022-04-02 19:40:41,2022-04-02 19:40:41
130679,110437,1,1,2022-04-04 08:57:17,2022-04-04 08:57:17
130679,112919,1,1,2022-04-02 19:24:18,2022-04-02 19:24:18
130679,119127,1,1,2022-01-15 13:35:35,2022-01-15 13:35:35
130679,119136,1,1,2022-03-29 15:26:08,2022-03-29 15:26:08
130679,119217,1,1,2022-01-25 14:19:27,2022-01-25 14:19:27
130679,119448,2,2,2022-01-30 13:13:31,2022-03-03 05:41:35
130679,119921,8,3,2022-01-27 11:35:48,2022-01-28 16:07:54
130679,120215,3,1,2022-02-04 07:27:49,2022-02-24 05:14:29
130679,120363,3,1,2022-04-02 19:30:20,2022-04-03 19:46:05
130679,121222,6,3,2022-04-06 12:31:22,2022-04-28 06:17:39
130679,122872,1,1,2022-03-31 17:16:50,2022-03-31 17:16:50
130679,122984,1,1,2022-01-30 07:45:54,2022-01-30 07:45:54
130679,123356,5,1,2022-01-15 04:21:08,2022-01-15 12:33:42
130679,123689,3,1,2022-03-02 08:16:46,2022-03-03 15:05:50
130679,125326,1,1,2022-01-31 05:18:32,2022-01-31 05:18:32
130679,125527,2,1,2022-03-02 10:26:20,2022-03-02 11:01:47
130679,125747,5,4,2022-01-06 18:36:21,2022-04-03 08:40:57
130679,125854,1,1,2022-04-27 06:51:21,2022-04-27 06:51:21
130679,126029,1,1,2022-01-12 10:38:16,2022-01-12 10:38:16
130679,126402,1,1,2022-01-08 10:43:54,2022-01-08 10:43:54
130679,126409,1,1,2022-01-10 03:20:56,2022-01-10 03:20:56
130679,126466,1,1,2022-01-12 05:37:46,2022-01-12 05:37:46
130679,127707,1,1,2022-03-02 07:26:49,2022-03-02 07:26:49
130679,130605,1,0,2022-01-16 06:57:14,2022-01-16 06:57:14
130679,130610,1,1,2022-01-07 16:36:07,2022-01-07 16:36:07
130679,130634,1,0,2022-01-10 11:37:24,2022-01-10 11:37:24
130679,130647,2,1,2022-03-31 18:10:03,2022-03-31 20:35:55
130679,130682,1,1,2022-01-07 17:50:35,2022-01-07 17:50:35
130679,130687,1,1,2022-01-07 11:11:08,2022-01-07 11:11:08
130679,130713,1,1,2022-01-07 17:45:46,2022-01-07 17:45:46
130679,130723,2,1,2022-01-08 08:02:34,2022-01-14 17:07:39
130679,130734,1,1,2022-01-09 15:19:14,2022-01-09 15:19:14
130679,130789,2,1,2022-01-09 16:16:53,2022-01-09 17:58:51
130679,130800,1,0,2022-01-10 04:30:12,2022-01-10 04:30:12
130679,130803,1,0,2022-01-10 06:26:38,2022-01-10 06:26:38
130679,130817,1,0,2022-01-10 11:55:53,2022-01-10 11:55:53
130679,130860,2,2,2022-01-14 05:21:41,2022-01-19 10:09:36
130679,130949,1,1,2022-01-14 05:30:35,2022-01-14 05:30:35
130679,130999,1,1,2022-01-27 13:01:37,2022-01-27 13:01:37
130679,131010,2,1,2022-01-14 05:02:30,2022-01-16 17:26:41
130679,131067,1,1,2022-01-16 07:46:38,2022-01-16 07:46:38
130679,131082,1,1,2022-01-27 05:32:39,2022-01-27 05:32:39
130679,131111,1,1,2022-01-16 18:32:17,2022-01-16 18:32:17
130679,131178,1,1,2022-01-18 12:52:29,2022-01-18 12:52:29
130679,131223,1,1,2022-01-19 10:23:25,2022-01-19 10:23:25
130679,131258,1,0,2022-04-06 14:56:21,2022-04-06 14:56:21
130679,131422,2,2,2022-01-24 05:04:29,2022-01-24 05:12:31
130679,131424,2,2,2022-01-27 05:27:45,2022-02-02 09:49:06
130679,131533,1,1,2022-01-27 05:34:42,2022-01-27 05:34:42
130679,131571,2,1,2022-01-27 11:18:17,2022-01-27 12:19:51
130679,131606,2,0,2022-01-28 04:46:01,2022-01-28 14:16:42
130679,131617,1,1,2022-01-28 14:22:43,2022-01-28 14:22:43
130679,131650,1,1,2022-02-18 04:15:45,2022-02-18 04:15:45
130679,131702,2,2,2022-01-30 13:09:04,2022-02-01 04:28:43
130679,131752,1,1,2022-01-31 16:33:01,2022-01-31 16:33:01
130679,131775,1,1,2022-02-01 07:14:42,2022-02-01 07:14:42
130679,131778,2,1,2022-02-01 09:08:42,2022-02-09 06:31:28
130679,132035,1,0,2022-02-07 04:53:13,2022-02-07 04:53:13
130679,132042,1,1,2022-02-07 04:49:21,2022-02-07 04:49:21
130679,132079,1,0,2022-02-07 18:56:03,2022-02-07 18:56:03
130679,132166,2,1,2022-02-09 12:58:51,2022-02-09 13:36:42
130679,132263,1,1,2022-02-11 10:40:40,2022-02-11 10:40:40
130679,132308,1,1,2022-02-17 03:50:08,2022-02-17 03:50:08
130679,132459,1,1,2022-02-16 12:23:20,2022-02-16 12:23:20
130679,132648,1,1,2022-02-21 05:30:48,2022-02-21 05:30:48
130679,132766,2,1,2022-02-24 05:10:37,2022-02-24 07:37:10
130679,132787,1,1,2022-02-24 05:26:23,2022-02-24 05:26:23
130679,132916,1,1,2022-02-28 05:18:09,2022-02-28 05:18:09
130679,132995,1,0,2022-04-02 18:54:13,2022-04-02 18:54:13
130679,133108,1,1,2022-03-04 17:44:01,2022-03-04 17:44:01
130679,133466,1,1,2022-03-15 05:43:15,2022-03-15 05:43:15
130679,133572,2,1,2022-03-29 15:22:44,2022-03-29 15:36:59
130679,133685,1,0,2022-04-05 19:44:10,2022-04-05 19:44:10
130679,133863,1,0,2022-03-26 18:44:21,2022-03-26 18:44:21
130679,133870,1,1,2022-03-27 14:30:54,2022-03-27 14:30:54
130679,134005,1,0,2022-03-30 05:18:31,2022-03-30 05:18:31
130679,134048,1,1,2022-03-31 06:07:19,2022-03-31 06:07:19
130679,134086,1,1,2022-03-31 17:19:47,2022-03-31 17:19:47
130679,134175,1,1,2022-04-03 17:37:17,2022-04-03 17:37:17
130679,134180,1,1,2022-04-03 17:28:00,2022-04-03 17:28:00
130679,134588,1,1,2022-04-20 05:52:15,2022-04-20 05:52:15
130679,134797,1,1,2022-04-20 06:33:07,2022-04-20 06:33:07
130679,134981,2,1,2022-04-25 07:02:57,2022-04-25 17:43:38
130679,139008,1,1,2022-08-09 02:40:31,2022-08-09 02:40:31
130753,303,2,0,2024-12-28 13:33:46,2025-03-09 19:42:26
130753,25977,2,1,2025-01-13 00:15:58,2025-01-31 09:14:21
130753,37045,2,0,2025-02-15 08:38:17,2025-02-23 10:28:51
130753,48997,1,0,2025-09-04 07:08:36,2025-09-04 07:08:36
130753,62610,1,1,2025-01-06 12:05:09,2025-01-06 12:05:09
130753,68274,1,0,2025-02-13 09:36:34,2025-02-13 09:36:34
130753,74649,3,0,2025-08-08 12:17:19,2025-08-08 15:00:57
130753,80172,1,0,2025-04-06 12:38:19,2025-04-06 12:38:19
130753,86325,1,1,2025-03-23 15:51:13,2025-03-23 15:51:13
130753,98669,1,0,2025-01-30 14:16:20,2025-01-30 14:16:20
130753,100174,1,0,2025-02-12 21:28:58,2025-02-12 21:28:58
130753,100861,3,0,2025-02-13 08:50:02,2025-03-07 22:02:31
130753,110309,1,1,2025-01-07 17:43:33,2025-01-07 17:43:33
130753,119354,1,1,2024-12-23 00:05:35,2024-12-23 00:05:35
130753,119923,1,1,2025-01-30 14:50:11,2025-01-30 14:50:11
130753,119938,1,0,2025-02-12 22:33:36,2025-02-12 22:33:36
130753,127195,3,1,2025-01-23 08:44:22,2025-01-24 14:55:23
130753,134909,2,1,2025-01-05 22:11:47,2025-01-24 06:14:03
130753,137136,1,0,2025-02-20 08:43:49,2025-02-20 08:43:49
130753,138321,1,0,2025-01-17 21:08:27,2025-01-17 21:08:27
130753,138502,1,0,2025-01-29 08:12:26,2025-01-29 08:12:26
130753,141580,1,0,2025-01-10 22:54:58,2025-01-10 22:54:58
130753,142660,1,0,2025-02-15 10:01:50,2025-02-15 10:01:50
130753,146452,2,0,2025-01-23 22:52:29,2025-01-23 22:54:06
130753,153809,3,0,2024-12-25 21:17:13,2025-01-28 13:42:30
130753,154637,1,1,2025-02-19 12:03:13,2025-02-19 12:03:13
130753,156772,2,1,2025-01-29 23:24:35,2025-01-30 09:46:03
130753,158958,1,0,2025-01-17 21:25:39,2025-01-17 21:25:39
130753,163181,1,0,2025-01-29 06:42:19,2025-01-29 06:42:19
130753,164944,3,0,2025-01-25 18:30:54,2025-02-02 21:49:57
130753,167384,1,0,2025-03-21 08:25:03,2025-03-21 08:25:03
130753,168592,1,1,2025-08-12 10:31:19,2025-08-12 10:31:19
130753,170257,1,0,2025-02-23 10:10:40,2025-02-23 10:10:40
130753,171145,6,1,2025-02-23 08:47:47,2025-03-16 08:18:11
130753,171461,1,0,2025-02-01 20:03:06,2025-02-01 20:03:06
130753,173425,2,1,2024-12-28 17:59:00,2024-12-30 10:07:33
130753,173564,4,0,2025-02-18 12:28:47,2025-02-23 10:01:34
130753,174028,1,0,2025-02-13 21:57:05,2025-02-13 21:57:05
130753,174148,1,1,2025-01-06 10:50:28,2025-01-06 10:50:28
130753,175042,1,0,2024-12-23 00:15:48,2024-12-23 00:15:48
130753,175116,1,1,2024-12-29 09:44:02,2024-12-29 09:44:02
130753,175330,1,0,2024-12-29 11:45:53,2024-12-29 11:45:53
130753,175480,4,2,2025-01-13 22:43:08,2025-01-15 23:24:52
130753,175689,1,0,2025-01-02 08:14:17,2025-01-02 08:14:17
130753,175694,5,0,2025-01-02 08:09:43,2025-01-07 11:31:55
130753,175893,2,1,2025-01-09 15:08:34,2025-01-12 16:10:27
130753,175894,2,0,2025-01-07 17:14:39,2025-01-08 06:44:23
130753,176165,1,1,2025-01-12 17:50:23,2025-01-12 17:50:23
130753,176229,1,0,2025-01-13 09:33:07,2025-01-13 09:33:07
130753,176314,1,1,2025-01-14 21:49:18,2025-01-14 21:49:18
130753,176329,2,0,2025-01-14 23:28:05,2025-01-15 16:43:15
130753,176378,1,0,2025-01-15 23:15:47,2025-01-15 23:15:47
130753,176403,2,0,2025-01-17 22:10:42,2025-01-17 22:21:16
130753,176412,1,1,2025-01-19 15:33:08,2025-01-19 15:33:08
130753,176413,2,0,2025-01-16 21:57:01,2025-01-17 22:04:47
130753,176441,1,1,2025-01-19 15:03:36,2025-01-19 15:03:36
130753,176518,1,0,2025-01-18 23:08:24,2025-01-18 23:08:24
130753,176526,1,0,2025-01-20 09:23:30,2025-01-20 09:23:30
130753,176549,1,1,2025-01-24 07:42:23,2025-01-24 07:42:23
130753,176653,1,1,2025-01-24 15:47:04,2025-01-24 15:47:04
130753,176664,1,1,2025-01-23 09:14:42,2025-01-23 09:14:42
130753,176901,1,1,2025-01-26 23:08:51,2025-01-26 23:08:51
130753,176948,3,1,2025-01-28 21:24:10,2025-01-30 19:22:03
130753,176961,1,1,2025-01-28 12:19:16,2025-01-28 12:19:16
130753,176962,1,1,2025-01-28 13:07:02,2025-01-28 13:07:02
130753,176963,1,1,2025-01-30 22:08:03,2025-01-30 22:08:03
130753,177022,2,0,2025-01-30 18:12:37,2025-02-12 20:47:48
130753,177145,1,1,2025-01-31 13:31:34,2025-01-31 13:31:34
130753,177171,2,1,2025-02-01 08:12:44,2025-02-03 08:44:40
130753,177197,1,0,2025-02-01 20:16:03,2025-02-01 20:16:03
130753,177265,1,0,2025-02-03 16:32:31,2025-02-03 16:32:31
130753,177282,3,1,2025-02-03 17:46:04,2025-02-13 22:57:28
130753,177287,1,0,2025-03-12 23:06:52,2025-03-12 23:06:52
130753,177558,1,0,2025-02-12 22:09:58,2025-02-12 22:09:58
130753,177656,1,1,2025-02-12 23:12:25,2025-02-12 23:12:25
130753,177716,3,0,2025-02-13 22:45:45,2025-02-23 09:51:16
130753,177840,1,1,2025-02-24 18:24:19,2025-02-24 18:24:19
130753,177850,1,0,2025-02-15 08:58:45,2025-02-15 08:58:45
130753,177985,1,0,2025-02-18 11:47:20,2025-02-18 11:47:20
130753,178194,2,1,2025-02-23 08:33:44,2025-02-23 23:22:30
130753,178195,2,0,2025-02-23 09:09:16,2025-02-25 22:26:44
130753,178206,1,1,2025-02-23 22:24:06,2025-02-23 22:24:06
130753,178424,3,0,2025-02-26 22:39:05,2025-03-01 10:09:37
130753,178495,1,1,2025-02-27 21:30:48,2025-02-27 21:30:48
130753,178646,1,1,2025-03-27 16:24:41,2025-03-27 16:24:41
130753,178649,1,0,2025-03-04 22:11:04,2025-03-04 22:11:04
130753,178657,1,1,2025-03-04 08:36:15,2025-03-04 08:36:15
130753,178688,1,1,2025-03-06 08:12:15,2025-03-06 08:12:15
130753,178763,1,0,2025-03-05 22:27:46,2025-03-05 22:27:46
130753,178825,1,1,2025-03-07 13:50:00,2025-03-07 13:50:00
130753,178915,1,0,2025-03-09 19:25:55,2025-03-09 19:25:55
130753,178953,2,1,2025-03-28 16:22:16,2025-03-30 06:58:05
130753,178997,1,0,2025-03-12 23:04:02,2025-03-12 23:04:02
130753,179072,1,0,2025-03-17 20:26:40,2025-03-17 20:26:40
130753,179091,2,1,2025-03-18 21:42:13,2025-03-20 17:47:31
130753,179208,1,0,2025-03-23 14:47:17,2025-03-23 14:47:17
130753,179252,4,1,2025-03-23 14:22:00,2025-03-25 17:10:11
130753,179256,1,0,2025-03-24 08:01:28,2025-03-24 08:01:28
130753,179382,1,1,2025-03-25 15:28:35,2025-03-25 15:28:35
130753,179739,2,0,2025-03-27 21:27:02,2025-03-27 21:34:38
130753,180022,1,0,2025-04-06 12:06:31,2025-04-06 12:06:31
130753,180064,1,0,2025-04-06 12:31:54,2025-04-06 12:31:54
130753,180146,1,0,2025-04-06 11:37:07,2025-04-06 11:37:07
130753,181200,1,1,2025-08-09 15:24:10,2025-08-09 15:24:10
130753,185410,1,0,2025-08-14 10:15:28,2025-08-14 10:15:28
130753,185596,1,1,2025-08-08 13:33:13,2025-08-08 13:33:13
130753,185723,1,0,2025-08-11 09:03:57,2025-08-11 09:03:57
130753,185768,1,0,2025-08-08 12:11:23,2025-08-08 12:11:23
130753,186206,1,0,2025-08-30 06:50:49,2025-08-30 06:50:49
130762,78186,1,1,2022-01-11 13:29:27,2022-01-11 13:29:27
130802,125747,1,1,2022-01-10 05:14:47,2022-01-10 05:14:47
130817,88800,1,0,2024-11-13 06:06:51,2024-11-13 06:06:51
130849,130848,1,1,2022-01-11 04:12:31,2022-01-11 04:12:31
130866,130863,2,1,2022-01-11 13:03:11,2022-01-12 17:55:30
130897,54661,1,0,2022-01-12 02:19:58,2022-01-12 02:19:58
130897,115817,1,1,2022-01-12 02:41:13,2022-01-12 02:41:13
130897,120687,2,0,2022-01-12 01:53:17,2022-01-12 02:01:30
130897,127878,1,0,2022-01-12 01:56:28,2022-01-12 01:56:28
131013,64876,1,1,2022-01-14 05:17:15,2022-01-14 05:17:15
131075,146335,1,0,2023-12-22 20:59:18,2023-12-22 20:59:18
131092,130990,2,1,2022-01-16 09:55:08,2022-01-17 20:54:37
131138,117654,1,1,2022-01-17 11:47:00,2022-01-17 11:47:00
131146,497,1,1,2022-01-17 14:44:44,2022-01-17 14:44:44
131146,14433,1,1,2022-03-12 07:59:34,2022-03-12 07:59:34
131146,64876,1,1,2022-02-01 08:13:43,2022-02-01 08:13:43
131146,78042,2,0,2022-02-06 08:07:47,2022-02-06 20:03:14
131146,109110,1,1,2022-02-02 08:01:04,2022-02-02 08:01:04
131146,131268,1,1,2022-01-20 07:39:47,2022-01-20 07:39:47
131146,132927,1,1,2022-02-28 08:16:19,2022-02-28 08:16:19
131146,133487,1,0,2022-03-16 08:02:15,2022-03-16 08:02:15
131199,97310,1,1,2022-01-18 16:55:13,2022-01-18 16:55:13
131199,135972,1,0,2022-05-24 04:05:21,2022-05-24 04:05:21
131267,130605,1,1,2022-01-22 04:40:58,2022-01-22 04:40:58
131267,131258,3,1,2022-01-20 07:28:04,2022-01-21 02:56:03
131280,179091,1,0,2025-03-18 15:56:39,2025-03-18 15:56:39
131280,192619,1,0,2026-02-23 11:09:45,2026-02-23 11:09:45
131293,131233,1,0,2022-01-20 15:49:21,2022-01-20 15:49:21
131308,88005,1,1,2022-10-06 00:07:36,2022-10-06 00:07:36
131308,136082,1,1,2022-05-23 18:13:53,2022-05-23 18:13:53
131308,136100,1,0,2022-05-23 21:14:39,2022-05-23 21:14:39
131313,106582,1,1,2022-03-24 22:35:22,2022-03-24 22:35:22
131313,126241,1,1,2022-01-21 03:42:39,2022-01-21 03:42:39
131313,130219,1,1,2022-03-21 01:05:24,2022-03-21 01:05:24
131313,130860,1,1,2022-01-22 05:38:10,2022-01-22 05:38:10
131313,131332,1,1,2022-01-22 00:35:50,2022-01-22 00:35:50
131313,133655,1,1,2022-03-21 01:42:30,2022-03-21 01:42:30
131314,125707,1,0,2022-06-02 02:11:57,2022-06-02 02:11:57
131321,126241,1,0,2022-01-21 09:56:22,2022-01-21 09:56:22
131327,125628,1,1,2022-01-21 12:44:07,2022-01-21 12:44:07
131400,4715,1,1,2022-07-02 13:37:07,2022-07-02 13:37:07
131400,130999,1,1,2022-01-29 20:53:37,2022-01-29 20:53:37
131400,131308,1,1,2022-01-23 11:59:10,2022-01-23 11:59:10
131400,131668,1,1,2022-01-29 19:20:37,2022-01-29 19:20:37
131400,131697,1,1,2022-01-30 13:48:23,2022-01-30 13:48:23
131400,136169,1,1,2022-07-29 18:59:44,2022-07-29 18:59:44
131400,136794,1,0,2022-06-10 18:21:54,2022-06-10 18:21:54
131400,136838,1,0,2022-06-12 10:22:24,2022-06-12 10:22:24
131400,136966,1,0,2022-06-16 09:32:51,2022-06-16 09:32:51
131414,130999,1,1,2022-01-23 20:29:31,2022-01-23 20:29:31
131441,80328,1,1,2023-03-29 12:51:28,2023-03-29 12:51:28
131441,131469,1,1,2022-01-25 10:11:59,2022-01-25 10:11:59
131474,131469,1,1,2022-01-25 12:01:33,2022-01-25 12:01:33
131498,122705,1,1,2022-01-25 21:19:58,2022-01-25 21:19:58
131522,137331,1,0,2023-08-23 13:26:15,2023-08-23 13:26:15
131614,116793,1,0,2023-05-22 06:56:38,2023-05-22 06:56:38
131614,134071,2,0,2024-06-21 07:04:02,2024-06-21 07:16:19
131614,137776,1,0,2024-06-21 22:35:28,2024-06-21 22:35:28
131650,97138,1,1,2022-02-12 23:55:34,2022-02-12 23:55:34
131650,120687,2,1,2022-02-07 05:19:50,2022-02-08 00:59:25
131650,132035,1,1,2022-02-07 05:13:26,2022-02-07 05:13:26
131650,132283,1,1,2022-02-12 23:57:44,2022-02-12 23:57:44
131650,132342,1,1,2022-02-14 05:05:07,2022-02-14 05:05:07
131674,27844,2,2,2022-01-29 16:02:26,2022-02-03 08:42:36
131674,32243,1,1,2022-01-29 13:52:48,2022-01-29 13:52:48
131674,52755,4,1,2022-01-29 16:11:59,2022-02-03 08:26:56
131674,67275,1,1,2022-01-29 16:22:22,2022-01-29 16:22:22
131674,96342,1,1,2022-01-29 14:20:56,2022-01-29 14:20:56
131755,131704,1,0,2022-01-31 16:38:12,2022-01-31 16:38:12
132046,132054,1,0,2022-02-07 09:21:18,2022-02-07 09:21:18
132060,152976,1,1,2024-03-22 10:05:06,2024-03-22 10:05:06
132123,67961,1,1,2022-11-27 15:59:57,2022-11-27 15:59:57
132123,89127,1,1,2022-11-25 00:28:15,2022-11-25 00:28:15
132123,121222,1,1,2022-11-26 20:08:12,2022-11-26 20:08:12
132123,138508,1,1,2022-11-25 00:45:49,2022-11-25 00:45:49
132123,139935,1,1,2022-11-29 00:39:10,2022-11-29 00:39:10
132123,142700,1,1,2022-11-26 15:42:05,2022-11-26 15:42:05
132123,142729,1,1,2022-11-27 19:52:33,2022-11-27 19:52:33
132123,143179,1,1,2022-12-05 13:09:40,2022-12-05 13:09:40
132123,143185,1,1,2022-11-25 00:56:11,2022-11-25 00:56:11
132123,143307,1,1,2022-11-29 01:04:11,2022-11-29 01:04:11
132123,143468,1,1,2022-12-03 00:10:56,2022-12-03 00:10:56
132123,143500,1,1,2022-12-04 15:33:58,2022-12-04 15:33:58
132123,143550,1,1,2022-12-05 12:39:11,2022-12-05 12:39:11
132128,143552,1,1,2022-12-06 10:58:05,2022-12-06 10:58:05
132142,108,1,0,2022-02-13 04:06:59,2022-02-13 04:06:59
132142,50276,1,1,2022-02-10 16:58:54,2022-02-10 16:58:54
132142,56913,1,1,2022-02-10 00:02:28,2022-02-10 00:02:28
132142,73751,1,1,2022-02-08 23:40:45,2022-02-08 23:40:45
132142,86160,1,1,2022-02-21 16:38:41,2022-02-21 16:38:41
132142,132109,2,1,2022-02-08 23:20:06,2022-02-13 04:09:54
132142,132229,1,1,2022-02-10 16:26:35,2022-02-10 16:26:35
132148,112791,1,1,2022-02-09 05:13:27,2022-02-09 05:13:27
132267,71442,2,1,2022-02-11 12:15:24,2022-02-14 21:34:20
132325,132995,1,1,2022-05-28 14:15:29,2022-05-28 14:15:29
132325,135453,1,1,2022-05-28 14:19:40,2022-05-28 14:19:40
132390,132429,1,1,2022-02-16 00:14:58,2022-02-16 00:14:58
132488,132995,1,1,2023-05-02 02:11:13,2023-05-02 02:11:13
132584,47279,1,1,2022-02-20 08:50:31,2022-02-20 08:50:31
132584,118293,1,1,2022-02-20 20:21:34,2022-02-20 20:21:34
132584,131156,1,1,2022-02-20 05:34:48,2022-02-20 05:34:48
132584,131605,1,1,2022-02-19 18:39:10,2022-02-19 18:39:10
132584,133963,1,1,2022-03-29 11:20:04,2022-03-29 11:20:04
132620,45768,1,0,2022-02-20 07:39:39,2022-02-20 07:39:39
132684,125277,2,1,2022-02-21 16:58:32,2022-02-23 23:16:52
132685,128888,1,1,2022-02-21 22:39:20,2022-02-21 22:39:20
132746,132593,1,1,2022-02-22 21:29:00,2022-02-22 21:29:00
132753,115186,1,1,2022-02-23 04:01:27,2022-02-23 04:01:27
132835,130819,1,1,2022-02-25 10:45:39,2022-02-25 10:45:39
132904,8878,1,0,2022-03-07 14:07:03,2022-03-07 14:07:03
132904,12533,1,1,2023-01-23 20:22:50,2023-01-23 20:22:50
132904,14675,3,0,2023-01-27 17:09:52,2023-02-02 13:26:26
132904,31711,2,1,2023-02-06 17:23:01,2023-02-06 20:37:45
132904,43711,2,1,2022-09-13 10:33:29,2022-09-14 08:29:37
132904,49268,1,1,2023-02-01 18:27:31,2023-02-01 18:27:31
132904,54661,1,1,2023-01-28 08:21:56,2023-01-28 08:21:56
132904,55122,1,0,2022-08-25 14:58:51,2022-08-25 14:58:51
132904,79715,3,1,2023-01-22 16:41:27,2023-01-22 20:17:30
132904,80032,1,1,2023-02-09 19:26:50,2023-02-09 19:26:50
132904,86182,2,1,2023-01-22 21:46:14,2023-01-24 22:03:19
132904,87270,1,1,2022-09-04 17:05:50,2022-09-04 17:05:50
132904,87876,1,1,2023-02-06 17:03:09,2023-02-06 17:03:09
132904,101032,1,1,2023-01-27 14:01:42,2023-01-27 14:01:42
132904,102713,1,0,2023-02-11 08:33:46,2023-02-11 08:33:46
132904,105469,4,1,2022-08-23 11:59:01,2022-08-24 11:29:55
132904,105508,1,1,2022-03-03 20:42:43,2022-03-03 20:42:43
132904,105865,1,1,2022-02-28 21:50:53,2022-02-28 21:50:53
132904,111978,3,0,2023-02-07 19:16:00,2023-02-08 09:53:42
132904,115646,1,1,2022-08-28 16:28:13,2022-08-28 16:28:13
132904,116752,1,0,2023-01-28 09:50:18,2023-01-28 09:50:18
132904,116983,2,1,2022-08-26 15:12:04,2022-08-26 17:17:14
132904,122872,1,1,2022-02-27 22:19:50,2022-02-27 22:19:50
132904,123396,1,1,2022-02-27 23:06:38,2022-02-27 23:06:38
132904,126156,1,1,2022-02-27 09:30:29,2022-02-27 09:30:29
132904,126530,2,1,2022-09-13 13:38:24,2022-09-13 14:32:51
132904,132152,1,1,2022-02-28 22:37:39,2022-02-28 22:37:39
132904,132421,1,1,2022-02-28 11:19:30,2022-02-28 11:19:30
132904,132448,3,1,2022-02-28 10:15:04,2022-02-28 23:00:19
132904,132889,1,1,2022-02-27 09:05:36,2022-02-27 09:05:36
132904,132933,1,1,2022-03-01 15:06:09,2022-03-01 15:06:09
132904,132960,1,1,2022-03-01 07:41:52,2022-03-01 07:41:52
132904,133019,1,0,2022-03-02 15:12:44,2022-03-02 15:12:44
132904,133079,1,1,2022-03-03 21:49:30,2022-03-03 21:49:30
132904,133322,2,1,2022-03-10 10:40:27,2022-03-10 13:12:40
132904,139349,3,1,2022-08-22 17:29:20,2022-08-26 06:29:11
132904,139539,3,0,2022-08-23 11:09:55,2022-08-23 20:14:41
132904,139549,1,1,2022-08-23 20:33:21,2022-08-23 20:33:21
132904,139628,1,0,2022-08-25 10:35:32,2022-08-25 10:35:32
132904,139660,1,1,2022-08-26 07:00:15,2022-08-26 07:00:15
132904,140187,2,1,2022-09-07 22:23:41,2022-09-08 11:53:56
132904,140343,1,1,2022-09-13 19:07:23,2022-09-13 19:07:23
132904,141493,1,1,2023-02-03 09:08:32,2023-02-03 09:08:32
132904,141542,1,0,2023-01-27 11:00:48,2023-01-27 11:00:48
132904,143056,2,1,2023-01-30 17:36:46,2023-01-31 20:24:42
132904,143696,1,1,2023-01-27 23:50:57,2023-01-27 23:50:57
132904,145200,1,1,2023-01-26 06:50:03,2023-01-26 06:50:03
132904,145234,6,2,2023-01-26 22:37:06,2023-02-09 19:10:01
132904,145396,3,1,2023-01-30 21:41:57,2023-01-31 20:30:36
132904,145404,1,1,2023-01-31 09:40:52,2023-01-31 09:40:52
132904,145533,1,1,2023-02-03 07:01:15,2023-02-03 07:01:15
132904,146166,1,0,2023-02-20 19:07:06,2023-02-20 19:07:06
132946,134929,1,1,2022-04-24 01:30:20,2022-04-24 01:30:20
132972,143761,1,1,2022-12-11 10:53:57,2022-12-11 10:53:57
132995,109760,1,1,2022-06-14 01:34:12,2022-06-14 01:34:12
133002,127707,1,1,2022-03-13 19:49:58,2022-03-13 19:49:58
133014,120831,1,1,2022-04-29 17:52:09,2022-04-29 17:52:09
133014,136145,1,1,2022-05-24 19:40:30,2022-05-24 19:40:30
133014,140192,1,1,2022-09-08 06:47:06,2022-09-08 06:47:06
133067,17054,2,1,2022-03-03 16:47:30,2022-03-04 18:21:33
133177,95257,1,1,2022-03-06 19:30:22,2022-03-06 19:30:22
133184,14675,2,0,2022-07-14 03:57:33,2022-07-23 03:50:08
133184,57816,2,0,2022-07-08 19:26:33,2022-07-08 19:28:03
133189,76779,1,1,2022-03-07 09:57:09,2022-03-07 09:57:09
133280,18856,1,1,2022-08-24 10:37:58,2022-08-24 10:37:58
133280,139456,1,1,2022-08-21 19:41:32,2022-08-21 19:41:32
133353,124896,1,1,2022-03-10 20:18:14,2022-03-10 20:18:14
133361,131795,1,1,2022-03-11 02:02:00,2022-03-11 02:02:00
133386,47279,1,1,2022-03-12 12:31:09,2022-03-12 12:31:09
133432,1330,1,0,2025-06-03 18:16:31,2025-06-03 18:16:31
133432,40805,1,0,2024-01-03 13:31:43,2024-01-03 13:31:43
133432,43466,1,0,2023-12-29 13:22:08,2023-12-29 13:22:08
133432,47376,1,0,2024-01-31 14:50:36,2024-01-31 14:50:36
133432,55122,3,0,2023-10-04 08:39:36,2023-10-04 15:49:38
133432,58341,1,0,2023-02-23 18:40:26,2023-02-23 18:40:26
133432,79934,1,0,2024-02-20 17:13:22,2024-02-20 17:13:22
133432,84891,2,0,2023-01-19 15:52:06,2023-05-10 12:46:07
133432,88800,1,0,2023-07-23 16:48:10,2023-07-23 16:48:10
133432,96132,1,0,2023-06-09 19:13:05,2023-06-09 19:13:05
133432,97477,1,0,2023-06-04 12:48:49,2023-06-04 12:48:49
133432,106732,1,0,2024-06-13 23:54:58,2024-06-13 23:54:58
133536,117661,1,1,2022-03-16 11:40:31,2022-03-16 11:40:31
133608,126557,1,1,2022-03-18 08:44:05,2022-03-18 08:44:05
133615,132126,1,1,2022-03-18 17:14:48,2022-03-18 17:14:48
133635,27780,1,1,2022-03-19 09:12:20,2022-03-19 09:12:20
133639,118118,1,1,2022-03-19 14:38:58,2022-03-19 14:38:58
133685,112583,1,1,2022-04-12 19:50:13,2022-04-12 19:50:13
133685,119136,1,1,2022-04-12 19:46:26,2022-04-12 19:46:26
133685,125747,1,1,2022-04-05 19:49:07,2022-04-05 19:49:07
133685,132452,1,1,2022-04-06 16:45:46,2022-04-06 16:45:46
133685,132995,1,1,2022-04-06 16:33:03,2022-04-06 16:33:03
133685,133121,1,1,2022-04-06 16:49:48,2022-04-06 16:49:48
133685,133559,1,1,2022-04-12 19:38:04,2022-04-12 19:38:04
133685,134253,1,1,2022-04-05 19:34:53,2022-04-05 19:34:53
133685,134281,3,1,2022-04-06 16:15:16,2022-04-08 06:17:47
133685,134519,1,1,2022-04-12 19:41:14,2022-04-12 19:41:14
133688,107730,1,1,2022-04-07 15:47:33,2022-04-07 15:47:33
133688,125527,2,1,2022-03-21 14:30:45,2022-03-21 14:49:41
133688,133571,1,1,2022-03-24 09:22:04,2022-03-24 09:22:04
133688,133747,1,1,2022-03-23 04:51:22,2022-03-23 04:51:22
133688,133758,4,1,2022-03-24 02:32:26,2022-03-24 04:42:44
133706,110227,1,1,2023-02-06 13:29:19,2023-02-06 13:29:19
133732,133542,1,1,2022-03-22 15:12:46,2022-03-22 15:12:46
133734,25696,1,1,2022-03-24 09:12:17,2022-03-24 09:12:17
133734,133765,2,1,2022-03-24 08:58:43,2022-03-28 15:17:53
133734,134642,1,1,2022-04-21 09:17:14,2022-04-21 09:17:14
133759,82999,1,1,2022-03-23 13:34:33,2022-03-23 13:34:33
133760,93740,1,1,2022-04-18 12:02:51,2022-04-18 12:02:51
133788,133489,1,0,2022-03-24 14:21:08,2022-03-24 14:21:08
133851,21254,1,1,2022-04-11 21:47:04,2022-04-11 21:47:04
133851,37045,1,1,2024-04-12 09:11:13,2024-04-12 09:11:13
133851,68687,2,1,2022-04-13 19:27:36,2022-04-20 23:22:41
133851,87289,2,0,2024-04-12 08:22:39,2024-04-12 08:37:43
133851,87995,1,1,2022-04-11 18:49:36,2022-04-11 18:49:36
133851,89478,1,1,2022-08-04 06:32:49,2022-08-04 06:32:49
133851,134562,1,1,2022-04-13 19:08:23,2022-04-13 19:08:23
133851,138833,1,1,2022-08-04 06:13:34,2022-08-04 06:13:34
133851,149770,1,0,2023-05-12 00:03:49,2023-05-12 00:03:49
133851,159803,1,1,2024-04-18 08:16:07,2024-04-18 08:16:07
133851,162346,1,0,2024-04-19 06:47:43,2024-04-19 06:47:43
133851,162350,1,0,2024-04-19 06:40:55,2024-04-19 06:40:55
133851,162357,1,1,2024-04-19 06:36:44,2024-04-19 06:36:44
133868,144785,1,1,2023-01-12 21:43:59,2023-01-12 21:43:59
133872,75157,1,0,2022-03-26 14:52:37,2022-03-26 14:52:37
133878,96106,1,0,2022-03-26 17:44:34,2022-03-26 17:44:34
133934,133931,1,1,2022-03-28 11:39:26,2022-03-28 11:39:26
133993,76801,2,0,2022-03-29 15:22:19,2022-03-29 15:28:53
133995,125527,1,1,2022-03-29 15:22:45,2022-03-29 15:22:45
134005,14433,1,1,2022-03-30 14:41:06,2022-03-30 14:41:06
134005,70832,1,1,2022-03-29 20:40:58,2022-03-29 20:40:58
134016,10815,1,1,2022-11-24 07:14:05,2022-11-24 07:14:05
134018,94705,1,1,2022-03-30 05:10:54,2022-03-30 05:10:54
134157,30313,2,0,2023-12-16 02:59:57,2023-12-16 03:11:10
134157,44456,1,1,2023-12-04 09:23:49,2023-12-04 09:23:49
134157,75157,1,0,2023-08-17 04:20:01,2023-08-17 04:20:01
134157,100269,2,0,2023-10-18 04:25:57,2023-10-18 05:17:54
134157,108473,1,0,2024-09-25 12:55:15,2024-09-25 12:55:15
134157,123356,1,1,2022-05-15 15:00:04,2022-05-15 15:00:04
134157,133308,1,1,2022-06-24 12:38:09,2022-06-24 12:38:09
134197,126577,1,0,2022-04-04 07:33:23,2022-04-04 07:33:23
134288,63745,1,1,2022-09-11 02:23:44,2022-09-11 02:23:44
134288,156072,2,1,2023-11-09 21:42:44,2023-11-10 21:46:49
134305,135970,1,1,2022-06-09 12:16:32,2022-06-09 12:16:32
134313,116641,1,0,2022-04-07 15:21:08,2022-04-07 15:21:08
134332,125527,1,1,2022-04-07 23:08:23,2022-04-07 23:08:23
134356,134340,3,2,2022-04-08 15:15:48,2022-04-08 16:13:47
134416,27990,1,1,2023-04-14 08:26:03,2023-04-14 08:26:03
134416,46384,6,2,2023-05-14 15:56:32,2023-05-25 07:11:34
134416,104872,1,1,2023-01-17 11:04:50,2023-01-17 11:04:50
134416,116983,1,1,2023-04-20 12:49:05,2023-04-20 12:49:05
134416,120460,1,0,2023-02-23 14:05:36,2023-02-23 14:05:36
134416,139069,1,0,2023-01-24 09:59:46,2023-01-24 09:59:46
134416,141192,2,0,2023-01-18 15:18:36,2023-01-18 21:39:22
134416,144373,1,0,2023-05-18 11:32:37,2023-05-18 11:32:37
134416,144994,1,0,2023-01-27 11:24:30,2023-01-27 11:24:30
134416,145940,1,0,2023-04-07 13:51:13,2023-04-07 13:51:13
134416,149096,2,1,2023-04-20 12:33:02,2023-04-21 18:46:59
134432,134426,2,1,2022-04-11 01:53:17,2022-04-12 03:12:19
134436,135060,1,1,2022-04-27 04:56:38,2022-04-27 04:56:38
134466,130679,1,0,2022-04-11 14:18:15,2022-04-11 14:18:15
134501,120700,1,1,2022-04-18 10:57:15,2022-04-18 10:57:15
134522,119136,1,1,2022-04-12 20:52:54,2022-04-12 20:52:54
134585,125747,1,1,2022-04-15 09:23:17,2022-04-15 09:23:17
134588,73930,2,0,2023-01-01 16:44:50,2023-01-01 17:04:55
134588,143059,1,1,2022-12-29 16:32:30,2022-12-29 16:32:30
134588,144418,1,1,2023-01-01 17:26:32,2023-01-01 17:26:32
134638,134836,1,1,2022-04-21 09:33:59,2022-04-21 09:33:59
134643,6417,1,1,2023-01-27 19:45:56,2023-01-27 19:45:56
134657,2961,1,0,2022-04-16 04:17:45,2022-04-16 04:17:45
134668,76386,1,1,2022-04-16 17:53:29,2022-04-16 17:53:29
134774,45935,1,1,2022-04-19 10:37:44,2022-04-19 10:37:44
134803,137112,1,0,2022-06-20 21:04:50,2022-06-20 21:04:50
134807,68595,1,0,2022-04-20 12:42:02,2022-04-20 12:42:02
134819,134829,1,1,2022-04-20 16:06:36,2022-04-20 16:06:36
134835,134803,1,0,2022-04-20 14:58:15,2022-04-20 14:58:15
134837,164601,1,1,2024-06-28 06:13:40,2024-06-28 06:13:40
134886,21254,1,1,2022-04-22 16:17:04,2022-04-22 16:17:04
134887,141034,1,1,2022-10-09 21:42:46,2022-10-09 21:42:46
134891,134816,1,0,2022-04-21 21:12:13,2022-04-21 21:12:13
134923,144518,1,0,2023-09-13 14:04:25,2023-09-13 14:04:25
134932,133853,1,1,2022-04-23 02:58:04,2022-04-23 02:58:04
134933,21767,1,1,2022-04-23 04:44:42,2022-04-23 04:44:42
134933,120363,1,1,2022-04-23 05:15:17,2022-04-23 05:15:17
134976,19212,1,0,2022-06-13 22:51:31,2022-06-13 22:51:31
134976,55122,1,0,2022-06-03 18:40:53,2022-06-03 18:40:53
134976,60636,2,0,2022-04-28 15:19:50,2022-04-28 18:48:53
134976,64377,1,0,2022-06-02 20:50:35,2022-06-02 20:50:35
134976,71218,3,1,2022-05-11 14:56:34,2022-05-12 13:57:57
134976,95946,2,0,2022-04-29 17:58:52,2022-04-29 19:08:09
134976,99648,1,1,2022-05-27 15:00:11,2022-05-27 15:00:11
134976,100986,1,0,2022-05-29 18:26:52,2022-05-29 18:26:52
134976,102713,2,1,2022-05-23 20:09:06,2022-05-24 13:17:19
134976,102816,2,0,2022-05-17 15:55:55,2022-05-17 23:32:40
134976,103900,1,1,2022-06-11 22:54:38,2022-06-11 22:54:38
134976,112483,1,1,2022-05-08 17:42:25,2022-05-08 17:42:25
134976,116377,1,1,2022-05-01 16:30:06,2022-05-01 16:30:06
134976,120024,1,1,2022-05-31 14:44:54,2022-05-31 14:44:54
134976,121222,2,1,2022-04-27 15:41:14,2022-04-28 14:29:17
134976,127671,1,1,2022-06-14 21:16:34,2022-06-14 21:16:34
134976,128034,1,1,2022-04-24 19:44:00,2022-04-24 19:44:00
134976,128577,1,1,2022-05-19 21:48:27,2022-05-19 21:48:27
134976,130415,1,0,2022-06-13 20:06:20,2022-06-13 20:06:20
134976,132421,1,1,2022-05-23 19:04:01,2022-05-23 19:04:01
134976,132946,1,0,2022-05-20 18:31:28,2022-05-20 18:31:28
134976,133238,1,0,2022-05-09 20:04:56,2022-05-09 20:04:56
134976,133538,1,0,2022-05-09 23:23:39,2022-05-09 23:23:39
134976,133901,1,0,2022-05-06 15:39:05,2022-05-06 15:39:05
134976,134712,1,1,2022-04-26 14:35:29,2022-04-26 14:35:29
134976,134929,1,0,2022-05-04 19:07:22,2022-05-04 19:07:22
134976,135014,1,0,2022-05-01 15:37:20,2022-05-01 15:37:20
134976,135162,1,0,2022-04-29 19:55:23,2022-04-29 19:55:23
134976,135163,1,0,2022-04-29 21:15:17,2022-04-29 21:15:17
134976,135295,1,1,2022-05-03 18:56:49,2022-05-03 18:56:49
134976,135503,1,0,2022-05-09 15:17:05,2022-05-09 15:17:05
134976,135524,2,0,2022-05-09 15:05:59,2022-05-09 21:50:20
134976,135527,1,0,2022-05-09 23:36:20,2022-05-09 23:36:20
134976,135581,4,1,2022-05-13 17:15:02,2022-05-14 18:37:28
134976,135582,2,0,2022-05-11 15:01:06,2022-05-12 13:35:04
134976,135596,2,0,2022-05-26 17:57:43,2022-05-27 13:37:33
134976,135662,3,1,2022-05-12 14:11:48,2022-05-12 18:36:53
134976,135764,3,1,2022-05-20 18:38:47,2022-05-22 18:58:00
134976,135788,1,0,2022-05-16 13:15:25,2022-05-16 13:15:25
134976,135896,1,0,2022-05-26 14:29:16,2022-05-26 14:29:16
134976,135927,2,0,2022-05-18 22:10:46,2022-05-19 15:05:12
134976,135959,1,0,2022-05-19 21:33:02,2022-05-19 21:33:02
134976,135990,1,1,2022-05-22 19:15:13,2022-05-22 19:15:13
134976,136033,1,0,2022-05-25 14:57:17,2022-05-25 14:57:17
134976,136152,1,0,2022-05-25 03:12:26,2022-05-25 03:12:26
134976,136221,1,1,2022-05-26 19:56:57,2022-05-26 19:56:57
134976,136424,1,1,2022-06-01 15:32:40,2022-06-01 15:32:40
135031,147867,1,1,2023-05-22 10:57:28,2023-05-22 10:57:28
135042,110412,1,0,2022-04-26 14:58:13,2022-04-26 14:58:13
135201,135149,1,1,2022-05-01 03:50:30,2022-05-01 03:50:30
135256,135238,1,1,2022-05-02 14:15:12,2022-05-02 14:15:12
135257,102713,1,1,2022-05-02 15:31:06,2022-05-02 15:31:06
135267,32243,2,0,2022-09-12 16:47:29,2022-09-13 15:04:30
135267,62793,3,0,2022-10-16 16:30:46,2022-10-16 16:36:41
135267,63745,1,0,2022-09-30 05:33:45,2022-09-30 05:33:45
135267,73930,2,0,2022-09-19 01:10:50,2022-09-19 01:13:43
135267,135832,2,0,2022-09-30 05:28:32,2022-09-30 05:31:38
135267,140484,2,1,2022-09-17 23:43:41,2022-09-18 00:35:06
135267,153809,1,0,2025-01-02 20:57:48,2025-01-02 20:57:48
135283,135233,1,1,2022-05-03 12:56:18,2022-05-03 12:56:18
135284,115588,1,1,2022-05-03 14:41:31,2022-05-03 14:41:31
135284,121127,4,1,2022-05-03 13:25:27,2022-05-06 17:10:24
135316,37045,1,0,2022-11-16 09:04:04,2022-11-16 09:04:04
135316,50519,1,0,2022-11-13 19:29:15,2022-11-13 19:29:15
135316,53081,1,0,2022-11-13 20:01:47,2022-11-13 20:01:47
135316,76109,2,1,2022-11-23 10:22:53,2022-11-23 10:50:30
135316,119089,1,1,2023-05-02 08:25:56,2023-05-02 08:25:56
135316,132229,1,1,2023-08-01 08:46:11,2023-08-01 08:46:11
135316,142575,1,0,2022-11-10 07:06:11,2022-11-10 07:06:11
135316,143064,1,1,2022-11-23 10:48:13,2022-11-23 10:48:13
135316,145404,1,0,2023-01-31 06:46:02,2023-01-31 06:46:02
135316,149452,1,1,2023-05-01 07:20:51,2023-05-01 07:20:51
135316,149910,3,1,2023-05-16 10:00:53,2023-05-18 17:17:38
135316,153463,2,1,2023-08-07 20:24:17,2023-08-08 09:07:24
135316,156252,1,0,2023-11-15 20:49:26,2023-11-15 20:49:26
135324,18384,1,0,2023-03-22 10:44:29,2023-03-22 10:44:29
135324,113319,1,1,2022-05-04 10:57:03,2022-05-04 10:57:03
135328,71246,1,1,2022-05-11 12:16:58,2022-05-11 12:16:58
135328,98535,1,1,2022-07-04 15:32:51,2022-07-04 15:32:51
135328,135527,1,1,2022-05-11 12:23:28,2022-05-11 12:23:28
135382,85786,1,1,2022-05-05 12:55:40,2022-05-05 12:55:40
135406,30653,1,1,2022-05-06 04:03:23,2022-05-06 04:03:23
135406,86792,1,1,2022-05-06 08:05:10,2022-05-06 08:05:10
135406,119136,1,0,2022-05-06 04:07:04,2022-05-06 04:07:04
135406,128688,1,1,2022-05-06 05:01:00,2022-05-06 05:01:00
135406,133238,5,2,2022-05-06 04:46:37,2022-05-06 08:29:37
135406,135064,1,1,2022-05-06 08:09:44,2022-05-06 08:09:44
135406,135163,1,1,2022-05-06 04:42:14,2022-05-06 04:42:14
135406,135355,1,1,2022-05-06 04:34:23,2022-05-06 04:34:23
135406,135370,1,1,2022-05-06 04:29:31,2022-05-06 04:29:31
135406,135375,1,1,2022-05-06 04:22:31,2022-05-06 04:22:31
135410,17815,1,1,2022-05-06 06:54:44,2022-05-06 06:54:44
135410,133238,3,1,2022-05-06 07:12:56,2022-05-06 08:37:22
135410,135456,1,1,2022-05-07 16:29:34,2022-05-07 16:29:34
135410,135459,1,1,2022-05-07 16:17:19,2022-05-07 16:17:19
135436,64793,1,1,2022-05-06 20:51:13,2022-05-06 20:51:13
135502,45770,2,0,2022-05-25 15:45:37,2022-05-25 16:37:55
135502,71246,1,1,2022-05-09 12:20:08,2022-05-09 12:20:08
135502,134712,1,1,2022-05-25 13:58:37,2022-05-25 13:58:37
135502,135359,1,1,2022-05-08 22:22:36,2022-05-08 22:22:36
135502,136060,1,0,2022-05-23 05:08:12,2022-05-23 05:08:12
135536,134778,1,1,2022-05-09 17:24:45,2022-05-09 17:24:45
135547,135524,2,0,2022-05-09 22:31:26,2022-05-09 23:58:10
135547,138326,1,0,2023-04-23 12:15:57,2023-04-23 12:15:57
135572,111988,1,1,2022-05-17 11:33:38,2022-05-17 11:33:38
135590,135496,1,1,2022-05-11 00:40:54,2022-05-11 00:40:54
135593,14675,1,0,2022-12-13 22:41:32,2022-12-13 22:41:32
135593,76177,1,0,2023-03-06 21:27:09,2023-03-06 21:27:09
135593,80808,1,0,2023-02-01 22:08:37,2023-02-01 22:08:37
135593,135458,4,1,2023-04-04 00:50:40,2023-04-05 01:48:53
135593,146129,1,0,2023-04-05 23:15:26,2023-04-05 23:15:26
135593,147868,1,1,2023-03-19 21:55:10,2023-03-19 21:55:10
135601,138137,1,1,2022-07-15 13:18:13,2022-07-15 13:18:13
135601,147867,1,1,2023-04-04 05:49:57,2023-04-04 05:49:57
135604,64377,2,0,2022-05-11 07:27:19,2022-05-11 15:13:37
135622,127450,1,1,2022-05-11 13:34:28,2022-05-11 13:34:28
135626,111044,1,1,2022-05-12 13:44:07,2022-05-12 13:44:07
135640,133685,1,1,2022-05-11 20:55:28,2022-05-11 20:55:28
135640,161639,1,1,2024-09-22 19:45:03,2024-09-22 19:45:03
135640,163278,1,0,2024-09-23 00:10:36,2024-09-23 00:10:36
135640,169220,1,1,2024-09-23 00:54:53,2024-09-23 00:54:53
135640,169412,1,1,2024-09-22 19:37:49,2024-09-22 19:37:49
135707,10815,1,1,2023-10-12 09:50:45,2023-10-12 09:50:45
135707,14667,1,1,2023-04-02 11:26:30,2023-04-02 11:26:30
135707,27129,1,0,2023-08-20 12:55:19,2023-08-20 12:55:19
135707,49589,1,1,2022-11-27 23:45:16,2022-11-27 23:45:16
135707,50921,1,1,2023-05-14 10:47:48,2023-05-14 10:47:48
135707,52532,1,1,2023-06-12 13:16:30,2023-06-12 13:16:30
135707,54586,1,0,2022-09-07 08:40:26,2022-09-07 08:40:26
135707,64377,2,1,2023-03-19 02:28:45,2023-03-19 22:03:38
135707,65153,1,1,2023-12-05 11:52:41,2023-12-05 11:52:41
135707,69263,1,0,2024-03-05 10:18:03,2024-03-05 10:18:03
135707,70546,1,1,2022-08-08 08:11:48,2022-08-08 08:11:48
135707,83877,1,1,2023-01-06 09:18:45,2023-01-06 09:18:45
135707,98826,1,1,2022-07-31 09:38:07,2022-07-31 09:38:07
135707,99683,1,1,2023-01-15 12:13:52,2023-01-15 12:13:52
135707,103217,1,1,2022-12-04 02:14:46,2022-12-04 02:14:46
135707,103900,1,1,2022-06-11 11:23:51,2022-06-11 11:23:51
135707,105267,2,1,2023-04-01 08:37:27,2023-04-02 09:45:09
135707,105709,1,0,2023-03-16 07:54:05,2023-03-16 07:54:05
135707,108416,1,1,2022-09-16 13:41:03,2022-09-16 13:41:03
135707,112452,1,1,2023-03-22 11:39:11,2023-03-22 11:39:11
135707,112938,2,0,2022-11-11 06:29:38,2022-11-11 06:43:00
135707,122925,1,0,2022-08-01 13:32:35,2022-08-01 13:32:35
135707,129970,1,1,2022-11-22 11:39:10,2022-11-22 11:39:10
135707,131147,1,1,2022-09-27 04:33:31,2022-09-27 04:33:31
135707,133050,1,1,2022-05-16 14:07:26,2022-05-16 14:07:26
135707,134626,1,1,2022-05-29 11:26:55,2022-05-29 11:26:55
135707,134782,2,0,2022-05-19 13:19:45,2022-05-20 00:56:32
135707,135268,1,1,2022-05-22 11:12:48,2022-05-22 11:12:48
135707,135488,1,1,2022-05-13 12:55:16,2022-05-13 12:55:16
135707,135496,1,0,2022-10-23 02:07:04,2022-10-23 02:07:04
135707,135603,1,1,2022-05-13 12:33:49,2022-05-13 12:33:49
135707,135950,1,1,2022-05-23 11:10:58,2022-05-23 11:10:58
135707,136334,1,1,2023-06-03 10:12:12,2023-06-03 10:12:12
135707,136370,1,1,2022-05-31 11:22:45,2022-05-31 11:22:45
135707,136711,1,0,2022-06-09 13:25:09,2022-06-09 13:25:09
135707,137223,1,1,2022-11-08 22:38:33,2022-11-08 22:38:33
135707,137705,2,1,2022-07-06 09:20:13,2022-07-07 11:13:15
135707,138059,1,0,2022-07-15 12:57:11,2022-07-15 12:57:11
135707,138639,1,1,2022-08-10 08:36:08,2022-08-10 08:36:08
135707,138708,1,0,2022-07-31 05:43:41,2022-07-31 05:43:41
135707,138728,1,1,2022-08-01 11:33:43,2022-08-01 11:33:43
135707,138786,1,0,2022-08-06 09:59:27,2022-08-06 09:59:27
135707,138799,2,1,2022-08-03 00:14:09,2022-08-03 05:51:31
135707,138917,1,1,2022-08-06 07:26:18,2022-08-06 07:26:18
135707,138956,1,1,2022-08-08 08:27:11,2022-08-08 08:27:11
135707,138960,1,0,2022-10-25 10:45:37,2022-10-25 10:45:37
135707,138989,1,1,2022-11-27 01:47:48,2022-11-27 01:47:48
135707,138998,1,0,2022-08-10 09:22:00,2022-08-10 09:22:00
135707,139509,1,1,2022-08-27 05:24:32,2022-08-27 05:24:32
135707,140253,1,0,2022-09-22 13:11:47,2022-09-22 13:11:47
135707,140658,1,0,2022-09-22 13:17:02,2022-09-22 13:17:02
135707,140727,1,0,2022-09-25 12:20:21,2022-09-25 12:20:21
135707,141533,1,0,2023-05-21 03:18:52,2023-05-21 03:18:52
135707,142024,1,1,2023-04-15 07:40:29,2023-04-15 07:40:29
135707,142196,1,1,2022-11-02 07:20:06,2022-11-02 07:20:06
135707,142394,2,1,2022-11-11 11:01:01,2022-11-12 04:18:50
135707,142424,1,0,2023-04-02 13:24:13,2023-04-02 13:24:13
135707,142618,1,1,2022-11-20 00:34:13,2022-11-20 00:34:13
135707,142853,5,0,2022-11-17 04:34:53,2022-11-23 11:02:52
135707,142880,1,0,2023-03-19 04:49:05,2023-03-19 04:49:05
135707,142950,1,1,2022-11-24 11:50:19,2022-11-24 11:50:19
135707,142970,1,0,2022-11-20 04:01:19,2022-11-20 04:01:19
135707,143059,4,0,2022-11-29 10:46:59,2022-12-30 05:49:38
135707,143165,1,1,2022-11-27 06:00:36,2022-11-27 06:00:36
135707,143205,1,0,2022-11-25 11:16:23,2022-11-25 11:16:23
135707,143726,1,0,2022-12-10 00:22:14,2022-12-10 00:22:14
135707,143982,1,1,2022-12-28 02:07:14,2022-12-28 02:07:14
135707,144293,1,0,2023-01-01 04:29:05,2023-01-01 04:29:05
135707,144613,1,0,2023-01-07 08:19:21,2023-01-07 08:19:21
135707,146112,1,1,2023-02-21 22:09:42,2023-02-21 22:09:42
135707,146212,1,1,2023-03-06 22:51:00,2023-03-06 22:51:00
135707,147618,1,1,2023-03-06 11:50:40,2023-03-06 11:50:40
135707,147829,1,1,2023-03-12 22:00:42,2023-03-12 22:00:42
135707,148230,1,0,2023-04-02 11:32:02,2023-04-02 11:32:02
135707,148378,1,0,2023-03-28 03:13:26,2023-03-28 03:13:26
135707,149356,1,1,2023-04-27 09:20:11,2023-04-27 09:20:11
135707,149400,2,1,2023-05-02 22:31:07,2023-05-04 08:28:17
135707,150114,3,1,2023-05-24 09:49:55,2023-07-18 11:22:30
135707,150142,1,1,2023-05-24 10:35:12,2023-05-24 10:35:12
135707,150144,1,0,2023-06-04 03:00:28,2023-06-04 03:00:28
135707,150374,1,0,2023-06-04 03:30:47,2023-06-04 03:30:47
135707,150409,1,1,2023-06-03 08:42:39,2023-06-03 08:42:39
135707,150455,1,1,2023-06-05 10:40:45,2023-06-05 10:40:45
135707,150474,1,0,2023-06-11 08:47:30,2023-06-11 08:47:30
135707,150487,1,1,2023-06-04 12:18:03,2023-06-04 12:18:03
135707,150803,1,0,2023-06-26 22:56:14,2023-06-26 22:56:14
135707,154554,1,1,2023-09-16 00:01:04,2023-09-16 00:01:04
135707,155709,1,1,2023-11-02 09:00:18,2023-11-02 09:00:18
135707,156564,1,0,2023-11-26 10:17:42,2023-11-26 10:17:42
135707,158280,1,1,2023-12-21 04:55:22,2023-12-21 04:55:22
135707,158295,1,0,2023-12-21 04:07:56,2023-12-21 04:07:56
135707,162597,1,1,2024-05-02 07:19:31,2024-05-02 07:19:31
135707,168636,2,1,2024-10-13 13:01:32,2024-10-15 00:20:33
135733,138653,1,1,2022-10-10 15:56:32,2022-10-10 15:56:32
135733,139355,1,1,2022-08-18 11:29:41,2022-08-18 11:29:41
135832,138468,1,1,2022-08-21 15:39:10,2022-08-21 15:39:10
135832,139323,1,1,2024-04-23 00:09:00,2024-04-23 00:09:00
135832,140237,1,1,2022-09-30 05:24:35,2022-09-30 05:24:35
135832,140341,1,1,2022-09-30 05:16:49,2022-09-30 05:16:49
135832,154806,1,1,2024-04-21 21:37:00,2024-04-21 21:37:00
135832,155444,2,1,2024-03-08 06:49:19,2024-03-13 04:00:44
135832,155612,1,1,2024-05-23 03:48:44,2024-05-23 03:48:44
135875,130664,1,0,2024-07-17 16:41:42,2024-07-17 16:41:42
135896,122972,1,0,2022-05-18 07:59:52,2022-05-18 07:59:52
135935,135800,1,1,2022-05-19 18:07:05,2022-05-19 18:07:05
135935,135976,1,1,2022-05-20 01:15:07,2022-05-20 01:15:07
135943,136549,2,1,2022-06-04 16:01:00,2022-06-04 18:39:57
135959,85548,1,1,2023-11-25 11:34:41,2023-11-25 11:34:41
135980,56289,1,1,2022-06-24 14:41:58,2022-06-24 14:41:58
136010,138508,1,0,2023-03-06 01:24:31,2023-03-06 01:24:31
136072,111416,1,1,2022-05-23 06:04:53,2022-05-23 06:04:53
136093,162300,1,1,2024-05-02 10:44:04,2024-05-02 10:44:04
136100,131308,1,0,2022-05-23 21:00:36,2022-05-23 21:00:36
136100,136966,2,0,2022-06-15 19:42:00,2022-06-15 19:51:30
136103,136082,3,0,2022-05-24 00:35:35,2022-05-24 12:27:40
136113,14675,1,0,2022-05-24 08:58:14,2022-05-24 08:58:14
136119,133131,1,1,2022-05-24 10:44:32,2022-05-24 10:44:32
136169,155100,2,2,2023-10-15 12:26:12,2023-11-03 16:22:15
136303,39362,1,1,2022-05-29 20:22:42,2022-05-29 20:22:42
136310,134213,1,1,2022-05-29 09:33:36,2022-05-29 09:33:36
136339,66508,1,1,2023-03-02 21:10:28,2023-03-02 21:10:28
136339,71246,3,1,2023-02-23 14:37:34,2023-02-23 15:39:43
136339,85786,1,1,2023-03-03 08:54:41,2023-03-03 08:54:41
136339,132995,1,1,2023-02-19 14:41:28,2023-02-19 14:41:28
136339,145236,1,1,2023-02-22 08:34:09,2023-02-22 08:34:09
136339,145683,1,1,2023-02-28 08:27:02,2023-02-28 08:27:02
136339,146129,6,2,2023-02-19 14:15:02,2023-02-23 08:10:30
136339,146227,2,1,2023-02-22 07:52:12,2023-02-23 07:58:46
136339,147702,1,1,2023-03-08 08:31:26,2023-03-08 08:31:26
136346,111475,1,1,2022-05-30 13:06:14,2022-05-30 13:06:14
136362,122342,1,1,2022-05-30 18:35:53,2022-05-30 18:35:53
136407,136380,1,1,2022-05-31 22:05:57,2022-05-31 22:05:57
136430,138998,1,0,2023-07-20 15:18:22,2023-07-20 15:18:22
136437,159232,1,1,2024-01-25 19:48:16,2024-01-25 19:48:16
136488,93617,2,1,2022-06-13 14:46:42,2022-06-14 08:41:24
136488,97310,1,1,2022-06-13 14:17:44,2022-06-13 14:17:44
136488,127671,1,1,2022-06-14 17:17:42,2022-06-14 17:17:42
136488,134596,1,1,2022-06-13 14:55:39,2022-06-13 14:55:39
136488,135456,1,1,2022-06-14 17:29:21,2022-06-14 17:29:21
136525,126079,1,1,2022-06-03 19:35:11,2022-06-03 19:35:11
136558,2853,1,0,2022-11-09 08:45:22,2022-11-09 08:45:22
136558,109113,2,1,2022-11-02 20:57:23,2022-11-03 13:21:36
136558,137136,2,0,2022-11-09 18:35:24,2022-11-09 18:43:56
136558,137223,1,1,2022-11-08 18:28:52,2022-11-08 18:28:52
136558,139298,2,1,2022-11-02 22:15:26,2022-11-14 19:45:55
136560,105406,1,0,2022-06-04 21:37:58,2022-06-04 21:37:58
136578,111642,1,1,2022-06-05 15:43:38,2022-06-05 15:43:38
136581,135972,3,1,2022-06-05 19:37:32,2022-06-05 21:05:21
136593,120210,1,1,2022-06-06 04:48:28,2022-06-06 04:48:28
136660,64377,1,0,2022-06-18 19:34:44,2022-06-18 19:34:44
136660,136739,1,1,2022-06-09 13:06:34,2022-06-09 13:06:34
136665,132995,1,1,2022-09-30 02:33:43,2022-09-30 02:33:43
136814,6656,1,1,2022-10-17 07:13:56,2022-10-17 07:13:56
136814,39236,1,1,2022-07-19 12:44:04,2022-07-19 12:44:04
136814,73505,1,1,2022-12-30 09:37:58,2022-12-30 09:37:58
136814,87037,4,1,2022-09-28 09:34:32,2022-10-04 14:17:10
136814,93617,1,1,2022-06-30 13:56:15,2022-06-30 13:56:15
136814,99648,1,1,2022-09-23 15:05:47,2022-09-23 15:05:47
136814,104872,1,1,2022-07-25 12:49:31,2022-07-25 12:49:31
136814,116375,1,1,2022-09-23 12:35:54,2022-09-23 12:35:54
136814,126119,1,1,2022-07-06 13:10:37,2022-07-06 13:10:37
136814,130230,1,1,2022-07-14 13:28:15,2022-07-14 13:28:15
136814,130860,1,1,2022-10-21 10:19:06,2022-10-21 10:19:06
136814,132417,1,1,2022-08-15 09:12:16,2022-08-15 09:12:16
136814,133632,2,0,2022-08-23 13:09:36,2022-08-23 13:35:42
136814,134558,1,1,2022-12-13 08:31:10,2022-12-13 08:31:10
136814,137223,3,2,2022-06-22 14:04:01,2022-09-21 09:01:03
136814,137526,1,1,2022-06-29 07:52:37,2022-06-29 07:52:37
136814,137568,1,1,2022-06-30 07:47:14,2022-06-30 07:47:14
136814,137790,2,1,2022-07-12 14:46:14,2022-07-14 07:40:56
136814,137914,1,1,2022-07-19 07:15:46,2022-07-19 07:15:46
136814,138661,2,1,2022-07-29 14:56:00,2022-07-29 19:17:01
136814,138848,1,1,2022-08-04 06:39:36,2022-08-04 06:39:36
136814,138877,1,0,2022-08-05 07:39:57,2022-08-05 07:39:57
136814,140631,2,1,2022-09-20 10:28:04,2022-09-20 10:39:26
136814,140857,1,0,2022-09-27 06:59:17,2022-09-27 06:59:17
136814,141085,1,1,2022-10-03 09:11:54,2022-10-03 09:11:54
136814,141412,1,1,2022-10-11 11:31:24,2022-10-11 11:31:24
136814,141632,1,1,2022-10-17 12:10:05,2022-10-17 12:10:05
136814,143145,1,1,2022-11-28 11:36:07,2022-11-28 11:36:07
136814,143195,1,1,2023-02-20 08:41:50,2023-02-20 08:41:50
136814,147960,1,1,2023-03-15 10:32:30,2023-03-15 10:32:30
136814,148842,1,1,2023-04-11 08:53:49,2023-04-11 08:53:49
136817,103903,1,1,2022-06-11 08:10:04,2022-06-11 08:10:04
136867,59601,1,1,2022-06-16 00:12:57,2022-06-16 00:12:57
136867,136838,1,1,2022-06-13 00:41:26,2022-06-13 00:41:26
136895,134596,1,1,2022-07-22 03:29:21,2022-07-22 03:29:21
136953,119448,1,1,2022-06-15 14:05:58,2022-06-15 14:05:58
136976,136996,1,1,2022-06-18 07:56:46,2022-06-18 07:56:46
136976,137054,1,1,2022-06-18 08:03:04,2022-06-18 08:03:04
136982,136732,1,1,2022-06-16 05:52:36,2022-06-16 05:52:36
136982,136865,1,1,2022-06-16 06:02:35,2022-06-16 06:02:35
137014,135970,1,1,2022-06-16 19:09:14,2022-06-16 19:09:14
137019,67148,1,0,2022-06-17 01:28:04,2022-06-17 01:28:04
137030,73505,1,1,2022-06-17 08:20:51,2022-06-17 08:20:51
137136,7730,1,0,2025-02-08 07:51:01,2025-02-08 07:51:01
137136,62793,1,0,2022-09-06 06:44:13,2022-09-06 06:44:13
137136,73930,1,0,2025-02-06 09:38:02,2025-02-06 09:38:02
137136,113585,1,0,2022-09-13 06:54:16,2022-09-13 06:54:16
137136,113628,1,0,2025-07-15 17:18:49,2025-07-15 17:18:49
137136,130753,1,0,2025-02-20 10:17:50,2025-02-20 10:17:50
137136,136558,2,0,2022-11-09 17:57:40,2022-11-09 18:38:24
137136,137112,1,1,2022-06-20 06:44:48,2022-06-20 06:44:48
137136,149495,1,1,2023-05-20 06:26:08,2023-05-20 06:26:08
137136,161531,1,0,2025-08-07 06:40:54,2025-08-07 06:40:54
137136,164133,1,0,2025-09-18 06:31:04,2025-09-18 06:31:04
137136,168769,2,1,2025-03-18 08:25:58,2025-03-18 11:39:25
137136,170257,1,1,2025-02-19 12:28:47,2025-02-19 12:28:47
137136,177282,1,1,2025-02-04 09:17:08,2025-02-04 09:17:08
137136,178998,2,0,2025-03-12 07:40:19,2025-03-12 09:29:53
137136,179091,1,0,2025-03-18 08:07:11,2025-03-18 08:07:11
137136,181313,1,1,2025-05-06 06:39:30,2025-05-06 06:39:30
137136,193311,1,0,2026-04-29 13:20:30,2026-04-29 13:20:30
137143,7730,2,1,2024-11-21 11:12:56,2024-11-22 08:07:34
137143,105445,3,1,2022-06-20 08:48:34,2022-06-21 05:12:35
137143,140499,3,0,2024-11-21 11:10:16,2024-11-22 09:57:51
137196,132632,1,1,2022-06-21 11:17:57,2022-06-21 11:17:57
137244,163098,1,0,2025-01-20 11:30:59,2025-01-20 11:30:59
137246,137210,1,1,2022-06-22 19:41:29,2022-06-22 19:41:29
137266,151878,1,1,2023-07-19 13:10:05,2023-07-19 13:10:05
137282,21471,1,0,2022-06-23 17:07:37,2022-06-23 17:07:37
137288,130203,1,1,2022-06-23 19:14:04,2022-06-23 19:14:04
137302,135545,1,1,2022-06-24 02:06:38,2022-06-24 02:06:38
137305,118513,1,1,2022-06-24 04:12:54,2022-06-24 04:12:54
137310,4715,2,2,2022-07-23 11:55:46,2022-07-23 18:42:37
137310,63745,2,1,2022-09-05 07:37:17,2022-09-05 15:03:20
137310,80491,1,0,2022-08-11 05:50:49,2022-08-11 05:50:49
137310,85604,1,1,2022-09-01 14:40:58,2022-09-01 14:40:58
137310,108106,1,1,2022-08-08 11:33:54,2022-08-08 11:33:54
137310,109190,1,1,2022-07-27 09:16:53,2022-07-27 09:16:53
137310,117220,2,2,2022-07-24 08:41:44,2022-07-27 06:35:35
137310,122680,1,1,2022-08-07 09:16:21,2022-08-07 09:16:21
137310,137223,2,1,2022-09-03 08:25:44,2022-09-03 09:41:58
137310,138324,1,1,2022-07-26 17:12:47,2022-07-26 17:12:47
137310,138357,1,1,2022-07-21 12:26:22,2022-07-21 12:26:22
137310,138392,1,1,2022-07-25 08:59:16,2022-07-25 08:59:16
137310,138434,3,1,2022-07-23 13:09:36,2022-07-23 14:08:46
137310,138483,1,1,2022-07-25 11:01:41,2022-07-25 11:01:41
137310,138551,1,1,2022-07-26 19:08:11,2022-07-26 19:08:11
137310,138559,1,1,2022-07-27 07:32:58,2022-07-27 07:32:58
137310,138567,2,0,2022-07-27 08:04:56,2022-07-27 08:10:50
137310,138693,1,1,2022-07-30 10:16:26,2022-07-30 10:16:26
137310,139096,1,0,2022-08-11 06:50:31,2022-08-11 06:50:31
137310,139390,1,1,2022-09-09 05:37:49,2022-09-09 05:37:49
137310,139485,1,1,2022-08-24 08:21:05,2022-08-24 08:21:05
137310,139549,1,1,2022-08-23 15:54:06,2022-08-23 15:54:06
137310,139923,2,1,2022-09-01 09:07:39,2022-09-02 09:52:23
137310,140063,3,0,2022-09-07 10:10:41,2022-09-07 12:35:55
137310,140065,1,1,2022-09-05 14:50:36,2022-09-05 14:50:36
137310,140185,1,0,2022-09-08 07:23:31,2022-09-08 07:23:31
137310,140194,1,0,2022-09-08 07:12:39,2022-09-08 07:12:39
137346,6597,1,1,2022-06-24 22:27:30,2022-06-24 22:27:30
137399,134653,1,1,2022-06-25 19:39:43,2022-06-25 19:39:43
137434,115840,1,1,2022-06-26 17:21:26,2022-06-26 17:21:26
137454,97629,1,1,2022-06-27 08:41:05,2022-06-27 08:41:05
137543,69074,1,0,2022-06-29 12:41:50,2022-06-29 12:41:50
137641,137711,1,1,2022-07-04 10:21:35,2022-07-04 10:21:35
137667,64377,1,0,2022-11-26 10:06:53,2022-11-26 10:06:53
137682,30186,1,1,2022-07-03 05:42:56,2022-07-03 05:42:56
137701,46630,2,1,2023-08-12 22:17:30,2023-08-15 02:42:00
137701,143720,1,1,2023-08-24 18:12:24,2023-08-24 18:12:24
137701,151439,1,0,2023-08-17 20:49:41,2023-08-17 20:49:41
137701,153466,1,1,2023-08-11 12:14:48,2023-08-11 12:14:48
137701,153623,2,1,2023-08-12 20:24:57,2023-08-17 17:40:41
137702,102852,2,0,2022-07-05 00:09:10,2022-07-15 05:00:03
137702,125079,1,1,2022-07-04 01:00:28,2022-07-04 01:00:28
137711,137197,1,1,2022-07-07 07:50:48,2022-07-07 07:50:48
137730,43000,1,0,2022-10-24 12:42:28,2022-10-24 12:42:28
137730,63745,1,1,2022-10-21 19:59:37,2022-10-21 19:59:37
137753,130605,1,1,2022-07-05 07:41:38,2022-07-05 07:41:38
137765,51299,1,1,2022-07-05 12:58:21,2022-07-05 12:58:21
137771,122832,1,1,2022-07-05 17:25:36,2022-07-05 17:25:36
137772,122832,1,1,2022-07-05 18:24:51,2022-07-05 18:24:51
137790,138064,1,1,2022-07-14 05:43:51,2022-07-14 05:43:51
137793,137791,1,1,2022-07-06 08:36:21,2022-07-06 08:36:21
137851,158627,1,1,2024-01-07 12:03:53,2024-01-07 12:03:53
137868,118377,1,1,2022-07-15 08:29:16,2022-07-15 08:29:16
137868,126119,1,1,2022-07-08 11:12:03,2022-07-08 11:12:03
137868,128846,1,1,2022-07-15 08:06:28,2022-07-15 08:06:28
137868,136541,1,1,2022-07-14 15:31:13,2022-07-14 15:31:13
137868,136876,1,1,2022-07-17 06:20:39,2022-07-17 06:20:39
137868,137968,1,1,2022-07-15 08:19:25,2022-07-15 08:19:25
137868,138080,1,1,2022-07-14 15:54:54,2022-07-14 15:54:54
137889,117654,1,1,2022-07-09 00:09:37,2022-07-09 00:09:37
137907,56339,1,1,2022-09-12 13:23:14,2022-09-12 13:23:14
137907,137197,1,1,2022-07-09 18:28:11,2022-07-09 18:28:11
137907,138128,1,0,2022-09-15 18:09:37,2022-09-15 18:09:37
137907,138207,1,1,2022-07-18 15:23:16,2022-07-18 15:23:16
137907,138384,1,1,2022-07-27 18:51:56,2022-07-27 18:51:56
137907,139328,1,1,2022-11-05 12:07:42,2022-11-05 12:07:42
137914,100269,1,0,2022-07-10 00:36:12,2022-07-10 00:36:12
137914,135967,1,0,2022-07-16 14:11:17,2022-07-16 14:11:17
137914,137896,2,1,2022-07-10 01:12:01,2022-07-13 21:34:36
137914,138267,1,0,2022-07-20 16:58:43,2022-07-20 16:58:43
137925,17815,1,1,2022-07-10 12:05:45,2022-07-10 12:05:45
137960,111978,1,1,2022-07-11 14:26:34,2022-07-11 14:26:34
138022,132263,1,1,2022-07-13 18:32:53,2022-07-13 18:32:53
138038,1330,1,0,2022-10-08 14:35:01,2022-10-08 14:35:01
138038,64876,1,1,2022-09-16 17:35:01,2022-09-16 17:35:01
138038,82600,3,0,2022-12-02 09:57:53,2022-12-05 11:47:30
138038,83395,2,1,2022-10-04 15:39:43,2022-10-04 16:16:51
138038,87037,1,1,2022-09-28 15:14:07,2022-09-28 15:14:07
138038,109836,1,1,2022-09-29 12:32:21,2022-09-29 12:32:21
138038,139969,2,0,2023-01-06 16:21:33,2023-01-31 16:11:51
138038,140442,1,1,2022-09-28 15:43:50,2022-09-28 15:43:50
138038,144820,1,0,2023-01-21 10:57:10,2023-01-21 10:57:10
138038,161374,1,0,2024-04-16 11:11:52,2024-04-16 11:11:52
138043,134025,1,1,2022-07-13 15:23:13,2022-07-13 15:23:13
138043,138084,1,1,2022-07-17 01:39:56,2022-07-17 01:39:56
138110,113628,2,1,2022-07-14 19:45:15,2022-07-15 18:19:41
138113,133132,1,1,2022-07-14 21:24:39,2022-07-14 21:24:39
138151,111822,1,1,2022-07-15 15:29:12,2022-07-15 15:29:12
138220,138145,1,1,2022-07-17 18:31:07,2022-07-17 18:31:07
138246,118083,1,1,2022-07-18 12:17:33,2022-07-18 12:17:33
138312,138311,1,1,2022-07-20 00:18:48,2022-07-20 00:18:48
138318,92294,1,1,2022-09-07 13:25:35,2022-09-07 13:25:35
138318,138293,1,1,2022-07-20 07:47:19,2022-07-20 07:47:19
138323,138322,1,0,2022-07-25 09:09:37,2022-07-25 09:09:37
138368,107031,1,0,2022-07-21 15:11:03,2022-07-21 15:11:03
138389,80850,1,1,2022-07-22 08:53:25,2022-07-22 08:53:25
138399,117682,1,1,2022-07-22 14:43:18,2022-07-22 14:43:18
138405,131379,1,1,2022-07-22 15:16:15,2022-07-22 15:16:15
138437,137001,1,1,2022-07-23 16:21:40,2022-07-23 16:21:40
138474,27142,1,1,2022-08-01 23:22:00,2022-08-01 23:22:00
138474,138462,2,0,2022-07-25 00:43:38,2022-07-25 00:50:42
138488,133639,1,0,2022-07-25 10:55:56,2022-07-25 10:55:56
138503,113477,1,1,2022-07-25 22:34:18,2022-07-25 22:34:18
138565,119448,1,1,2022-07-27 06:39:56,2022-07-27 06:39:56
138591,66130,1,1,2022-07-28 15:13:09,2022-07-28 15:13:09
138591,125747,1,1,2022-08-04 14:14:38,2022-08-04 14:14:38
138591,132417,1,1,2022-07-28 16:03:46,2022-07-28 16:03:46
138591,133815,1,0,2022-07-28 15:15:25,2022-07-28 15:15:25
138591,138262,1,1,2022-08-04 14:19:04,2022-08-04 14:19:04
138591,138874,1,1,2022-08-04 17:33:36,2022-08-04 17:33:36
138612,92003,1,1,2022-07-28 10:08:48,2022-07-28 10:08:48
138617,74973,1,0,2022-12-19 09:11:03,2022-12-19 09:11:03
138631,124852,1,0,2022-07-28 20:52:51,2022-07-28 20:52:51
138651,76137,1,1,2022-07-29 10:20:59,2022-07-29 10:20:59
138689,96653,1,1,2022-07-30 08:06:53,2022-07-30 08:06:53
138765,116522,1,0,2022-08-01 20:57:45,2022-08-01 20:57:45
138774,125603,1,1,2022-08-02 07:20:00,2022-08-02 07:20:00
138812,115275,1,1,2022-11-29 10:57:13,2022-11-29 10:57:13
138830,14675,1,0,2023-06-03 16:40:53,2023-06-03 16:40:53
138877,116283,1,1,2022-08-04 19:24:11,2022-08-04 19:24:11
138894,18856,1,1,2022-08-16 09:10:01,2022-08-16 09:10:01
138894,23346,1,1,2022-08-17 12:29:03,2022-08-17 12:29:03
138894,25771,1,1,2022-08-12 13:30:37,2022-08-12 13:30:37
138894,26019,1,1,2022-10-27 14:05:42,2022-10-27 14:05:42
138894,27142,1,1,2022-08-06 13:41:11,2022-08-06 13:41:11
138894,32697,1,0,2022-08-13 03:55:30,2022-08-13 03:55:30
138894,33279,2,0,2022-08-21 07:41:40,2022-08-21 08:13:41
138894,47376,1,0,2022-08-06 12:21:02,2022-08-06 12:21:02
138894,55122,1,0,2022-10-27 15:15:41,2022-10-27 15:15:41
138894,64876,1,1,2022-08-14 18:13:26,2022-08-14 18:13:26
138894,80491,1,0,2022-08-11 06:54:59,2022-08-11 06:54:59
138894,84817,1,1,2022-11-15 02:32:01,2022-11-15 02:32:01
138894,87270,2,0,2022-10-27 14:34:48,2022-10-27 16:03:42
138894,102713,1,1,2022-08-09 05:37:43,2022-08-09 05:37:43
138894,122820,1,1,2022-08-13 04:53:44,2022-08-13 04:53:44
138894,123203,1,1,2022-08-14 04:43:27,2022-08-14 04:43:27
138894,130605,5,2,2022-08-12 09:43:45,2022-08-14 08:06:26
138894,130637,3,1,2022-08-17 12:59:53,2022-08-21 08:12:40
138894,130647,1,1,2022-08-09 05:45:36,2022-08-09 05:45:36
138894,132417,1,1,2022-08-14 17:52:58,2022-08-14 17:52:58
138894,132995,1,0,2022-08-17 12:50:41,2022-08-17 12:50:41
138894,134129,1,0,2022-08-17 12:35:33,2022-08-17 12:35:33
138894,137223,1,1,2022-08-06 12:11:18,2022-08-06 12:11:18
138894,137896,1,1,2022-08-14 05:40:17,2022-08-14 05:40:17
138894,138433,1,1,2022-08-05 12:27:13,2022-08-05 12:27:13
138894,138468,1,1,2022-08-14 17:50:15,2022-08-14 17:50:15
138894,138723,5,1,2022-08-12 14:36:22,2022-08-14 18:03:56
138894,138740,1,1,2022-08-06 11:30:43,2022-08-06 11:30:43
138894,138799,1,1,2022-08-06 12:39:27,2022-08-06 12:39:27
138894,138809,1,1,2022-08-06 11:12:33,2022-08-06 11:12:33
138894,138833,1,1,2022-08-12 09:36:42,2022-08-12 09:36:42
138894,138860,1,1,2022-08-09 04:56:02,2022-08-09 04:56:02
138894,138956,1,1,2022-08-09 04:12:46,2022-08-09 04:12:46
138894,139008,1,1,2022-08-09 04:03:10,2022-08-09 04:03:10
138894,139066,1,0,2022-08-17 11:47:37,2022-08-17 11:47:37
138894,139069,1,1,2022-08-12 09:52:46,2022-08-12 09:52:46
138894,139080,1,1,2022-08-11 07:30:35,2022-08-11 07:30:35
138894,139096,2,2,2022-08-11 06:50:41,2022-08-12 09:14:30
138894,139166,1,1,2022-08-13 03:59:32,2022-08-13 03:59:32
138894,139175,1,1,2022-08-14 05:45:01,2022-08-14 05:45:01
138894,139181,1,1,2022-08-14 05:32:48,2022-08-14 05:32:48
138894,139185,1,1,2022-08-14 04:49:08,2022-08-14 04:49:08
138894,139197,2,1,2022-08-14 18:23:46,2022-08-15 03:31:03
138894,139209,1,1,2022-08-14 17:56:15,2022-08-14 17:56:15
138894,139223,3,1,2022-08-15 11:34:41,2022-08-15 16:39:20
138894,139226,1,1,2022-08-15 10:16:39,2022-08-15 10:16:39
138894,139252,1,1,2022-08-16 10:01:47,2022-08-16 10:01:47
138894,139323,1,1,2022-08-17 11:57:18,2022-08-17 11:57:18
138894,139437,3,1,2022-08-21 08:40:36,2022-08-23 13:23:47
138894,139448,1,1,2022-08-21 08:35:53,2022-08-21 08:35:53
138894,139453,1,1,2022-08-21 08:23:10,2022-08-21 08:23:10
138894,139456,1,0,2022-08-21 07:36:25,2022-08-21 07:36:25
138894,139461,1,0,2022-08-21 07:27:22,2022-08-21 07:27:22
138894,141192,1,1,2022-10-05 16:58:46,2022-10-05 16:58:46
138894,141197,1,1,2022-10-05 16:37:12,2022-10-05 16:37:12
138894,141202,1,1,2022-10-05 15:36:55,2022-10-05 15:36:55
138894,141468,3,1,2022-11-16 04:11:13,2022-11-16 06:19:14
138894,141904,2,1,2022-10-29 13:37:37,2022-11-16 04:33:06
138894,142060,1,1,2022-10-27 15:49:41,2022-10-27 15:49:41
138894,142394,1,0,2022-11-16 04:18:29,2022-11-16 04:18:29
138920,88336,1,1,2022-08-06 05:31:23,2022-08-06 05:31:23
138954,131598,1,1,2022-08-07 17:22:23,2022-08-07 17:22:23
138954,138553,1,0,2022-08-07 17:34:18,2022-08-07 17:34:18
138979,107472,1,1,2022-08-08 11:48:55,2022-08-08 11:48:55
138981,135172,1,1,2022-08-08 12:33:28,2022-08-08 12:33:28
138985,122363,1,1,2022-08-10 12:32:37,2022-08-10 12:32:37
139049,62866,1,1,2022-09-01 12:32:23,2022-09-01 12:32:23
139049,127506,1,1,2022-08-11 13:33:14,2022-08-11 13:33:14
139049,139055,1,1,2022-08-10 12:21:26,2022-08-10 12:21:26
139049,139127,1,1,2022-08-12 12:47:50,2022-08-12 12:47:50
139065,99648,1,0,2023-03-17 04:24:43,2023-03-17 04:24:43
139069,102693,1,1,2023-01-27 15:39:46,2023-01-27 15:39:46
139069,116752,2,1,2023-01-27 15:51:24,2023-01-27 16:29:00
139069,123265,1,1,2023-01-27 15:23:24,2023-01-27 15:23:24
139084,130417,1,1,2022-08-10 21:37:40,2022-08-10 21:37:40
139086,73930,1,0,2024-02-01 12:13:32,2024-02-01 12:13:32
139086,83791,1,0,2024-01-30 22:46:06,2024-01-30 22:46:06
139086,126920,1,0,2024-02-01 12:10:01,2024-02-01 12:10:01
139110,132995,2,1,2022-08-17 12:25:11,2022-08-17 12:48:59
139110,139298,1,1,2022-08-17 19:12:57,2022-08-17 19:12:57
139112,107730,1,1,2023-01-22 16:10:41,2023-01-22 16:10:41
139113,100269,1,0,2022-08-11 14:20:11,2022-08-11 14:20:11
139151,18856,2,0,2022-08-16 07:03:55,2022-08-16 14:01:40
139151,23672,1,1,2022-08-12 15:19:11,2022-08-12 15:19:11
139151,80221,1,0,2022-08-18 14:26:31,2022-08-18 14:26:31
139151,111737,1,0,2022-08-17 17:26:40,2022-08-17 17:26:40
139151,116920,1,1,2022-08-18 07:20:31,2022-08-18 07:20:31
139151,132995,1,1,2022-08-17 11:30:53,2022-08-17 11:30:53
139151,135160,1,1,2022-08-12 18:33:44,2022-08-12 18:33:44
139151,135386,2,1,2022-08-18 08:20:43,2022-08-18 13:09:02
139151,139029,2,0,2022-08-16 06:54:42,2022-08-16 06:56:01
139151,139059,3,1,2022-08-18 07:24:09,2022-08-19 15:18:08
139151,139298,3,0,2022-08-18 15:45:00,2022-08-18 15:54:31
139151,139329,1,1,2022-08-17 15:48:29,2022-08-17 15:48:29
139151,139333,1,0,2022-08-17 17:13:37,2022-08-17 17:13:37
139151,139334,4,1,2022-08-17 16:29:52,2022-08-17 17:10:27
139172,29284,2,1,2023-01-20 19:14:14,2023-01-24 10:38:13
139205,128610,1,1,2022-08-14 15:10:30,2022-08-14 15:10:30
139277,14667,1,1,2023-04-01 15:39:40,2023-04-01 15:39:40
139277,115502,1,1,2023-04-03 11:53:45,2023-04-03 11:53:45
139277,145178,2,1,2023-04-01 15:28:26,2023-04-02 20:20:16
139316,102920,1,1,2023-01-05 10:12:10,2023-01-05 10:12:10
139322,124967,1,1,2022-08-17 10:07:11,2022-08-17 10:07:11
139328,43781,1,1,2023-03-31 14:33:22,2023-03-31 14:33:22
139328,142450,1,1,2022-11-06 18:18:05,2022-11-06 18:18:05
139328,148305,1,1,2023-03-31 14:28:50,2023-03-31 14:28:50
139364,52362,1,1,2023-12-05 23:30:20,2023-12-05 23:30:20
139370,119474,1,1,2022-08-26 13:54:57,2022-08-26 13:54:57
139380,107477,1,1,2024-01-26 13:31:54,2024-01-26 13:31:54
139419,139825,1,1,2022-08-30 21:08:39,2022-08-30 21:08:39
139419,142815,1,0,2022-12-07 14:45:31,2022-12-07 14:45:31
139419,143513,1,1,2022-12-07 13:54:55,2022-12-07 13:54:55
139461,87289,1,1,2022-08-23 04:12:18,2022-08-23 04:12:18
139461,90576,1,0,2022-08-23 04:09:46,2022-08-23 04:09:46
139461,133918,2,0,2022-08-22 02:46:06,2022-08-22 02:47:06
139461,136520,1,1,2022-08-23 04:07:43,2022-08-23 04:07:43
139479,63096,1,1,2022-08-21 19:22:58,2022-08-21 19:22:58
139479,138943,1,1,2022-08-21 20:27:45,2022-08-21 20:27:45
139490,33912,1,1,2022-08-22 06:17:18,2022-08-22 06:17:18
139503,141632,1,1,2025-08-04 07:31:09,2025-08-04 07:31:09
139503,185570,2,0,2025-07-31 20:08:46,2025-08-02 19:12:25
139509,138833,1,0,2022-08-31 13:38:42,2022-08-31 13:38:42
139509,139877,1,1,2022-08-31 13:45:06,2022-08-31 13:45:06
139550,141110,1,1,2022-10-05 08:50:56,2022-10-05 08:50:56
139550,141380,1,1,2022-10-12 15:00:26,2022-10-12 15:00:26
139656,170309,1,1,2024-10-07 17:43:20,2024-10-07 17:43:20
139656,170539,1,1,2024-10-07 17:38:09,2024-10-07 17:38:09
139658,43711,1,0,2023-11-08 09:26:17,2023-11-08 09:26:17
139658,49589,1,1,2024-04-15 13:03:39,2024-04-15 13:03:39
139658,59085,1,0,2022-09-06 13:13:18,2022-09-06 13:13:18
139658,79690,1,1,2023-09-04 15:43:52,2023-09-04 15:43:52
139658,109260,1,0,2024-02-29 15:21:45,2024-02-29 15:21:45
139658,130405,2,0,2023-07-17 14:37:39,2023-07-19 08:08:02
139658,139922,1,0,2022-09-06 09:30:24,2022-09-06 09:30:24
139658,140371,1,1,2023-09-01 13:06:05,2023-09-01 13:06:05
139658,145714,2,0,2023-11-08 09:19:42,2023-11-08 10:53:17
139658,151808,1,1,2023-07-17 14:33:04,2023-07-17 14:33:04
139658,151875,1,1,2023-07-18 12:01:04,2023-07-18 12:01:04
139658,151885,1,0,2023-07-18 11:54:11,2023-07-18 11:54:11
139658,153991,2,1,2023-08-28 08:30:47,2023-08-28 09:48:33
139658,154411,1,0,2024-02-29 15:18:08,2024-02-29 15:18:08
139658,154637,1,0,2023-10-16 13:00:48,2023-10-16 13:00:48
139658,155444,1,1,2023-10-19 13:55:08,2023-10-19 13:55:08
139658,155842,1,0,2023-11-07 09:38:20,2023-11-07 09:38:20
139658,162022,1,0,2024-04-05 08:18:54,2024-04-05 08:18:54
139685,139696,2,0,2022-08-29 08:03:10,2022-08-29 10:36:07
139757,303,1,0,2025-03-14 11:40:23,2025-03-14 11:40:23
139757,154968,1,0,2023-09-30 19:47:14,2023-09-30 19:47:14
139757,178933,1,0,2025-03-09 11:58:36,2025-03-09 11:58:36
139758,49456,1,1,2022-09-07 05:48:41,2022-09-07 05:48:41
139758,54586,2,1,2022-09-07 06:13:47,2022-09-08 15:16:34
139758,60175,1,1,2022-09-09 10:26:01,2022-09-09 10:26:01
139758,63745,1,1,2022-09-02 16:39:03,2022-09-02 16:39:03
139758,82468,1,0,2022-09-14 20:28:51,2022-09-14 20:28:51
139758,87037,1,1,2022-09-13 12:57:35,2022-09-13 12:57:35
139758,133184,1,0,2022-08-30 09:04:34,2022-08-30 09:04:34
139758,138485,1,1,2022-09-12 09:31:52,2022-09-12 09:31:52
139758,138833,1,1,2022-09-03 12:49:35,2022-09-03 12:49:35
139758,138954,2,1,2022-09-07 05:19:17,2022-09-14 10:22:31
139758,139080,1,1,2022-09-06 09:33:11,2022-09-06 09:33:11
139758,139687,1,1,2022-09-13 13:07:49,2022-09-13 13:07:49
139758,139825,2,1,2022-08-30 08:41:18,2022-08-31 12:53:35
139758,139922,1,0,2022-09-06 09:41:04,2022-09-06 09:41:04
139758,140235,1,1,2022-09-09 12:24:56,2022-09-09 12:24:56
139758,140237,1,1,2022-09-09 10:34:56,2022-09-09 10:34:56
139758,140278,1,1,2022-09-11 11:27:40,2022-09-11 11:27:40
139758,140303,1,1,2022-09-12 09:44:37,2022-09-12 09:44:37
139758,140347,1,1,2022-09-14 10:03:22,2022-09-14 10:03:22
139758,140437,1,1,2022-09-14 20:26:31,2022-09-14 20:26:31
139758,141632,1,1,2022-10-17 12:07:33,2022-10-17 12:07:33
139820,142880,1,1,2023-01-17 11:57:39,2023-01-17 11:57:39
139867,139832,1,1,2022-08-31 05:16:26,2022-08-31 05:16:26
139867,139833,1,1,2022-08-31 05:49:30,2022-08-31 05:49:30
139899,139893,1,1,2022-08-31 17:26:08,2022-08-31 17:26:08
139909,116375,1,0,2022-09-02 10:43:25,2022-09-02 10:43:25
139909,131424,1,0,2022-09-02 18:26:27,2022-09-02 18:26:27
139909,139628,2,1,2022-09-02 17:39:05,2022-09-05 21:38:29
139909,139740,1,1,2022-09-02 19:07:02,2022-09-02 19:07:02
139922,43711,1,0,2022-09-13 11:00:19,2022-09-13 11:00:19
139922,64377,1,0,2022-10-31 07:21:03,2022-10-31 07:21:03
139922,87876,1,0,2022-11-15 09:03:37,2022-11-15 09:03:37
139922,117841,1,0,2022-10-12 14:03:18,2022-10-12 14:03:18
139922,141412,1,1,2022-10-11 07:02:21,2022-10-11 07:02:21
139922,141420,1,0,2022-10-11 11:19:12,2022-10-11 11:19:12
139922,141467,3,1,2022-10-12 10:40:26,2022-10-12 12:16:29
139922,141820,1,1,2022-10-21 13:27:03,2022-10-21 13:27:03
139922,142876,1,1,2022-11-17 07:40:52,2022-11-17 07:40:52
139922,142880,1,0,2022-11-17 07:34:21,2022-11-17 07:34:21
139922,143204,2,1,2022-11-25 13:58:22,2022-11-28 13:02:59
139922,145174,1,1,2023-01-24 08:08:41,2023-01-24 08:08:41
140027,140636,1,1,2022-09-20 12:53:24,2022-09-20 12:53:24
140108,115447,1,1,2022-09-07 08:53:46,2022-09-07 08:53:46
140114,131452,1,0,2025-06-10 10:07:35,2025-06-10 10:07:35
140137,128920,1,1,2023-12-23 15:07:00,2023-12-23 15:07:00
140137,141247,1,1,2023-02-09 20:14:32,2023-02-09 20:14:32
140137,156380,1,1,2023-12-08 12:41:12,2023-12-08 12:41:12
140137,156646,1,1,2023-11-28 19:19:25,2023-11-28 19:19:25
140137,156830,1,1,2023-12-08 15:51:37,2023-12-08 15:51:37
140137,156833,1,1,2023-12-05 14:29:24,2023-12-05 14:29:24
140137,156856,1,1,2023-12-06 19:49:00,2023-12-06 19:49:00
140137,156916,1,1,2023-12-07 13:01:08,2023-12-07 13:01:08
140137,156955,1,0,2023-12-08 17:53:48,2023-12-08 17:53:48
140137,158317,1,0,2023-12-23 15:31:20,2023-12-23 15:31:20
140142,17815,1,0,2025-07-22 23:51:26,2025-07-22 23:51:26
140142,62793,1,1,2022-09-06 23:30:20,2022-09-06 23:30:20
140142,150235,1,0,2024-04-15 23:38:47,2024-04-15 23:38:47
140142,181807,1,1,2025-05-16 02:01:50,2025-05-16 02:01:50
140210,140185,1,1,2022-09-08 15:16:26,2022-09-08 15:16:26
140261,135172,1,0,2022-09-10 08:35:05,2022-09-10 08:35:05
140267,133184,1,1,2022-10-06 21:43:37,2022-10-06 21:43:37
140267,140564,2,1,2022-09-25 14:39:56,2022-09-26 01:44:12
140267,141235,1,1,2022-10-06 21:59:26,2022-10-06 21:59:26
140269,140237,1,1,2022-09-10 14:16:48,2022-09-10 14:16:48
140269,140272,1,1,2022-09-10 20:12:04,2022-09-10 20:12:04
140380,32243,1,1,2022-09-13 12:48:03,2022-09-13 12:48:03
140391,154502,1,1,2023-09-14 05:15:33,2023-09-14 05:15:33
140413,43711,1,1,2022-09-14 07:02:42,2022-09-14 07:02:42
140422,43466,1,0,2022-09-14 10:16:52,2022-09-14 10:16:52
140422,43711,1,0,2022-09-14 18:23:42,2022-09-14 18:23:42
140455,85548,1,0,2022-09-15 09:48:17,2022-09-15 09:48:17
140499,7730,6,0,2024-11-18 12:09:55,2024-11-18 12:48:04
140499,137143,3,0,2024-11-21 19:56:55,2024-11-22 08:30:15
140499,159725,5,1,2026-04-01 04:03:28,2026-04-03 10:23:23
140499,177171,3,0,2025-02-01 07:50:45,2025-02-03 01:30:21
140499,181012,1,0,2026-04-04 22:36:29,2026-04-04 22:36:29
140499,189976,2,0,2026-04-04 08:42:06,2026-04-04 22:37:49
140542,144419,1,0,2023-01-02 01:36:21,2023-01-02 01:36:21
140607,162761,2,1,2024-05-07 06:00:53,2024-05-07 06:50:51
140628,63745,2,2,2022-09-24 09:28:36,2022-09-25 10:40:44
140628,87185,1,1,2022-09-23 12:31:43,2022-09-23 12:31:43
140628,111618,1,1,2022-09-20 14:07:20,2022-09-20 14:07:20
140628,122363,1,0,2023-03-16 09:07:09,2023-03-16 09:07:09
140628,130219,1,1,2022-09-23 11:20:41,2022-09-23 11:20:41
140628,137223,1,1,2022-09-20 17:16:44,2022-09-20 17:16:44
140628,140631,1,1,2022-09-20 10:40:39,2022-09-20 10:40:39
140645,149029,1,0,2023-04-17 05:22:49,2023-04-17 05:22:49
140669,130951,1,0,2022-09-21 08:59:04,2022-09-21 08:59:04
140707,32169,1,0,2025-09-19 12:57:35,2025-09-19 12:57:35
140742,130679,1,0,2022-10-20 16:01:16,2022-10-20 16:01:16
140820,39982,1,1,2022-09-25 19:19:23,2022-09-25 19:19:23
140875,132995,1,1,2022-09-27 15:14:53,2022-09-27 15:14:53
140886,40468,1,1,2022-09-27 19:35:50,2022-09-27 19:35:50
140886,52617,2,1,2022-12-21 17:06:16,2022-12-23 20:20:54
140886,77714,1,1,2022-09-27 19:49:25,2022-09-27 19:49:25
140886,84707,1,1,2022-09-28 14:56:49,2022-09-28 14:56:49
140886,109633,1,1,2022-09-28 15:04:52,2022-09-28 15:04:52
140886,128033,1,1,2022-09-28 17:53:26,2022-09-28 17:53:26
140886,138954,1,1,2022-09-28 14:49:58,2022-09-28 14:49:58
140886,140748,1,1,2022-09-28 17:50:13,2022-09-28 17:50:13
140886,140867,1,1,2022-09-28 18:00:05,2022-09-28 18:00:05
140886,140877,1,1,2022-09-28 15:01:07,2022-09-28 15:01:07
140900,62642,1,0,2026-02-14 03:05:11,2026-02-14 03:05:11
140900,192555,1,0,2026-02-15 20:52:03,2026-02-15 20:52:03
140912,39929,1,1,2022-09-28 07:09:26,2022-09-28 07:09:26
140943,130080,1,1,2022-09-28 16:35:59,2022-09-28 16:35:59
140992,109836,1,1,2022-09-29 22:16:59,2022-09-29 22:16:59
140993,64377,1,0,2025-11-16 02:06:42,2025-11-16 02:06:42
140993,135268,1,1,2025-11-15 17:08:16,2025-11-15 17:08:16
141007,129989,1,1,2022-09-30 08:05:11,2022-09-30 08:05:11
141010,138038,1,0,2022-09-30 11:11:57,2022-09-30 11:11:57
141013,109836,3,0,2022-09-30 12:45:28,2022-10-04 19:55:52
141013,140985,1,0,2022-09-30 13:43:58,2022-09-30 13:43:58
141029,92050,1,0,2022-09-30 22:00:18,2022-09-30 22:00:18
141037,9085,1,0,2024-05-16 18:38:56,2024-05-16 18:38:56
141038,141026,1,1,2022-10-01 04:58:58,2022-10-01 04:58:58
141053,145178,1,1,2023-01-26 08:29:43,2023-01-26 08:29:43
141055,126074,1,1,2022-10-03 10:30:21,2022-10-03 10:30:21
141092,136255,1,1,2022-10-03 06:13:00,2022-10-03 06:13:00
141092,144775,1,1,2023-01-13 00:45:53,2023-01-13 00:45:53
141096,9670,1,1,2022-10-03 08:24:31,2022-10-03 08:24:31
141103,70546,1,1,2022-10-04 16:25:31,2022-10-04 16:25:31
141155,138782,1,1,2022-10-04 16:05:43,2022-10-04 16:05:43
141171,143726,1,1,2022-12-10 02:46:31,2022-12-10 02:46:31
141171,143983,1,1,2022-12-17 07:24:43,2022-12-17 07:24:43
141192,140278,1,0,2023-01-18 20:32:51,2023-01-18 20:32:51
141217,119921,1,0,2022-10-05 19:35:08,2022-10-05 19:35:08
141234,143059,1,0,2022-12-30 03:58:28,2022-12-30 03:58:28
141255,115352,1,1,2023-07-09 13:23:15,2023-07-09 13:23:15
141261,92086,1,1,2022-10-06 21:49:09,2022-10-06 21:49:09
141262,141235,1,1,2022-10-06 23:41:27,2022-10-06 23:41:27
141264,141235,1,1,2022-10-07 01:02:22,2022-10-07 01:02:22
141267,137751,1,1,2023-11-08 03:33:25,2023-11-08 03:33:25
141289,109113,4,1,2022-10-07 12:04:00,2022-10-07 14:21:26
141299,141202,1,1,2022-10-07 16:59:42,2022-10-07 16:59:42
141318,41448,1,1,2022-10-08 22:50:15,2022-10-08 22:50:15
141318,130219,1,1,2022-10-08 08:49:23,2022-10-08 08:49:23
141318,140812,1,1,2022-10-09 10:01:18,2022-10-09 10:01:18
141355,43613,1,1,2022-10-10 20:47:44,2022-10-10 20:47:44
141355,64377,1,0,2022-10-17 21:30:35,2022-10-17 21:30:35
141355,85995,1,0,2022-10-13 11:27:56,2022-10-13 11:27:56
141355,107477,1,0,2022-10-13 10:28:27,2022-10-13 10:28:27
141355,117614,1,0,2022-10-15 21:54:56,2022-10-15 21:54:56
141355,123145,1,0,2022-10-17 21:32:03,2022-10-17 21:32:03
141355,137051,1,0,2022-10-17 21:42:34,2022-10-17 21:42:34
141355,140253,2,0,2022-10-26 19:34:15,2022-10-29 14:57:44
141355,141375,2,1,2022-10-10 10:55:07,2022-10-10 20:53:30
141355,141398,2,1,2022-10-10 20:31:03,2022-10-10 22:23:29
141355,141420,1,0,2022-10-11 10:12:34,2022-10-11 10:12:34
141355,141421,2,0,2022-10-13 13:34:16,2022-10-13 13:48:10
141355,141468,2,1,2022-10-13 09:40:32,2022-10-20 19:42:00
141355,141487,1,0,2022-10-12 20:38:47,2022-10-12 20:38:47
141355,141517,2,0,2022-10-13 13:53:44,2022-10-14 20:24:05
141355,141611,1,0,2022-10-18 20:06:23,2022-10-18 20:06:23
141356,130679,1,1,2025-03-04 21:54:19,2025-03-04 21:54:19
141372,134069,1,1,2022-10-10 08:21:43,2022-10-10 08:21:43
141386,101070,1,0,2022-10-10 14:12:43,2022-10-10 14:12:43
141417,106523,1,1,2022-10-11 07:07:58,2022-10-11 07:07:58
141417,116375,1,1,2022-10-11 06:49:23,2022-10-11 06:49:23
141417,138485,1,1,2022-10-11 06:42:37,2022-10-11 06:42:37
141417,138987,1,1,2022-10-11 07:00:29,2022-10-11 07:00:29
141428,141420,1,1,2022-10-11 11:33:22,2022-10-11 11:33:22
141428,141477,1,1,2022-10-12 18:01:45,2022-10-12 18:01:45
141429,143855,1,1,2022-12-14 04:46:56,2022-12-14 04:46:56
141432,14675,2,0,2024-02-26 12:43:20,2024-02-28 11:05:09
141432,120250,1,1,2022-12-10 15:00:08,2022-12-10 15:00:08
141490,112791,1,1,2022-12-14 16:41:13,2022-12-14 16:41:13
141490,131316,3,1,2022-11-15 14:35:10,2022-11-17 10:20:34
141490,131571,1,1,2022-12-03 15:50:14,2022-12-03 15:50:14
141490,136949,1,1,2023-01-07 15:05:38,2023-01-07 15:05:38
141490,138508,2,1,2022-11-21 17:50:27,2022-11-24 09:23:06
141490,139592,1,1,2022-10-17 16:55:51,2022-10-17 16:55:51
141490,142700,1,1,2022-11-24 15:00:22,2022-11-24 15:00:22
141490,142852,1,1,2022-12-11 18:15:20,2022-12-11 18:15:20
141490,143491,1,1,2022-12-03 15:36:12,2022-12-03 15:36:12
141490,143646,1,1,2022-12-07 18:02:05,2022-12-07 18:02:05
141490,143781,2,1,2022-12-12 07:46:04,2022-12-13 08:16:09
141490,143798,1,1,2022-12-12 13:03:12,2022-12-12 13:03:12
141497,107477,1,1,2022-10-13 04:28:25,2022-10-13 04:28:25
141506,58433,2,1,2022-10-13 10:24:04,2022-10-14 10:00:46
141506,128558,1,1,2022-10-14 12:15:48,2022-10-14 12:15:48
141506,140658,1,1,2022-10-13 11:51:15,2022-10-13 11:51:15
141510,141499,1,1,2022-10-13 12:33:22,2022-10-13 12:33:22
141523,187395,1,0,2025-10-14 22:13:15,2025-10-14 22:13:15
141533,98737,1,1,2023-05-08 07:57:40,2023-05-08 07:57:40
141533,101228,1,1,2023-05-10 14:51:03,2023-05-10 14:51:03
141533,113067,1,0,2023-05-10 14:23:53,2023-05-10 14:23:53
141533,121222,1,1,2023-05-08 07:34:34,2023-05-08 07:34:34
141580,14675,1,0,2023-11-13 09:14:34,2023-11-13 09:14:34
141580,17815,1,0,2025-07-22 09:52:05,2025-07-22 09:52:05
141580,52972,1,1,2023-11-07 11:26:09,2023-11-07 11:26:09
141580,59085,2,0,2023-11-22 14:52:30,2023-11-23 09:16:16
141580,69362,1,0,2024-06-11 20:37:48,2024-06-11 20:37:48
141580,93617,1,1,2025-01-09 10:06:46,2025-01-09 10:06:46
141580,125363,2,1,2023-11-21 13:48:41,2023-11-27 17:42:21
141580,131082,1,1,2023-11-17 11:19:46,2023-11-17 11:19:46
141580,151439,1,1,2023-09-27 13:47:25,2023-09-27 13:47:25
141580,151789,2,1,2023-09-07 13:12:11,2023-09-08 08:37:16
141580,151817,2,1,2023-11-21 12:06:39,2023-11-21 13:08:35
141580,154635,2,1,2023-09-19 11:02:17,2023-10-02 09:13:37
141580,155799,1,0,2023-11-08 15:06:12,2023-11-08 15:06:12
141580,155975,2,1,2023-11-07 13:19:40,2023-11-07 15:22:08
141580,156275,2,1,2023-11-16 15:42:27,2023-11-20 09:35:36
141580,156380,1,0,2023-11-20 13:42:56,2023-11-20 13:42:56
141580,156392,1,0,2023-11-21 10:13:59,2023-11-21 10:13:59
141580,156432,3,1,2023-11-21 16:42:30,2023-11-21 17:50:40
141580,156460,1,0,2023-11-22 10:22:13,2023-11-22 10:22:13
141580,174675,1,1,2024-12-11 10:40:55,2024-12-11 10:40:55
141580,175694,1,0,2025-01-09 16:56:15,2025-01-09 16:56:15
141580,175719,2,1,2025-01-08 10:06:37,2025-01-08 16:31:07
141584,141611,2,1,2022-10-18 20:38:22,2022-10-18 22:41:39
141619,76530,1,1,2022-12-23 20:34:50,2022-12-23 20:34:50
141619,97494,1,1,2024-11-29 20:54:52,2024-11-29 20:54:52
141667,156306,1,1,2024-01-07 15:51:41,2024-01-07 15:51:41
141667,158482,1,1,2024-01-07 15:27:59,2024-01-07 15:27:59
141685,133559,1,1,2023-01-16 11:36:55,2023-01-16 11:36:55
141686,141677,1,1,2022-10-18 09:33:15,2022-10-18 09:33:15
141698,135639,1,1,2022-10-18 14:03:00,2022-10-18 14:03:00
141703,139816,1,1,2022-10-18 16:57:56,2022-10-18 16:57:56
141703,141677,1,1,2022-10-18 16:46:55,2022-10-18 16:46:55
141811,141973,3,1,2022-10-30 13:33:39,2022-11-02 20:02:19
141828,54584,1,1,2022-11-03 15:55:01,2022-11-03 15:55:01
141828,87037,2,2,2022-10-25 12:18:36,2022-10-25 12:43:26
141828,98463,1,1,2023-06-28 16:53:18,2023-06-28 16:53:18
141828,103679,1,1,2023-07-10 19:31:26,2023-07-10 19:31:26
141828,126307,1,1,2022-12-07 09:45:24,2022-12-07 09:45:24
141828,138468,2,1,2022-11-03 13:53:20,2022-11-03 16:07:56
141828,138508,1,1,2022-11-09 21:33:22,2022-11-09 21:33:22
141828,142011,1,1,2022-10-26 07:57:22,2022-10-26 07:57:22
141828,142014,1,1,2022-10-26 08:42:55,2022-10-26 08:42:55
141828,142030,1,0,2022-10-26 17:23:59,2022-10-26 17:23:59
141828,142156,2,1,2022-10-29 08:52:43,2022-10-31 10:16:42
141828,142350,1,1,2022-11-03 16:03:54,2022-11-03 16:03:54
141828,142885,1,1,2023-01-18 09:56:13,2023-01-18 09:56:13
141828,145822,2,1,2023-02-11 00:51:54,2023-02-13 09:56:52
141828,148226,2,0,2023-03-23 11:37:04,2023-03-23 12:28:52
141828,149424,2,1,2023-05-02 11:22:52,2023-05-02 14:40:21
141828,149917,1,0,2023-05-16 17:43:49,2023-05-16 17:43:49
141828,150105,1,0,2023-05-22 13:44:20,2023-05-22 13:44:20
141828,150129,1,1,2023-05-23 07:27:07,2023-05-23 07:27:07
141828,150227,1,1,2023-05-26 09:37:29,2023-05-26 09:37:29
141828,150438,1,1,2023-06-02 15:23:19,2023-06-02 15:23:19
141828,151264,2,1,2023-06-28 19:32:54,2023-07-01 06:30:19
141828,151592,3,1,2023-07-08 16:55:49,2023-07-10 08:58:22
141842,16251,1,1,2022-10-21 19:10:43,2022-10-21 19:10:43
141861,104143,1,1,2022-11-07 09:59:11,2022-11-07 09:59:11
141863,121295,1,1,2022-10-22 11:35:49,2022-10-22 11:35:49
141868,1330,1,0,2024-08-26 16:50:08,2024-08-26 16:50:08
141868,63031,1,0,2024-08-26 16:53:19,2024-08-26 16:53:19
141882,121071,1,1,2022-10-23 05:27:22,2022-10-23 05:27:22
141906,303,1,1,2022-11-13 23:40:52,2022-11-13 23:40:52
141906,133095,1,1,2022-10-23 17:58:34,2022-10-23 17:58:34
141906,134871,1,1,2022-10-23 17:47:55,2022-10-23 17:47:55
141906,140225,1,1,2022-10-23 20:27:23,2022-10-23 20:27:23
141906,140933,1,1,2022-10-23 20:04:55,2022-10-23 20:04:55
141906,141564,1,1,2022-10-23 18:05:02,2022-10-23 18:05:02
141991,126577,1,1,2022-10-25 19:42:45,2022-10-25 19:42:45
142042,139270,1,0,2022-10-26 17:58:15,2022-10-26 17:58:15
142098,142163,1,1,2022-10-30 13:54:07,2022-10-30 13:54:07
142098,143469,2,1,2022-12-02 20:10:43,2022-12-03 23:32:16
142151,140634,1,0,2022-10-28 22:11:32,2022-10-28 22:11:32
142161,119139,1,1,2022-10-29 13:41:40,2022-10-29 13:41:40
142185,141811,5,1,2022-10-30 08:11:57,2022-10-30 14:29:55
142205,49275,2,1,2022-12-19 09:37:59,2022-12-19 13:04:56
142205,50664,1,0,2022-12-16 21:04:58,2022-12-16 21:04:58
142205,51603,1,1,2022-12-17 13:25:03,2022-12-17 13:25:03
142205,53215,2,1,2022-12-18 09:22:00,2022-12-19 13:02:32
142205,64876,5,1,2023-05-15 22:59:46,2023-05-16 07:48:48
142205,76109,1,1,2023-05-13 10:06:30,2023-05-13 10:06:30
142205,113423,1,0,2024-10-21 12:13:23,2024-10-21 12:13:23
142205,121222,1,1,2023-05-17 08:47:25,2023-05-17 08:47:25
142205,131408,1,1,2022-12-18 01:28:04,2022-12-18 01:28:04
142205,141490,1,1,2022-12-15 09:22:57,2022-12-15 09:22:57
142205,142852,1,1,2022-12-15 09:07:50,2022-12-15 09:07:50
142205,143924,1,1,2022-12-15 12:48:49,2022-12-15 12:48:49
142205,143985,1,1,2022-12-17 13:42:08,2022-12-17 13:42:08
142205,144479,1,0,2023-01-03 15:02:22,2023-01-03 15:02:22
142205,147867,1,0,2023-05-22 10:39:23,2023-05-22 10:39:23
142205,148603,1,1,2023-05-21 11:49:29,2023-05-21 11:49:29
142205,149782,1,1,2023-05-13 09:22:58,2023-05-13 09:22:58
142205,149888,1,1,2023-05-16 06:53:11,2023-05-16 06:53:11
142205,149892,1,1,2023-05-15 23:16:16,2023-05-15 23:16:16
142205,149979,1,1,2023-05-18 09:20:20,2023-05-18 09:20:20
142205,150091,1,1,2023-05-22 07:24:25,2023-05-22 07:24:25
142205,150257,1,0,2023-05-29 14:51:16,2023-05-29 14:51:16
142205,150473,1,1,2023-06-03 20:03:44,2023-06-03 20:03:44
142205,150487,1,1,2023-06-04 10:45:36,2023-06-04 10:45:36
142205,150701,3,1,2023-06-11 06:47:41,2023-06-12 05:44:33
142205,182011,1,1,2025-08-21 08:43:09,2025-08-21 08:43:09
142220,87995,1,1,2022-10-31 11:32:31,2022-10-31 11:32:31
142305,137476,1,0,2022-11-02 12:13:08,2022-11-02 12:13:08
142356,138718,1,0,2022-11-03 16:44:55,2022-11-03 16:44:55
142361,143874,1,1,2022-12-14 18:49:32,2022-12-14 18:49:32
142362,74560,1,1,2022-11-03 19:41:55,2022-11-03 19:41:55
142390,136846,1,1,2022-11-04 12:56:02,2022-11-04 12:56:02
142404,142316,1,1,2022-11-12 01:32:42,2022-11-12 01:32:42
142420,142566,1,1,2025-06-18 12:28:11,2025-06-18 12:28:11
142420,145759,1,1,2026-02-27 06:05:29,2026-02-27 06:05:29
142482,136949,1,1,2022-12-14 04:31:44,2022-12-14 04:31:44
142484,136814,1,0,2022-11-07 09:22:42,2022-11-07 09:22:42
142564,140371,1,1,2022-11-09 04:15:01,2022-11-09 04:15:01
142581,138833,1,0,2022-11-09 12:16:53,2022-11-09 12:16:53
142588,142543,1,1,2022-11-09 16:04:41,2022-11-09 16:04:41
142595,142589,1,1,2022-11-09 18:06:59,2022-11-09 18:06:59
142623,107136,1,1,2022-11-10 08:19:49,2022-11-10 08:19:49
142630,138437,1,0,2023-04-05 14:01:01,2023-04-05 14:01:01
142685,64199,1,0,2023-01-02 16:20:37,2023-01-02 16:20:37
142685,112074,2,0,2023-01-10 05:10:02,2023-01-10 12:19:22
142700,1426,1,0,2022-12-03 02:33:01,2022-12-03 02:33:01
142815,139239,1,0,2022-11-27 13:12:04,2022-11-27 13:12:04
142827,134777,1,1,2023-03-12 20:29:51,2023-03-12 20:29:51
142827,147844,2,1,2023-03-12 18:29:07,2023-03-13 18:54:49
142827,147867,1,1,2023-04-09 20:04:16,2023-04-09 20:04:16
142855,142854,2,1,2022-11-16 16:30:29,2022-11-16 16:47:46
142880,303,1,1,2024-01-02 15:02:13,2024-01-02 15:02:13
142880,18581,1,1,2023-08-02 14:09:50,2023-08-02 14:09:50
142880,18682,1,1,2023-01-24 08:54:10,2023-01-24 08:54:10
142880,42439,1,1,2023-01-24 11:54:44,2023-01-24 11:54:44
142880,53215,1,1,2022-12-19 08:37:24,2022-12-19 08:37:24
142880,59085,1,0,2023-01-19 14:01:50,2023-01-19 14:01:50
142880,64199,1,1,2023-01-10 15:56:44,2023-01-10 15:56:44
142880,98402,1,1,2022-12-20 14:30:25,2022-12-20 14:30:25
142880,105709,1,1,2023-03-14 12:50:09,2023-03-14 12:50:09
142880,119601,1,1,2024-01-03 08:13:01,2024-01-03 08:13:01
142880,121019,1,1,2023-01-26 15:32:23,2023-01-26 15:32:23
142880,125747,1,1,2024-01-10 13:48:45,2024-01-10 13:48:45
142880,130605,1,1,2023-02-15 11:58:18,2023-02-15 11:58:18
142880,137503,2,1,2023-01-19 10:07:49,2023-01-19 10:27:28
142880,138508,2,2,2023-03-16 15:47:08,2023-04-05 06:33:59
142880,141421,1,1,2022-12-29 07:17:00,2022-12-29 07:17:00
142880,141429,1,1,2022-12-13 11:52:08,2022-12-13 11:52:08
142880,142386,1,1,2022-12-16 15:17:43,2022-12-16 15:17:43
142880,143056,1,0,2023-01-30 09:39:35,2023-01-30 09:39:35
142880,143803,2,1,2022-12-13 12:09:59,2023-01-24 07:18:22
142880,143953,1,1,2022-12-16 10:11:35,2022-12-16 10:11:35
142880,144072,1,1,2022-12-20 14:37:53,2022-12-20 14:37:53
142880,144075,1,1,2022-12-29 07:24:41,2022-12-29 07:24:41
142880,144350,2,1,2022-12-29 09:36:12,2023-01-05 07:19:44
142880,144558,1,1,2023-01-10 14:41:21,2023-01-10 14:41:21
142880,144628,2,1,2023-01-10 15:34:51,2023-01-19 07:18:34
142880,144636,1,1,2023-01-09 10:20:10,2023-01-09 10:20:10
142880,144806,1,1,2023-01-19 09:50:49,2023-01-19 09:50:49
142880,144979,1,1,2023-01-19 10:19:51,2023-01-19 10:19:51
142880,145000,1,1,2023-01-19 14:15:59,2023-01-19 14:15:59
142880,145077,2,1,2023-01-23 15:15:44,2023-01-26 10:13:17
142880,145376,1,1,2023-01-30 09:47:14,2023-01-30 09:47:14
142880,145979,1,1,2023-02-15 11:50:17,2023-02-15 11:50:17
142880,147663,1,1,2023-03-16 14:22:10,2023-03-16 14:22:10
142880,148305,1,1,2023-04-05 06:46:22,2023-04-05 06:46:22
142880,148672,1,1,2023-04-05 13:34:01,2023-04-05 13:34:01
142880,156695,1,1,2023-12-06 09:01:03,2023-12-06 09:01:03
142880,158493,2,1,2024-01-03 15:02:18,2024-01-05 11:41:23
142880,158585,1,1,2024-01-05 12:02:53,2024-01-05 12:02:53
142880,174205,2,1,2024-12-04 12:22:28,2024-12-06 18:12:29
142895,108739,1,1,2022-11-17 16:51:12,2022-11-17 16:51:12
142904,86339,1,1,2022-11-17 21:52:35,2022-11-17 21:52:35
142937,141588,1,1,2022-11-18 18:11:49,2022-11-18 18:11:49
142977,14675,1,0,2024-05-10 19:09:10,2024-05-10 19:09:10
142994,138738,1,1,2022-11-20 16:27:40,2022-11-20 16:27:40
143053,135533,2,1,2022-11-21 14:56:15,2022-12-07 10:42:20
143071,138508,2,0,2022-11-21 22:14:14,2022-11-24 13:51:32
143121,149432,1,1,2023-05-01 10:41:13,2023-05-01 10:41:13
143134,122797,1,1,2022-11-23 07:51:43,2022-11-23 07:51:43
143163,139254,1,1,2022-11-24 00:24:57,2022-11-24 00:24:57
143170,139485,1,0,2022-11-24 03:03:05,2022-11-24 03:03:05
143173,149345,1,0,2023-04-27 14:30:18,2023-04-27 14:30:18
143178,93617,1,1,2022-12-21 09:42:19,2022-12-21 09:42:19
143178,120363,1,1,2023-03-14 08:26:13,2023-03-14 08:26:13
143178,142568,1,1,2023-01-11 14:54:25,2023-01-11 14:54:25
143178,153466,1,1,2023-08-11 12:30:17,2023-08-11 12:30:17
143179,153438,1,1,2023-08-29 09:37:47,2023-08-29 09:37:47
143212,130664,1,1,2023-01-11 12:43:26,2023-01-11 12:43:26
143241,141821,1,1,2022-11-26 17:14:05,2022-11-26 17:14:05
143275,133256,1,1,2022-11-28 00:03:53,2022-11-28 00:03:53
143367,133336,1,1,2022-11-30 12:22:04,2022-11-30 12:22:04
143432,134711,1,1,2022-12-01 19:49:26,2022-12-01 19:49:26
143471,99648,1,1,2023-03-17 02:07:09,2023-03-17 02:07:09
143471,116793,1,1,2022-12-11 03:54:22,2022-12-11 03:54:22
143471,118731,1,1,2022-12-10 16:11:46,2022-12-10 16:11:46
143471,136169,1,1,2022-12-10 15:30:23,2022-12-10 15:30:23
143471,143059,1,1,2023-03-13 22:30:37,2023-03-13 22:30:37
143471,146035,1,1,2024-03-05 00:18:12,2024-03-05 00:18:12
143471,147867,1,1,2023-04-07 01:29:23,2023-04-07 01:29:23
143471,148053,1,1,2023-04-08 17:07:43,2023-04-08 17:07:43
143471,148562,1,1,2023-04-07 01:36:31,2023-04-07 01:36:31
143471,148720,1,1,2023-04-07 01:23:25,2023-04-07 01:23:25
143603,143595,1,0,2022-12-06 17:24:17,2022-12-06 17:24:17
143612,133431,1,1,2022-12-06 22:26:11,2022-12-06 22:26:11
143625,108053,1,1,2022-12-07 08:33:10,2022-12-07 08:33:10
143627,5344,1,1,2022-12-07 12:11:57,2022-12-07 12:11:57
143641,87876,1,1,2022-12-07 15:05:54,2022-12-07 15:05:54
143641,99565,1,1,2022-12-16 08:37:57,2022-12-16 08:37:57
143641,104546,2,1,2022-12-17 05:36:17,2022-12-18 04:59:37
143641,116333,2,1,2022-12-10 05:52:23,2022-12-10 06:42:01
143641,137215,1,1,2022-12-08 06:23:09,2022-12-08 06:23:09
143641,142852,1,1,2022-12-10 06:11:18,2022-12-10 06:11:18
143641,143643,2,1,2022-12-07 15:33:40,2022-12-07 19:00:42
143641,143664,1,1,2022-12-08 06:05:09,2022-12-08 06:05:09
143641,143720,1,0,2022-12-12 13:40:33,2022-12-12 13:40:33
143641,143794,1,0,2022-12-12 12:52:09,2022-12-12 12:52:09
143641,143796,1,1,2022-12-12 13:21:51,2022-12-12 13:21:51
143641,143797,1,0,2022-12-12 12:59:29,2022-12-12 12:59:29
143641,143800,1,1,2022-12-12 14:50:54,2022-12-12 14:50:54
143641,143805,1,0,2022-12-12 17:07:00,2022-12-12 17:07:00
143641,143988,1,1,2022-12-17 06:46:20,2022-12-17 06:46:20
143653,13618,1,1,2022-12-07 18:26:40,2022-12-07 18:26:40
143653,141490,1,1,2022-12-15 14:38:11,2022-12-15 14:38:11
143655,139318,1,1,2023-01-22 22:53:13,2023-01-22 22:53:13
143655,143985,1,0,2023-01-22 23:11:24,2023-01-22 23:11:24
143680,108053,1,0,2022-12-08 12:25:36,2022-12-08 12:25:36
143712,133156,1,1,2022-12-09 12:54:37,2022-12-09 12:54:37
143812,144729,1,1,2023-01-11 14:58:21,2023-01-11 14:58:21
143846,142435,1,1,2022-12-13 20:06:00,2022-12-13 20:06:00
143850,68313,1,1,2022-12-13 19:25:51,2022-12-13 19:25:51
143888,90576,1,1,2022-12-22 15:37:16,2022-12-22 15:37:16
143898,134149,1,1,2022-12-14 18:44:32,2022-12-14 18:44:32
143903,141429,1,1,2022-12-14 22:02:48,2022-12-14 22:02:48
143969,143931,4,1,2022-12-16 14:56:03,2022-12-18 12:26:46
143989,139511,1,1,2022-12-17 08:06:22,2022-12-17 08:06:22
143989,143985,1,1,2022-12-17 07:55:37,2022-12-17 07:55:37
144043,132065,1,0,2023-03-10 16:45:53,2023-03-10 16:45:53
144043,142245,1,1,2022-12-18 23:17:54,2022-12-18 23:17:54
144043,142502,1,1,2022-12-18 22:59:10,2022-12-18 22:59:10
144043,142572,1,1,2022-12-18 22:40:55,2022-12-18 22:40:55
144043,143047,1,1,2023-03-10 17:06:56,2023-03-10 17:06:56
144043,143663,1,1,2023-03-10 16:57:15,2023-03-10 16:57:15
144052,104872,1,1,2023-05-30 09:39:45,2023-05-30 09:39:45
144085,88079,1,1,2022-12-20 19:47:18,2022-12-20 19:47:18
144085,98402,2,1,2022-12-19 22:35:41,2022-12-20 09:19:28
144167,154291,1,1,2023-09-06 22:15:50,2023-09-06 22:15:50
144177,65750,1,1,2023-01-02 11:01:15,2023-01-02 11:01:15
144177,136336,1,1,2023-01-03 16:47:15,2023-01-03 16:47:15
144177,139151,1,1,2023-01-03 16:20:41,2023-01-03 16:20:41
144177,144435,1,1,2023-01-02 10:50:40,2023-01-02 10:50:40
144177,144666,1,1,2023-01-09 20:43:16,2023-01-09 20:43:16
144205,111985,1,1,2024-12-13 16:51:25,2024-12-13 16:51:25
144222,132035,1,1,2022-12-24 00:54:29,2022-12-24 00:54:29
144222,156366,1,0,2023-11-24 00:21:56,2023-11-24 00:21:56
144242,64876,1,0,2022-12-25 05:07:30,2022-12-25 05:07:30
144293,133121,1,1,2022-12-27 08:28:13,2022-12-27 08:28:13
144293,140197,1,1,2022-12-27 08:06:34,2022-12-27 08:06:34
144293,144873,1,1,2023-01-16 05:19:33,2023-01-16 05:19:33
144293,144904,1,1,2023-01-17 07:56:00,2023-01-17 07:56:00
144308,141062,1,1,2022-12-27 16:03:42,2022-12-27 16:03:42
144324,47826,1,1,2022-12-28 06:00:18,2022-12-28 06:00:18
144332,144363,1,1,2022-12-30 00:38:16,2022-12-30 00:38:16
144333,113067,1,0,2023-06-30 09:51:53,2023-06-30 09:51:53
144333,135261,1,0,2023-07-02 19:08:30,2023-07-02 19:08:30
144333,144820,1,0,2023-01-14 18:51:17,2023-01-14 18:51:17
144333,150054,2,0,2023-06-29 21:25:45,2023-06-29 21:46:36
144333,151210,1,0,2023-06-29 21:21:36,2023-06-29 21:21:36
144493,144300,1,1,2023-01-03 20:08:31,2023-01-03 20:08:31
144509,144642,1,1,2023-01-08 10:05:34,2023-01-08 10:05:34
144550,95155,1,1,2023-01-05 14:57:36,2023-01-05 14:57:36
144595,142273,1,1,2023-01-06 14:58:29,2023-01-06 14:58:29
144613,44456,1,0,2023-04-13 20:53:29,2023-04-13 20:53:29
144613,88390,1,1,2023-01-07 06:07:19,2023-01-07 06:07:19
144613,102816,1,1,2023-01-12 08:31:01,2023-01-12 08:31:01
144613,113585,1,1,2023-01-10 03:37:35,2023-01-10 03:37:35
144613,120215,1,1,2023-01-07 06:29:48,2023-01-07 06:29:48
144613,130605,3,1,2023-01-18 22:31:36,2023-01-18 23:21:41
144613,133432,1,1,2023-01-09 02:38:04,2023-01-09 02:38:04
144613,135707,1,0,2023-01-07 09:27:20,2023-01-07 09:27:20
144613,144592,1,1,2023-01-07 06:41:59,2023-01-07 06:41:59
144613,144633,2,1,2023-01-09 02:41:18,2023-01-09 19:06:40
144613,144636,1,1,2023-01-09 08:10:50,2023-01-09 08:10:50
144613,144684,2,1,2023-01-10 03:31:24,2023-01-10 23:49:19
144646,87876,1,1,2023-06-28 21:20:23,2023-06-28 21:20:23
144646,137305,1,0,2023-02-16 10:27:15,2023-02-16 10:27:15
144676,108957,1,0,2023-08-13 12:46:22,2023-08-13 12:46:22
144676,144642,1,0,2023-01-09 14:00:33,2023-01-09 14:00:33
144706,106421,1,0,2023-01-10 12:14:53,2023-01-10 12:14:53
144743,10338,2,1,2024-05-07 16:52:52,2024-05-07 16:54:20
144743,125747,1,0,2023-11-06 17:08:31,2023-11-06 17:08:31
144743,144419,1,1,2023-05-08 20:22:28,2023-05-08 20:22:28
144743,146499,1,1,2023-05-31 14:34:58,2023-05-31 14:34:58
144743,149738,1,1,2023-05-11 17:13:00,2023-05-11 17:13:00
144743,149995,1,1,2023-05-18 21:49:06,2023-05-18 21:49:06
144743,150026,1,0,2023-05-19 18:24:49,2023-05-19 18:24:49
144743,150095,1,1,2023-05-23 14:26:18,2023-05-23 14:26:18
144743,150218,1,1,2023-05-26 13:46:12,2023-05-26 13:46:12
144743,150367,2,1,2023-05-31 18:44:01,2023-05-31 20:09:07
144743,150430,2,1,2023-06-02 13:50:13,2023-06-02 14:17:04
144743,150474,1,0,2023-06-05 18:04:38,2023-06-05 18:04:38
144743,150873,3,1,2023-06-22 15:53:16,2023-06-22 18:12:55
144743,151086,2,1,2023-06-22 19:58:57,2023-06-23 13:36:26
144743,151105,2,1,2023-06-23 13:41:15,2023-06-23 13:42:45
144743,154637,1,1,2023-12-07 15:29:23,2023-12-07 15:29:23
144743,155600,1,0,2023-10-25 20:09:35,2023-10-25 20:09:35
144743,155860,1,1,2023-11-06 17:29:41,2023-11-06 17:29:41
144743,155890,4,0,2023-11-06 17:26:42,2023-11-10 14:50:43
144743,156035,1,1,2023-11-09 17:17:33,2023-11-09 17:17:33
144743,156057,1,0,2023-11-09 16:12:04,2023-11-09 16:12:04
144743,156334,2,1,2023-11-20 17:12:44,2023-11-20 17:44:34
144743,156429,3,1,2023-11-21 17:23:27,2023-11-22 20:22:45
144743,156527,1,0,2023-11-24 17:13:18,2023-11-24 17:13:18
144743,156765,2,1,2023-12-04 20:36:16,2023-12-04 21:16:56
144743,156776,2,0,2023-12-04 20:32:08,2023-12-04 20:32:30
144743,156802,2,1,2023-12-04 20:24:31,2023-12-04 20:29:13
144743,158573,2,1,2024-01-04 19:32:45,2024-01-04 19:33:39
144743,162690,1,0,2024-05-03 19:04:19,2024-05-03 19:04:19
144782,119043,1,1,2023-03-23 21:28:38,2023-03-23 21:28:38
144793,112583,1,0,2023-01-13 07:11:06,2023-01-13 07:11:06
144826,50881,1,0,2023-01-14 08:52:54,2023-01-14 08:52:54
144844,109113,1,1,2023-05-15 04:43:45,2023-05-15 04:43:45
144886,143727,1,1,2023-01-30 14:45:19,2023-01-30 14:45:19
144886,143967,1,1,2023-03-02 10:03:06,2023-03-02 10:03:06
144896,144882,4,1,2023-01-16 19:07:51,2023-01-28 23:53:12
144931,3443,1,0,2023-06-19 17:11:00,2023-06-19 17:11:00
144931,69646,2,1,2023-05-06 10:42:24,2023-05-07 12:32:51
144931,121222,1,0,2023-05-08 07:08:44,2023-05-08 07:08:44
144931,142205,1,0,2023-05-14 09:54:41,2023-05-14 09:54:41
144931,147573,1,1,2023-03-03 20:53:38,2023-03-03 20:53:38
144931,149837,1,1,2023-05-14 10:44:24,2023-05-14 10:44:24
144975,71246,1,1,2023-02-23 14:46:42,2023-02-23 14:46:42
144975,74028,2,1,2023-02-21 16:51:54,2023-02-22 00:25:56
144975,144971,1,1,2023-01-18 18:30:38,2023-01-18 18:30:38
144975,145668,1,1,2023-02-07 05:30:50,2023-02-07 05:30:50
144975,146288,2,1,2023-02-23 15:09:20,2023-02-24 15:53:52
144976,102693,1,0,2023-01-18 18:53:48,2023-01-18 18:53:48
144994,143629,1,1,2023-01-20 07:33:05,2023-01-20 07:33:05
145145,145144,3,0,2023-01-23 13:36:57,2023-01-25 10:56:06
145180,134816,2,1,2023-01-24 11:24:12,2023-01-29 14:00:40
145286,120924,1,1,2023-10-28 15:07:51,2023-10-28 15:07:51
145317,76137,1,1,2023-01-27 19:17:57,2023-01-27 19:17:57
145319,82468,1,1,2023-01-27 20:41:27,2023-01-27 20:41:27
145384,108053,1,1,2023-03-22 14:27:26,2023-03-22 14:27:26
145388,14675,1,0,2023-03-06 10:44:05,2023-03-06 10:44:05
145388,108739,1,1,2023-01-30 13:22:14,2023-01-30 13:22:14
145388,141493,1,1,2023-02-02 16:01:29,2023-02-02 16:01:29
145388,145517,1,1,2023-02-06 10:11:28,2023-02-06 10:11:28
145388,145637,1,1,2023-02-06 09:40:05,2023-02-06 09:40:05
145390,142105,1,0,2023-01-30 14:26:50,2023-01-30 14:26:50
145413,9771,2,0,2023-09-18 08:26:51,2023-09-21 07:39:10
145413,109390,1,1,2023-01-31 10:23:43,2023-01-31 10:23:43
145413,136871,1,1,2023-02-09 09:54:00,2023-02-09 09:54:00
145413,145398,1,1,2023-01-31 10:46:24,2023-01-31 10:46:24
145413,145499,1,1,2023-02-02 09:54:07,2023-02-02 09:54:07
145438,125326,1,1,2024-05-21 16:06:17,2024-05-21 16:06:17
145480,145445,1,1,2023-02-01 15:15:23,2023-02-01 15:15:23
145528,110873,1,1,2023-02-02 20:10:55,2023-02-02 20:10:55
145536,86339,2,1,2023-02-02 22:44:07,2023-02-12 10:52:25
145543,135601,1,1,2023-02-03 06:39:32,2023-02-03 06:39:32
145547,49589,3,1,2023-04-17 06:40:04,2023-04-19 05:24:06
145547,144105,1,1,2023-04-17 06:48:25,2023-04-17 06:48:25
145628,71398,1,1,2023-02-06 02:12:00,2023-02-06 02:12:00
145665,107136,2,1,2023-06-11 02:27:52,2023-06-12 12:28:01
145665,150696,2,1,2023-06-11 02:45:40,2023-06-12 10:20:21
145665,163025,4,1,2024-06-13 09:07:13,2024-06-16 18:25:02
145667,47279,1,0,2024-06-06 15:28:11,2024-06-06 15:28:11
145667,64876,1,1,2024-06-03 20:56:43,2024-06-03 20:56:43
145667,91877,1,1,2024-05-29 18:00:19,2024-05-29 18:00:19
145667,124945,1,1,2024-05-08 18:40:29,2024-05-08 18:40:29
145667,127106,1,1,2024-12-05 13:58:57,2024-12-05 13:58:57
145667,151254,1,1,2024-03-19 13:45:46,2024-03-19 13:45:46
145667,161085,1,1,2024-02-27 17:17:16,2024-02-27 17:17:16
145667,162857,1,1,2024-05-10 19:09:34,2024-05-10 19:09:34
145667,162910,1,1,2024-05-19 01:34:18,2024-05-19 01:34:18
145667,162988,1,1,2024-05-16 19:18:26,2024-05-16 19:18:26
145667,181349,1,1,2025-05-06 13:13:35,2025-05-06 13:13:35
145720,140766,1,1,2023-02-08 11:02:18,2023-02-08 11:02:18
145729,86182,1,1,2023-02-08 16:48:45,2023-02-08 16:48:45
145771,145360,1,1,2023-02-09 13:11:05,2023-02-09 13:11:05
145783,121222,1,1,2023-02-12 04:59:18,2023-02-12 04:59:18
145783,140362,1,1,2023-02-09 18:37:18,2023-02-09 18:37:18
145794,49456,1,1,2023-02-25 04:02:11,2023-02-25 04:02:11
145794,143261,1,1,2023-02-10 07:33:57,2023-02-10 07:33:57
145794,145609,1,1,2023-02-10 07:08:53,2023-02-10 07:08:53
145874,104872,1,0,2023-02-12 12:59:40,2023-02-12 12:59:40
145878,145424,1,1,2023-02-12 15:07:52,2023-02-12 15:07:52
145879,145864,1,1,2023-02-12 15:14:34,2023-02-12 15:14:34
145896,120460,1,0,2023-02-23 19:10:44,2023-02-23 19:10:44
145900,142953,1,0,2023-02-12 23:23:07,2023-02-12 23:23:07
145948,843,1,1,2023-02-14 14:56:45,2023-02-14 14:56:45
145950,119187,1,1,2023-02-14 18:55:27,2023-02-14 18:55:27
145958,123118,1,1,2023-02-14 22:36:58,2023-02-14 22:36:58
146021,91724,1,1,2023-03-15 11:44:52,2023-03-15 11:44:52
146021,108053,1,1,2023-02-16 11:36:31,2023-02-16 11:36:31
146021,133569,1,1,2023-02-27 06:01:55,2023-02-27 06:01:55
146021,145923,1,1,2023-02-16 10:00:18,2023-02-16 10:00:18
146021,145969,1,1,2023-02-16 09:34:13,2023-02-16 09:34:13
146062,62207,1,0,2023-02-17 03:06:20,2023-02-17 03:06:20
146071,145923,1,1,2023-02-17 14:34:06,2023-02-17 14:34:06
146079,106590,1,1,2023-02-18 12:47:43,2023-02-18 12:47:43
146079,146063,1,1,2023-02-17 16:38:07,2023-02-17 16:38:07
146079,146093,1,1,2023-02-18 10:01:36,2023-02-18 10:01:36
146079,146101,1,1,2023-02-18 09:55:10,2023-02-18 09:55:10
146097,131650,1,0,2023-02-18 01:36:18,2023-02-18 01:36:18
146100,120554,1,1,2023-08-22 05:12:16,2023-08-22 05:12:16
146100,146088,1,1,2023-02-18 20:38:02,2023-02-18 20:38:02
146126,107282,3,1,2023-03-02 11:08:48,2023-03-07 08:51:04
146126,133569,1,1,2023-02-19 09:00:41,2023-02-19 09:00:41
146126,140063,2,1,2023-02-23 22:36:41,2023-02-27 10:51:56
146126,140708,1,0,2023-03-06 08:59:23,2023-03-06 08:59:23
146126,146166,1,1,2023-02-20 14:09:15,2023-02-20 14:09:15
146126,147520,1,1,2023-03-02 12:10:45,2023-03-02 12:10:45
146142,66508,1,1,2023-03-11 11:49:26,2023-03-11 11:49:26
146142,125900,1,1,2023-03-07 00:58:37,2023-03-07 00:58:37
146142,129970,1,1,2023-03-07 18:18:53,2023-03-07 18:18:53
146142,140691,1,0,2023-10-27 18:01:08,2023-10-27 18:01:08
146142,144628,1,1,2023-02-19 18:49:28,2023-02-19 18:49:28
146142,146129,1,1,2023-03-06 13:31:42,2023-03-06 13:31:42
146142,147829,1,1,2023-03-12 19:43:50,2023-03-12 19:43:50
146142,155612,1,0,2023-10-27 17:50:43,2023-10-27 17:50:43
146172,139067,1,1,2023-02-20 15:00:26,2023-02-20 15:00:26
146183,123265,1,0,2023-02-20 21:58:48,2023-02-20 21:58:48
146187,45704,1,0,2023-02-21 00:45:37,2023-02-21 00:45:37
146274,131650,1,0,2023-02-23 02:24:27,2023-02-23 02:24:27
146278,145766,1,1,2024-03-16 01:35:02,2024-03-16 01:35:02
146302,139235,2,1,2023-02-27 20:19:17,2023-02-27 21:53:45
146302,145517,1,1,2023-02-27 16:06:15,2023-02-27 16:06:15
146302,146384,1,1,2023-02-27 17:16:47,2023-02-27 17:16:47
146302,146445,3,1,2023-02-27 16:19:02,2023-03-01 14:31:32
146304,136949,1,0,2023-02-23 21:20:11,2023-02-23 21:20:11
146309,111653,1,1,2023-02-24 00:31:26,2023-02-24 00:31:26
146338,146321,1,1,2023-02-24 16:25:53,2023-02-24 16:25:53
146419,146035,1,1,2024-11-25 06:09:16,2024-11-25 06:09:16
146454,38322,2,1,2023-02-28 09:23:32,2023-02-28 09:46:40
146454,126297,1,1,2023-02-27 17:33:12,2023-02-27 17:33:12
146454,146176,1,1,2023-02-28 09:40:28,2023-02-28 09:40:28
146483,387,1,1,2023-09-25 08:26:03,2023-09-25 08:26:03
146483,7812,1,1,2023-05-20 08:13:12,2023-05-20 08:13:12
146483,15728,1,1,2023-04-14 14:18:12,2023-04-14 14:18:12
146483,19040,1,1,2023-03-14 13:22:57,2023-03-14 13:22:57
146483,26239,1,1,2023-02-28 09:22:45,2023-02-28 09:22:45
146483,27824,1,1,2023-10-17 10:54:32,2023-10-17 10:54:32
146483,45945,1,1,2023-10-25 16:56:43,2023-10-25 16:56:43
146483,64238,2,1,2024-02-29 09:14:53,2024-02-29 12:20:30
146483,64377,1,0,2023-10-26 07:30:38,2023-10-26 07:30:38
146483,68313,1,1,2024-01-23 08:30:16,2024-01-23 08:30:16
146483,79124,1,1,2023-04-27 11:05:41,2023-04-27 11:05:41
146483,82027,1,1,2023-06-01 06:03:54,2023-06-01 06:03:54
146483,83980,2,1,2023-05-16 08:59:50,2023-05-16 11:40:03
146483,87037,1,0,2023-09-20 07:04:19,2023-09-20 07:04:19
146483,91192,1,1,2023-09-05 07:37:11,2023-09-05 07:37:11
146483,95811,3,1,2023-04-26 08:36:28,2023-04-30 09:05:58
146483,96332,1,1,2024-02-12 09:48:14,2024-02-12 09:48:14
146483,100861,3,1,2023-09-22 07:33:16,2023-09-22 09:00:43
146483,103857,1,1,2023-05-01 14:28:30,2023-05-01 14:28:30
146483,103997,2,1,2023-04-12 09:17:42,2023-04-12 12:48:40
146483,108477,1,0,2023-05-19 15:40:47,2023-05-19 15:40:47
146483,111054,1,1,2023-03-25 13:01:31,2023-03-25 13:01:31
146483,117780,1,1,2023-05-31 16:01:14,2023-05-31 16:01:14
146483,122464,1,1,2023-10-26 09:19:41,2023-10-26 09:19:41
146483,125747,2,0,2023-11-06 15:32:19,2024-01-29 07:44:49
146483,134529,3,2,2023-08-30 06:20:10,2023-09-26 17:50:25
146483,134895,2,1,2023-05-09 07:24:07,2023-05-09 09:56:44
146483,134909,2,1,2023-08-28 11:30:50,2023-08-28 15:41:07
146483,136213,5,1,2023-10-09 09:03:40,2023-10-11 07:06:28
146483,136949,1,1,2023-05-08 14:09:48,2023-05-08 14:09:48
146483,138508,2,1,2023-03-09 09:11:52,2023-03-09 12:26:39
146483,138856,1,1,2023-04-30 09:05:21,2023-04-30 09:05:21
146483,139924,1,1,2023-04-18 11:16:05,2023-04-18 11:16:05
146483,140975,3,2,2023-04-17 15:57:46,2023-05-17 06:48:27
146483,142073,1,1,2023-04-06 12:54:37,2023-04-06 12:54:37
146483,142343,1,1,2023-05-03 11:51:10,2023-05-03 11:51:10
146483,142495,2,1,2023-05-10 07:05:36,2023-05-16 08:01:34
146483,144269,1,0,2023-04-03 14:45:15,2023-04-03 14:45:15
146483,144743,1,1,2023-05-09 12:13:26,2023-05-09 12:13:26
146483,145269,1,0,2024-02-10 15:15:27,2024-02-10 15:15:27
146483,145273,1,1,2023-05-27 09:09:21,2023-05-27 09:09:21
146483,145578,1,1,2023-04-27 09:03:01,2023-04-27 09:03:01
146483,146035,3,1,2024-02-29 12:21:26,2024-03-04 07:23:28
146483,148378,2,1,2023-03-28 07:52:43,2023-03-31 06:39:34
146483,148707,5,1,2023-04-06 12:36:25,2023-04-07 07:47:15
146483,148718,1,1,2023-04-17 06:36:43,2023-04-17 06:36:43
146483,148728,1,1,2023-04-07 13:07:40,2023-04-07 13:07:40
146483,148769,3,1,2023-04-09 18:31:28,2023-04-10 11:32:13
146483,148814,3,1,2023-04-10 11:47:40,2023-04-12 17:10:36
146483,148842,1,1,2023-04-11 08:06:53,2023-04-11 08:06:53
146483,148928,2,1,2023-04-13 14:23:26,2023-04-14 15:41:21
146483,149029,1,0,2023-04-17 07:07:42,2023-04-17 07:07:42
146483,149160,1,1,2023-04-21 12:33:46,2023-04-21 12:33:46
146483,149362,1,1,2023-05-15 06:22:28,2023-05-15 06:22:28
146483,149431,2,2,2023-04-30 12:18:36,2023-05-15 08:39:01
146483,149435,1,1,2023-04-30 15:57:36,2023-04-30 15:57:36
146483,149495,2,2,2023-05-02 12:03:05,2023-05-19 15:31:17
146483,149598,1,0,2023-05-10 13:31:04,2023-05-10 13:31:04
146483,149761,2,1,2023-05-30 06:20:58,2023-05-31 07:17:00
146483,149789,1,1,2023-05-12 11:31:29,2023-05-12 11:31:29
146483,150075,1,1,2023-05-22 11:55:15,2023-05-22 11:55:15
146483,150212,1,1,2023-05-30 15:13:24,2023-05-30 15:13:24
146483,150227,1,1,2023-05-26 09:48:34,2023-05-26 09:48:34
146483,150326,1,1,2023-05-30 14:39:24,2023-05-30 14:39:24
146483,150395,1,1,2023-06-01 15:14:50,2023-06-01 15:14:50
146483,151759,1,1,2023-08-04 09:51:21,2023-08-04 09:51:21
146483,153359,1,1,2023-08-06 13:21:01,2023-08-06 13:21:01
146483,153948,1,1,2023-08-27 11:59:49,2023-08-27 11:59:49
146483,153950,1,1,2023-08-27 12:27:05,2023-08-27 12:27:05
146483,153991,1,1,2023-08-27 12:07:02,2023-08-27 12:07:02
146483,154038,1,1,2023-08-28 15:49:23,2023-08-28 15:49:23
146483,154170,1,1,2023-09-03 11:34:21,2023-09-03 11:34:21
146483,154171,1,0,2023-09-03 09:29:12,2023-09-03 09:29:12
146483,154231,1,1,2023-09-05 07:27:28,2023-09-05 07:27:28
146483,154276,1,1,2023-09-06 12:03:03,2023-09-06 12:03:03
146483,154320,1,1,2023-09-08 14:05:04,2023-09-08 14:05:04
146483,154411,2,1,2024-02-11 08:25:09,2024-03-01 10:05:45
146483,154637,3,1,2023-10-18 09:14:03,2023-10-19 10:57:09
146483,154682,1,1,2023-09-20 16:52:59,2023-09-20 16:52:59
146483,154722,1,1,2023-09-23 13:55:10,2023-09-23 13:55:10
146483,154739,2,1,2023-09-23 15:15:26,2023-09-25 08:05:55
146483,154842,1,1,2023-09-26 13:48:49,2023-09-26 13:48:49
146483,155100,2,1,2023-10-06 15:00:31,2023-10-08 13:06:18
146483,155283,2,1,2023-10-13 06:18:53,2023-10-15 14:23:15
146483,155332,1,0,2023-10-15 12:46:12,2023-10-15 12:46:12
146483,155523,1,0,2023-10-23 06:27:22,2023-10-23 06:27:22
146483,155610,1,1,2023-10-26 12:32:52,2023-10-26 12:32:52
146483,155622,1,0,2023-10-26 16:19:50,2023-10-26 16:19:50
146483,155950,1,1,2023-11-06 16:47:21,2023-11-06 16:47:21
146483,156460,2,1,2024-01-16 08:54:08,2024-01-16 14:09:15
146483,159535,1,1,2024-02-12 11:54:49,2024-02-12 11:54:49
146483,159634,3,1,2024-02-08 08:50:43,2024-02-09 08:37:38
146483,159731,1,1,2024-02-12 17:02:49,2024-02-12 17:02:49
146483,159865,1,1,2024-02-19 10:44:27,2024-02-19 10:44:27
146483,161077,1,1,2024-02-26 17:04:31,2024-02-26 17:04:31
146483,161088,4,1,2024-02-27 12:44:55,2024-02-29 07:51:27
146483,161201,2,1,2024-03-02 13:30:09,2024-03-03 10:21:52
146483,161216,1,1,2024-03-05 08:18:11,2024-03-05 08:18:11
146525,121302,1,1,2023-03-01 13:31:59,2023-03-01 13:31:59
146539,141493,1,1,2023-03-01 18:40:43,2023-03-01 18:40:43
147574,139334,1,0,2023-03-03 20:36:12,2023-03-03 20:36:12
147592,117522,1,1,2023-03-04 15:49:31,2023-03-04 15:49:31
147676,146214,1,1,2023-03-07 08:30:23,2023-03-07 08:30:23
147767,122925,1,1,2023-03-13 17:15:23,2023-03-13 17:15:23
147767,144743,1,1,2023-04-19 20:34:10,2023-04-19 20:34:10
147767,147868,1,1,2023-03-13 17:09:23,2023-03-13 17:09:23
147868,27519,1,1,2023-03-18 11:00:00,2023-03-18 11:00:00
147868,109836,3,1,2023-03-16 14:26:08,2023-03-16 15:29:09
147868,135456,1,1,2023-03-14 15:37:43,2023-03-14 15:37:43
147868,137830,1,1,2023-03-29 19:48:00,2023-03-29 19:48:00
147868,141192,2,1,2023-03-17 20:51:23,2023-03-17 21:25:11
147868,147663,1,1,2023-03-14 20:08:48,2023-03-14 20:08:48
147868,147811,1,1,2023-03-13 20:58:37,2023-03-13 20:58:37
147868,147902,2,1,2023-03-13 18:08:55,2023-03-13 18:17:00
147868,147943,2,1,2023-03-14 21:09:39,2023-03-14 21:16:53
147868,148043,1,1,2023-03-17 21:25:46,2023-03-17 21:25:46
147868,148064,2,1,2023-03-18 11:17:06,2023-03-18 15:37:07
147868,148077,1,1,2023-03-19 15:43:20,2023-03-19 15:43:20
147868,148142,2,1,2023-03-20 21:26:15,2023-03-22 17:50:48
147868,148257,1,0,2023-03-24 16:36:27,2023-03-24 16:36:27
147868,148284,1,0,2023-03-24 20:55:34,2023-03-24 20:55:34
147868,148568,2,1,2023-04-02 19:10:23,2023-04-02 19:35:46
147868,150042,1,0,2023-05-20 20:18:06,2023-05-20 20:18:06
147911,42439,1,1,2023-03-14 02:45:27,2023-03-14 02:45:27
147961,99260,1,1,2023-03-15 10:27:25,2023-03-15 10:27:25
148132,148135,5,1,2023-03-20 13:36:11,2023-03-22 14:05:22
148133,109485,1,1,2023-03-20 13:10:39,2023-03-20 13:10:39
148171,75157,1,0,2023-03-21 15:09:46,2023-03-21 15:09:46
148223,47473,1,1,2023-03-23 06:35:27,2023-03-23 06:35:27
148230,135014,1,1,2023-03-27 10:46:38,2023-03-27 10:46:38
148230,135707,1,0,2023-04-07 19:09:35,2023-04-07 19:09:35
148238,148239,1,1,2023-03-23 12:49:21,2023-03-23 12:49:21
148245,148238,1,0,2023-03-23 15:28:26,2023-03-23 15:28:26
148245,148309,1,0,2023-03-25 19:36:07,2023-03-25 19:36:07
148258,148239,1,1,2023-03-23 22:30:59,2023-03-23 22:30:59
148309,148238,1,0,2023-03-25 15:08:10,2023-03-25 15:08:10
148314,130647,1,1,2023-03-25 17:11:36,2023-03-25 17:11:36
148362,69845,1,1,2023-03-27 14:18:19,2023-03-27 14:18:19
148389,141493,1,1,2023-03-28 09:51:20,2023-03-28 09:51:20
148467,147868,1,1,2023-03-30 15:38:18,2023-03-30 15:38:18
148493,148213,1,1,2023-03-31 10:39:27,2023-03-31 10:39:27
148528,142852,1,1,2023-04-03 10:13:45,2023-04-03 10:13:45
148551,29284,1,1,2023-04-02 03:24:26,2023-04-02 03:24:26
148551,146021,1,1,2023-11-08 17:08:18,2023-11-08 17:08:18
148562,134776,1,1,2023-04-02 09:20:55,2023-04-02 09:20:55
148565,148578,1,1,2024-03-04 20:09:29,2024-03-04 20:09:29
148578,52994,1,0,2023-04-08 11:23:15,2023-04-08 11:23:15
148578,122925,2,0,2023-04-18 09:18:43,2023-04-18 12:28:14
148578,148568,5,1,2023-04-02 18:11:24,2023-04-02 19:52:05
148578,149029,1,0,2023-04-18 09:21:10,2023-04-18 09:21:10
148599,139554,1,1,2023-04-03 15:20:21,2023-04-03 15:20:21
148623,120749,1,1,2023-04-05 23:25:49,2023-04-05 23:25:49
148623,142073,2,1,2023-04-05 23:01:31,2023-04-09 05:15:20
148623,146352,1,1,2023-04-06 00:11:09,2023-04-06 00:11:09
148623,148672,1,1,2023-04-05 23:13:15,2023-04-05 23:13:15
148634,86182,1,0,2023-04-04 12:42:01,2023-04-04 12:42:01
148640,63897,1,0,2023-04-04 16:17:53,2023-04-04 16:17:53
148658,148672,1,1,2023-04-05 21:31:55,2023-04-05 21:31:55
148663,84653,1,1,2023-04-05 06:13:11,2023-04-05 06:13:11
148738,138508,1,1,2023-04-07 14:12:02,2023-04-07 14:12:02
148778,119683,1,1,2023-04-08 18:05:07,2023-04-08 18:05:07
148786,30653,1,1,2023-04-21 08:12:47,2023-04-21 08:12:47
148786,148762,1,1,2023-04-08 22:21:50,2023-04-08 22:21:50
148795,141263,1,1,2023-04-09 12:16:52,2023-04-09 12:16:52
148836,139463,1,1,2023-04-11 00:02:57,2023-04-11 00:02:57
148848,53846,1,1,2023-04-11 09:23:25,2023-04-11 09:23:25
148887,32485,1,1,2023-04-12 12:57:59,2023-04-12 12:57:59
148918,141070,1,1,2023-04-13 07:20:01,2023-04-13 07:20:01
148920,139502,1,1,2023-04-13 07:51:55,2023-04-13 07:51:55
148994,14518,1,0,2023-04-15 18:18:59,2023-04-15 18:18:59
148994,76756,1,1,2023-04-15 20:32:21,2023-04-15 20:32:21
148994,142424,1,1,2023-04-15 15:19:11,2023-04-15 15:19:11
149029,83395,1,1,2023-04-16 22:32:32,2023-04-16 22:32:32
149029,116238,1,1,2023-04-17 04:57:19,2023-04-17 04:57:19
149029,145178,1,1,2023-04-17 04:44:41,2023-04-17 04:44:41
149053,148869,1,1,2023-04-17 16:01:01,2023-04-17 16:01:01
149066,138833,1,1,2023-04-17 21:10:39,2023-04-17 21:10:39
149115,116522,1,1,2023-04-19 10:38:28,2023-04-19 10:38:28
149124,152192,1,1,2023-07-30 22:53:37,2023-07-30 22:53:37
149124,153097,1,1,2023-08-07 15:04:35,2023-08-07 15:04:35
149142,126598,1,1,2024-10-14 23:16:05,2024-10-14 23:16:05
149167,146191,1,1,2023-04-21 03:47:43,2023-04-21 03:47:43
149226,117077,1,1,2023-04-23 08:27:24,2023-04-23 08:27:24
149278,138389,1,0,2023-04-25 08:17:56,2023-04-25 08:17:56
149297,133057,1,1,2023-04-25 15:03:50,2023-04-25 15:03:50
149323,145636,1,1,2023-04-26 12:52:34,2023-04-26 12:52:34
149328,146080,1,1,2023-04-26 15:04:51,2023-04-26 15:04:51
149349,103390,1,1,2023-04-27 01:03:16,2023-04-27 01:03:16
149357,110650,1,0,2023-04-27 08:01:56,2023-04-27 08:01:56
149363,119436,1,1,2023-04-27 12:03:13,2023-04-27 12:03:13
149370,135119,1,1,2023-04-27 17:04:06,2023-04-27 17:04:06
149386,139273,1,0,2023-04-28 06:38:11,2023-04-28 06:38:11
149451,123340,1,0,2023-04-30 14:14:50,2023-04-30 14:14:50
149455,139502,1,1,2023-05-02 11:52:37,2023-05-02 11:52:37
149464,88800,2,0,2023-05-01 07:39:40,2023-05-08 16:07:34
149500,97494,1,1,2023-05-02 12:56:13,2023-05-02 12:56:13
149657,111990,1,1,2023-05-09 20:21:31,2023-05-09 20:21:31
149660,8626,1,1,2023-05-07 21:57:59,2023-05-07 21:57:59
149683,23422,1,1,2023-05-08 14:41:20,2023-05-08 14:41:20
149698,115501,1,0,2025-11-24 22:43:51,2025-11-24 22:43:51
149714,84653,1,1,2023-05-09 16:34:11,2023-05-09 16:34:11
149790,135272,1,1,2023-05-12 12:07:44,2023-05-12 12:07:44
149791,64876,1,0,2023-05-12 13:27:51,2023-05-12 13:27:51
149901,110310,1,1,2023-05-16 02:50:00,2023-05-16 02:50:00
149901,138954,1,1,2023-05-16 02:37:35,2023-05-16 02:37:35
149901,149495,1,1,2023-05-19 17:57:48,2023-05-19 17:57:48
149901,151139,1,1,2023-06-26 22:02:45,2023-06-26 22:02:45
149901,151180,1,1,2023-06-26 21:57:28,2023-06-26 21:57:28
149901,154691,1,1,2023-09-20 16:55:42,2023-09-20 16:55:42
149947,121222,1,1,2023-05-17 09:32:49,2023-05-17 09:32:49
149953,140307,1,0,2023-05-17 12:47:53,2023-05-17 12:47:53
149956,64876,1,0,2023-05-20 18:30:29,2023-05-20 18:30:29
149959,128575,4,1,2023-05-17 16:37:50,2023-05-23 14:35:09
149968,5301,1,1,2023-05-25 20:16:49,2023-05-25 20:16:49
149968,14529,1,1,2023-05-25 08:04:16,2023-05-25 08:04:16
149968,33937,1,1,2024-02-22 21:05:02,2024-02-22 21:05:02
149968,46384,1,1,2023-05-25 07:57:08,2023-05-25 07:57:08
149968,52972,1,1,2023-05-19 09:35:59,2023-05-19 09:35:59
149968,59044,1,1,2024-02-24 07:34:54,2024-02-24 07:34:54
149968,128444,1,0,2024-04-23 20:53:40,2024-04-23 20:53:40
149968,136213,1,1,2024-02-25 21:10:45,2024-02-25 21:10:45
149968,139208,1,1,2023-05-19 09:28:34,2023-05-19 09:28:34
149968,140114,1,1,2024-02-24 07:45:08,2024-02-24 07:45:08
149968,140292,1,1,2024-02-25 21:19:08,2024-02-25 21:19:08
149968,144373,1,1,2023-05-19 10:26:45,2023-05-19 10:26:45
149968,145929,1,1,2023-05-17 21:14:57,2023-05-17 21:14:57
149968,149742,1,1,2023-05-19 10:04:44,2023-05-19 10:04:44
149968,149841,1,1,2023-05-19 09:46:04,2023-05-19 09:46:04
149968,149857,3,1,2023-05-19 22:10:45,2023-05-23 21:26:20
149968,149882,1,1,2023-05-19 09:42:43,2023-05-19 09:42:43
149968,149983,1,1,2023-05-19 09:10:52,2023-05-19 09:10:52
149968,150026,1,1,2023-05-19 21:49:59,2023-05-19 21:49:59
149968,150081,1,1,2023-05-25 08:24:44,2023-05-25 08:24:44
149968,150142,1,1,2023-05-25 08:08:19,2023-05-25 08:08:19
149968,150158,1,1,2023-05-25 08:00:15,2023-05-25 08:00:15
149968,150665,1,1,2024-02-25 05:49:20,2024-02-25 05:49:20
149968,154059,1,1,2024-02-25 12:53:47,2024-02-25 12:53:47
149968,154411,1,1,2024-02-22 21:30:39,2024-02-22 21:30:39
149968,154814,2,1,2024-02-22 20:22:57,2024-02-23 20:19:03
149968,155409,1,0,2024-03-12 20:37:11,2024-03-12 20:37:11
149968,155424,1,1,2024-02-25 21:34:13,2024-02-25 21:34:13
149968,156169,3,1,2024-02-22 20:29:59,2024-02-25 04:16:13
149968,158683,1,1,2024-02-24 07:52:58,2024-02-24 07:52:58
149968,158790,1,1,2024-02-25 08:34:12,2024-02-25 08:34:12
149968,158944,1,1,2024-02-25 05:13:27,2024-02-25 05:13:27
149968,159744,1,1,2024-02-22 20:58:48,2024-02-22 20:58:48
149968,159800,1,1,2024-02-23 20:45:14,2024-02-23 20:45:14
149968,161046,1,1,2024-02-25 20:37:54,2024-02-25 20:37:54
149968,161048,1,1,2024-02-25 20:43:27,2024-02-25 20:43:27
149968,161444,3,1,2024-03-13 21:12:20,2024-04-04 21:58:20
149968,163816,1,1,2025-01-28 01:46:33,2025-01-28 01:46:33
149968,178763,1,1,2025-03-05 21:30:13,2025-03-05 21:30:13
149974,142815,1,1,2023-05-18 04:35:41,2023-05-18 04:35:41
149982,149880,1,1,2023-05-18 09:53:18,2023-05-18 09:53:18
150054,76542,1,1,2023-06-29 14:18:27,2023-06-29 14:18:27
150054,144333,1,0,2023-06-30 12:36:15,2023-06-30 12:36:15
150054,151210,1,1,2023-06-29 13:07:20,2023-06-29 13:07:20
150071,111048,1,1,2024-10-25 18:29:44,2024-10-25 18:29:44
150130,98077,1,1,2023-06-02 08:00:50,2023-06-02 08:00:50
150130,149255,2,1,2023-05-25 14:40:39,2023-05-26 11:31:43
150130,149935,1,1,2023-05-23 11:20:44,2023-05-23 11:20:44
150130,150144,1,1,2023-05-24 11:53:52,2023-05-24 11:53:52
150130,150238,1,1,2023-05-26 11:47:49,2023-05-26 11:47:49
150130,150798,1,1,2023-06-14 12:05:21,2023-06-14 12:05:21
150130,150799,1,1,2023-06-14 12:36:57,2023-06-14 12:36:57
150131,76137,1,1,2023-07-06 13:54:51,2023-07-06 13:54:51
150131,151501,1,1,2023-07-06 14:02:37,2023-07-06 14:02:37
150257,146483,1,0,2023-06-03 08:50:30,2023-06-03 08:50:30
150257,150611,4,1,2023-06-08 11:02:14,2023-06-08 13:27:03
150282,139509,1,1,2023-06-10 10:51:46,2023-06-10 10:51:46
150300,150105,1,1,2023-05-29 08:38:28,2023-05-29 08:38:28
150329,49456,1,1,2023-05-30 11:30:40,2023-05-30 11:30:40
150345,149753,2,0,2023-05-30 20:50:19,2023-06-01 22:09:33
150375,150042,1,0,2023-05-31 23:58:20,2023-05-31 23:58:20
150386,116447,1,0,2023-10-25 08:21:17,2023-10-25 08:21:17
150390,13518,1,1,2023-06-12 13:11:45,2023-06-12 13:11:45
150390,20909,1,1,2023-06-01 17:49:01,2023-06-01 17:49:01
150390,42248,2,1,2023-10-03 13:17:56,2023-10-04 18:19:17
150390,43765,1,1,2023-06-06 10:00:17,2023-06-06 10:00:17
150390,44276,2,1,2023-10-12 13:35:15,2023-10-13 13:41:49
150390,51790,1,1,2023-06-22 08:15:31,2023-06-22 08:15:31
150390,52532,1,0,2023-06-10 08:22:02,2023-06-10 08:22:02
150390,54612,2,0,2023-07-02 13:58:05,2023-07-03 17:22:06
150390,104697,1,1,2023-08-01 13:33:19,2023-08-01 13:33:19
150390,108011,1,1,2023-09-30 18:31:26,2023-09-30 18:31:26
150390,117279,2,1,2023-07-06 10:09:13,2023-07-07 13:20:38
150390,127576,1,0,2023-12-07 21:32:28,2023-12-07 21:32:28
150390,127722,1,1,2023-08-23 13:24:10,2023-08-23 13:24:10
150390,137331,1,1,2023-08-23 13:16:10,2023-08-23 13:16:10
150390,142575,1,1,2023-09-26 13:50:07,2023-09-26 13:50:07
150390,143059,1,0,2023-06-19 13:42:00,2023-06-19 13:42:00
150390,144587,2,1,2023-06-10 08:40:54,2023-06-21 17:43:00
150390,144717,1,0,2023-06-12 12:57:16,2023-06-12 12:57:16
150390,145713,2,1,2023-06-03 12:10:35,2023-06-04 10:37:16
150390,145923,2,0,2023-09-29 14:03:16,2023-09-30 18:19:34
150390,146483,1,0,2023-09-26 13:56:24,2023-09-26 13:56:24
150390,149495,1,1,2023-06-13 18:58:31,2023-06-13 18:58:31
150390,149641,1,1,2023-06-14 17:51:45,2023-06-14 17:51:45
150390,149732,2,0,2023-07-05 17:12:22,2023-07-06 09:58:18
150390,150282,2,0,2023-06-13 20:12:43,2023-06-14 17:28:36
150390,150379,1,0,2023-06-01 10:36:48,2023-06-01 10:36:48
150390,150389,3,1,2023-06-01 10:31:02,2023-06-01 17:57:48
150390,150412,1,1,2023-06-02 10:51:08,2023-06-02 10:51:08
150390,150438,1,0,2023-06-03 12:20:35,2023-06-03 12:20:35
150390,150657,1,1,2023-06-09 17:54:18,2023-06-09 17:54:18
150390,150806,2,1,2023-06-14 17:37:24,2023-06-15 10:19:28
150390,150904,2,1,2023-06-17 14:39:08,2023-06-17 17:28:24
150390,151065,1,0,2023-06-23 13:48:01,2023-06-23 13:48:01
150390,151094,1,1,2023-06-23 13:42:00,2023-06-23 13:42:00
150390,151125,2,1,2023-06-24 12:36:48,2023-06-24 12:57:13
150390,151439,1,1,2023-08-10 16:33:50,2023-08-10 16:33:50
150390,151803,1,0,2023-07-16 15:04:37,2023-07-16 15:04:37
150390,151808,1,1,2023-07-16 15:15:28,2023-07-16 15:15:28
150390,151963,1,1,2023-07-21 19:40:13,2023-07-21 19:40:13
150390,151982,3,1,2023-07-21 19:30:31,2023-07-24 18:13:31
150390,152003,1,1,2023-07-21 19:28:20,2023-07-21 19:28:20
150390,153084,1,1,2023-08-04 15:27:07,2023-08-04 15:27:07
150390,153363,3,1,2023-08-06 14:40:02,2023-08-21 13:34:47
150390,153533,1,0,2023-08-10 16:36:58,2023-08-10 16:36:58
150390,154745,3,1,2023-09-22 14:04:26,2023-09-25 09:11:09
150390,154773,1,1,2023-09-25 09:22:39,2023-09-25 09:22:39
150390,154842,3,1,2023-09-26 13:55:55,2023-09-26 14:10:00
150390,155028,1,1,2023-10-03 12:59:58,2023-10-03 12:59:58
150390,155612,1,1,2023-11-14 14:15:56,2023-11-14 14:15:56
150390,156136,1,1,2023-11-12 15:49:58,2023-11-12 15:49:58
150390,156150,1,1,2023-11-16 19:05:03,2023-11-16 19:05:03
150390,156955,1,0,2023-12-08 18:32:35,2023-12-08 18:32:35
150440,150408,1,1,2023-06-02 15:29:26,2023-06-02 15:29:26
150440,153904,1,1,2023-08-25 16:02:21,2023-08-25 16:02:21
150440,154691,1,1,2023-09-29 09:11:20,2023-09-29 09:11:20
150475,144111,1,1,2023-06-03 20:51:03,2023-06-03 20:51:03
150482,150465,1,1,2023-06-04 07:17:11,2023-06-04 07:17:11
150503,132685,1,0,2023-06-05 02:16:07,2023-06-05 02:16:07
150534,126058,1,1,2023-06-05 19:57:43,2023-06-05 19:57:43
150534,149019,1,1,2023-06-06 22:02:14,2023-06-06 22:02:14
150534,149613,1,1,2023-06-06 21:08:01,2023-06-06 21:08:01
150534,150235,1,1,2023-06-06 21:36:21,2023-06-06 21:36:21
150534,150516,1,1,2023-06-06 22:20:29,2023-06-06 22:20:29
150591,150389,2,1,2023-06-07 11:46:24,2023-06-08 19:08:16
150637,136304,1,0,2023-06-08 19:48:29,2023-06-08 19:48:29
150690,83275,1,0,2023-06-10 13:42:21,2023-06-10 13:42:21
150710,144207,1,1,2023-06-11 16:10:07,2023-06-11 16:10:07
150772,112346,1,1,2024-07-08 14:44:40,2024-07-08 14:44:40
150772,158673,1,1,2024-01-22 19:27:32,2024-01-22 19:27:32
150794,150792,1,0,2023-06-14 07:44:30,2023-06-14 07:44:30
150796,137576,1,1,2023-06-14 09:25:41,2023-06-14 09:25:41
150801,141192,1,0,2023-06-14 12:15:58,2023-06-14 12:15:58
150824,148651,1,1,2023-06-15 05:24:22,2023-06-15 05:24:22
150895,87037,1,1,2023-06-17 03:32:01,2023-06-17 03:32:01
150903,105679,1,1,2023-06-19 13:35:30,2023-06-19 13:35:30
150903,150803,1,1,2023-06-17 14:53:13,2023-06-17 14:53:13
150907,118546,1,1,2023-06-17 16:18:10,2023-06-17 16:18:10
150961,159507,2,1,2024-02-06 14:36:17,2024-02-07 13:19:19
150974,98,3,1,2023-09-21 06:46:00,2023-09-25 08:00:58
150974,723,1,1,2023-06-20 14:34:27,2023-06-20 14:34:27
150974,2459,1,0,2023-07-19 08:15:03,2023-07-19 08:15:03
150974,10777,1,0,2023-07-10 19:51:51,2023-07-10 19:51:51
150974,10815,1,1,2023-08-17 01:00:46,2023-08-17 01:00:46
150974,14518,3,0,2023-06-24 18:54:46,2023-06-24 19:11:18
150974,18682,1,1,2023-07-05 05:55:20,2023-07-05 05:55:20
150974,21254,1,1,2023-07-17 17:45:54,2023-07-17 17:45:54
150974,71149,1,1,2023-06-22 07:45:19,2023-06-22 07:45:19
150974,74560,1,1,2023-08-18 04:41:05,2023-08-18 04:41:05
150974,77714,1,1,2023-07-05 17:34:24,2023-07-05 17:34:24
150974,79690,1,1,2023-06-30 10:59:19,2023-06-30 10:59:19
150974,100431,1,1,2023-07-11 03:59:04,2023-07-11 03:59:04
150974,101384,1,1,2023-07-21 04:35:46,2023-07-21 04:35:46
150974,105469,9,1,2023-06-28 14:50:38,2023-06-29 13:18:42
150974,106474,1,1,2023-07-18 06:19:01,2023-07-18 06:19:01
150974,107326,2,1,2023-07-06 03:48:52,2023-07-06 13:00:51
150974,107533,2,1,2023-08-28 05:20:33,2023-08-29 05:41:20
150974,109862,1,1,2023-06-29 15:14:02,2023-06-29 15:14:02
150974,113067,4,0,2023-08-08 04:01:23,2023-08-09 08:54:56
150974,115974,1,1,2023-08-10 17:49:43,2023-08-10 17:49:43
150974,117279,5,2,2023-06-29 18:45:12,2023-07-06 11:41:18
150974,119448,1,1,2023-07-06 05:40:58,2023-07-06 05:40:58
150974,120687,1,1,2023-06-19 17:55:57,2023-06-19 17:55:57
150974,122641,1,1,2023-07-15 10:01:02,2023-07-15 10:01:02
150974,123760,4,1,2023-08-22 06:24:03,2023-08-22 10:45:36
150974,128230,2,1,2023-07-05 05:51:52,2023-07-05 07:56:42
150974,131316,1,1,2023-07-10 05:40:10,2023-07-10 05:40:10
150974,132968,1,1,2023-07-05 11:14:08,2023-07-05 11:14:08
150974,136679,1,1,2023-06-26 05:14:36,2023-06-26 05:14:36
150974,138211,1,1,2023-09-14 06:32:35,2023-09-14 06:32:35
150974,139509,1,1,2023-07-17 17:58:38,2023-07-17 17:58:38
150974,139658,1,0,2023-08-28 10:02:05,2023-08-28 10:02:05
150974,145279,1,1,2023-09-14 05:52:24,2023-09-14 05:52:24
150974,145836,2,2,2023-06-25 06:21:54,2023-07-03 03:53:21
150974,147983,1,1,2023-07-08 08:51:25,2023-07-08 08:51:25
150974,149495,1,1,2023-06-28 06:05:17,2023-06-28 06:05:17
150974,149782,1,1,2023-06-26 05:19:03,2023-06-26 05:19:03
150974,149841,2,1,2023-06-22 07:25:44,2023-06-22 08:30:49
150974,149995,1,1,2023-06-25 15:58:08,2023-06-25 15:58:08
150974,150803,3,3,2023-06-21 04:48:14,2023-06-26 16:35:26
150974,150901,1,1,2023-06-21 03:59:18,2023-06-21 03:59:18
150974,150944,1,1,2023-06-19 17:46:27,2023-06-19 17:46:27
150974,151056,2,2,2023-06-22 07:11:45,2023-06-28 05:45:48
150974,151125,1,1,2023-07-21 08:14:27,2023-07-21 08:14:27
150974,151133,1,1,2023-06-24 11:53:14,2023-06-24 11:53:14
150974,151142,1,1,2023-06-25 07:27:40,2023-06-25 07:27:40
150974,151171,2,1,2023-06-26 05:01:21,2023-06-27 11:18:26
150974,151172,2,1,2023-06-28 20:14:15,2023-06-29 15:18:42
150974,151208,2,1,2023-06-27 05:17:31,2023-07-06 05:23:16
150974,151324,2,1,2023-07-02 08:25:43,2023-07-03 03:48:03
150974,151380,1,1,2023-07-04 04:39:49,2023-07-04 04:39:49
150974,151409,1,1,2023-07-04 04:30:17,2023-07-04 04:30:17
150974,151439,6,1,2023-08-17 20:37:32,2023-08-17 21:16:51
150974,151501,1,1,2023-07-06 08:49:36,2023-07-06 08:49:36
150974,151537,1,1,2023-07-07 08:42:58,2023-07-07 08:42:58
150974,151538,1,1,2023-07-07 08:24:50,2023-07-07 08:24:50
150974,151574,1,1,2023-07-08 08:45:46,2023-07-08 08:45:46
150974,151620,1,1,2023-07-10 05:50:07,2023-07-10 05:50:07
150974,151645,2,1,2023-07-11 04:04:38,2023-07-12 05:58:22
150974,151649,1,1,2023-07-11 04:00:49,2023-07-11 04:00:49
150974,151671,1,1,2023-07-12 04:26:12,2023-07-12 04:26:12
150974,151688,1,1,2023-07-12 08:46:39,2023-07-12 08:46:39
150974,151717,2,1,2023-07-13 06:14:29,2023-07-14 06:23:48
150974,151759,1,1,2023-07-14 10:33:21,2023-07-14 10:33:21
150974,151775,1,1,2023-07-14 20:22:39,2023-07-14 20:22:39
150974,151816,7,2,2023-07-17 17:50:01,2023-07-18 12:13:58
150974,151824,1,1,2023-07-17 05:31:48,2023-07-17 05:31:48
150974,151830,1,1,2023-07-17 05:28:55,2023-07-17 05:28:55
150974,152028,1,1,2023-07-26 05:03:39,2023-07-26 05:03:39
150974,153438,1,1,2023-08-07 08:50:29,2023-08-07 08:50:29
150974,153649,2,1,2023-08-14 04:00:25,2023-08-14 07:10:45
150974,153746,2,1,2023-08-17 01:17:27,2023-08-17 11:08:08
150974,153763,1,1,2023-08-17 20:13:53,2023-08-17 20:13:53
150974,153991,4,1,2023-08-28 05:24:39,2023-08-28 10:39:08
150974,154075,2,1,2023-08-30 04:55:44,2023-08-31 17:59:39
150974,154424,1,1,2023-09-11 10:07:43,2023-09-11 10:07:43
150974,154691,1,1,2023-09-21 09:05:27,2023-09-21 09:05:27
150974,154701,2,1,2023-09-21 04:03:37,2023-09-21 05:06:48
150977,140415,1,1,2023-06-19 18:32:11,2023-06-19 18:32:11
151000,149286,1,1,2023-06-20 10:59:00,2023-06-20 10:59:00
151011,67308,1,1,2023-06-20 17:26:13,2023-06-20 17:26:13
151012,150654,1,1,2023-06-20 18:52:29,2023-06-20 18:52:29
151012,151528,1,1,2023-07-11 15:03:03,2023-07-11 15:03:03
151013,141735,1,1,2023-06-20 22:02:19,2023-06-20 22:02:19
151049,117614,1,1,2023-06-21 20:03:15,2023-06-21 20:03:15
151120,121222,1,1,2023-06-23 16:42:16,2023-06-23 16:42:16
151157,29157,1,0,2023-07-05 04:19:32,2023-07-05 04:19:32
151411,139391,1,0,2023-07-04 04:22:23,2023-07-04 04:22:23
151445,74973,2,0,2023-07-04 21:19:19,2023-07-06 10:53:19
151445,139509,1,1,2023-10-27 16:14:54,2023-10-27 16:14:54
151452,143315,1,1,2023-07-05 03:26:30,2023-07-05 03:26:30
151463,128575,1,0,2023-07-05 10:03:26,2023-07-05 10:03:26
151484,41173,1,1,2023-07-14 11:30:22,2023-07-14 11:30:22
151484,57437,2,1,2023-07-22 07:41:12,2023-07-22 12:49:07
151484,77714,1,1,2023-07-09 09:35:12,2023-07-09 09:35:12
151484,136213,2,1,2023-07-20 12:34:40,2023-07-20 14:50:50
151484,139069,1,1,2023-07-09 11:26:45,2023-07-09 11:26:45
151484,146416,1,1,2023-07-12 17:43:49,2023-07-12 17:43:49
151484,151125,1,0,2023-07-21 07:12:39,2023-07-21 07:12:39
151484,151641,3,1,2023-07-26 19:05:45,2023-07-27 06:20:02
151484,151653,2,1,2023-07-11 18:21:11,2023-07-18 05:39:36
151484,151688,1,1,2023-07-12 07:42:01,2023-07-12 07:42:01
151484,151785,2,1,2023-07-15 10:46:12,2023-07-15 17:41:33
151484,151825,1,1,2023-07-17 06:56:49,2023-07-17 06:56:49
151484,151848,1,1,2023-07-17 18:17:26,2023-07-17 18:17:26
151507,108590,1,1,2023-07-06 13:15:55,2023-07-06 13:15:55
151535,77714,1,1,2023-07-07 08:00:58,2023-07-07 08:00:58
151535,151322,1,1,2023-07-10 02:19:27,2023-07-10 02:19:27
151535,151439,1,1,2023-07-10 04:03:59,2023-07-10 04:03:59
151535,151621,1,1,2023-07-10 02:40:46,2023-07-10 02:40:46
151535,151646,1,1,2023-07-12 03:39:57,2023-07-12 03:39:57
151536,130998,1,1,2023-07-07 08:05:58,2023-07-07 08:05:58
151596,131258,1,1,2023-07-08 17:07:17,2023-07-08 17:07:17
151699,146416,2,1,2023-07-12 15:25:18,2023-07-13 09:09:55
151731,149465,1,1,2023-07-13 10:55:04,2023-07-13 10:55:04
151788,148504,1,1,2023-07-15 09:24:42,2023-07-15 09:24:42
151800,151065,1,1,2023-07-15 18:44:48,2023-07-15 18:44:48
151809,10777,1,1,2023-07-22 23:28:56,2023-07-22 23:28:56
151809,14675,1,0,2023-08-03 13:36:45,2023-08-03 13:36:45
151809,148801,2,1,2023-08-03 13:31:07,2023-08-03 14:27:19
151809,151807,1,1,2023-07-16 07:11:05,2023-07-16 07:11:05
151809,151816,1,1,2023-07-23 00:02:09,2023-07-23 00:02:09
151809,152976,1,0,2023-08-03 13:44:05,2023-08-03 13:44:05
151893,151854,1,1,2023-07-18 18:17:30,2023-07-18 18:17:30
151928,142245,1,0,2023-07-19 14:57:37,2023-07-19 14:57:37
151932,151484,1,1,2023-08-07 10:59:48,2023-08-07 10:59:48
151940,125277,1,1,2023-07-19 19:44:05,2023-07-19 19:44:05
152058,100545,1,1,2023-07-23 18:40:19,2023-07-23 18:40:19
152076,78989,1,1,2023-07-24 10:34:47,2023-07-24 10:34:47
152096,54865,1,0,2024-11-07 15:07:55,2024-11-07 15:07:55
152096,65153,1,0,2024-02-22 15:05:04,2024-02-22 15:05:04
152096,66995,1,1,2023-07-25 05:54:38,2023-07-25 05:54:38
152096,89046,1,0,2024-11-06 20:15:18,2024-11-06 20:15:18
152096,132904,1,0,2024-10-02 14:57:28,2024-10-02 14:57:28
152096,140054,2,1,2023-10-05 13:43:29,2023-10-08 16:46:22
152096,152060,1,1,2023-07-25 05:09:53,2023-07-25 05:09:53
152096,159972,1,1,2024-02-21 16:31:24,2024-02-21 16:31:24
152096,160000,1,1,2024-02-23 03:15:52,2024-02-23 03:15:52
152103,152096,1,1,2023-07-25 07:33:32,2023-07-25 07:33:32
152146,128636,1,1,2023-12-28 07:59:17,2023-12-28 07:59:17
152174,128926,1,1,2023-07-27 08:28:45,2023-07-27 08:28:45
152236,139561,1,1,2023-07-29 12:22:32,2023-07-29 12:22:32
152426,153533,1,1,2023-08-10 22:20:15,2023-08-10 22:20:15
152986,49119,1,1,2023-08-03 04:13:36,2023-08-03 04:13:36
152988,142720,1,1,2023-08-04 05:50:11,2023-08-04 05:50:11
152988,152976,1,1,2023-08-03 05:14:46,2023-08-03 05:14:46
153000,110526,1,1,2023-08-20 17:09:43,2023-08-20 17:09:43
153000,125747,1,0,2023-11-08 18:17:21,2023-11-08 18:17:21
153000,140359,1,1,2023-10-05 05:25:13,2023-10-05 05:25:13
153000,145279,1,1,2023-08-20 15:06:22,2023-08-20 15:06:22
153000,153828,1,1,2023-08-20 14:59:23,2023-08-20 14:59:23
153000,154912,1,1,2023-10-05 05:33:30,2023-10-05 05:33:30
153000,155068,1,1,2023-10-05 05:07:10,2023-10-05 05:07:10
153000,155104,3,1,2023-10-08 19:00:05,2023-10-09 14:12:18
153000,156023,1,1,2023-11-08 20:24:52,2023-11-08 20:24:52
153000,156081,2,1,2023-11-10 13:56:11,2023-11-10 15:45:33
153000,156083,2,0,2023-11-10 11:04:46,2023-11-10 13:56:53
153000,159836,1,0,2024-04-20 16:18:08,2024-04-20 16:18:08
153000,161958,1,1,2024-04-02 20:18:40,2024-04-02 20:18:40
153000,162076,1,0,2024-04-07 10:31:56,2024-04-07 10:31:56
153000,162166,1,1,2024-04-11 11:51:23,2024-04-11 11:51:23
153000,162241,1,0,2024-04-15 11:57:38,2024-04-15 11:57:38
153000,162259,1,0,2024-04-15 08:42:00,2024-04-15 08:42:00
153122,134419,1,1,2023-08-03 18:25:04,2023-08-03 18:25:04
153204,127057,1,1,2023-08-04 14:38:41,2023-08-04 14:38:41
153243,74649,2,2,2026-04-19 10:18:03,2026-04-22 13:00:33
153243,142848,1,0,2024-07-09 23:07:26,2024-07-09 23:07:26
153243,142949,1,0,2024-03-18 14:28:59,2024-03-18 14:28:59
153243,145602,1,0,2023-12-12 14:25:25,2023-12-12 14:25:25
153243,153359,2,1,2023-08-06 20:42:55,2023-08-06 22:14:26
153243,153416,1,1,2023-08-06 20:37:39,2023-08-06 20:37:39
153243,155131,1,0,2023-11-06 13:50:51,2023-11-06 13:50:51
153243,155862,1,1,2023-11-06 13:11:14,2023-11-06 13:11:14
153243,163000,1,0,2024-07-09 23:06:08,2024-07-09 23:06:08
153243,165151,2,1,2024-07-09 23:14:06,2024-07-10 20:14:21
153243,184055,2,1,2025-06-18 23:27:15,2025-06-19 11:37:03
153243,193427,1,0,2026-05-03 08:53:51,2026-05-03 08:53:51
153505,153466,1,1,2023-08-08 21:22:54,2023-08-08 21:22:54
153570,100895,1,1,2023-09-01 17:43:05,2023-09-01 17:43:05
153570,137378,2,1,2023-09-06 13:11:06,2023-09-06 14:04:40
153570,141615,1,1,2023-08-21 13:53:23,2023-08-21 13:53:23
153570,153649,1,1,2023-08-15 13:22:48,2023-08-15 13:22:48
153570,154967,1,1,2023-10-11 14:24:40,2023-10-11 14:24:40
153573,153533,1,1,2023-08-10 18:50:06,2023-08-10 18:50:06
153573,156219,2,1,2023-11-15 03:34:14,2023-11-20 18:46:22
153576,109113,1,0,2023-08-10 23:17:59,2023-08-10 23:17:59
153595,46630,1,0,2023-08-11 14:30:24,2023-08-11 14:30:24
153596,143073,1,1,2023-08-11 14:49:20,2023-08-11 14:49:20
153605,65027,1,1,2023-08-18 19:10:16,2023-08-18 19:10:16
153615,118515,1,1,2023-08-12 06:11:13,2023-08-12 06:11:13
153630,108957,1,0,2023-08-12 19:49:26,2023-08-12 19:49:26
153638,46630,1,1,2023-08-13 04:29:06,2023-08-13 04:29:06
153646,148702,1,1,2023-08-13 16:07:31,2023-08-13 16:07:31
153665,93852,1,1,2023-08-14 08:51:01,2023-08-14 08:51:01
153681,135108,1,1,2023-08-14 18:00:40,2023-08-14 18:00:40
153717,10777,1,0,2023-08-16 00:02:47,2023-08-16 00:02:47
153786,125222,1,1,2023-08-18 09:06:29,2023-08-18 09:06:29
153809,303,4,0,2024-12-27 13:36:31,2025-06-16 12:08:18
153809,3117,1,0,2025-07-04 11:24:03,2025-07-04 11:24:03
153809,4799,1,0,2025-06-02 20:28:29,2025-06-02 20:28:29
153809,7730,3,0,2025-09-14 11:06:41,2025-10-12 16:25:37
153809,13672,2,1,2024-05-20 09:27:47,2024-05-20 14:41:26
153809,21555,1,1,2024-06-10 13:13:18,2024-06-10 13:13:18
153809,38887,1,0,2025-09-24 17:05:03,2025-09-24 17:05:03
153809,57103,3,0,2025-09-13 14:15:37,2025-09-13 16:00:02
153809,61756,3,0,2024-05-20 09:10:04,2024-05-25 08:51:21
153809,62610,1,1,2025-01-06 14:24:20,2025-01-06 14:24:20
153809,62630,1,1,2024-05-18 21:33:19,2024-05-18 21:33:19
153809,66333,1,1,2025-10-01 14:01:15,2025-10-01 14:01:15
153809,73930,1,0,2024-06-06 17:59:46,2024-06-06 17:59:46
153809,85443,1,1,2025-02-08 15:00:37,2025-02-08 15:00:37
153809,87838,1,1,2024-05-19 15:57:35,2024-05-19 15:57:35
153809,93617,1,1,2025-07-09 11:04:55,2025-07-09 11:04:55
153809,101226,1,1,2024-06-17 11:26:07,2024-06-17 11:26:07
153809,112789,1,1,2025-09-23 13:59:17,2025-09-23 13:59:17
153809,113434,1,0,2024-05-19 15:18:33,2024-05-19 15:18:33
153809,113628,10,3,2025-05-30 16:48:08,2025-07-16 14:24:20
153809,122762,1,1,2024-11-01 19:56:43,2024-11-01 19:56:43
153809,127195,1,1,2025-01-24 16:37:36,2025-01-24 16:37:36
153809,128444,1,1,2024-05-19 14:53:44,2024-05-19 14:53:44
153809,130753,2,0,2024-12-26 12:16:14,2025-09-06 12:26:50
153809,138321,1,1,2024-12-19 14:47:01,2024-12-19 14:47:01
153809,138502,1,1,2024-05-11 21:45:32,2024-05-11 21:45:32
153809,140564,1,1,2025-05-03 13:00:57,2025-05-03 13:00:57
153809,141542,1,0,2025-02-26 12:41:25,2025-02-26 12:41:25
153809,142949,1,0,2025-10-23 16:50:02,2025-10-23 16:50:02
153809,145665,1,0,2024-06-09 20:37:31,2024-06-09 20:37:31
153809,146418,1,1,2024-05-20 20:09:16,2024-05-20 20:09:16
153809,146452,1,1,2025-01-24 20:37:45,2025-01-24 20:37:45
153809,149773,1,0,2025-12-15 14:34:27,2025-12-15 14:34:27
153809,153828,1,0,2023-08-20 11:23:25,2023-08-20 11:23:25
153809,154135,2,2,2024-05-17 20:06:02,2024-11-02 13:52:09
153809,154751,6,1,2024-06-08 19:27:27,2024-06-11 10:33:05
153809,155646,2,0,2024-06-16 14:57:51,2024-06-17 11:49:42
153809,155857,1,1,2024-06-10 11:06:03,2024-06-10 11:06:03
153809,158181,2,1,2023-12-17 17:47:41,2023-12-18 14:16:32
153809,158936,4,1,2024-05-14 11:32:08,2024-06-06 10:58:03
153809,158958,1,0,2025-11-05 11:40:06,2025-11-05 11:40:06
153809,161035,1,1,2024-06-03 14:19:12,2024-06-03 14:19:12
153809,161853,3,0,2024-12-26 15:22:38,2024-12-26 18:54:33
153809,162082,3,1,2024-06-02 16:53:33,2024-06-02 17:39:14
153809,162325,1,1,2024-05-28 21:45:23,2024-05-28 21:45:23
153809,162638,2,1,2024-05-20 10:28:37,2024-05-21 14:18:25
153809,162671,1,1,2024-05-16 21:58:55,2024-05-16 21:58:55
153809,162689,1,1,2024-05-19 23:22:41,2024-05-19 23:22:41
153809,162708,1,1,2024-05-19 18:03:01,2024-05-19 18:03:01
153809,162828,1,1,2024-05-10 22:01:57,2024-05-10 22:01:57
153809,162878,1,0,2024-05-15 09:20:25,2024-05-15 09:20:25
153809,162895,1,1,2024-05-12 19:17:49,2024-05-12 19:17:49
153809,162966,1,1,2024-05-19 17:25:22,2024-05-19 17:25:22
153809,163008,1,1,2024-05-19 14:03:34,2024-05-19 14:03:34
153809,163012,2,1,2024-05-17 14:32:15,2024-05-17 21:59:46
153809,163025,4,1,2024-05-19 10:35:27,2024-06-02 14:27:34
153809,163060,3,1,2024-05-20 13:06:19,2024-05-20 14:43:31
153809,163177,5,1,2024-05-29 11:37:03,2024-05-29 14:11:07
153809,163191,1,1,2024-05-27 13:04:03,2024-05-27 13:04:03
153809,163281,1,1,2024-06-01 14:42:28,2024-06-01 14:42:28
153809,163320,1,0,2024-06-02 21:22:33,2024-06-02 21:22:33
153809,163327,1,1,2024-06-03 10:17:53,2024-06-03 10:17:53
153809,163461,1,0,2024-06-06 12:44:40,2024-06-06 12:44:40
153809,163650,1,0,2024-06-11 10:41:29,2024-06-11 10:41:29
153809,163922,2,1,2024-06-14 10:56:29,2024-06-15 10:12:46
153809,164133,2,1,2025-09-17 19:21:01,2025-09-17 21:15:46
153809,170257,3,1,2025-06-12 17:37:09,2025-06-13 20:47:59
153809,170835,1,1,2024-11-28 16:30:50,2024-11-28 16:30:50
153809,172060,2,1,2024-11-02 14:27:19,2024-11-03 13:42:08
153809,172215,1,1,2024-11-02 12:58:02,2024-11-02 12:58:02
153809,172254,2,1,2024-11-01 20:47:20,2024-11-04 11:42:57
153809,172416,1,0,2025-09-15 11:17:25,2025-09-15 11:17:25
153809,173425,2,1,2024-12-24 15:08:12,2024-12-28 20:19:38
153809,174599,4,1,2024-12-08 14:42:04,2024-12-09 11:55:18
153809,175099,2,1,2025-01-06 17:07:59,2025-01-06 18:17:50
153809,175250,1,1,2024-12-30 15:05:53,2024-12-30 15:05:53
153809,175615,1,1,2024-12-31 17:44:11,2024-12-31 17:44:11
153809,175689,2,1,2025-01-02 17:32:58,2025-01-03 13:26:40
153809,175694,1,0,2025-01-09 12:36:14,2025-01-09 12:36:14
153809,175719,1,0,2025-01-06 17:40:23,2025-01-06 17:40:23
153809,175783,1,1,2025-01-07 18:21:11,2025-01-07 18:21:11
153809,175850,1,1,2025-01-05 20:02:06,2025-01-05 20:02:06
153809,176010,1,1,2025-01-09 11:11:17,2025-01-09 11:11:17
153809,176165,1,1,2025-01-11 22:41:10,2025-01-11 22:41:10
153809,176299,1,1,2025-01-14 09:51:09,2025-01-14 09:51:09
153809,176664,1,1,2025-01-24 20:00:34,2025-01-24 20:00:34
153809,176903,3,1,2025-01-26 23:02:41,2025-01-31 14:25:34
153809,176938,1,0,2025-01-27 16:34:17,2025-01-27 16:34:17
153809,176948,1,1,2025-05-03 21:25:50,2025-05-03 21:25:50
153809,177022,1,0,2025-02-07 15:00:07,2025-02-07 15:00:07
153809,177104,1,0,2025-01-30 18:00:47,2025-01-30 18:00:47
153809,177452,1,0,2025-02-07 15:06:32,2025-02-07 15:06:32
153809,177500,1,0,2025-02-07 14:35:04,2025-02-07 14:35:04
153809,177558,1,0,2025-02-09 14:43:35,2025-02-09 14:43:35
153809,178998,1,1,2025-03-11 19:43:49,2025-03-11 19:43:49
153809,180417,5,0,2025-04-26 11:04:36,2025-06-03 15:13:12
153809,181012,1,0,2025-05-13 12:07:37,2025-05-13 12:07:37
153809,181050,1,1,2025-06-18 16:55:25,2025-06-18 16:55:25
153809,181349,1,1,2025-06-02 11:45:45,2025-06-02 11:45:45
153809,181544,1,1,2025-05-12 11:53:56,2025-05-12 11:53:56
153809,182011,1,0,2026-02-05 18:30:58,2026-02-05 18:30:58
153809,182199,1,0,2025-05-20 09:41:31,2025-05-20 09:41:31
153809,183533,1,0,2025-06-18 14:44:18,2025-06-18 14:44:18
153809,183549,4,1,2025-05-31 12:21:24,2025-05-31 17:16:29
153809,183622,2,0,2025-06-02 21:42:21,2025-06-03 12:30:28
153809,183624,2,0,2025-06-02 21:00:40,2025-06-03 20:09:30
153809,183856,1,0,2025-06-16 16:39:42,2025-06-16 16:39:42
153809,183987,3,3,2025-06-16 19:07:41,2025-07-12 11:52:38
153809,184033,3,1,2025-06-19 11:43:50,2025-06-21 13:26:25
153809,184122,1,0,2025-06-21 13:56:14,2025-06-21 13:56:14
153809,184177,3,1,2025-07-08 14:39:01,2025-07-23 17:48:29
153809,184238,1,0,2025-06-25 10:58:12,2025-06-25 10:58:12
153809,184345,1,0,2025-06-29 18:45:40,2025-06-29 18:45:40
153809,184429,1,0,2025-07-02 11:34:29,2025-07-02 11:34:29
153809,184611,1,0,2025-07-09 11:11:34,2025-07-09 11:11:34
153809,184711,1,0,2025-07-11 17:59:15,2025-07-11 17:59:15
153809,185080,1,1,2025-07-17 19:54:11,2025-07-17 19:54:11
153809,185795,1,0,2025-09-25 14:26:43,2025-09-25 14:26:43
153809,186396,17,2,2025-09-05 19:03:42,2025-09-20 14:32:19
153809,186483,1,0,2025-09-08 20:23:58,2025-09-08 20:23:58
153809,186896,1,0,2025-09-19 17:38:01,2025-09-19 17:38:01
153809,187300,1,0,2025-10-08 16:48:57,2025-10-08 16:48:57
153809,187337,1,0,2025-10-10 18:44:52,2025-10-10 18:44:52
153809,187371,1,0,2025-10-14 14:12:21,2025-10-14 14:12:21
153809,187473,1,1,2025-10-26 14:26:34,2025-10-26 14:26:34
153809,187485,3,1,2025-10-21 09:27:53,2025-10-28 16:03:09
153809,187545,1,0,2025-10-24 13:38:51,2025-10-24 13:38:51
153809,191717,1,0,2026-07-14 15:10:22,2026-07-14 15:10:22
153809,192885,1,1,2026-03-14 21:18:15,2026-03-14 21:18:15
153809,193427,1,0,2026-05-02 11:09:58,2026-05-02 11:09:58
153809,193474,1,0,2026-05-01 19:10:53,2026-05-01 19:10:53
153809,193478,1,0,2026-07-01 20:10:25,2026-07-01 20:10:25
153809,193899,1,0,2026-07-13 14:46:50,2026-07-13 14:46:50
153809,194769,1,0,2026-09-19 15:59:19,2026-09-19 15:59:19
153809,194808,3,0,2026-09-18 10:57:36,2026-09-19 11:54:08
153825,106732,1,1,2023-11-02 19:53:31,2023-11-02 19:53:31
153825,137430,1,1,2023-11-02 19:55:40,2023-11-02 19:55:40
153840,82700,1,0,2023-08-20 22:32:52,2023-08-20 22:32:52
153843,100417,1,1,2023-08-23 17:48:23,2023-08-23 17:48:23
153843,153015,2,1,2023-08-21 02:29:25,2023-08-21 12:10:06
153843,153853,1,1,2023-08-21 13:26:28,2023-08-21 13:26:28
153876,118935,1,1,2023-08-22 12:46:39,2023-08-22 12:46:39
153908,125363,1,1,2023-08-24 16:26:33,2023-08-24 16:26:33
153918,153767,1,1,2023-08-24 02:12:09,2023-08-24 02:12:09
153940,51481,1,1,2023-08-24 16:44:55,2023-08-24 16:44:55
153995,137189,1,1,2023-08-26 15:49:21,2023-08-26 15:49:21
154026,85239,1,1,2023-08-28 07:08:24,2023-08-28 07:08:24
154063,141363,1,1,2023-08-29 09:35:46,2023-08-29 09:35:46
154070,120924,1,0,2023-08-29 13:11:43,2023-08-29 13:11:43
154198,86339,1,1,2023-09-03 15:07:31,2023-09-03 15:07:31
154198,110114,1,0,2023-09-03 15:17:10,2023-09-03 15:17:10
154198,151434,1,1,2023-09-03 15:10:32,2023-09-03 15:10:32
154260,82135,1,1,2023-09-05 20:32:28,2023-09-05 20:32:28
154260,100895,1,1,2023-09-05 20:21:20,2023-09-05 20:21:20
154260,136943,1,1,2023-09-06 01:09:35,2023-09-06 01:09:35
154260,141580,1,0,2023-09-05 19:37:22,2023-09-05 19:37:22
154260,153992,1,0,2023-09-05 20:34:29,2023-09-05 20:34:29
154260,154171,1,1,2023-09-05 20:04:01,2023-09-05 20:04:01
154260,154231,1,0,2023-09-05 19:46:45,2023-09-05 19:46:45
154260,154253,1,0,2023-09-05 19:39:33,2023-09-05 19:39:33
154309,154304,1,1,2023-09-07 11:31:42,2023-09-07 11:31:42
154378,153666,1,1,2023-09-09 15:59:07,2023-09-09 15:59:07
154407,32165,1,1,2023-09-10 13:31:49,2023-09-10 13:31:49
154433,137595,1,0,2024-09-18 14:48:48,2024-09-18 14:48:48
154433,168636,3,1,2024-09-18 15:09:02,2024-09-20 09:12:46
154433,169059,1,0,2024-09-18 14:43:10,2024-09-18 14:43:10
154433,169081,1,1,2024-09-18 15:27:14,2024-09-18 15:27:14
154454,147868,2,1,2023-09-12 09:12:34,2023-10-12 07:15:28
154460,91724,1,1,2023-09-12 12:15:48,2023-09-12 12:15:48
154524,118206,1,1,2023-09-14 11:12:08,2023-09-14 11:12:08
154539,154637,2,0,2023-09-19 14:16:22,2023-09-19 20:09:54
154539,154653,2,0,2023-09-19 14:03:52,2023-09-19 14:29:26
154547,183549,1,1,2025-06-06 04:20:53,2025-06-06 04:20:53
154573,39236,1,1,2023-09-26 08:07:58,2023-09-26 08:07:58
154573,139924,1,1,2023-09-26 12:37:40,2023-09-26 12:37:40
154573,142575,1,1,2023-09-26 08:40:57,2023-09-26 08:40:57
154573,150803,1,1,2023-09-26 10:18:52,2023-09-26 10:18:52
154573,151816,1,1,2023-09-23 05:28:09,2023-09-23 05:28:09
154644,154635,1,1,2023-09-18 23:39:43,2023-09-18 23:39:43
154644,154640,1,1,2023-09-18 23:04:19,2023-09-18 23:04:19
154687,151001,1,1,2023-09-20 11:49:01,2023-09-20 11:49:01
154758,143439,1,1,2023-09-22 23:29:57,2023-09-22 23:29:57
154771,47783,1,1,2023-09-27 09:21:59,2023-09-27 09:21:59
154798,135172,1,0,2023-09-24 22:23:37,2023-09-24 22:23:37
154861,154787,1,1,2023-09-27 05:59:55,2023-09-27 05:59:55
154890,130998,1,1,2023-09-27 22:26:37,2023-09-27 22:26:37
155008,7768,1,1,2023-10-02 16:23:06,2023-10-02 16:23:06
155076,91192,1,1,2023-10-05 07:56:49,2023-10-05 07:56:49
155087,141493,1,1,2023-10-05 21:51:10,2023-10-05 21:51:10
155117,147959,1,0,2023-10-07 02:29:27,2023-10-07 02:29:27
155133,146450,1,1,2023-10-07 17:16:41,2023-10-07 17:16:41
155143,99764,1,1,2023-10-08 12:00:52,2023-10-08 12:00:52
155165,155105,1,1,2023-10-09 05:40:01,2023-10-09 05:40:01
155171,55122,1,0,2025-07-03 09:34:28,2025-07-03 09:34:28
155171,85786,1,1,2024-02-20 15:47:30,2024-02-20 15:47:30
155171,85848,1,0,2024-03-25 12:14:25,2024-03-25 12:14:25
155171,111785,1,0,2024-03-12 19:05:57,2024-03-12 19:05:57
155171,119882,2,0,2024-03-18 17:33:45,2024-03-19 18:36:34
155171,127049,1,0,2024-03-25 14:05:09,2024-03-25 14:05:09
155171,137051,1,1,2024-02-06 17:00:39,2024-02-06 17:00:39
155171,137882,2,0,2024-03-04 20:43:36,2024-03-05 10:08:10
155171,138508,2,1,2024-02-07 23:40:40,2024-02-08 19:54:22
155171,159327,1,1,2024-02-06 10:31:39,2024-02-06 10:31:39
155171,159466,1,1,2024-02-01 14:41:43,2024-02-01 14:41:43
155171,159626,1,1,2024-02-07 23:30:34,2024-02-07 23:30:34
155171,161385,1,0,2024-03-12 19:19:28,2024-03-12 19:19:28
155171,161446,1,1,2024-03-12 23:13:30,2024-03-12 23:13:30
155218,130360,1,1,2023-10-11 02:27:27,2023-10-11 02:27:27
155269,143179,1,1,2023-10-12 15:06:25,2023-10-12 15:06:25
155337,150093,1,1,2023-10-17 11:31:02,2023-10-17 11:31:02
155381,127849,1,1,2023-10-17 04:31:12,2023-10-17 04:31:12
155391,153666,1,1,2023-10-19 03:32:53,2023-10-19 03:32:53
155393,149998,1,0,2023-10-17 12:03:57,2023-10-17 12:03:57
155444,161035,1,1,2024-04-29 10:09:07,2024-04-29 10:09:07
155554,185181,1,1,2025-07-23 12:13:54,2025-07-23 12:13:54
155554,186234,1,1,2025-09-08 14:49:29,2025-09-08 14:49:29
155554,186303,1,1,2025-09-03 08:18:05,2025-09-03 08:18:05
155621,155612,3,2,2023-10-26 12:20:42,2023-11-01 08:23:58
155621,159624,1,1,2024-02-08 23:18:47,2024-02-08 23:18:47
155646,45441,1,1,2024-05-12 20:04:58,2024-05-12 20:04:58
155646,49375,1,0,2024-06-08 14:38:10,2024-06-08 14:38:10
155646,94539,1,0,2024-05-12 20:11:12,2024-05-12 20:11:12
155646,123313,2,0,2024-06-18 11:58:57,2024-06-18 18:27:13
155646,130405,1,1,2024-04-07 09:10:51,2024-04-07 09:10:51
155646,133851,1,0,2024-04-12 18:01:29,2024-04-12 18:01:29
155646,134408,2,1,2024-04-20 19:26:45,2024-04-21 08:10:53
155646,135158,1,0,2024-04-11 11:39:16,2024-04-11 11:39:16
155646,140515,1,0,2024-05-12 07:49:32,2024-05-12 07:49:32
155646,150235,1,0,2024-04-16 18:42:58,2024-04-16 18:42:58
155646,153000,1,0,2024-04-06 12:14:37,2024-04-06 12:14:37
155646,153809,2,0,2024-06-16 13:24:18,2024-06-17 11:41:15
155646,156545,1,0,2024-05-25 08:20:38,2024-05-25 08:20:38
155646,161342,1,1,2024-03-30 20:33:39,2024-03-30 20:33:39
155646,161916,1,0,2024-03-31 11:21:03,2024-03-31 11:21:03
155646,161975,1,1,2024-04-06 12:25:21,2024-04-06 12:25:21
155646,162112,1,0,2024-04-09 18:42:47,2024-04-09 18:42:47
155646,162121,1,0,2024-04-09 18:47:10,2024-04-09 18:47:10
155646,162166,1,0,2024-04-11 11:34:16,2024-04-11 11:34:16
155646,162244,1,0,2024-04-14 15:50:25,2024-04-14 15:50:25
155646,162367,1,0,2024-04-19 18:38:36,2024-04-19 18:38:36
155646,162438,1,0,2024-04-24 15:47:17,2024-04-24 15:47:17
155646,162643,1,0,2024-05-04 05:35:08,2024-05-04 05:35:08
155646,162785,1,0,2024-05-12 20:13:31,2024-05-12 20:13:31
155646,162870,1,0,2024-05-11 10:40:08,2024-05-11 10:40:08
155646,162878,1,0,2024-05-13 16:41:57,2024-05-13 16:41:57
155646,162906,1,0,2024-05-16 07:14:09,2024-05-16 07:14:09
155646,162910,1,0,2024-05-16 07:08:36,2024-05-16 07:08:36
155646,163121,1,0,2024-05-24 19:33:21,2024-05-24 19:33:21
155646,163177,2,0,2024-05-27 07:32:06,2024-05-27 14:13:51
155646,163995,1,0,2024-06-16 13:36:19,2024-06-16 13:36:19
155646,165112,1,0,2024-07-11 17:35:10,2024-07-11 17:35:10
155646,165417,1,0,2024-07-11 18:18:15,2024-07-11 18:18:15
155646,166033,1,0,2024-07-27 12:01:58,2024-07-27 12:01:58
155685,57437,1,1,2023-10-28 15:15:05,2023-10-28 15:15:05
155710,156274,2,1,2023-11-20 05:40:04,2023-11-22 05:28:33
155710,156361,1,1,2023-11-19 23:02:44,2023-11-19 23:02:44
155733,141192,1,1,2023-10-30 17:26:24,2023-10-30 17:26:24
155734,155622,1,1,2023-10-31 14:33:52,2023-10-31 14:33:52
155759,30575,1,0,2023-10-31 13:11:06,2023-10-31 13:11:06
155783,139273,1,0,2023-11-01 07:19:11,2023-11-01 07:19:11
155799,24887,1,1,2023-11-08 14:14:28,2023-11-08 14:14:28
155799,91758,1,1,2023-11-08 14:06:45,2023-11-08 14:06:45
155799,106732,1,1,2023-11-02 18:58:43,2023-11-02 18:58:43
155799,115133,1,1,2025-07-21 12:47:30,2025-07-21 12:47:30
155799,139292,1,1,2023-11-01 19:50:45,2023-11-01 19:50:45
155799,150257,1,0,2025-07-23 21:22:15,2025-07-23 21:22:15
155799,151957,1,1,2023-11-01 19:37:44,2023-11-01 19:37:44
155799,155131,1,1,2023-11-08 17:10:13,2023-11-08 17:10:13
155799,155979,3,1,2023-11-07 13:10:44,2023-11-07 13:59:27
155799,156009,1,0,2023-11-08 13:58:36,2023-11-08 13:58:36
155799,156010,1,0,2023-11-08 14:27:21,2023-11-08 14:27:21
155799,156017,3,0,2023-11-08 14:18:48,2023-11-08 14:41:09
155799,156057,1,1,2023-11-09 20:32:47,2023-11-09 20:32:47
155799,161987,1,0,2025-07-23 21:10:40,2025-07-23 21:10:40
155799,168177,2,0,2025-07-24 18:08:16,2025-07-24 19:40:39
155799,184735,1,0,2025-07-23 20:24:47,2025-07-23 20:24:47
155799,185403,1,0,2025-07-25 17:30:28,2025-07-25 17:30:28
155814,162694,1,1,2024-05-04 13:17:23,2024-05-04 13:17:23
155854,155842,1,1,2023-11-03 12:25:21,2023-11-03 12:25:21
155875,125869,1,1,2023-11-04 00:22:27,2023-11-04 00:22:27
155953,138355,1,1,2024-03-29 10:17:56,2024-03-29 10:17:56
155963,135149,1,1,2023-11-06 22:42:55,2023-11-06 22:42:55
155984,155952,1,1,2023-11-07 15:11:19,2023-11-07 15:11:19
155984,155969,1,1,2023-11-07 13:53:10,2023-11-07 13:53:10
156072,1330,1,0,2023-11-30 21:40:01,2023-11-30 21:40:01
156082,155842,1,0,2023-11-10 09:11:52,2023-11-10 09:11:52
156083,156081,1,1,2023-11-10 09:27:40,2023-11-10 09:27:40
156111,84576,1,0,2023-11-11 19:58:37,2023-11-11 19:58:37
156142,145269,1,0,2024-02-23 01:27:37,2024-02-23 01:27:37
156142,158191,1,0,2023-12-18 03:47:47,2023-12-18 03:47:47
156144,149712,1,0,2023-11-12 19:49:49,2023-11-12 19:49:49
156192,144566,1,1,2023-11-14 01:58:57,2023-11-14 01:58:57
156192,149602,2,1,2023-11-14 02:02:28,2023-11-14 02:24:54
156336,68274,1,1,2023-11-18 20:27:41,2023-11-18 20:27:41
156336,155367,1,1,2023-11-22 23:43:20,2023-11-22 23:43:20
156336,156334,1,1,2023-11-18 20:40:43,2023-11-18 20:40:43
156336,156542,1,1,2023-11-25 03:35:04,2023-11-25 03:35:04
156358,123456,1,0,2023-11-19 14:47:25,2023-11-19 14:47:25
156366,144222,1,0,2023-11-19 20:45:56,2023-11-19 20:45:56
156404,155332,1,1,2023-11-21 07:29:23,2023-11-21 07:29:23
156454,27442,1,0,2023-11-22 04:42:40,2023-11-22 04:42:40
156492,140749,1,1,2023-11-22 19:59:54,2023-11-22 19:59:54
156526,121055,1,0,2023-11-23 22:47:31,2023-11-23 22:47:31
156545,1409,1,1,2024-12-16 12:59:54,2024-12-16 12:59:54
156545,40137,2,1,2023-11-30 18:37:42,2023-12-01 07:01:37
156545,63843,1,1,2023-11-30 19:41:48,2023-11-30 19:41:48
156545,68313,2,1,2023-11-24 16:51:21,2023-11-25 07:09:43
156545,69263,1,1,2024-01-25 14:40:51,2024-01-25 14:40:51
156545,86062,1,1,2023-11-25 17:15:31,2023-11-25 17:15:31
156545,92050,1,0,2023-12-01 07:26:09,2023-12-01 07:26:09
156545,94070,1,1,2024-01-04 10:14:24,2024-01-04 10:14:24
156545,107136,1,1,2024-01-25 10:17:11,2024-01-25 10:17:11
156545,111128,1,1,2023-12-05 11:32:06,2023-12-05 11:32:06
156545,115927,1,1,2023-11-24 16:35:57,2023-11-24 16:35:57
156545,127576,2,1,2023-12-08 09:03:46,2023-12-11 12:20:12
156545,131906,1,1,2024-05-08 06:38:41,2024-05-08 06:38:41
156545,133851,1,0,2024-04-12 09:48:06,2024-04-12 09:48:06
156545,136213,1,1,2023-12-07 11:11:44,2023-12-07 11:11:44
156545,144497,1,1,2023-11-28 11:05:20,2023-11-28 11:05:20
156545,145665,1,1,2024-06-11 06:17:47,2024-06-11 06:17:47
156545,146035,1,1,2023-12-11 06:53:50,2023-12-11 06:53:50
156545,152218,1,1,2023-12-05 13:40:38,2023-12-05 13:40:38
156545,153825,1,1,2023-12-13 10:30:57,2023-12-13 10:30:57
156545,154411,1,0,2023-12-04 12:13:02,2023-12-04 12:13:02
156545,154637,1,1,2023-12-08 13:19:43,2023-12-08 13:19:43
156545,155068,1,1,2023-11-25 11:43:48,2023-11-25 11:43:48
156545,155646,1,0,2024-05-25 09:02:24,2024-05-25 09:02:24
156545,156527,2,1,2023-11-25 09:34:03,2023-11-25 15:36:03
156545,156564,1,1,2023-11-26 18:44:52,2023-11-26 18:44:52
156545,156660,1,1,2023-11-29 11:57:38,2023-11-29 11:57:38
156545,156807,1,1,2023-12-04 13:27:20,2023-12-04 13:27:20
156545,156819,1,1,2023-12-04 15:44:48,2023-12-04 15:44:48
156545,156875,1,1,2023-12-06 09:53:20,2023-12-06 09:53:20
156545,156887,2,1,2023-12-06 17:58:27,2023-12-06 18:37:51
156545,156888,1,1,2023-12-07 09:47:33,2023-12-07 09:47:33
156545,156961,1,1,2023-12-13 11:21:25,2023-12-13 11:21:25
156545,156987,2,1,2023-12-10 08:26:34,2023-12-11 06:00:54
156545,157040,3,1,2023-12-13 10:51:41,2023-12-18 10:33:06
156545,158256,1,1,2023-12-19 12:01:02,2023-12-19 12:01:02
156545,158260,1,1,2024-01-13 09:32:50,2024-01-13 09:32:50
156545,158608,1,1,2024-01-06 13:15:31,2024-01-06 13:15:31
156545,159153,1,1,2024-01-25 10:46:54,2024-01-25 10:46:54
156545,159180,1,0,2024-01-25 10:26:27,2024-01-25 10:26:27
156545,159233,2,1,2024-04-14 07:39:20,2024-04-15 08:32:00
156545,161078,1,0,2023-12-05 11:20:24,2023-12-05 11:20:24
156545,162174,1,1,2024-04-12 05:39:18,2024-04-12 05:39:18
156545,162325,2,1,2024-04-18 12:48:21,2024-04-22 07:14:55
156545,162452,1,1,2024-04-23 11:47:50,2024-04-23 11:47:50
156545,162457,2,1,2024-04-24 07:39:29,2024-04-25 11:44:46
156545,162485,3,1,2024-04-25 06:21:35,2024-04-25 07:26:26
156545,162794,1,1,2024-05-08 09:57:08,2024-05-08 09:57:08
156545,163148,1,1,2024-05-25 06:15:51,2024-05-25 06:15:51
156545,163199,1,1,2024-05-28 06:20:04,2024-05-28 06:20:04
156545,164958,1,1,2024-07-03 08:29:52,2024-07-03 08:29:52
156603,156593,1,1,2023-11-27 09:59:20,2023-11-27 09:59:20
156634,141493,1,1,2023-11-28 05:35:46,2023-11-28 05:35:46
156656,52362,1,0,2023-12-05 21:19:57,2023-12-05 21:19:57
156660,64200,1,0,2024-05-07 17:08:40,2024-05-07 17:08:40
156660,161607,1,1,2024-05-07 17:29:59,2024-05-07 17:29:59
156669,40137,1,0,2023-11-30 20:31:18,2023-11-30 20:31:18
156669,75044,1,1,2023-11-29 02:07:21,2023-11-29 02:07:21
156673,145273,1,1,2023-11-29 08:38:50,2023-11-29 08:38:50
156724,107963,1,1,2023-12-01 05:14:51,2023-12-01 05:14:51
156749,144900,1,1,2023-12-01 21:56:37,2023-12-01 21:56:37
156798,154637,1,1,2023-12-03 13:35:15,2023-12-03 13:35:15
156799,154637,1,1,2023-12-03 14:46:34,2023-12-03 14:46:34
156832,131702,1,1,2023-12-05 02:05:11,2023-12-05 02:05:11
156877,142187,1,0,2023-12-06 11:30:50,2023-12-06 11:30:50
156899,156891,1,1,2023-12-07 03:22:53,2023-12-07 03:22:53
156908,155332,1,1,2023-12-07 07:42:00,2023-12-07 07:42:00
156965,145406,1,1,2023-12-09 05:25:54,2023-12-09 05:25:54
156965,156661,6,1,2023-12-10 05:38:40,2023-12-10 06:58:08
156965,158262,1,1,2023-12-20 23:29:07,2023-12-20 23:29:07
156987,127576,1,1,2023-12-11 09:42:35,2023-12-11 09:42:35
156987,156891,1,1,2023-12-11 09:56:24,2023-12-11 09:56:24
157002,74387,1,0,2023-12-26 08:01:39,2023-12-26 08:01:39
157004,108416,1,1,2023-12-10 23:31:26,2023-12-10 23:31:26
158071,130360,1,1,2023-12-13 08:44:27,2023-12-13 08:44:27
158147,67573,1,1,2023-12-15 20:51:05,2023-12-15 20:51:05
158218,141493,1,1,2023-12-18 15:01:31,2023-12-18 15:01:31
158247,149217,1,1,2023-12-22 15:16:33,2023-12-22 15:16:33
158259,115202,1,1,2023-12-19 12:46:14,2023-12-19 12:46:14
158261,159626,3,1,2025-10-30 13:46:35,2025-11-05 11:09:14
158261,184207,4,1,2025-06-24 13:23:47,2025-06-25 12:44:42
158261,185080,1,0,2025-07-18 14:49:08,2025-07-18 14:49:08
158261,186157,2,0,2025-09-26 21:22:31,2025-10-02 20:09:33
158261,186937,1,1,2025-09-27 16:08:29,2025-09-27 16:08:29
158261,187564,3,0,2025-10-24 13:14:50,2025-10-26 13:01:43
158318,141427,1,1,2023-12-21 22:29:37,2023-12-21 22:29:37
158340,158336,1,1,2023-12-23 02:19:55,2023-12-23 02:19:55
158356,173338,1,0,2024-11-20 15:28:52,2024-11-20 15:28:52
158381,126079,1,1,2023-12-25 14:54:06,2023-12-25 14:54:06
158417,158395,1,1,2023-12-27 09:22:34,2023-12-27 09:22:34
158423,32169,1,1,2023-12-27 12:35:10,2023-12-27 12:35:10
158452,139485,1,0,2023-12-28 18:23:30,2023-12-28 18:23:30
158560,38887,2,0,2024-01-11 13:10:41,2024-01-11 13:17:30
158560,93617,1,1,2024-02-14 15:57:43,2024-02-14 15:57:43
158560,132566,2,2,2024-01-04 09:53:19,2024-04-27 08:27:20
158564,155034,1,1,2024-01-04 12:04:03,2024-01-04 12:04:03
158570,158123,1,1,2024-01-04 15:14:57,2024-01-04 15:14:57
158613,43711,1,1,2024-01-06 03:40:03,2024-01-06 03:40:03
158613,158445,1,1,2024-01-06 03:42:05,2024-01-06 03:42:05
158613,158573,1,1,2024-01-06 03:30:07,2024-01-06 03:30:07
158613,158585,1,1,2024-01-06 03:26:06,2024-01-06 03:26:06
158613,158594,1,1,2024-01-06 03:17:43,2024-01-06 03:17:43
158643,158818,2,1,2024-02-01 22:22:57,2024-02-02 13:50:06
158643,159599,1,1,2024-02-07 13:41:48,2024-02-07 13:41:48
158643,161679,1,1,2024-04-17 20:31:13,2024-04-17 20:31:13
158645,154624,1,1,2024-01-08 00:51:09,2024-01-08 00:51:09
158757,87196,1,1,2024-01-11 15:36:23,2024-01-11 15:36:23
158757,145902,1,1,2024-02-16 10:15:42,2024-02-16 10:15:42
158757,158705,1,1,2024-01-11 15:39:30,2024-01-11 15:39:30
158798,134776,1,1,2024-01-24 17:50:29,2024-01-24 17:50:29
158798,159180,1,1,2024-01-31 16:02:32,2024-01-31 16:02:32
158900,53468,1,0,2024-01-17 06:56:54,2024-01-17 06:56:54
158997,64377,1,0,2025-09-21 20:54:23,2025-09-21 20:54:23
158997,168805,1,0,2026-01-15 14:19:19,2026-01-15 14:19:19
158997,186157,2,0,2025-08-28 14:13:42,2025-08-28 20:09:01
158997,186937,1,0,2025-09-21 20:54:42,2025-09-21 20:54:42
158997,187196,1,0,2025-10-07 20:52:40,2025-10-07 20:52:40
159007,73930,1,0,2025-08-31 06:59:58,2025-08-31 06:59:58
159007,131669,1,1,2025-10-11 09:58:19,2025-10-11 09:58:19
159007,158841,1,1,2026-03-27 09:35:19,2026-03-27 09:35:19
159007,159445,1,1,2024-11-18 18:41:22,2024-11-18 18:41:22
159007,178646,1,1,2025-04-04 09:18:17,2025-04-04 09:18:17
159007,180022,1,0,2025-04-04 09:19:57,2025-04-04 09:19:57
159007,181210,1,1,2025-05-02 19:41:03,2025-05-02 19:41:03
159008,123574,1,1,2024-01-21 21:58:11,2024-01-21 21:58:11
159123,7730,2,0,2025-08-19 16:17:06,2025-08-30 12:10:23
159123,48997,1,0,2025-09-02 05:59:56,2025-09-02 05:59:56
159123,55122,1,0,2025-08-10 10:16:10,2025-08-10 10:16:10
159123,128575,1,0,2025-04-05 13:06:24,2025-04-05 13:06:24
159123,146483,1,0,2025-09-02 06:13:12,2025-09-02 06:13:12
159123,173536,1,1,2024-11-20 20:14:49,2024-11-20 20:14:49
159123,177022,1,0,2026-02-05 20:30:47,2026-02-05 20:30:47
159123,180022,1,0,2025-04-05 13:08:32,2025-04-05 13:08:32
159123,185889,1,0,2025-10-01 19:25:08,2025-10-01 19:25:08
159135,41908,1,1,2024-01-24 07:05:24,2024-01-24 07:05:24
159167,163327,1,0,2024-06-06 09:29:13,2024-06-06 09:29:13
159229,121246,1,1,2024-01-25 16:38:33,2024-01-25 16:38:33
159260,27442,1,0,2024-01-26 13:58:03,2024-01-26 13:58:03
159260,75157,1,0,2024-10-18 12:06:49,2024-10-18 12:06:49
159260,117255,1,0,2025-07-31 20:21:10,2025-07-31 20:21:10
159260,166684,1,0,2024-10-23 13:00:36,2024-10-23 13:00:36
159260,171911,1,0,2025-08-04 18:47:59,2025-08-04 18:47:59
159429,92050,2,0,2024-01-31 11:55:11,2024-01-31 11:58:40
159437,159180,1,1,2024-01-31 15:17:49,2024-01-31 15:17:49
159440,150774,1,1,2024-02-13 15:22:59,2024-02-13 15:22:59
159484,159482,1,1,2024-02-02 05:34:00,2024-02-02 05:34:00
159495,159489,1,1,2024-02-02 19:10:53,2024-02-02 19:10:53
159524,132995,1,1,2024-02-04 12:46:57,2024-02-04 12:46:57
159539,119810,1,1,2024-02-05 06:54:38,2024-02-05 06:54:38
159580,77938,1,0,2024-02-06 10:22:28,2024-02-06 10:22:28
159646,303,1,1,2024-02-08 15:13:14,2024-02-08 15:13:14
159684,132585,1,0,2024-02-10 06:42:10,2024-02-10 06:42:10
159733,151203,1,1,2024-02-12 17:16:50,2024-02-12 17:16:50
159744,3315,1,1,2024-02-13 05:40:33,2024-02-13 05:40:33
159808,96729,1,1,2024-02-16 04:02:24,2024-02-16 04:02:24
159853,10814,1,1,2024-11-25 02:27:58,2024-11-25 02:27:58
159853,41908,1,1,2024-07-20 18:10:28,2024-07-20 18:10:28
159853,93617,5,2,2024-11-17 16:09:52,2024-12-08 14:38:29
159853,171036,5,1,2024-10-28 02:43:49,2024-10-28 23:04:12
159853,171712,1,1,2024-10-28 03:03:25,2024-10-28 03:03:25
159853,171837,1,1,2024-10-26 16:54:28,2024-10-26 16:54:28
159853,171890,1,1,2024-10-26 18:24:03,2024-10-26 18:24:03
159858,159852,1,1,2024-02-18 21:47:48,2024-02-18 21:47:48
159867,93836,1,0,2024-02-19 05:50:24,2024-02-19 05:50:24
160025,136304,1,1,2024-02-27 10:12:23,2024-02-27 10:12:23
161086,123340,1,1,2024-02-26 18:22:05,2024-02-26 18:22:05
161128,58155,1,0,2024-02-28 11:32:32,2024-02-28 11:32:32
161217,148603,1,1,2024-03-03 02:31:10,2024-03-03 02:31:10
161231,117697,1,1,2024-03-04 04:56:19,2024-03-04 04:56:19
161235,93617,1,1,2024-03-04 09:51:38,2024-03-04 09:51:38
161280,125222,1,1,2024-03-05 23:38:58,2024-03-05 23:38:58
161296,145110,1,1,2024-03-06 10:20:31,2024-03-06 10:20:31
161330,163804,1,0,2024-10-24 12:10:32,2024-10-24 12:10:32
161330,165095,1,1,2024-07-05 15:32:22,2024-07-05 15:32:22
161330,165112,1,1,2024-07-05 12:56:56,2024-07-05 12:56:56
161415,163037,1,1,2024-05-28 18:04:58,2024-05-28 18:04:58
161432,1330,1,0,2024-03-12 13:14:00,2024-03-12 13:14:00
161451,113836,1,1,2024-03-13 03:30:20,2024-03-13 03:30:20
161468,145766,1,0,2024-03-13 21:05:44,2024-03-13 21:05:44
161471,145766,1,0,2024-03-13 22:05:48,2024-03-13 22:05:48
161483,145766,1,1,2024-03-14 09:50:14,2024-03-14 09:50:14
161483,161503,1,0,2024-03-15 09:23:33,2024-03-15 09:23:33
161503,161483,1,0,2024-03-14 20:50:59,2024-03-14 20:50:59
161507,161503,1,0,2024-03-15 00:24:28,2024-03-15 00:24:28
161508,140484,1,1,2024-03-15 01:03:10,2024-03-15 01:03:10
161521,145766,1,1,2024-03-15 13:48:05,2024-03-15 13:48:05
161530,161499,1,1,2024-03-15 18:36:14,2024-03-15 18:36:14
161531,2853,1,0,2025-08-06 16:54:41,2025-08-06 16:54:41
161531,137136,1,0,2025-08-07 13:50:58,2025-08-07 13:50:58
161531,145766,1,1,2024-03-15 20:28:31,2024-03-15 20:28:31
161531,164133,2,0,2025-05-01 14:27:01,2025-05-02 15:05:08
161531,176736,1,0,2025-11-04 21:08:54,2025-11-04 21:08:54
161531,178646,1,1,2025-04-30 21:25:20,2025-04-30 21:25:20
161531,181012,3,0,2025-05-01 19:33:54,2025-05-01 20:14:37
161534,145766,1,0,2024-03-15 23:09:28,2024-03-15 23:09:28
161639,162878,1,1,2024-08-20 10:24:02,2024-08-20 10:24:02
161641,161503,1,0,2024-03-19 19:26:10,2024-03-19 19:26:10
161676,161301,1,1,2024-03-21 11:00:57,2024-03-21 11:00:57
161709,165052,1,1,2024-07-29 07:55:52,2024-07-29 07:55:52
161730,91724,1,0,2026-01-28 15:37:54,2026-01-28 15:37:54
161730,174591,1,0,2024-12-09 12:44:26,2024-12-09 12:44:26
161730,179724,1,0,2025-03-27 20:41:58,2025-03-27 20:41:58
161793,137530,1,0,2024-03-26 10:23:18,2024-03-26 10:23:18
161798,117151,1,1,2024-03-26 14:05:26,2024-03-26 14:05:26
161803,179252,1,1,2025-03-23 10:04:27,2025-03-23 10:04:27
161871,1330,1,0,2024-04-27 17:40:22,2024-04-27 17:40:22
161901,133121,1,1,2024-03-30 19:12:31,2024-03-30 19:12:31
162039,14675,1,0,2024-04-05 13:20:16,2024-04-05 13:20:16
162039,156208,1,1,2024-04-05 13:14:12,2024-04-05 13:14:12
162060,162970,1,1,2024-05-17 08:57:35,2024-05-17 08:57:35
162091,57453,1,0,2024-04-07 20:53:38,2024-04-07 20:53:38
162119,126327,1,0,2024-06-04 17:38:17,2024-06-04 17:38:17
162134,159754,1,1,2024-04-09 21:38:15,2024-04-09 21:38:15
162140,120468,1,0,2024-04-10 03:25:04,2024-04-10 03:25:04
162154,131342,1,1,2024-04-10 16:06:29,2024-04-10 16:06:29
162171,93617,1,1,2024-04-11 13:30:46,2024-04-11 13:30:46
162220,123408,1,1,2024-04-13 00:45:18,2024-04-13 00:45:18
162255,161422,1,1,2024-04-14 18:50:24,2024-04-14 18:50:24
162345,158380,1,1,2024-05-28 07:47:19,2024-05-28 07:47:19
162345,162348,1,1,2024-04-30 14:42:49,2024-04-30 14:42:49
162345,162532,2,1,2024-04-30 14:37:29,2024-05-02 04:07:23
162370,88390,1,0,2024-04-19 12:47:48,2024-04-19 12:47:48
162389,162462,2,1,2024-04-25 04:03:19,2024-04-26 16:36:19
162399,135149,1,1,2024-04-20 17:06:45,2024-04-20 17:06:45
162473,162503,1,1,2024-04-25 12:44:19,2024-04-25 12:44:19
162474,162210,1,1,2024-04-24 08:44:54,2024-04-24 08:44:54
162474,162438,1,1,2024-04-24 08:25:27,2024-04-24 08:25:27
162474,162477,1,1,2024-04-25 00:44:43,2024-04-25 00:44:43
162498,79690,1,1,2024-04-25 04:55:29,2024-04-25 04:55:29
162509,183989,1,0,2025-08-28 14:07:35,2025-08-28 14:07:35
162575,162535,1,1,2024-04-29 06:17:02,2024-04-29 06:17:02
162661,161432,1,1,2024-05-02 15:24:53,2024-05-02 15:24:53
162682,151856,1,1,2024-05-03 07:51:49,2024-05-03 07:51:49
162758,162736,1,1,2024-05-07 19:54:19,2024-05-07 19:54:19
162767,151885,1,0,2024-05-07 11:28:31,2024-05-07 11:28:31
162775,159743,1,1,2024-05-07 20:28:15,2024-05-07 20:28:15
162793,162761,1,1,2024-05-08 09:15:35,2024-05-08 09:15:35
162851,142178,1,1,2024-05-10 12:12:36,2024-05-10 12:12:36
162878,101526,3,1,2024-06-12 22:01:17,2024-06-13 05:35:16
162914,162965,3,0,2024-05-16 06:30:18,2024-05-16 07:25:09
162914,162980,1,1,2024-05-16 06:02:16,2024-05-16 06:02:16
162925,10338,1,1,2024-06-05 18:27:43,2024-06-05 18:27:43
162925,140592,2,1,2024-06-06 07:33:16,2024-06-07 18:35:30
162925,161188,1,1,2024-06-05 18:34:18,2024-06-05 18:34:18
162925,162913,1,1,2024-05-13 17:38:28,2024-05-13 17:38:28
162925,164232,1,1,2024-06-20 04:24:56,2024-06-20 04:24:56
162961,155367,1,1,2025-10-25 15:04:41,2025-10-25 15:04:41
162963,159233,2,0,2024-05-15 12:21:45,2024-05-15 12:22:55
162963,161611,1,0,2024-05-15 12:07:34,2024-05-15 12:07:34
162990,130836,1,1,2024-05-16 12:20:17,2024-05-16 12:20:17
163006,161987,1,1,2024-05-17 18:59:37,2024-05-17 18:59:37
163046,153666,1,1,2024-05-19 14:46:54,2024-05-19 14:46:54
163067,155979,1,0,2024-05-20 15:02:11,2024-05-20 15:02:11
163090,186961,1,1,2025-09-24 07:50:45,2025-09-24 07:50:45
163146,163135,2,1,2024-05-24 19:44:53,2024-05-25 19:52:38
163151,177022,1,0,2025-02-07 02:35:06,2025-02-07 02:35:06
163218,162898,1,1,2024-05-28 16:33:17,2024-05-28 16:33:17
163255,110932,1,1,2024-05-30 14:29:10,2024-05-30 14:29:10
163324,87028,1,1,2024-06-03 05:01:19,2024-06-03 05:01:19
163325,134416,1,0,2024-06-03 07:17:31,2024-06-03 07:17:31
163410,149465,1,1,2024-06-05 22:51:12,2024-06-05 22:51:12
163514,119063,1,1,2024-06-07 08:42:28,2024-06-07 08:42:28
163593,112548,1,1,2024-06-08 20:00:40,2024-06-08 20:00:40
163776,29157,2,1,2024-06-17 09:26:12,2024-06-17 19:26:23
163776,100453,1,1,2024-06-16 16:02:58,2024-06-16 16:02:58
163776,101226,1,1,2024-06-18 06:37:24,2024-06-18 06:37:24
163776,123313,1,1,2024-06-17 20:28:27,2024-06-17 20:28:27
163776,143985,1,1,2024-06-12 08:34:47,2024-06-12 08:34:47
163776,163650,1,1,2024-06-17 05:03:10,2024-06-17 05:03:10
163776,164155,2,1,2024-06-18 18:45:29,2024-06-19 04:58:26
163873,21072,1,1,2024-08-12 18:11:34,2024-08-12 18:11:34
163873,120630,1,1,2024-08-12 19:32:16,2024-08-12 19:32:16
163873,120915,1,1,2024-08-06 04:46:33,2024-08-06 04:46:33
163873,158944,1,1,2024-06-13 12:19:18,2024-06-13 12:19:18
163946,166550,1,1,2024-08-02 12:03:14,2024-08-02 12:03:14
163946,166636,2,1,2024-08-02 14:30:37,2024-08-05 11:45:15
163993,101226,1,1,2024-06-17 11:30:47,2024-06-17 11:30:47
163993,147573,1,1,2024-06-26 18:21:47,2024-06-26 18:21:47
163993,163914,1,1,2024-06-15 23:53:15,2024-06-15 23:53:15
163993,164204,1,0,2024-06-20 00:45:08,2024-06-20 00:45:08
163993,166461,1,0,2024-08-20 23:29:21,2024-08-20 23:29:21
163993,167582,1,1,2024-08-20 23:31:40,2024-08-20 23:31:40
164037,120924,1,1,2024-06-16 19:24:34,2024-06-16 19:24:34
164133,6550,1,0,2025-03-10 09:46:19,2025-03-10 09:46:19
164133,38887,1,0,2025-09-25 06:59:46,2025-09-25 06:59:46
164133,39982,1,0,2025-04-16 14:39:42,2025-04-16 14:39:42
164133,64377,1,0,2025-03-19 18:16:30,2025-03-19 18:16:30
164133,91724,1,0,2026-01-26 14:58:35,2026-01-26 14:58:35
164133,93617,1,1,2025-04-27 10:30:32,2025-04-27 10:30:32
164133,103259,1,0,2025-05-13 06:53:20,2025-05-13 06:53:20
164133,137136,1,0,2025-04-01 10:53:06,2025-04-01 10:53:06
164133,137159,1,0,2025-03-29 19:40:42,2025-03-29 19:40:42
164133,142950,1,1,2025-05-21 12:31:16,2025-05-21 12:31:16
164133,161531,4,0,2025-05-01 08:00:43,2025-05-02 19:41:23
164133,168592,1,1,2025-08-14 14:09:39,2025-08-14 14:09:39
164133,168657,1,0,2025-06-03 12:19:26,2025-06-03 12:19:26
164133,171145,3,0,2025-03-12 10:03:55,2025-03-15 10:15:11
164133,175858,2,0,2025-03-30 07:38:57,2025-03-30 15:16:46
164133,176787,1,0,2025-03-26 08:27:30,2025-03-26 08:27:30
164133,176948,1,0,2025-04-02 18:16:05,2025-04-02 18:16:05
164133,177287,2,1,2025-03-11 07:40:44,2025-03-13 11:42:59
164133,178646,2,1,2025-04-26 08:09:07,2025-04-30 11:27:08
164133,178892,1,0,2025-03-10 12:49:07,2025-03-10 12:49:07
164133,179091,3,1,2025-03-18 20:34:35,2025-03-19 20:05:23
164133,179113,2,2,2025-03-27 20:06:33,2025-04-01 05:11:59
164133,179115,1,0,2025-03-19 07:55:40,2025-03-19 07:55:40
164133,179129,1,0,2025-03-27 20:09:44,2025-03-27 20:09:44
164133,179256,1,0,2025-03-27 19:55:28,2025-03-27 19:55:28
164133,179361,1,0,2025-03-27 19:44:37,2025-03-27 19:44:37
164133,179739,1,0,2025-03-27 19:40:49,2025-03-27 19:40:49
164133,179939,1,0,2025-03-31 13:24:49,2025-03-31 13:24:49
164133,180022,2,0,2025-04-03 10:54:49,2025-04-03 11:36:55
164133,180052,1,0,2025-04-02 05:25:32,2025-04-02 05:25:32
164133,180495,1,0,2025-04-11 19:09:49,2025-04-11 19:09:49
164133,180957,1,0,2025-04-29 12:00:43,2025-04-29 12:00:43
164133,181050,1,1,2025-04-28 15:25:04,2025-04-28 15:25:04
164133,181096,1,0,2025-05-01 08:41:00,2025-05-01 08:41:00
164133,181313,1,0,2025-05-05 15:06:21,2025-05-05 15:06:21
164133,181475,3,0,2025-05-22 05:34:02,2025-05-27 07:54:03
164133,185410,3,1,2025-08-13 08:52:28,2025-08-15 12:04:23
164133,186157,5,2,2025-08-26 20:57:30,2025-09-22 20:39:23
164133,186896,1,0,2025-09-23 07:09:22,2025-09-23 07:09:22
164133,189706,1,0,2025-11-05 13:27:15,2025-11-05 13:27:15
164133,190398,1,0,2025-12-09 08:35:56,2025-12-09 08:35:56
164133,190503,2,1,2025-12-09 10:11:16,2025-12-12 08:02:30
164133,190551,1,0,2025-12-09 08:38:40,2025-12-09 08:38:40
164133,190628,1,0,2025-12-18 10:14:58,2025-12-18 10:14:58
164133,193094,1,0,2026-04-02 07:05:29,2026-04-02 07:05:29
164133,193405,1,0,2026-04-30 09:22:10,2026-04-30 09:22:10
164204,46293,2,1,2024-06-19 12:06:39,2024-06-19 13:39:08
164217,144518,1,1,2024-06-19 15:17:26,2024-06-19 15:17:26
164269,103063,1,0,2024-06-20 14:08:01,2024-06-20 14:08:01
164728,155081,1,1,2024-06-28 19:34:36,2024-06-28 19:34:36
165101,131438,1,0,2024-07-05 08:13:24,2024-07-05 08:13:24
165321,35479,1,1,2024-07-16 18:59:09,2024-07-16 18:59:09
165321,41908,2,1,2024-07-15 20:04:49,2024-07-16 12:44:17
165321,107895,1,1,2024-07-16 18:31:48,2024-07-16 18:31:48
165321,162882,1,1,2024-07-09 17:27:47,2024-07-09 17:27:47
165321,165264,1,1,2024-07-15 20:44:55,2024-07-15 20:44:55
165321,165573,2,0,2024-07-15 20:26:23,2024-07-19 14:15:23
165488,142710,1,1,2024-07-12 11:58:39,2024-07-12 11:58:39
165503,99761,1,1,2024-07-12 21:47:02,2024-07-12 21:47:02
165524,165188,1,0,2024-07-13 10:38:58,2024-07-13 10:38:58
165619,153147,1,1,2024-07-15 18:50:11,2024-07-15 18:50:11
165820,165819,1,1,2024-07-18 21:29:17,2024-07-18 21:29:17
165837,139802,1,1,2024-07-19 05:25:21,2024-07-19 05:25:21
165901,177282,1,1,2025-02-03 16:49:02,2025-02-03 16:49:02
165907,158221,1,1,2024-07-20 19:00:02,2024-07-20 19:00:02
165960,53468,1,1,2024-07-21 22:26:33,2024-07-21 22:26:33
166298,166282,1,1,2024-07-27 15:41:23,2024-07-27 15:41:23
166329,117984,1,1,2024-07-28 08:13:53,2024-07-28 08:13:53
166440,95046,4,1,2024-08-06 05:02:23,2024-08-14 10:02:36
166440,162761,1,1,2024-07-30 05:36:03,2024-07-30 05:36:03
166493,150598,1,0,2024-07-31 00:45:42,2024-07-31 00:45:42
166684,126466,1,1,2024-08-03 03:22:05,2024-08-03 03:22:05
166692,180649,1,1,2025-04-29 15:47:58,2025-04-29 15:47:58
166958,67219,1,1,2024-08-08 03:45:57,2024-08-08 03:45:57
167047,167033,1,1,2024-08-09 12:20:51,2024-08-09 12:20:51
167167,146021,1,1,2024-09-15 00:14:11,2024-09-15 00:14:11
167190,125363,1,1,2024-08-16 18:22:12,2024-08-16 18:22:12
167190,167029,1,1,2024-08-12 13:41:00,2024-08-12 13:41:00
167190,167047,1,1,2024-08-12 13:08:53,2024-08-12 13:08:53
167190,167205,1,1,2024-08-13 14:15:04,2024-08-13 14:15:04
167190,167331,1,1,2024-08-16 18:49:50,2024-08-16 18:49:50
167226,165471,1,0,2024-09-15 01:35:04,2024-09-15 01:35:04
167433,79195,1,1,2024-09-08 00:44:05,2024-09-08 00:44:05
167433,91280,1,1,2024-08-20 20:46:00,2024-08-20 20:46:00
167433,95046,1,1,2024-08-21 18:13:51,2024-08-21 18:13:51
167433,119746,1,1,2024-08-21 01:08:17,2024-08-21 01:08:17
167433,158883,1,1,2024-08-16 23:25:20,2024-08-16 23:25:20
167433,162878,1,1,2024-08-16 23:38:22,2024-08-16 23:38:22
167433,163810,1,1,2024-08-17 00:16:23,2024-08-17 00:16:23
167433,166712,1,1,2024-08-17 00:01:52,2024-08-17 00:01:52
167433,167269,1,1,2024-08-16 19:43:19,2024-08-16 19:43:19
167433,167485,1,1,2024-08-19 14:42:55,2024-08-19 14:42:55
167433,167501,1,1,2024-08-18 23:24:26,2024-08-18 23:24:26
167433,167582,1,1,2024-08-20 20:54:24,2024-08-20 20:54:24
167433,167727,1,1,2024-08-23 14:41:39,2024-08-23 14:41:39
167433,168245,1,1,2024-08-30 21:01:50,2024-08-30 21:01:50
167433,168437,1,1,2024-09-04 01:04:03,2024-09-04 01:04:03
167433,168559,1,1,2024-09-06 20:31:16,2024-09-06 20:31:16
167433,168926,1,1,2024-09-14 18:56:13,2024-09-14 18:56:13
167433,169106,1,1,2024-09-18 01:56:58,2024-09-18 01:56:58
167471,138437,1,0,2024-08-17 17:28:52,2024-08-17 17:28:52
167517,164944,1,1,2025-01-26 07:52:24,2025-01-26 07:52:24
167517,173564,4,1,2025-02-02 07:40:42,2025-02-08 05:11:57
167517,175858,2,2,2025-01-26 07:32:50,2025-01-26 17:07:28
167517,177022,1,1,2025-02-02 07:48:57,2025-02-02 07:48:57
167517,177169,1,1,2025-02-02 07:45:24,2025-02-02 07:45:24
167578,166553,1,1,2024-08-19 21:35:41,2024-08-19 21:35:41
168042,80601,1,1,2024-08-27 14:35:16,2024-08-27 14:35:16
168101,168097,1,1,2024-08-28 22:16:06,2024-08-28 22:16:06
168111,21,1,0,2024-09-03 16:03:19,2024-09-03 16:03:19
168111,25984,1,1,2024-09-17 17:51:57,2024-09-17 17:51:57
168111,49589,1,1,2024-09-02 17:58:37,2024-09-02 17:58:37
168111,147902,1,1,2024-09-13 07:10:21,2024-09-13 07:10:21
168111,167695,1,1,2024-09-03 19:13:38,2024-09-03 19:13:38
168111,168099,2,1,2024-08-29 18:19:43,2024-08-31 13:39:30
168111,168131,1,1,2024-08-29 17:22:30,2024-08-29 17:22:30
168111,168169,1,1,2024-08-29 17:58:32,2024-08-29 17:58:32
168111,168331,1,1,2024-09-02 14:35:42,2024-09-02 14:35:42
168177,64377,1,0,2025-07-24 17:46:57,2025-07-24 17:46:57
168220,153666,1,1,2024-08-30 08:42:28,2024-08-30 08:42:28
168283,128721,1,1,2024-08-31 18:47:08,2024-08-31 18:47:08
168342,29042,1,1,2024-09-02 09:42:26,2024-09-02 09:42:26
168367,165131,1,1,2024-09-02 15:09:05,2024-09-02 15:09:05
168368,138326,1,1,2024-10-11 13:47:48,2024-10-11 13:47:48
168469,162878,1,1,2024-09-04 09:32:07,2024-09-04 09:32:07
168617,156169,1,1,2024-09-07 06:38:19,2024-09-07 06:38:19
168681,55122,2,0,2025-05-25 11:39:22,2025-05-25 11:45:42
168681,141085,1,1,2024-09-08 19:55:08,2024-09-08 19:55:08
169077,169075,1,1,2024-09-15 19:44:53,2024-09-15 19:44:53
169183,169179,1,1,2024-09-18 00:11:36,2024-09-18 00:11:36
169207,161853,1,1,2024-09-27 05:45:02,2024-09-27 05:45:02
169207,165633,1,1,2024-09-27 08:43:12,2024-09-27 08:43:12
169207,169644,1,1,2024-09-27 06:45:28,2024-09-27 06:45:28
169272,137882,1,1,2024-09-19 12:05:02,2024-09-19 12:05:02
169660,169644,1,1,2024-09-25 16:12:35,2024-09-25 16:12:35
169668,158824,1,1,2024-09-25 17:37:29,2024-09-25 17:37:29
169684,169644,1,1,2024-09-25 22:28:20,2024-09-25 22:28:20
169815,163278,1,1,2024-09-27 14:37:19,2024-09-27 14:37:19
169815,169284,1,1,2024-09-27 15:01:09,2024-09-27 15:01:09
169865,151620,1,1,2024-09-28 05:54:57,2024-09-28 05:54:57
170191,111642,1,1,2024-10-02 19:02:16,2024-10-02 19:02:16
170246,150257,7,2,2025-04-08 11:43:50,2025-04-10 08:54:59
170246,180221,2,1,2025-04-09 09:56:40,2025-04-21 11:05:33
170264,150535,1,1,2024-10-03 16:35:23,2024-10-03 16:35:23
170277,170151,1,1,2024-10-03 18:05:13,2024-10-03 18:05:13
170570,116240,1,1,2024-10-07 21:20:51,2024-10-07 21:20:51
170708,109715,2,1,2024-10-09 13:59:28,2024-10-11 07:38:59
170708,171036,4,1,2024-10-21 06:49:45,2024-10-21 12:17:00
170708,171188,1,1,2024-10-17 11:26:54,2024-10-17 11:26:54
170708,171916,1,1,2024-10-27 09:56:55,2024-10-27 09:56:55
170774,111618,1,1,2024-10-10 14:06:07,2024-10-10 14:06:07
170774,170722,1,1,2024-10-10 16:06:02,2024-10-10 16:06:02
170830,124876,1,1,2024-10-11 07:17:41,2024-10-11 07:17:41
171337,156673,1,0,2024-10-21 14:30:26,2024-10-21 14:30:26
171667,166033,1,1,2024-10-23 09:11:00,2024-10-23 09:11:00
171727,126367,1,1,2024-10-24 08:40:21,2024-10-24 08:40:21
171766,162559,1,1,2024-10-24 18:22:22,2024-10-24 18:22:22
171911,108739,1,1,2024-10-27 00:55:16,2024-10-27 00:55:16
171969,168202,1,1,2024-10-28 09:47:34,2024-10-28 09:47:34
171969,171916,1,1,2024-10-28 09:15:05,2024-10-28 09:15:05
171969,171928,1,1,2024-10-28 09:07:02,2024-10-28 09:07:02
171978,153666,1,1,2024-10-28 10:18:28,2024-10-28 10:18:28
172065,142710,1,1,2024-10-29 11:44:48,2024-10-29 11:44:48
172280,122762,1,1,2024-11-01 22:35:11,2024-11-01 22:35:11
172416,7730,1,0,2025-09-14 20:48:12,2025-09-14 20:48:12
172416,73930,1,0,2025-12-20 22:47:11,2025-12-20 22:47:11
172416,85422,1,0,2025-07-29 17:45:09,2025-07-29 17:45:09
172416,90226,1,0,2025-04-12 13:11:45,2025-04-12 13:11:45
172416,93617,1,1,2024-11-19 18:59:49,2024-11-19 18:59:49
172416,120910,1,0,2025-04-02 09:09:06,2025-04-02 09:09:06
172416,153809,4,0,2025-02-10 14:25:12,2025-02-10 15:58:12
172416,159445,1,0,2025-02-17 11:07:57,2025-02-17 11:07:57
172416,179129,1,0,2025-04-02 09:36:51,2025-04-02 09:36:51
172416,180064,1,0,2025-04-02 09:04:22,2025-04-02 09:04:22
172416,185698,2,0,2025-09-21 19:54:57,2025-09-21 19:55:54
172510,158263,1,1,2024-11-05 13:14:01,2024-11-05 13:14:01
172627,145923,1,1,2024-11-07 00:18:43,2024-11-07 00:18:43
172712,165997,1,1,2024-11-18 05:48:07,2024-11-18 05:48:07
172969,164727,1,1,2024-11-12 15:53:17,2024-11-12 15:53:17
172969,172930,1,1,2024-11-12 14:42:33,2024-11-12 14:42:33
172972,162304,1,1,2024-11-12 14:35:03,2024-11-12 14:35:03
173185,161848,1,1,2024-11-15 00:48:17,2024-11-15 00:48:17
173270,98775,1,1,2024-11-16 08:34:58,2024-11-16 08:34:58
173315,102624,1,0,2024-11-17 06:29:12,2024-11-17 06:29:12
173335,7730,2,0,2024-11-17 13:51:59,2025-01-11 02:19:16
173335,176787,2,0,2025-03-19 11:18:38,2025-03-19 11:20:14
173335,179113,1,1,2025-03-19 11:26:59,2025-03-19 11:26:59
173383,117151,1,1,2024-11-18 11:07:15,2024-11-18 11:07:15
173398,112583,1,1,2024-11-18 15:38:31,2024-11-18 15:38:31
173404,62642,1,0,2026-02-25 13:57:12,2026-02-25 13:57:12
173404,171036,2,1,2025-12-15 15:36:05,2025-12-15 15:49:24
173404,182011,7,3,2025-12-03 17:47:30,2026-01-14 14:28:52
173404,189913,1,1,2026-01-13 13:47:44,2026-01-13 13:47:44
173404,192534,1,1,2026-02-13 22:38:25,2026-02-13 22:38:25
173404,192619,1,1,2026-02-19 17:19:28,2026-02-19 17:19:28
173404,192664,2,1,2026-02-23 20:56:54,2026-02-24 13:21:32
173404,192684,1,0,2026-02-25 14:01:53,2026-02-25 14:01:53
173404,193899,8,1,2026-06-30 20:19:34,2026-07-17 19:02:33
173417,7730,1,0,2024-11-19 15:27:22,2024-11-19 15:27:22
173540,93617,1,1,2024-11-20 13:13:16,2024-11-20 13:13:16
173783,10814,1,1,2024-11-25 02:58:07,2024-11-25 02:58:07
173876,76756,1,1,2024-11-26 16:12:46,2024-11-26 16:12:46
174624,159725,1,1,2024-12-10 07:48:40,2024-12-10 07:48:40
174624,173564,2,1,2024-12-10 00:28:09,2024-12-17 09:38:34
174624,175064,1,1,2024-12-25 13:38:57,2024-12-25 13:38:57
174659,168027,1,1,2024-12-09 19:14:42,2024-12-09 19:14:42
174769,65027,1,1,2025-01-27 12:49:57,2025-01-27 12:49:57
174858,52994,1,1,2024-12-12 20:26:48,2024-12-12 20:26:48
174858,69263,4,0,2024-12-17 11:09:04,2024-12-18 03:21:36
174858,102713,1,1,2024-12-17 11:16:23,2024-12-17 11:16:23
174858,108251,1,1,2024-12-12 20:23:10,2024-12-12 20:23:10
174858,153746,1,1,2025-04-04 15:43:04,2025-04-04 15:43:04
174859,61991,1,1,2024-12-12 21:21:53,2024-12-12 21:21:53
174930,174922,1,1,2024-12-14 02:43:40,2024-12-14 02:43:40
175033,143451,1,1,2024-12-16 11:27:55,2024-12-16 11:27:55
175204,175199,1,0,2024-12-20 00:04:41,2024-12-20 00:04:41
175334,39982,1,1,2024-12-23 13:29:57,2024-12-23 13:29:57
175432,166684,1,0,2024-12-25 21:44:10,2024-12-25 21:44:10
175526,303,2,1,2024-12-28 03:06:59,2024-12-28 05:23:13
175578,155343,1,1,2024-12-29 20:43:29,2024-12-29 20:43:29
175683,177265,1,1,2025-02-03 12:44:23,2025-02-03 12:44:23
175694,176518,1,1,2025-01-18 22:25:05,2025-01-18 22:25:05
175783,93617,1,1,2025-01-12 20:34:50,2025-01-12 20:34:50
175783,153809,1,1,2025-01-04 03:45:01,2025-01-04 03:45:01
175783,174148,1,1,2025-01-12 20:39:22,2025-01-12 20:39:22
175783,175459,4,1,2025-01-04 04:42:10,2025-01-28 19:15:49
175783,175615,1,1,2025-01-04 04:18:47,2025-01-04 04:18:47
175783,175694,4,1,2025-01-04 04:08:46,2025-01-12 20:24:11
175783,175804,1,1,2025-01-04 17:04:59,2025-01-04 17:04:59
175783,176165,1,1,2025-01-12 20:17:34,2025-01-12 20:17:34
175930,62610,1,0,2025-01-07 08:45:35,2025-01-07 08:45:35
176071,175719,1,1,2025-01-09 15:32:21,2025-01-09 15:32:21
176076,175310,1,1,2025-01-09 16:39:58,2025-01-09 16:39:58
176131,148910,1,1,2025-09-17 22:38:38,2025-09-17 22:38:38
176131,175310,1,1,2025-01-11 16:33:06,2025-01-11 16:33:06
176146,134086,1,1,2025-01-15 08:07:09,2025-01-15 08:07:09
176146,176314,1,1,2025-01-15 10:55:09,2025-01-15 10:55:09
176146,176378,1,1,2025-01-15 18:45:45,2025-01-15 18:45:45
176146,176412,1,1,2025-01-16 11:52:55,2025-01-16 11:52:55
176360,105865,1,1,2025-01-15 12:02:20,2025-01-15 12:02:20
176379,142710,1,1,2025-01-15 16:38:41,2025-01-15 16:38:41
176426,136877,1,1,2025-04-11 14:44:26,2025-04-11 14:44:26
176787,303,2,0,2025-05-13 04:00:54,2025-05-13 15:19:25
176787,7730,5,0,2025-02-27 06:44:27,2025-09-03 03:09:30
176787,12536,1,1,2025-02-13 16:18:01,2025-02-13 16:18:01
176787,15406,1,1,2025-05-27 10:10:48,2025-05-27 10:10:48
176787,37140,1,0,2025-09-03 03:10:34,2025-09-03 03:10:34
176787,38887,1,0,2025-09-09 08:55:27,2025-09-09 08:55:27
176787,58433,1,0,2025-02-12 17:42:56,2025-02-12 17:42:56
176787,68274,1,0,2025-02-12 17:38:34,2025-02-12 17:38:34
176787,70546,1,0,2025-09-12 07:18:58,2025-09-12 07:18:58
176787,80172,1,0,2025-04-02 03:15:43,2025-04-02 03:15:43
176787,85443,2,1,2025-02-08 19:04:51,2025-02-12 17:30:23
176787,93617,3,1,2025-03-25 04:17:51,2025-04-09 16:13:01
176787,117255,1,0,2025-04-06 15:37:36,2025-04-06 15:37:36
176787,119938,1,1,2025-02-12 17:58:18,2025-02-12 17:58:18
176787,127195,1,0,2025-09-03 09:28:01,2025-09-03 09:28:01
176787,128575,1,0,2025-04-06 15:28:12,2025-04-06 15:28:12
176787,139223,3,0,2025-04-11 20:09:02,2025-04-13 04:23:04
176787,141542,1,0,2025-02-26 17:21:31,2025-02-26 17:21:31
176787,142950,1,1,2025-05-20 09:55:55,2025-05-20 09:55:55
176787,144741,2,0,2025-04-01 12:29:25,2025-04-02 03:11:26
176787,155068,1,0,2025-04-20 06:47:13,2025-04-20 06:47:13
176787,159445,1,1,2025-02-07 23:32:52,2025-02-07 23:32:52
176787,167161,1,1,2025-05-15 14:23:15,2025-05-15 14:23:15
176787,170257,2,1,2025-02-19 10:11:51,2025-02-21 17:17:21
176787,174028,1,1,2025-02-13 16:20:33,2025-02-13 16:20:33
176787,175632,1,1,2025-02-17 12:27:48,2025-02-17 12:27:48
176787,175694,1,1,2025-01-23 19:46:23,2025-01-23 19:46:23
176787,176526,1,1,2025-01-23 19:40:43,2025-01-23 19:40:43
176787,176948,3,2,2025-01-28 14:47:11,2025-04-03 16:07:28
176787,176962,1,1,2025-01-28 14:53:27,2025-01-28 14:53:27
176787,177472,1,1,2025-02-07 23:35:46,2025-02-07 23:35:46
176787,177524,1,1,2025-02-07 23:12:51,2025-02-07 23:12:51
176787,177985,1,1,2025-02-19 10:15:41,2025-02-19 10:15:41
176787,178438,2,0,2025-02-27 06:51:08,2025-02-27 17:22:16
176787,178646,2,1,2025-03-27 15:19:20,2025-05-16 03:40:50
176787,179113,1,1,2025-03-29 04:39:23,2025-03-29 04:39:23
176787,179199,1,0,2025-03-23 15:28:10,2025-03-23 15:28:10
176787,179382,2,1,2025-03-25 04:12:46,2025-03-25 14:16:12
176787,179592,1,0,2025-03-26 13:59:52,2025-03-26 13:59:52
176787,179639,1,1,2025-03-27 01:43:32,2025-03-27 01:43:32
176787,179739,1,0,2025-03-28 14:20:18,2025-03-28 14:20:18
176787,179977,2,0,2025-03-31 14:29:39,2025-04-01 06:48:17
176787,180064,1,0,2025-04-02 09:49:03,2025-04-02 09:49:03
176787,180276,1,1,2025-04-09 16:30:46,2025-04-09 16:30:46
176787,180417,1,0,2025-04-15 04:33:27,2025-04-15 04:33:27
176787,180486,1,0,2025-04-12 06:20:48,2025-04-12 06:20:48
176787,180495,1,0,2025-04-12 06:17:32,2025-04-12 06:17:32
176787,180502,1,0,2025-04-12 06:15:41,2025-04-12 06:15:41
176787,180616,2,0,2025-04-15 04:16:49,2025-04-15 04:18:38
176787,180677,1,0,2025-04-25 13:44:55,2025-04-25 13:44:55
176787,180728,1,0,2025-04-18 12:58:38,2025-04-18 12:58:38
176787,181349,1,1,2025-06-02 01:06:55,2025-06-02 01:06:55
176787,181475,1,0,2025-05-12 05:31:26,2025-05-12 05:31:26
176787,181551,1,1,2025-05-12 05:29:17,2025-05-12 05:29:17
176787,181818,1,0,2025-05-15 03:18:38,2025-05-15 03:18:38
176787,182011,2,2,2025-05-17 04:27:34,2025-12-01 09:34:48
176787,182199,1,0,2025-05-20 09:50:16,2025-05-20 09:50:16
176787,183576,4,1,2025-06-01 10:07:16,2025-06-12 10:23:10
176787,183750,1,0,2025-06-07 12:53:24,2025-06-07 12:53:24
176787,183835,1,0,2025-06-11 13:48:43,2025-06-11 13:48:43
176787,183987,2,1,2025-08-21 11:07:46,2025-08-29 00:41:24
176787,184711,1,0,2025-08-02 11:56:57,2025-08-02 11:56:57
176787,185410,6,1,2025-08-14 06:44:32,2025-08-21 11:09:07
176787,185971,1,0,2025-08-17 06:33:07,2025-08-17 06:33:07
176787,186234,1,0,2025-08-31 10:01:21,2025-08-31 10:01:21
176787,186256,2,1,2025-09-26 09:53:30,2025-09-27 09:50:27
176787,186297,1,0,2025-09-02 08:55:54,2025-09-02 08:55:54
176787,186584,1,0,2025-09-11 07:17:07,2025-09-11 07:17:07
176787,186593,1,0,2025-09-11 06:27:57,2025-09-11 06:27:57
176787,186961,1,0,2025-09-22 06:54:44,2025-09-22 06:54:44
176787,187564,1,1,2025-10-26 16:48:09,2025-10-26 16:48:09
176787,189961,1,1,2025-12-01 09:57:39,2025-12-01 09:57:39
176787,190197,1,0,2025-12-01 09:35:56,2025-12-01 09:35:56
176787,194180,1,1,2026-07-22 06:04:31,2026-07-22 06:04:31
176948,181044,1,0,2025-05-03 11:16:25,2025-05-03 11:16:25
177130,176948,1,1,2025-01-30 23:01:34,2025-01-30 23:01:34
177243,138321,1,0,2025-02-02 22:19:26,2025-02-02 22:19:26
177267,154637,1,1,2025-02-04 09:27:04,2025-02-04 09:27:04
177267,177265,1,1,2025-02-03 11:44:11,2025-02-03 11:44:11
177372,177282,1,0,2025-02-05 06:54:09,2025-02-05 06:54:09
177453,64876,1,1,2025-02-06 14:31:26,2025-02-06 14:31:26
177474,83133,1,1,2025-02-06 19:34:38,2025-02-06 19:34:38
177488,117059,1,1,2025-02-07 02:50:33,2025-02-07 02:50:33
177630,108477,1,1,2025-02-10 17:16:09,2025-02-10 17:16:09
177724,168220,1,0,2025-07-03 13:51:35,2025-07-03 13:51:35
178200,116522,1,1,2025-02-21 22:56:54,2025-02-21 22:56:54
178338,151116,1,1,2025-02-25 00:17:47,2025-02-25 00:17:47
178397,178206,2,1,2025-02-26 17:33:28,2025-02-27 07:30:13
178398,178364,1,1,2025-02-26 03:14:35,2025-02-26 03:14:35
178646,15406,1,1,2025-05-27 08:56:56,2025-05-27 08:56:56
178646,38353,1,0,2025-05-10 16:11:08,2025-05-10 16:11:08
178646,43469,1,0,2025-05-19 15:05:19,2025-05-19 15:05:19
178646,108155,1,0,2025-05-29 06:52:16,2025-05-29 06:52:16
178646,145913,2,0,2025-05-04 07:51:48,2025-05-05 02:16:37
178646,162638,1,1,2025-05-15 02:01:07,2025-05-15 02:01:07
178646,176787,1,0,2025-04-30 04:47:01,2025-04-30 04:47:01
178646,176948,1,1,2025-05-05 02:48:51,2025-05-05 02:48:51
178646,179592,1,1,2025-03-26 09:43:21,2025-03-26 09:43:21
178646,180262,1,0,2025-04-21 10:31:57,2025-04-21 10:31:57
178646,180680,3,1,2025-04-21 18:39:46,2025-04-26 07:00:19
178646,180835,1,0,2025-04-21 17:59:52,2025-04-21 17:59:52
178646,181029,1,0,2025-04-30 01:10:39,2025-04-30 01:10:39
178646,181333,1,1,2025-05-06 04:34:48,2025-05-06 04:34:48
178646,181349,1,0,2025-05-06 15:33:13,2025-05-06 15:33:13
178646,181527,1,1,2025-05-11 12:41:07,2025-05-11 12:41:07
178646,182199,1,0,2025-06-26 14:56:22,2025-06-26 14:56:22
178646,183254,1,0,2025-05-23 11:39:19,2025-05-23 11:39:19
178646,183663,1,0,2025-06-04 10:44:10,2025-06-04 10:44:10
178780,149386,1,1,2025-03-06 02:16:30,2025-03-06 02:16:30
178845,33487,1,1,2025-03-11 00:43:39,2025-03-11 00:43:39
178998,178999,1,0,2025-03-12 10:48:45,2025-03-12 10:48:45
179102,175694,1,0,2025-03-18 10:15:30,2025-03-18 10:15:30
179113,73505,1,1,2025-03-25 22:20:39,2025-03-25 22:20:39
179113,125747,1,1,2025-03-31 22:18:29,2025-03-31 22:18:29
179113,150257,1,1,2025-03-20 21:59:00,2025-03-20 21:59:00
179113,179091,1,1,2025-03-21 21:39:07,2025-03-21 21:39:07
179113,179724,1,1,2025-03-28 22:20:48,2025-03-28 22:20:48
179115,64377,2,0,2025-03-19 01:27:48,2025-03-19 19:38:49
179115,164133,1,0,2025-03-19 13:58:49,2025-03-19 13:58:49
179214,193661,1,0,2026-06-15 10:55:58,2026-06-15 10:55:58
179214,193970,1,0,2026-06-04 12:23:35,2026-06-04 12:23:35
179525,38353,1,0,2025-08-26 12:36:48,2025-08-26 12:36:48
179525,93617,1,1,2025-03-27 19:06:36,2025-03-27 19:06:36
179525,112346,1,1,2025-04-08 13:20:33,2025-04-08 13:20:33
179525,137136,1,1,2025-04-01 12:43:18,2025-04-01 12:43:18
179525,179382,1,1,2025-03-25 20:35:34,2025-03-25 20:35:34
179525,185997,1,1,2025-08-26 13:10:41,2025-08-26 13:10:41
180051,117255,1,1,2025-04-02 03:09:05,2025-04-02 03:09:05
180205,146176,1,1,2025-04-06 04:13:18,2025-04-06 04:13:18
180334,103076,2,1,2025-04-08 20:29:46,2025-04-11 18:05:37
180417,15406,1,1,2025-06-10 12:16:21,2025-06-10 12:16:21
180677,179129,1,1,2025-04-16 12:10:50,2025-04-16 12:10:50
180679,180489,1,1,2025-04-16 13:17:56,2025-04-16 13:17:56
180759,180262,1,1,2025-04-19 00:49:39,2025-04-19 00:49:39
180882,169345,1,1,2025-04-22 21:12:20,2025-04-22 21:12:20
180933,181096,1,0,2025-05-01 20:48:57,2025-05-01 20:48:57
180960,88079,1,1,2025-04-24 22:43:37,2025-04-24 22:43:37
180960,109715,1,1,2025-04-26 00:26:36,2025-04-26 00:26:36
180960,127576,1,1,2025-04-24 22:25:28,2025-04-24 22:25:28
180978,64876,1,1,2025-04-25 10:31:58,2025-04-25 10:31:58
181012,35377,1,0,2025-05-01 19:23:46,2025-05-01 19:23:46
181012,107002,1,1,2025-08-05 13:27:41,2025-08-05 13:27:41
181012,145695,1,0,2025-11-15 17:01:30,2025-11-15 17:01:30
181012,153809,1,0,2025-05-13 11:33:32,2025-05-13 11:33:32
181012,161531,1,0,2025-05-01 19:13:48,2025-05-01 19:13:48
181012,166855,1,0,2025-05-03 13:23:40,2025-05-03 13:23:40
181012,167331,1,0,2025-09-04 14:14:20,2025-09-04 14:14:20
181012,176526,1,1,2025-07-14 12:50:12,2025-07-14 12:50:12
181012,178646,1,1,2025-04-30 19:30:21,2025-04-30 19:30:21
181012,180502,5,0,2025-04-26 19:49:07,2025-04-28 12:38:15
181012,189976,1,0,2026-04-04 10:34:48,2026-04-04 10:34:48
181012,192883,1,0,2026-03-12 10:48:46,2026-03-12 10:48:46
181029,73930,1,0,2025-04-28 04:31:27,2025-04-28 04:31:27
181029,97696,1,1,2025-04-28 04:18:30,2025-04-28 04:18:30
181029,137223,1,1,2025-04-27 16:04:20,2025-04-27 16:04:20
181029,180495,1,0,2025-04-28 05:19:36,2025-04-28 05:19:36
181100,144592,1,1,2025-04-29 14:18:28,2025-04-29 14:18:28
181187,117059,1,1,2025-05-01 23:45:01,2025-05-01 23:45:01
183254,2862,1,1,2025-06-13 16:45:58,2025-06-13 16:45:58
183254,112011,1,1,2025-05-23 00:59:48,2025-05-23 00:59:48
183254,138500,1,1,2025-05-29 01:19:10,2025-05-29 01:19:10
183254,140708,1,1,2025-07-14 17:27:38,2025-07-14 17:27:38
183254,153295,1,1,2025-05-23 01:15:41,2025-05-23 01:15:41
183254,158628,1,1,2025-05-26 21:41:27,2025-05-26 21:41:27
183254,162638,1,1,2025-05-23 02:13:23,2025-05-23 02:13:23
183254,163462,1,1,2025-05-23 02:37:03,2025-05-23 02:37:03
183254,168657,3,1,2025-06-15 19:40:42,2025-06-17 10:08:16
183254,170498,1,1,2025-05-23 03:22:56,2025-05-23 03:22:56
183254,171145,1,1,2025-06-03 00:01:42,2025-06-03 00:01:42
183254,172562,1,1,2025-06-02 21:15:02,2025-06-02 21:15:02
183254,177022,1,0,2025-06-09 05:18:10,2025-06-09 05:18:10
183254,177455,1,1,2025-06-07 23:21:35,2025-06-07 23:21:35
183254,180064,1,1,2025-06-02 22:44:24,2025-06-02 22:44:24
183254,180532,1,0,2025-05-27 06:55:16,2025-05-27 06:55:16
183254,181260,1,1,2025-05-23 02:56:15,2025-05-23 02:56:15
183254,182022,1,1,2025-05-23 01:47:27,2025-05-23 01:47:27
183268,76756,1,1,2025-05-23 09:09:58,2025-05-23 09:09:58
183663,117151,1,1,2025-06-04 08:12:02,2025-06-04 08:12:02
183733,141415,1,1,2025-06-06 15:02:29,2025-06-06 15:02:29
183743,38887,1,0,2026-08-06 08:36:45,2026-08-06 08:36:45
183743,87594,1,1,2026-08-07 08:26:24,2026-08-07 08:26:24
183743,102913,1,1,2026-08-03 10:00:22,2026-08-03 10:00:22
183743,115588,1,1,2026-08-07 08:36:08,2026-08-07 08:36:08
183743,123438,1,1,2026-08-06 07:01:58,2026-08-06 07:01:58
183743,141493,1,1,2026-08-03 10:04:53,2026-08-03 10:04:53
183743,177472,1,1,2026-08-25 05:16:01,2026-08-25 05:16:01
183743,180495,1,1,2026-08-25 05:18:08,2026-08-25 05:18:08
183743,181507,1,1,2026-08-06 06:46:41,2026-08-06 06:46:41
183743,182095,1,1,2026-08-25 05:02:57,2026-08-25 05:02:57
183743,186256,2,1,2026-08-25 12:05:06,2026-08-26 09:13:10
183743,187459,1,0,2026-08-03 10:07:19,2026-08-03 10:07:19
183743,189961,1,1,2026-08-25 05:05:11,2026-08-25 05:05:11
183743,193899,1,1,2026-08-25 11:59:58,2026-08-25 11:59:58
183743,194261,1,1,2026-08-03 09:57:16,2026-08-03 09:57:16
183743,194300,2,1,2026-08-03 09:49:55,2026-08-06 07:11:37
183743,194418,1,1,2026-08-11 11:01:21,2026-08-11 11:01:21
183743,194628,3,1,2026-08-25 07:02:41,2026-08-25 11:57:33
183863,303,1,1,2025-06-20 13:55:36,2025-06-20 13:55:36
183863,15406,1,1,2025-06-14 08:39:51,2025-06-14 08:39:51
183863,41908,1,1,2025-06-13 12:54:41,2025-06-13 12:54:41
183863,123559,1,0,2025-06-14 08:32:53,2025-06-14 08:32:53
183863,182199,1,1,2025-07-01 12:22:22,2025-07-01 12:22:22
183863,183576,1,1,2025-06-13 13:07:14,2025-06-13 13:07:14
183863,183835,1,1,2025-06-13 10:55:06,2025-06-13 10:55:06
183863,183910,1,1,2025-06-13 13:29:09,2025-06-13 13:29:09
183863,184078,1,1,2025-06-20 13:52:25,2025-06-20 13:52:25
183989,150257,1,1,2025-06-20 07:30:45,2025-06-20 07:30:45
183989,183947,1,1,2025-06-16 19:10:22,2025-06-16 19:10:22
183989,183987,3,3,2025-06-16 18:29:00,2025-06-20 07:07:51
183989,184122,1,1,2025-06-23 13:02:23,2025-06-23 13:02:23
183989,184182,2,2,2025-06-23 13:15:37,2025-08-29 06:25:39
183989,186157,1,1,2025-08-26 14:21:22,2025-08-26 14:21:22
184068,121222,1,1,2025-06-19 10:43:20,2025-06-19 10:43:20
184114,156807,1,1,2025-06-20 18:32:07,2025-06-20 18:32:07
184155,130357,1,1,2025-06-22 15:32:35,2025-06-22 15:32:35
184254,180417,2,1,2025-06-30 14:45:52,2025-07-01 13:44:37
184254,184253,2,2,2025-06-25 21:02:21,2025-06-27 14:19:10
184298,184253,1,1,2025-06-27 14:51:54,2025-06-27 14:51:54
184391,103477,1,1,2025-06-30 21:18:36,2025-06-30 21:18:36
184551,119210,1,1,2026-08-28 17:18:14,2026-08-28 17:18:14
184551,139064,7,1,2025-07-06 21:46:31,2025-07-25 17:56:20
184551,167517,1,1,2025-08-23 17:52:45,2025-08-23 17:52:45
184738,183987,1,1,2025-07-13 01:40:17,2025-07-13 01:40:17
184738,192501,1,0,2026-02-14 14:44:01,2026-02-14 14:44:01
184830,62642,2,1,2026-03-02 12:45:25,2026-03-04 03:57:19
184830,150257,1,1,2025-07-24 19:13:26,2025-07-24 19:13:26
184830,184703,1,1,2025-07-15 07:28:10,2025-07-15 07:28:10
185251,7730,1,0,2025-07-21 10:49:06,2025-07-21 10:49:06
185302,155068,1,1,2025-07-22 11:02:18,2025-07-22 11:02:18
185574,185559,1,1,2025-07-31 17:02:20,2025-07-31 17:02:20
185574,185901,1,1,2025-08-14 01:20:55,2025-08-14 01:20:55
185670,7730,1,0,2025-08-04 18:03:16,2025-08-04 18:03:16
185672,13165,1,1,2025-08-10 00:15:33,2025-08-10 00:15:33
185698,140946,1,1,2025-08-07 17:25:08,2025-08-07 17:25:08
185698,171036,1,1,2025-08-17 11:37:21,2025-08-17 11:37:21
185698,185997,1,1,2025-08-18 21:03:33,2025-08-18 21:03:33
185826,132151,1,1,2025-08-11 04:50:21,2025-08-11 04:50:21
185889,843,1,1,2025-08-20 09:54:47,2025-08-20 09:54:47
185889,117697,1,1,2025-08-14 05:42:01,2025-08-14 05:42:01
185889,163334,1,1,2025-08-14 06:30:58,2025-08-14 06:30:58
185889,171188,1,1,2025-08-13 14:10:44,2025-08-13 14:10:44
185889,182011,2,2,2025-08-20 08:30:59,2025-08-21 06:47:44
185889,185795,1,1,2025-08-14 06:01:53,2025-08-14 06:01:53
185889,185971,1,1,2025-08-25 06:39:58,2025-08-25 06:39:58
185889,186037,1,1,2025-08-20 08:19:33,2025-08-20 08:19:33
185889,186157,1,1,2025-08-26 05:47:19,2025-08-26 05:47:19
185956,187371,1,0,2025-10-14 19:57:51,2025-10-14 19:57:51
185990,181365,1,0,2025-08-19 19:25:49,2025-08-19 19:25:49
185990,183622,1,1,2025-08-18 08:52:36,2025-08-18 08:52:36
185990,185687,1,0,2025-08-20 08:29:58,2025-08-20 08:29:58
186021,169146,1,1,2025-08-19 13:52:41,2025-08-19 13:52:41
186116,7730,1,0,2025-09-18 14:45:13,2025-09-18 14:45:13
186116,70546,1,0,2025-09-18 14:42:51,2025-09-18 14:42:51
186116,83637,1,1,2025-08-25 17:08:51,2025-08-25 17:08:51
186116,127824,1,1,2025-09-04 23:36:38,2025-09-04 23:36:38
186116,128831,1,1,2025-09-08 01:10:54,2025-09-08 01:10:54
186116,159260,1,1,2025-09-19 01:35:43,2025-09-19 01:35:43
186116,168657,1,1,2025-08-25 16:08:50,2025-08-25 16:08:50
186116,182011,1,1,2026-01-15 13:36:01,2026-01-15 13:36:01
186116,186157,1,1,2025-08-26 11:01:45,2025-08-26 11:01:45
186164,83637,1,1,2025-08-26 12:24:32,2025-08-26 12:24:32
186237,118513,1,1,2025-08-30 02:59:48,2025-08-30 02:59:48
186275,177116,1,1,2025-09-01 09:11:18,2025-09-01 09:11:18
186411,13736,1,1,2025-09-06 00:17:45,2025-09-06 00:17:45
186852,135626,1,0,2025-09-16 18:25:36,2025-09-16 18:25:36
186905,164386,1,1,2025-09-19 04:10:07,2025-09-19 04:10:07
186905,186584,1,1,2025-09-23 18:45:37,2025-09-23 18:45:37
187222,159725,1,0,2026-05-08 15:16:47,2026-05-08 15:16:47
187222,192362,1,1,2026-03-02 16:03:56,2026-03-02 16:03:56
187265,187515,2,1,2025-11-04 13:28:57,2025-11-08 20:03:10
187398,142950,1,1,2025-10-14 12:13:32,2025-10-14 12:13:32
189760,73930,2,0,2025-11-05 02:38:36,2025-11-06 20:08:36
189760,159626,1,1,2025-11-03 23:18:51,2025-11-03 23:18:51
189760,176736,1,1,2025-11-03 22:51:50,2025-11-03 22:51:50
189760,187450,1,1,2025-11-05 01:29:08,2025-11-05 01:29:08
189760,188603,1,1,2025-11-05 02:04:14,2025-11-05 02:04:14
189866,172731,1,1,2025-11-10 00:06:29,2025-11-10 00:06:29
189909,155021,1,1,2025-11-11 21:49:12,2025-11-11 21:49:12
189912,145273,1,1,2025-11-11 23:25:26,2025-11-11 23:25:26
189916,133702,1,1,2025-11-12 03:16:01,2025-11-12 03:16:01
190067,108185,1,1,2025-11-21 08:30:44,2025-11-21 08:30:44
190067,189705,1,1,2025-11-21 05:07:30,2025-11-21 05:07:30
190124,189705,1,1,2025-11-23 04:30:11,2025-11-23 04:30:11
190155,164386,1,1,2025-11-25 11:13:08,2025-11-25 11:13:08
190210,150283,1,1,2025-11-28 10:57:12,2025-11-28 10:57:12
190244,83361,2,2,2025-12-01 06:36:22,2025-12-01 06:38:54
190586,194854,1,1,2026-09-28 16:08:19,2026-09-28 16:08:19
191777,138508,1,1,2025-12-29 18:04:58,2025-12-29 18:04:58
191808,148029,1,1,2025-12-23 14:47:53,2025-12-23 14:47:53
191955,123371,1,1,2026-01-06 11:40:44,2026-01-06 11:40:44
191968,191961,1,1,2026-01-08 09:26:13,2026-01-08 09:26:13
191970,138128,1,1,2026-01-07 13:27:56,2026-01-07 13:27:56
192333,38887,1,1,2026-02-02 11:13:16,2026-02-02 11:13:16
192371,86325,1,1,2026-02-04 16:41:45,2026-02-04 16:41:45
192437,145759,1,1,2026-02-06 23:39:15,2026-02-06 23:39:15
192636,192501,1,1,2026-02-20 21:37:22,2026-02-20 21:37:22
192883,189976,1,1,2026-03-12 04:08:41,2026-03-12 04:08:41
192885,194034,1,1,2026-06-10 07:49:32,2026-06-10 07:49:32
192901,192362,1,1,2026-03-13 09:00:22,2026-03-13 09:00:22
193131,193094,2,0,2026-04-02 02:07:30,2026-04-02 02:13:37
193164,161916,1,1,2026-04-06 00:09:23,2026-04-06 00:09:23
193165,190586,1,1,2026-04-06 01:33:32,2026-04-06 01:33:32
193165,191682,1,0,2026-04-06 01:39:00,2026-04-06 01:39:00
193165,192885,1,1,2026-04-07 00:55:52,2026-04-07 00:55:52
193165,192984,2,1,2026-05-04 18:51:34,2026-05-24 14:02:41
193165,193094,1,1,2026-05-03 18:17:01,2026-05-03 18:17:01
193165,193405,1,1,2026-05-03 18:30:15,2026-05-03 18:30:15
193165,193661,1,1,2026-05-09 18:14:34,2026-05-09 18:14:34
193165,193925,1,0,2026-06-20 12:52:46,2026-06-20 12:52:46
193165,194188,1,0,2026-07-03 12:23:35,2026-07-03 12:23:35
193305,119882,1,1,2026-04-20 10:17:05,2026-04-20 10:17:05
193332,110800,1,1,2026-04-21 22:08:15,2026-04-21 22:08:15
193445,193405,1,1,2026-04-29 14:18:54,2026-04-29 14:18:54
193454,193405,1,0,2026-04-30 05:53:41,2026-04-30 05:53:41
193520,159725,1,1,2026-05-12 02:11:12,2026-05-12 02:11:12
193520,193405,1,1,2026-05-15 02:19:56,2026-05-15 02:19:56
193520,193408,1,1,2026-05-12 02:20:55,2026-05-12 02:20:55
193520,193427,1,1,2026-05-12 02:00:23,2026-05-12 02:00:23
193520,193648,1,1,2026-05-14 16:06:41,2026-05-14 16:06:41
193520,193661,1,1,2026-05-10 03:36:25,2026-05-10 03:36:25
193520,193760,1,1,2026-05-16 01:01:52,2026-05-16 01:01:52
193520,193765,1,1,2026-05-16 01:09:16,2026-05-16 01:09:16
194183,102913,1,0,2026-07-05 00:45:32,2026-07-05 00:45:32
194183,193899,3,3,2026-06-29 14:36:54,2026-07-09 20:20:52
194183,194180,1,1,2026-06-29 14:18:13,2026-06-29 14:18:13
194183,194208,1,0,2026-07-05 00:54:53,2026-07-05 00:54:53
194266,194261,1,1,2026-07-11 06:14:59,2026-07-11 06:14:59
194342,192362,1,1,2026-07-22 07:36:37,2026-07-22 07:36:37
194550,93617,1,0,2026-08-12 20:19:37,2026-08-12 20:19:37
194753,150355,1,1,2026-09-10 14:13:29,2026-09-10 14:13:29
