source_user,target_user,weight,n_answers,first_at,last_at
-1,34278,1,0,2021-10-21 10:03:11,2021-10-21 10:03:11
-1,37019,1,0,2022-10-07 18:25:07,2022-10-07 18:25:07
-1,39852,1,0,2024-03-14 16:43:59,2024-03-14 16:43:59
-1,40191,1,0,2023-09-29 00:25:36,2023-09-29 00:25:36
-1,40244,1,0,2023-10-03 18:07:47,2023-10-03 18:07:47
-1,40410,1,0,2023-11-07 20:51:48,2023-11-07 20:51:48
-1,40511,1,0,2023-10-25 21:08:19,2023-10-25 21:08:19
-1,40562,1,0,2023-11-07 20:53:40,2023-11-07 20:53:40
-1,40604,1,0,2023-11-07 20:52:50,2023-11-07 20:52:50
-1,40784,1,0,2023-12-12 22:04:01,2023-12-12 22:04:01
-1,40806,1,0,2023-12-12 22:07:05,2023-12-12 22:07:05
-1,40824,1,0,2023-12-15 01:28:12,2023-12-15 01:28:12
-1,40843,1,0,2023-12-15 01:27:34,2023-12-15 01:27:34
-1,40954,1,0,2024-01-05 01:11:14,2024-01-05 01:11:14
-1,41019,1,0,2024-01-12 00:51:48,2024-01-12 00:51:48
-1,41027,1,0,2024-01-12 00:50:52,2024-01-12 00:50:52
-1,41047,1,0,2024-01-09 21:42:44,2024-01-09 21:42:44
-1,41048,1,0,2024-01-12 00:50:40,2024-01-12 00:50:40
-1,41049,1,0,2024-01-12 00:52:21,2024-01-12 00:52:21
-1,41110,1,0,2024-01-30 17:49:50,2024-01-30 17:49:50
-1,42457,1,0,2024-03-14 16:43:46,2024-03-14 16:43:46
-1,42501,1,0,2024-06-28 01:29:56,2024-06-28 01:29:56
-1,42770,1,0,2024-05-02 23:30:10,2024-05-02 23:30:10
-1,43162,1,0,2024-07-04 14:53:32,2024-07-04 14:53:32
-1,43554,1,0,2024-09-06 01:05:22,2024-09-06 01:05:22
-1,44278,1,0,2025-01-28 17:28:18,2025-01-28 17:28:18
33,28810,1,1,2020-06-20 19:19:07,2020-06-20 19:19:07
1090,1687,4,2,2019-07-18 23:09:17,2019-08-29 19:28:53
1090,4847,8,0,2019-06-26 20:58:50,2023-01-20 07:02:04
1090,7369,1,1,2019-07-31 20:10:29,2019-07-31 20:10:29
1090,10074,3,0,2019-06-10 18:44:52,2021-07-15 23:12:01
1090,12099,1,0,2019-06-18 04:49:39,2019-06-18 04:49:39
1090,15282,1,1,2019-08-15 23:44:07,2019-08-15 23:44:07
1090,17327,1,0,2019-06-18 04:49:14,2019-06-18 04:49:14
1090,20853,2,1,2019-10-20 19:48:19,2019-10-30 18:44:16
1090,21377,6,2,2019-07-11 01:49:27,2019-07-23 00:09:01
1090,21510,7,1,2019-07-05 23:38:02,2019-07-18 08:03:21
1090,21967,1,1,2020-02-03 03:05:24,2020-02-03 03:05:24
1090,23007,1,1,2020-07-23 00:04:04,2020-07-23 00:04:04
1090,23178,1,1,2019-06-13 02:07:15,2019-06-13 02:07:15
1090,23228,1,1,2019-06-13 02:05:43,2019-06-13 02:05:43
1090,23317,1,1,2019-08-07 05:54:18,2019-08-07 05:54:18
1090,23353,1,1,2019-06-26 03:12:03,2019-06-26 03:12:03
1090,23380,1,1,2019-06-18 21:54:55,2019-06-18 21:54:55
1090,23525,1,1,2022-07-04 23:26:35,2022-07-04 23:26:35
1090,23553,2,1,2019-05-13 20:59:00,2019-05-15 01:39:45
1090,23566,10,2,2019-06-18 04:27:31,2019-09-03 20:57:30
1090,23577,3,1,2019-05-16 18:44:08,2019-05-16 19:23:52
1090,23629,1,1,2019-05-27 19:38:40,2019-05-27 19:38:40
1090,23690,1,1,2019-06-18 22:32:33,2019-06-18 22:32:33
1090,23710,1,1,2019-06-28 06:29:42,2019-06-28 06:29:42
1090,23715,4,1,2019-08-05 20:16:30,2019-08-07 04:36:04
1090,23743,5,4,2019-06-18 20:00:23,2019-10-03 21:42:04
1090,23789,3,1,2019-06-26 00:21:15,2019-06-26 02:26:21
1090,23791,2,1,2019-06-26 20:49:33,2019-06-26 21:38:26
1090,23802,1,1,2019-06-27 23:06:02,2019-06-27 23:06:02
1090,23805,1,1,2019-07-22 05:08:37,2019-07-22 05:08:37
1090,23837,1,1,2019-07-02 21:59:53,2019-07-02 21:59:53
1090,23838,1,0,2019-07-02 21:43:18,2019-07-02 21:43:18
1090,23877,1,1,2019-07-11 22:59:57,2019-07-11 22:59:57
1090,23883,1,1,2019-09-15 01:30:11,2019-09-15 01:30:11
1090,23893,2,1,2019-07-11 21:27:36,2019-07-11 21:31:41
1090,23896,2,1,2019-07-17 00:47:47,2019-07-17 05:02:36
1090,23898,3,1,2019-07-30 00:39:00,2019-07-30 00:59:45
1090,23901,1,1,2019-07-12 23:35:29,2019-07-12 23:35:29
1090,23906,1,1,2019-07-12 22:56:35,2019-07-12 22:56:35
1090,23911,1,1,2019-08-19 00:55:09,2019-08-19 00:55:09
1090,23917,2,0,2019-07-15 21:04:51,2019-07-15 21:37:50
1090,23920,2,0,2019-07-17 00:51:28,2019-07-17 20:02:43
1090,23924,1,1,2019-07-16 21:01:21,2019-07-16 21:01:21
1090,23929,1,0,2019-07-18 00:54:55,2019-07-18 00:54:55
1090,23936,1,1,2019-07-19 01:52:51,2019-07-19 01:52:51
1090,23943,1,0,2019-07-23 22:57:03,2019-07-23 22:57:03
1090,23956,1,1,2019-08-05 20:53:38,2019-08-05 20:53:38
1090,23964,1,1,2019-07-23 00:13:02,2019-07-23 00:13:02
1090,23968,1,1,2019-08-11 20:14:07,2019-08-11 20:14:07
1090,23969,1,1,2019-07-23 22:55:44,2019-07-23 22:55:44
1090,23975,1,1,2019-07-30 23:33:59,2019-07-30 23:33:59
1090,23982,1,1,2019-07-27 09:05:29,2019-07-27 09:05:29
1090,23985,2,1,2019-08-11 00:48:39,2019-08-11 05:34:26
1090,24028,1,1,2019-08-04 22:24:12,2019-08-04 22:24:12
1090,24033,2,0,2019-08-04 22:03:37,2019-08-04 23:03:19
1090,24044,5,2,2019-10-31 03:11:14,2019-11-17 22:05:51
1090,24045,1,1,2019-08-07 00:32:05,2019-08-07 00:32:05
1090,24053,1,1,2019-08-08 19:03:28,2019-08-08 19:03:28
1090,24077,1,1,2019-08-24 21:58:51,2019-08-24 21:58:51
1090,24105,1,1,2019-08-19 08:32:11,2019-08-19 08:32:11
1090,24113,3,3,2019-08-21 23:25:35,2019-10-27 20:05:41
1090,24122,3,2,2019-08-21 22:12:58,2019-10-20 19:43:56
1090,24204,1,1,2020-02-03 03:09:51,2020-02-03 03:09:51
1090,24214,1,1,2019-10-15 23:28:23,2019-10-15 23:28:23
1090,24219,2,1,2019-11-20 21:40:16,2019-11-22 07:04:02
1090,24226,2,1,2019-09-22 00:38:51,2019-09-25 02:22:30
1090,25259,1,0,2019-09-18 07:10:37,2019-09-18 07:10:37
1090,25272,2,1,2019-09-22 00:50:05,2019-09-22 19:47:47
1090,25275,5,1,2019-09-22 00:44:52,2019-09-26 20:22:37
1090,25277,1,1,2019-10-03 21:40:28,2019-10-03 21:40:28
1090,25284,1,1,2019-09-24 04:17:42,2019-09-24 04:17:42
1090,25306,1,1,2019-09-28 07:00:13,2019-09-28 07:00:13
1090,25352,1,1,2019-10-06 20:44:35,2019-10-06 20:44:35
1090,25390,1,0,2019-10-16 03:35:39,2019-10-16 03:35:39
1090,25406,1,1,2019-10-20 19:46:13,2019-10-20 19:46:13
1090,25408,1,1,2019-10-28 22:58:14,2019-10-28 22:58:14
1090,25411,1,1,2019-10-21 17:42:29,2019-10-21 17:42:29
1090,25427,2,2,2019-10-23 19:19:09,2019-10-29 00:01:10
1090,25430,1,1,2019-10-23 20:00:09,2019-10-23 20:00:09
1090,25436,3,1,2020-01-20 22:56:43,2020-02-10 23:23:05
1090,25458,1,1,2019-10-27 20:42:07,2019-10-27 20:42:07
1090,25496,1,1,2019-11-07 20:07:03,2019-11-07 20:07:03
1090,25511,1,1,2019-11-17 22:07:16,2019-11-17 22:07:16
1090,25537,1,1,2019-11-14 03:26:32,2019-11-14 03:26:32
1090,25546,2,1,2019-11-16 22:15:30,2019-11-18 01:36:06
1090,25551,1,1,2019-11-17 02:30:01,2019-11-17 02:30:01
1090,25686,1,1,2020-01-12 20:06:15,2020-01-12 20:06:15
1090,25801,1,1,2020-01-18 00:55:01,2020-01-18 00:55:01
1090,25826,1,1,2020-01-18 01:45:52,2020-01-18 01:45:52
1090,25829,1,1,2020-01-18 00:40:55,2020-01-18 00:40:55
1090,25831,1,1,2020-01-19 04:39:15,2020-01-19 04:39:15
1090,25847,2,1,2020-01-27 00:42:35,2020-01-27 18:26:55
1090,25855,1,1,2020-01-23 20:37:24,2020-01-23 20:37:24
1090,25865,1,1,2020-01-28 00:40:41,2020-01-28 00:40:41
1090,25868,1,0,2020-01-27 22:42:59,2020-01-27 22:42:59
1090,25877,3,1,2020-01-28 01:34:32,2020-01-28 18:22:02
1090,25892,2,1,2020-01-31 22:32:57,2020-02-03 02:59:53
1090,25898,1,1,2020-02-03 03:14:18,2020-02-03 03:14:18
1090,25993,1,1,2020-02-23 20:28:25,2020-02-23 20:28:25
1090,26028,2,1,2020-03-31 07:14:51,2020-04-02 21:58:57
1090,26145,1,1,2020-03-20 02:33:18,2020-03-20 02:33:18
1090,26176,1,1,2020-03-26 01:22:12,2020-03-26 01:22:12
1090,26203,1,1,2021-11-03 22:53:29,2021-11-03 22:53:29
1090,27252,2,1,2020-04-19 04:07:49,2020-04-19 04:20:02
1090,27362,1,0,2020-04-06 03:12:53,2020-04-06 03:12:53
1090,27368,2,1,2020-04-07 02:09:57,2020-04-07 23:51:43
1090,27375,1,1,2020-04-06 03:16:26,2020-04-06 03:16:26
1090,27616,1,1,2020-04-19 04:09:13,2020-04-19 04:09:13
1090,27617,1,1,2020-04-19 03:34:04,2020-04-19 03:34:04
1090,27891,1,1,2020-05-01 05:04:56,2020-05-01 05:04:56
1090,27970,1,1,2021-08-31 00:35:34,2021-08-31 00:35:34
1090,28053,1,1,2020-05-13 05:07:42,2020-05-13 05:07:42
1090,28078,1,0,2021-05-05 23:12:39,2021-05-05 23:12:39
1090,28161,1,1,2020-05-13 05:08:51,2020-05-13 05:08:51
1090,28459,1,1,2020-06-18 07:32:20,2020-06-18 07:32:20
1090,28823,1,1,2020-06-24 23:51:46,2020-06-24 23:51:46
1090,29124,1,1,2020-07-14 04:26:54,2020-07-14 04:26:54
1090,29192,1,1,2020-07-19 21:20:46,2020-07-19 21:20:46
1090,29203,3,0,2020-07-21 09:43:11,2020-08-01 07:22:27
1090,29300,1,1,2020-07-30 02:42:13,2020-07-30 02:42:13
1090,29305,1,1,2020-10-14 21:42:14,2020-10-14 21:42:14
1090,29328,1,1,2020-08-03 07:06:20,2020-08-03 07:06:20
1090,29330,1,1,2020-08-03 07:02:40,2020-08-03 07:02:40
1090,29363,1,1,2020-08-04 20:54:45,2020-08-04 20:54:45
1090,29634,1,1,2020-09-03 03:51:06,2020-09-03 03:51:06
1090,29714,1,1,2020-09-28 23:13:54,2020-09-28 23:13:54
1090,29841,1,1,2020-09-28 23:10:17,2020-09-28 23:10:17
1090,29910,1,1,2020-10-07 19:52:11,2020-10-07 19:52:11
1090,30994,1,1,2020-11-05 22:19:25,2020-11-05 22:19:25
1090,31271,5,1,2021-01-07 04:10:12,2021-01-08 08:37:34
1090,31333,1,1,2022-03-16 21:08:43,2022-03-16 21:08:43
1090,31337,1,1,2020-12-06 01:44:12,2020-12-06 01:44:12
1090,31384,1,1,2021-02-16 03:27:12,2021-02-16 03:27:12
1090,31421,1,1,2021-03-13 08:14:32,2021-03-13 08:14:32
1090,31501,1,1,2020-12-29 21:28:58,2020-12-29 21:28:58
1090,31512,1,1,2020-12-29 21:31:12,2020-12-29 21:31:12
1090,31544,4,1,2021-01-03 02:40:06,2021-01-08 08:48:04
1090,31574,3,1,2021-01-05 00:28:28,2021-01-28 20:09:34
1090,31614,1,1,2021-04-29 21:16:28,2021-04-29 21:16:28
1090,31660,1,1,2021-01-30 22:53:45,2021-01-30 22:53:45
1090,31716,1,1,2021-03-02 21:46:54,2021-03-02 21:46:54
1090,31748,1,1,2021-01-28 20:12:27,2021-01-28 20:12:27
1090,31761,1,1,2021-01-28 20:10:45,2021-01-28 20:10:45
1090,31790,1,1,2021-02-04 22:49:48,2021-02-04 22:49:48
1090,31895,2,1,2021-03-02 21:47:51,2021-03-07 22:02:38
1090,31906,1,0,2021-02-20 05:12:17,2021-02-20 05:12:17
1090,31998,2,1,2021-03-07 23:18:05,2021-03-08 04:02:07
1090,32066,1,1,2021-03-18 00:07:23,2021-03-18 00:07:23
1090,32145,1,1,2021-03-31 21:21:49,2021-03-31 21:21:49
1090,32221,1,1,2021-04-14 21:31:40,2021-04-14 21:31:40
1090,32280,1,1,2021-06-11 02:05:54,2021-06-11 02:05:54
1090,32294,2,1,2021-04-20 21:11:33,2021-04-24 09:06:43
1090,32304,1,1,2021-04-20 23:25:05,2021-04-20 23:25:05
1090,32357,1,1,2021-04-28 02:43:42,2021-04-28 02:43:42
1090,32520,1,1,2021-06-13 19:44:39,2021-06-13 19:44:39
1090,32549,2,1,2021-06-05 06:16:29,2021-06-06 03:19:28
1090,32591,1,1,2021-06-05 06:42:31,2021-06-05 06:42:31
1090,32689,1,1,2021-06-13 19:34:53,2021-06-13 19:34:53
1090,32729,1,1,2021-07-14 00:21:00,2021-07-14 00:21:00
1090,32873,1,1,2021-07-14 00:18:29,2021-07-14 00:18:29
1090,32889,1,1,2021-07-16 00:12:31,2021-07-16 00:12:31
1090,34002,1,1,2021-08-06 04:46:25,2021-08-06 04:46:25
1090,34036,1,0,2021-08-13 00:17:31,2021-08-13 00:17:31
1090,34095,1,1,2021-08-31 00:38:49,2021-08-31 00:38:49
1090,34137,1,1,2021-08-31 00:36:56,2021-08-31 00:36:56
1090,34590,1,1,2021-11-02 19:55:37,2021-11-02 19:55:37
1090,34995,1,1,2022-01-11 21:19:15,2022-01-11 21:19:15
1090,35158,1,1,2022-02-07 07:04:32,2022-02-07 07:04:32
1090,35164,1,1,2022-02-07 07:02:56,2022-02-07 07:02:56
1090,35349,1,1,2022-03-16 21:12:08,2022-03-16 21:12:08
1090,35392,1,1,2022-03-16 21:10:23,2022-03-16 21:10:23
1090,35479,1,1,2022-03-29 05:16:44,2022-03-29 05:16:44
1090,35537,2,1,2022-04-06 01:41:54,2022-04-06 05:03:30
1090,35602,1,1,2022-05-03 23:55:33,2022-05-03 23:55:33
1090,35781,1,1,2023-02-15 20:05:06,2023-02-15 20:05:06
1090,36183,1,1,2022-07-04 23:55:41,2022-07-04 23:55:41
1090,36349,1,1,2022-07-19 23:55:06,2022-07-19 23:55:06
1090,37131,1,1,2025-09-24 22:27:13,2025-09-24 22:27:13
1090,37148,1,1,2022-10-19 02:55:55,2022-10-19 02:55:55
1090,37604,2,1,2022-12-05 19:23:34,2022-12-06 04:08:34
1090,37756,1,0,2022-12-22 19:36:52,2022-12-22 19:36:52
1090,38090,1,1,2023-02-05 04:20:35,2023-02-05 04:20:35
1090,38121,1,1,2023-02-05 04:18:42,2023-02-05 04:18:42
1090,38793,1,1,2023-04-26 03:07:57,2023-04-26 03:07:57
1090,39416,1,1,2023-10-13 09:25:21,2023-10-13 09:25:21
1090,40175,1,1,2024-01-31 21:48:12,2024-01-31 21:48:12
1090,40350,1,1,2023-10-02 19:44:30,2023-10-02 19:44:30
1090,40987,1,1,2024-01-03 05:35:09,2024-01-03 05:35:09
1090,41036,1,1,2024-02-22 18:58:22,2024-02-22 18:58:22
1090,42822,1,1,2024-05-09 09:49:45,2024-05-09 09:49:45
1090,43678,1,1,2024-09-30 05:34:18,2024-09-30 05:34:18
1090,43679,1,1,2024-09-30 05:31:16,2024-09-30 05:31:16
1090,43700,2,1,2024-10-02 22:54:10,2024-10-03 07:42:51
1090,45794,1,1,2025-05-26 07:53:22,2025-05-26 07:53:22
1090,46460,1,1,2025-09-24 22:28:41,2025-09-24 22:28:41
1090,46971,1,0,2026-01-28 19:07:17,2026-01-28 19:07:17
1090,47412,1,1,2026-04-03 23:09:38,2026-04-03 23:09:38
1161,23782,1,1,2019-06-25 20:50:19,2019-06-25 20:50:19
1161,24033,1,0,2019-08-05 01:03:49,2019-08-05 01:03:49
1161,25676,1,1,2020-01-02 04:53:01,2020-01-02 04:53:01
1161,25732,3,2,2020-01-02 04:47:32,2020-01-02 13:42:16
1161,28024,1,1,2020-05-06 19:43:04,2020-05-06 19:43:04
1161,34893,1,1,2021-12-27 20:22:05,2021-12-27 20:22:05
1240,12099,1,0,2019-07-24 20:47:50,2019-07-24 20:47:50
1687,23898,1,1,2019-07-29 18:19:03,2019-07-29 18:19:03
1687,24044,2,1,2019-08-06 23:39:50,2019-08-14 15:43:06
1687,24102,5,1,2019-08-27 14:30:44,2019-08-28 13:15:30
1861,43362,1,1,2024-09-11 09:27:01,2024-09-11 09:27:01
3256,31360,1,1,2021-03-09 22:18:48,2021-03-09 22:18:48
3439,25316,1,1,2021-01-17 01:46:36,2021-01-17 01:46:36
4847,1090,7,0,2019-08-07 00:33:45,2022-07-05 20:02:00
4847,3439,1,1,2021-01-17 01:55:37,2021-01-17 01:55:37
4847,10074,10,0,2020-02-25 22:13:42,2022-11-19 06:04:57
4847,10155,1,0,2019-11-11 21:04:09,2019-11-11 21:04:09
4847,11300,3,0,2019-08-21 01:44:24,2020-05-28 21:25:35
4847,12099,2,0,2019-06-12 16:20:12,2019-07-15 16:42:53
4847,14028,1,0,2021-09-03 21:54:13,2021-09-03 21:54:13
4847,15282,3,2,2019-09-20 21:47:47,2019-11-28 23:20:36
4847,17148,2,1,2020-05-22 06:08:50,2020-05-22 07:31:56
4847,17323,1,1,2021-08-16 18:29:13,2021-08-16 18:29:13
4847,17327,8,3,2019-05-20 01:25:38,2019-07-08 04:12:44
4847,19664,3,3,2020-04-07 01:42:15,2020-09-16 04:38:25
4847,19863,2,1,2020-06-15 21:27:24,2020-06-16 04:29:16
4847,22265,1,1,2023-04-07 19:52:30,2023-04-07 19:52:30
4847,23007,4,2,2020-07-29 00:14:39,2020-07-30 17:27:15
4847,23026,4,0,2020-05-28 06:33:00,2020-06-24 21:09:44
4847,23178,1,0,2020-03-11 23:48:09,2020-03-11 23:48:09
4847,23235,6,2,2019-06-07 00:00:26,2019-08-26 20:06:34
4847,23346,1,1,2019-06-28 20:38:50,2019-06-28 20:38:50
4847,23353,1,0,2019-05-20 01:30:42,2019-05-20 01:30:42
4847,23428,1,1,2019-12-15 01:15:29,2019-12-15 01:15:29
4847,23472,1,0,2019-05-24 02:51:45,2019-05-24 02:51:45
4847,23500,1,1,2019-10-15 22:25:06,2019-10-15 22:25:06
4847,23525,1,1,2022-07-07 20:14:31,2022-07-07 20:14:31
4847,23534,1,1,2019-05-13 16:29:20,2019-05-13 16:29:20
4847,23544,1,1,2019-05-23 13:51:24,2019-05-23 13:51:24
4847,23566,8,3,2019-05-16 05:44:34,2019-09-03 04:27:23
4847,23579,1,0,2019-05-18 00:06:58,2019-05-18 00:06:58
4847,23581,2,0,2019-05-18 07:35:04,2019-05-19 00:00:52
4847,23587,1,1,2019-05-23 02:21:58,2019-05-23 02:21:58
4847,23597,1,0,2020-04-27 16:37:20,2020-04-27 16:37:20
4847,23610,1,0,2019-05-22 11:10:23,2019-05-22 11:10:23
4847,23618,1,1,2019-05-24 03:59:08,2019-05-24 03:59:08
4847,23639,1,1,2019-06-11 21:19:58,2019-06-11 21:19:58
4847,23640,5,2,2019-06-07 22:39:22,2019-06-10 01:49:59
4847,23659,1,0,2020-06-07 20:22:15,2020-06-07 20:22:15
4847,23662,1,1,2019-08-21 02:03:48,2019-08-21 02:03:48
4847,23675,1,1,2019-06-07 23:07:36,2019-06-07 23:07:36
4847,23678,1,1,2019-06-08 01:15:08,2019-06-08 01:15:08
4847,23681,2,1,2019-06-10 19:16:10,2019-06-11 23:35:22
4847,23685,1,1,2019-06-09 22:00:53,2019-06-09 22:00:53
4847,23690,1,1,2019-06-10 22:27:28,2019-06-10 22:27:28
4847,23693,1,1,2019-07-01 05:29:05,2019-07-01 05:29:05
4847,23702,1,1,2019-06-12 17:24:42,2019-06-12 17:24:42
4847,23703,2,1,2019-06-12 16:35:53,2019-06-12 18:33:26
4847,23723,1,1,2019-06-17 04:35:16,2019-06-17 04:35:16
4847,23743,5,2,2019-06-24 18:39:09,2019-08-06 22:12:02
4847,23759,1,1,2019-06-20 20:25:21,2019-06-20 20:25:21
4847,23763,1,1,2019-06-22 22:31:49,2019-06-22 22:31:49
4847,23769,1,1,2019-06-22 18:11:33,2019-06-22 18:11:33
4847,23791,1,0,2019-06-26 20:46:04,2019-06-26 20:46:04
4847,23793,2,1,2019-06-27 00:11:12,2019-06-27 00:50:07
4847,23796,3,3,2019-06-27 17:43:15,2019-08-04 23:45:11
4847,23805,2,2,2019-06-28 18:05:24,2019-06-29 03:15:42
4847,23816,2,1,2019-07-07 14:54:13,2019-07-09 06:24:19
4847,23825,1,0,2019-07-08 04:15:25,2019-07-08 04:15:25
4847,23830,1,1,2019-07-12 06:36:58,2019-07-12 06:36:58
4847,23835,2,1,2019-07-10 13:16:07,2019-07-11 02:10:42
4847,23857,2,2,2019-07-06 20:49:06,2019-07-10 03:54:10
4847,23859,1,1,2019-07-12 01:20:28,2019-07-12 01:20:28
4847,23868,2,1,2019-07-08 21:33:04,2019-07-08 23:29:31
4847,23883,1,0,2019-07-12 01:42:56,2019-07-12 01:42:56
4847,23885,4,3,2019-07-12 01:36:52,2019-07-28 01:44:04
4847,23891,1,1,2019-07-12 01:23:27,2019-07-12 01:23:27
4847,23895,1,1,2019-07-12 01:15:23,2019-07-12 01:15:23
4847,23901,1,1,2019-07-20 18:40:49,2019-07-20 18:40:49
4847,23906,1,1,2019-07-03 08:53:34,2019-07-03 08:53:34
4847,23908,1,1,2019-07-17 07:17:04,2019-07-17 07:17:04
4847,23910,2,2,2019-07-14 16:59:40,2020-05-01 01:09:21
4847,23911,3,2,2019-07-14 16:48:54,2019-08-14 22:50:27
4847,23929,1,0,2019-07-17 23:51:52,2019-07-17 23:51:52
4847,23931,1,0,2019-07-28 20:57:52,2019-07-28 20:57:52
4847,23943,1,0,2019-07-23 22:20:08,2019-07-23 22:20:08
4847,23953,1,1,2019-07-21 02:53:11,2019-07-21 02:53:11
4847,23957,1,1,2019-07-21 19:36:31,2019-07-21 19:36:31
4847,23965,3,1,2019-07-22 22:45:28,2019-07-22 23:41:34
4847,23974,3,1,2019-07-25 20:34:02,2019-07-26 00:09:07
4847,23975,1,0,2019-07-26 00:14:52,2019-07-26 00:14:52
4847,23988,1,0,2022-02-15 20:19:41,2022-02-15 20:19:41
4847,23991,1,1,2019-07-28 21:39:39,2019-07-28 21:39:39
4847,23993,2,1,2019-07-29 18:20:09,2019-07-29 19:05:19
4847,24002,1,1,2019-08-03 19:33:56,2019-08-03 19:33:56
4847,24016,1,1,2019-08-02 00:14:27,2019-08-02 00:14:27
4847,24024,2,2,2019-08-03 19:20:14,2019-08-06 19:40:27
4847,24026,4,3,2019-08-03 20:03:17,2019-08-06 02:20:26
4847,24031,1,1,2019-08-04 21:56:17,2019-08-04 21:56:17
4847,24044,6,4,2019-08-07 00:10:20,2019-09-23 00:19:17
4847,24045,1,1,2019-08-07 00:31:07,2019-08-07 00:31:07
4847,24058,1,1,2019-08-09 22:04:11,2019-08-09 22:04:11
4847,24063,1,1,2019-08-10 22:49:16,2019-08-10 22:49:16
4847,24072,5,4,2019-08-13 17:54:41,2019-08-28 22:26:34
4847,24077,1,1,2019-09-08 22:28:39,2019-09-08 22:28:39
4847,24080,1,1,2019-08-13 19:00:23,2019-08-13 19:00:23
4847,24102,1,1,2019-08-26 20:32:22,2019-08-26 20:32:22
4847,24107,1,0,2019-08-19 21:09:26,2019-08-19 21:09:26
4847,24110,1,1,2019-09-21 11:12:37,2019-09-21 11:12:37
4847,24113,2,0,2019-10-26 07:51:13,2019-10-26 21:50:53
4847,24138,1,1,2019-08-24 20:10:16,2019-08-24 20:10:16
4847,24140,1,1,2019-08-24 23:05:02,2019-08-24 23:05:02
4847,24150,1,1,2019-08-27 21:51:03,2019-08-27 21:51:03
4847,24163,2,1,2019-09-28 20:23:20,2019-09-28 21:08:34
4847,24171,2,1,2020-02-10 04:12:02,2020-02-10 04:58:35
4847,24173,1,1,2019-09-01 02:06:05,2019-09-01 02:06:05
4847,24183,7,5,2019-09-07 01:12:49,2019-09-21 11:00:31
4847,24186,1,1,2019-11-28 00:40:27,2019-11-28 00:40:27
4847,24188,1,1,2019-09-03 02:52:57,2019-09-03 02:52:57
4847,24191,5,2,2019-09-03 12:54:33,2019-09-22 12:43:18
4847,24204,2,1,2019-09-06 23:35:38,2019-09-07 00:03:00
4847,24210,1,1,2019-09-07 23:32:44,2019-09-07 23:32:44
4847,24213,4,2,2019-09-15 16:19:29,2020-08-25 07:56:06
4847,24214,1,1,2019-09-29 18:50:11,2019-09-29 18:50:11
4847,24217,1,1,2019-09-08 21:28:06,2019-09-08 21:28:06
4847,24226,6,3,2019-09-10 22:54:40,2019-10-11 17:52:01
4847,25235,1,1,2019-09-13 02:02:58,2019-09-13 02:02:58
4847,25248,1,1,2019-09-14 19:36:21,2019-09-14 19:36:21
4847,25250,1,1,2019-09-15 15:56:14,2019-09-15 15:56:14
4847,25257,1,1,2019-09-19 20:28:18,2019-09-19 20:28:18
4847,25261,1,1,2019-09-19 02:25:22,2019-09-19 02:25:22
4847,25271,1,1,2019-09-21 11:26:24,2019-09-21 11:26:24
4847,25272,4,1,2019-09-21 13:32:27,2019-09-22 01:00:44
4847,25277,1,1,2019-09-22 13:02:22,2019-09-22 13:02:22
4847,25280,1,1,2019-09-22 21:33:17,2019-09-22 21:33:17
4847,25286,2,0,2019-09-23 22:56:31,2019-10-02 15:29:40
4847,25301,3,1,2019-09-26 21:50:19,2019-09-27 15:22:09
4847,25307,1,1,2019-09-28 19:57:33,2019-09-28 19:57:33
4847,25320,1,1,2019-10-01 15:05:27,2019-10-01 15:05:27
4847,25321,4,2,2019-10-01 17:14:39,2019-11-11 22:52:16
4847,25323,2,2,2019-10-03 06:14:38,2019-11-11 21:01:57
4847,25329,1,1,2019-10-24 19:47:42,2019-10-24 19:47:42
4847,25333,4,1,2019-10-04 01:57:12,2019-12-02 21:23:46
4847,25376,2,1,2019-10-12 18:28:24,2019-10-21 18:24:54
4847,25402,1,1,2019-10-18 17:15:30,2019-10-18 17:15:30
4847,25411,5,3,2020-01-31 09:18:04,2020-04-29 22:54:57
4847,25416,1,1,2019-10-31 19:11:00,2019-10-31 19:11:00
4847,25427,1,1,2019-11-09 21:25:02,2019-11-09 21:25:02
4847,25435,1,1,2019-10-24 19:53:59,2019-10-24 19:53:59
4847,25436,9,3,2019-10-29 18:44:25,2020-05-08 22:11:26
4847,25458,1,0,2019-10-26 21:05:19,2019-10-26 21:05:19
4847,25488,2,2,2019-10-31 18:50:37,2019-11-23 21:41:18
4847,25489,5,2,2019-10-31 18:59:49,2020-06-12 01:44:39
4847,25492,1,1,2019-11-06 19:09:05,2019-11-06 19:09:05
4847,25506,1,1,2019-11-06 06:42:09,2019-11-06 06:42:09
4847,25527,1,1,2019-11-11 21:30:47,2019-11-11 21:30:47
4847,25541,1,1,2019-11-13 21:26:57,2019-11-13 21:26:57
4847,25547,1,1,2019-12-25 11:58:17,2019-12-25 11:58:17
4847,25609,1,1,2019-12-03 23:22:48,2019-12-03 23:22:48
4847,25630,3,2,2019-12-04 01:45:27,2019-12-05 00:55:23
4847,25673,1,1,2019-12-16 07:34:25,2019-12-16 07:34:25
4847,25685,1,1,2019-12-19 03:36:39,2019-12-19 03:36:39
4847,25708,1,1,2020-01-22 03:52:11,2020-01-22 03:52:11
4847,25714,4,0,2020-07-19 18:14:36,2020-07-22 17:44:59
4847,25743,1,0,2020-01-02 19:43:59,2020-01-02 19:43:59
4847,25768,2,1,2020-01-06 23:21:05,2020-07-22 05:24:54
4847,25783,2,1,2020-02-21 19:57:26,2020-02-22 16:24:02
4847,25801,5,2,2020-01-23 04:56:44,2020-02-28 02:13:05
4847,25818,3,1,2020-01-15 22:11:48,2020-03-13 06:07:13
4847,25829,3,0,2020-02-11 22:00:54,2020-03-11 20:04:01
4847,25836,1,0,2020-05-12 09:03:10,2020-05-12 09:03:10
4847,25842,3,2,2020-01-24 22:26:10,2020-01-27 20:47:12
4847,25844,1,1,2020-01-23 05:38:04,2020-01-23 05:38:04
4847,25890,1,1,2020-01-30 21:37:00,2020-01-30 21:37:00
4847,25891,1,1,2020-01-31 23:12:04,2020-01-31 23:12:04
4847,25893,1,1,2020-02-01 00:44:23,2020-02-01 00:44:23
4847,25915,4,2,2020-03-11 19:58:23,2020-03-13 23:21:00
4847,25933,1,1,2020-02-08 21:46:41,2020-02-08 21:46:41
4847,25940,1,0,2020-03-30 23:03:35,2020-03-30 23:03:35
4847,25947,2,1,2020-02-11 07:22:33,2020-03-31 07:23:40
4847,25995,1,1,2020-02-20 12:25:08,2020-02-20 12:25:08
4847,26041,3,2,2020-04-17 00:05:29,2020-07-30 03:20:32
4847,26043,1,1,2020-03-14 22:19:50,2020-03-14 22:19:50
4847,26057,1,1,2020-03-18 23:59:24,2020-03-18 23:59:24
4847,26069,1,1,2020-03-09 07:06:05,2020-03-09 07:06:05
4847,26082,1,1,2020-03-11 07:58:35,2020-03-11 07:58:35
4847,26111,3,2,2020-03-25 03:00:20,2020-04-21 16:36:18
4847,26115,2,1,2020-03-15 22:27:10,2020-03-16 00:06:07
4847,26123,4,1,2020-03-17 23:12:10,2020-03-19 06:00:56
4847,26138,3,1,2020-03-18 17:09:36,2020-03-18 19:49:52
4847,26141,1,1,2020-03-28 03:45:03,2020-03-28 03:45:03
4847,26158,5,2,2020-03-30 22:03:39,2020-05-15 22:59:37
4847,26159,1,1,2020-03-21 22:05:34,2020-03-21 22:05:34
4847,26176,2,0,2020-03-25 22:08:28,2020-03-26 03:11:38
4847,26184,3,1,2020-05-05 18:57:14,2020-05-05 21:14:21
4847,26193,2,0,2020-05-01 18:59:26,2020-05-01 19:28:04
4847,26216,1,1,2020-03-28 03:30:14,2020-03-28 03:30:14
4847,26223,1,1,2020-03-27 00:51:55,2020-03-27 00:51:55
4847,26237,2,1,2020-03-30 18:48:04,2020-04-05 18:03:03
4847,26239,1,1,2020-04-10 06:41:40,2020-04-10 06:41:40
4847,27265,2,0,2020-03-29 18:37:16,2020-03-30 04:50:13
4847,27282,1,1,2020-03-30 18:22:20,2020-03-30 18:22:20
4847,27283,5,3,2020-03-30 18:12:50,2020-10-07 20:43:27
4847,27287,1,1,2020-03-30 22:05:46,2020-03-30 22:05:46
4847,27313,1,1,2020-04-06 19:55:06,2020-04-06 19:55:06
4847,27329,5,1,2020-07-08 23:38:24,2020-07-09 23:44:41
4847,27352,1,1,2020-04-19 03:52:06,2020-04-19 03:52:06
4847,27355,1,1,2020-04-17 08:21:07,2020-04-17 08:21:07
4847,27361,2,1,2020-12-19 00:38:16,2020-12-19 01:00:40
4847,27362,5,2,2020-06-30 02:42:15,2020-07-12 03:03:22
4847,27364,1,1,2020-04-18 04:33:25,2020-04-18 04:33:25
4847,27368,2,0,2020-04-06 08:06:29,2020-04-06 18:41:39
4847,27373,1,1,2020-04-06 07:56:21,2020-04-06 07:56:21
4847,27389,1,0,2020-04-06 19:40:45,2020-04-06 19:40:45
4847,27394,3,1,2020-04-06 19:38:01,2020-04-19 03:35:34
4847,27395,3,1,2020-04-06 19:09:57,2020-04-06 19:55:38
4847,27398,1,1,2020-04-06 23:00:04,2020-04-06 23:00:04
4847,27399,2,1,2020-05-13 19:02:28,2020-05-13 21:59:39
4847,27419,1,1,2020-04-08 16:04:47,2020-04-08 16:04:47
4847,27427,2,1,2020-04-25 01:24:55,2020-04-27 04:08:38
4847,27429,7,4,2020-04-10 06:22:07,2020-06-26 03:44:55
4847,27433,4,0,2020-05-14 18:35:40,2020-08-10 08:25:50
4847,27442,2,2,2020-04-09 17:04:53,2020-04-10 08:24:31
4847,27447,5,2,2020-04-10 06:32:22,2020-04-21 04:54:20
4847,27453,2,0,2021-06-21 03:04:31,2021-06-22 07:56:36
4847,27461,2,0,2020-04-24 16:11:06,2020-04-25 02:24:51
4847,27481,1,1,2020-04-21 04:57:46,2020-04-21 04:57:46
4847,27489,2,0,2020-04-12 17:51:16,2020-04-12 20:15:26
4847,27503,2,1,2020-04-16 05:16:56,2020-04-16 15:58:41
4847,27533,4,1,2020-04-16 05:21:06,2020-05-04 01:40:30
4847,27547,1,1,2020-05-07 23:10:14,2020-05-07 23:10:14
4847,27549,2,2,2020-04-16 04:12:18,2020-05-14 20:13:35
4847,27566,3,2,2020-04-16 16:03:15,2020-05-06 17:31:29
4847,27575,1,1,2020-04-28 21:58:05,2020-04-28 21:58:05
4847,27596,3,2,2020-05-02 18:32:44,2020-06-04 22:34:14
4847,27606,2,1,2020-04-19 03:36:57,2020-05-22 08:09:01
4847,27620,1,1,2020-04-19 03:13:45,2020-04-19 03:13:45
4847,27672,1,1,2020-04-21 16:29:10,2020-04-21 16:29:10
4847,27674,1,1,2020-04-21 17:30:38,2020-04-21 17:30:38
4847,27675,1,1,2020-08-07 19:02:03,2020-08-07 19:02:03
4847,27727,2,0,2020-04-30 21:21:23,2020-04-30 22:30:28
4847,27752,1,1,2020-05-13 17:27:07,2020-05-13 17:27:07
4847,27789,3,1,2020-12-07 22:37:32,2020-12-08 00:53:26
4847,27804,1,0,2020-04-27 16:35:27,2020-04-27 16:35:27
4847,27812,1,1,2020-04-27 21:59:34,2020-04-27 21:59:34
4847,27815,2,2,2020-04-27 21:56:03,2020-05-02 19:36:03
4847,27821,1,1,2020-05-28 21:06:03,2020-05-28 21:06:03
4847,27851,12,5,2020-04-29 08:11:39,2020-05-14 23:13:07
4847,27870,1,1,2020-04-29 22:46:15,2020-04-29 22:46:15
4847,27875,2,1,2020-04-29 21:55:15,2020-04-29 22:35:25
4847,27896,1,1,2020-04-30 16:25:39,2020-04-30 16:25:39
4847,27923,1,1,2020-05-02 18:14:09,2020-05-02 18:14:09
4847,27928,1,1,2020-05-02 22:59:58,2020-05-02 22:59:58
4847,27933,5,1,2020-05-13 05:57:40,2020-05-14 05:11:43
4847,27963,1,1,2020-05-09 18:09:31,2020-05-09 18:09:31
4847,27998,2,1,2020-05-06 17:17:57,2020-05-06 17:59:47
4847,28000,1,0,2020-05-05 17:27:26,2020-05-05 17:27:26
4847,28029,1,1,2020-05-07 02:09:19,2020-05-07 02:09:19
4847,28041,1,1,2020-05-07 17:08:57,2020-05-07 17:08:57
4847,28063,1,1,2020-05-09 17:50:49,2020-05-09 17:50:49
4847,28065,1,1,2020-05-12 20:00:52,2020-05-12 20:00:52
4847,28066,1,1,2020-05-08 20:06:22,2020-05-08 20:06:22
4847,28078,4,1,2020-05-09 06:01:42,2021-05-05 18:03:27
4847,28090,2,1,2020-05-09 17:58:53,2020-05-10 16:21:42
4847,28097,1,0,2020-07-21 20:40:29,2020-07-21 20:40:29
4847,28098,1,1,2020-05-14 18:31:38,2020-05-14 18:31:38
4847,28120,1,0,2020-05-13 18:19:22,2020-05-13 18:19:22
4847,28133,1,1,2020-05-11 22:35:54,2020-05-11 22:35:54
4847,28134,1,1,2020-05-13 06:06:51,2020-05-13 06:06:51
4847,28169,4,1,2020-05-13 18:15:33,2020-05-14 22:02:32
4847,28170,2,2,2020-08-26 20:01:25,2020-08-28 19:36:35
4847,28177,7,3,2020-05-13 17:42:45,2020-06-12 03:45:50
4847,28178,1,1,2020-05-13 17:39:01,2020-05-13 17:39:01
4847,28180,3,2,2020-06-15 21:37:01,2020-06-20 23:22:36
4847,28185,2,1,2020-05-14 04:52:29,2020-05-14 05:19:52
4847,28199,1,1,2020-05-14 19:53:36,2020-05-14 19:53:36
4847,28204,5,4,2020-05-15 05:58:15,2020-06-12 02:24:36
4847,28209,3,3,2020-05-15 16:55:19,2020-07-27 23:12:12
4847,28210,1,1,2020-06-26 12:02:45,2020-06-26 12:02:45
4847,28223,1,1,2020-06-17 19:58:57,2020-06-17 19:58:57
4847,28233,1,1,2020-06-17 21:11:32,2020-06-17 21:11:32
4847,28236,2,1,2020-05-30 17:00:50,2020-05-31 09:28:27
4847,28251,1,1,2020-05-17 22:25:52,2020-05-17 22:25:52
4847,28268,2,1,2020-05-25 07:02:33,2020-05-25 17:17:29
4847,28288,1,1,2020-05-19 18:05:39,2020-05-19 18:05:39
4847,28295,4,2,2020-06-15 19:48:24,2020-07-01 06:03:30
4847,28302,1,1,2020-05-28 21:14:32,2020-05-28 21:14:32
4847,28311,1,0,2020-05-20 23:53:58,2020-05-20 23:53:58
4847,28325,2,1,2020-11-19 20:13:55,2020-11-24 21:46:32
4847,28328,1,1,2020-05-21 22:15:33,2020-05-21 22:15:33
4847,28335,3,1,2020-07-02 04:40:27,2020-07-04 08:04:21
4847,28344,3,1,2020-05-29 16:36:36,2020-05-30 16:09:04
4847,28346,3,1,2020-05-22 22:14:35,2020-05-22 23:46:36
4847,28350,3,1,2020-08-03 04:02:26,2020-08-12 17:57:15
4847,28361,3,1,2020-05-23 18:45:40,2020-05-25 17:20:13
4847,28381,1,1,2020-05-30 23:56:07,2020-05-30 23:56:07
4847,28390,2,1,2020-05-25 05:13:50,2020-05-25 07:13:39
4847,28395,1,1,2020-06-04 20:51:18,2020-06-04 20:51:18
4847,28400,6,3,2020-09-29 19:01:57,2020-10-05 05:16:26
4847,28424,1,1,2020-06-14 07:19:34,2020-06-14 07:19:34
4847,28442,2,1,2020-05-28 06:33:04,2020-05-28 06:42:25
4847,28455,1,1,2020-05-29 00:52:57,2020-05-29 00:52:57
4847,28462,1,1,2020-06-27 10:17:18,2020-06-27 10:17:18
4847,28469,1,1,2020-06-07 23:07:59,2020-06-07 23:07:59
4847,28481,1,1,2020-05-30 21:55:46,2020-05-30 21:55:46
4847,28483,1,1,2020-05-30 21:36:39,2020-05-30 21:36:39
4847,28484,1,1,2020-05-30 22:05:37,2020-05-30 22:05:37
4847,28485,2,1,2020-06-15 18:59:43,2020-07-05 21:59:57
4847,28514,3,3,2020-06-06 17:51:25,2020-06-19 19:26:20
4847,28526,1,1,2020-06-01 22:08:04,2020-06-01 22:08:04
4847,28527,20,9,2020-06-23 06:41:49,2022-10-23 19:18:54
4847,28531,2,1,2020-06-04 22:44:25,2020-06-05 18:30:35
4847,28538,3,2,2020-06-02 18:27:01,2020-06-03 18:57:51
4847,28539,1,1,2020-07-05 22:04:29,2020-07-05 22:04:29
4847,28541,2,1,2020-06-02 18:39:01,2020-06-02 19:44:23
4847,28543,1,1,2020-06-02 18:34:07,2020-06-02 18:34:07
4847,28562,2,0,2020-07-13 23:54:07,2020-07-28 21:31:02
4847,28564,1,1,2020-06-13 21:21:16,2020-06-13 21:21:16
4847,28574,1,1,2020-06-04 22:49:28,2020-06-04 22:49:28
4847,28575,2,1,2020-08-12 22:06:57,2020-08-12 22:14:06
4847,28576,1,1,2020-06-04 21:01:05,2020-06-04 21:01:05
4847,28595,1,1,2020-06-06 02:37:28,2020-06-06 02:37:28
4847,28608,3,2,2020-06-10 03:19:43,2020-06-30 01:37:57
4847,28649,1,0,2020-06-09 18:43:10,2020-06-09 18:43:10
4847,28655,9,3,2020-06-30 05:52:18,2020-07-13 02:04:13
4847,28657,7,2,2020-06-10 16:41:48,2020-07-13 19:07:46
4847,28661,2,1,2022-02-21 07:21:51,2022-02-21 18:47:38
4847,28664,3,0,2020-06-11 06:05:44,2020-08-09 19:22:16
4847,28665,1,0,2020-06-14 22:01:25,2020-06-14 22:01:25
4847,28668,4,2,2020-07-10 18:03:44,2020-08-28 07:35:40
4847,28674,1,1,2020-06-11 18:05:02,2020-06-11 18:05:02
4847,28679,2,2,2020-06-11 22:30:20,2020-06-14 00:25:47
4847,28681,1,1,2020-06-11 23:48:37,2020-06-11 23:48:37
4847,28691,1,1,2020-06-12 21:24:14,2020-06-12 21:24:14
4847,28706,3,2,2020-06-13 18:58:47,2020-08-18 03:05:30
4847,28709,1,1,2020-06-13 22:17:44,2020-06-13 22:17:44
4847,28716,1,1,2020-07-04 07:42:46,2020-07-04 07:42:46
4847,28722,3,1,2020-06-24 03:45:17,2020-06-25 03:48:06
4847,28723,1,1,2020-06-25 21:50:57,2020-06-25 21:50:57
4847,28730,1,1,2020-06-18 21:12:01,2020-06-18 21:12:01
4847,28733,1,1,2020-06-15 06:37:45,2020-06-15 06:37:45
4847,28736,1,1,2020-06-15 19:40:11,2020-06-15 19:40:11
4847,28767,1,1,2020-06-17 19:07:09,2020-06-17 19:07:09
4847,28768,1,1,2020-06-17 20:24:46,2020-06-17 20:24:46
4847,28769,3,3,2020-06-17 20:11:17,2020-08-02 03:52:52
4847,28794,8,4,2020-06-19 01:56:37,2020-07-16 01:02:32
4847,28804,1,1,2020-07-07 22:41:44,2020-07-07 22:41:44
4847,28811,1,0,2020-06-20 23:33:32,2020-06-20 23:33:32
4847,28815,1,1,2020-06-21 03:36:38,2020-06-21 03:36:38
4847,28823,3,2,2020-06-21 11:06:05,2020-09-29 19:14:19
4847,28834,1,1,2020-06-22 05:08:02,2020-06-22 05:08:02
4847,28860,3,1,2020-06-23 16:17:44,2025-01-06 20:12:44
4847,28862,3,2,2020-06-23 16:29:29,2020-06-24 03:07:25
4847,28866,2,2,2020-06-24 00:42:02,2020-07-28 22:34:38
4847,28867,1,1,2020-06-23 22:43:14,2020-06-23 22:43:14
4847,28871,2,0,2020-06-24 20:59:58,2020-06-25 21:54:01
4847,28872,2,1,2020-06-24 04:51:22,2020-06-24 05:08:07
4847,28875,5,4,2020-06-24 21:03:44,2020-10-31 18:22:41
4847,28881,1,1,2020-06-25 00:45:30,2020-06-25 00:45:30
4847,28883,2,0,2020-07-12 21:07:07,2020-07-12 21:21:05
4847,28892,1,1,2020-06-26 01:22:34,2020-06-26 01:22:34
4847,28895,1,1,2020-06-26 11:34:27,2020-06-26 11:34:27
4847,28900,1,1,2020-06-26 21:38:06,2020-06-26 21:38:06
4847,28903,1,1,2020-06-26 20:35:41,2020-06-26 20:35:41
4847,28911,1,1,2020-07-04 08:00:20,2020-07-04 08:00:20
4847,28915,1,1,2020-06-28 05:33:05,2020-06-28 05:33:05
4847,28932,1,0,2020-06-30 01:47:45,2020-06-30 01:47:45
4847,28933,1,1,2020-07-15 06:28:31,2020-07-15 06:28:31
4847,28938,1,1,2020-06-30 01:42:29,2020-06-30 01:42:29
4847,28956,1,1,2020-07-01 01:30:28,2020-07-01 01:30:28
4847,28972,2,2,2020-07-02 10:38:13,2020-07-02 22:22:34
4847,28976,1,0,2020-07-04 08:03:23,2020-07-04 08:03:23
4847,28995,1,1,2020-07-04 21:30:47,2020-07-04 21:30:47
4847,28997,12,6,2020-07-04 07:36:06,2020-10-22 18:11:31
4847,28998,1,1,2020-07-04 07:29:15,2020-07-04 07:29:15
4847,28999,2,1,2020-07-04 07:22:55,2020-07-04 21:07:55
4847,29000,1,0,2020-07-04 07:12:19,2020-07-04 07:12:19
4847,29001,2,1,2020-07-04 07:10:01,2020-07-12 10:41:17
4847,29003,1,1,2020-07-04 07:07:43,2020-07-04 07:07:43
4847,29035,1,1,2020-07-24 03:11:39,2020-07-24 03:11:39
4847,29051,1,1,2020-07-08 22:55:52,2020-07-08 22:55:52
4847,29058,4,3,2020-12-29 21:10:51,2021-01-04 12:22:38
4847,29059,1,0,2020-07-22 17:47:35,2020-07-22 17:47:35
4847,29063,1,1,2020-07-11 19:32:43,2020-07-11 19:32:43
4847,29067,2,1,2020-07-10 01:07:18,2020-07-10 18:37:37
4847,29075,2,1,2020-07-21 07:46:08,2020-07-21 08:44:53
4847,29086,4,1,2020-07-13 03:17:39,2020-07-14 00:41:28
4847,29095,1,1,2020-07-11 15:47:26,2020-07-11 15:47:26
4847,29101,1,1,2020-07-12 03:09:50,2020-07-12 03:09:50
4847,29106,2,1,2020-07-12 06:54:22,2020-07-19 05:51:22
4847,29107,3,2,2020-08-08 21:31:22,2020-08-16 00:06:40
4847,29108,4,2,2020-07-12 08:28:31,2020-07-17 09:12:02
4847,29109,1,1,2020-08-03 16:42:48,2020-08-03 16:42:48
4847,29121,1,1,2020-08-05 18:00:26,2020-08-05 18:00:26
4847,29127,2,1,2020-07-13 22:45:36,2020-07-13 23:48:02
4847,29136,3,2,2020-07-14 16:43:23,2020-08-16 18:20:30
4847,29139,3,1,2020-09-18 05:36:04,2020-09-18 07:07:06
4847,29141,2,2,2020-07-17 19:32:56,2020-08-16 17:43:18
4847,29145,2,1,2020-07-15 21:56:16,2020-07-16 15:24:39
4847,29167,5,3,2020-07-17 20:45:02,2020-09-25 19:07:23
4847,29172,1,1,2020-07-18 19:06:24,2020-07-18 19:06:24
4847,29174,4,2,2020-07-19 00:17:41,2020-08-02 18:22:01
4847,29176,1,1,2020-07-19 02:47:02,2020-07-19 02:47:02
4847,29186,3,2,2020-07-19 18:12:48,2020-07-31 01:20:15
4847,29195,3,2,2020-07-20 03:29:13,2020-07-21 07:28:17
4847,29203,2,1,2020-08-10 18:31:55,2020-08-10 18:33:47
4847,29211,2,1,2020-08-01 17:28:59,2020-08-02 03:48:25
4847,29217,1,1,2020-07-22 01:35:27,2020-07-22 01:35:27
4847,29225,1,1,2020-07-23 04:21:06,2020-07-23 04:21:06
4847,29227,1,1,2020-07-30 22:27:32,2020-07-30 22:27:32
4847,29228,1,1,2020-07-22 21:47:20,2020-07-22 21:47:20
4847,29229,2,1,2020-07-22 22:48:02,2020-07-24 00:26:52
4847,29241,1,1,2020-07-23 17:29:55,2020-07-23 17:29:55
4847,29247,1,1,2020-08-31 04:34:15,2020-08-31 04:34:15
4847,29256,1,1,2020-08-31 20:49:56,2020-08-31 20:49:56
4847,29261,1,1,2020-07-26 06:26:53,2020-07-26 06:26:53
4847,29265,2,1,2020-07-28 04:51:49,2020-07-30 16:58:30
4847,29271,5,5,2020-07-27 01:32:41,2020-08-13 00:08:06
4847,29273,1,1,2020-08-03 04:43:34,2020-08-03 04:43:34
4847,29277,1,1,2020-07-28 05:12:19,2020-07-28 05:12:19
4847,29279,2,1,2020-07-28 05:53:42,2020-07-28 21:27:56
4847,29298,1,1,2020-08-02 18:34:12,2020-08-02 18:34:12
4847,29305,5,4,2020-07-30 19:05:03,2020-10-22 01:58:23
4847,29315,1,1,2020-09-12 04:58:22,2020-09-12 04:58:22
4847,29319,1,1,2020-08-01 10:51:41,2020-08-01 10:51:41
4847,29335,1,1,2020-08-02 19:06:35,2020-08-02 19:06:35
4847,29338,1,1,2020-08-03 16:35:34,2020-08-03 16:35:34
4847,29341,4,3,2020-08-03 16:57:53,2020-09-02 16:46:15
4847,29342,3,2,2020-08-03 17:44:07,2020-08-05 20:08:33
4847,29347,2,1,2020-08-03 23:36:12,2020-08-04 01:07:23
4847,29364,2,2,2020-08-06 17:56:53,2020-08-27 18:10:20
4847,29378,5,1,2020-08-06 04:57:22,2020-08-07 17:37:25
4847,29391,1,1,2020-09-07 23:20:46,2020-09-07 23:20:46
4847,29398,1,1,2020-08-07 20:26:14,2020-08-07 20:26:14
4847,29417,1,1,2020-08-18 03:15:27,2020-08-18 03:15:27
4847,29446,4,3,2020-08-12 20:19:20,2020-08-20 20:58:51
4847,29459,6,2,2020-08-21 01:50:39,2020-10-27 18:54:55
4847,29464,1,1,2020-08-14 20:20:05,2020-08-14 20:20:05
4847,29469,1,1,2020-08-15 17:03:09,2020-08-15 17:03:09
4847,29478,1,1,2020-08-16 17:56:19,2020-08-16 17:56:19
4847,29479,2,1,2020-09-25 19:28:26,2020-09-26 18:57:44
4847,29481,1,1,2020-08-17 02:07:33,2020-08-17 02:07:33
4847,29486,3,3,2020-08-17 00:13:31,2021-01-04 03:24:45
4847,29490,1,1,2020-08-17 06:36:25,2020-08-17 06:36:25
4847,29504,2,1,2020-08-18 17:40:59,2020-08-19 03:59:01
4847,29508,1,1,2020-10-11 19:29:15,2020-10-11 19:29:15
4847,29510,2,1,2020-09-12 04:33:01,2020-09-12 21:42:16
4847,29512,1,0,2020-08-28 00:02:07,2020-08-28 00:02:07
4847,29524,6,4,2020-08-20 16:48:13,2020-12-02 23:11:09
4847,29528,1,1,2020-09-03 00:36:27,2020-09-03 00:36:27
4847,29531,2,1,2020-08-22 23:34:02,2020-09-06 00:21:25
4847,29536,1,1,2020-08-25 02:07:59,2020-08-25 02:07:59
4847,29543,1,1,2020-08-25 02:05:08,2020-08-25 02:05:08
4847,29561,1,1,2020-08-28 00:00:22,2020-08-28 00:00:22
4847,29563,2,1,2020-08-24 21:43:55,2020-08-25 00:12:28
4847,29566,3,2,2020-08-26 04:14:49,2020-08-30 03:58:19
4847,29575,2,2,2020-08-27 03:42:32,2020-08-27 20:58:16
4847,29578,6,4,2020-08-27 21:46:14,2020-09-16 21:49:22
4847,29583,1,1,2020-08-27 23:07:07,2020-08-27 23:07:07
4847,29587,1,1,2020-08-28 02:02:45,2020-08-28 02:02:45
4847,29591,8,3,2020-09-04 00:51:31,2020-09-19 01:47:46
4847,29594,2,2,2020-08-29 03:18:34,2020-09-06 00:27:57
4847,29602,1,1,2020-08-29 19:38:04,2020-08-29 19:38:04
4847,29608,3,2,2020-08-30 19:13:12,2020-09-06 00:17:30
4847,29615,1,0,2020-08-31 16:51:22,2020-08-31 16:51:22
4847,29616,1,1,2020-09-09 18:01:51,2020-09-09 18:01:51
4847,29628,1,0,2020-10-16 04:00:05,2020-10-16 04:00:05
4847,29632,2,1,2020-09-02 20:42:36,2020-09-04 06:57:36
4847,29640,3,1,2020-09-03 00:43:55,2020-09-03 01:31:48
4847,29647,1,1,2020-09-04 04:46:07,2020-09-04 04:46:07
4847,29656,1,0,2020-09-05 19:02:43,2020-09-05 19:02:43
4847,29657,1,1,2020-09-06 00:10:18,2020-09-06 00:10:18
4847,29674,1,1,2020-09-08 01:37:20,2020-09-08 01:37:20
4847,29734,2,1,2020-09-20 10:42:50,2020-09-21 20:50:15
4847,29740,1,0,2020-11-23 00:06:52,2020-11-23 00:06:52
4847,29761,3,1,2020-09-17 20:43:39,2020-09-17 21:50:33
4847,29784,2,1,2020-10-03 20:02:50,2020-10-10 16:40:44
4847,29798,1,1,2020-09-22 19:44:54,2020-09-22 19:44:54
4847,29803,1,1,2020-10-05 18:37:23,2020-10-05 18:37:23
4847,29822,1,1,2020-09-25 20:53:56,2020-09-25 20:53:56
4847,29829,1,1,2020-09-27 21:57:26,2020-09-27 21:57:26
4847,29830,2,1,2020-09-27 22:10:03,2020-09-28 08:30:23
4847,29832,3,2,2020-09-27 22:12:28,2021-02-02 14:34:01
4847,29836,1,1,2020-10-12 20:30:54,2020-10-12 20:30:54
4847,29860,1,0,2020-10-02 05:59:24,2020-10-02 05:59:24
4847,29867,9,9,2020-10-02 18:00:27,2020-10-22 18:34:14
4847,29869,10,4,2020-10-01 22:10:22,2020-10-23 18:01:20
4847,29876,1,1,2020-10-02 17:54:26,2020-10-02 17:54:26
4847,29898,1,0,2020-10-05 18:27:47,2020-10-05 18:27:47
4847,29903,1,1,2020-10-06 05:19:51,2020-10-06 05:19:51
4847,29909,1,1,2020-10-06 20:27:34,2020-10-06 20:27:34
4847,29910,2,1,2020-10-06 20:24:57,2020-10-06 21:06:56
4847,29914,2,1,2020-10-07 19:53:55,2020-10-07 19:59:27
4847,29939,1,1,2020-10-11 05:08:40,2020-10-11 05:08:40
4847,29942,1,1,2020-10-12 06:56:50,2020-10-12 06:56:50
4847,29943,1,1,2020-10-12 07:05:14,2020-10-12 07:05:14
4847,29947,1,1,2020-10-12 17:38:05,2020-10-12 17:38:05
4847,29948,1,1,2020-10-12 17:18:53,2020-10-12 17:18:53
4847,30953,13,10,2020-10-13 05:52:49,2023-07-02 05:17:51
4847,30954,1,1,2020-10-13 05:35:36,2020-10-13 05:35:36
4847,30957,2,1,2020-10-13 23:28:46,2020-10-20 18:57:21
4847,30961,2,2,2020-10-14 18:27:56,2021-03-18 02:58:33
4847,30972,2,1,2020-10-15 22:30:53,2020-10-16 16:10:25
4847,30997,1,0,2020-10-19 19:38:01,2020-10-19 19:38:01
4847,31002,3,0,2020-11-09 18:06:30,2020-11-28 19:55:41
4847,31005,1,1,2020-10-20 19:46:44,2020-10-20 19:46:44
4847,31007,1,1,2020-10-21 17:04:00,2020-10-21 17:04:00
4847,31014,1,1,2020-10-22 18:25:47,2020-10-22 18:25:47
4847,31019,1,1,2020-10-22 19:57:46,2020-10-22 19:57:46
4847,31020,4,1,2020-10-23 02:35:23,2021-09-17 00:57:55
4847,31032,1,1,2020-10-27 19:24:42,2020-10-27 19:24:42
4847,31034,2,1,2020-10-24 18:38:20,2020-10-26 20:39:43
4847,31043,1,1,2020-10-28 15:45:21,2020-10-28 15:45:21
4847,31050,2,2,2020-10-27 18:53:23,2020-10-31 18:30:26
4847,31058,1,1,2020-10-27 19:27:22,2020-10-27 19:27:22
4847,31061,1,1,2020-10-28 04:58:27,2020-10-28 04:58:27
4847,31063,2,2,2020-10-28 15:54:42,2020-11-11 19:39:21
4847,31064,1,1,2020-10-29 16:27:19,2020-10-29 16:27:19
4847,31072,2,1,2020-11-05 19:27:55,2020-11-28 19:21:59
4847,31093,2,1,2021-09-12 09:22:50,2021-09-12 21:51:14
4847,31094,1,1,2020-11-02 22:05:04,2020-11-02 22:05:04
4847,31104,1,1,2020-11-02 23:21:19,2020-11-02 23:21:19
4847,31105,1,1,2020-11-02 23:40:45,2020-11-02 23:40:45
4847,31110,2,1,2020-11-03 17:53:26,2020-11-05 08:05:20
4847,31115,2,2,2020-11-03 20:34:02,2020-11-08 21:13:17
4847,31129,2,1,2020-11-05 19:48:14,2020-11-06 20:19:22
4847,31142,6,3,2020-11-07 21:44:42,2020-11-16 18:26:23
4847,31143,1,1,2020-11-07 22:02:33,2020-11-07 22:02:33
4847,31145,1,0,2020-11-09 18:10:00,2020-11-09 18:10:00
4847,31185,1,0,2020-11-14 23:01:27,2020-11-14 23:01:27
4847,31189,9,6,2020-11-14 03:14:31,2021-07-27 19:19:59
4847,31192,1,0,2020-11-14 23:14:44,2020-11-14 23:14:44
4847,31205,1,1,2020-12-02 05:00:09,2020-12-02 05:00:09
4847,31212,2,1,2020-11-18 19:22:47,2020-11-19 19:30:01
4847,31216,3,1,2020-12-29 21:22:57,2021-06-16 22:33:57
4847,31225,3,3,2020-12-02 19:23:11,2021-09-12 22:40:15
4847,31251,2,1,2020-11-24 00:49:16,2020-11-24 20:24:36
4847,31254,2,1,2020-12-02 02:20:50,2020-12-02 04:28:02
4847,31269,2,2,2020-11-28 19:15:57,2020-12-05 18:49:35
4847,31301,1,1,2020-12-02 07:21:09,2020-12-02 07:21:09
4847,31311,1,1,2020-12-02 19:36:11,2020-12-02 19:36:11
4847,31326,1,1,2020-12-04 19:09:10,2020-12-04 19:09:10
4847,31344,1,0,2020-12-07 11:09:35,2020-12-07 11:09:35
4847,31355,1,1,2020-12-08 00:51:48,2020-12-08 00:51:48
4847,31358,1,1,2020-12-08 19:38:39,2020-12-08 19:38:39
4847,31368,1,0,2021-02-02 07:30:02,2021-02-02 07:30:02
4847,31380,2,2,2020-12-11 02:05:56,2021-01-12 02:37:08
4847,31384,4,1,2021-02-16 02:03:54,2021-02-16 02:33:03
4847,31389,1,1,2020-12-13 22:36:57,2020-12-13 22:36:57
4847,31404,1,1,2020-12-15 07:14:28,2020-12-15 07:14:28
4847,31408,1,1,2021-02-12 22:31:25,2021-02-12 22:31:25
4847,31418,1,1,2020-12-29 03:49:11,2020-12-29 03:49:11
4847,31449,1,1,2020-12-25 03:37:50,2020-12-25 03:37:50
4847,31466,1,1,2020-12-23 07:51:52,2020-12-23 07:51:52
4847,31472,1,0,2020-12-24 01:20:41,2020-12-24 01:20:41
4847,31487,1,1,2020-12-28 01:59:37,2020-12-28 01:59:37
4847,31490,1,1,2020-12-28 11:09:12,2020-12-28 11:09:12
4847,31505,1,1,2020-12-29 21:00:51,2020-12-29 21:00:51
4847,31517,2,2,2021-01-09 03:20:48,2021-01-09 23:21:56
4847,31534,1,0,2021-01-06 03:05:08,2021-01-06 03:05:08
4847,31584,4,1,2021-07-16 04:59:52,2021-07-17 10:00:25
4847,31588,1,1,2021-01-06 09:01:30,2021-01-06 09:01:30
4847,31589,1,1,2021-01-05 23:39:47,2021-01-05 23:39:47
4847,31598,10,1,2021-01-06 21:09:31,2021-03-31 01:54:09
4847,31634,1,1,2021-01-14 04:04:16,2021-01-14 04:04:16
4847,31642,2,1,2021-01-13 00:46:34,2021-01-13 05:10:29
4847,31660,3,3,2021-01-28 23:44:11,2021-02-21 20:01:22
4847,31674,2,2,2021-01-18 05:06:11,2021-02-02 01:54:16
4847,31678,1,1,2021-01-18 09:34:15,2021-01-18 09:34:15
4847,31692,1,1,2021-01-20 22:28:22,2021-01-20 22:28:22
4847,31696,3,2,2021-01-21 04:35:23,2021-01-28 22:08:54
4847,31716,1,1,2021-01-28 22:41:28,2021-01-28 22:41:28
4847,31729,1,0,2021-01-26 03:07:20,2021-01-26 03:07:20
4847,31743,6,3,2022-07-11 23:27:49,2022-08-07 04:47:55
4847,31744,1,1,2021-04-30 06:43:42,2021-04-30 06:43:42
4847,31758,4,1,2021-01-28 22:34:31,2021-01-29 10:51:08
4847,31773,1,0,2021-01-30 00:23:57,2021-01-30 00:23:57
4847,31775,2,1,2021-01-30 19:37:16,2021-01-31 03:00:28
4847,31779,4,2,2021-01-31 07:21:28,2021-02-07 03:07:06
4847,31792,2,2,2021-03-18 01:06:22,2021-03-18 23:09:19
4847,31824,1,1,2021-02-06 09:32:29,2021-02-06 09:32:29
4847,31834,3,3,2021-02-12 02:15:13,2021-03-03 00:09:47
4847,31843,1,1,2021-02-10 23:30:51,2021-02-10 23:30:51
4847,31856,1,1,2021-02-12 23:06:20,2021-02-12 23:06:20
4847,31895,6,5,2021-02-23 00:40:38,2021-03-23 22:31:06
4847,31915,2,1,2021-02-22 00:26:32,2021-02-22 10:33:30
4847,31942,1,1,2021-02-26 08:12:18,2021-02-26 08:12:18
4847,31945,1,1,2021-02-25 22:49:42,2021-02-25 22:49:42
4847,31951,3,1,2021-02-28 01:10:26,2021-02-28 02:32:40
4847,31960,1,1,2021-03-01 07:27:54,2021-03-01 07:27:54
4847,31964,3,1,2021-03-12 08:04:23,2021-03-12 21:01:15
4847,31966,1,1,2021-03-03 00:19:56,2021-03-03 00:19:56
4847,31988,3,1,2021-03-06 15:56:48,2021-03-06 16:16:57
4847,32002,3,3,2021-03-08 11:28:11,2021-04-01 20:41:21
4847,32011,4,1,2021-03-11 05:33:23,2021-03-15 09:35:47
4847,32053,1,1,2021-03-16 08:41:15,2021-03-16 08:41:15
4847,32057,1,1,2021-03-16 20:42:20,2021-03-16 20:42:20
4847,32081,1,1,2021-03-22 09:07:34,2021-03-22 09:07:34
4847,32085,2,0,2021-04-11 17:40:32,2021-04-12 01:06:25
4847,32120,1,1,2021-03-28 07:50:40,2021-03-28 07:50:40
4847,32122,1,1,2021-03-28 03:10:32,2021-03-28 03:10:32
4847,32137,1,0,2021-03-30 00:41:09,2021-03-30 00:41:09
4847,32145,5,3,2021-04-02 01:47:29,2021-04-18 23:32:22
4847,32192,1,1,2021-04-05 09:31:18,2021-04-05 09:31:18
4847,32221,5,4,2021-04-07 17:05:37,2021-04-14 21:38:10
4847,32280,1,1,2021-09-20 22:55:49,2021-09-20 22:55:49
4847,32286,1,1,2021-04-16 23:37:55,2021-04-16 23:37:55
4847,32301,1,1,2021-05-04 22:52:23,2021-05-04 22:52:23
4847,32327,5,4,2021-07-23 09:15:34,2021-10-25 06:43:23
4847,32356,1,1,2021-06-16 21:19:29,2021-06-16 21:19:29
4847,32363,1,1,2021-05-23 03:03:16,2021-05-23 03:03:16
4847,32392,1,1,2021-05-01 04:52:47,2021-05-01 04:52:47
4847,32416,3,1,2021-05-04 23:03:05,2021-05-06 19:22:32
4847,32417,2,1,2021-05-04 22:55:00,2021-05-05 18:29:02
4847,32429,2,1,2021-05-27 08:04:48,2021-05-28 22:15:03
4847,32445,1,1,2021-05-16 18:44:01,2021-05-16 18:44:01
4847,32487,1,1,2021-05-16 18:33:37,2021-05-16 18:33:37
4847,32547,1,1,2021-05-26 02:03:47,2021-05-26 02:03:47
4847,32549,3,2,2021-05-26 01:55:09,2021-06-04 20:15:20
4847,32569,1,1,2021-05-28 23:00:23,2021-05-28 23:00:23
4847,32574,7,2,2021-05-28 23:12:45,2021-06-14 21:40:58
4847,32610,9,3,2021-06-05 22:41:36,2022-01-03 03:05:33
4847,32616,3,1,2021-06-03 20:15:40,2021-06-04 20:00:12
4847,32625,1,1,2021-06-10 22:48:40,2021-06-10 22:48:40
4847,32655,3,2,2021-06-10 01:31:00,2022-07-24 08:22:56
4847,32661,1,1,2021-07-17 20:28:26,2021-07-17 20:28:26
4847,32667,1,1,2021-06-10 22:45:18,2021-06-10 22:45:18
4847,32668,1,1,2021-06-11 02:51:22,2021-06-11 02:51:22
4847,32676,2,2,2021-06-11 20:25:20,2021-06-21 03:01:47
4847,32678,3,1,2021-06-12 00:10:19,2021-09-26 04:29:29
4847,32692,2,1,2021-06-14 21:38:43,2021-06-14 23:32:35
4847,32714,1,1,2021-06-16 20:55:55,2021-06-16 20:55:55
4847,32729,1,1,2021-06-24 06:26:00,2021-06-24 06:26:00
4847,32759,2,1,2021-06-24 21:56:30,2021-06-26 00:59:17
4847,32786,1,1,2021-07-02 02:07:45,2021-07-02 02:07:45
4847,32814,1,1,2021-07-13 22:24:19,2021-07-13 22:24:19
4847,32894,4,1,2021-07-17 01:09:27,2021-07-17 02:35:57
4847,32895,3,2,2021-07-17 00:44:13,2021-08-08 02:38:09
4847,32902,1,1,2021-07-18 21:35:55,2021-07-18 21:35:55
4847,32943,8,4,2021-07-27 04:18:01,2021-08-09 11:14:36
4847,33974,1,1,2021-07-31 13:41:51,2021-07-31 13:41:51
4847,33976,1,0,2021-08-11 12:06:47,2021-08-11 12:06:47
4847,33981,1,1,2021-08-03 03:22:55,2021-08-03 03:22:55
4847,33994,2,1,2021-08-04 19:25:00,2021-08-11 11:48:32
4847,34002,4,1,2021-10-09 09:53:01,2021-10-28 21:33:05
4847,34013,2,1,2021-08-08 01:20:54,2021-08-08 01:52:38
4847,34034,1,1,2021-08-13 01:12:18,2021-08-13 01:12:18
4847,34038,1,1,2022-05-14 21:28:47,2022-05-14 21:28:47
4847,34054,1,1,2021-08-16 18:24:56,2021-08-16 18:24:56
4847,34058,2,1,2021-08-17 00:40:02,2021-08-17 02:42:28
4847,34064,1,1,2021-08-18 00:49:45,2021-08-18 00:49:45
4847,34073,1,1,2021-08-18 19:36:06,2021-08-18 19:36:06
4847,34088,1,1,2021-08-22 20:14:11,2021-08-22 20:14:11
4847,34095,2,0,2021-08-24 04:54:08,2021-08-24 04:56:52
4847,34137,1,1,2021-11-02 18:06:17,2021-11-02 18:06:17
4847,34145,1,0,2021-08-31 21:31:31,2021-08-31 21:31:31
4847,34155,1,1,2021-09-02 05:43:33,2021-09-02 05:43:33
4847,34160,1,1,2021-09-02 22:02:23,2021-09-02 22:02:23
4847,34161,2,2,2021-09-20 22:39:35,2021-09-29 10:44:17
4847,34247,1,1,2021-09-17 02:10:08,2021-09-17 02:10:08
4847,34258,2,1,2021-09-17 08:34:19,2021-09-17 08:53:26
4847,34278,2,1,2021-10-15 00:41:12,2021-10-18 04:58:29
4847,34300,1,1,2021-10-06 06:50:10,2021-10-06 06:50:10
4847,34314,1,1,2021-09-26 04:20:11,2021-09-26 04:20:11
4847,34315,1,1,2021-12-08 20:09:35,2021-12-08 20:09:35
4847,34330,3,1,2021-09-28 05:25:33,2021-10-13 02:04:05
4847,34360,1,1,2021-10-02 22:28:50,2021-10-02 22:28:50
4847,34377,5,3,2021-10-05 22:41:39,2021-10-14 22:11:12
4847,34381,1,1,2021-10-05 22:31:16,2021-10-05 22:31:16
4847,34409,1,1,2021-10-10 03:12:02,2021-10-10 03:12:02
4847,34412,2,2,2021-10-10 15:39:12,2021-10-11 06:01:10
4847,34437,2,2,2021-11-01 19:41:06,2022-01-04 00:55:14
4847,34447,1,1,2021-10-14 23:50:08,2021-10-14 23:50:08
4847,34454,1,0,2021-10-16 10:10:50,2021-10-16 10:10:50
4847,34518,1,1,2021-10-23 05:44:48,2021-10-23 05:44:48
4847,34538,1,0,2021-10-25 09:04:36,2021-10-25 09:04:36
4847,34549,1,1,2021-10-28 17:04:27,2021-10-28 17:04:27
4847,34558,1,1,2021-10-28 18:33:22,2021-10-28 18:33:22
4847,34559,1,0,2021-10-28 18:35:30,2021-10-28 18:35:30
4847,34570,1,1,2021-10-31 17:21:52,2021-10-31 17:21:52
4847,34590,1,0,2021-11-02 18:08:52,2021-11-02 18:08:52
4847,34592,1,1,2021-11-02 18:21:14,2021-11-02 18:21:14
4847,34605,2,1,2021-11-06 01:19:51,2021-11-06 16:38:48
4847,34642,1,0,2021-11-11 23:48:11,2021-11-11 23:48:11
4847,34692,2,1,2021-11-21 22:58:54,2021-11-22 22:14:26
4847,34707,1,1,2021-11-24 23:26:59,2021-11-24 23:26:59
4847,34777,1,1,2021-12-09 00:20:20,2021-12-09 00:20:20
4847,34793,1,1,2024-02-10 09:54:20,2024-02-10 09:54:20
4847,34829,1,1,2021-12-19 20:16:48,2021-12-19 20:16:48
4847,34850,1,1,2021-12-29 23:58:19,2021-12-29 23:58:19
4847,34869,1,1,2021-12-26 02:14:14,2021-12-26 02:14:14
4847,34903,1,1,2021-12-30 00:02:41,2021-12-30 00:02:41
4847,34923,1,0,2022-01-03 03:04:09,2022-01-03 03:04:09
4847,34945,4,3,2022-07-31 07:19:51,2023-05-17 23:37:47
4847,34996,1,1,2022-01-11 09:23:45,2022-01-11 09:23:45
4847,35048,3,1,2022-01-29 06:54:55,2022-01-30 18:03:05
4847,35049,1,1,2022-01-18 06:51:25,2022-01-18 06:51:25
4847,35055,1,1,2022-01-18 17:35:27,2022-01-18 17:35:27
4847,35128,1,1,2022-07-02 22:19:33,2022-07-02 22:19:33
4847,35136,1,1,2022-05-24 18:35:52,2022-05-24 18:35:52
4847,35155,1,1,2022-02-06 07:10:27,2022-02-06 07:10:27
4847,35211,1,0,2022-03-14 18:58:27,2022-03-14 18:58:27
4847,35222,1,1,2022-02-18 20:04:23,2022-02-18 20:04:23
4847,35230,1,1,2022-06-28 23:55:20,2022-06-28 23:55:20
4847,35345,2,2,2022-04-09 17:16:47,2022-04-19 21:09:47
4847,35350,1,1,2022-03-07 18:46:05,2022-03-07 18:46:05
4847,35452,1,0,2022-03-23 21:12:58,2022-03-23 21:12:58
4847,35469,1,1,2022-03-26 02:34:00,2022-03-26 02:34:00
4847,35488,2,1,2022-03-29 22:08:34,2022-03-30 04:55:58
4847,35509,1,1,2022-04-01 19:22:54,2022-04-01 19:22:54
4847,35534,1,1,2022-04-05 16:44:02,2022-04-05 16:44:02
4847,35537,4,3,2022-04-05 19:15:13,2022-08-09 17:55:29
4847,35553,1,1,2022-04-08 15:02:31,2022-04-08 15:02:31
4847,35583,1,0,2022-04-15 20:31:17,2022-04-15 20:31:17
4847,35585,1,1,2022-04-15 20:29:24,2022-04-15 20:29:24
4847,35602,1,1,2022-05-10 23:49:38,2022-05-10 23:49:38
4847,35622,1,1,2022-04-24 09:04:55,2022-04-24 09:04:55
4847,35630,1,1,2022-04-24 08:47:59,2022-04-24 08:47:59
4847,35677,1,1,2022-07-18 00:02:21,2022-07-18 00:02:21
4847,35692,2,1,2022-05-03 23:35:28,2022-05-04 06:21:50
4847,35702,2,1,2022-05-05 22:13:16,2022-05-10 03:54:58
4847,35706,2,1,2022-05-06 05:29:22,2022-05-06 23:28:01
4847,35755,1,1,2022-06-25 03:33:53,2022-06-25 03:33:53
4847,35757,1,1,2022-05-13 02:10:12,2022-05-13 02:10:12
4847,35793,1,1,2022-05-17 20:20:43,2022-05-17 20:20:43
4847,35800,4,3,2022-05-20 00:23:33,2022-05-26 20:18:54
4847,35804,1,1,2022-05-18 23:13:03,2022-05-18 23:13:03
4847,35825,2,1,2022-05-21 20:50:41,2022-05-22 21:40:15
4847,35851,1,1,2022-05-24 19:00:31,2022-05-24 19:00:31
4847,35905,1,1,2022-05-29 19:59:21,2022-05-29 19:59:21
4847,35927,3,2,2022-11-21 20:47:38,2022-11-24 22:05:35
4847,35950,1,1,2022-06-02 21:13:46,2022-06-02 21:13:46
4847,35955,2,0,2022-06-03 21:32:06,2022-06-04 22:11:40
4847,35969,1,1,2022-06-05 22:31:46,2022-06-05 22:31:46
4847,35989,2,1,2022-06-08 04:47:10,2022-06-08 20:52:51
4847,36006,2,1,2022-12-08 07:29:55,2022-12-08 23:04:26
4847,36013,2,1,2022-06-10 06:05:00,2022-06-10 21:46:49
4847,36015,1,1,2022-06-10 06:03:40,2022-06-10 06:03:40
4847,36016,1,1,2022-06-16 04:28:14,2022-06-16 04:28:14
4847,36026,1,1,2022-06-11 21:22:29,2022-06-11 21:22:29
4847,36114,1,1,2022-06-20 20:34:17,2022-06-20 20:34:17
4847,36120,1,1,2022-06-20 20:13:45,2022-06-20 20:13:45
4847,36140,1,1,2022-06-25 02:34:29,2022-06-25 02:34:29
4847,36154,2,2,2022-06-27 02:09:12,2022-06-27 23:17:45
4847,36192,2,1,2022-07-06 22:51:06,2022-07-10 21:39:37
4847,36211,2,1,2022-07-03 23:56:21,2022-07-05 20:00:25
4847,36225,1,1,2022-07-04 22:19:37,2022-07-04 22:19:37
4847,36226,2,1,2022-07-05 22:24:56,2022-07-05 23:35:56
4847,36265,2,1,2022-07-10 22:31:22,2022-07-11 07:04:20
4847,36266,1,1,2022-07-10 22:30:19,2022-07-10 22:30:19
4847,36279,1,1,2022-07-11 19:44:17,2022-07-11 19:44:17
4847,36281,1,1,2022-07-13 22:13:03,2022-07-13 22:13:03
4847,36282,2,1,2022-07-26 17:52:00,2022-07-27 22:34:13
4847,36307,5,3,2022-07-14 20:10:43,2023-05-25 04:37:07
4847,36317,3,0,2022-07-15 22:46:23,2022-07-16 05:14:57
4847,36322,1,1,2022-07-16 11:47:32,2022-07-16 11:47:32
4847,36370,2,1,2022-07-22 00:09:53,2022-07-22 06:13:12
4847,36394,1,1,2022-07-24 20:56:08,2022-07-24 20:56:08
4847,36400,1,1,2022-07-25 04:39:28,2022-07-25 04:39:28
4847,36412,1,1,2022-07-26 05:37:34,2022-07-26 05:37:34
4847,36447,1,1,2022-07-31 09:11:05,2022-07-31 09:11:05
4847,36482,1,1,2022-08-07 23:08:07,2022-08-07 23:08:07
4847,36506,1,1,2022-08-07 23:13:56,2022-08-07 23:13:56
4847,36518,1,1,2022-08-08 17:58:53,2022-08-08 17:58:53
4847,36523,2,1,2022-10-15 22:31:58,2022-10-16 08:04:33
4847,36569,1,1,2022-08-13 21:49:31,2022-08-13 21:49:31
4847,36570,4,2,2022-08-14 01:37:41,2022-09-29 00:54:40
4847,36587,1,1,2022-09-05 18:27:33,2022-09-05 18:27:33
4847,36607,1,1,2022-08-19 01:47:16,2022-08-19 01:47:16
4847,36608,2,1,2022-08-19 04:34:35,2022-08-21 17:19:37
4847,36624,1,1,2022-08-19 16:29:02,2022-08-19 16:29:02
4847,36648,1,1,2022-08-23 17:55:32,2022-08-23 17:55:32
4847,36649,1,1,2022-08-23 07:52:14,2022-08-23 07:52:14
4847,36658,1,1,2022-09-09 16:34:11,2022-09-09 16:34:11
4847,36661,2,1,2022-08-25 08:14:24,2022-08-26 17:29:35
4847,36664,1,1,2022-08-26 08:45:59,2022-08-26 08:45:59
4847,36682,1,1,2022-08-29 09:14:28,2022-08-29 09:14:28
4847,36700,1,0,2022-08-29 08:19:20,2022-08-29 08:19:20
4847,36733,1,1,2022-09-01 17:32:22,2022-09-01 17:32:22
4847,36734,1,1,2022-12-27 20:06:04,2022-12-27 20:06:04
4847,36829,1,1,2023-03-07 00:30:00,2023-03-07 00:30:00
4847,36847,2,2,2022-09-14 00:41:33,2022-09-15 05:45:36
4847,36906,1,0,2022-09-20 18:55:31,2022-09-20 18:55:31
4847,36942,1,1,2022-09-25 23:20:41,2022-09-25 23:20:41
4847,36950,1,1,2022-09-25 22:54:41,2022-09-25 22:54:41
4847,36955,1,1,2022-09-26 06:46:50,2022-09-26 06:46:50
4847,36975,2,1,2022-09-28 18:14:18,2022-09-28 20:34:13
4847,36998,1,1,2022-10-16 19:33:13,2022-10-16 19:33:13
4847,37019,1,0,2022-10-02 21:04:11,2022-10-02 21:04:11
4847,37035,2,1,2022-10-04 19:31:00,2022-10-04 20:38:03
4847,37040,2,1,2022-10-06 17:48:03,2022-10-07 18:16:23
4847,37068,1,0,2022-12-12 21:55:41,2022-12-12 21:55:41
4847,37069,1,1,2022-10-13 21:59:46,2022-10-13 21:59:46
4847,37100,1,0,2022-10-13 21:48:50,2022-10-13 21:48:50
4847,37110,1,1,2022-10-13 21:46:55,2022-10-13 21:46:55
4847,37131,16,9,2022-10-17 19:51:24,2023-06-22 00:38:57
4847,37139,1,1,2022-10-18 02:23:18,2022-10-18 02:23:18
4847,37146,1,1,2022-10-18 18:27:43,2022-10-18 18:27:43
4847,37147,1,1,2022-10-18 18:16:47,2022-10-18 18:16:47
4847,37158,2,1,2022-10-19 19:52:29,2022-10-19 20:14:16
4847,37159,1,0,2022-10-20 00:32:50,2022-10-20 00:32:50
4847,37274,2,1,2022-10-31 03:17:39,2022-10-31 04:28:40
4847,37307,1,1,2022-11-03 06:41:55,2022-11-03 06:41:55
4847,37313,2,1,2022-11-03 21:06:53,2022-11-04 20:26:59
4847,37320,1,0,2022-11-04 21:00:08,2022-11-04 21:00:08
4847,37326,2,1,2022-11-04 20:30:13,2022-11-04 20:37:06
4847,37329,1,1,2022-12-04 03:11:24,2022-12-04 03:11:24
4847,37339,1,1,2022-11-06 09:08:58,2022-11-06 09:08:58
4847,37341,1,1,2022-12-12 04:09:41,2022-12-12 04:09:41
4847,37354,1,1,2022-11-08 21:39:24,2022-11-08 21:39:24
4847,37395,2,1,2022-11-11 19:14:59,2022-11-11 21:39:49
4847,37399,3,1,2022-11-11 21:51:16,2022-11-12 20:36:25
4847,37420,1,1,2022-11-17 23:26:34,2022-11-17 23:26:34
4847,37438,1,1,2022-11-16 09:30:35,2022-11-16 09:30:35
4847,37457,1,1,2022-11-17 21:37:21,2022-11-17 21:37:21
4847,37461,1,1,2022-11-18 07:19:26,2022-11-18 07:19:26
4847,37539,1,1,2022-11-26 19:01:25,2022-11-26 19:01:25
4847,37547,2,2,2023-04-27 21:14:07,2023-05-12 01:50:21
4847,37549,2,1,2022-12-12 22:13:27,2022-12-13 23:25:49
4847,37553,1,0,2024-09-13 12:06:29,2024-09-13 12:06:29
4847,37569,1,0,2022-12-04 03:15:13,2022-12-04 03:15:13
4847,37587,1,1,2022-12-04 02:51:05,2022-12-04 02:51:05
4847,37594,1,1,2022-12-05 10:52:51,2022-12-05 10:52:51
4847,37633,1,1,2022-12-08 23:20:34,2022-12-08 23:20:34
4847,37642,1,1,2022-12-22 19:24:06,2022-12-22 19:24:06
4847,37644,1,0,2022-12-12 01:28:45,2022-12-12 01:28:45
4847,37649,1,1,2022-12-12 03:53:55,2022-12-12 03:53:55
4847,37669,2,0,2022-12-12 22:15:51,2022-12-15 04:20:45
4847,37681,1,1,2022-12-14 19:31:24,2022-12-14 19:31:24
4847,37695,3,3,2022-12-23 09:59:30,2023-01-03 16:41:10
4847,37698,3,2,2022-12-15 21:45:31,2022-12-26 19:56:51
4847,37699,1,1,2022-12-22 18:17:33,2022-12-22 18:17:33
4847,37706,1,1,2022-12-16 09:59:32,2022-12-16 09:59:32
4847,37709,1,0,2023-02-01 03:04:30,2023-02-01 03:04:30
4847,37717,1,1,2022-12-18 11:52:04,2022-12-18 11:52:04
4847,37758,2,2,2022-12-22 08:06:16,2022-12-22 19:36:49
4847,37763,2,1,2022-12-22 11:51:10,2022-12-22 17:50:13
4847,37793,1,1,2022-12-26 14:54:15,2022-12-26 14:54:15
4847,37798,1,1,2022-12-27 19:22:08,2022-12-27 19:22:08
4847,37804,1,1,2022-12-29 17:44:51,2022-12-29 17:44:51
4847,37818,2,1,2022-12-30 05:15:32,2022-12-30 23:11:44
4847,37820,3,1,2022-12-30 23:43:02,2023-01-01 13:45:29
4847,37850,1,1,2023-01-24 13:04:47,2023-01-24 13:04:47
4847,37867,2,1,2023-01-07 08:03:55,2023-01-07 09:16:48
4847,37872,6,3,2023-01-08 22:22:22,2023-01-18 01:12:55
4847,37906,1,1,2023-03-12 19:56:57,2023-03-12 19:56:57
4847,37910,1,1,2023-01-12 04:09:07,2023-01-12 04:09:07
4847,37916,1,1,2023-01-12 22:46:15,2023-01-12 22:46:15
4847,37920,1,1,2023-01-13 10:08:52,2023-01-13 10:08:52
4847,37960,4,1,2023-01-18 00:08:23,2023-01-19 12:23:08
4847,37981,1,1,2023-01-18 23:18:45,2023-01-18 23:18:45
4847,37982,1,0,2023-01-19 05:31:25,2023-01-19 05:31:25
4847,37985,1,1,2023-01-19 12:44:11,2023-01-19 12:44:11
4847,37998,2,2,2023-01-21 11:00:16,2023-01-24 03:05:48
4847,38056,1,1,2023-01-29 02:09:35,2023-01-29 02:09:35
4847,38098,1,0,2023-02-05 04:16:40,2023-02-05 04:16:40
4847,38124,1,1,2023-02-18 11:00:28,2023-02-18 11:00:28
4847,38153,2,1,2023-02-09 23:33:01,2023-02-10 22:05:12
4847,38155,9,7,2023-02-10 09:42:22,2023-05-16 03:03:14
4847,38192,1,1,2023-02-13 22:22:58,2023-02-13 22:22:58
4847,38206,2,1,2023-02-14 18:18:16,2023-02-15 07:45:27
4847,38208,2,2,2023-02-14 20:05:23,2023-02-15 19:07:12
4847,38212,2,1,2023-02-15 19:00:00,2023-02-16 19:50:08
4847,38213,1,0,2023-02-15 19:59:35,2023-02-15 19:59:35
4847,38232,1,1,2023-02-18 23:18:43,2023-02-18 23:18:43
4847,38245,2,2,2023-02-20 23:12:32,2023-03-04 05:47:43
4847,38256,1,0,2023-02-22 05:21:42,2023-02-22 05:21:42
4847,38265,1,1,2023-02-22 23:39:46,2023-02-22 23:39:46
4847,38271,1,1,2023-02-23 08:51:07,2023-02-23 08:51:07
4847,38279,1,1,2023-02-24 10:11:32,2023-02-24 10:11:32
4847,38282,1,0,2023-02-24 18:52:24,2023-02-24 18:52:24
4847,38295,1,1,2023-02-26 08:24:07,2023-02-26 08:24:07
4847,38324,1,1,2023-03-01 20:30:14,2023-03-01 20:30:14
4847,38342,3,2,2023-05-03 22:01:03,2023-05-15 23:48:57
4847,38371,1,1,2023-03-06 23:26:02,2023-03-06 23:26:02
4847,38372,2,1,2023-03-06 23:19:26,2023-03-07 21:17:11
4847,38383,1,1,2023-03-07 20:22:37,2023-03-07 20:22:37
4847,38391,1,1,2023-03-08 19:39:34,2023-03-08 19:39:34
4847,38419,4,3,2023-03-12 09:43:04,2023-04-27 07:58:25
4847,38420,1,1,2023-03-12 09:11:56,2023-03-12 09:11:56
4847,38421,1,1,2023-03-12 09:07:05,2023-03-12 09:07:05
4847,38433,6,2,2023-03-13 21:21:24,2023-04-26 20:41:42
4847,38447,1,1,2023-06-06 04:34:01,2023-06-06 04:34:01
4847,38470,1,1,2023-03-18 10:32:33,2023-03-18 10:32:33
4847,38543,1,1,2023-03-25 07:39:11,2023-03-25 07:39:11
4847,38612,1,1,2023-03-31 20:44:51,2023-03-31 20:44:51
4847,38627,5,4,2023-04-03 22:37:31,2023-07-11 13:33:04
4847,38692,1,1,2023-04-13 06:53:12,2023-04-13 06:53:12
4847,38722,3,2,2023-06-23 01:27:55,2023-06-27 19:23:58
4847,38732,10,3,2023-04-26 08:16:31,2023-05-04 04:07:09
4847,38746,1,1,2023-04-16 21:56:22,2023-04-16 21:56:22
4847,38779,1,1,2023-04-21 00:20:10,2023-04-21 00:20:10
4847,38786,1,1,2023-04-23 01:23:45,2023-04-23 01:23:45
4847,38793,2,1,2023-04-23 07:34:36,2023-04-23 17:37:58
4847,38821,1,1,2023-04-26 01:32:07,2023-04-26 01:32:07
4847,38822,3,1,2023-04-26 01:23:17,2023-04-27 02:39:29
4847,38906,1,0,2023-05-05 10:48:23,2023-05-05 10:48:23
4847,38910,2,0,2023-05-05 10:50:07,2023-05-05 21:47:12
4847,38935,1,1,2023-05-08 12:24:57,2023-05-08 12:24:57
4847,38996,1,1,2023-05-12 21:49:40,2023-05-12 21:49:40
4847,39092,1,1,2023-05-23 05:58:56,2023-05-23 05:58:56
4847,39244,5,3,2023-06-11 08:45:38,2023-06-18 00:43:00
4847,39247,2,2,2023-06-09 16:07:15,2023-06-10 05:13:42
4847,39357,1,0,2023-06-18 10:32:42,2023-06-18 10:32:42
4847,39410,2,1,2023-06-23 01:19:27,2023-06-24 04:47:27
4847,39419,2,1,2023-06-23 02:34:52,2023-06-23 04:00:32
4847,39432,1,1,2023-06-24 23:19:50,2023-06-24 23:19:50
4847,39505,1,1,2023-07-02 22:06:09,2023-07-02 22:06:09
4847,39531,1,1,2023-07-04 23:18:29,2023-07-04 23:18:29
4847,39541,1,1,2023-07-05 22:35:27,2023-07-05 22:35:27
4847,39545,1,1,2023-07-06 00:54:14,2023-07-06 00:54:14
4847,39597,2,1,2023-07-12 00:51:54,2023-07-12 07:37:07
4847,39643,2,1,2023-07-16 07:57:26,2023-07-16 21:07:58
4847,39644,1,1,2023-07-16 21:12:59,2023-07-16 21:12:59
4847,39692,1,1,2023-07-21 00:52:51,2023-07-21 00:52:51
4847,39735,2,1,2023-07-30 10:20:14,2023-07-30 23:46:07
4847,39786,1,1,2023-07-30 23:55:35,2023-07-30 23:55:35
4847,39790,2,1,2023-07-31 22:29:25,2023-08-02 01:28:37
4847,39824,1,1,2023-08-03 21:17:28,2023-08-03 21:17:28
4847,39838,12,0,2023-08-04 22:34:37,2025-02-08 05:36:48
4847,39848,1,1,2023-08-09 01:00:01,2023-08-09 01:00:01
4847,39852,1,1,2024-01-01 20:25:52,2024-01-01 20:25:52
4847,39883,4,4,2023-10-31 01:17:09,2023-12-31 02:12:51
4847,39891,1,0,2023-08-11 13:12:40,2023-08-11 13:12:40
4847,39903,3,1,2023-08-13 00:33:22,2023-08-14 21:45:38
4847,39931,1,1,2023-09-30 19:26:05,2023-09-30 19:26:05
4847,39969,1,0,2023-09-05 00:07:27,2023-09-05 00:07:27
4847,39990,1,1,2023-08-27 08:10:09,2023-08-27 08:10:09
4847,40000,1,1,2023-08-27 21:10:24,2023-08-27 21:10:24
4847,40075,1,1,2023-09-06 05:06:23,2023-09-06 05:06:23
4847,40088,1,1,2023-09-07 06:57:35,2023-09-07 06:57:35
4847,40143,1,1,2023-09-12 08:51:42,2023-09-12 08:51:42
4847,40145,1,1,2023-09-12 08:41:38,2023-09-12 08:41:38
4847,40173,1,0,2023-09-15 23:16:58,2023-09-15 23:16:58
4847,40175,1,1,2023-09-17 01:06:24,2023-09-17 01:06:24
4847,40189,6,2,2023-09-22 04:13:17,2023-10-02 02:35:56
4847,40220,1,1,2023-09-21 08:21:01,2023-09-21 08:21:01
4847,40363,1,0,2023-10-05 15:47:29,2023-10-05 15:47:29
4847,40365,1,0,2023-10-04 17:04:16,2023-10-04 17:04:16
4847,40368,1,1,2023-10-05 16:05:45,2023-10-05 16:05:45
4847,40410,2,2,2023-10-10 22:22:45,2023-11-07 23:30:32
4847,40428,1,1,2023-10-13 17:07:30,2023-10-13 17:07:30
4847,40493,1,1,2023-10-24 04:24:18,2023-10-24 04:24:18
4847,40565,1,1,2023-12-01 02:14:23,2023-12-01 02:14:23
4847,40728,1,1,2023-11-28 00:23:35,2023-11-28 00:23:35
4847,40757,1,1,2023-12-01 02:20:56,2023-12-01 02:20:56
4847,40783,1,1,2023-12-05 07:41:16,2023-12-05 07:41:16
4847,40784,2,2,2023-12-05 07:38:41,2023-12-12 11:10:37
4847,40802,1,1,2023-12-07 13:20:43,2023-12-07 13:20:43
4847,40828,1,1,2023-12-28 21:37:33,2023-12-28 21:37:33
4847,41005,5,2,2024-01-05 22:19:00,2024-01-12 08:14:46
4847,41028,1,1,2024-01-23 12:53:27,2024-01-23 12:53:27
4847,41047,1,0,2024-01-09 21:36:17,2024-01-09 21:36:17
4847,41082,2,1,2024-01-17 04:49:12,2024-01-17 22:52:34
4847,41142,1,0,2024-01-26 03:50:04,2024-01-26 03:50:04
4847,41186,1,0,2024-01-31 21:00:02,2024-01-31 21:00:02
4847,41202,1,1,2024-02-02 08:43:25,2024-02-02 08:43:25
4847,41209,1,1,2024-02-03 10:25:22,2024-02-03 10:25:22
4847,42400,1,1,2024-03-04 02:12:13,2024-03-04 02:12:13
4847,42501,1,1,2024-06-27 17:19:59,2024-06-27 17:19:59
4847,42727,1,1,2024-04-24 00:30:00,2024-04-24 00:30:00
4847,42736,1,1,2024-04-28 22:18:58,2024-04-28 22:18:58
4847,42742,3,1,2024-04-26 03:27:26,2024-04-27 22:31:46
4847,42777,1,1,2024-05-04 03:19:42,2024-05-04 03:19:42
4847,42822,1,1,2024-05-09 10:11:29,2024-05-09 10:11:29
4847,42849,2,2,2024-05-13 13:06:12,2024-05-14 08:16:45
4847,42856,1,1,2024-05-14 09:11:41,2024-05-14 09:11:41
4847,42937,2,1,2024-05-27 10:55:00,2024-06-19 22:28:09
4847,42976,1,1,2024-10-31 22:19:50,2024-10-31 22:19:50
4847,42979,2,1,2024-06-02 17:30:59,2024-06-03 00:25:46
4847,42988,1,1,2024-06-06 14:55:56,2024-06-06 14:55:56
4847,43139,1,1,2024-06-30 17:11:04,2024-06-30 17:11:04
4847,43251,2,1,2024-07-20 01:10:55,2024-07-20 17:22:30
4847,43457,2,1,2024-08-19 19:58:46,2024-08-20 15:46:24
4847,43468,1,1,2024-08-21 19:22:54,2024-08-21 19:22:54
4847,43484,2,1,2024-08-31 23:19:33,2024-09-01 00:52:27
4847,43554,1,0,2024-09-05 13:53:58,2024-09-05 13:53:58
4847,43782,3,1,2024-10-25 21:09:12,2024-10-25 21:19:31
4847,44034,1,0,2024-12-11 00:30:23,2024-12-11 00:30:23
4847,44058,1,1,2024-12-20 22:41:28,2024-12-20 22:41:28
4847,44292,1,1,2025-02-03 12:15:35,2025-02-03 12:15:35
4847,44420,1,1,2025-02-22 20:34:53,2025-02-22 20:34:53
4847,44541,2,1,2025-03-31 19:31:26,2025-03-31 19:35:30
4847,44542,1,1,2025-03-31 19:27:58,2025-03-31 19:27:58
4847,44707,1,1,2025-05-02 16:28:49,2025-05-02 16:28:49
4847,45886,2,1,2025-06-27 05:47:50,2025-06-28 15:53:17
4847,45911,2,0,2025-06-08 16:25:23,2025-06-23 22:09:53
4847,45952,1,1,2025-06-17 19:40:43,2025-06-17 19:40:43
4847,46809,1,1,2025-11-15 23:27:11,2025-11-15 23:27:11
4847,46850,3,1,2025-11-26 13:19:08,2025-11-27 10:26:15
4847,47251,1,1,2026-02-19 04:24:35,2026-02-19 04:24:35
4847,47298,2,0,2026-03-01 03:22:52,2026-03-02 21:44:02
4847,47311,1,1,2026-03-07 09:28:11,2026-03-07 09:28:11
7209,25390,1,1,2019-11-16 22:34:17,2019-11-16 22:34:17
7672,36904,1,0,2023-02-23 01:39:30,2023-02-23 01:39:30
7672,38910,1,0,2023-05-13 12:50:19,2023-05-13 12:50:19
7672,38994,1,0,2023-05-13 12:47:11,2023-05-13 12:47:11
9609,17148,1,1,2019-05-24 14:43:23,2019-05-24 14:43:23
9609,23566,3,1,2019-08-02 02:54:31,2019-08-04 07:06:11
9609,23704,1,0,2019-06-13 11:53:08,2019-06-13 11:53:08
9609,24213,2,1,2020-08-26 03:53:13,2020-08-26 07:39:04
9609,28706,1,1,2020-08-16 09:11:51,2020-08-16 09:11:51
9609,29130,1,0,2020-07-14 05:27:29,2020-07-14 05:27:29
9609,29298,1,1,2020-08-26 03:13:38,2020-08-26 03:13:38
9609,29460,1,1,2020-08-16 09:41:35,2020-08-16 09:41:35
9609,29484,1,1,2020-08-18 15:39:54,2020-08-18 15:39:54
9609,29490,1,1,2020-08-18 10:37:18,2020-08-18 10:37:18
9609,29528,1,1,2020-08-21 04:16:56,2020-08-21 04:16:56
9609,29562,1,1,2020-08-27 08:23:00,2020-08-27 08:23:00
9609,29567,3,1,2020-08-26 03:46:51,2020-08-27 15:41:30
9740,27590,1,0,2020-04-21 05:51:08,2020-04-21 05:51:08
10074,4555,1,0,2020-04-26 20:27:45,2020-04-26 20:27:45
10074,4847,4,0,2020-05-06 11:37:22,2022-11-19 02:33:39
10074,9866,3,1,2020-05-29 22:01:36,2020-05-30 15:43:03
10074,12172,1,0,2020-01-17 11:36:56,2020-01-17 11:36:56
10074,14636,2,1,2020-11-05 13:01:11,2020-11-06 11:12:45
10074,15088,2,1,2020-03-16 14:39:03,2020-03-17 12:55:24
10074,15282,1,0,2019-12-01 17:41:29,2019-12-01 17:41:29
10074,15502,1,1,2020-01-18 22:11:04,2020-01-18 22:11:04
10074,17304,2,0,2019-12-16 15:24:11,2019-12-16 17:52:40
10074,17327,4,2,2019-05-30 11:40:17,2019-06-13 12:46:06
10074,19664,1,0,2020-09-13 16:41:17,2020-09-13 16:41:17
10074,19787,1,1,2019-11-18 21:46:53,2019-11-18 21:46:53
10074,19863,2,1,2021-02-04 16:17:18,2021-02-04 18:57:46
10074,20152,1,1,2019-06-22 12:17:13,2019-06-22 12:17:13
10074,20853,1,1,2019-11-04 12:44:02,2019-11-04 12:44:02
10074,21510,1,0,2019-07-12 12:08:31,2019-07-12 12:08:31
10074,21532,2,1,2019-11-23 13:20:45,2019-11-23 21:08:48
10074,22282,1,0,2019-11-23 21:55:36,2019-11-23 21:55:36
10074,22295,5,1,2019-07-11 13:43:45,2019-07-11 20:17:56
10074,23007,2,1,2020-08-06 19:50:49,2020-08-10 22:00:55
10074,23185,1,1,2019-07-04 11:44:38,2019-07-04 11:44:38
10074,23212,1,1,2019-11-05 12:51:14,2019-11-05 12:51:14
10074,23317,8,2,2019-06-21 17:53:43,2020-04-12 14:40:38
10074,23380,1,1,2019-05-14 19:46:59,2019-05-14 19:46:59
10074,23387,1,1,2019-06-01 18:34:28,2019-06-01 18:34:28
10074,23389,1,0,2020-03-28 12:26:04,2020-03-28 12:26:04
10074,23428,4,1,2019-12-08 16:15:47,2019-12-21 11:43:55
10074,23472,2,2,2019-05-30 11:42:44,2019-05-30 11:55:52
10074,23552,1,0,2019-07-31 11:44:30,2019-07-31 11:44:30
10074,23554,1,1,2019-05-14 20:34:11,2019-05-14 20:34:11
10074,23566,6,3,2019-05-19 10:58:40,2019-08-09 11:27:56
10074,23603,1,1,2019-05-21 12:15:47,2019-05-21 12:15:47
10074,23675,1,0,2020-07-24 16:08:44,2020-07-24 16:08:44
10074,23704,1,1,2019-06-13 12:39:37,2019-06-13 12:39:37
10074,23741,1,1,2019-07-09 12:06:19,2019-07-09 12:06:19
10074,23749,2,0,2019-06-25 17:09:00,2019-06-25 18:48:29
10074,23782,1,1,2019-06-25 10:40:30,2019-06-25 10:40:30
10074,23824,1,0,2020-07-25 21:08:59,2020-07-25 21:08:59
10074,23829,1,1,2019-07-02 12:27:51,2019-07-02 12:27:51
10074,23835,1,1,2019-12-24 19:21:43,2019-12-24 19:21:43
10074,23872,3,1,2019-08-04 00:20:57,2019-08-08 10:42:35
10074,23877,1,1,2019-07-10 17:04:57,2019-07-10 17:04:57
10074,23889,2,1,2019-07-20 11:15:24,2019-07-22 11:08:02
10074,23906,1,0,2019-07-10 17:14:26,2019-07-10 17:14:26
10074,23982,1,1,2020-02-25 19:37:48,2020-02-25 19:37:48
10074,23983,1,1,2019-08-08 10:16:05,2019-08-08 10:16:05
10074,23984,1,1,2019-07-27 20:08:56,2019-07-27 20:08:56
10074,24031,1,0,2020-04-26 15:03:32,2020-04-26 15:03:32
10074,24068,6,1,2020-01-15 12:26:46,2020-02-10 20:14:30
10074,24171,2,2,2020-01-14 11:43:06,2020-11-29 13:43:04
10074,24213,6,3,2020-03-24 13:20:48,2020-08-24 19:04:07
10074,25228,6,1,2019-09-13 11:55:23,2019-09-15 23:37:54
10074,25243,1,1,2019-09-16 02:54:52,2019-09-16 02:54:52
10074,25352,3,3,2019-11-27 19:36:24,2019-12-17 21:46:30
10074,25411,4,3,2020-03-12 11:04:58,2020-05-03 13:54:51
10074,25433,1,0,2019-11-15 12:05:09,2019-11-15 12:05:09
10074,25436,12,6,2019-12-18 18:35:21,2020-05-21 15:10:24
10074,25488,1,1,2019-11-23 21:39:47,2019-11-23 21:39:47
10074,25496,4,1,2019-11-04 12:30:01,2020-05-09 14:11:08
10074,25547,1,1,2019-12-21 17:05:34,2019-12-21 17:05:34
10074,25565,1,1,2020-02-08 14:43:50,2020-02-08 14:43:50
10074,25613,1,1,2019-12-01 18:19:13,2019-12-01 18:19:13
10074,25616,3,2,2019-11-30 22:17:19,2019-12-23 14:07:44
10074,25643,1,0,2019-12-09 15:14:03,2019-12-09 15:14:03
10074,25667,2,0,2019-12-15 16:48:20,2019-12-15 19:34:52
10074,25671,1,1,2019-12-16 19:36:20,2019-12-16 19:36:20
10074,25672,2,1,2019-12-16 14:12:53,2019-12-17 13:28:58
10074,25676,1,1,2019-12-17 13:36:32,2019-12-17 13:36:32
10074,25677,3,1,2019-12-17 14:35:59,2019-12-19 22:37:24
10074,25682,1,1,2019-12-18 18:44:17,2019-12-18 18:44:17
10074,25685,1,1,2020-01-25 14:50:44,2020-01-25 14:50:44
10074,25686,3,3,2019-12-19 20:03:13,2019-12-26 14:00:54
10074,25704,1,1,2020-01-07 17:18:39,2020-01-07 17:18:39
10074,25708,15,7,2020-01-07 17:11:29,2020-02-19 20:29:26
10074,25720,1,1,2020-01-25 18:08:09,2020-01-25 18:08:09
10074,25735,1,1,2019-12-30 21:15:32,2019-12-30 21:15:32
10074,25737,5,1,2020-04-08 12:07:28,2020-04-10 14:09:59
10074,25743,1,0,2020-01-02 15:10:13,2020-01-02 15:10:13
10074,25759,3,1,2020-02-03 14:15:43,2020-02-05 14:09:01
10074,25771,1,1,2020-02-01 18:45:39,2020-02-01 18:45:39
10074,25780,3,1,2020-01-23 14:41:48,2020-01-23 21:40:00
10074,25783,1,1,2020-03-03 13:00:48,2020-03-03 13:00:48
10074,25798,2,0,2020-01-16 12:40:11,2020-01-18 11:31:04
10074,25801,6,2,2020-01-18 11:24:10,2020-04-07 16:56:49
10074,25818,6,2,2020-01-15 22:57:04,2020-03-12 16:53:29
10074,25820,1,1,2020-01-16 11:28:37,2020-01-16 11:28:37
10074,25824,1,1,2020-01-17 11:30:13,2020-01-17 11:30:13
10074,25831,1,0,2020-01-18 17:48:29,2020-01-18 17:48:29
10074,25839,6,1,2020-01-20 12:40:30,2020-01-28 14:08:19
10074,25844,2,1,2020-01-21 13:01:47,2020-01-22 12:14:20
10074,25847,2,0,2020-01-24 12:01:45,2020-01-24 14:54:57
10074,25888,1,1,2020-01-30 18:46:44,2020-01-30 18:46:44
10074,25891,1,0,2020-01-31 22:25:31,2020-01-31 22:25:31
10074,25894,1,1,2020-02-01 12:45:53,2020-02-01 12:45:53
10074,25900,1,1,2020-02-03 00:43:08,2020-02-03 00:43:08
10074,25912,1,1,2020-04-24 13:54:07,2020-04-24 13:54:07
10074,25915,3,1,2020-03-16 20:46:59,2020-05-19 22:50:06
10074,25940,1,1,2020-02-09 23:16:46,2020-02-09 23:16:46
10074,25958,1,1,2020-03-19 12:06:00,2020-03-19 12:06:00
10074,25963,1,0,2020-02-14 12:39:03,2020-02-14 12:39:03
10074,25972,1,0,2020-03-08 20:39:12,2020-03-08 20:39:12
10074,26012,1,1,2020-02-25 14:07:59,2020-02-25 14:07:59
10074,26024,1,1,2020-02-27 17:53:42,2020-02-27 17:53:42
10074,26034,1,1,2020-02-29 12:20:30,2020-02-29 12:20:30
10074,26039,1,1,2020-02-29 22:26:01,2020-02-29 22:26:01
10074,26041,2,2,2020-08-02 20:47:00,2020-08-04 10:40:59
10074,26064,1,1,2020-03-04 14:44:38,2020-03-04 14:44:38
10074,26083,1,1,2020-03-08 22:19:34,2020-03-08 22:19:34
10074,26109,2,1,2020-03-14 01:11:56,2020-03-14 01:40:59
10074,26111,8,4,2020-03-22 20:48:15,2020-05-23 19:10:12
10074,26123,1,0,2020-03-17 12:10:04,2020-03-17 12:10:04
10074,26125,2,1,2020-04-09 11:50:15,2020-04-09 14:42:40
10074,26159,1,0,2020-03-24 17:19:53,2020-03-24 17:19:53
10074,26184,1,0,2020-06-30 00:30:44,2020-06-30 00:30:44
10074,26187,1,1,2020-03-25 11:15:13,2020-03-25 11:15:13
10074,26227,2,1,2020-03-30 11:30:12,2020-03-31 20:47:58
10074,26236,2,1,2020-04-24 19:04:40,2020-04-24 21:17:01
10074,26237,2,1,2020-04-07 15:52:36,2020-04-21 11:18:08
10074,26241,1,0,2020-03-28 03:07:48,2020-03-28 03:07:48
10074,26245,2,0,2020-04-20 11:17:30,2020-04-20 15:32:36
10074,27282,1,0,2020-03-30 17:57:53,2020-03-30 17:57:53
10074,27319,1,0,2020-04-02 01:30:42,2020-04-02 01:30:42
10074,27332,1,0,2020-04-21 15:54:18,2020-04-21 15:54:18
10074,27344,1,0,2020-04-04 01:33:13,2020-04-04 01:33:13
10074,27361,1,1,2020-12-19 20:06:39,2020-12-19 20:06:39
10074,27362,5,1,2020-07-13 11:22:28,2020-08-01 14:50:10
10074,27364,1,1,2020-04-05 14:26:41,2020-04-05 14:26:41
10074,27373,1,0,2020-04-05 21:58:35,2020-04-05 21:58:35
10074,27394,2,1,2020-04-15 13:40:21,2020-04-15 21:22:45
10074,27405,2,1,2020-04-07 14:35:50,2020-05-04 17:01:20
10074,27409,3,2,2020-04-08 12:01:33,2020-04-18 12:17:05
10074,27429,2,2,2020-07-24 10:34:05,2020-09-09 23:44:04
10074,27442,2,1,2020-04-19 16:37:12,2020-04-19 16:53:38
10074,27447,2,1,2020-04-18 17:06:49,2020-04-20 17:20:48
10074,27461,2,0,2020-04-24 15:09:01,2020-04-24 15:55:03
10074,27469,1,1,2020-04-11 13:58:23,2020-04-11 13:58:23
10074,27481,1,1,2020-05-04 13:27:41,2020-05-04 13:27:41
10074,27533,2,0,2020-04-15 11:27:31,2020-04-22 10:35:42
10074,27546,1,1,2020-04-15 23:13:57,2020-04-15 23:13:57
10074,27554,1,0,2020-04-16 11:27:51,2020-04-16 11:27:51
10074,27559,1,1,2020-04-16 14:58:12,2020-04-16 14:58:12
10074,27560,2,1,2020-04-16 14:36:36,2020-04-17 10:45:04
10074,27566,9,5,2020-04-22 13:14:29,2020-06-30 10:32:05
10074,27569,2,0,2020-04-16 18:07:55,2020-04-17 10:47:07
10074,27606,1,0,2020-04-18 12:09:19,2020-04-18 12:09:19
10074,27613,1,0,2020-06-01 11:58:19,2020-06-01 11:58:19
10074,27623,2,1,2020-04-23 19:39:40,2020-04-26 16:20:54
10074,27641,1,0,2020-04-26 15:06:31,2020-04-26 15:06:31
10074,27654,1,0,2020-04-21 23:11:15,2020-04-21 23:11:15
10074,27657,1,0,2020-04-22 10:33:04,2020-04-22 10:33:04
10074,27663,2,1,2021-11-27 12:38:29,2021-12-01 20:47:46
10074,27666,2,1,2020-04-21 15:49:28,2020-04-22 02:04:18
10074,27667,2,1,2020-04-21 14:06:09,2020-04-21 15:52:42
10074,27670,6,1,2020-04-21 15:26:33,2020-05-03 15:43:33
10074,27671,1,0,2020-04-21 15:20:35,2020-04-21 15:20:35
10074,27680,1,0,2020-04-21 21:50:44,2020-04-21 21:50:44
10074,27684,1,1,2020-05-19 03:35:26,2020-05-19 03:35:26
10074,27704,1,1,2020-04-23 19:44:20,2020-04-23 19:44:20
10074,27734,2,0,2020-04-24 11:25:00,2020-04-24 11:25:54
10074,27738,4,2,2020-04-24 12:22:39,2020-04-28 10:35:39
10074,27744,1,0,2020-04-24 21:46:58,2020-04-24 21:46:58
10074,27751,1,0,2020-04-25 13:13:58,2020-04-25 13:13:58
10074,27752,1,1,2020-06-03 11:42:34,2020-06-03 11:42:34
10074,27786,1,1,2020-04-29 12:30:43,2020-04-29 12:30:43
10074,27815,1,0,2020-04-27 22:01:05,2020-04-27 22:01:05
10074,27816,1,1,2020-04-27 20:46:50,2020-04-27 20:46:50
10074,27847,3,1,2020-04-29 09:40:11,2020-05-01 19:42:36
10074,27861,5,2,2020-05-05 15:33:10,2020-06-29 21:02:56
10074,27865,1,0,2020-04-29 21:14:44,2020-04-29 21:14:44
10074,27871,1,1,2020-06-07 11:45:16,2020-06-07 11:45:16
10074,27873,1,0,2020-04-29 21:00:21,2020-04-29 21:00:21
10074,27878,3,1,2020-04-30 13:21:14,2020-04-30 23:45:38
10074,27944,1,0,2020-05-03 21:41:43,2020-05-03 21:41:43
10074,27962,2,2,2020-05-04 13:34:10,2020-05-19 18:26:21
10074,27998,1,0,2020-05-06 17:13:48,2020-05-06 17:13:48
10074,28000,1,0,2020-05-05 16:05:02,2020-05-05 16:05:02
10074,28021,2,0,2020-05-06 15:36:17,2020-05-06 19:37:37
10074,28034,1,1,2020-05-07 11:52:52,2020-05-07 11:52:52
10074,28069,3,0,2020-05-09 22:59:12,2020-06-14 12:14:45
10074,28078,3,1,2020-06-01 11:48:45,2021-01-02 12:39:58
10074,28118,1,1,2020-05-29 13:13:27,2020-05-29 13:13:27
10074,28152,1,0,2020-05-13 16:13:53,2020-05-13 16:13:53
10074,28161,1,0,2020-05-12 18:34:41,2020-05-12 18:34:41
10074,28169,1,0,2020-05-13 15:21:20,2020-05-13 15:21:20
10074,28170,1,0,2020-12-10 15:46:27,2020-12-10 15:46:27
10074,28177,3,0,2020-06-16 20:14:04,2020-06-16 20:39:31
10074,28180,1,1,2020-06-20 19:40:09,2020-06-20 19:40:09
10074,28191,1,1,2020-05-14 10:15:51,2020-05-14 10:15:51
10074,28204,3,2,2020-06-15 09:50:23,2020-06-27 17:39:47
10074,28207,1,1,2020-05-17 18:38:00,2020-05-17 18:38:00
10074,28210,1,1,2020-07-10 12:17:33,2020-07-10 12:17:33
10074,28265,1,1,2020-05-18 11:52:00,2020-05-18 11:52:00
10074,28268,1,1,2020-05-19 16:14:19,2020-05-19 16:14:19
10074,28272,1,0,2020-05-18 16:19:42,2020-05-18 16:19:42
10074,28325,1,1,2020-05-23 19:24:12,2020-05-23 19:24:12
10074,28335,6,3,2020-07-02 18:46:42,2020-08-06 11:28:48
10074,28344,1,0,2020-05-22 20:17:15,2020-05-22 20:17:15
10074,28357,5,0,2020-05-23 16:16:40,2020-07-09 01:14:27
10074,28384,1,1,2020-06-14 17:04:20,2020-06-14 17:04:20
10074,28396,1,0,2020-05-25 11:26:10,2020-05-25 11:26:10
10074,28400,4,1,2020-10-03 16:19:50,2020-10-03 21:14:30
10074,28414,1,1,2020-06-20 10:35:58,2020-06-20 10:35:58
10074,28462,1,1,2020-05-29 12:51:05,2020-05-29 12:51:05
10074,28471,1,1,2020-05-30 11:12:16,2020-05-30 11:12:16
10074,28475,1,0,2020-05-30 10:34:05,2020-05-30 10:34:05
10074,28483,1,0,2020-07-10 23:32:02,2020-07-10 23:32:02
10074,28487,1,0,2020-05-31 16:14:02,2020-05-31 16:14:02
10074,28493,3,3,2020-06-10 13:35:59,2021-01-22 14:02:26
10074,28496,2,0,2020-06-10 20:21:21,2020-06-12 10:51:40
10074,28508,1,1,2020-07-01 11:23:27,2020-07-01 11:23:27
10074,28521,1,1,2020-06-01 20:15:39,2020-06-01 20:15:39
10074,28524,1,1,2020-06-01 19:54:39,2020-06-01 19:54:39
10074,28527,6,3,2022-07-15 20:40:58,2024-08-13 09:55:37
10074,28531,1,0,2021-11-03 19:12:07,2021-11-03 19:12:07
10074,28541,2,1,2020-07-01 15:18:26,2020-07-01 16:35:29
10074,28543,1,0,2020-07-09 01:20:47,2020-07-09 01:20:47
10074,28553,4,1,2020-06-17 11:16:32,2020-06-18 19:57:23
10074,28570,2,1,2020-06-10 13:43:07,2020-06-10 14:12:30
10074,28602,1,1,2020-07-24 16:15:12,2020-07-24 16:15:12
10074,28634,2,1,2020-06-09 20:37:06,2020-06-11 13:34:57
10074,28640,1,1,2020-07-21 21:25:40,2020-07-21 21:25:40
10074,28657,1,1,2020-07-06 11:13:56,2020-07-06 11:13:56
10074,28664,1,0,2020-12-25 20:29:27,2020-12-25 20:29:27
10074,28665,2,1,2020-06-14 20:24:38,2020-06-25 21:40:08
10074,28668,2,1,2020-07-17 12:58:24,2020-07-17 16:22:19
10074,28683,2,1,2020-07-01 21:03:11,2020-07-02 00:24:53
10074,28686,1,0,2020-06-14 20:49:37,2020-06-14 20:49:37
10074,28706,2,1,2020-10-28 18:27:37,2020-10-30 10:34:42
10074,28761,4,2,2020-06-17 10:46:59,2020-07-30 11:08:26
10074,28769,3,3,2020-07-26 20:47:55,2020-07-30 11:59:15
10074,28783,1,0,2020-06-18 16:19:42,2020-06-18 16:19:42
10074,28799,2,1,2020-08-31 12:14:41,2020-08-31 13:29:49
10074,28825,1,1,2020-06-21 16:10:43,2020-06-21 16:10:43
10074,28875,1,1,2021-02-24 21:35:34,2021-02-24 21:35:34
10074,28911,1,1,2020-07-07 18:36:33,2020-07-07 18:36:33
10074,28955,1,1,2020-07-01 10:23:00,2020-07-01 10:23:00
10074,28966,1,1,2022-04-19 11:07:26,2022-04-19 11:07:26
10074,28967,1,0,2020-07-02 11:10:02,2020-07-02 11:10:02
10074,28993,1,0,2020-08-05 02:34:04,2020-08-05 02:34:04
10074,28997,4,1,2020-07-09 14:39:47,2020-07-09 23:22:22
10074,28998,1,1,2022-01-17 16:45:07,2022-01-17 16:45:07
10074,29019,1,1,2020-07-05 17:29:31,2020-07-05 17:29:31
10074,29028,1,1,2020-07-06 11:57:29,2020-07-06 11:57:29
10074,29051,1,0,2020-07-08 19:40:29,2020-07-08 19:40:29
10074,29052,1,0,2020-07-09 01:43:54,2020-07-09 01:43:54
10074,29059,1,1,2020-08-05 02:45:19,2020-08-05 02:45:19
10074,29063,1,0,2020-07-09 17:14:37,2020-07-09 17:14:37
10074,29073,2,0,2020-07-10 14:45:07,2020-07-10 18:19:45
10074,29075,1,1,2020-07-31 10:17:30,2020-07-31 10:17:30
10074,29116,2,1,2020-07-13 10:39:04,2020-07-14 00:33:08
10074,29118,1,1,2020-07-14 11:05:22,2020-07-14 11:05:22
10074,29132,1,1,2020-07-14 11:20:21,2020-07-14 11:20:21
10074,29211,1,1,2020-09-04 10:57:34,2020-09-04 10:57:34
10074,29213,1,1,2020-07-21 21:33:10,2020-07-21 21:33:10
10074,29280,1,1,2020-07-28 15:24:51,2020-07-28 15:24:51
10074,29298,1,0,2020-08-25 11:20:17,2020-08-25 11:20:17
10074,29336,1,1,2020-08-10 16:19:02,2020-08-10 16:19:02
10074,29377,1,1,2020-08-06 14:06:39,2020-08-06 14:06:39
10074,29434,1,1,2020-08-12 13:11:21,2020-08-12 13:11:21
10074,29437,1,1,2020-08-29 16:06:30,2020-08-29 16:06:30
10074,29446,1,1,2020-08-19 14:58:29,2020-08-19 14:58:29
10074,29459,4,2,2020-08-18 17:29:40,2020-10-10 14:48:45
10074,29467,1,1,2020-08-15 13:21:11,2020-08-15 13:21:11
10074,29490,1,1,2020-08-17 17:03:05,2020-08-17 17:03:05
10074,29508,1,0,2020-08-18 14:13:35,2020-08-18 14:13:35
10074,29524,3,2,2020-12-03 18:31:38,2020-12-04 11:35:05
10074,29536,1,0,2020-08-23 13:18:40,2020-08-23 13:18:40
10074,29563,1,1,2021-04-15 10:28:16,2021-04-15 10:28:16
10074,29566,1,1,2020-08-30 02:40:41,2020-08-30 02:40:41
10074,29576,1,1,2020-09-13 13:46:22,2020-09-13 13:46:22
10074,29594,2,2,2020-09-21 11:21:35,2020-10-06 10:36:47
10074,29608,1,1,2020-09-07 19:23:07,2020-09-07 19:23:07
10074,29624,2,1,2020-09-01 22:27:19,2020-09-02 09:38:07
10074,29634,1,0,2020-09-02 16:03:05,2020-09-02 16:03:05
10074,29640,1,1,2020-10-26 16:17:56,2020-10-26 16:17:56
10074,29683,1,1,2020-09-09 11:04:47,2020-09-09 11:04:47
10074,29735,1,1,2020-09-15 16:32:11,2020-09-15 16:32:11
10074,29776,1,1,2020-09-19 16:36:09,2020-09-19 16:36:09
10074,29780,2,1,2020-09-20 12:01:56,2020-09-21 10:33:03
10074,29784,1,0,2020-10-25 14:22:37,2020-10-25 14:22:37
10074,29807,2,0,2023-10-26 22:02:20,2023-10-27 11:24:16
10074,29860,2,1,2020-09-30 09:47:03,2020-10-01 13:52:31
10074,29867,2,0,2020-10-08 20:40:49,2020-10-09 20:43:40
10074,29885,1,1,2020-10-03 16:27:23,2020-10-03 16:27:23
10074,29938,1,0,2020-10-13 13:05:40,2020-10-13 13:05:40
10074,29941,1,1,2020-10-13 13:01:38,2020-10-13 13:01:38
10074,30957,1,1,2021-04-10 10:49:12,2021-04-10 10:49:12
10074,30970,2,0,2021-04-30 13:33:58,2021-05-01 12:07:13
10074,31007,1,1,2021-03-27 10:31:10,2021-03-27 10:31:10
10074,31038,1,1,2020-10-26 16:32:22,2020-10-26 16:32:22
10074,31069,1,1,2020-10-29 09:49:31,2020-10-29 09:49:31
10074,31072,1,0,2020-12-30 11:48:44,2020-12-30 11:48:44
10074,31089,2,1,2020-11-01 15:32:47,2020-11-06 12:23:49
10074,31115,1,1,2020-12-21 12:47:22,2020-12-21 12:47:22
10074,31116,1,1,2020-11-26 18:01:46,2020-11-26 18:01:46
10074,31185,1,0,2020-11-13 16:35:20,2020-11-13 16:35:20
10074,31214,1,1,2020-11-30 12:22:43,2020-11-30 12:22:43
10074,31216,4,0,2020-12-21 14:40:40,2020-12-21 20:29:09
10074,31225,1,1,2021-01-24 15:41:09,2021-01-24 15:41:09
10074,31226,2,1,2020-11-20 11:35:36,2020-11-20 15:23:08
10074,31257,1,1,2020-11-25 12:26:28,2020-11-25 12:26:28
10074,31269,1,1,2020-11-27 16:30:57,2020-11-27 16:30:57
10074,31271,1,1,2021-01-01 18:36:59,2021-01-01 18:36:59
10074,31281,1,1,2020-11-29 16:22:13,2020-11-29 16:22:13
10074,31287,1,0,2020-11-30 12:30:36,2020-11-30 12:30:36
10074,31310,1,0,2020-12-05 15:10:54,2020-12-05 15:10:54
10074,31317,1,0,2021-02-06 16:20:38,2021-02-06 16:20:38
10074,31318,1,1,2020-12-03 21:33:01,2020-12-03 21:33:01
10074,31326,4,3,2020-12-21 15:29:38,2021-01-16 16:13:00
10074,31333,3,2,2020-12-09 10:41:37,2021-01-26 18:09:04
10074,31347,2,1,2020-12-20 17:36:57,2021-01-21 20:22:33
10074,31368,2,1,2020-12-09 15:55:17,2020-12-09 17:55:38
10074,31369,1,1,2020-12-09 12:44:34,2020-12-09 12:44:34
10074,31384,2,1,2021-02-25 11:52:19,2021-02-26 02:52:13
10074,31408,2,1,2020-12-15 15:06:17,2020-12-17 18:54:54
10074,31423,1,1,2020-12-17 11:45:20,2020-12-17 11:45:20
10074,31465,2,0,2020-12-23 12:41:34,2020-12-24 12:12:27
10074,31501,2,1,2021-01-02 16:59:47,2021-01-03 13:40:56
10074,31505,1,1,2020-12-30 17:37:11,2020-12-30 17:37:11
10074,31517,1,0,2021-01-09 19:58:11,2021-01-09 19:58:11
10074,31534,1,1,2021-01-06 13:12:01,2021-01-06 13:12:01
10074,31573,2,1,2021-01-04 13:49:51,2021-01-04 18:04:34
10074,31581,1,1,2021-01-07 18:09:13,2021-01-07 18:09:13
10074,31584,3,2,2021-09-20 22:43:18,2021-11-08 12:07:05
10074,31614,2,2,2021-01-08 22:32:33,2021-05-15 11:45:06
10074,31618,1,1,2021-01-09 12:47:04,2021-01-09 12:47:04
10074,31660,2,2,2021-01-15 20:22:21,2021-09-09 12:57:16
10074,31678,2,2,2021-01-20 16:02:57,2021-01-25 17:46:13
10074,31679,1,0,2021-01-21 21:49:00,2021-01-21 21:49:00
10074,31693,1,1,2021-01-22 13:54:06,2021-01-22 13:54:06
10074,31716,3,2,2021-01-28 14:23:54,2021-03-08 17:27:18
10074,31729,1,0,2021-01-26 02:58:10,2021-01-26 02:58:10
10074,31739,2,2,2021-05-06 21:25:24,2021-05-25 11:23:18
10074,31779,1,0,2021-02-06 11:56:30,2021-02-06 11:56:30
10074,31790,3,0,2021-02-02 01:50:16,2021-02-03 00:08:36
10074,31792,2,0,2021-02-02 01:09:18,2021-02-02 19:58:56
10074,31811,1,1,2021-02-04 16:25:32,2021-02-04 16:25:32
10074,31834,1,0,2021-02-08 03:00:02,2021-02-08 03:00:02
10074,31894,1,1,2021-02-20 12:09:16,2021-02-20 12:09:16
10074,31895,1,0,2021-07-24 11:41:26,2021-07-24 11:41:26
10074,31909,1,1,2021-03-14 18:13:02,2021-03-14 18:13:02
10074,31972,3,1,2021-03-07 12:51:20,2021-04-09 20:01:46
10074,31996,2,0,2021-03-14 03:28:13,2021-03-14 18:03:22
10074,31998,1,0,2021-03-07 12:49:18,2021-03-07 12:49:18
10074,32022,2,2,2021-05-28 12:24:28,2021-07-12 20:35:38
10074,32038,1,1,2021-03-16 20:23:40,2021-03-16 20:23:40
10074,32046,2,0,2021-03-15 11:06:44,2021-03-24 10:15:19
10074,32123,1,1,2021-05-19 11:27:34,2021-05-19 11:27:34
10074,32145,1,1,2021-05-03 18:43:20,2021-05-03 18:43:20
10074,32152,1,1,2021-04-01 17:55:34,2021-04-01 17:55:34
10074,32221,1,0,2021-04-13 11:53:21,2021-04-13 11:53:21
10074,32243,1,1,2021-04-10 11:45:58,2021-04-10 11:45:58
10074,32246,1,1,2021-04-10 11:51:03,2021-04-10 11:51:03
10074,32250,1,1,2021-04-11 13:58:43,2021-04-11 13:58:43
10074,32273,1,1,2021-04-15 13:40:14,2021-04-15 13:40:14
10074,32327,9,7,2021-09-10 12:49:35,2022-02-09 20:13:18
10074,32334,1,1,2021-04-25 17:20:40,2021-04-25 17:20:40
10074,32341,1,0,2021-05-05 20:27:39,2021-05-05 20:27:39
10074,32346,1,1,2021-04-26 14:10:51,2021-04-26 14:10:51
10074,32363,1,1,2021-09-25 11:24:29,2021-09-25 11:24:29
10074,32422,1,1,2021-05-29 10:35:37,2021-05-29 10:35:37
10074,32548,1,0,2021-05-26 11:45:44,2021-05-26 11:45:44
10074,32562,3,1,2021-06-03 15:41:19,2021-06-04 00:27:58
10074,32574,1,1,2021-08-01 18:26:51,2021-08-01 18:26:51
10074,32601,1,1,2021-06-02 12:31:16,2021-06-02 12:31:16
10074,32610,5,3,2021-07-01 14:18:54,2022-03-05 10:27:34
10074,32614,1,1,2021-06-03 15:21:46,2021-06-03 15:21:46
10074,32620,1,0,2021-06-04 21:04:13,2021-06-04 21:04:13
10074,32649,2,1,2021-06-09 10:47:55,2021-06-09 18:15:28
10074,32676,1,1,2021-06-16 21:06:53,2021-06-16 21:06:53
10074,32678,7,4,2021-07-13 20:13:43,2021-10-26 18:36:47
10074,32716,2,1,2021-08-10 17:22:59,2021-08-10 22:33:01
10074,32729,6,4,2021-07-21 16:42:04,2021-10-26 11:24:40
10074,32731,1,1,2022-03-11 11:01:52,2022-03-11 11:01:52
10074,32744,1,0,2021-06-21 18:56:06,2021-06-21 18:56:06
10074,32808,2,0,2021-07-02 18:42:49,2021-07-03 15:11:34
10074,32868,2,2,2021-07-12 21:04:29,2022-02-03 18:22:58
10074,32873,1,1,2021-07-18 19:03:21,2021-07-18 19:03:21
10074,32883,1,1,2021-07-18 19:17:21,2021-07-18 19:17:21
10074,32888,2,1,2021-07-15 16:54:26,2021-07-16 10:00:59
10074,32894,1,0,2021-08-11 12:55:43,2021-08-11 12:55:43
10074,32928,1,1,2021-07-24 11:34:01,2021-07-24 11:34:01
10074,32956,3,0,2021-07-30 11:02:36,2021-08-01 17:58:21
10074,33976,1,0,2021-08-11 18:01:43,2021-08-11 18:01:43
10074,34002,6,4,2021-11-03 18:53:56,2022-03-08 10:58:44
10074,34014,1,0,2021-08-08 15:55:07,2021-08-08 15:55:07
10074,34020,1,1,2021-08-08 21:59:49,2021-08-08 21:59:49
10074,34027,1,1,2022-02-14 17:32:16,2022-02-14 17:32:16
10074,34034,1,0,2021-08-12 13:52:15,2021-08-12 13:52:15
10074,34058,1,1,2021-12-08 23:33:48,2021-12-08 23:33:48
10074,34099,1,0,2021-08-25 18:37:02,2021-08-25 18:37:02
10074,34126,1,1,2021-09-07 15:57:19,2021-09-07 15:57:19
10074,34131,1,1,2022-08-17 15:21:38,2022-08-17 15:21:38
10074,34138,1,1,2021-12-01 16:31:03,2021-12-01 16:31:03
10074,34144,1,1,2021-08-31 19:03:39,2021-08-31 19:03:39
10074,34166,2,1,2021-09-05 20:14:37,2021-09-07 13:17:39
10074,34178,3,1,2021-09-05 11:00:31,2021-09-06 16:15:14
10074,34189,4,1,2021-09-06 15:39:45,2021-09-12 21:18:51
10074,34198,2,0,2021-09-07 20:03:57,2021-09-07 21:04:38
10074,34216,1,0,2021-09-10 12:34:27,2021-09-10 12:34:27
10074,34228,1,0,2021-09-12 21:21:28,2021-09-12 21:21:28
10074,34254,1,0,2021-10-21 19:36:41,2021-10-21 19:36:41
10074,34260,1,1,2021-09-17 18:37:34,2021-09-17 18:37:34
10074,34307,1,1,2021-09-25 13:05:27,2021-09-25 13:05:27
10074,34338,1,1,2021-09-29 10:25:10,2021-09-29 10:25:10
10074,34361,3,1,2021-10-02 12:58:30,2021-10-07 13:03:26
10074,34377,1,1,2021-10-08 22:08:52,2021-10-08 22:08:52
10074,34381,1,0,2021-11-14 16:20:51,2021-11-14 16:20:51
10074,34396,1,1,2021-12-03 21:58:08,2021-12-03 21:58:08
10074,34415,1,1,2021-10-10 21:17:49,2021-10-10 21:17:49
10074,34434,1,0,2021-10-15 10:44:09,2021-10-15 10:44:09
10074,34437,1,1,2021-12-20 16:38:12,2021-12-20 16:38:12
10074,34538,1,1,2021-11-11 11:37:06,2021-11-11 11:37:06
10074,34551,1,0,2021-10-27 10:33:05,2021-10-27 10:33:05
10074,34552,1,0,2021-11-24 20:09:11,2021-11-24 20:09:11
10074,34570,1,1,2021-10-30 20:52:18,2021-10-30 20:52:18
10074,34592,1,1,2021-11-16 13:30:00,2021-11-16 13:30:00
10074,34619,3,0,2021-11-08 17:09:40,2021-11-09 12:22:09
10074,34626,1,1,2021-11-09 12:29:32,2021-11-09 12:29:32
10074,34638,2,1,2021-11-11 17:30:02,2021-11-11 22:11:41
10074,34701,1,1,2021-11-23 16:26:21,2021-11-23 16:26:21
10074,34715,2,1,2021-11-26 19:50:20,2021-11-29 20:17:46
10074,34717,1,1,2022-01-12 21:11:00,2022-01-12 21:11:00
10074,34745,1,1,2021-12-01 11:25:31,2021-12-01 11:25:31
10074,34762,1,1,2021-12-05 21:34:55,2021-12-05 21:34:55
10074,34810,1,1,2021-12-15 21:45:42,2021-12-15 21:45:42
10074,34811,1,0,2021-12-15 21:50:39,2021-12-15 21:50:39
10074,34814,2,1,2021-12-16 10:33:58,2021-12-16 22:10:26
10074,34823,1,1,2021-12-18 10:46:40,2021-12-18 10:46:40
10074,34829,1,1,2022-01-12 11:07:04,2022-01-12 11:07:04
10074,34850,1,1,2021-12-22 17:58:33,2021-12-22 17:58:33
10074,34895,1,1,2021-12-28 17:15:34,2021-12-28 17:15:34
10074,34923,1,1,2022-01-04 17:02:09,2022-01-04 17:02:09
10074,34945,2,0,2022-02-20 09:40:37,2022-02-20 20:51:51
10074,34983,1,1,2022-01-08 15:33:49,2022-01-08 15:33:49
10074,35017,2,1,2022-01-13 10:28:31,2022-01-14 14:25:42
10074,35041,1,1,2022-01-16 17:08:00,2022-01-16 17:08:00
10074,35048,1,1,2022-01-17 22:34:23,2022-01-17 22:34:23
10074,35052,1,0,2022-03-02 11:24:18,2022-03-02 11:24:18
10074,35076,2,1,2022-01-22 21:29:58,2022-01-24 09:41:02
10074,35089,3,2,2022-01-25 20:18:26,2023-06-25 10:15:05
10074,35111,1,0,2022-01-28 11:00:08,2022-01-28 11:00:08
10074,35157,1,1,2022-02-05 10:44:11,2022-02-05 10:44:11
10074,35158,2,0,2022-02-05 10:18:06,2022-02-06 16:14:38
10074,35165,1,1,2022-02-06 11:17:30,2022-02-06 11:17:30
10074,35171,1,1,2022-02-07 12:13:18,2022-02-07 12:13:18
10074,35193,2,2,2022-02-12 16:16:22,2022-02-14 17:34:21
10074,35195,1,1,2022-02-10 22:48:32,2022-02-10 22:48:32
10074,35202,1,1,2022-02-10 22:44:50,2022-02-10 22:44:50
10074,35222,2,1,2022-02-15 16:11:56,2022-06-14 11:10:36
10074,35224,1,1,2022-02-15 19:35:00,2022-02-15 19:35:00
10074,35240,1,1,2022-02-17 11:48:13,2022-02-17 11:48:13
10074,35245,1,1,2022-02-18 16:29:29,2022-02-18 16:29:29
10074,35268,2,0,2022-04-01 21:00:37,2022-04-01 21:05:45
10074,35286,1,1,2022-02-26 10:39:18,2022-02-26 10:39:18
10074,35294,2,1,2022-02-26 10:29:17,2022-02-26 17:37:32
10074,35349,1,0,2022-03-06 19:37:42,2022-03-06 19:37:42
10074,35350,1,0,2022-03-06 19:44:56,2022-03-06 19:44:56
10074,35355,2,0,2022-03-08 11:01:46,2022-03-08 11:03:07
10074,35421,1,1,2022-03-20 22:07:56,2022-03-20 22:07:56
10074,35439,1,0,2022-03-23 23:21:24,2022-03-23 23:21:24
10074,35489,1,1,2022-03-30 16:08:36,2022-03-30 16:08:36
10074,35553,1,1,2022-04-10 18:04:52,2022-04-10 18:04:52
10074,35612,1,0,2022-04-20 17:06:56,2022-04-20 17:06:56
10074,35630,2,0,2022-07-11 16:46:08,2022-07-16 19:33:40
10074,35672,1,1,2022-04-30 09:27:33,2022-04-30 09:27:33
10074,35781,1,0,2023-02-15 10:52:59,2023-02-15 10:52:59
10074,35899,1,0,2022-05-29 19:43:04,2022-05-29 19:43:04
10074,35928,1,1,2022-06-07 18:22:41,2022-06-07 18:22:41
10074,35971,1,1,2022-10-14 14:33:14,2022-10-14 14:33:14
10074,36006,1,1,2022-06-09 11:44:38,2022-06-09 11:44:38
10074,36226,2,1,2022-07-05 10:10:42,2022-07-05 21:45:42
10074,36244,1,1,2022-09-22 16:23:37,2022-09-22 16:23:37
10074,36273,1,1,2022-07-15 18:29:50,2022-07-15 18:29:50
10074,36306,2,0,2022-07-14 19:15:32,2022-07-15 10:28:46
10074,36307,1,1,2023-03-21 21:00:59,2023-03-21 21:00:59
10074,36336,1,1,2022-07-17 16:52:39,2022-07-17 16:52:39
10074,36470,1,1,2022-08-03 14:47:20,2022-08-03 14:47:20
10074,36479,2,0,2022-09-05 13:38:24,2023-01-05 17:08:33
10074,36482,2,2,2022-08-30 15:58:57,2022-11-25 13:52:41
10074,36547,1,0,2022-08-11 12:07:00,2022-08-11 12:07:00
10074,36554,2,0,2022-08-14 20:47:28,2022-08-16 15:56:59
10074,36558,1,1,2022-08-14 20:31:41,2022-08-14 20:31:41
10074,36569,1,1,2023-02-04 17:31:54,2023-02-04 17:31:54
10074,36582,1,0,2022-08-16 00:15:34,2022-08-16 00:15:34
10074,36595,1,0,2022-08-17 00:35:39,2022-08-17 00:35:39
10074,36604,1,0,2022-08-18 10:18:27,2022-08-18 10:18:27
10074,36646,1,1,2022-08-22 20:44:20,2022-08-22 20:44:20
10074,36650,1,1,2022-08-24 14:29:04,2022-08-24 14:29:04
10074,36661,2,1,2022-08-28 22:25:19,2022-09-01 01:02:55
10074,36682,1,0,2022-08-28 03:46:27,2022-08-28 03:46:27
10074,36700,1,1,2022-08-29 09:40:25,2022-08-29 09:40:25
10074,36744,1,0,2022-09-03 21:50:42,2022-09-03 21:50:42
10074,36748,2,1,2022-09-03 21:37:27,2023-01-11 10:59:47
10074,36778,1,0,2022-09-07 10:07:46,2022-09-07 10:07:46
10074,36803,1,1,2022-09-09 21:39:46,2022-09-09 21:39:46
10074,36829,1,1,2023-09-27 00:38:59,2023-09-27 00:38:59
10074,36834,1,1,2022-09-12 22:43:09,2022-09-12 22:43:09
10074,36904,1,0,2022-09-20 16:04:19,2022-09-20 16:04:19
10074,36906,1,0,2022-09-21 12:34:09,2022-09-21 12:34:09
10074,36942,4,1,2022-09-24 11:20:43,2022-09-24 18:57:24
10074,36990,2,1,2022-09-29 20:34:25,2022-09-30 10:55:38
10074,36998,1,1,2022-09-30 10:52:59,2022-09-30 10:52:59
10074,37068,2,2,2022-12-26 16:09:06,2022-12-28 22:50:55
10074,37080,1,1,2022-10-09 22:23:25,2022-10-09 22:23:25
10074,37081,1,0,2022-10-09 22:04:55,2022-10-09 22:04:55
10074,37100,1,0,2022-10-12 09:50:20,2022-10-12 09:50:20
10074,37131,3,1,2022-11-09 18:01:13,2023-06-23 16:37:39
10074,37189,1,1,2022-10-22 11:18:07,2022-10-22 11:18:07
10074,37248,1,1,2022-11-05 10:48:03,2022-11-05 10:48:03
10074,37307,1,0,2022-11-03 10:32:36,2022-11-03 10:32:36
10074,37320,1,0,2022-11-05 10:49:35,2022-11-05 10:49:35
10074,37341,1,1,2022-12-11 22:51:56,2022-12-11 22:51:56
10074,37349,1,0,2022-11-07 15:06:20,2022-11-07 15:06:20
10074,37400,1,0,2022-11-12 11:56:13,2022-11-12 11:56:13
10074,37415,1,0,2022-11-13 16:23:45,2022-11-13 16:23:45
10074,37420,6,1,2022-11-13 23:44:42,2022-11-21 00:44:00
10074,37506,1,1,2022-12-01 22:10:35,2022-12-01 22:10:35
10074,37550,1,0,2022-12-03 17:22:24,2022-12-03 17:22:24
10074,37557,1,1,2022-11-28 22:56:43,2022-11-28 22:56:43
10074,37587,1,1,2023-01-01 13:17:27,2023-01-01 13:17:27
10074,37607,1,1,2022-12-05 16:38:44,2022-12-05 16:38:44
10074,37644,3,1,2022-12-10 06:04:34,2022-12-11 04:14:03
10074,37695,3,2,2022-12-23 14:19:03,2023-01-02 19:57:41
10074,37696,2,0,2023-03-19 18:48:03,2023-03-20 11:09:44
10074,37709,1,1,2023-02-01 10:55:28,2023-02-01 10:55:28
10074,37726,1,1,2022-12-18 14:22:02,2022-12-18 14:22:02
10074,37737,3,1,2022-12-20 16:02:38,2022-12-23 19:11:52
10074,37743,3,1,2022-12-20 16:05:51,2022-12-24 19:54:48
10074,37810,2,0,2022-12-29 00:55:38,2022-12-29 15:33:01
10074,37847,1,1,2023-01-05 01:33:23,2023-01-05 01:33:23
10074,37848,4,1,2023-01-17 12:04:41,2023-01-17 18:45:26
10074,37879,1,1,2023-01-09 11:44:53,2023-01-09 11:44:53
10074,37900,1,0,2023-01-11 12:34:48,2023-01-11 12:34:48
10074,37970,2,0,2023-01-18 11:58:56,2023-01-19 10:58:49
10074,38003,1,0,2023-01-21 17:20:33,2023-01-21 17:20:33
10074,38021,1,0,2023-01-24 11:25:30,2023-01-24 11:25:30
10074,38046,1,1,2023-01-29 21:12:50,2023-01-29 21:12:50
10074,38098,1,0,2023-02-02 02:34:10,2023-02-02 02:34:10
10074,38124,1,1,2023-03-05 17:36:47,2023-03-05 17:36:47
10074,38139,2,1,2023-02-12 19:56:45,2023-02-13 19:37:37
10074,38147,1,1,2023-02-09 16:59:11,2023-02-09 16:59:11
10074,38181,1,1,2023-02-12 16:08:10,2023-02-12 16:08:10
10074,38212,1,0,2023-02-15 10:58:08,2023-02-15 10:58:08
10074,38223,3,1,2024-01-05 11:53:12,2024-01-16 17:34:19
10074,38279,1,1,2023-02-24 10:10:03,2023-02-24 10:10:03
10074,38342,1,1,2023-09-07 19:06:02,2023-09-07 19:06:02
10074,38444,1,1,2023-03-16 14:54:41,2023-03-16 14:54:41
10074,38447,2,1,2023-03-15 12:53:12,2023-03-16 10:24:13
10074,38488,4,1,2023-10-15 15:59:13,2023-10-17 10:32:04
10074,38612,1,0,2023-04-27 13:35:32,2023-04-27 13:35:32
10074,38627,1,0,2023-04-10 13:01:58,2023-04-10 13:01:58
10074,38672,1,0,2023-04-10 12:30:59,2023-04-10 12:30:59
10074,39162,1,0,2023-06-05 09:47:55,2023-06-05 09:47:55
10074,39400,1,1,2023-06-26 20:53:46,2023-06-26 20:53:46
10074,39404,2,1,2023-06-21 16:54:55,2023-06-23 14:11:25
10074,39416,3,0,2023-10-05 15:53:01,2023-10-10 09:35:59
10074,39439,1,1,2023-06-25 18:13:55,2023-06-25 18:13:55
10074,39497,1,1,2023-07-28 09:41:27,2023-07-28 09:41:27
10074,39528,1,1,2023-07-09 01:20:26,2023-07-09 01:20:26
10074,39628,2,0,2023-07-14 02:07:13,2023-07-14 23:04:34
10074,39840,1,1,2023-08-12 03:12:08,2023-08-12 03:12:08
10074,39852,2,0,2024-02-23 23:00:07,2024-02-24 10:39:03
10074,39871,2,0,2023-08-10 11:09:28,2023-08-11 00:19:44
10074,39931,1,1,2023-09-18 14:57:58,2023-09-18 14:57:58
10074,40086,3,0,2023-10-07 16:28:15,2023-10-07 23:08:12
10074,40089,1,0,2023-12-13 09:47:18,2023-12-13 09:47:18
10074,40136,1,1,2023-09-12 18:54:39,2023-09-12 18:54:39
10074,40139,1,1,2023-09-11 21:52:44,2023-09-11 21:52:44
10074,40175,5,2,2024-01-16 11:04:51,2024-01-26 20:06:43
10074,40189,1,0,2023-12-02 15:48:50,2023-12-02 15:48:50
10074,40191,1,1,2023-09-18 15:06:16,2023-09-18 15:06:16
10074,40244,1,0,2023-09-22 00:54:01,2023-09-22 00:54:01
10074,40380,1,0,2023-10-06 03:08:09,2023-10-06 03:08:09
10074,40410,2,1,2023-10-21 01:18:34,2023-11-07 19:03:20
10074,40415,1,1,2023-10-12 03:33:34,2023-10-12 03:33:34
10074,40427,1,1,2023-10-13 18:46:22,2023-10-13 18:46:22
10074,40442,1,1,2023-10-19 20:37:40,2023-10-19 20:37:40
10074,40444,2,1,2023-10-17 00:17:14,2023-10-17 02:02:02
10074,40493,1,1,2023-12-21 12:33:39,2023-12-21 12:33:39
10074,40501,1,1,2023-10-25 11:21:28,2023-10-25 11:21:28
10074,40503,1,1,2023-10-25 11:08:43,2023-10-25 11:08:43
10074,40519,1,0,2023-10-26 18:34:25,2023-10-26 18:34:25
10074,40522,1,0,2023-10-27 11:21:53,2023-10-27 11:21:53
10074,40538,1,0,2023-10-30 14:46:52,2023-10-30 14:46:52
10074,40623,8,5,2024-03-24 09:46:11,2025-05-06 17:46:55
10074,40653,1,0,2023-11-19 19:57:12,2023-11-19 19:57:12
10074,40661,1,1,2023-11-20 12:48:22,2023-11-20 12:48:22
10074,40675,2,0,2023-11-20 15:57:18,2023-11-23 02:09:47
10074,40708,1,1,2023-11-25 01:30:16,2023-11-25 01:30:16
10074,40716,1,1,2023-11-27 02:08:30,2023-11-27 02:08:30
10074,40728,1,0,2023-11-27 23:30:56,2023-11-27 23:30:56
10074,40772,1,0,2023-12-04 00:49:33,2023-12-04 00:49:33
10074,40797,1,1,2023-12-07 10:24:23,2023-12-07 10:24:23
10074,40802,2,1,2023-12-08 00:28:46,2023-12-08 10:08:37
10074,40845,1,1,2024-01-19 14:12:58,2024-01-19 14:12:58
10074,40867,4,1,2023-12-16 09:10:40,2023-12-24 22:20:22
10074,40890,2,1,2023-12-21 11:43:39,2024-02-11 15:53:22
10074,40930,1,1,2023-12-24 22:17:17,2023-12-24 22:17:17
10074,40954,1,1,2023-12-28 19:25:51,2023-12-28 19:25:51
10074,41005,5,2,2024-01-19 23:24:54,2024-01-22 00:00:52
10074,41036,1,0,2024-03-15 21:17:41,2024-03-15 21:17:41
10074,41049,2,2,2024-01-10 21:31:27,2024-01-18 02:47:30
10074,41058,1,1,2024-02-09 12:54:47,2024-02-09 12:54:47
10074,41082,1,1,2024-01-16 19:25:01,2024-01-16 19:25:01
10074,41110,1,1,2024-01-21 12:11:19,2024-01-21 12:11:19
10074,41119,1,1,2024-01-22 20:56:50,2024-01-22 20:56:50
10074,41240,2,1,2024-02-07 17:09:19,2024-02-07 22:31:25
10074,41250,1,1,2024-02-10 00:57:34,2024-02-10 00:57:34
10074,41304,2,0,2024-02-18 00:45:27,2024-02-18 17:01:38
10074,41315,2,0,2024-02-20 11:48:16,2024-02-20 11:50:35
10074,42355,1,0,2024-02-27 11:36:42,2024-02-27 11:36:42
10074,42381,2,1,2024-02-29 20:10:56,2024-03-01 11:59:07
10074,42442,3,1,2024-03-09 16:37:39,2024-03-31 15:40:04
10074,42450,1,0,2024-03-12 10:47:30,2024-03-12 10:47:30
10074,42673,1,0,2024-04-18 19:03:12,2024-04-18 19:03:12
10074,42807,2,1,2024-05-08 10:24:51,2024-05-08 21:30:42
10074,42937,1,1,2024-05-27 10:30:35,2024-05-27 10:30:35
10074,42978,1,1,2024-06-02 17:05:14,2024-06-02 17:05:14
10074,43160,1,1,2024-07-08 10:36:50,2024-07-08 10:36:50
10074,43774,1,1,2024-10-21 09:12:15,2024-10-21 09:12:15
10074,44281,1,1,2025-01-25 11:54:30,2025-01-25 11:54:30
10074,44292,1,0,2025-01-30 15:57:58,2025-01-30 15:57:58
10074,44599,1,1,2025-04-17 11:49:01,2025-04-17 11:49:01
11300,4847,2,0,2019-07-21 20:18:07,2020-05-01 19:14:52
11300,17148,1,0,2020-05-19 13:23:33,2020-05-19 13:23:33
11300,19863,1,1,2020-06-07 13:46:08,2020-06-07 13:46:08
11300,20853,2,1,2019-11-03 19:24:02,2019-11-03 23:05:23
11300,22398,3,1,2019-06-24 22:07:49,2019-06-25 20:09:54
11300,23587,1,1,2019-06-11 14:02:33,2019-06-11 14:02:33
11300,23682,5,1,2019-06-09 12:50:26,2019-06-11 13:53:08
11300,23835,1,1,2019-07-02 14:20:00,2019-07-02 14:20:00
11300,23851,3,1,2019-07-04 17:44:12,2019-07-05 15:08:07
11300,23857,1,1,2019-07-11 18:43:31,2019-07-11 18:43:31
11300,23868,1,1,2019-07-13 20:13:16,2019-07-13 20:13:16
11300,23885,1,1,2019-08-02 15:15:38,2019-08-02 15:15:38
11300,23889,2,1,2019-07-27 19:18:10,2019-08-02 12:27:58
11300,23898,1,0,2019-07-29 20:17:21,2019-07-29 20:17:21
11300,23957,1,0,2019-07-21 12:59:38,2019-07-21 12:59:38
11300,24044,2,2,2019-08-06 23:32:09,2019-09-28 18:31:53
11300,24072,1,1,2019-08-20 18:39:46,2019-08-20 18:39:46
11300,24102,2,1,2019-08-18 21:03:50,2019-08-18 21:56:01
11300,24113,1,1,2019-08-20 15:39:10,2019-08-20 15:39:10
11300,24174,1,1,2019-08-31 19:22:55,2019-08-31 19:22:55
11300,25238,1,1,2019-09-13 12:41:41,2019-09-13 12:41:41
11300,25275,1,1,2021-06-25 21:23:41,2021-06-25 21:23:41
11300,25411,4,1,2020-04-10 10:28:35,2020-04-11 19:25:48
11300,25436,2,1,2020-01-15 22:58:52,2020-02-08 19:56:21
11300,25493,1,1,2019-11-17 14:03:19,2019-11-17 14:03:19
11300,25537,1,0,2019-11-13 16:13:16,2019-11-13 16:13:16
11300,25633,2,1,2019-12-04 23:48:23,2019-12-05 21:50:58
11300,25691,1,1,2019-12-21 16:36:37,2019-12-21 16:36:37
11300,26111,3,1,2020-04-16 15:14:13,2020-04-16 17:26:07
11300,27346,1,1,2020-06-04 18:52:17,2020-06-04 18:52:17
11300,27409,1,1,2020-04-13 19:31:49,2020-04-13 19:31:49
11300,27461,1,1,2020-04-13 16:20:05,2020-04-13 16:20:05
11300,27566,1,1,2020-05-28 19:00:19,2020-05-28 19:00:19
11300,27815,1,1,2020-05-08 19:18:40,2020-05-08 19:18:40
11300,27827,1,1,2020-04-30 22:56:03,2020-04-30 22:56:03
11300,27998,1,1,2020-05-06 21:54:58,2020-05-06 21:54:58
11300,28062,2,1,2020-05-31 19:32:21,2020-06-01 15:53:00
11300,28204,1,1,2020-05-29 21:39:23,2020-05-29 21:39:23
11300,28233,2,1,2020-05-21 18:40:18,2020-05-21 20:05:39
11300,28288,1,1,2020-05-20 12:16:00,2020-05-20 12:16:00
11300,28341,1,0,2020-05-22 19:05:07,2020-05-22 19:05:07
11300,28495,3,1,2020-05-31 15:17:27,2020-05-31 16:34:59
11300,28538,3,1,2020-06-02 14:22:46,2020-06-02 17:39:32
11300,28539,1,0,2020-07-05 19:39:01,2020-07-05 19:39:01
11300,28544,1,0,2020-06-02 21:42:03,2020-06-02 21:42:03
11300,28790,2,2,2020-06-28 20:36:43,2020-06-28 20:50:51
11300,28813,1,1,2020-06-20 21:26:46,2020-06-20 21:26:46
11300,28887,1,1,2020-06-25 20:38:51,2020-06-25 20:38:51
11300,28907,1,1,2020-06-28 14:29:24,2020-06-28 14:29:24
11300,28910,1,1,2020-06-27 19:19:51,2020-06-27 19:19:51
11300,28911,2,1,2020-07-01 16:00:09,2020-07-02 13:54:16
11300,28974,1,1,2020-07-02 19:09:12,2020-07-02 19:09:12
11300,28997,1,1,2020-12-13 17:45:44,2020-12-13 17:45:44
11300,29021,1,1,2020-07-05 22:00:28,2020-07-05 22:00:28
11300,31186,1,1,2020-11-13 20:57:26,2020-11-13 20:57:26
11300,31254,2,0,2020-11-30 19:00:27,2020-12-01 09:51:40
11300,31271,1,1,2021-05-12 13:49:13,2021-05-12 13:49:13
11300,31389,1,1,2020-12-13 16:57:26,2020-12-13 16:57:26
11300,31393,1,1,2020-12-13 18:36:14,2020-12-13 18:36:14
11300,31408,1,1,2021-02-12 21:53:59,2021-02-12 21:53:59
11300,31418,1,1,2020-12-16 21:52:06,2020-12-16 21:52:06
11300,31653,1,1,2021-01-14 15:04:03,2021-01-14 15:04:03
11300,31678,1,1,2021-02-10 15:45:40,2021-02-10 15:45:40
11300,32252,1,1,2021-04-11 22:40:05,2021-04-11 22:40:05
11300,32280,1,1,2021-05-12 17:00:14,2021-05-12 17:00:14
11300,32363,4,1,2021-05-06 10:21:05,2021-05-07 20:50:08
11300,32419,1,0,2021-05-29 22:58:48,2021-05-29 22:58:48
11300,32476,1,1,2021-05-15 14:49:39,2021-05-15 14:49:39
11300,32575,2,1,2021-05-29 09:54:11,2021-05-31 20:21:18
11300,32668,2,1,2021-06-23 21:09:15,2021-06-24 04:02:58
11300,34002,1,1,2021-10-28 21:41:35,2021-10-28 21:41:35
11300,34412,2,1,2021-10-10 20:13:36,2021-10-11 19:44:09
11300,34546,1,1,2021-10-27 14:45:59,2021-10-27 14:45:59
11300,35245,1,1,2022-02-19 21:42:29,2022-02-19 21:42:29
12099,4555,1,1,2020-04-27 18:09:33,2020-04-27 18:09:33
12099,4847,2,0,2019-05-16 10:03:09,2019-07-15 16:39:28
12099,10155,5,3,2019-11-07 12:24:07,2019-11-19 13:41:43
12099,11571,1,1,2019-09-09 15:45:53,2019-09-09 15:45:53
12099,14162,2,2,2019-12-09 17:17:36,2020-01-08 14:51:14
12099,14636,1,1,2019-05-24 10:16:03,2019-05-24 10:16:03
12099,15502,3,2,2019-11-27 14:38:42,2019-12-05 10:52:39
12099,17148,1,1,2020-02-25 10:44:38,2020-02-25 10:44:38
12099,17304,3,1,2019-12-16 16:38:48,2019-12-16 21:16:47
12099,17327,1,1,2019-06-17 15:43:33,2019-06-17 15:43:33
12099,18407,1,1,2019-08-01 15:11:15,2019-08-01 15:11:15
12099,18455,3,1,2019-05-16 10:08:34,2019-05-17 16:46:41
12099,19664,3,2,2020-03-07 19:05:02,2020-03-24 17:13:35
12099,20853,1,1,2019-06-03 15:40:05,2019-06-03 15:40:05
12099,21342,3,2,2019-06-03 15:44:56,2019-11-22 15:50:56
12099,21532,2,0,2019-11-25 11:44:20,2019-11-26 13:55:58
12099,21569,1,1,2019-05-28 08:52:52,2019-05-28 08:52:52
12099,21816,1,0,2020-01-06 06:40:38,2020-01-06 06:40:38
12099,22025,2,1,2019-07-09 09:02:38,2019-07-09 16:51:46
12099,23105,1,1,2019-08-22 08:47:33,2019-08-22 08:47:33
12099,23178,1,1,2020-03-12 21:01:34,2020-03-12 21:01:34
12099,23228,1,1,2019-05-18 22:41:30,2019-05-18 22:41:30
12099,23235,1,1,2019-09-30 08:20:49,2019-09-30 08:20:49
12099,23262,1,1,2019-09-11 09:58:23,2019-09-11 09:58:23
12099,23294,2,1,2019-06-04 16:15:01,2019-06-04 19:50:55
12099,23317,7,1,2019-07-08 09:18:31,2019-07-23 08:54:12
12099,23346,2,1,2019-06-11 16:53:07,2019-06-11 18:43:17
12099,23348,1,1,2019-05-19 19:46:05,2019-05-19 19:46:05
12099,23353,5,3,2019-05-20 15:56:22,2019-06-05 07:48:44
12099,23380,2,2,2019-06-03 06:43:00,2019-06-09 15:36:57
12099,23428,8,4,2019-05-14 09:47:58,2019-06-28 07:20:09
12099,23463,2,2,2020-02-07 11:55:56,2020-02-11 15:07:21
12099,23544,1,1,2019-05-23 05:42:29,2019-05-23 05:42:29
12099,23552,3,1,2019-07-05 09:46:11,2019-07-31 13:13:32
12099,23566,22,7,2019-05-21 09:01:43,2019-09-18 18:42:57
12099,23570,2,1,2019-05-13 18:27:03,2019-05-13 18:30:29
12099,23577,1,0,2019-05-16 16:32:41,2019-05-16 16:32:41
12099,23579,1,0,2019-05-17 10:51:29,2019-05-17 10:51:29
12099,23581,1,0,2019-05-18 22:58:10,2019-05-18 22:58:10
12099,23607,1,0,2019-05-26 22:19:12,2019-05-26 22:19:12
12099,23610,1,0,2019-05-22 09:57:48,2019-05-22 09:57:48
12099,23622,1,1,2019-07-08 15:06:26,2019-07-08 15:06:26
12099,23635,1,1,2019-06-19 12:35:12,2019-06-19 12:35:12
12099,23639,2,1,2019-06-11 19:06:01,2019-06-12 12:58:36
12099,23644,1,1,2019-05-31 06:34:23,2019-05-31 06:34:23
12099,23662,2,1,2019-09-13 09:45:56,2019-09-15 09:21:44
12099,23701,1,1,2019-06-12 11:58:54,2019-06-12 11:58:54
12099,23710,1,1,2019-06-13 09:00:33,2019-06-13 09:00:33
12099,23718,1,1,2019-09-18 08:06:51,2019-09-18 08:06:51
12099,23727,1,1,2019-06-17 06:57:20,2019-06-17 06:57:20
12099,23738,1,1,2019-06-18 09:26:12,2019-06-18 09:26:12
12099,23741,2,2,2019-06-18 15:54:06,2019-07-22 15:39:22
12099,23743,3,2,2019-11-21 10:58:58,2019-11-28 15:11:02
12099,23796,1,1,2019-08-21 15:12:39,2019-08-21 15:12:39
12099,23824,3,1,2019-07-01 14:17:15,2019-07-02 15:22:23
12099,23857,2,1,2019-07-15 12:25:29,2019-07-15 19:06:07
12099,23868,1,1,2019-07-25 09:29:25,2019-07-25 09:29:25
12099,23871,3,1,2019-07-09 07:27:21,2019-07-09 14:45:50
12099,23872,4,2,2019-07-29 09:03:38,2019-09-02 08:16:46
12099,23885,2,1,2019-08-14 10:06:32,2019-09-02 13:43:44
12099,23898,9,1,2019-07-16 20:24:17,2019-07-18 06:33:31
12099,23906,4,0,2019-07-04 07:25:47,2019-07-05 14:17:14
12099,23908,5,3,2019-07-15 16:34:01,2019-07-31 16:02:04
12099,23911,1,1,2019-08-20 16:52:24,2019-08-20 16:52:24
12099,23963,2,1,2019-07-22 16:16:18,2019-07-22 16:31:40
12099,23967,2,1,2019-07-23 16:00:20,2019-07-24 15:19:33
12099,23968,2,1,2019-07-29 08:42:24,2019-07-29 15:22:40
12099,23982,1,0,2019-09-17 17:18:39,2019-09-17 17:18:39
12099,23984,2,1,2019-07-29 13:05:47,2019-07-29 16:48:48
12099,23985,2,0,2019-08-23 09:02:39,2019-08-24 13:21:06
12099,23991,1,0,2020-03-03 12:04:27,2020-03-03 12:04:27
12099,24002,1,1,2019-07-30 15:44:34,2019-07-30 15:44:34
12099,24009,3,1,2019-08-01 09:46:15,2019-08-01 17:24:27
12099,24012,2,1,2019-08-01 13:47:32,2019-08-05 08:40:39
12099,24018,1,1,2019-08-02 09:39:43,2019-08-02 09:39:43
12099,24026,2,1,2019-08-05 10:18:52,2019-08-05 13:35:30
12099,24044,5,5,2019-08-15 12:40:24,2019-11-04 14:06:48
12099,24051,1,1,2019-08-08 09:14:51,2019-08-08 09:14:51
12099,24068,3,0,2020-01-16 14:07:06,2020-01-16 15:06:44
12099,24072,3,3,2019-08-12 16:36:21,2019-11-04 15:19:57
12099,24077,2,2,2019-08-13 09:49:14,2019-09-25 17:01:38
12099,24106,1,1,2019-08-20 11:57:27,2019-08-20 11:57:27
12099,24110,3,2,2019-09-18 15:33:17,2020-03-16 11:58:21
12099,24134,1,1,2019-08-24 13:31:18,2019-08-24 13:31:18
12099,24162,1,1,2019-08-29 16:13:54,2019-08-29 16:13:54
12099,24165,3,1,2019-08-30 13:29:25,2019-08-30 14:58:38
12099,24171,1,1,2020-01-14 09:43:01,2020-01-14 09:43:01
12099,24173,2,1,2019-09-05 12:11:08,2019-09-05 20:09:01
12099,24177,2,0,2019-09-02 16:10:19,2019-09-03 15:26:55
12099,24183,2,2,2019-09-02 12:12:52,2019-09-13 14:35:10
12099,24213,4,3,2019-09-13 15:14:34,2020-03-27 11:46:00
12099,24214,1,1,2019-09-24 11:12:36,2019-09-24 11:12:36
12099,24224,1,0,2019-09-11 09:27:09,2019-09-11 09:27:09
12099,25283,2,1,2019-09-23 12:58:24,2019-09-27 08:11:58
12099,25286,1,0,2019-10-02 10:16:21,2019-10-02 10:16:21
12099,25289,1,1,2019-09-24 14:02:40,2019-09-24 14:02:40
12099,25302,3,1,2019-10-02 06:09:22,2019-10-02 23:19:20
12099,25320,1,0,2019-10-01 14:15:46,2019-10-01 14:15:46
12099,25331,1,1,2019-12-04 14:35:32,2019-12-04 14:35:32
12099,25333,1,1,2019-12-12 10:46:58,2019-12-12 10:46:58
12099,25340,1,1,2019-10-04 15:31:17,2019-10-04 15:31:17
12099,25352,5,4,2019-11-27 10:35:37,2020-01-23 14:28:32
12099,25363,2,1,2019-10-09 16:26:23,2019-10-11 08:45:50
12099,25408,3,2,2019-11-29 17:10:35,2019-12-06 15:03:35
12099,25411,7,4,2020-01-31 10:27:20,2020-03-24 06:46:01
12099,25436,6,4,2019-12-06 14:40:02,2020-01-20 11:01:34
12099,25459,2,2,2019-11-06 17:25:58,2019-12-17 17:22:57
12099,25488,1,1,2019-11-04 13:19:23,2019-11-04 13:19:23
12099,25499,1,1,2019-11-04 15:41:39,2019-11-04 15:41:39
12099,25503,2,1,2019-11-06 17:17:35,2019-11-07 09:48:30
12099,25516,1,0,2020-01-25 23:37:17,2020-01-25 23:37:17
12099,25529,1,1,2019-11-12 10:58:09,2019-11-12 10:58:09
12099,25534,1,1,2019-11-13 13:31:56,2019-11-13 13:31:56
12099,25539,1,1,2019-11-14 17:25:42,2019-11-14 17:25:42
12099,25554,1,1,2019-11-18 13:04:45,2019-11-18 13:04:45
12099,25559,2,1,2019-11-19 08:29:44,2019-11-19 13:25:40
12099,25579,1,1,2019-11-21 22:08:51,2019-11-21 22:08:51
12099,25608,1,1,2019-12-05 16:25:00,2019-12-05 16:25:00
12099,25609,1,1,2019-11-27 11:50:10,2019-11-27 11:50:10
12099,25610,1,1,2019-11-28 13:36:17,2019-11-28 13:36:17
12099,25616,3,2,2019-12-17 17:45:13,2020-01-05 11:04:29
12099,25621,1,1,2019-12-13 10:27:07,2019-12-13 10:27:07
12099,25624,2,1,2019-12-02 15:21:17,2019-12-02 15:34:31
12099,25625,2,1,2019-12-04 06:17:20,2019-12-04 10:26:08
12099,25627,1,0,2019-12-04 06:03:02,2019-12-04 06:03:02
12099,25636,1,1,2019-12-06 16:54:26,2019-12-06 16:54:26
12099,25637,6,5,2019-12-09 16:13:57,2020-02-14 06:36:03
12099,25676,1,1,2020-01-08 09:01:13,2020-01-08 09:01:13
12099,25686,3,3,2020-01-07 17:39:32,2020-01-14 09:35:07
12099,25697,2,2,2020-01-04 21:55:29,2020-02-13 15:01:32
12099,25704,5,5,2020-01-07 17:18:41,2020-03-06 09:40:41
12099,25708,1,1,2020-01-07 17:11:50,2020-01-07 17:11:50
12099,25713,1,1,2020-01-20 16:53:39,2020-01-20 16:53:39
12099,25720,4,1,2020-02-04 15:37:56,2020-02-05 11:24:32
12099,25732,5,2,2020-01-03 10:16:51,2020-01-12 08:42:59
12099,25758,1,1,2020-01-04 23:47:22,2020-01-04 23:47:22
12099,25762,1,1,2020-01-06 09:59:06,2020-01-06 09:59:06
12099,25764,1,0,2020-04-19 19:57:54,2020-04-19 19:57:54
12099,25771,3,1,2020-02-10 15:23:57,2020-02-12 13:26:26
12099,25775,1,1,2020-01-07 18:41:10,2020-01-07 18:41:10
12099,25784,2,1,2020-02-13 14:19:19,2020-02-13 16:17:22
12099,25785,2,1,2020-01-10 11:14:30,2020-01-10 11:35:13
12099,25787,1,1,2020-01-13 08:58:44,2020-01-13 08:58:44
12099,25795,1,1,2020-01-13 09:58:52,2020-01-13 09:58:52
12099,25799,1,1,2020-01-27 17:38:13,2020-01-27 17:38:13
12099,25801,1,1,2020-01-18 09:49:36,2020-01-18 09:49:36
12099,25806,1,1,2020-01-14 20:06:11,2020-01-14 20:06:11
12099,25821,1,1,2020-01-16 14:32:53,2020-01-16 14:32:53
12099,25836,1,1,2020-01-20 09:17:33,2020-01-20 09:17:33
12099,25844,6,3,2020-01-30 16:11:55,2020-02-10 15:58:59
12099,25847,1,1,2020-01-21 12:24:38,2020-01-21 12:24:38
12099,25868,1,1,2020-01-27 22:23:24,2020-01-27 22:23:24
12099,25878,1,1,2020-01-28 09:55:43,2020-01-28 09:55:43
12099,25882,3,0,2020-01-29 14:51:42,2020-01-29 17:15:24
12099,25890,1,1,2020-01-30 21:36:45,2020-01-30 21:36:45
12099,25915,14,9,2020-02-04 13:15:50,2020-03-17 10:30:23
12099,25940,1,1,2020-03-22 23:30:41,2020-03-22 23:30:41
12099,25947,4,2,2020-02-11 10:43:24,2020-03-21 22:41:42
12099,25954,1,1,2020-02-12 10:56:08,2020-02-12 10:56:08
12099,25958,2,1,2020-03-05 19:14:30,2020-03-06 15:19:12
12099,25972,1,1,2020-03-03 13:05:28,2020-03-03 13:05:28
12099,25989,1,1,2020-02-19 15:42:25,2020-02-19 15:42:25
12099,26011,1,1,2020-02-27 14:15:36,2020-02-27 14:15:36
12099,26019,1,1,2020-02-27 11:03:01,2020-02-27 11:03:01
12099,26022,2,1,2020-02-27 14:56:58,2020-02-28 12:05:25
12099,26028,1,1,2020-02-28 08:49:41,2020-02-28 08:49:41
12099,26039,2,1,2020-03-13 10:43:24,2020-03-14 17:15:37
12099,26041,1,1,2020-03-16 10:36:05,2020-03-16 10:36:05
12099,26046,4,3,2020-03-01 20:53:43,2020-03-11 11:56:51
12099,26062,1,1,2020-03-04 11:31:33,2020-03-04 11:31:33
12099,26065,1,1,2020-03-04 13:50:36,2020-03-04 13:50:36
12099,26069,1,1,2020-03-05 08:58:07,2020-03-05 08:58:07
12099,26072,3,1,2020-03-05 17:41:01,2020-03-05 19:42:51
12099,26089,1,1,2020-03-09 09:53:36,2020-03-09 09:53:36
12099,26092,1,1,2020-03-10 11:42:02,2020-03-10 11:42:02
12099,26102,1,1,2020-03-13 06:26:02,2020-03-13 06:26:02
12099,26119,1,1,2020-03-16 09:56:00,2020-03-16 09:56:00
12099,26129,1,1,2020-03-17 17:42:36,2020-03-17 17:42:36
12099,26130,2,1,2020-03-17 17:46:39,2020-03-18 15:40:56
12099,26141,4,2,2020-03-19 15:22:44,2020-03-27 13:27:59
12099,26143,1,1,2020-03-20 21:31:21,2020-03-20 21:31:21
12099,26166,1,1,2020-03-23 23:15:23,2020-03-23 23:15:23
12099,26175,1,1,2020-03-23 22:39:36,2020-03-23 22:39:36
12099,26176,1,1,2020-03-23 22:35:19,2020-03-23 22:35:19
12099,26231,1,0,2020-05-03 18:58:57,2020-05-03 18:58:57
12099,26232,1,1,2020-03-27 10:58:23,2020-03-27 10:58:23
12099,26239,1,1,2020-03-27 23:22:04,2020-03-27 23:22:04
12099,26244,1,1,2020-03-28 17:28:50,2020-03-28 17:28:50
12099,27316,2,1,2020-04-01 21:54:27,2020-04-02 08:55:44
12099,27474,1,1,2020-04-11 20:12:17,2020-04-11 20:12:17
12099,27920,1,1,2020-05-05 19:26:35,2020-05-05 19:26:35
12099,27998,4,1,2020-05-07 18:38:22,2020-05-07 21:24:33
12099,28330,1,0,2020-05-21 19:51:05,2020-05-21 19:51:05
12099,28506,1,0,2020-06-02 18:10:16,2020-06-02 18:10:16
12099,28679,1,0,2020-08-16 20:59:52,2020-08-16 20:59:52
12099,28718,1,1,2021-05-30 12:09:32,2021-05-30 12:09:32
12099,29273,1,0,2020-07-28 10:08:24,2020-07-28 10:08:24
12099,29695,1,1,2020-09-10 20:21:19,2020-09-10 20:21:19
12099,32419,1,1,2021-05-30 15:03:19,2021-05-30 15:03:19
12172,10074,1,0,2020-01-17 14:32:44,2020-01-17 14:32:44
12172,25824,1,1,2020-01-17 07:13:19,2020-01-17 07:13:19
13477,25963,1,1,2020-05-04 02:51:43,2020-05-04 02:51:43
14028,31338,1,1,2021-08-08 14:44:49,2021-08-08 14:44:49
14028,32690,1,1,2021-08-07 13:33:59,2021-08-07 13:33:59
14028,32886,1,0,2021-08-06 22:41:03,2021-08-06 22:41:03
14028,34161,1,1,2021-09-03 08:35:37,2021-09-03 08:35:37
18455,23549,2,1,2019-05-16 14:39:40,2019-05-20 23:00:12
19664,27996,1,1,2020-05-05 15:54:44,2020-05-05 15:54:44
20186,4847,1,0,2020-11-02 17:38:48,2020-11-02 17:38:48
21816,21912,1,1,2019-12-29 17:52:33,2019-12-29 17:52:33
21816,25547,1,1,2019-12-23 01:29:13,2019-12-23 01:29:13
21816,25687,1,0,2019-12-23 04:51:03,2019-12-23 04:51:03
21816,25722,1,1,2019-12-27 23:25:41,2019-12-27 23:25:41
21816,25736,1,1,2019-12-30 20:24:49,2019-12-30 20:24:49
21816,25748,2,1,2020-01-03 00:53:42,2020-01-03 02:28:51
21816,25762,1,1,2020-01-06 05:01:08,2020-01-06 05:01:08
21816,25766,1,1,2020-01-07 00:20:07,2020-01-07 00:20:07
21912,12099,1,0,2019-12-06 22:43:10,2019-12-06 22:43:10
21912,25694,1,1,2019-12-31 15:20:41,2019-12-31 15:20:41
22295,1090,1,0,2019-07-14 23:49:04,2019-07-14 23:49:04
22295,23893,1,0,2019-07-12 09:22:50,2019-07-12 09:22:50
22307,25417,1,1,2019-11-12 02:22:42,2019-11-12 02:22:42
23007,29265,2,1,2020-07-30 15:44:20,2020-07-30 16:02:24
23026,4847,1,0,2020-05-28 07:23:09,2020-05-28 07:23:09
23026,21304,1,0,2020-05-27 09:51:27,2020-05-27 09:51:27
23026,25844,1,0,2020-05-24 22:48:17,2020-05-24 22:48:17
23026,26203,2,1,2020-06-04 07:42:11,2020-06-04 20:05:31
23026,27283,4,1,2020-05-26 14:27:36,2020-05-28 00:43:50
23026,27566,1,1,2020-05-28 16:31:44,2020-05-28 16:31:44
23026,27596,3,2,2020-05-25 07:02:22,2020-06-03 10:45:02
23026,27617,5,1,2020-05-27 20:59:40,2020-05-28 00:50:24
23026,27963,1,1,2020-06-05 18:35:58,2020-06-05 18:35:58
23026,28078,1,0,2020-05-30 18:06:55,2020-05-30 18:06:55
23026,28118,1,0,2020-05-29 08:58:09,2020-05-29 08:58:09
23026,28169,2,0,2020-06-19 20:52:22,2020-06-19 23:15:36
23026,28177,1,0,2020-06-11 20:49:42,2020-06-11 20:49:42
23026,28180,2,2,2020-06-16 08:27:16,2020-06-19 23:29:12
23026,28204,1,1,2020-06-12 02:09:59,2020-06-12 02:09:59
23026,28268,1,1,2020-05-25 04:56:10,2020-05-25 04:56:10
23026,28302,1,0,2020-05-29 16:19:20,2020-05-29 16:19:20
23026,28316,1,0,2020-05-22 03:30:07,2020-05-22 03:30:07
23026,28335,1,0,2020-07-03 00:43:48,2020-07-03 00:43:48
23026,28341,1,0,2020-05-25 00:25:19,2020-05-25 00:25:19
23026,28344,1,1,2020-05-28 17:24:07,2020-05-28 17:24:07
23026,28373,1,0,2020-05-24 15:51:32,2020-05-24 15:51:32
23026,28380,1,0,2020-05-24 22:14:59,2020-05-24 22:14:59
23026,28384,3,1,2020-05-24 23:56:34,2020-05-25 00:38:20
23026,28395,2,0,2020-05-25 13:02:30,2020-05-25 13:09:29
23026,28419,1,1,2020-05-26 14:20:29,2020-05-26 14:20:29
23026,28424,1,0,2020-05-27 08:01:08,2020-05-27 08:01:08
23026,28442,1,1,2020-05-28 04:29:42,2020-05-28 04:29:42
23026,28450,1,1,2020-05-28 16:28:39,2020-05-28 16:28:39
23026,28458,2,1,2020-05-29 08:31:13,2020-05-30 03:59:37
23026,28459,1,0,2020-06-18 07:31:50,2020-06-18 07:31:50
23026,28465,1,1,2020-05-29 18:38:18,2020-05-29 18:38:18
23026,28485,1,1,2020-07-05 14:26:09,2020-07-05 14:26:09
23026,28518,2,0,2020-06-02 01:26:28,2020-06-02 03:45:13
23026,28521,1,0,2020-06-01 17:19:41,2020-06-01 17:19:41
23026,28564,6,1,2020-06-13 05:38:11,2020-06-14 00:07:11
23026,28566,1,0,2020-06-04 08:15:47,2020-06-04 08:15:47
23026,28602,1,1,2020-06-12 16:51:02,2020-06-12 16:51:02
23026,28608,2,1,2020-06-10 03:21:19,2020-06-20 22:13:31
23026,28686,1,0,2020-06-12 16:51:37,2020-06-12 16:51:37
23026,28691,2,1,2020-06-12 17:55:43,2020-06-12 18:16:57
23026,28696,2,1,2020-06-13 03:57:02,2020-06-13 05:35:46
23026,28704,1,0,2020-06-13 15:44:46,2020-06-13 15:44:46
23026,28722,2,1,2020-06-24 04:21:59,2020-06-24 14:25:02
23026,28737,3,1,2020-06-15 17:53:56,2020-06-16 07:53:33
23026,28754,2,1,2020-06-17 11:50:56,2020-06-17 17:26:49
23026,28790,1,1,2020-06-21 19:43:45,2020-06-21 19:43:45
23026,28811,1,0,2020-06-20 20:17:34,2020-06-20 20:17:34
23026,28975,1,0,2020-07-03 00:44:33,2020-07-03 00:44:33
23026,28995,1,1,2020-07-04 01:42:42,2020-07-04 01:42:42
23026,29000,1,0,2020-07-04 04:30:41,2020-07-04 04:30:41
23098,28552,1,1,2020-06-03 15:23:36,2020-06-03 15:23:36
23317,27352,1,1,2020-04-12 13:22:53,2020-04-12 13:22:53
23332,29010,1,1,2020-07-31 15:38:16,2020-07-31 15:38:16
23353,23618,1,1,2019-05-24 04:57:30,2019-05-24 04:57:30
23353,23629,1,0,2019-05-28 00:39:06,2019-05-28 00:39:06
23447,25547,1,1,2020-01-02 18:12:12,2020-01-02 18:12:12
23520,23782,1,1,2019-06-25 06:10:32,2019-06-25 06:10:32
23525,36244,1,1,2022-07-07 19:48:59,2022-07-07 19:48:59
23526,24224,2,1,2019-09-11 13:32:31,2019-09-11 13:39:22
23607,12099,1,0,2019-05-26 18:40:11,2019-05-26 18:40:11
23621,1090,1,0,2019-07-14 07:34:16,2019-07-14 07:34:16
23659,28523,1,1,2020-06-06 18:23:21,2020-06-06 18:23:21
23734,4847,1,0,2019-06-20 14:27:48,2019-06-20 14:27:48
23769,23581,1,0,2019-06-22 14:32:14,2019-06-22 14:32:14
23779,1090,1,0,2019-06-24 13:45:33,2019-06-24 13:45:33
23805,23727,1,1,2019-07-17 17:06:55,2019-07-17 17:06:55
23805,23796,2,1,2019-06-29 18:23:32,2019-07-01 20:31:07
23805,23885,1,1,2019-07-17 17:00:05,2019-07-17 17:00:05
23805,23891,1,1,2019-07-12 03:01:38,2019-07-12 03:01:38
23825,4847,1,0,2019-07-09 05:42:05,2019-07-09 05:42:05
23825,17327,1,1,2019-07-01 15:29:48,2019-07-01 15:29:48
23833,23656,1,1,2019-07-02 08:35:43,2019-07-02 08:35:43
23868,23943,1,0,2019-07-24 21:04:48,2019-07-24 21:04:48
23889,4847,1,0,2019-07-20 14:19:13,2019-07-20 14:19:13
23889,23885,1,0,2019-07-11 15:23:22,2019-07-11 15:23:22
23895,1090,1,0,2019-07-16 23:47:36,2019-07-16 23:47:36
23898,23893,1,0,2019-07-13 22:16:24,2019-07-13 22:16:24
23898,23908,1,0,2019-07-17 06:08:23,2019-07-17 06:08:23
23898,23942,1,0,2019-07-19 18:42:43,2019-07-19 18:42:43
23903,23804,1,1,2019-07-13 14:19:58,2019-07-13 14:19:58
23909,23621,1,0,2019-07-14 10:22:49,2019-07-14 10:22:49
23914,1090,1,0,2019-07-15 11:49:26,2019-07-15 11:49:26
23917,1090,1,0,2019-07-15 19:14:36,2019-07-15 19:14:36
23920,1090,1,0,2019-07-18 10:48:46,2019-07-18 10:48:46
23920,23893,2,2,2019-07-16 13:40:15,2019-07-16 14:26:19
23922,1090,1,0,2019-07-16 18:27:12,2019-07-16 18:27:12
23931,23984,1,1,2019-07-28 12:21:22,2019-07-28 12:21:22
23985,23893,1,0,2019-07-27 18:48:32,2019-07-27 18:48:32
23988,4847,1,1,2021-05-11 17:14:03,2021-05-11 17:14:03
23988,23334,1,0,2021-05-11 17:20:31,2021-05-11 17:20:31
23988,29032,1,1,2021-05-23 07:37:38,2021-05-23 07:37:38
23988,31744,1,1,2021-04-30 06:51:24,2021-04-30 06:51:24
23988,31909,1,1,2021-04-06 12:06:35,2021-04-06 12:06:35
23988,31984,1,0,2021-05-11 17:18:20,2021-05-11 17:18:20
23988,32110,4,2,2021-04-22 10:04:58,2021-04-30 07:30:08
23988,32145,6,3,2021-04-18 11:31:33,2021-04-26 16:35:36
23988,32280,1,1,2021-04-28 13:43:27,2021-04-28 13:43:27
23988,32301,2,1,2021-04-21 11:19:32,2021-04-22 06:19:42
23988,32316,3,2,2021-04-22 10:21:29,2021-05-05 12:40:14
23988,32335,1,1,2021-04-25 19:41:18,2021-04-25 19:41:18
23988,32375,1,0,2021-04-30 06:48:25,2021-04-30 06:48:25
23988,32416,1,0,2021-05-04 12:49:41,2021-05-04 12:49:41
23988,32562,2,1,2021-05-31 11:22:07,2021-05-31 15:28:29
23988,32567,1,1,2021-05-28 06:42:52,2021-05-28 06:42:52
23988,32575,1,0,2021-05-31 11:16:21,2021-05-31 11:16:21
23988,32576,1,1,2021-05-29 03:42:51,2021-05-29 03:42:51
23988,32714,1,1,2021-06-25 12:53:12,2021-06-25 12:53:12
23988,34447,1,0,2021-10-21 09:55:51,2021-10-21 09:55:51
23988,34681,1,0,2021-11-29 17:23:41,2021-11-29 17:23:41
23988,34945,2,1,2022-01-28 19:15:06,2022-02-14 08:55:33
23988,35009,1,1,2022-01-19 09:18:05,2022-01-19 09:18:05
23988,35028,2,1,2022-01-14 20:01:20,2022-01-15 09:34:03
23988,35032,2,1,2022-01-15 11:51:38,2022-01-16 11:44:06
23988,35048,2,1,2022-01-28 07:18:06,2022-01-31 07:15:04
23988,35055,5,1,2022-01-19 07:26:59,2022-01-20 17:40:44
23988,35106,1,1,2022-01-28 10:44:28,2022-01-28 10:44:28
23988,35108,2,1,2022-01-28 09:36:59,2022-01-28 10:48:34
23988,35156,1,1,2022-02-05 18:25:23,2022-02-05 18:25:23
23988,35173,2,1,2022-02-08 08:59:42,2022-02-09 19:12:40
23988,35178,1,1,2022-02-08 09:01:44,2022-02-08 09:01:44
23988,35190,3,1,2022-02-10 11:56:47,2022-02-15 12:06:50
23988,35204,1,1,2022-02-11 10:35:32,2022-02-11 10:35:32
23988,35212,1,0,2022-02-14 08:57:06,2022-02-14 08:57:06
23988,35213,1,1,2022-02-14 08:11:51,2022-02-14 08:11:51
23988,35260,1,1,2022-02-22 12:19:17,2022-02-22 12:19:17
23988,35404,3,1,2022-03-16 09:08:44,2022-03-17 12:05:58
23988,35410,1,1,2022-03-17 06:23:38,2022-03-17 06:23:38
23988,35452,1,1,2022-03-24 08:18:04,2022-03-24 08:18:04
23988,35472,2,1,2022-03-27 10:01:00,2022-04-13 17:47:40
23988,35800,2,1,2022-05-18 16:28:30,2022-05-19 04:04:20
23994,37871,1,0,2023-02-16 05:19:32,2023-02-16 05:19:32
24029,23931,1,0,2019-08-04 08:01:03,2019-08-04 08:01:03
24049,24044,3,1,2019-08-07 21:12:27,2019-08-08 18:27:55
24061,24058,1,1,2019-08-10 16:54:59,2019-08-10 16:54:59
24068,10074,1,0,2020-01-25 23:18:10,2020-01-25 23:18:10
24068,25685,1,0,2020-01-29 21:06:58,2020-01-29 21:06:58
24068,25708,4,1,2020-01-27 12:34:47,2020-01-28 18:46:42
24076,24044,1,1,2019-08-15 04:19:02,2019-08-15 04:19:02
24077,23885,1,1,2019-09-08 18:23:34,2019-09-08 18:23:34
24127,25882,1,1,2020-01-29 18:56:08,2020-01-29 18:56:08
24131,24102,3,0,2019-08-23 13:36:45,2019-08-23 16:09:11
24171,27916,1,0,2022-12-13 05:37:39,2022-12-13 05:37:39
24182,24058,1,0,2019-09-01 22:46:51,2019-09-01 22:46:51
25257,24183,3,1,2019-09-17 17:48:54,2019-09-18 17:20:09
25263,23317,1,0,2019-09-18 17:00:47,2019-09-18 17:00:47
25268,24140,1,0,2019-09-20 23:41:51,2019-09-20 23:41:51
25277,24159,1,0,2019-10-09 01:25:40,2019-10-09 01:25:40
25283,25380,1,1,2019-10-14 20:05:50,2019-10-14 20:05:50
25331,25390,1,1,2019-10-16 16:42:36,2019-10-16 16:42:36
25341,24183,1,1,2019-10-04 05:37:09,2019-10-04 05:37:09
25341,25331,2,1,2019-10-05 05:45:05,2019-10-18 10:05:23
25352,24217,1,1,2019-10-20 07:43:58,2019-10-20 07:43:58
25365,25364,1,1,2019-10-09 13:51:19,2019-10-09 13:51:19
25433,10074,1,0,2019-11-15 06:33:08,2019-11-15 06:33:08
25436,10155,2,1,2019-11-02 14:59:57,2019-11-05 10:26:02
25436,19664,4,1,2020-02-22 00:52:11,2020-02-22 22:16:46
25436,25323,1,1,2019-11-02 15:34:02,2019-11-02 15:34:02
25436,25451,1,0,2019-11-05 10:40:55,2019-11-05 10:40:55
25436,25478,1,0,2019-11-05 10:54:42,2019-11-05 10:54:42
25436,25493,2,2,2019-11-02 15:19:33,2019-11-05 10:33:21
25436,25596,2,0,2019-11-26 14:09:07,2019-11-26 14:18:39
25436,25671,2,1,2019-12-18 22:12:47,2019-12-18 23:06:29
25436,25675,2,2,2019-12-18 18:52:40,2019-12-18 22:17:43
25436,25683,3,2,2019-12-18 22:52:40,2019-12-19 12:29:52
25436,25708,3,1,2020-03-26 23:45:58,2020-03-27 11:47:40
25436,25732,3,1,2020-01-19 09:45:22,2020-01-19 11:08:39
25436,25940,1,1,2020-02-10 22:47:57,2020-02-10 22:47:57
25436,25941,1,1,2020-02-10 19:04:22,2020-02-10 19:04:22
25436,25963,1,1,2020-02-17 03:02:12,2020-02-17 03:02:12
25436,27722,1,1,2020-04-28 22:41:16,2020-04-28 22:41:16
25436,27851,1,1,2020-05-08 21:32:40,2020-05-08 21:32:40
25436,28118,1,0,2020-05-23 22:16:35,2020-05-23 22:16:35
25439,25427,1,0,2019-10-24 20:21:12,2019-10-24 20:21:12
25451,25459,1,1,2019-10-29 09:09:10,2019-10-29 09:09:10
25478,21912,2,0,2019-12-07 10:29:47,2019-12-14 14:13:01
25478,23791,1,0,2019-10-30 23:21:55,2019-10-30 23:21:55
25478,24113,1,1,2019-10-29 20:48:41,2019-10-29 20:48:41
25478,25413,1,1,2019-10-29 21:07:52,2019-10-29 21:07:52
25478,25435,1,1,2019-10-29 20:42:29,2019-10-29 20:42:29
25478,25436,1,0,2019-11-05 19:33:12,2019-11-05 19:33:12
25478,25492,1,0,2019-11-06 18:07:39,2019-11-06 18:07:39
25478,25596,2,1,2019-11-26 22:38:17,2019-11-28 12:27:22
25483,25417,1,1,2019-10-31 00:35:12,2019-10-31 00:35:12
25508,23656,1,1,2019-11-06 18:51:05,2019-11-06 18:51:05
25516,12099,1,0,2020-01-28 01:11:01,2020-01-28 01:11:01
25516,25847,1,0,2020-01-25 23:27:58,2020-01-25 23:27:58
25531,1090,1,0,2019-11-12 10:00:18,2019-11-12 10:00:18
25547,29044,1,1,2020-07-07 23:46:06,2020-07-07 23:46:06
25574,1090,1,0,2019-11-21 01:55:36,2019-11-21 01:55:36
25574,24072,1,1,2019-11-21 02:02:52,2019-11-21 02:02:52
25574,25527,1,1,2019-11-21 01:53:20,2019-11-21 01:53:20
25625,12099,1,0,2019-12-05 11:19:37,2019-12-05 11:19:37
25625,25630,1,0,2019-12-04 12:55:36,2019-12-04 12:55:36
25640,24009,1,0,2019-12-07 16:08:01,2019-12-07 16:08:01
25663,23348,1,1,2019-12-14 01:04:35,2019-12-14 01:04:35
25680,25427,1,0,2019-12-17 14:13:42,2019-12-17 14:13:42
25687,21816,1,0,2019-12-23 07:08:34,2019-12-23 07:08:34
25687,25547,1,1,2019-12-23 04:39:25,2019-12-23 04:39:25
25687,29257,1,1,2020-08-19 02:22:46,2020-08-19 02:22:46
25687,29269,2,1,2020-07-27 06:08:00,2020-07-29 10:14:25
25687,29510,1,1,2020-08-19 03:16:34,2020-08-19 03:16:34
25687,31142,1,1,2020-11-08 08:46:10,2020-11-08 08:46:10
25697,27641,1,1,2020-04-26 16:22:10,2020-04-26 16:22:10
25699,25352,1,1,2019-12-23 01:52:32,2019-12-23 01:52:32
25699,25547,2,1,2019-12-23 01:35:35,2019-12-23 21:52:45
25699,25690,1,1,2019-12-23 02:39:32,2019-12-23 02:39:32
25704,12099,2,0,2020-01-14 16:26:04,2020-01-14 16:50:36
25714,4847,1,0,2020-07-19 18:34:29,2020-07-19 18:34:29
25714,19863,1,1,2020-07-15 16:25:05,2020-07-15 16:25:05
25714,25768,2,0,2020-01-07 20:02:51,2020-07-22 05:26:46
25714,25868,1,1,2020-06-27 05:43:13,2020-06-27 05:43:13
25714,27362,1,1,2020-07-20 06:24:22,2020-07-20 06:24:22
25714,27760,3,3,2020-06-17 18:47:42,2020-06-17 19:04:18
25714,28400,1,1,2020-06-23 06:52:19,2020-06-23 06:52:19
25714,28432,1,1,2020-06-27 05:40:22,2020-06-27 05:40:22
25714,28527,8,4,2020-06-23 06:47:11,2020-07-01 07:00:34
25714,28664,4,1,2020-06-17 18:35:35,2020-06-18 08:46:43
25714,28778,2,2,2020-06-18 08:52:44,2020-06-23 06:24:19
25714,28789,1,1,2020-06-18 19:46:42,2020-06-18 19:46:42
25714,28790,2,1,2020-06-18 19:41:19,2020-06-28 18:49:16
25714,28804,3,1,2020-06-19 19:11:09,2020-06-19 19:34:29
25714,28838,1,1,2020-06-22 11:37:59,2020-06-22 11:37:59
25714,28862,1,1,2020-07-15 18:51:34,2020-07-15 18:51:34
25714,28875,1,1,2020-07-21 18:27:43,2020-07-21 18:27:43
25714,28881,1,1,2020-06-25 11:15:37,2020-06-25 11:15:37
25714,28915,1,1,2020-06-28 14:22:10,2020-06-28 14:22:10
25714,28918,1,1,2020-06-28 14:15:28,2020-06-28 14:15:28
25714,28997,4,1,2020-07-20 06:37:18,2020-07-20 20:45:04
25714,29022,1,1,2020-07-12 05:43:04,2020-07-12 05:43:04
25714,29086,1,1,2020-07-13 04:23:03,2020-07-13 04:23:03
25714,29104,4,2,2020-07-13 10:01:47,2020-07-15 05:22:27
25714,29106,2,2,2020-07-12 06:45:53,2020-07-19 08:51:09
25714,29107,2,1,2020-07-12 07:17:29,2020-07-12 16:18:04
25714,29108,1,1,2020-07-16 19:42:16,2020-07-16 19:42:16
25714,29109,1,1,2020-07-12 11:33:30,2020-07-12 11:33:30
25714,29141,5,3,2020-07-15 05:38:18,2020-07-17 19:01:54
25714,29177,6,2,2020-07-19 08:37:10,2020-07-19 18:55:09
25714,29180,10,3,2020-07-19 11:37:54,2020-07-19 19:16:50
25714,29186,1,1,2020-07-19 17:57:14,2020-07-19 17:57:14
25714,29220,4,2,2020-07-22 08:22:11,2020-07-22 12:55:16
25723,34552,1,0,2023-01-29 16:36:11,2023-01-29 16:36:11
25737,27429,1,0,2020-04-09 04:45:21,2020-04-09 04:45:21
25744,25537,1,1,2020-01-02 17:00:19,2020-01-02 17:00:19
25744,25764,1,0,2020-05-25 19:53:03,2020-05-25 19:53:03
25764,12099,1,0,2020-04-19 17:01:12,2020-04-19 17:01:12
25764,25744,1,0,2020-05-17 09:30:45,2020-05-17 09:30:45
25764,26002,1,0,2020-04-19 17:00:20,2020-04-19 17:00:20
25764,26183,1,0,2020-03-25 08:17:45,2020-03-25 08:17:45
25779,25778,1,1,2020-01-08 01:05:42,2020-01-08 01:05:42
25786,12099,1,0,2020-01-13 21:58:42,2020-01-13 21:58:42
25801,4555,1,0,2020-05-04 17:43:18,2020-05-04 17:43:18
25801,25680,1,1,2020-01-17 22:24:06,2020-01-17 22:24:06
25801,25824,1,1,2020-01-18 06:06:00,2020-01-18 06:06:00
25801,27670,1,0,2020-05-04 18:09:11,2020-05-04 18:09:11
25801,27975,1,0,2020-05-04 18:20:43,2020-05-04 18:20:43
25813,25814,1,1,2020-01-15 16:31:12,2020-01-15 16:31:12
25816,23991,1,1,2020-03-16 20:16:19,2020-03-16 20:16:19
25825,24068,1,1,2020-02-29 14:15:28,2020-02-29 14:15:28
25825,25430,1,0,2020-01-17 11:11:37,2020-01-17 11:11:37
25831,28240,1,1,2020-05-17 00:16:47,2020-05-17 00:16:47
25831,28242,1,1,2020-05-26 01:00:17,2020-05-26 01:00:17
25877,25704,1,1,2020-01-28 11:41:36,2020-01-28 11:41:36
25885,25357,1,1,2020-02-25 05:44:42,2020-02-25 05:44:42
25897,25972,1,1,2020-03-08 20:46:19,2020-03-08 20:46:19
25936,25847,1,1,2020-02-09 01:14:25,2020-02-09 01:14:25
25958,12099,1,0,2020-02-12 17:31:04,2020-02-12 17:31:04
25965,12099,1,0,2020-03-27 06:54:17,2020-03-27 06:54:17
25973,25411,2,0,2020-02-16 01:03:45,2020-02-16 01:09:24
25981,1090,1,0,2020-02-17 14:54:16,2020-02-17 14:54:16
25992,10074,1,0,2020-03-03 04:39:29,2020-03-03 04:39:29
26002,25704,1,1,2020-04-19 10:53:32,2020-04-19 10:53:32
26031,24171,1,1,2020-02-29 02:19:08,2020-02-29 02:19:08
26039,24213,2,1,2020-03-19 11:30:51,2020-03-19 12:53:39
26045,26042,1,0,2020-03-01 17:17:05,2020-03-01 17:17:05
26046,14162,1,1,2020-03-01 17:37:53,2020-03-01 17:37:53
26047,25973,1,0,2020-03-13 18:04:19,2020-03-13 18:04:19
26057,25478,1,0,2020-03-02 23:08:22,2020-03-02 23:08:22
26091,24159,1,0,2020-03-09 22:34:52,2020-03-09 22:34:52
26093,25704,1,1,2020-03-10 09:42:14,2020-03-10 09:42:14
26111,27363,1,0,2020-05-17 15:51:22,2020-05-17 15:51:22
26114,25801,1,0,2020-03-27 18:48:58,2020-03-27 18:48:58
26116,12099,1,0,2020-03-21 10:59:05,2020-03-21 10:59:05
26129,25737,1,1,2020-04-08 17:15:11,2020-04-08 17:15:11
26138,7214,1,1,2020-03-21 11:47:30,2020-03-21 11:47:30
26138,25783,1,1,2020-03-19 06:44:30,2020-03-19 06:44:30
26138,26163,2,1,2020-03-22 13:10:33,2020-03-24 14:38:57
26147,35830,1,1,2022-06-01 03:18:29,2022-06-01 03:18:29
26150,25579,1,1,2020-03-21 09:34:37,2020-03-21 09:34:37
26152,29575,1,1,2020-09-04 10:38:54,2020-09-04 10:38:54
26152,29647,1,1,2020-09-04 10:25:03,2020-09-04 10:25:03
26193,31965,1,0,2021-04-13 16:02:45,2021-04-13 16:02:45
26193,32069,1,0,2021-04-12 17:05:06,2021-04-12 17:05:06
26193,35345,1,0,2022-04-19 12:39:40,2022-04-19 12:39:40
26195,25574,1,0,2020-03-27 18:27:47,2020-03-27 18:27:47
26209,29867,1,1,2020-10-02 08:54:25,2020-10-02 08:54:25
26222,26138,4,1,2020-03-27 07:00:58,2020-03-28 18:20:08
26222,26236,1,1,2020-03-27 17:54:02,2020-03-27 17:54:02
26231,12099,1,0,2020-05-03 07:20:00,2020-05-03 07:20:00
26240,25994,1,0,2020-03-27 21:20:54,2020-03-27 21:20:54
26242,23389,1,1,2020-04-01 10:45:20,2020-04-01 10:45:20
26242,25737,1,1,2020-03-28 07:51:36,2020-03-28 07:51:36
26242,26037,1,1,2020-03-28 10:06:51,2020-03-28 10:06:51
26242,26227,1,0,2020-03-30 05:11:08,2020-03-30 05:11:08
26242,26236,1,1,2020-03-30 13:44:59,2020-03-30 13:44:59
26242,26237,1,1,2020-03-28 11:28:38,2020-03-28 11:28:38
26242,26247,3,1,2020-03-28 13:33:20,2020-03-29 06:09:24
26242,27255,1,1,2020-03-29 09:51:32,2020-03-29 09:51:32
26242,27265,2,1,2020-03-29 18:34:18,2020-03-30 03:12:16
26242,27272,1,1,2020-03-30 04:56:26,2020-03-30 04:56:26
26242,27274,1,1,2020-03-30 05:02:29,2020-03-30 05:02:29
26242,27276,1,1,2020-03-30 05:14:40,2020-03-30 05:14:40
26242,27278,2,1,2020-04-01 13:12:54,2020-04-02 09:59:12
26242,27280,1,1,2020-03-30 11:10:41,2020-03-30 11:10:41
26242,27289,2,2,2020-03-31 07:17:20,2020-04-03 01:23:10
26242,27291,3,1,2020-04-02 10:03:59,2020-04-02 11:47:46
26242,27299,3,1,2020-04-01 12:40:30,2020-04-02 09:25:48
27256,21912,1,0,2020-10-17 07:11:41,2020-10-17 07:11:41
27311,26135,1,1,2020-04-01 13:58:16,2020-04-01 13:58:16
27314,27313,2,1,2020-04-01 15:01:25,2020-04-01 15:36:38
27328,27319,1,1,2020-04-15 19:50:54,2020-04-15 19:50:54
27329,12099,1,0,2020-04-02 18:26:56,2020-04-02 18:26:56
27355,9866,1,0,2020-06-16 19:27:34,2020-06-16 19:27:34
27355,14636,1,1,2020-07-23 12:18:33,2020-07-23 12:18:33
27355,25831,1,0,2020-04-13 18:44:41,2020-04-13 18:44:41
27355,25836,1,1,2020-05-12 12:57:31,2020-05-12 12:57:31
27355,25844,2,1,2020-04-04 13:46:06,2020-05-23 12:54:26
27355,26111,2,1,2020-04-11 08:36:51,2020-04-11 18:06:05
27355,27252,2,0,2020-04-19 10:28:27,2020-04-19 19:45:32
27355,27313,1,0,2020-04-07 15:29:50,2020-04-07 15:29:50
27355,27346,1,0,2020-04-04 15:44:08,2020-04-04 15:44:08
27355,27352,3,2,2020-04-04 15:39:59,2020-04-12 15:42:07
27355,27362,8,2,2020-04-05 17:30:55,2020-04-14 13:59:50
27355,27394,1,1,2020-04-24 22:33:27,2020-04-24 22:33:27
27355,27406,1,1,2020-04-08 16:50:27,2020-04-08 16:50:27
27355,27445,1,1,2020-05-29 13:01:40,2020-05-29 13:01:40
27355,27469,1,1,2020-04-11 13:49:28,2020-04-11 13:49:28
27355,27474,1,0,2020-04-11 18:00:59,2020-04-11 18:00:59
27355,27481,1,1,2020-05-04 13:23:13,2020-05-04 13:23:13
27355,27483,1,0,2020-04-12 07:17:24,2020-04-12 07:17:24
27355,27507,1,1,2020-04-13 19:03:46,2020-04-13 19:03:46
27355,27533,1,0,2020-05-04 12:55:39,2020-05-04 12:55:39
27355,27659,2,2,2020-04-26 23:17:38,2020-05-04 13:34:25
27355,27754,1,1,2020-04-26 02:04:01,2020-04-26 02:04:01
27355,27768,1,0,2020-04-26 02:08:38,2020-04-26 02:08:38
27355,27770,1,1,2020-04-26 01:57:54,2020-04-26 01:57:54
27355,27771,1,1,2020-04-26 01:56:00,2020-04-26 01:56:00
27355,27781,2,1,2020-04-26 23:11:01,2020-04-27 16:47:36
27355,27784,1,1,2020-04-26 22:52:57,2020-04-26 22:52:57
27355,27785,1,1,2020-04-26 22:57:21,2020-04-26 22:57:21
27355,27786,1,1,2020-04-26 23:13:14,2020-04-26 23:13:14
27355,27816,1,0,2020-05-23 09:48:25,2020-05-23 09:48:25
27355,27851,3,1,2020-05-14 10:26:53,2020-05-20 05:22:08
27355,27878,1,0,2020-04-30 03:28:17,2020-04-30 03:28:17
27355,27896,2,2,2020-05-16 14:36:16,2020-05-25 14:04:19
27355,27925,1,1,2020-05-04 13:38:11,2020-05-04 13:38:11
27355,27933,1,0,2020-05-04 13:25:18,2020-05-04 13:25:18
27355,27966,1,1,2020-05-04 12:54:45,2020-05-04 12:54:45
27355,28026,1,0,2020-05-09 14:04:30,2020-05-09 14:04:30
27355,28059,1,1,2020-05-08 12:55:57,2020-05-08 12:55:57
27355,28069,1,1,2020-05-25 10:45:35,2020-05-25 10:45:35
27355,28075,1,1,2020-05-09 10:24:11,2020-05-09 10:24:11
27355,28097,2,0,2020-05-20 13:57:00,2020-05-21 12:23:54
27355,28101,2,0,2020-05-18 10:57:15,2020-05-18 12:18:23
27355,28118,2,1,2020-05-11 07:18:26,2020-05-29 13:02:55
27355,28159,1,1,2020-05-20 08:36:09,2020-05-20 08:36:09
27355,28177,1,0,2020-06-16 19:30:04,2020-06-16 19:30:04
27355,28204,1,1,2020-05-22 10:08:13,2020-05-22 10:08:13
27355,28213,1,1,2020-05-16 09:54:51,2020-05-16 09:54:51
27355,28250,1,1,2020-05-17 12:33:55,2020-05-17 12:33:55
27355,28264,1,0,2020-05-21 01:41:45,2020-05-21 01:41:45
27355,28265,1,0,2020-05-18 10:22:19,2020-05-18 10:22:19
27355,28268,1,1,2020-06-06 10:51:58,2020-06-06 10:51:58
27355,28269,1,0,2020-05-18 13:54:11,2020-05-18 13:54:11
27355,28295,4,1,2020-05-20 05:24:34,2020-05-22 06:40:34
27355,28298,2,1,2020-05-20 08:38:09,2020-05-21 01:39:17
27355,28316,3,0,2020-05-21 02:06:49,2020-05-21 14:28:32
27355,28341,1,0,2020-05-22 13:35:53,2020-05-22 13:35:53
27355,28356,1,1,2020-05-23 12:57:00,2020-05-23 12:57:00
27355,28357,1,1,2020-05-24 13:31:46,2020-05-24 13:31:46
27355,28395,1,0,2020-06-12 13:11:22,2020-06-12 13:11:22
27355,28420,1,0,2020-06-09 15:25:20,2020-06-09 15:25:20
27355,28438,1,0,2020-05-28 09:25:40,2020-05-28 09:25:40
27355,28487,1,0,2020-05-31 09:55:05,2020-05-31 09:55:05
27355,28602,1,0,2020-06-12 15:37:40,2020-06-12 15:37:40
27355,28769,1,1,2020-08-11 12:26:49,2020-08-11 12:26:49
27355,28811,1,0,2020-06-20 18:01:18,2020-06-20 18:01:18
27355,29203,1,1,2020-08-11 12:09:43,2020-08-11 12:09:43
27355,29418,1,1,2020-08-11 12:12:58,2020-08-11 12:12:58
27355,29427,1,1,2020-08-11 12:05:40,2020-08-11 12:05:40
27355,29683,1,1,2020-12-28 18:24:23,2020-12-28 18:24:23
27355,29867,1,0,2020-10-16 06:29:45,2020-10-16 06:29:45
27362,1090,1,0,2020-04-05 23:03:43,2020-04-05 23:03:43
27362,10074,1,0,2020-04-05 23:37:34,2020-04-05 23:37:34
27362,25831,1,1,2020-04-15 01:27:38,2020-04-15 01:27:38
27362,26129,2,0,2020-04-21 20:58:41,2020-04-21 20:58:48
27362,27433,2,0,2020-04-21 20:30:33,2020-04-21 20:32:36
27362,27671,1,1,2020-04-21 21:06:41,2020-04-21 21:06:41
27362,28570,1,0,2020-07-05 23:01:08,2020-07-05 23:01:08
27364,10074,1,0,2020-04-24 00:45:48,2020-04-24 00:45:48
27374,27325,1,1,2020-04-05 21:24:03,2020-04-05 21:24:03
27378,26107,1,0,2020-04-08 20:01:49,2020-04-08 20:01:49
27384,27250,1,1,2020-04-06 10:21:08,2020-04-06 10:21:08
27394,27603,1,1,2020-04-18 08:23:21,2020-04-18 08:23:21
27399,25844,1,0,2020-04-07 05:57:56,2020-04-07 05:57:56
27399,25940,2,1,2020-04-07 02:12:54,2020-04-10 01:24:22
27399,26203,1,0,2020-04-10 01:45:00,2020-04-10 01:45:00
27399,27283,1,1,2020-05-01 20:29:06,2020-05-01 20:29:06
27399,27355,1,0,2020-04-07 05:29:58,2020-04-07 05:29:58
27399,27362,1,0,2020-04-15 20:35:40,2020-04-15 20:35:40
27399,27389,1,1,2020-04-07 01:39:56,2020-04-07 01:39:56
27405,25720,1,1,2020-04-19 13:44:57,2020-04-19 13:44:57
27423,25801,2,2,2020-04-08 15:43:51,2020-04-09 01:48:49
27427,26111,1,1,2020-04-15 13:30:33,2020-04-15 13:30:33
27427,27362,1,1,2020-04-24 21:54:15,2020-04-24 21:54:15
27433,4847,3,0,2020-05-15 07:49:27,2020-06-12 22:01:37
27433,23597,1,1,2020-04-27 11:25:46,2020-04-27 11:25:46
27433,23938,6,1,2020-06-01 18:26:43,2020-06-03 08:30:33
27433,24105,1,1,2020-04-16 18:20:10,2020-04-16 18:20:10
27433,25831,1,1,2020-04-13 19:51:39,2020-04-13 19:51:39
27433,26035,2,1,2020-04-13 07:12:51,2020-04-15 08:22:10
27433,26111,3,1,2020-04-10 21:30:20,2020-04-11 07:42:41
27433,26163,1,1,2020-04-13 09:11:32,2020-04-13 09:11:32
27433,26203,1,0,2020-06-04 05:54:07,2020-06-04 05:54:07
27433,26240,1,1,2020-04-09 18:19:56,2020-04-09 18:19:56
27433,27334,1,1,2020-04-09 18:53:52,2020-04-09 18:53:52
27433,27352,2,1,2020-04-30 11:14:33,2020-05-01 08:18:32
27433,27359,1,1,2020-04-09 12:10:19,2020-04-09 12:10:19
27433,27362,7,2,2020-04-22 15:14:39,2020-06-14 10:04:08
27433,27368,1,1,2020-04-09 11:33:04,2020-04-09 11:33:04
27433,27394,1,1,2020-04-18 19:13:08,2020-04-18 19:13:08
27433,27405,3,1,2020-04-20 10:15:05,2020-04-20 14:37:59
27433,27406,1,1,2020-04-09 10:18:57,2020-04-09 10:18:57
27433,27408,1,1,2020-04-09 11:01:42,2020-04-09 11:01:42
27433,27427,1,1,2020-04-15 16:03:20,2020-04-15 16:03:20
27433,27428,1,1,2020-04-09 07:59:40,2020-04-09 07:59:40
27433,27429,3,2,2020-04-09 07:38:35,2020-04-11 21:07:50
27433,27438,1,1,2020-04-09 17:42:22,2020-04-09 17:42:22
27433,27474,1,1,2020-04-21 15:39:05,2020-04-21 15:39:05
27433,27481,6,4,2020-04-12 03:13:15,2020-04-20 07:33:45
27433,27483,2,1,2020-04-12 09:21:13,2020-04-12 17:26:28
27433,27489,2,0,2020-04-12 16:03:38,2020-04-12 22:42:27
27433,27496,1,1,2020-04-12 20:39:09,2020-04-12 20:39:09
27433,27511,1,1,2020-04-15 02:54:21,2020-04-15 02:54:21
27433,27546,1,1,2020-05-21 16:34:06,2020-05-21 16:34:06
27433,27547,1,1,2020-04-17 08:09:49,2020-04-17 08:09:49
27433,27566,4,1,2020-04-22 17:06:24,2020-04-30 12:43:00
27433,27577,1,1,2020-04-17 06:25:47,2020-04-17 06:25:47
27433,27598,1,1,2020-04-18 07:23:02,2020-04-18 07:23:02
27433,27603,1,0,2020-04-18 07:34:52,2020-04-18 07:34:52
27433,27623,1,1,2020-04-19 12:02:01,2020-04-19 12:02:01
27433,27633,1,1,2020-04-19 17:16:59,2020-04-19 17:16:59
27433,27657,3,3,2020-04-22 17:02:45,2020-05-02 18:15:35
27433,27675,1,1,2020-05-29 19:49:52,2020-05-29 19:49:52
27433,27684,1,1,2020-04-22 16:30:41,2020-04-22 16:30:41
27433,27702,1,1,2020-04-22 19:53:36,2020-04-22 19:53:36
27433,27717,1,1,2020-04-23 21:27:52,2020-04-23 21:27:52
27433,27730,1,1,2020-04-24 06:11:48,2020-04-24 06:11:48
27433,27768,1,1,2020-04-26 06:19:35,2020-04-26 06:19:35
27433,27784,1,1,2020-04-27 08:02:15,2020-04-27 08:02:15
27433,27792,1,1,2020-05-15 05:54:25,2020-05-15 05:54:25
27433,27815,1,0,2020-04-27 20:58:39,2020-04-27 20:58:39
27433,27827,1,1,2020-04-28 07:04:51,2020-04-28 07:04:51
27433,27861,2,1,2020-06-06 20:21:29,2020-06-07 07:52:32
27433,27886,1,1,2020-04-30 11:03:36,2020-04-30 11:03:36
27433,27896,1,1,2020-04-30 16:25:24,2020-04-30 16:25:24
27433,27990,1,1,2020-05-05 11:20:05,2020-05-05 11:20:05
27433,28019,1,1,2020-06-13 17:30:29,2020-06-13 17:30:29
27433,28065,4,1,2020-05-12 16:21:38,2020-05-12 20:25:45
27433,28078,2,0,2020-05-30 11:15:40,2020-05-30 13:05:49
27433,28097,1,0,2020-06-07 11:43:25,2020-06-07 11:43:25
27433,28101,2,1,2020-05-10 11:31:52,2020-05-10 12:49:44
27433,28103,1,1,2020-05-10 17:15:33,2020-05-10 17:15:33
27433,28130,1,1,2020-05-21 19:17:49,2020-05-21 19:17:49
27433,28160,1,1,2020-05-14 08:32:12,2020-05-14 08:32:12
27433,28189,1,1,2020-05-14 09:14:12,2020-05-14 09:14:12
27433,28204,1,1,2020-06-02 06:10:14,2020-06-02 06:10:14
27433,28209,2,1,2020-05-23 07:15:25,2020-05-24 06:25:48
27433,28245,1,1,2020-05-24 07:11:17,2020-05-24 07:11:17
27433,28252,4,1,2020-05-18 10:16:00,2020-05-21 16:02:07
27433,28294,2,1,2020-06-02 06:29:15,2020-06-11 18:38:17
27433,28316,3,1,2020-05-21 16:52:30,2020-05-21 20:47:36
27433,28340,2,1,2020-05-22 18:03:08,2020-05-22 20:46:20
27433,28344,3,1,2020-05-29 20:08:47,2020-05-30 11:28:14
27433,28349,1,1,2020-05-23 09:53:00,2020-05-23 09:53:00
27433,28400,1,1,2020-06-22 21:36:49,2020-06-22 21:36:49
27433,28414,1,1,2020-05-26 11:51:33,2020-05-26 11:51:33
27433,28420,1,1,2020-06-09 20:14:30,2020-06-09 20:14:30
27433,28424,1,1,2020-05-27 14:13:20,2020-05-27 14:13:20
27433,28432,1,1,2020-05-27 19:23:17,2020-05-27 19:23:17
27433,28462,1,1,2020-06-14 13:36:13,2020-06-14 13:36:13
27433,28470,1,1,2020-05-30 12:29:51,2020-05-30 12:29:51
27433,28479,1,1,2020-05-30 21:07:53,2020-05-30 21:07:53
27433,28492,1,1,2020-05-31 09:22:47,2020-05-31 09:22:47
27433,28497,1,1,2020-05-31 18:58:30,2020-05-31 18:58:30
27433,28518,1,0,2020-06-02 06:39:37,2020-06-02 06:39:37
27433,28552,1,1,2020-06-13 17:20:57,2020-06-13 17:20:57
27433,28557,1,1,2020-06-03 21:48:40,2020-06-03 21:48:40
27433,28563,2,1,2020-06-04 06:14:19,2020-06-04 18:45:29
27433,28566,1,1,2020-06-04 09:25:43,2020-06-04 09:25:43
27433,28570,2,1,2020-06-04 10:17:21,2020-06-04 10:32:27
27433,28602,2,2,2020-06-06 19:32:11,2020-06-12 17:59:39
27433,28664,3,1,2020-08-10 07:14:40,2020-08-16 12:29:01
27433,28668,1,1,2020-07-07 14:16:48,2020-07-07 14:16:48
27433,28683,1,1,2020-06-12 06:27:57,2020-06-12 06:27:57
27433,28691,1,1,2020-06-12 19:31:51,2020-06-12 19:31:51
27433,28722,1,1,2020-06-16 18:54:12,2020-06-16 18:54:12
27433,28723,1,1,2020-06-14 17:48:41,2020-06-14 17:48:41
27433,28762,1,1,2020-06-17 15:59:51,2020-06-17 15:59:51
27433,28794,2,1,2020-07-03 05:49:39,2020-07-03 21:10:47
27433,28833,1,0,2020-06-22 06:07:18,2020-06-22 06:07:18
27433,28844,1,1,2020-06-23 10:54:55,2020-06-23 10:54:55
27433,29022,1,1,2020-08-10 10:00:32,2020-08-10 10:00:32
27433,29236,1,1,2020-07-25 17:46:54,2020-07-25 17:46:54
27433,29313,1,1,2020-08-10 06:15:30,2020-08-10 06:15:30
27433,29358,1,1,2020-08-10 09:13:04,2020-08-10 09:13:04
27433,29378,1,1,2020-08-10 06:35:35,2020-08-10 06:35:35
27468,25737,1,1,2020-04-11 10:30:59,2020-04-11 10:30:59
27471,25430,1,0,2020-04-11 12:29:38,2020-04-11 12:29:38
27480,28233,1,1,2020-05-16 14:31:13,2020-05-16 14:31:13
27500,27361,1,1,2020-04-13 05:23:28,2020-04-13 05:23:28
27550,27481,1,1,2020-04-16 03:58:37,2020-04-16 03:58:37
27553,23317,1,1,2020-04-18 03:12:33,2020-04-18 03:12:33
27553,25885,1,0,2020-04-17 10:59:54,2020-04-17 10:59:54
27557,27332,1,1,2020-04-23 00:07:08,2020-04-23 00:07:08
27557,27657,1,1,2020-04-23 08:09:41,2020-04-23 08:09:41
27557,27707,1,1,2020-04-23 07:55:59,2020-04-23 07:55:59
27565,23317,1,1,2020-04-16 15:10:06,2020-04-16 15:10:06
27566,28984,1,0,2020-07-06 10:32:13,2020-07-06 10:32:13
27570,27542,1,1,2020-04-16 17:03:35,2020-04-16 17:03:35
27586,27362,1,1,2020-06-30 14:43:12,2020-06-30 14:43:12
27594,27475,1,1,2020-04-17 17:10:07,2020-04-17 17:10:07
27606,27717,1,1,2020-05-04 23:47:56,2020-05-04 23:47:56
27657,27355,1,1,2020-05-12 11:15:40,2020-05-12 11:15:40
27659,23939,1,1,2020-05-22 18:03:01,2020-05-22 18:03:01
27669,25801,3,0,2020-04-21 13:43:09,2020-04-22 06:42:11
27670,25801,1,0,2021-01-20 04:44:56,2021-01-20 04:44:56
27675,27704,1,1,2020-04-22 22:42:17,2020-04-22 22:42:17
27680,25725,1,0,2020-04-21 20:19:41,2020-04-21 20:19:41
27681,10074,1,0,2020-05-14 21:12:30,2020-05-14 21:12:30
27681,27675,4,1,2020-04-21 20:59:37,2020-04-24 00:10:18
27685,27944,1,0,2020-05-07 06:07:09,2020-05-07 06:07:09
27712,25725,1,0,2020-04-24 14:00:38,2020-04-24 14:00:38
27752,10074,2,0,2020-05-30 13:09:06,2020-05-30 15:44:31
27752,26041,2,1,2020-06-07 08:52:54,2020-06-08 10:32:06
27752,27613,1,1,2020-06-10 03:15:19,2020-06-10 03:15:19
27752,28097,2,1,2020-06-07 07:59:15,2020-06-08 10:28:22
27752,28493,1,0,2020-06-10 11:38:45,2020-06-10 11:38:45
27752,28570,2,0,2020-06-10 12:00:55,2020-06-10 16:59:36
27752,28587,4,1,2020-06-05 17:16:48,2020-06-08 11:07:55
27752,28761,1,1,2020-06-17 11:16:21,2020-06-17 11:16:21
27767,25708,1,1,2020-04-25 20:59:01,2020-04-25 20:59:01
27787,25963,1,0,2020-04-26 22:59:57,2020-04-26 22:59:57
27794,27758,2,1,2020-04-28 03:10:40,2020-05-01 21:19:52
27795,27792,1,1,2020-04-27 07:53:35,2020-04-27 07:53:35
27795,27796,1,1,2020-04-27 07:00:13,2020-04-27 07:00:13
27795,27808,1,1,2020-04-28 02:50:17,2020-04-28 02:50:17
27827,27865,2,2,2020-04-29 21:34:24,2020-05-04 20:47:36
27827,27958,1,1,2020-05-04 21:07:17,2020-05-04 21:07:17
27827,27973,1,1,2020-05-04 20:53:53,2020-05-04 20:53:53
27876,27874,1,1,2020-04-29 21:55:12,2020-04-29 21:55:12
27916,34878,1,1,2022-05-12 09:12:17,2022-05-12 09:12:17
27921,27851,1,1,2020-05-02 15:02:36,2020-05-02 15:02:36
27929,27442,2,1,2020-05-03 00:01:20,2020-05-08 13:24:22
27929,28063,2,1,2020-05-08 13:44:50,2020-05-08 19:02:16
27946,23317,1,1,2020-05-03 15:09:33,2020-05-03 15:09:33
27957,27734,1,1,2020-05-04 05:35:27,2020-05-04 05:35:27
27965,26245,1,0,2020-05-04 12:33:57,2020-05-04 12:33:57
27967,25427,1,0,2020-05-04 12:48:01,2020-05-04 12:48:01
27975,27966,1,1,2020-05-04 17:32:31,2020-05-04 17:32:31
27981,25958,2,1,2020-06-04 00:02:27,2020-06-04 23:54:40
27997,28475,1,1,2020-05-30 11:09:10,2020-05-30 11:09:10
28005,27659,3,0,2020-05-26 20:14:41,2020-05-27 14:11:16
28006,27533,1,0,2020-06-14 18:14:15,2020-06-14 18:14:15
28019,27967,1,1,2020-07-06 01:10:54,2020-07-06 01:10:54
28020,24072,1,1,2020-05-06 13:44:43,2020-05-06 13:44:43
28020,27554,1,1,2020-05-06 13:28:07,2020-05-06 13:28:07
28035,28142,2,0,2020-05-19 07:18:42,2020-05-20 04:09:19
28035,28157,1,0,2020-05-19 17:40:30,2020-05-19 17:40:30
28035,28345,1,0,2020-05-26 14:04:00,2020-05-26 14:04:00
28038,27433,1,0,2020-05-18 14:33:03,2020-05-18 14:33:03
28067,28212,1,1,2020-06-01 21:49:49,2020-06-01 21:49:49
28067,28331,1,1,2020-06-01 21:55:26,2020-06-01 21:55:26
28069,28062,1,1,2020-05-08 20:25:48,2020-05-08 20:25:48
28072,23334,1,1,2020-05-08 22:52:37,2020-05-08 22:52:37
28078,11246,1,1,2021-02-25 16:18:10,2021-02-25 16:18:10
28078,17148,1,1,2020-06-01 06:33:41,2020-06-01 06:33:41
28078,23659,1,1,2020-06-04 12:56:04,2020-06-04 12:56:04
28078,24213,3,0,2020-09-24 15:17:42,2020-09-25 11:23:20
28078,27596,2,0,2020-06-04 12:50:30,2020-06-04 15:29:38
28078,28294,1,1,2020-06-05 05:54:08,2020-06-05 05:54:08
28078,28373,1,1,2020-06-03 15:32:55,2020-06-03 15:32:55
28078,28450,1,0,2020-06-02 07:28:51,2020-06-02 07:28:51
28078,28454,1,1,2020-06-03 04:51:37,2020-06-03 04:51:37
28078,28493,1,1,2020-11-08 13:31:47,2020-11-08 13:31:47
28078,28509,1,1,2020-06-01 07:48:31,2020-06-01 07:48:31
28078,28514,1,1,2020-06-01 11:41:27,2020-06-01 11:41:27
28078,28518,1,1,2020-06-02 13:14:27,2020-06-02 13:14:27
28078,28526,1,1,2020-06-03 15:23:33,2020-06-03 15:23:33
28078,28527,2,1,2020-09-29 08:44:57,2020-10-01 14:03:55
28078,28538,1,1,2020-06-03 08:38:04,2020-06-03 08:38:04
28078,28544,2,1,2020-06-03 04:44:19,2020-06-03 04:53:23
28078,28558,1,1,2020-06-04 06:07:08,2020-06-04 06:07:08
28078,28608,1,0,2020-10-22 08:43:57,2020-10-22 08:43:57
28078,28665,1,1,2020-06-27 09:18:26,2020-06-27 09:18:26
28078,28723,1,1,2020-09-16 08:50:19,2020-09-16 08:50:19
28078,28829,1,1,2020-12-01 13:35:03,2020-12-01 13:35:03
28078,28875,2,2,2020-10-31 13:49:11,2021-02-25 14:33:58
28078,28924,3,0,2021-01-03 05:54:58,2021-01-04 08:40:52
28078,29211,2,1,2020-09-24 08:08:55,2020-09-24 13:53:39
28078,29271,1,1,2020-10-13 08:20:21,2020-10-13 08:20:21
28078,29459,5,1,2020-10-08 07:55:23,2020-10-15 13:37:31
28078,29563,2,1,2021-04-15 05:24:36,2021-04-18 06:53:30
28078,29575,3,3,2020-09-21 08:49:58,2020-11-10 07:17:24
28078,29576,1,1,2020-12-15 13:37:07,2020-12-15 13:37:07
28078,29714,1,0,2020-09-28 16:23:14,2020-09-28 16:23:14
28078,29716,1,0,2020-09-27 12:54:51,2020-09-27 12:54:51
28078,29738,1,0,2020-09-16 12:46:25,2020-09-16 12:46:25
28078,29784,1,1,2020-10-10 14:34:00,2020-10-10 14:34:00
28078,29832,1,1,2021-02-02 11:08:38,2021-02-02 11:08:38
28078,29841,1,1,2020-09-29 10:36:18,2020-09-29 10:36:18
28078,29867,8,6,2020-10-07 09:19:37,2020-10-24 15:12:38
28078,29871,1,1,2020-10-03 10:45:38,2020-10-03 10:45:38
28078,31007,1,0,2020-10-21 16:40:56,2020-10-21 16:40:56
28078,31064,1,0,2020-10-29 04:39:39,2020-10-29 04:39:39
28078,31071,1,1,2020-10-29 15:54:41,2020-10-29 15:54:41
28078,31072,5,2,2020-10-29 15:38:20,2021-03-26 12:17:56
28078,31073,1,1,2020-11-03 10:36:06,2020-11-03 10:36:06
28078,31085,1,1,2020-10-31 15:57:28,2020-10-31 15:57:28
28078,31105,3,1,2020-12-14 14:29:33,2021-02-17 14:20:54
28078,31142,1,0,2020-11-11 05:29:04,2020-11-11 05:29:04
28078,31145,2,1,2020-11-08 13:27:42,2020-11-09 04:44:25
28078,31166,1,1,2020-11-11 09:18:40,2020-11-11 09:18:40
28078,31205,1,1,2020-11-17 15:15:39,2020-11-17 15:15:39
28078,31225,1,0,2021-01-24 11:16:55,2021-01-24 11:16:55
28078,31227,2,1,2020-11-24 15:42:15,2020-11-25 13:30:15
28078,31310,1,1,2020-12-07 13:52:38,2020-12-07 13:52:38
28078,31326,5,1,2021-01-23 12:52:15,2021-01-23 13:35:03
28078,31344,1,0,2020-12-07 06:40:51,2020-12-07 06:40:51
28078,31347,2,0,2021-01-22 12:06:32,2021-01-25 13:02:49
28078,31421,1,1,2021-01-01 14:34:36,2021-01-01 14:34:36
28078,31543,1,1,2021-01-03 15:50:40,2021-01-03 15:50:40
28078,31581,1,0,2021-01-05 04:12:32,2021-01-05 04:12:32
28078,31598,2,1,2021-01-09 12:06:26,2021-01-31 17:05:19
28078,31614,1,1,2021-01-09 12:59:39,2021-01-09 12:59:39
28078,31634,1,1,2021-01-11 08:32:37,2021-01-11 08:32:37
28078,31653,1,1,2021-01-15 13:57:49,2021-01-15 13:57:49
28078,31667,1,1,2021-01-17 05:10:03,2021-01-17 05:10:03
28078,31691,2,1,2021-03-04 13:57:09,2021-03-04 16:10:34
28078,31692,1,0,2021-01-20 16:24:04,2021-01-20 16:24:04
28078,31708,2,1,2021-01-23 12:56:03,2021-01-24 15:49:39
28078,31716,6,2,2021-02-27 08:38:37,2021-03-31 13:15:31
28078,31739,1,0,2021-05-25 11:19:49,2021-05-25 11:19:49
28078,31743,1,1,2021-01-31 16:26:31,2021-01-31 16:26:31
28078,31776,2,1,2021-02-15 11:51:23,2021-02-15 13:57:51
28078,31792,1,0,2021-03-18 15:17:34,2021-03-18 15:17:34
28078,31830,1,1,2021-02-07 15:12:41,2021-02-07 15:12:41
28078,31860,1,1,2021-02-13 15:30:29,2021-02-13 15:30:29
28078,31945,1,1,2021-02-25 16:23:11,2021-02-25 16:23:11
28078,31996,1,1,2021-03-11 15:21:14,2021-03-11 15:21:14
28078,32022,1,1,2021-03-29 04:19:39,2021-03-29 04:19:39
28078,32041,1,1,2021-03-27 10:04:35,2021-03-27 10:04:35
28078,32046,1,0,2021-03-24 08:22:21,2021-03-24 08:22:21
28078,32064,2,1,2021-03-17 15:43:33,2021-03-18 05:35:08
28078,32160,1,1,2021-04-02 09:37:21,2021-04-02 09:37:21
28078,32186,3,1,2021-04-04 14:23:39,2021-04-05 09:09:19
28078,32189,1,0,2021-04-05 11:03:51,2021-04-05 11:03:51
28078,32246,1,0,2021-04-10 11:12:40,2021-04-10 11:12:40
28078,32341,2,0,2021-05-05 16:26:50,2021-05-06 06:48:52
28078,32363,2,1,2021-05-09 13:35:39,2021-06-03 11:06:28
28078,36951,1,0,2022-10-07 18:17:40,2022-10-07 18:17:40
28082,27857,1,1,2020-05-22 07:02:29,2020-05-22 07:02:29
28088,28078,1,1,2020-05-09 15:16:40,2020-05-09 15:16:40
28088,28087,1,1,2020-05-09 14:56:55,2020-05-09 14:56:55
28097,21304,1,0,2020-06-01 22:54:22,2020-06-01 22:54:22
28097,28295,2,1,2020-06-01 22:41:20,2020-06-03 21:35:16
28101,26002,1,0,2020-05-20 12:56:59,2020-05-20 12:56:59
28102,24105,1,1,2020-05-10 12:46:40,2020-05-10 12:46:40
28102,27865,1,1,2020-05-10 13:16:06,2020-05-10 13:16:06
28102,28091,1,1,2020-05-10 13:23:15,2020-05-10 13:23:15
28102,28098,1,1,2020-05-10 12:39:07,2020-05-10 12:39:07
28103,4847,1,0,2020-05-15 16:59:57,2020-05-15 16:59:57
28103,25836,1,1,2020-05-12 16:24:02,2020-05-12 16:24:02
28103,27851,1,1,2020-05-15 10:06:07,2020-05-15 10:06:07
28103,28026,1,1,2020-05-10 11:18:18,2020-05-10 11:18:18
28103,28065,2,0,2020-05-12 16:14:06,2020-05-13 08:13:08
28103,28087,1,1,2020-05-11 17:07:14,2020-05-11 17:07:14
28103,28131,2,1,2020-05-11 22:40:25,2020-05-12 04:51:53
28103,28169,1,1,2020-05-13 15:21:40,2020-05-13 15:21:40
28103,28201,1,1,2020-05-15 16:51:04,2020-05-15 16:51:04
28103,28203,1,0,2020-05-15 16:53:14,2020-05-15 16:53:14
28103,28209,1,1,2020-05-15 16:33:54,2020-05-15 16:33:54
28103,28380,2,1,2020-05-24 18:25:03,2020-05-24 18:30:40
28106,28115,1,1,2020-05-11 05:08:59,2020-05-11 05:08:59
28115,28005,1,1,2020-05-12 00:42:38,2020-05-12 00:42:38
28120,25836,1,1,2020-05-12 17:34:54,2020-05-12 17:34:54
28120,25844,1,0,2020-05-17 16:57:44,2020-05-17 16:57:44
28120,28101,2,1,2020-05-11 12:21:47,2020-05-11 13:18:43
28120,28154,1,1,2020-05-12 15:34:28,2020-05-12 15:34:28
28120,28169,1,1,2020-05-13 15:37:25,2020-05-13 15:37:25
28120,28177,1,1,2020-05-13 17:41:54,2020-05-13 17:41:54
28120,28232,1,1,2020-05-17 08:22:59,2020-05-17 08:22:59
28120,28287,5,0,2020-05-19 17:03:14,2020-05-20 02:45:49
28120,28911,1,0,2020-07-01 15:13:04,2020-07-01 15:13:04
28125,25720,1,0,2020-05-11 16:46:33,2020-05-11 16:46:33
28142,26037,1,1,2020-06-07 05:35:22,2020-06-07 05:35:22
28142,27886,1,1,2020-06-09 04:58:48,2020-06-09 04:58:48
28142,28549,1,1,2020-06-09 04:44:53,2020-06-09 04:44:53
28145,27433,2,0,2020-09-20 12:01:45,2020-09-20 12:09:40
28149,25694,1,0,2020-05-12 11:41:15,2020-05-12 11:41:15
28153,28648,1,1,2020-10-06 11:21:30,2020-10-06 11:21:30
28180,24213,1,0,2020-05-27 22:02:16,2020-05-27 22:02:16
28180,27362,1,1,2020-06-20 21:28:54,2020-06-20 21:28:54
28180,27613,1,1,2020-06-15 21:34:15,2020-06-15 21:34:15
28180,28691,1,0,2020-06-16 03:22:59,2020-06-16 03:22:59
28180,28747,1,1,2020-06-16 02:40:33,2020-06-16 02:40:33
28183,17148,1,1,2020-06-04 01:19:12,2020-06-04 01:19:12
28183,28395,1,0,2020-06-04 17:42:44,2020-06-04 17:42:44
28192,27795,1,1,2020-06-24 17:26:15,2020-06-24 17:26:15
28203,25994,3,0,2020-05-15 15:26:28,2020-05-15 15:57:49
28204,10074,1,0,2020-06-11 02:03:31,2020-06-11 02:03:31
28208,28204,1,1,2020-08-20 13:15:25,2020-08-20 13:15:25
28210,28157,1,0,2020-06-08 08:38:42,2020-06-08 08:38:42
28210,29116,1,0,2020-07-13 10:37:21,2020-07-13 10:37:21
28218,27659,2,1,2020-05-17 20:45:21,2020-05-18 17:05:38
28223,28204,1,1,2020-05-16 06:48:57,2020-05-16 06:48:57
28234,28269,1,1,2020-05-19 05:03:40,2020-05-19 05:03:40
28234,28272,1,1,2020-05-18 19:26:34,2020-05-18 19:26:34
28244,27362,1,1,2020-05-17 04:31:10,2020-05-17 04:31:10
28245,28470,1,0,2020-05-30 02:58:45,2020-05-30 02:58:45
28263,28249,1,1,2020-05-17 23:16:13,2020-05-17 23:16:13
28264,25436,1,0,2020-05-24 00:22:12,2020-05-24 00:22:12
28265,25844,1,1,2020-05-18 09:44:20,2020-05-18 09:44:20
28265,27596,1,1,2020-05-18 09:54:06,2020-05-18 09:54:06
28276,27967,1,1,2020-05-18 19:43:48,2020-05-18 19:43:48
28276,28274,2,1,2020-05-18 19:21:13,2020-05-19 18:55:27
28282,27533,1,1,2020-05-19 05:15:57,2020-05-19 05:15:57
28283,23656,1,1,2020-05-19 05:33:58,2020-05-19 05:33:58
28313,27804,1,1,2020-05-20 23:53:46,2020-05-20 23:53:46
28317,28102,1,0,2020-05-22 12:00:21,2020-05-22 12:00:21
28330,12099,1,0,2020-05-21 19:39:16,2020-05-21 19:39:16
28332,28264,1,1,2020-05-21 20:13:21,2020-05-21 20:13:21
28332,28566,1,1,2020-06-09 22:48:58,2020-06-09 22:48:58
28334,26125,1,0,2020-05-22 00:28:15,2020-05-22 00:28:15
28336,27362,1,1,2020-05-22 06:49:10,2020-05-22 06:49:10
28352,27659,2,0,2020-05-23 01:51:42,2020-05-23 19:43:04
28361,4847,1,0,2020-05-25 14:58:53,2020-05-25 14:58:53
28371,28099,1,1,2020-05-24 08:20:07,2020-05-24 08:20:07
28377,24095,1,0,2020-05-24 14:08:27,2020-05-24 14:08:27
28386,27313,1,1,2020-05-28 21:38:31,2020-05-28 21:38:31
28395,28210,1,1,2020-06-12 13:26:51,2020-06-12 13:26:51
28400,29619,1,1,2020-10-19 16:29:38,2020-10-19 16:29:38
28400,29805,1,1,2020-09-23 18:03:26,2020-09-23 18:03:26
28400,29867,2,2,2020-10-04 16:47:13,2020-10-04 17:01:11
28406,28115,1,1,2020-05-25 20:17:22,2020-05-25 20:17:22
28447,27659,1,1,2020-05-28 08:40:05,2020-05-28 08:40:05
28500,27374,1,0,2020-05-31 19:31:38,2020-05-31 19:31:38
28501,12099,1,0,2020-06-30 13:52:39,2020-06-30 13:52:39
28506,12099,1,0,2020-06-01 01:24:16,2020-06-01 01:24:16
28527,36607,1,1,2022-08-19 01:57:07,2022-08-19 01:57:07
28527,37196,1,1,2022-10-29 04:51:18,2022-10-29 04:51:18
28530,28249,1,1,2020-06-13 10:56:39,2020-06-13 10:56:39
28530,28655,1,0,2020-06-13 10:06:01,2020-06-13 10:06:01
28531,10074,1,0,2021-11-05 06:48:18,2021-11-05 06:48:18
28531,27433,1,0,2020-09-09 15:45:08,2020-09-09 15:45:08
28531,27924,1,1,2021-10-29 15:11:51,2021-10-29 15:11:51
28531,34137,1,1,2021-10-29 14:54:42,2021-10-29 14:54:42
28531,34396,1,0,2021-10-11 09:15:37,2021-10-11 09:15:37
28531,34538,1,0,2021-10-29 16:53:29,2021-10-29 16:53:29
28531,34550,3,0,2021-10-29 16:45:40,2021-11-01 15:24:27
28531,34637,2,1,2021-11-19 08:03:25,2021-11-19 08:10:30
28531,34642,1,0,2021-11-19 07:57:08,2021-11-19 07:57:08
28531,34923,1,0,2022-01-06 13:16:45,2022-01-06 13:16:45
28539,28674,1,1,2020-06-11 19:40:54,2020-06-11 19:40:54
28549,23675,1,0,2020-09-23 01:49:24,2020-09-23 01:49:24
28562,14636,1,1,2020-06-16 14:29:37,2020-06-16 14:29:37
28562,19863,2,2,2020-06-15 23:44:47,2020-06-16 19:30:07
28562,27760,1,1,2020-06-11 16:17:36,2020-06-11 16:17:36
28562,27851,1,1,2020-06-19 16:51:59,2020-06-19 16:51:59
28562,27941,1,1,2020-06-11 20:49:08,2020-06-11 20:49:08
28562,28005,1,1,2020-06-11 15:24:27,2020-06-11 15:24:27
28562,28071,1,1,2020-06-09 00:28:34,2020-06-09 00:28:34
28562,28115,1,0,2020-06-11 15:25:01,2020-06-11 15:25:01
28562,28142,1,1,2020-06-03 22:43:52,2020-06-03 22:43:52
28562,28145,1,1,2020-07-01 13:56:06,2020-07-01 13:56:06
28562,28157,1,1,2020-06-11 16:27:41,2020-06-11 16:27:41
28562,28295,1,1,2020-06-09 00:58:27,2020-06-09 00:58:27
28562,28400,1,1,2020-07-23 21:47:41,2020-07-23 21:47:41
28562,28404,1,1,2020-06-11 15:50:36,2020-06-11 15:50:36
28562,28527,4,1,2020-06-30 15:25:11,2020-06-30 15:48:49
28562,28544,1,1,2020-07-07 20:36:52,2020-07-07 20:36:52
28562,28620,2,1,2020-06-09 22:57:47,2020-06-10 16:15:09
28562,28648,1,1,2020-06-09 15:01:38,2020-06-09 15:01:38
28562,28649,1,0,2020-06-09 15:06:20,2020-06-09 15:06:20
28562,28660,1,1,2020-06-10 21:58:47,2020-06-10 21:58:47
28562,28690,1,1,2020-06-12 16:40:29,2020-06-12 16:40:29
28562,28730,1,1,2020-06-18 20:45:23,2020-06-18 20:45:23
28562,28774,1,1,2020-06-18 19:21:55,2020-06-18 19:21:55
28562,28783,1,0,2020-06-18 18:59:55,2020-06-18 18:59:55
28562,28789,2,1,2020-06-18 19:50:31,2020-06-18 22:51:31
28562,28790,1,1,2020-06-18 19:39:15,2020-06-18 19:39:15
28562,28794,3,2,2020-06-22 22:25:47,2020-06-24 19:28:37
28562,28799,1,1,2020-06-19 14:55:20,2020-06-19 14:55:20
28562,28822,1,1,2020-06-22 21:53:14,2020-06-22 21:53:14
28562,28875,2,2,2020-06-30 23:41:01,2020-07-27 14:37:27
28562,28887,1,1,2020-06-25 15:27:42,2020-06-25 15:27:42
28562,28949,1,1,2020-07-01 19:38:48,2020-07-01 19:38:48
28562,28951,1,1,2020-06-30 15:39:14,2020-06-30 15:39:14
28562,28962,1,1,2020-07-02 19:44:00,2020-07-02 19:44:00
28562,28982,1,1,2020-07-02 20:40:19,2020-07-02 20:40:19
28562,29025,1,1,2020-07-06 22:45:18,2020-07-06 22:45:18
28562,29045,1,1,2020-07-07 22:34:17,2020-07-07 22:34:17
28562,29058,2,1,2020-07-09 21:01:32,2020-07-27 21:55:03
28562,29068,1,1,2020-07-09 21:06:13,2020-07-09 21:06:13
28562,29121,1,1,2020-07-13 17:56:13,2020-07-13 17:56:13
28562,29225,1,1,2020-07-24 21:52:28,2020-07-24 21:52:28
28562,29288,1,1,2020-07-28 19:54:30,2020-07-28 19:54:30
28567,25818,1,1,2020-06-04 08:18:25,2020-06-04 08:18:25
28577,28483,1,1,2020-07-11 00:16:57,2020-07-11 00:16:57
28577,29073,1,1,2020-07-11 00:14:26,2020-07-11 00:14:26
28579,28447,1,0,2020-06-05 07:02:10,2020-06-05 07:02:10
28593,27886,1,1,2020-06-05 17:36:19,2020-06-05 17:36:19
28594,28531,1,1,2020-06-05 20:46:08,2020-06-05 20:46:08
28596,28768,1,1,2020-06-29 04:10:36,2020-06-29 04:10:36
28597,19863,3,1,2020-06-06 00:26:09,2020-06-06 10:50:31
28598,4847,1,0,2020-06-06 06:39:43,2020-06-06 06:39:43
28604,28523,1,1,2020-06-06 18:25:36,2020-06-06 18:25:36
28615,28493,1,1,2020-06-21 15:28:08,2020-06-21 15:28:08
28615,28631,2,1,2020-06-09 14:36:53,2020-06-09 22:05:13
28618,27754,1,1,2020-06-07 21:42:24,2020-06-07 21:42:24
28618,28564,1,1,2020-06-07 21:49:32,2020-06-07 21:49:32
28620,26000,1,1,2020-06-07 22:59:12,2020-06-07 22:59:12
28620,28168,1,1,2020-06-09 02:21:17,2020-06-09 02:21:17
28620,28328,1,1,2020-06-07 23:17:52,2020-06-07 23:17:52
28632,17327,1,1,2020-06-22 08:02:09,2020-06-22 08:02:09
28632,25488,1,1,2020-07-09 10:06:43,2020-07-09 10:06:43
28640,28655,1,0,2020-06-10 04:44:30,2020-06-10 04:44:30
28640,29213,1,0,2020-07-21 20:55:37,2020-07-21 20:55:37
28658,27433,1,0,2020-06-10 17:21:08,2020-06-10 17:21:08
28663,28655,2,2,2020-06-11 03:53:33,2020-06-11 04:14:14
28668,29130,1,1,2020-09-02 07:52:47,2020-09-02 07:52:47
28668,29867,2,1,2020-10-04 12:26:03,2020-10-05 07:43:24
28679,26002,1,0,2020-06-21 16:10:05,2020-06-21 16:10:05
28687,28668,2,1,2020-07-08 14:43:29,2020-07-09 14:23:38
28706,28804,2,2,2020-07-07 21:39:54,2020-07-09 21:16:05
28706,29052,1,1,2020-07-09 21:58:20,2020-07-09 21:58:20
28709,28664,1,1,2020-06-13 21:53:28,2020-06-13 21:53:28
28709,28704,1,0,2020-06-15 13:12:17,2020-06-15 13:12:17
28709,28722,1,1,2020-06-15 12:36:59,2020-06-15 12:36:59
28730,28062,1,0,2020-06-14 19:16:23,2020-06-14 19:16:23
28738,23317,1,1,2020-06-15 17:26:55,2020-06-15 17:26:55
28755,28400,1,1,2020-06-16 12:28:44,2020-06-16 12:28:44
28759,28696,1,1,2020-06-16 14:37:19,2020-06-16 14:37:19
28766,23317,1,1,2020-06-26 05:39:22,2020-06-26 05:39:22
28766,27590,1,1,2020-06-26 05:21:19,2020-06-26 05:21:19
28766,27754,1,1,2020-06-21 10:59:32,2020-06-21 10:59:32
28766,28102,1,0,2020-06-17 19:26:09,2020-06-17 19:26:09
28766,28529,1,1,2020-06-26 05:33:29,2020-06-26 05:33:29
28766,28669,1,1,2020-06-21 10:48:01,2020-06-21 10:48:01
28787,25547,5,1,2020-06-19 00:48:18,2020-06-19 22:53:38
28805,25758,1,1,2020-06-20 16:25:59,2020-06-20 16:25:59
28806,25357,1,1,2020-11-18 14:56:58,2020-11-18 14:56:58
28814,28790,1,0,2020-06-23 18:57:30,2020-06-23 18:57:30
28815,28902,1,1,2020-06-26 20:12:50,2020-06-26 20:12:50
28816,28815,1,1,2020-06-20 23:07:19,2020-06-20 23:07:19
28826,25697,1,1,2020-06-21 12:56:37,2020-06-21 12:56:37
28830,28829,1,1,2020-06-21 21:02:06,2020-06-21 21:02:06
28833,28325,1,1,2020-06-23 19:31:29,2020-06-23 19:31:29
28833,28400,1,1,2020-06-23 19:09:39,2020-06-23 19:09:39
28833,28655,1,1,2020-06-23 19:43:01,2020-06-23 19:43:01
28833,28794,1,1,2020-06-23 19:23:49,2020-06-23 19:23:49
28871,4847,1,0,2020-06-25 22:22:37,2020-06-25 22:22:37
28871,28723,1,1,2020-06-25 21:43:17,2020-06-25 21:43:17
28871,28836,1,0,2020-06-24 01:14:20,2020-06-24 01:14:20
28871,28862,1,1,2020-06-28 16:47:56,2020-06-28 16:47:56
28871,28863,1,1,2020-06-24 01:05:29,2020-06-24 01:05:29
28871,28866,1,0,2020-06-24 00:51:40,2020-06-24 00:51:40
28871,28868,1,1,2020-06-25 07:29:31,2020-06-25 07:29:31
28871,28875,1,1,2020-06-24 09:18:13,2020-06-24 09:18:13
28871,28892,3,0,2020-06-25 20:38:01,2020-06-25 21:16:13
28873,29607,1,1,2020-12-27 18:20:23,2020-12-27 18:20:23
28874,28371,2,0,2020-07-08 05:44:21,2020-07-08 06:49:29
28883,4847,1,0,2020-07-12 12:40:43,2020-07-12 12:40:43
28883,26166,1,0,2020-06-25 08:17:19,2020-06-25 08:17:19
28894,28799,1,1,2020-08-25 01:56:28,2020-08-25 01:56:28
28896,28204,1,1,2020-06-26 07:45:23,2020-06-26 07:45:23
28896,28895,1,0,2020-06-26 09:12:39,2020-06-26 09:12:39
28915,27405,1,0,2020-06-28 04:52:31,2020-06-28 04:52:31
28932,28862,1,1,2020-06-29 23:55:14,2020-06-29 23:55:14
28952,4847,1,0,2020-06-30 15:54:12,2020-06-30 15:54:12
28959,28371,1,0,2020-07-01 06:52:00,2020-07-01 06:52:00
28977,4847,1,0,2020-07-02 16:17:37,2020-07-02 16:17:37
28983,28538,1,1,2020-07-03 20:20:26,2020-07-03 20:20:26
29007,29081,1,1,2020-07-12 20:54:44,2020-07-12 20:54:44
29034,29028,1,1,2020-07-06 20:26:47,2020-07-06 20:26:47
29034,29216,1,1,2020-07-23 01:37:16,2020-07-23 01:37:16
29035,19863,5,0,2020-07-23 21:23:15,2020-07-25 22:53:03
29035,28704,1,1,2020-07-23 21:05:52,2020-07-23 21:05:52
29037,27256,1,1,2020-07-07 08:16:59,2020-07-07 08:16:59
29059,27362,4,2,2020-07-20 14:00:43,2020-07-27 10:52:06
29059,28325,1,1,2020-08-18 04:48:55,2020-08-18 04:48:55
29059,28400,1,1,2020-07-20 15:21:12,2020-07-20 15:21:12
29059,28527,1,1,2020-07-22 04:14:01,2020-07-22 04:14:01
29059,28602,1,1,2020-08-12 16:24:40,2020-08-12 16:24:40
29059,28668,1,1,2020-07-29 07:17:44,2020-07-29 07:17:44
29059,28862,2,2,2020-07-16 13:26:13,2020-08-07 17:32:31
29059,29060,1,1,2020-07-09 13:05:43,2020-07-09 13:05:43
29059,29081,1,1,2020-07-11 11:04:08,2020-07-11 11:04:08
29059,29121,1,1,2020-07-13 17:45:02,2020-07-13 17:45:02
29059,29219,2,1,2020-07-22 10:58:11,2020-07-23 19:03:54
29059,29225,1,1,2020-07-24 14:05:00,2020-07-24 14:05:00
29059,29265,2,1,2020-07-26 17:13:14,2020-07-27 12:13:17
29059,29298,1,1,2020-08-11 16:59:56,2020-08-11 16:59:56
29059,29392,1,1,2020-08-07 15:20:07,2020-08-07 15:20:07
29059,29490,4,1,2020-08-19 08:23:14,2020-08-23 10:35:30
29059,29528,1,0,2020-08-23 10:40:35,2020-08-23 10:40:35
29059,29656,1,1,2020-09-05 13:05:05,2020-09-05 13:05:05
29068,28804,1,1,2020-07-09 20:35:59,2020-07-09 20:35:59
29075,12099,1,0,2020-07-10 11:34:43,2020-07-10 11:34:43
29075,29059,1,0,2020-07-22 05:14:26,2020-07-22 05:14:26
29094,23317,1,1,2020-07-11 10:55:04,2020-07-11 10:55:04
29102,27566,1,1,2020-07-12 02:13:19,2020-07-12 02:13:19
29108,10074,1,0,2020-07-17 16:38:16,2020-07-17 16:38:16
29108,28668,2,1,2020-07-17 16:54:31,2020-07-18 09:41:50
29109,27374,2,0,2020-08-04 08:59:27,2020-08-04 10:37:19
29128,26107,1,0,2020-07-13 23:01:28,2020-07-13 23:01:28
29128,27511,1,1,2020-07-14 10:43:02,2020-07-14 10:43:02
29141,19863,2,0,2020-07-23 15:29:28,2020-07-23 16:29:03
29141,25714,1,0,2020-07-16 17:21:55,2020-07-16 17:21:55
29141,28097,1,0,2020-07-16 17:49:27,2020-07-16 17:49:27
29141,28704,1,1,2020-07-23 18:39:15,2020-07-23 18:39:15
29141,28818,1,1,2020-07-21 16:25:49,2020-07-21 16:25:49
29141,29138,1,1,2020-07-21 19:17:44,2020-07-21 19:17:44
29141,29203,1,1,2020-07-21 19:14:18,2020-07-21 19:14:18
29144,26242,1,0,2020-07-15 05:21:15,2020-07-15 05:21:15
29154,28216,1,1,2020-07-16 20:04:38,2020-07-16 20:04:38
29161,27297,1,1,2020-07-17 14:19:38,2020-07-17 14:19:38
29197,10074,1,0,2020-07-20 13:11:02,2020-07-20 13:11:02
29202,26072,1,1,2020-07-20 23:41:29,2020-07-20 23:41:29
29211,4847,1,0,2020-07-28 01:41:58,2020-07-28 01:41:58
29211,26184,1,1,2020-10-06 00:51:23,2020-10-06 00:51:23
29211,28993,1,0,2020-08-17 19:07:44,2020-08-17 19:07:44
29211,28997,1,1,2020-08-16 23:52:18,2020-08-16 23:52:18
29211,29883,1,1,2020-10-06 00:37:02,2020-10-06 00:37:02
29223,4847,1,0,2020-07-22 12:56:11,2020-07-22 12:56:11
29241,29121,1,1,2020-07-23 18:40:30,2020-07-23 18:40:30
29243,28543,1,1,2020-07-24 15:16:39,2020-07-24 15:16:39
29243,29250,2,1,2020-07-25 09:31:16,2020-07-26 10:38:02
29256,29608,1,1,2020-09-01 21:24:48,2020-09-01 21:24:48
29263,29261,1,1,2020-07-26 15:49:51,2020-07-26 15:49:51
29263,29322,1,1,2020-08-01 15:07:24,2020-08-01 15:07:24
29265,23007,3,2,2020-07-30 14:56:12,2020-07-30 16:34:27
29265,29277,1,1,2020-07-28 02:14:49,2020-07-28 02:14:49
29265,29298,2,1,2020-08-02 16:43:24,2020-08-03 19:04:06
29265,29330,2,1,2020-08-02 15:42:11,2020-08-03 19:02:19
29268,29941,1,1,2020-10-28 16:48:53,2020-10-28 16:48:53
29268,31158,1,0,2020-11-25 02:57:28,2020-11-25 02:57:28
29273,12099,2,0,2020-07-27 03:45:33,2020-07-27 03:55:02
29285,26245,1,0,2020-07-28 15:47:03,2020-07-28 15:47:03
29305,29304,1,1,2020-07-30 20:17:59,2020-07-30 20:17:59
29328,19863,1,1,2020-08-03 03:39:23,2020-08-03 03:39:23
29342,28706,1,1,2020-08-19 10:41:23,2020-08-19 10:41:23
29342,29432,1,1,2020-08-11 17:23:55,2020-08-11 17:23:55
29346,29343,1,1,2020-08-03 21:48:49,2020-08-03 21:48:49
29350,29317,1,1,2020-08-04 03:32:14,2020-08-04 03:32:14
29378,28862,1,1,2020-08-07 05:31:56,2020-08-07 05:31:56
29380,25708,1,1,2020-08-06 05:03:11,2020-08-06 05:03:11
29390,1090,1,0,2020-08-07 13:27:31,2020-08-07 13:27:31
29401,29003,1,1,2020-08-08 05:21:27,2020-08-08 05:21:27
29419,29271,1,0,2020-08-14 21:07:52,2020-08-14 21:07:52
29419,29396,1,1,2020-08-10 02:11:33,2020-08-10 02:11:33
29419,29417,4,1,2020-08-10 01:59:37,2020-08-11 17:00:44
29421,29203,1,1,2020-08-10 18:50:55,2020-08-10 18:50:55
29421,29219,1,1,2020-08-10 09:59:02,2020-08-10 09:59:02
29474,29343,1,0,2020-08-15 18:42:36,2020-08-15 18:42:36
29487,23675,1,1,2020-08-17 03:31:45,2020-08-17 03:31:45
29490,29446,2,1,2020-08-20 04:34:56,2020-08-21 02:46:50
29494,29493,1,1,2020-08-17 11:04:06,2020-08-17 11:04:06
29495,29563,1,1,2020-08-30 06:40:22,2020-08-30 06:40:22
29495,29598,3,1,2020-08-29 16:48:24,2020-08-30 06:23:49
29510,28615,1,0,2020-09-27 15:18:33,2020-09-27 15:18:33
29512,28997,1,1,2020-08-27 23:32:53,2020-08-27 23:32:53
29512,29032,1,1,2020-08-21 20:52:38,2020-08-21 20:52:38
29512,29341,1,1,2020-08-21 20:05:50,2020-08-21 20:05:50
29512,29446,1,1,2020-08-21 20:25:04,2020-08-21 20:25:04
29512,29486,1,1,2020-08-27 23:12:50,2020-08-27 23:12:50
29512,29525,1,1,2020-08-21 04:53:29,2020-08-21 04:53:29
29512,29561,1,1,2020-08-27 23:47:23,2020-08-27 23:47:23
29512,29571,1,1,2020-08-27 22:46:21,2020-08-27 22:46:21
29512,29583,1,1,2020-08-27 23:06:35,2020-08-27 23:06:35
29517,29446,2,1,2020-08-19 15:14:42,2020-08-19 16:58:57
29536,4847,1,0,2020-08-27 08:37:28,2020-08-27 08:37:28
29536,29446,1,1,2020-08-22 13:22:42,2020-08-22 13:22:42
29556,29341,1,1,2020-08-24 16:30:45,2020-08-24 16:30:45
29556,29505,1,1,2020-08-24 16:22:06,2020-08-24 16:22:06
29561,28447,1,0,2020-08-24 20:05:06,2020-08-24 20:05:06
29562,29553,1,1,2020-08-25 19:11:40,2020-08-25 19:11:40
29569,20307,2,1,2021-02-19 20:06:29,2021-02-22 09:42:09
29577,27719,1,0,2020-08-27 15:07:49,2020-08-27 15:07:49
29620,24044,1,1,2020-09-01 09:08:13,2020-09-01 09:08:13
29632,29531,1,0,2020-09-02 11:14:51,2020-09-02 11:14:51
29635,29341,1,0,2020-09-02 15:54:08,2020-09-02 15:54:08
29660,27363,1,1,2020-09-06 01:29:29,2020-09-06 01:29:29
29666,4847,1,0,2020-10-14 13:36:14,2020-10-14 13:36:14
29666,27433,1,0,2020-09-06 15:02:46,2020-09-06 15:02:46
29709,28836,1,0,2020-09-12 00:28:29,2020-09-12 00:28:29
29723,25963,1,0,2020-09-13 15:51:07,2020-09-13 15:51:07
29739,28863,1,1,2020-09-15 23:13:06,2020-09-15 23:13:06
29754,1687,1,0,2020-09-17 05:14:01,2020-09-17 05:14:01
29784,28424,1,0,2020-09-23 12:46:35,2020-09-23 12:46:35
29807,38732,1,1,2023-10-28 13:02:16,2023-10-28 13:02:16
29813,28097,1,1,2020-11-17 09:05:12,2020-11-17 09:05:12
29813,29211,1,1,2020-11-17 10:23:55,2020-11-17 10:23:55
29813,31190,1,1,2020-11-17 11:01:36,2020-11-17 11:01:36
29821,4847,1,0,2020-09-25 16:46:54,2020-09-25 16:46:54
29823,29739,1,0,2020-09-26 23:47:29,2020-09-26 23:47:29
29826,28863,1,0,2020-09-27 11:57:02,2020-09-27 11:57:02
29836,29832,1,0,2020-09-28 08:27:18,2020-09-28 08:27:18
29846,26107,1,0,2020-09-29 21:44:16,2020-09-29 21:44:16
29860,4847,2,0,2020-10-02 03:18:40,2020-10-02 04:34:44
29865,23675,1,1,2020-10-01 09:27:52,2020-10-01 09:27:52
29865,29863,2,1,2020-09-30 15:45:29,2020-09-30 16:25:34
29867,28169,1,0,2020-10-24 14:02:23,2020-10-24 14:02:23
29867,28204,1,0,2020-10-13 09:34:04,2020-10-13 09:34:04
29867,29869,1,0,2020-10-24 08:18:46,2020-10-24 08:18:46
29867,31032,2,1,2020-10-24 08:00:25,2020-10-24 08:10:24
29878,29865,1,0,2020-10-05 10:47:26,2020-10-05 10:47:26
29896,29867,3,0,2020-10-05 15:46:08,2020-10-07 00:45:28
29919,24140,1,0,2020-10-13 06:19:15,2020-10-13 06:19:15
29928,28400,1,1,2020-10-09 22:48:37,2020-10-09 22:48:37
29929,27319,1,1,2020-10-08 16:41:21,2020-10-08 16:41:21
29941,24068,1,1,2020-10-12 14:38:12,2020-10-12 14:38:12
29941,27823,1,1,2020-10-13 15:27:06,2020-10-13 15:27:06
29941,30970,1,1,2020-11-03 15:54:15,2020-11-03 15:54:15
29944,23675,1,1,2020-10-12 10:18:41,2020-10-12 10:18:41
30954,29926,1,1,2020-10-13 17:58:58,2020-10-13 17:58:58
30954,30957,1,1,2020-10-13 19:19:13,2020-10-13 19:19:13
30992,28631,2,0,2020-10-19 06:18:20,2020-10-19 06:46:02
30994,29867,1,1,2020-10-19 07:21:36,2020-10-19 07:21:36
31001,23317,4,2,2020-10-20 07:37:51,2020-11-06 15:24:13
31002,4847,1,0,2020-11-28 19:37:44,2020-11-28 19:37:44
31002,27361,2,1,2020-12-20 05:30:45,2020-12-20 05:45:48
31002,28025,1,1,2020-10-28 23:52:31,2020-10-28 23:52:31
31002,28130,1,1,2020-12-09 05:16:02,2020-12-09 05:16:02
31002,28325,1,1,2020-11-16 22:37:52,2020-11-16 22:37:52
31002,28997,4,2,2020-11-15 04:51:25,2020-11-28 00:09:29
31002,29268,1,1,2020-11-02 02:41:08,2020-11-02 02:41:08
31002,29524,1,1,2020-12-02 22:36:29,2020-12-02 22:36:29
31002,29576,2,2,2020-12-14 20:52:04,2020-12-14 21:11:57
31002,29602,7,2,2020-11-09 00:41:00,2020-11-26 02:12:27
31002,29813,3,0,2020-11-17 10:02:33,2020-11-18 06:54:31
31002,29867,2,2,2020-10-21 02:49:28,2020-10-26 07:42:58
31002,29903,1,1,2020-11-17 00:23:45,2020-11-17 00:23:45
31002,30961,1,1,2020-10-21 20:56:14,2020-10-21 20:56:14
31002,30997,2,1,2020-10-21 00:04:30,2020-10-21 06:07:28
31002,31027,1,1,2020-10-26 07:30:07,2020-10-26 07:30:07
31002,31043,1,1,2020-10-27 21:02:28,2020-10-27 21:02:28
31002,31072,5,5,2020-11-09 21:27:48,2020-12-05 00:55:09
31002,31094,1,1,2020-11-02 02:14:44,2020-11-02 02:14:44
31002,31100,2,1,2020-11-03 00:53:30,2020-11-03 18:24:00
31002,31107,1,1,2020-11-03 06:53:07,2020-11-03 06:53:07
31002,31115,5,3,2020-11-09 02:59:04,2020-11-25 22:56:40
31002,31121,1,1,2020-11-04 18:58:44,2020-11-04 18:58:44
31002,31129,1,0,2020-11-09 03:56:16,2020-11-09 03:56:16
31002,31186,1,1,2020-11-13 20:33:39,2020-11-13 20:33:39
31002,31189,1,1,2020-11-29 04:31:54,2020-11-29 04:31:54
31002,31192,1,1,2020-11-14 19:50:33,2020-11-14 19:50:33
31002,31203,1,1,2020-11-17 00:16:43,2020-11-17 00:16:43
31002,31214,1,1,2020-11-18 14:40:56,2020-11-18 14:40:56
31002,31216,2,1,2020-11-18 21:10:03,2020-11-19 01:59:31
31002,31225,1,1,2020-11-20 19:05:07,2020-11-20 19:05:07
31002,31227,1,1,2020-11-20 19:07:32,2020-11-20 19:07:32
31002,31284,2,1,2020-11-29 20:23:37,2020-11-30 17:28:08
31002,31286,1,1,2020-11-30 01:45:29,2020-11-30 01:45:29
31002,31289,1,1,2020-11-30 07:12:12,2020-11-30 07:12:12
31002,31317,1,1,2020-12-03 20:03:48,2020-12-03 20:03:48
31002,31323,2,2,2020-12-06 05:51:08,2020-12-09 20:14:34
31002,31344,1,0,2020-12-07 07:22:07,2020-12-07 07:22:07
31002,31360,1,1,2020-12-08 18:04:32,2020-12-08 18:04:32
31002,31401,3,1,2020-12-14 20:59:35,2020-12-15 01:45:51
31002,31446,1,1,2020-12-20 20:22:31,2020-12-20 20:22:31
31002,31470,1,1,2020-12-23 19:13:20,2020-12-23 19:13:20
31002,31512,1,1,2021-01-16 00:53:36,2021-01-16 00:53:36
31018,26002,2,0,2020-10-22 18:31:30,2020-10-22 18:53:45
31020,4847,2,0,2020-10-23 02:21:57,2020-10-24 04:33:19
31027,29798,1,0,2020-10-23 22:27:55,2020-10-23 22:27:55
31069,4847,1,0,2020-10-29 06:31:57,2020-10-29 06:31:57
31072,31159,1,1,2020-11-10 11:59:06,2020-11-10 11:59:06
31074,28152,1,0,2020-10-29 19:50:01,2020-10-29 19:50:01
31090,23007,1,1,2020-10-31 22:17:20,2020-10-31 22:17:20
31105,29487,1,0,2020-12-09 22:21:52,2020-12-09 22:21:52
31115,29803,1,1,2020-11-22 05:02:01,2020-11-22 05:02:01
31127,27280,1,1,2020-11-05 09:09:12,2020-11-05 09:09:12
31138,26107,1,1,2020-11-06 17:54:52,2020-11-06 17:54:52
31138,31116,2,1,2020-11-06 19:15:23,2020-11-07 09:16:46
31138,31136,3,1,2020-11-06 19:38:40,2020-11-08 12:50:53
31138,31541,1,0,2021-01-05 13:23:52,2021-01-05 13:23:52
31143,31142,1,1,2020-11-07 20:08:11,2020-11-07 20:08:11
31145,25735,2,1,2020-11-08 11:17:20,2020-11-12 10:32:19
31145,31142,1,1,2020-11-08 11:39:37,2020-11-08 11:39:37
31207,28875,1,1,2020-11-18 03:36:41,2020-11-18 03:36:41
31207,29803,2,1,2020-11-22 06:49:33,2020-11-22 16:40:39
31207,30957,1,1,2020-11-22 16:52:08,2020-11-22 16:52:08
31207,31225,1,1,2020-11-22 07:00:54,2020-11-22 07:00:54
31225,31666,1,0,2021-10-16 04:40:11,2021-10-16 04:40:11
31235,31347,1,1,2020-12-16 16:41:02,2020-12-16 16:41:02
31235,31418,1,1,2020-12-16 16:28:08,2020-12-16 16:28:08
31249,4847,1,0,2020-11-25 07:16:51,2020-11-25 07:16:51
31249,31129,1,1,2020-11-25 06:37:21,2020-11-25 06:37:21
31249,31216,2,1,2020-11-25 07:11:05,2020-12-28 00:44:26
31254,31280,1,1,2020-12-05 10:49:12,2020-12-05 10:49:12
31269,29942,1,1,2020-11-28 18:34:33,2020-11-28 18:34:33
31269,31142,1,1,2020-11-28 18:30:42,2020-11-28 18:30:42
31293,31287,2,1,2020-11-30 14:55:32,2020-12-01 01:35:34
31306,25963,1,1,2020-12-02 08:37:46,2020-12-02 08:37:46
31313,28668,2,0,2020-12-02 23:39:56,2020-12-10 21:49:15
31316,25784,1,0,2020-12-03 08:05:06,2020-12-03 08:05:06
31343,31159,1,1,2020-12-06 21:49:29,2020-12-06 21:49:29
31347,4847,1,0,2020-12-19 21:28:50,2020-12-19 21:28:50
31347,31326,1,1,2021-01-16 20:34:52,2021-01-16 20:34:52
31351,25436,1,0,2020-12-07 21:18:44,2020-12-07 21:18:44
31358,29885,1,1,2020-12-15 14:35:18,2020-12-15 14:35:18
31368,4847,2,0,2020-12-09 21:04:20,2020-12-09 21:25:24
31368,24213,1,1,2020-12-09 19:11:20,2020-12-09 19:11:20
31368,27283,1,1,2020-12-09 20:40:48,2020-12-09 20:40:48
31368,27409,1,1,2020-12-09 19:41:15,2020-12-09 19:41:15
31368,29459,1,0,2020-12-09 20:20:22,2020-12-09 20:20:22
31368,29575,1,1,2020-12-09 21:00:08,2020-12-09 21:00:08
31368,29640,1,0,2020-12-09 20:24:10,2020-12-09 20:24:10
31368,29656,1,0,2020-12-09 21:17:17,2020-12-09 21:17:17
31368,31142,2,1,2020-12-09 20:05:03,2020-12-09 20:12:22
31368,31360,1,1,2020-12-09 18:59:19,2020-12-09 18:59:19
31368,31465,1,0,2020-12-26 13:29:11,2020-12-26 13:29:11
31378,28170,1,1,2020-12-10 16:49:18,2020-12-10 16:49:18
31379,23675,1,1,2020-12-10 22:30:49,2020-12-10 22:30:49
31384,29867,1,1,2021-02-20 00:25:05,2021-02-20 00:25:05
31425,27680,1,0,2020-12-17 15:49:44,2020-12-17 15:49:44
31472,4847,1,0,2020-12-24 11:10:13,2020-12-24 11:10:13
31472,31470,1,1,2020-12-24 00:58:12,2020-12-24 00:58:12
31474,31470,1,1,2020-12-24 09:30:14,2020-12-24 09:30:14
31478,29867,1,1,2021-01-02 20:09:46,2021-01-02 20:09:46
31484,28664,1,1,2020-12-28 07:52:18,2020-12-28 07:52:18
31507,31358,1,1,2020-12-29 11:32:15,2020-12-29 11:32:15
31525,1090,1,0,2021-01-01 01:06:11,2021-01-01 01:06:11
31532,31271,1,1,2021-01-01 17:45:02,2021-01-01 17:45:02
31533,28078,1,0,2021-01-01 17:52:11,2021-01-01 17:52:11
31534,31333,2,1,2021-01-02 12:45:54,2021-01-02 12:50:20
31541,31138,1,0,2021-01-02 16:15:57,2021-01-02 16:15:57
31544,1090,1,0,2021-01-09 07:39:21,2021-01-09 07:39:21
31544,31271,2,1,2021-01-05 11:03:03,2021-01-06 18:50:58
31573,4847,1,0,2021-02-17 11:53:58,2021-02-17 11:53:58
31573,27433,1,0,2021-02-24 10:33:02,2021-02-24 10:33:02
31573,31744,1,1,2021-02-24 09:36:47,2021-02-24 09:36:47
31584,4847,1,0,2021-09-20 14:45:30,2021-09-20 14:45:30
31584,10074,1,0,2021-09-20 14:46:28,2021-09-20 14:46:28
31596,31501,2,1,2021-02-12 08:26:37,2021-02-12 09:59:54
31596,31792,1,0,2021-02-12 10:03:55,2021-02-12 10:03:55
31598,4847,4,0,2021-01-08 06:24:32,2021-03-18 22:34:16
31598,27821,1,0,2021-02-10 18:13:32,2021-02-10 18:13:32
31598,28078,3,0,2021-01-31 16:33:29,2021-03-08 19:57:58
31598,28531,2,0,2021-06-20 11:08:33,2021-07-06 13:50:21
31598,28664,1,1,2021-01-07 12:58:26,2021-01-07 12:58:26
31598,28710,1,1,2021-03-13 11:59:44,2021-03-13 11:59:44
31598,30961,1,1,2021-02-08 17:03:00,2021-02-08 17:03:00
31598,31063,2,1,2021-02-26 16:26:23,2021-02-26 17:15:39
31598,31116,1,1,2021-01-07 12:01:16,2021-01-07 12:01:16
31598,31189,1,1,2021-02-08 18:52:01,2021-02-08 18:52:01
31598,31384,1,1,2021-02-03 04:10:07,2021-02-03 04:10:07
31598,31569,3,1,2021-01-07 20:35:41,2021-01-08 17:16:32
31598,31574,1,0,2021-01-13 23:31:41,2021-01-13 23:31:41
31598,31604,1,1,2021-01-06 21:12:50,2021-01-06 21:12:50
31598,31610,3,2,2021-01-07 18:22:53,2021-01-16 21:28:02
31598,31628,2,1,2021-01-10 12:34:22,2021-01-10 12:50:20
31598,31647,1,1,2021-01-13 15:50:35,2021-01-13 15:50:35
31598,31648,1,1,2021-01-13 16:13:45,2021-01-13 16:13:45
31598,31650,1,0,2021-01-13 18:14:44,2021-01-13 18:14:44
31598,31652,1,1,2021-01-14 12:02:53,2021-01-14 12:02:53
31598,31653,9,4,2021-01-15 13:20:57,2021-02-18 13:39:06
31598,31658,2,1,2021-01-15 18:42:50,2021-01-16 13:34:26
31598,31660,1,1,2021-01-15 20:26:11,2021-01-15 20:26:11
31598,31662,1,1,2021-01-16 14:07:49,2021-01-16 14:07:49
31598,31668,6,2,2021-01-17 19:21:32,2021-03-29 19:34:10
31598,31671,4,1,2021-01-17 19:47:19,2021-02-05 19:49:41
31598,31672,1,1,2021-01-17 18:16:36,2021-01-17 18:16:36
31598,31674,1,0,2021-01-18 01:16:14,2021-01-18 01:16:14
31598,31696,3,2,2021-01-31 05:18:21,2021-02-04 11:25:06
31598,31716,2,1,2021-02-19 12:28:25,2021-02-19 15:15:22
31598,31725,1,1,2021-03-25 23:07:28,2021-03-25 23:07:28
31598,31739,4,1,2021-01-27 11:16:45,2021-01-29 12:42:27
31598,31743,2,2,2021-01-27 14:34:32,2021-01-31 16:21:42
31598,31792,4,1,2021-02-24 20:47:30,2021-02-26 17:03:43
31598,31811,1,0,2021-02-04 17:59:38,2021-02-04 17:59:38
31598,31820,2,1,2021-02-05 18:56:09,2021-02-05 19:47:54
31598,31834,3,1,2021-02-07 21:32:53,2021-02-12 12:37:35
31598,31837,7,5,2021-02-08 18:27:17,2021-03-03 17:45:17
31598,31875,1,0,2021-02-18 18:14:26,2021-02-18 18:14:26
31598,31882,1,1,2021-02-17 01:19:49,2021-02-17 01:19:49
31598,31895,21,9,2021-02-25 22:27:23,2021-03-23 22:30:35
31598,31897,3,0,2021-03-19 10:09:16,2021-03-31 01:55:51
31598,31900,1,1,2021-02-18 18:24:10,2021-02-18 18:24:10
31598,31909,2,1,2021-03-16 11:23:45,2021-03-16 12:34:11
31598,31915,1,1,2021-03-03 13:15:08,2021-03-03 13:15:08
31598,31970,2,1,2021-03-03 13:32:54,2021-03-03 14:48:58
31598,31988,1,0,2021-03-07 14:59:17,2021-03-07 14:59:17
31598,31996,2,1,2021-03-11 13:50:51,2021-03-11 13:59:33
31598,32002,5,1,2021-03-08 12:10:37,2021-04-07 14:47:32
31598,32011,1,0,2021-03-10 20:53:22,2021-03-10 20:53:22
31598,32022,1,1,2021-03-11 17:33:45,2021-03-11 17:33:45
31598,32066,1,0,2021-03-17 22:24:32,2021-03-17 22:24:32
31598,32137,3,0,2021-03-30 00:40:04,2021-04-13 02:26:35
31598,32145,2,2,2021-03-31 01:50:14,2021-04-02 20:46:21
31598,32177,1,1,2021-04-03 18:29:03,2021-04-03 18:29:03
31598,32187,1,1,2021-04-05 17:17:51,2021-04-05 17:17:51
31598,32213,1,1,2021-04-09 11:28:04,2021-04-09 11:28:04
31598,32221,1,0,2021-04-13 22:59:11,2021-04-13 22:59:11
31598,32327,3,2,2021-08-05 16:15:26,2021-08-20 11:57:41
31598,32517,1,1,2021-05-21 11:18:05,2021-05-21 11:18:05
31598,32610,8,3,2021-06-03 13:44:01,2021-07-01 00:52:43
31598,32617,1,1,2021-06-03 19:34:23,2021-06-03 19:34:23
31598,32676,8,3,2021-06-26 16:38:29,2021-07-18 18:49:32
31598,32711,1,1,2021-06-16 11:16:13,2021-06-16 11:16:13
31598,32729,4,3,2021-06-19 17:51:44,2021-06-26 18:50:32
31598,32731,1,1,2021-06-19 15:39:22,2021-06-19 15:39:22
31598,32774,1,1,2021-06-27 19:27:11,2021-06-27 19:27:11
31598,32780,2,1,2021-06-28 10:52:11,2021-07-22 10:36:14
31598,32804,1,1,2021-07-02 09:55:38,2021-07-02 09:55:38
31598,32873,1,0,2021-07-13 20:09:58,2021-07-13 20:09:58
31598,32921,1,1,2021-07-23 15:10:13,2021-07-23 15:10:13
31598,32943,3,1,2021-07-26 14:41:35,2021-08-08 14:12:44
31598,33964,1,1,2021-07-30 13:43:27,2021-07-30 13:43:27
31598,33965,1,0,2021-07-30 14:56:43,2021-07-30 14:56:43
31598,33976,1,0,2021-08-12 11:11:36,2021-08-12 11:11:36
31598,34027,2,0,2021-08-17 17:31:55,2021-08-19 10:40:52
31598,34036,1,0,2021-08-12 19:35:56,2021-08-12 19:35:56
31598,34054,2,0,2021-08-17 10:38:01,2021-08-18 11:29:19
31651,29343,1,0,2021-01-14 00:44:35,2021-01-14 00:44:35
31655,31581,1,1,2021-01-14 17:36:03,2021-01-14 17:36:03
31656,31648,1,1,2021-01-14 18:27:41,2021-01-14 18:27:41
31666,25708,1,1,2021-01-17 00:52:33,2021-01-17 00:52:33
31668,31598,1,0,2021-03-29 19:10:22,2021-03-29 19:10:22
31668,31792,1,1,2021-03-29 19:03:15,2021-03-29 19:03:15
31704,31326,1,0,2021-01-23 10:47:13,2021-01-23 10:47:13
31729,31725,1,1,2021-01-26 02:24:59,2021-01-26 02:24:59
31733,23007,1,1,2021-01-26 20:45:20,2021-01-26 20:45:20
31763,28078,2,0,2021-01-28 23:30:58,2021-02-15 02:09:52
31789,27355,1,0,2021-02-01 11:52:26,2021-02-01 11:52:26
31864,31598,1,0,2021-02-14 04:15:19,2021-02-14 04:15:19
31875,28983,1,0,2021-02-15 18:25:10,2021-02-15 18:25:10
31883,31103,1,0,2021-02-17 07:11:39,2021-02-17 07:11:39
31895,4847,1,0,2021-02-18 01:54:28,2021-02-18 01:54:28
31895,31142,1,0,2021-03-11 04:29:52,2021-03-11 04:29:52
31897,23418,1,1,2021-03-05 21:34:30,2021-03-05 21:34:30
31897,28691,1,1,2021-04-10 00:42:16,2021-04-10 00:42:16
31897,28997,1,1,2021-02-28 03:49:57,2021-02-28 03:49:57
31897,31384,2,2,2021-02-24 03:02:59,2021-02-25 02:46:24
31897,31388,1,1,2021-03-05 18:17:18,2021-03-05 18:17:18
31897,31432,1,0,2021-04-07 00:29:49,2021-04-07 00:29:49
31897,31716,1,1,2021-04-02 19:27:46,2021-04-02 19:27:46
31897,31725,4,4,2021-02-27 03:13:00,2021-04-05 00:01:18
31897,31895,1,1,2021-03-21 21:26:51,2021-03-21 21:26:51
31897,31909,1,1,2021-03-31 01:25:11,2021-03-31 01:25:11
31897,31942,2,2,2021-02-26 04:06:44,2021-02-28 23:13:41
31897,31983,2,2,2021-03-05 20:25:36,2021-04-19 17:03:40
31897,32002,1,1,2021-04-08 02:37:39,2021-04-08 02:37:39
31897,32006,1,1,2021-03-16 22:25:14,2021-03-16 22:25:14
31897,32009,1,1,2021-03-11 02:20:32,2021-03-11 02:20:32
31897,32053,1,1,2021-03-16 02:39:13,2021-03-16 02:39:13
31897,32110,1,1,2021-03-26 19:55:20,2021-03-26 19:55:20
31897,32128,2,1,2021-03-29 01:47:25,2021-03-29 23:51:08
31897,32137,1,0,2021-03-31 02:09:21,2021-03-31 02:09:21
31897,32145,1,1,2021-03-31 01:50:04,2021-03-31 01:50:04
31897,32177,2,2,2021-04-03 17:40:37,2021-04-25 17:22:34
31897,32234,1,1,2021-04-12 22:35:43,2021-04-12 22:35:43
31897,32245,2,0,2021-04-11 00:00:36,2021-04-11 14:07:47
31897,32251,1,1,2021-04-11 14:52:25,2021-04-11 14:52:25
31897,32294,1,0,2021-04-19 19:42:40,2021-04-19 19:42:40
31897,32335,2,1,2021-04-25 19:34:12,2021-04-25 20:45:26
31897,32599,1,1,2021-06-06 02:04:20,2021-06-06 02:04:20
31899,24068,1,1,2021-03-13 13:24:21,2021-03-13 13:24:21
31920,32327,1,1,2021-08-20 06:45:54,2021-08-20 06:45:54
31928,31360,2,0,2021-02-23 01:24:27,2021-02-23 01:25:05
31982,31002,1,0,2021-03-04 22:16:23,2021-03-04 22:16:23
31984,28863,1,1,2021-03-05 05:11:57,2021-03-05 05:11:57
31986,4847,1,0,2022-10-31 01:17:06,2022-10-31 01:17:06
31988,31972,1,1,2021-03-07 14:38:42,2021-03-07 14:38:42
31995,29305,1,1,2021-03-13 02:35:27,2021-03-13 02:35:27
31995,31834,1,1,2021-03-06 20:06:04,2021-03-06 20:06:04
31996,1090,1,0,2021-03-06 22:23:50,2021-03-06 22:23:50
32021,31105,1,1,2021-03-11 12:31:24,2021-03-11 12:31:24
32027,23334,1,1,2021-03-13 08:55:52,2021-03-13 08:55:52
32027,27719,1,1,2021-03-13 08:58:46,2021-03-13 08:58:46
32027,31501,1,1,2021-03-12 11:47:39,2021-03-12 11:47:39
32027,32363,2,1,2021-06-03 12:27:09,2021-06-16 08:41:47
32040,28863,1,1,2021-03-14 06:03:46,2021-03-14 06:03:46
32044,28428,1,1,2021-03-14 16:42:57,2021-03-14 16:42:57
32048,31103,1,1,2021-03-15 08:41:16,2021-03-15 08:41:16
32067,32089,1,1,2021-03-24 00:26:43,2021-03-24 00:26:43
32069,26107,1,1,2021-03-18 07:22:00,2021-03-18 07:22:00
32076,28538,1,1,2021-03-19 16:03:10,2021-03-19 16:03:10
32085,4847,3,0,2021-04-11 17:43:22,2021-04-12 09:52:30
32085,24110,1,0,2021-04-12 14:35:16,2021-04-12 14:35:16
32085,25686,1,0,2021-05-15 11:16:57,2021-05-15 11:16:57
32085,25842,3,1,2021-04-14 11:51:11,2021-04-14 18:52:08
32085,28863,1,0,2021-04-14 17:39:23,2021-04-14 17:39:23
32085,31432,1,1,2021-04-12 10:07:34,2021-04-12 10:07:34
32085,31915,1,1,2021-04-12 07:03:47,2021-04-12 07:03:47
32085,31970,1,1,2021-04-21 12:16:58,2021-04-21 12:16:58
32085,32110,1,0,2021-04-11 17:40:21,2021-04-11 17:40:21
32085,32145,6,2,2021-04-18 11:34:54,2021-04-27 15:02:43
32085,32221,1,1,2021-04-11 17:32:21,2021-04-11 17:32:21
32085,32280,10,2,2021-04-22 16:06:51,2021-04-24 17:45:45
32085,32302,1,1,2021-04-21 17:32:29,2021-04-21 17:32:29
32085,32341,2,0,2021-04-26 08:04:30,2021-04-26 09:23:13
32085,32344,2,1,2021-04-26 12:25:42,2021-04-26 12:44:23
32085,32348,1,1,2021-04-26 16:32:05,2021-04-26 16:32:05
32085,32472,1,1,2021-05-14 15:40:30,2021-05-14 15:40:30
32110,31792,1,0,2021-03-26 09:21:51,2021-03-26 09:21:51
32110,32069,1,0,2021-08-24 06:07:32,2021-08-24 06:07:32
32190,28325,1,1,2021-04-05 02:50:12,2021-04-05 02:50:12
32197,32824,2,1,2021-07-30 00:55:35,2021-07-30 02:41:35
32212,23007,1,1,2021-04-07 02:17:30,2021-04-07 02:17:30
32219,31909,1,1,2021-04-07 14:07:22,2021-04-07 14:07:22
32245,32110,1,1,2021-04-12 22:47:01,2021-04-12 22:47:01
32374,32022,1,1,2021-04-29 02:46:45,2021-04-29 02:46:45
32375,23988,2,0,2021-04-29 21:51:19,2021-05-01 05:52:49
32445,32280,1,1,2021-05-15 19:18:28,2021-05-15 19:18:28
32445,32476,1,1,2021-05-15 19:20:06,2021-05-15 19:20:06
32448,28766,1,0,2021-05-09 09:37:47,2021-05-09 09:37:47
32466,25687,1,0,2021-05-13 18:03:14,2021-05-13 18:03:14
32529,32280,1,1,2021-05-22 15:57:33,2021-05-22 15:57:33
32530,4847,1,0,2021-05-22 18:02:14,2021-05-22 18:02:14
32543,31216,1,0,2021-05-25 13:46:12,2021-05-25 13:46:12
32549,32616,1,1,2021-06-05 16:13:42,2021-06-05 16:13:42
32575,23988,1,0,2021-05-31 02:07:43,2021-05-31 02:07:43
32585,31189,1,1,2021-05-31 11:58:19,2021-05-31 11:58:19
32586,28078,2,0,2021-05-31 08:46:33,2021-06-01 07:23:37
32600,32605,1,1,2021-06-06 21:39:19,2021-06-06 21:39:19
32613,29131,1,0,2021-06-03 15:11:25,2021-06-03 15:11:25
32625,32647,1,1,2021-06-10 17:21:07,2021-06-10 17:21:07
32678,32610,1,1,2021-10-13 14:23:55,2021-10-13 14:23:55
32678,34300,2,1,2021-09-25 16:39:21,2021-09-26 13:41:30
32678,34314,1,1,2021-09-25 14:04:30,2021-09-25 14:04:30
32678,34332,1,1,2021-09-28 11:43:52,2021-09-28 11:43:52
32678,34361,1,0,2021-10-10 02:00:06,2021-10-10 02:00:06
32678,34381,1,1,2021-10-10 01:41:06,2021-10-10 01:41:06
32678,34396,2,1,2021-10-10 01:55:42,2021-10-11 10:47:19
32678,34409,1,0,2021-10-10 00:52:22,2021-10-10 00:52:22
32678,34873,1,1,2022-01-26 20:11:13,2022-01-26 20:11:13
32678,35161,1,1,2022-02-06 15:45:16,2022-02-06 15:45:16
32688,29343,1,0,2021-06-13 15:32:54,2021-06-13 15:32:54
32708,25686,1,1,2021-06-15 17:01:55,2021-06-15 17:01:55
32739,28863,1,1,2021-06-20 20:02:32,2021-06-20 20:02:32
32775,33965,1,1,2021-07-31 18:09:34,2021-07-31 18:09:34
32778,25898,1,1,2021-06-28 07:08:57,2021-06-28 07:08:57
32783,23334,1,0,2021-06-28 16:22:38,2021-06-28 16:22:38
32796,31105,1,1,2021-06-30 23:53:03,2021-06-30 23:53:03
32799,4847,1,0,2021-08-30 13:47:55,2021-08-30 13:47:55
32817,29683,1,1,2021-12-05 15:51:41,2021-12-05 15:51:41
32839,31921,1,1,2021-07-07 17:03:13,2021-07-07 17:03:13
32853,10074,1,0,2021-07-10 11:33:54,2021-07-10 11:33:54
32873,32871,2,0,2021-07-13 19:37:17,2021-07-14 14:33:30
32873,32872,2,1,2021-07-13 17:44:45,2021-07-16 12:11:09
32873,32887,1,1,2021-07-16 14:29:42,2021-07-16 14:29:42
32873,34189,1,0,2021-09-06 15:42:57,2021-09-06 15:42:57
32886,25784,1,0,2021-07-15 15:59:00,2021-07-15 15:59:00
32895,4847,1,0,2021-07-18 18:24:47,2021-07-18 18:24:47
32908,28529,1,1,2021-07-20 19:40:30,2021-07-20 19:40:30
32908,42861,1,0,2024-05-17 10:47:30,2024-05-17 10:47:30
32922,31260,1,1,2021-07-22 22:02:06,2021-07-22 22:02:06
32928,1090,1,0,2021-07-28 10:22:43,2021-07-28 10:22:43
32928,27474,1,1,2021-11-17 10:30:19,2021-11-17 10:30:19
32933,25708,1,1,2021-09-24 06:20:25,2021-09-24 06:20:25
32943,32676,1,0,2021-08-08 09:48:42,2021-08-08 09:48:42
32944,32197,1,1,2021-08-04 09:53:40,2021-08-04 09:53:40
33970,31333,1,1,2021-07-30 20:30:10,2021-07-30 20:30:10
33976,32327,1,1,2021-08-11 09:37:34,2021-08-11 09:37:34
33982,25408,1,0,2021-08-02 22:04:20,2021-08-02 22:04:20
34027,28664,1,1,2021-08-11 11:10:41,2021-08-11 11:10:41
34027,32327,1,1,2021-08-16 06:42:27,2021-08-16 06:42:27
34027,34021,1,1,2021-08-12 09:47:58,2021-08-12 09:47:58
34027,34054,1,1,2021-08-17 13:50:10,2021-08-17 13:50:10
34059,32886,1,1,2021-08-17 07:59:48,2021-08-17 07:59:48
34061,26184,1,1,2021-08-17 12:47:30,2021-08-17 12:47:30
34124,25436,1,0,2021-08-28 14:28:28,2021-08-28 14:28:28
34124,25963,1,1,2021-08-28 14:26:37,2021-08-28 14:26:37
34131,36576,1,1,2022-08-23 23:42:58,2022-08-23 23:42:58
34151,34145,1,0,2021-08-31 23:23:12,2021-08-31 23:23:12
34189,32548,1,1,2021-09-06 13:52:46,2021-09-06 13:52:46
34197,32212,1,0,2021-09-07 12:05:40,2021-09-07 12:05:40
34254,32327,5,1,2021-10-01 16:43:58,2021-10-03 19:58:53
34264,32212,1,0,2021-09-18 12:45:14,2021-09-18 12:45:14
34292,28665,1,1,2021-09-21 16:51:18,2021-09-21 16:51:18
34356,32076,1,0,2021-10-01 00:46:39,2021-10-01 00:46:39
34405,25687,1,0,2021-10-09 10:05:20,2021-10-09 10:05:20
34453,34437,1,1,2021-10-15 10:07:25,2021-10-15 10:07:25
34464,34257,1,1,2021-10-17 09:12:34,2021-10-17 09:12:34
34561,34560,1,1,2021-10-30 08:18:47,2021-10-30 08:18:47
34569,4847,1,0,2021-10-30 11:26:35,2021-10-30 11:26:35
34574,32678,1,1,2021-10-31 10:36:23,2021-10-31 10:36:23
34574,34002,2,1,2021-10-31 10:40:37,2021-10-31 10:46:31
34574,34570,1,0,2021-10-31 10:51:34,2021-10-31 10:51:34
34578,34546,1,1,2021-10-31 21:26:53,2021-10-31 21:26:53
34590,34137,1,1,2021-11-02 17:55:30,2021-11-02 17:55:30
34649,28283,1,0,2021-11-12 16:00:20,2021-11-12 16:00:20
34667,28562,1,0,2021-11-16 13:27:09,2021-11-16 13:27:09
34681,23988,1,0,2021-12-02 07:18:33,2021-12-02 07:18:33
34681,28346,1,1,2021-11-19 04:11:43,2021-11-19 04:11:43
34681,34130,1,1,2021-12-02 07:51:01,2021-12-02 07:51:01
34681,34137,1,1,2021-12-02 07:34:54,2021-12-02 07:34:54
34681,34381,1,1,2021-11-19 04:34:50,2021-11-19 04:34:50
34681,34437,3,1,2022-01-01 07:21:40,2022-01-03 09:45:14
34681,34628,1,1,2021-12-02 07:46:57,2021-12-02 07:46:57
34681,34658,1,1,2021-11-19 04:22:10,2021-11-19 04:22:10
34681,34810,1,1,2022-01-01 07:05:20,2022-01-01 07:05:20
34684,32212,1,0,2021-11-20 01:11:25,2021-11-20 01:11:25
34689,34637,1,1,2021-11-21 08:26:05,2021-11-21 08:26:05
34689,34687,1,1,2021-11-21 01:34:24,2021-11-21 01:34:24
34717,4847,1,1,2021-11-27 02:37:39,2021-11-27 02:37:39
34739,10074,2,0,2021-11-30 04:38:58,2021-11-30 04:39:50
34745,31899,1,0,2021-12-01 13:51:31,2021-12-01 13:51:31
34755,31598,1,0,2021-12-03 10:35:33,2021-12-03 10:35:33
34792,34773,1,1,2021-12-12 20:48:43,2021-12-12 20:48:43
34830,25316,1,0,2021-12-19 09:56:19,2021-12-19 09:56:19
34837,25436,1,0,2021-12-21 10:19:47,2021-12-21 10:19:47
34853,23007,1,1,2021-12-23 02:38:35,2021-12-23 02:38:35
34912,10074,2,0,2022-09-12 13:06:12,2025-01-27 18:22:37
34912,28384,1,1,2022-11-02 12:32:04,2022-11-02 12:32:04
34912,32586,2,1,2022-05-25 22:35:24,2022-05-26 12:33:50
34912,32610,1,0,2022-03-07 13:40:51,2022-03-07 13:40:51
34912,32928,6,1,2021-12-30 21:06:53,2022-01-02 15:26:53
34912,34027,2,1,2022-11-21 21:28:54,2022-11-21 23:08:33
34912,34518,1,0,2022-05-10 16:20:54,2022-05-10 16:20:54
34912,34664,1,1,2021-12-29 23:30:54,2021-12-29 23:30:54
34912,34715,2,0,2021-12-31 16:01:47,2022-01-05 14:44:43
34912,34881,1,1,2021-12-30 19:55:19,2021-12-30 19:55:19
34912,35455,2,1,2022-04-12 20:38:06,2022-04-14 01:11:25
34912,35575,1,1,2022-06-03 20:26:41,2022-06-03 20:26:41
34912,35698,2,1,2022-05-05 14:03:55,2022-05-05 18:49:29
34912,35738,3,1,2022-05-10 16:22:42,2022-05-17 00:03:22
34912,36026,1,1,2022-07-08 20:34:26,2022-07-08 20:34:26
34912,36479,2,1,2023-01-01 13:50:34,2023-01-12 16:53:02
34912,36829,1,1,2023-06-06 23:07:49,2023-06-06 23:07:49
34912,36836,1,0,2022-09-17 18:49:14,2022-09-17 18:49:14
34912,36990,1,1,2022-10-10 00:01:53,2022-10-10 00:01:53
34912,37155,1,1,2022-10-26 20:15:24,2022-10-26 20:15:24
34912,37222,1,1,2022-10-26 19:52:43,2022-10-26 19:52:43
34912,37263,3,1,2022-10-31 00:58:54,2022-10-31 13:01:53
34912,37309,1,1,2022-11-03 12:39:32,2022-11-03 12:39:32
34912,37340,3,1,2022-11-26 13:54:49,2022-11-27 18:06:31
34912,37395,1,1,2022-11-11 20:20:14,2022-11-11 20:20:14
34912,37615,1,1,2022-12-09 20:08:15,2022-12-09 20:08:15
34912,37652,2,1,2023-02-19 18:17:40,2023-02-19 22:43:10
34912,37696,2,0,2023-03-20 22:18:39,2023-03-21 20:27:26
34912,37900,2,1,2023-01-25 15:22:43,2023-01-26 19:00:59
34912,37970,1,0,2023-01-19 16:53:35,2023-01-19 16:53:35
34912,37997,1,1,2023-01-22 20:07:36,2023-01-22 20:07:36
34912,37998,2,1,2023-02-07 22:45:15,2023-02-07 22:52:29
34912,38003,1,1,2023-01-30 15:11:23,2023-01-30 15:11:23
34912,38039,2,1,2023-01-26 19:26:18,2023-01-27 16:50:05
34912,38076,1,1,2023-01-30 15:25:43,2023-01-30 15:25:43
34912,38088,4,0,2023-01-31 21:49:29,2023-02-02 15:14:27
34912,38129,3,1,2023-02-06 13:50:53,2023-02-08 22:38:38
34912,38213,1,0,2023-02-15 14:59:20,2023-02-15 14:59:20
34912,38224,1,1,2023-02-17 15:03:14,2023-02-17 15:03:14
34912,38538,1,1,2023-04-02 17:06:06,2023-04-02 17:06:06
34912,39111,1,1,2023-06-02 12:41:07,2023-06-02 12:41:07
34912,39277,1,1,2023-06-15 14:25:47,2023-06-15 14:25:47
34912,39838,4,0,2024-08-14 16:22:31,2024-09-04 01:32:45
34912,39852,1,0,2024-03-21 12:40:58,2024-03-21 12:40:58
34912,39871,3,1,2023-08-11 19:27:56,2023-08-12 14:55:06
34912,40108,2,0,2023-09-09 20:06:32,2023-09-09 20:34:35
34912,40244,2,1,2023-09-26 14:45:39,2023-10-02 15:56:46
34912,40828,3,1,2024-08-09 18:18:03,2024-08-13 16:28:04
34912,41124,1,0,2024-01-24 00:39:07,2024-01-24 00:39:07
34912,42606,1,0,2024-04-06 14:52:37,2024-04-06 14:52:37
34912,42939,2,1,2024-09-02 15:04:27,2024-09-04 01:35:37
34912,43367,2,2,2024-09-01 01:30:59,2024-09-03 16:44:26
34912,44281,1,1,2025-01-28 13:48:17,2025-01-28 13:48:17
34912,44325,1,0,2025-02-03 21:23:46,2025-02-03 21:23:46
34912,44642,1,1,2025-04-28 00:08:06,2025-04-28 00:08:06
34912,46020,1,1,2025-08-14 20:59:37,2025-08-14 20:59:37
34912,46073,1,1,2025-07-27 19:54:34,2025-07-27 19:54:34
34912,46261,1,1,2025-08-17 17:57:43,2025-08-17 17:57:43
34913,32327,1,1,2021-12-29 18:30:39,2021-12-29 18:30:39
34913,34437,1,1,2021-12-31 00:15:48,2021-12-31 00:15:48
34922,34257,1,0,2021-12-30 18:35:06,2021-12-30 18:35:06
34945,4847,3,0,2022-02-13 23:41:51,2022-08-03 02:20:10
34945,29846,1,0,2022-08-18 04:13:17,2022-08-18 04:13:17
34945,29867,1,1,2022-02-13 03:56:42,2022-02-13 03:56:42
34945,34518,1,0,2022-08-03 00:24:55,2022-08-03 00:24:55
34945,35032,1,1,2022-01-16 03:46:19,2022-01-16 03:46:19
34945,35106,1,0,2022-08-03 00:19:20,2022-08-03 00:19:20
34945,35125,1,1,2022-08-03 00:13:57,2022-08-03 00:13:57
34945,35291,1,1,2022-03-25 02:26:38,2022-03-25 02:26:38
34980,32040,1,0,2022-01-07 23:44:19,2022-01-07 23:44:19
35018,32327,1,1,2022-01-13 14:32:56,2022-01-13 14:32:56
35018,35014,1,1,2022-01-13 14:27:15,2022-01-13 14:27:15
35036,28998,1,1,2022-01-25 14:42:08,2022-01-25 14:42:08
35036,32327,1,1,2022-01-21 22:47:35,2022-01-21 22:47:35
35036,35032,1,1,2022-01-21 23:54:06,2022-01-21 23:54:06
35036,35055,1,1,2022-01-24 17:26:12,2022-01-24 17:26:12
35036,35195,1,1,2022-02-10 22:57:09,2022-02-10 22:57:09
35052,28615,1,0,2022-03-01 19:28:44,2022-03-01 19:28:44
35066,34254,1,0,2022-01-20 13:00:56,2022-01-20 13:00:56
35072,34518,1,1,2022-06-22 19:44:56,2022-06-22 19:44:56
35100,35101,1,1,2022-01-27 05:59:44,2022-01-27 05:59:44
35187,31610,1,1,2022-02-09 14:15:15,2022-02-09 14:15:15
35190,35136,1,1,2022-02-09 19:24:31,2022-02-09 19:24:31
35190,35188,1,1,2022-02-09 19:01:44,2022-02-09 19:01:44
35194,34642,1,1,2022-02-10 09:07:54,2022-02-10 09:07:54
35198,35195,1,0,2022-02-10 17:04:39,2022-02-10 17:04:39
35211,4847,1,0,2022-03-14 16:51:41,2022-03-14 16:51:41
35283,25885,1,0,2022-02-23 09:52:14,2022-02-23 09:52:14
35289,32212,1,0,2022-02-24 08:41:59,2022-02-24 08:41:59
35337,35260,1,1,2022-03-27 03:39:00,2022-03-27 03:39:00
35382,35381,1,1,2022-03-11 13:39:21,2022-03-11 13:39:21
35394,35052,1,1,2022-03-14 12:38:13,2022-03-14 12:38:13
35417,35291,1,0,2022-03-18 09:40:24,2022-03-18 09:40:24
35543,34945,1,0,2022-04-07 07:29:45,2022-04-07 07:29:45
35553,35788,1,1,2022-06-19 04:34:51,2022-06-19 04:34:51
35574,35956,1,1,2022-06-03 14:18:36,2022-06-03 14:18:36
35575,35553,1,1,2022-04-13 08:49:53,2022-04-13 08:49:53
35585,35583,1,1,2022-04-15 19:36:15,2022-04-15 19:36:15
35600,37222,2,0,2023-08-26 00:55:18,2023-08-26 06:33:20
35613,31347,1,0,2022-04-20 22:10:14,2022-04-20 22:10:14
35623,28204,1,1,2022-06-02 12:50:32,2022-06-02 12:50:32
35623,35161,1,1,2022-07-16 23:03:55,2022-07-16 23:03:55
35633,35627,1,1,2022-04-24 06:54:29,2022-04-24 06:54:29
35643,35633,1,0,2022-04-26 02:51:26,2022-04-26 02:51:26
35689,35602,1,0,2022-05-02 23:51:51,2022-05-02 23:51:51
35693,25963,1,0,2022-05-17 10:46:54,2022-05-17 10:46:54
35705,34126,1,1,2022-05-23 23:49:22,2022-05-23 23:49:22
35705,35345,1,1,2022-05-29 09:13:46,2022-05-29 09:13:46
35713,31942,1,1,2022-05-07 07:42:54,2022-05-07 07:42:54
35718,35111,1,1,2022-05-07 19:22:58,2022-05-07 19:22:58
35735,35633,1,0,2022-05-09 14:36:47,2022-05-09 14:36:47
35738,34518,1,1,2022-05-09 17:40:59,2022-05-09 17:40:59
35738,34912,1,0,2022-05-14 16:57:15,2022-05-14 16:57:15
35755,36171,1,1,2022-06-30 14:18:38,2022-06-30 14:18:38
35757,35575,2,0,2022-06-09 18:21:24,2022-07-25 14:16:54
35814,36961,1,1,2023-02-04 01:00:03,2023-02-04 01:00:03
35818,34619,1,0,2022-05-20 12:46:00,2022-05-20 12:46:00
35854,29343,1,0,2023-01-19 23:29:02,2023-01-19 23:29:02
35920,35038,1,0,2022-05-31 05:11:05,2022-05-31 05:11:05
35944,35928,1,0,2022-06-02 00:27:53,2022-06-02 00:27:53
35954,35956,1,1,2022-06-03 06:28:37,2022-06-03 06:28:37
35955,36042,1,1,2022-06-13 06:12:37,2022-06-13 06:12:37
35955,36176,1,1,2022-07-17 20:25:12,2022-07-17 20:25:12
35958,35017,1,0,2022-10-13 03:45:54,2022-10-13 03:45:54
36003,28710,1,1,2022-06-08 23:12:41,2022-06-08 23:12:41
36030,32040,1,0,2022-06-11 11:45:21,2022-06-11 11:45:21
36035,10074,1,0,2022-06-12 06:24:17,2022-06-12 06:24:17
36065,35864,1,0,2022-06-15 09:35:50,2022-06-15 09:35:50
36070,34912,1,0,2022-06-15 17:19:53,2022-06-15 17:19:53
36071,36016,1,1,2022-06-16 03:43:12,2022-06-16 03:43:12
36075,36016,2,1,2022-06-15 22:25:46,2022-06-15 22:57:44
36096,34912,1,0,2022-06-17 15:58:18,2022-06-17 15:58:18
36114,35971,1,1,2022-06-23 05:43:31,2022-06-23 05:43:31
36163,32868,1,1,2022-06-28 12:53:04,2022-06-28 12:53:04
36167,28526,1,1,2022-06-28 04:55:55,2022-06-28 04:55:55
36181,25844,1,1,2022-06-29 13:37:58,2022-06-29 13:37:58
36190,4847,1,0,2022-06-30 13:52:47,2022-06-30 13:52:47
36198,34912,1,0,2022-07-01 17:05:25,2022-07-01 17:05:25
36205,32212,1,0,2022-07-02 23:54:27,2022-07-02 23:54:27
36274,34912,1,0,2022-07-11 12:49:02,2022-07-11 12:49:02
36282,35537,1,0,2022-07-12 03:13:23,2022-07-12 03:13:23
36284,35345,1,0,2022-08-14 13:17:57,2022-08-14 13:17:57
36292,1090,1,0,2023-02-13 23:10:48,2023-02-13 23:10:48
36292,35000,1,0,2022-07-13 03:59:13,2022-07-13 03:59:13
36295,25682,1,1,2022-07-14 12:09:05,2022-07-14 12:09:05
36295,25714,1,0,2022-07-16 12:14:22,2022-07-16 12:14:22
36295,31002,1,0,2022-07-13 14:55:35,2022-07-13 14:55:35
36337,1090,1,0,2022-07-18 06:01:25,2022-07-18 06:01:25
36422,35222,1,1,2022-07-27 10:40:46,2022-07-27 10:40:46
36453,28346,1,0,2022-09-01 04:10:24,2022-09-01 04:10:24
36476,23317,1,1,2022-08-03 18:09:50,2022-08-03 18:09:50
36491,34131,2,1,2022-08-05 13:37:05,2022-08-08 14:13:37
36491,36317,1,1,2022-08-09 04:23:13,2022-08-09 04:23:13
36514,35866,1,1,2022-08-08 04:06:12,2022-08-08 04:06:12
36524,31984,1,0,2022-08-09 06:08:12,2022-08-09 06:08:12
36525,36317,1,0,2022-08-09 09:59:36,2022-08-09 09:59:36
36540,29739,1,0,2022-08-10 16:28:12,2022-08-10 16:28:12
36540,36042,1,1,2024-02-22 12:41:05,2024-02-22 12:41:05
36540,40152,1,1,2024-02-22 12:37:33,2024-02-22 12:37:33
36540,41328,1,1,2024-02-22 12:58:07,2024-02-22 12:58:07
36554,27283,1,0,2022-08-26 15:03:02,2022-08-26 15:03:02
36554,28527,2,1,2022-08-30 06:15:17,2022-08-30 06:34:46
36561,35698,1,1,2022-08-12 21:40:18,2022-08-12 21:40:18
36584,36574,1,1,2022-08-16 00:38:16,2022-08-16 00:38:16
36598,29739,1,0,2022-08-17 11:53:13,2022-08-17 11:53:13
36624,36589,1,1,2022-08-19 16:20:50,2022-08-19 16:20:50
36632,36622,1,0,2022-08-20 14:51:28,2022-08-20 14:51:28
36634,35698,1,0,2022-08-21 09:34:57,2022-08-21 09:34:57
36642,36569,2,1,2022-08-21 18:44:38,2022-08-24 01:50:47
36643,32586,1,1,2022-08-22 08:56:32,2022-08-22 08:56:32
36668,36422,1,0,2022-08-25 10:37:26,2022-08-25 10:37:26
36677,4847,1,0,2022-08-28 17:57:40,2022-08-28 17:57:40
36687,31995,1,0,2022-08-27 17:51:25,2022-08-27 17:51:25
36694,27361,1,0,2022-08-28 12:59:32,2022-08-28 12:59:32
36705,34945,1,0,2022-08-29 21:28:59,2022-08-29 21:28:59
36713,32678,1,0,2022-08-30 12:27:39,2022-08-30 12:27:39
36722,31739,1,0,2022-08-31 15:03:19,2022-08-31 15:03:19
36829,31142,1,1,2022-09-12 17:01:28,2022-09-12 17:01:28
36829,35627,1,1,2022-09-12 17:43:01,2022-09-12 17:43:01
36911,36307,1,1,2022-09-21 20:01:05,2022-09-21 20:01:05
36912,28766,1,0,2022-09-21 23:23:40,2022-09-21 23:23:40
36951,32714,1,1,2022-09-26 06:53:18,2022-09-26 06:53:18
36951,36042,1,1,2022-09-25 17:53:25,2022-09-25 17:53:25
36951,36801,1,1,2022-09-25 16:07:09,2022-09-25 16:07:09
36951,36904,1,1,2022-09-25 16:26:58,2022-09-25 16:26:58
36951,36950,1,1,2022-09-26 05:09:50,2022-09-26 05:09:50
36960,34912,1,0,2022-09-26 17:53:30,2022-09-26 17:53:30
37000,32040,1,0,2022-09-30 14:08:56,2022-09-30 14:08:56
37003,34811,1,1,2022-12-09 17:35:17,2022-12-09 17:35:17
37003,36273,1,1,2022-11-23 16:41:29,2022-11-23 16:41:29
37028,35698,1,0,2022-11-25 22:24:07,2022-11-25 22:24:07
37068,4847,1,0,2022-12-13 03:40:55,2022-12-13 03:40:55
37068,37549,1,1,2022-12-12 14:38:17,2022-12-12 14:38:17
37094,36702,2,1,2022-10-11 13:58:54,2022-10-14 01:10:52
37105,37003,2,0,2022-10-12 11:50:30,2022-10-14 13:05:46
37120,35222,1,1,2022-10-15 17:43:56,2022-10-15 17:43:56
37131,4847,1,0,2022-12-09 13:49:54,2022-12-09 13:49:54
37134,37131,2,1,2022-10-17 12:50:40,2022-10-20 23:53:45
37141,35028,1,1,2022-10-18 05:15:10,2022-10-18 05:15:10
37259,4847,1,0,2022-10-29 21:24:22,2022-10-29 21:24:22
37268,28527,1,1,2022-10-30 17:53:00,2022-10-30 17:53:00
37292,36930,1,1,2023-03-04 16:37:42,2023-03-04 16:37:42
37309,10074,1,0,2022-11-03 11:04:31,2022-11-03 11:04:31
37312,36861,1,1,2022-11-03 18:46:08,2022-11-03 18:46:08
37327,34912,1,0,2022-12-13 14:37:34,2022-12-13 14:37:34
37342,4847,1,0,2022-11-06 16:29:55,2022-11-06 16:29:55
37347,4847,1,0,2022-11-06 19:57:42,2022-11-06 19:57:42
37412,28875,1,1,2022-11-14 16:15:24,2022-11-14 16:15:24
37433,28221,1,0,2022-11-15 10:40:17,2022-11-15 10:40:17
37455,34437,1,1,2022-11-17 14:59:21,2022-11-17 14:59:21
37484,37159,1,1,2022-11-20 05:14:30,2022-11-20 05:14:30
37484,37205,1,1,2022-11-20 05:05:24,2022-11-20 05:05:24
37484,37320,1,0,2022-11-20 04:24:41,2022-11-20 04:24:41
37484,37329,1,1,2022-12-04 23:38:27,2022-12-04 23:38:27
37484,37349,1,0,2022-11-20 04:09:19,2022-11-20 04:09:19
37484,37425,1,0,2022-11-20 04:17:41,2022-11-20 04:17:41
37484,37469,1,1,2022-11-20 01:56:47,2022-11-20 01:56:47
37484,37547,2,1,2022-11-28 03:17:38,2022-12-04 22:43:38
37484,37594,1,1,2022-12-04 23:20:50,2022-12-04 23:20:50
37484,37623,1,1,2022-12-08 19:00:35,2022-12-08 19:00:35
37484,37717,1,1,2022-12-17 23:51:21,2022-12-17 23:51:21
37484,42355,1,1,2024-03-11 01:54:57,2024-03-11 01:54:57
37523,4847,1,0,2022-11-24 08:25:28,2022-11-24 08:25:28
37542,29437,1,1,2022-11-26 23:31:08,2022-11-26 23:31:08
37549,37069,1,0,2022-12-12 14:15:51,2022-12-12 14:15:51
37580,35475,1,1,2022-12-02 04:18:15,2022-12-02 04:18:15
37644,37656,1,1,2022-12-11 20:36:36,2022-12-11 20:36:36
37669,36622,1,0,2022-12-12 16:57:51,2022-12-12 16:57:51
37689,4847,1,0,2022-12-15 00:07:20,2022-12-15 00:07:20
37700,37469,1,1,2022-12-15 17:49:48,2022-12-15 17:49:48
37707,31561,2,1,2022-12-16 13:25:55,2022-12-16 13:29:32
37722,37750,1,1,2022-12-31 11:51:18,2022-12-31 11:51:18
37745,35698,1,1,2022-12-20 14:46:37,2022-12-20 14:46:37
37779,37776,1,1,2022-12-23 21:33:50,2022-12-23 21:33:50
37780,36026,1,1,2022-12-23 21:52:37,2022-12-23 21:52:37
37780,36582,2,0,2022-12-23 21:48:24,2022-12-23 21:49:13
37780,37776,3,0,2022-12-23 21:38:38,2022-12-23 21:40:10
37821,25686,1,1,2022-12-30 10:34:37,2022-12-30 10:34:37
37822,34912,1,0,2022-12-30 19:19:45,2022-12-30 19:19:45
37871,4847,1,0,2023-01-07 07:49:01,2023-01-07 07:49:01
37871,37973,1,1,2023-01-30 12:19:26,2023-01-30 12:19:26
37877,37513,1,1,2023-01-08 14:08:41,2023-01-08 14:08:41
37879,37917,1,1,2023-01-13 00:10:04,2023-01-13 00:10:04
37890,36479,1,1,2023-01-09 15:12:14,2023-01-09 15:12:14
37896,37763,1,1,2023-01-10 15:38:06,2023-01-10 15:38:06
37908,37131,1,0,2023-01-11 23:30:34,2023-01-11 23:30:34
37966,23317,1,0,2023-01-18 14:55:12,2023-01-18 14:55:12
37978,37848,2,2,2023-01-18 21:41:20,2023-01-18 22:13:30
37980,37763,2,0,2023-01-18 22:30:26,2023-01-30 14:15:32
38002,37902,1,0,2023-01-21 11:21:23,2023-01-21 11:21:23
38042,37763,1,1,2023-01-26 19:19:45,2023-01-26 19:19:45
38111,36016,1,1,2023-02-04 11:06:20,2023-02-04 11:06:20
38127,37973,1,1,2023-02-07 16:37:53,2023-02-07 16:37:53
38168,31598,1,0,2023-02-11 09:46:51,2023-02-11 09:46:51
38182,23525,1,0,2023-02-12 13:08:13,2023-02-12 13:08:13
38256,38255,1,1,2023-02-22 00:48:42,2023-02-22 00:48:42
38258,37131,1,1,2023-06-01 19:45:18,2023-06-01 19:45:18
38258,39100,1,1,2023-06-01 19:58:15,2023-06-01 19:58:15
38291,32586,1,1,2023-02-27 13:01:53,2023-02-27 13:01:53
38291,36643,1,0,2023-02-25 12:09:56,2023-02-25 12:09:56
38291,38296,1,0,2023-02-27 13:03:54,2023-02-27 13:03:54
38296,38124,1,1,2023-02-26 06:51:13,2023-02-26 06:51:13
38296,38291,1,0,2023-02-26 06:27:47,2023-02-26 06:27:47
38306,37789,1,1,2023-02-27 12:29:55,2023-02-27 12:29:55
38313,37896,1,0,2023-02-28 18:13:20,2023-02-28 18:13:20
38314,37906,1,1,2023-02-28 21:11:00,2023-02-28 21:11:00
38342,38627,1,1,2023-05-03 18:35:30,2023-05-03 18:35:30
38342,39670,1,1,2023-07-18 15:59:21,2023-07-18 15:59:21
38408,32792,1,0,2023-03-11 19:36:31,2023-03-11 19:36:31
38467,37703,1,1,2023-03-17 21:50:55,2023-03-17 21:50:55
38467,38087,1,1,2023-03-17 18:55:42,2023-03-17 18:55:42
38481,35286,1,0,2023-03-19 20:47:50,2023-03-19 20:47:50
38507,36317,1,1,2023-03-22 00:47:22,2023-03-22 00:47:22
38524,38468,1,1,2023-03-23 14:58:08,2023-03-23 14:58:08
38555,38158,1,0,2023-03-26 03:19:20,2023-03-26 03:19:20
38584,25699,1,0,2023-03-29 02:16:17,2023-03-29 02:16:17
38617,4847,1,0,2023-04-01 06:34:52,2023-04-01 06:34:52
38642,34518,1,1,2023-04-04 19:24:03,2023-04-04 19:24:03
38661,11300,3,0,2023-04-24 22:37:12,2023-04-24 23:15:28
38661,34793,1,1,2024-10-20 20:40:56,2024-10-20 20:40:56
38661,35866,1,0,2023-05-07 01:27:41,2023-05-07 01:27:41
38661,38155,5,3,2023-04-06 18:40:01,2023-04-24 21:46:01
38661,38419,2,0,2023-04-15 19:14:24,2023-04-15 19:27:39
38661,38587,1,0,2023-04-06 21:11:12,2023-04-06 21:11:12
38661,38682,5,1,2023-04-13 09:21:32,2023-04-15 17:02:00
38661,38722,1,1,2023-04-15 18:36:56,2023-04-15 18:36:56
38661,38744,1,1,2023-04-15 18:52:09,2023-04-15 18:52:09
38661,38785,1,1,2023-04-24 23:50:37,2023-04-24 23:50:37
38661,38906,2,0,2023-05-07 12:26:49,2023-05-07 12:27:53
38661,39838,2,0,2023-10-25 22:45:18,2023-10-25 23:31:03
38661,42976,1,1,2024-11-01 03:42:45,2024-11-01 03:42:45
38661,43157,1,0,2024-08-29 14:08:43,2024-08-29 14:08:43
38661,43509,1,0,2024-08-27 21:48:47,2024-08-27 21:48:47
38661,43798,2,0,2024-10-20 17:39:07,2024-10-21 15:26:14
38661,46831,1,1,2025-12-17 15:23:41,2025-12-17 15:23:41
38661,46840,1,0,2025-12-17 15:25:28,2025-12-17 15:25:28
38668,38308,1,0,2023-04-07 14:11:21,2023-04-07 14:11:21
38672,40127,1,1,2023-11-27 12:51:39,2023-11-27 12:51:39
38736,4847,1,0,2023-04-14 23:07:46,2023-04-14 23:07:46
38792,34912,1,0,2023-04-23 00:04:34,2023-04-23 00:04:34
38799,38308,1,1,2023-04-24 03:14:08,2023-04-24 03:14:08
38873,38672,1,0,2023-05-02 12:22:43,2023-05-02 12:22:43
38994,38612,1,1,2023-05-13 03:16:53,2023-05-13 03:16:53
39056,39069,1,1,2023-05-19 22:43:41,2023-05-19 22:43:41
39059,36930,1,1,2023-08-24 01:31:16,2023-08-24 01:31:16
39060,38821,1,1,2023-06-03 00:13:44,2023-06-03 00:13:44
39132,10074,1,0,2023-05-29 12:06:58,2023-05-29 12:06:58
39138,37896,1,0,2023-05-30 02:58:24,2023-05-30 02:58:24
39257,28529,1,1,2023-06-10 12:42:32,2023-06-10 12:42:32
39272,12099,1,0,2023-06-12 10:44:31,2023-06-12 10:44:31
39291,35009,1,1,2023-06-13 14:23:56,2023-06-13 14:23:56
39354,34013,1,1,2023-06-17 16:00:41,2023-06-17 16:00:41
39360,39247,1,1,2023-06-30 17:53:24,2023-06-30 17:53:24
39360,39357,1,1,2023-06-18 14:05:21,2023-06-18 14:05:21
39386,38447,1,1,2023-06-20 10:06:59,2023-06-20 10:06:59
39424,38587,1,1,2023-06-23 14:20:31,2023-06-23 14:20:31
39424,39247,1,1,2023-06-23 13:43:24,2023-06-23 13:43:24
39424,39412,1,1,2023-06-23 13:35:42,2023-06-23 13:35:42
39424,39501,1,1,2023-07-06 15:33:05,2023-07-06 15:33:05
39466,34912,1,0,2023-06-27 14:10:13,2023-06-27 14:10:13
39498,35222,1,0,2023-07-01 02:46:37,2023-07-01 02:46:37
39524,25698,1,0,2023-07-04 09:20:21,2023-07-04 09:20:21
39614,32048,1,0,2023-07-31 14:08:41,2023-07-31 14:08:41
39635,38193,1,1,2023-07-14 18:11:18,2023-07-14 18:11:18
39671,39628,1,0,2023-07-18 16:39:15,2023-07-18 16:39:15
39672,39665,1,1,2023-07-18 18:34:46,2023-07-18 18:34:46
39702,38158,1,1,2023-07-20 18:23:30,2023-07-20 18:23:30
39722,39614,1,1,2023-07-23 07:19:29,2023-07-23 07:19:29
39773,39701,1,1,2023-07-28 07:40:58,2023-07-28 07:40:58
39782,38468,1,1,2023-07-28 22:36:33,2023-07-28 22:36:33
39794,34178,1,1,2023-07-30 12:55:03,2023-07-30 12:55:03
39798,37629,1,1,2023-07-31 06:04:57,2023-07-31 06:04:57
39810,39398,1,1,2023-08-01 13:48:42,2023-08-01 13:48:42
39814,37443,1,1,2023-08-01 16:17:22,2023-08-01 16:17:22
39822,4847,1,0,2023-08-28 17:27:30,2023-08-28 17:27:30
39827,37803,2,0,2023-08-03 07:35:11,2023-08-03 07:35:42
39838,1090,3,0,2023-10-03 15:00:55,2024-02-22 20:34:35
39838,1596,2,0,2023-09-13 21:01:51,2023-09-14 14:47:34
39838,4847,19,0,2023-08-04 22:39:06,2025-07-21 19:34:03
39838,7672,1,0,2024-04-09 19:04:14,2024-04-09 19:04:14
39838,10074,14,0,2023-10-25 14:12:09,2025-07-21 19:41:55
39838,28527,2,1,2024-08-14 16:14:58,2024-08-22 16:25:01
39838,29784,3,2,2023-08-04 15:59:07,2023-10-25 21:12:27
39838,31743,2,0,2023-12-02 19:25:22,2023-12-11 04:28:31
39838,32873,1,0,2023-08-04 15:42:35,2023-08-04 15:42:35
39838,34027,1,0,2024-02-21 17:05:59,2024-02-21 17:05:59
39838,34538,1,0,2023-08-04 15:39:41,2023-08-04 15:39:41
39838,34912,5,0,2024-03-22 14:07:13,2024-09-04 14:51:21
39838,35537,1,1,2024-07-29 14:26:08,2024-07-29 14:26:08
39838,35546,1,0,2024-04-05 15:22:22,2024-04-05 15:22:22
39838,35955,1,0,2024-02-22 20:37:28,2024-02-22 20:37:28
39838,36540,1,0,2024-02-22 20:40:18,2024-02-22 20:40:18
39838,36650,1,0,2023-08-04 15:01:51,2023-08-04 15:01:51
39838,36829,1,1,2023-08-21 18:09:11,2023-08-21 18:09:11
39838,36951,1,0,2024-02-22 20:39:29,2024-02-22 20:39:29
39838,37131,4,2,2023-08-04 16:54:44,2024-07-29 14:31:23
39838,37553,1,1,2024-09-17 15:48:56,2024-09-17 15:48:56
39838,37699,4,1,2024-04-23 17:28:38,2024-04-25 19:57:57
39838,38155,7,2,2023-08-04 16:18:24,2023-09-03 19:55:17
39838,38342,1,0,2023-09-24 17:13:03,2023-09-24 17:13:03
39838,38420,1,1,2023-09-14 15:31:04,2023-09-14 15:31:04
39838,38661,6,0,2023-10-26 13:58:07,2024-11-18 16:58:31
39838,38686,1,1,2024-01-02 18:32:15,2024-01-02 18:32:15
39838,38722,4,1,2023-10-21 17:09:09,2023-10-24 14:35:59
39838,39247,2,2,2023-08-04 15:09:34,2023-09-13 15:10:25
39838,39545,2,2,2023-08-04 16:37:18,2023-08-04 16:46:29
39838,39597,1,1,2023-08-04 16:29:55,2023-08-04 16:29:55
39838,39665,3,0,2023-08-05 17:44:44,2023-08-15 13:40:44
39838,39672,1,0,2023-08-05 17:48:10,2023-08-05 17:48:10
39838,39785,1,1,2023-08-05 17:09:46,2023-08-05 17:09:46
39838,39786,1,1,2023-08-04 16:22:49,2023-08-04 16:22:49
39838,39822,4,1,2023-08-05 16:36:09,2023-08-29 13:49:18
39838,39824,1,1,2023-08-04 15:53:42,2023-08-04 15:53:42
39838,39852,5,0,2024-01-02 17:49:32,2024-04-05 15:26:49
39838,39883,2,1,2023-12-05 15:42:20,2023-12-11 20:39:05
39838,39917,1,0,2023-08-15 14:16:58,2023-08-15 14:16:58
39838,39931,4,2,2023-08-17 21:01:10,2023-10-02 16:17:51
39838,39951,2,1,2023-08-21 18:15:09,2023-08-25 14:09:12
39838,39956,2,0,2023-08-22 15:16:51,2023-08-27 21:39:56
39838,39963,11,0,2023-08-23 18:13:30,2023-09-13 14:51:39
39838,39969,2,1,2023-09-06 15:35:53,2023-09-06 15:40:09
39838,39977,1,1,2023-08-24 18:46:10,2023-08-24 18:46:10
39838,39984,2,1,2023-08-25 13:46:19,2023-08-27 16:46:48
39838,40021,1,0,2023-08-30 14:44:59,2023-08-30 14:44:59
39838,40023,1,0,2023-08-30 14:31:39,2023-08-30 14:31:39
39838,40028,7,2,2023-08-31 14:53:22,2023-09-05 14:00:04
39838,40055,2,0,2023-09-05 13:52:30,2023-09-05 13:52:53
39838,40057,1,0,2023-09-05 13:55:59,2023-09-05 13:55:59
39838,40088,1,0,2023-09-07 14:55:03,2023-09-07 14:55:03
39838,40089,3,2,2023-10-16 14:19:30,2023-12-13 16:10:11
39838,40093,3,1,2023-09-08 21:00:44,2023-09-11 17:58:02
39838,40094,1,0,2023-09-08 20:57:12,2023-09-08 20:57:12
39838,40131,4,1,2023-09-14 14:50:28,2023-09-14 15:17:19
39838,40132,2,0,2023-09-11 14:44:25,2023-09-11 14:59:01
39838,40152,1,0,2023-09-13 14:58:52,2023-09-13 14:58:52
39838,40166,2,1,2023-09-15 17:12:11,2023-09-15 17:13:41
39838,40175,7,2,2023-10-19 14:30:36,2024-01-31 15:11:09
39838,40189,3,0,2023-09-18 19:40:36,2023-12-02 19:29:44
39838,40191,1,0,2023-09-18 19:20:54,2023-09-18 19:20:54
39838,40244,1,0,2023-10-01 18:34:07,2023-10-01 18:34:07
39838,40245,1,1,2023-09-22 16:09:47,2023-09-22 16:09:47
39838,40306,1,0,2023-09-27 21:06:02,2023-09-27 21:06:02
39838,40350,3,1,2023-10-02 15:50:26,2023-10-02 16:10:07
39838,40363,1,0,2023-10-05 15:01:01,2023-10-05 15:01:01
39838,40365,1,0,2023-10-04 15:14:57,2023-10-04 15:14:57
39838,40368,5,0,2023-10-04 21:00:06,2023-10-06 15:13:11
39838,40376,1,1,2023-10-06 16:07:26,2023-10-06 16:07:26
39838,40380,3,1,2023-10-06 15:20:57,2023-10-07 23:33:10
39838,40428,1,1,2023-10-17 14:52:27,2023-10-17 14:52:27
39838,40442,1,1,2023-10-16 15:02:48,2023-10-16 15:02:48
39838,40474,1,0,2023-10-21 16:59:38,2023-10-21 16:59:38
39838,40480,3,0,2023-10-23 14:35:44,2023-10-25 14:07:33
39838,40493,2,0,2023-10-25 14:29:52,2023-10-26 17:17:27
39838,40511,2,1,2023-10-25 21:16:16,2023-10-25 21:16:54
39838,40522,1,1,2023-10-27 15:28:05,2023-10-27 15:28:05
39838,40544,3,0,2023-12-14 21:52:09,2023-12-18 15:18:10
39838,40562,2,1,2023-11-03 13:39:14,2023-11-03 13:53:17
39838,40565,1,1,2024-02-03 19:12:27,2024-02-03 19:12:27
39838,40597,1,1,2023-11-10 15:01:56,2023-11-10 15:01:56
39838,40604,1,1,2023-11-07 15:00:44,2023-11-07 15:00:44
39838,40623,8,4,2024-01-24 16:01:04,2024-06-05 21:20:02
39838,40633,1,1,2023-11-16 15:41:52,2023-11-16 15:41:52
39838,40653,1,0,2023-12-05 15:46:06,2023-12-05 15:46:06
39838,40656,1,1,2023-11-17 22:33:51,2023-11-17 22:33:51
39838,40670,1,1,2023-11-27 15:39:20,2023-11-27 15:39:20
39838,40708,1,1,2023-11-27 15:49:20,2023-11-27 15:49:20
39838,40741,4,0,2023-11-30 16:05:57,2023-12-04 19:11:33
39838,40743,1,1,2023-11-29 19:35:21,2023-11-29 19:35:21
39838,40746,2,1,2023-11-29 19:25:36,2023-11-29 19:33:32
39838,40754,5,1,2023-11-30 16:01:21,2023-12-02 19:24:05
39838,40770,3,0,2023-12-05 15:55:57,2023-12-07 00:42:31
39838,40780,2,0,2023-12-05 15:57:20,2023-12-07 00:37:22
39838,40781,1,1,2023-12-04 19:30:27,2023-12-04 19:30:27
39838,40782,4,0,2023-12-05 15:12:28,2023-12-13 15:25:56
39838,40783,1,0,2023-12-05 15:13:00,2023-12-05 15:13:00
39838,40784,2,0,2023-12-13 20:05:08,2023-12-13 20:06:18
39838,40802,14,3,2023-12-08 16:00:13,2024-01-09 21:58:47
39838,40806,6,0,2023-12-12 22:06:36,2023-12-13 15:34:50
39838,40824,1,0,2023-12-11 20:08:14,2023-12-11 20:08:14
39838,40828,4,3,2023-12-11 20:49:30,2024-08-13 16:20:42
39838,40829,11,1,2023-12-13 16:28:38,2023-12-23 17:59:25
39838,40838,3,1,2023-12-13 16:29:38,2023-12-14 20:49:11
39838,40841,4,1,2023-12-13 19:36:00,2023-12-15 15:09:55
39838,40843,3,1,2023-12-14 21:36:51,2023-12-16 20:00:44
39838,40886,2,1,2023-12-19 20:56:03,2023-12-21 22:54:07
39838,40890,1,0,2023-12-21 23:15:25,2023-12-21 23:15:25
39838,40909,2,1,2023-12-23 16:09:39,2023-12-23 16:14:00
39838,40918,2,0,2024-01-02 17:32:37,2024-01-02 17:34:33
39838,40927,1,1,2024-01-02 17:59:25,2024-01-02 17:59:25
39838,40930,2,0,2023-12-28 16:52:15,2023-12-28 16:53:57
39838,40935,1,0,2024-01-02 17:44:33,2024-01-02 17:44:33
39838,40941,1,0,2023-12-28 16:51:37,2023-12-28 16:51:37
39838,40954,1,0,2023-12-28 16:50:17,2023-12-28 16:50:17
39838,40957,1,1,2023-12-28 16:49:12,2023-12-28 16:49:12
39838,40980,1,0,2024-01-02 17:46:16,2024-01-02 17:46:16
39838,40999,1,1,2024-01-04 15:52:45,2024-01-04 15:52:45
39838,41005,14,3,2024-01-05 17:33:27,2024-02-06 18:18:46
39838,41019,3,1,2024-01-08 15:20:30,2024-01-09 15:17:55
39838,41027,1,0,2024-01-08 15:25:10,2024-01-08 15:25:10
39838,41028,5,3,2024-01-08 15:31:44,2024-03-18 15:10:55
39838,41030,9,1,2024-01-08 15:33:45,2024-01-15 03:50:41
39838,41036,4,1,2024-03-15 19:01:38,2024-03-22 14:00:52
39838,41048,4,1,2024-01-11 18:09:20,2024-01-11 18:30:43
39838,41049,1,1,2024-01-18 02:24:17,2024-01-18 02:24:17
39838,41058,6,1,2024-01-12 16:04:11,2024-02-21 16:45:13
39838,41067,2,1,2024-02-03 18:27:37,2024-02-03 19:16:38
39838,41082,8,2,2024-01-17 16:07:55,2024-01-19 16:42:24
39838,41105,1,1,2024-01-22 15:46:41,2024-01-22 15:46:41
39838,41111,1,0,2024-01-23 16:26:29,2024-01-23 16:26:29
39838,41115,13,2,2024-01-22 15:37:52,2024-03-31 18:24:49
39838,41119,1,1,2024-01-23 15:55:00,2024-01-23 15:55:00
39838,41124,2,0,2024-01-23 16:18:29,2024-01-24 14:49:49
39838,41142,1,0,2024-01-26 17:39:05,2024-01-26 17:39:05
39838,41186,1,0,2024-02-02 15:31:47,2024-02-02 15:31:47
39838,41196,7,1,2024-04-17 22:53:27,2024-05-24 21:53:00
39838,41202,2,1,2024-05-28 19:31:28,2024-05-28 19:32:40
39838,41209,1,0,2024-02-03 18:17:15,2024-02-03 18:17:15
39838,41213,3,1,2024-02-05 14:32:43,2024-02-06 17:41:27
39838,41240,3,0,2024-02-07 16:24:06,2024-02-07 16:47:53
39838,41258,1,0,2024-02-21 17:00:24,2024-02-21 17:00:24
39838,41297,1,1,2024-02-16 16:04:02,2024-02-16 16:04:02
39838,41315,1,0,2024-02-20 16:18:48,2024-02-20 16:18:48
39838,41328,2,1,2024-02-22 20:04:41,2024-03-04 15:32:43
39838,41331,1,1,2024-02-22 20:31:22,2024-02-22 20:31:22
39838,42413,1,0,2024-04-23 17:39:40,2024-04-23 17:39:40
39838,42442,44,7,2024-03-10 20:04:20,2024-06-10 19:52:00
39838,42443,1,0,2024-03-13 16:23:58,2024-03-13 16:23:58
39838,42450,1,0,2024-03-13 16:22:43,2024-03-13 16:22:43
39838,42452,1,1,2024-03-13 16:05:57,2024-03-13 16:05:57
39838,42457,2,1,2024-03-13 16:18:36,2024-03-13 16:18:57
39838,42501,15,2,2024-03-21 18:52:58,2024-08-12 17:37:11
39838,42539,3,1,2024-03-27 14:41:30,2024-04-05 15:25:37
39838,42673,2,0,2024-04-17 22:50:04,2024-04-17 22:51:35
39838,42718,5,1,2024-05-15 17:17:17,2024-05-16 17:28:34
39838,42736,1,0,2024-04-29 15:14:53,2024-04-29 15:14:53
39838,42770,1,1,2024-05-01 20:56:55,2024-05-01 20:56:55
39838,42806,3,1,2024-05-10 19:53:42,2024-05-10 20:17:01
39838,42807,2,1,2024-05-10 19:46:50,2024-05-10 19:52:27
39838,42824,2,0,2024-06-10 19:30:47,2024-06-10 19:32:12
39838,42840,2,0,2024-05-13 17:53:02,2024-05-15 17:14:39
39838,42870,3,1,2024-05-16 17:37:04,2024-05-16 18:33:53
39838,42939,5,2,2024-05-28 19:28:32,2024-08-09 17:50:26
39838,42945,2,0,2024-05-28 19:23:40,2024-05-29 18:04:59
39838,42962,1,1,2024-05-30 19:40:53,2024-05-30 19:40:53
39838,42976,1,0,2024-11-07 01:48:35,2024-11-07 01:48:35
39838,43157,1,1,2024-07-09 15:01:50,2024-07-09 15:01:50
39838,43212,1,1,2024-07-15 20:40:50,2024-07-15 20:40:50
39838,43287,1,1,2024-08-12 20:30:45,2024-08-12 20:30:45
39838,43411,1,1,2024-08-27 20:45:40,2024-08-27 20:45:40
39838,43474,7,1,2024-08-22 17:08:35,2024-08-26 16:51:33
39838,43500,1,1,2024-09-03 17:03:27,2024-09-03 17:03:27
39838,43554,1,0,2024-09-06 21:51:59,2024-09-06 21:51:59
39838,43557,9,1,2024-09-06 21:35:05,2024-09-12 00:49:15
39838,43700,1,1,2024-10-04 17:43:22,2024-10-04 17:43:22
39838,43725,1,0,2024-10-11 22:19:59,2024-10-11 22:19:59
39838,43755,3,1,2024-10-15 16:57:43,2024-10-22 16:50:11
39838,43774,1,1,2024-10-16 17:25:32,2024-10-16 17:25:32
39838,43798,2,1,2024-10-21 15:17:52,2024-10-21 15:50:22
39838,43820,2,1,2024-10-25 18:07:50,2024-10-30 18:01:22
39838,43920,2,1,2024-11-18 17:01:39,2025-01-15 15:27:38
39838,44034,1,0,2025-01-13 15:46:49,2025-01-13 15:46:49
39838,44132,2,1,2024-12-31 21:15:07,2025-01-02 19:20:46
39838,44281,1,1,2025-02-06 21:25:50,2025-02-06 21:25:50
39838,44292,1,1,2025-02-06 21:56:41,2025-02-06 21:56:41
39838,44420,1,0,2025-02-28 22:16:04,2025-02-28 22:16:04
39838,45965,1,0,2025-07-21 19:50:10,2025-07-21 19:50:10
39838,46020,1,0,2025-07-21 19:56:56,2025-07-21 19:56:56
39838,46073,1,0,2025-07-21 19:57:51,2025-07-21 19:57:51
39838,46123,1,1,2025-07-21 20:06:07,2025-07-21 20:06:07
39838,47276,1,0,2026-05-20 22:00:38,2026-05-20 22:00:38
39838,47732,2,0,2026-05-20 21:54:03,2026-05-20 21:56:08
39866,35575,1,1,2023-08-08 13:03:45,2023-08-08 13:03:45
39935,39628,1,0,2023-08-17 20:40:29,2023-08-17 20:40:29
39945,35222,1,1,2023-08-19 06:01:16,2023-08-19 06:01:16
39945,39498,1,0,2023-08-19 06:02:18,2023-08-19 06:02:18
39952,39851,1,0,2023-08-24 01:00:35,2023-08-24 01:00:35
39992,37193,1,1,2023-08-26 19:18:00,2023-08-26 19:18:00
39996,31561,1,1,2023-08-27 11:37:37,2023-08-27 11:37:37
40030,40023,1,0,2023-08-31 17:27:55,2023-08-31 17:27:55
40036,40023,1,0,2023-09-01 06:46:56,2023-09-01 06:46:56
40046,40044,1,1,2023-09-02 08:10:55,2023-09-02 08:10:55
40049,32729,1,1,2023-09-02 19:27:07,2023-09-02 19:27:07
40056,31105,2,1,2023-09-04 04:55:19,2023-09-04 04:57:04
40072,40023,1,1,2023-09-13 13:07:39,2023-09-13 13:07:39
40072,40082,1,1,2023-09-13 13:27:24,2023-09-13 13:27:24
40073,40306,1,0,2023-09-29 00:24:20,2023-09-29 00:24:20
40073,40363,1,0,2023-10-06 00:45:54,2023-10-06 00:45:54
40073,40365,1,0,2023-10-06 00:44:32,2023-10-06 00:44:32
40073,40474,1,0,2023-10-27 00:29:08,2023-10-27 00:29:08
40073,40783,1,0,2023-12-15 01:27:25,2023-12-15 01:27:25
40073,40909,1,0,2024-01-05 01:11:48,2024-01-05 01:11:48
40073,41036,1,0,2024-03-21 23:40:57,2024-03-21 23:40:57
40079,34518,2,2,2023-09-06 08:29:13,2023-09-06 08:56:37
40094,40245,1,0,2023-09-27 16:11:56,2023-09-27 16:11:56
40108,34912,1,0,2023-09-08 23:13:56,2023-09-08 23:13:56
40108,38224,1,1,2023-09-08 23:09:49,2023-09-08 23:09:49
40110,34124,1,0,2023-09-09 10:39:21,2023-09-09 10:39:21
40127,40021,1,1,2023-09-11 01:19:27,2023-09-11 01:19:27
40152,1090,2,0,2023-09-14 03:43:28,2023-09-14 03:48:15
40155,40152,1,0,2023-09-13 10:24:56,2023-09-13 10:24:56
40160,35627,1,1,2023-09-13 17:32:01,2023-09-13 17:32:01
40170,39891,1,0,2023-09-15 12:47:55,2023-09-15 12:47:55
40173,4847,1,0,2023-09-15 20:08:05,2023-09-15 20:08:05
40177,26184,2,1,2023-09-17 14:19:25,2023-09-17 15:00:26
40177,34061,1,0,2023-09-17 13:44:28,2023-09-17 13:44:28
40187,37896,1,0,2023-09-17 19:42:41,2023-09-17 19:42:41
40245,40094,2,0,2023-09-24 20:59:49,2023-09-26 04:25:18
40273,39984,1,1,2023-09-25 06:00:09,2023-09-25 06:00:09
40316,36561,1,0,2023-09-28 07:16:37,2023-09-28 07:16:37
40339,4847,1,0,2023-09-30 18:51:06,2023-09-30 18:51:06
40346,38151,1,1,2023-10-02 01:54:29,2023-10-02 01:54:29
40385,40376,1,0,2023-10-06 11:35:56,2023-10-06 11:35:56
40385,40538,1,0,2024-04-24 15:25:40,2024-04-24 15:25:40
40401,40057,1,1,2023-10-10 07:03:16,2023-10-10 07:03:16
40435,28806,1,0,2023-10-27 18:07:26,2023-10-27 18:07:26
40437,1090,2,0,2023-10-15 08:59:45,2023-10-16 07:57:34
40437,10074,1,0,2023-10-17 04:45:08,2023-10-17 04:45:08
40437,39416,1,1,2023-10-16 18:14:41,2023-10-16 18:14:41
40448,34912,1,0,2023-10-18 20:29:28,2023-10-18 20:29:28
40478,1090,1,0,2023-10-21 16:32:08,2023-10-21 16:32:08
40500,37722,1,1,2023-10-24 20:38:55,2023-10-24 20:38:55
40610,35575,1,1,2023-11-07 18:19:46,2023-11-07 18:19:46
40622,40143,1,0,2023-11-10 17:42:53,2023-11-10 17:42:53
40623,34912,1,0,2024-06-10 18:30:38,2024-06-10 18:30:38
40637,37513,1,1,2023-11-13 05:52:19,2023-11-13 05:52:19
40675,40653,1,0,2023-11-20 15:39:45,2023-11-20 15:39:45
40682,4847,2,0,2023-11-20 08:37:47,2023-11-22 10:53:14
40710,31333,1,1,2023-11-25 15:23:26,2023-11-25 15:23:26
40726,23007,1,1,2023-11-27 17:25:53,2023-11-27 17:25:53
40772,37003,1,0,2023-12-12 09:29:48,2023-12-12 09:29:48
40777,37003,1,0,2023-12-04 07:26:28,2023-12-04 07:26:28
40792,34619,1,0,2023-12-06 09:11:58,2023-12-06 09:11:58
40792,40086,1,0,2023-12-06 09:50:49,2023-12-06 09:50:49
40835,35575,1,0,2023-12-12 20:35:05,2023-12-12 20:35:05
40863,1090,1,0,2023-12-15 19:46:07,2023-12-15 19:46:07
40918,36748,1,1,2023-12-23 01:33:35,2023-12-23 01:33:35
40935,38538,1,1,2023-12-26 10:33:20,2023-12-26 10:33:20
40980,40772,1,1,2024-01-01 15:41:37,2024-01-01 15:41:37
41030,39838,1,0,2024-01-09 15:49:25,2024-01-09 15:49:25
41030,41028,1,1,2024-01-07 12:34:23,2024-01-07 12:34:23
41036,41028,1,1,2024-03-18 15:57:11,2024-03-18 15:57:11
41039,41022,1,1,2024-01-08 20:19:58,2024-01-08 20:19:58
41058,39162,1,1,2024-02-09 21:55:10,2024-02-09 21:55:10
41097,40245,1,0,2024-01-18 23:53:14,2024-01-18 23:53:14
41124,34912,1,0,2024-01-23 19:53:39,2024-01-23 19:53:39
41148,34912,1,0,2024-01-26 06:36:43,2024-01-26 06:36:43
41160,31899,1,0,2024-01-28 08:57:22,2024-01-28 08:57:22
41208,28766,1,0,2024-02-02 21:49:40,2024-02-02 21:49:40
41258,34027,1,1,2024-02-13 21:08:44,2024-02-13 21:08:44
41258,37222,1,1,2024-02-11 14:01:00,2024-02-11 14:01:00
41318,31598,1,0,2024-02-20 18:38:54,2024-02-20 18:38:54
42383,41047,1,1,2024-03-01 00:23:50,2024-03-01 00:23:50
42443,42442,1,1,2024-03-09 21:47:21,2024-03-09 21:47:21
42470,38732,1,0,2024-03-15 18:00:04,2024-03-15 18:00:04
42490,40500,1,0,2024-03-19 15:44:48,2024-03-19 15:44:48
42513,39447,1,1,2024-03-24 17:47:36,2024-03-24 17:47:36
42587,40143,1,0,2024-04-03 18:45:53,2024-04-03 18:45:53
42628,39790,1,1,2024-04-09 22:55:20,2024-04-09 22:55:20
42634,37970,1,0,2024-04-10 17:08:00,2024-04-10 17:08:00
42701,35698,1,0,2024-04-21 00:27:00,2024-04-21 00:27:00
42712,28806,1,0,2024-04-22 13:13:16,2024-04-22 13:13:16
42729,38224,1,1,2024-04-24 06:45:33,2024-04-24 06:45:33
42755,28664,1,1,2024-05-22 19:08:24,2024-05-22 19:08:24
42755,29598,1,1,2024-05-21 21:14:21,2024-05-21 21:14:21
42775,4847,1,0,2024-05-02 14:47:42,2024-05-02 14:47:42
42861,32908,1,0,2024-05-14 22:27:04,2024-05-14 22:27:04
42924,29437,1,1,2024-05-23 11:32:46,2024-05-23 11:32:46
42925,35575,1,1,2024-05-23 11:55:22,2024-05-23 11:55:22
42937,42938,1,1,2024-05-26 17:33:38,2024-05-26 17:33:38
42973,29271,1,1,2024-05-31 20:51:21,2024-05-31 20:51:21
42976,32709,2,1,2024-06-30 02:56:30,2024-06-30 03:01:51
42980,39891,1,0,2024-06-02 16:00:14,2024-06-02 16:00:14
43075,41196,1,0,2024-06-22 18:26:01,2024-06-22 18:26:01
43075,42784,1,0,2024-06-19 21:22:29,2024-06-19 21:22:29
43286,43162,1,1,2024-07-24 12:00:45,2024-07-24 12:00:45
43287,41049,1,1,2024-07-24 12:28:36,2024-07-24 12:28:36
43345,28529,1,1,2024-08-01 01:24:44,2024-08-01 01:24:44
43351,4847,1,0,2024-08-01 17:55:04,2024-08-01 17:55:04
43351,32889,1,0,2024-08-01 17:53:09,2024-08-01 17:53:09
43367,28527,1,1,2024-08-25 22:04:03,2024-08-25 22:04:03
43367,43302,1,1,2024-08-04 17:43:56,2024-08-04 17:43:56
43442,40374,1,1,2024-08-15 15:09:10,2024-08-15 15:09:10
43448,21800,1,0,2024-08-17 05:17:04,2024-08-17 05:17:04
43584,43364,1,1,2024-09-10 07:57:54,2024-09-10 07:57:54
43636,40746,1,1,2024-09-22 02:30:48,2024-09-22 02:30:48
43670,43668,1,1,2024-09-26 04:37:45,2024-09-26 04:37:45
43699,28078,1,0,2024-10-02 05:44:19,2024-10-02 05:44:19
43990,40890,1,1,2024-12-03 16:49:09,2024-12-03 16:49:09
44118,34912,1,0,2024-12-28 14:03:03,2024-12-28 14:03:03
44377,40522,1,1,2025-02-13 16:23:18,2025-02-13 16:23:18
44413,35156,1,1,2025-02-20 09:48:16,2025-02-20 09:48:16
44646,35156,1,1,2025-04-25 17:04:14,2025-04-25 17:04:14
45965,34912,1,0,2025-06-20 16:40:15,2025-06-20 16:40:15
46023,46022,1,1,2025-07-01 17:37:06,2025-07-01 17:37:06
46071,41022,1,1,2025-07-07 11:36:02,2025-07-07 11:36:02
46473,28526,1,1,2025-09-17 09:54:36,2025-09-17 09:54:36
46508,38589,1,1,2025-09-21 19:26:57,2025-09-21 19:26:57
46816,46702,1,1,2025-11-18 12:13:25,2025-11-18 12:13:25
46971,29396,1,1,2026-01-19 11:39:25,2026-01-19 11:39:25
46971,40365,1,1,2026-01-24 20:51:50,2026-01-24 20:51:50
47251,29938,1,1,2026-02-19 02:09:52,2026-02-19 02:09:52
47251,45886,1,1,2026-02-19 02:14:34,2026-02-19 02:14:34
47615,23380,1,1,2026-05-04 04:04:49,2026-05-04 04:04:49
48554,43820,1,1,2026-08-25 05:19:44,2026-08-25 05:19:44
