post_id,x,y,topic,title
32633,-2.327973,6.642662,3,Key looping in Vigenere
32634,4.0807076,6.772919,13,"Recover.c; Need explanation about how to implement ""write 512 bytes until the new jpeg is found""?"
32639,4.318892,5.74737,4,Recovered image does not match pset3
32642,3.8123765,6.722454,9,Why would this expression always return true?
32644,2.679215,-1.3790323,6,"pset8 finance: Problem with calculaton for ""/sell"""
32649,1.8739768,3.2584987,0,Installing check50 gives error - check50: command not found
32651,2.4045963,0.041921318,12,How do I select a specific part of the database
32653,2.2948666,2.8400056,0,How will I run CS50 IDE after June30
32655,2.9717152,-1.3513308,6,"pset8 finance check50 fails on ""checking that ""56.00"" is in page"" even though it is in the page"
32657,-0.08331104,2.868249,0,Check50 has Blank Output
32658,0.7221888,9.794562,1,I keep getting seg faults when running code
32661,5.9293323,4.1842766,11,PSET3 Resize -resizes correctly Byte... doesn't match
32663,0.14176899,2.0836434,0,"PSET 6: Sentimental [Mario.py(less)]: How exactly do I ""reject input"" in Python as specified in check50?"
32665,2.6817422,0.17224662,12,"in the register function, I need help understanding why db insert works to get id for session[""user_id""]"
32666,3.2492428,0.046359655,12,"pset7 survey - for loop to give alerts not working properly, why not?"
32669,6.1567984,4.4399233,11,Resize ( more comfortable )
32671,2.160033,-1.2244216,6,Update portfolio on duplicate id and stock
32672,0.4164431,10.577803,1,I don't get these errors
32677,0.3102338,10.606723,1,speller returning random stuff
32678,2.421616,3.6176841,0,"Mashup, InfoBox not opening"
32679,2.8275585,0.1946021,12,Getting an error in register. Can someone help? Better explanation below
32688,-0.035647795,4.2973223,0,Pset1 mario only executing do-while loop
32689,0.2010718,4.0223947,0,Doing mario.c less comfortable one step at a time
32691,-1.3217794,5.993103,0,CS50 Bleep Incorrect Output
32693,4.8864875,6.44626,13,CS50 Recover image does not match
32696,-2.2860858,6.603497,3,PSET 2 Vigenere - only getting symbols as output
32697,-0.684406,6.290642,9,How do I make the loop come true to me from every letter of the word?
32699,2.3037288,-1.1173341,6,Getting an error in buy function. Don't know how to fix it. Can someone help? More detail below
32701,1.9655321,-0.07781708,6,Trying to fetch data in HTML tags and translating it and merging back
32703,0.10130021,4.330082,0,Struggling with Mario (less comfortable) loop conditions
32706,0.5195983,0.3374786,15,Can a select return nothing without causing an error? How do I create a if condition that returns True if the database is empty?
32710,1.528042,1.9992589,0,Issue with psycopg2 dependency - pg_config executable not found on Mac OS
32712,0.4757063,0.34290877,15,Getting an error in my code. Can someone help? My main question is can a select statement return an empty list without having an error?
32714,1.9302496,1.6894418,16,What are the challenges when setting up your dev enviroment for Project 1 (MacOS)?
32716,2.6290934,0.17021935,12,Getting the server to remember a user display name (cs50W project2)
32717,1.6777371,2.5558288,0,"I've submitted a problem to gitHub but when I click check50 it says: ""There are no results to display"""
32720,0.075293474,9.919691,1,"Pset5-- program isn't checking all words, marks all words it checks as misspelled"
32722,6.00296,4.273848,11,Where am I going wrong with this resize?
32728,0.6239435,0.25484192,15,How to run a command (like apology) inside of db.execute? PSET8
32730,2.2525203,3.0207918,0,Add a file containing the images inside IDE
32734,2.2813857,0.4449646,17,pset 7 survey: trying to redirect to /sheet returns invalid syntax error
32735,-0.025256818,10.344442,1,CS50 pset 4 speller - qualifies for bigboard
32740,-2.078094,6.4514017,3,Help with weird bug in pset2 vigenere
32741,3.2133675,0.036097042,12,"pset8 finance ""/check"": Dont understand how the JS code works"
32745,2.54775,2.854139,0,phpliteadmin is constatly loading and won't open pset8
32746,0.8138307,10.431306,1,Segmentation fault - Speller
32749,2.231155,10.070957,1,Valgrind passed (no leaks) but CS50 check fail
32750,1.4444829,10.409638,1,"Failing last check on memory errors - ""program is free of memory errors"""
32754,-2.1619678,5.482076,3,PSET7 - Similarities - Won't Pass Substring Tests?
32756,0.7578657,9.535552,1,Speller Pset4 Hashtable Doesn't Have Correct Output for load function
32758,2.071141,-0.46277007,6,I am having trouble correctly rendering bought.html Can someone help? More details below
32760,-0.53801775,6.7798104,3,"PSET2, Caesar 2019: Validating Key"
32761,0.97305876,9.204741,1,"How to ""Insert into linked list for load function""? (pset4 - speller)"
32764,0.7553026,4.3361483,0,"I keep getting error: use of undeclared identifier 'n' when trying to compile mario.c. I am new to coding, my code is shown below"
32768,1.8148384,0.6012038,16,Instance of 'scoped_session' has no 'commit' member
32769,2.5370286,-1.3783927,6,How to tell if selling shares results in a negative amount pset8
32771,-1.5914571,3.1465595,5,cs50 pset 1 greedy algorithm
32773,2.7730808,-1.1817244,6,"pset 8 finance: "":( buy handles valid purchase"" fails"
32775,-1.9077457,2.2041826,5,Pset 1: Cash help
32777,1.1687857,9.814946,1,"Unload works on small dictionary, but not on large? (speller.c / hash table method)"
32781,5.94196,4.5276775,11,Is scan line not moving to the next line? I'm badly stuck. Please advice
32782,5.948064,4.2549486,11,PSET3 Resize (Less) - works in debug50 but segmentation error when executing
32784,-2.1439521,2.3721852,5,Pset1 cash.c Can't seem to wrap my head around it
32785,3.2197316,6.601377,4,problem with recover.c using malloc and fread
32788,3.9779837,6.2089944,4,"Pset3 recover __ How can I read and store data from card.raw to an array, and print this data-array byte by byte?"
32792,-1.9739975,2.2586052,5,python pset1 cash problem
32793,0.23979066,10.457115,1,All words are returned misspelled
32796,0.26427317,10.342881,1,Pset 4: Speller (trie) - misspelled words
32797,0.26974875,4.146347,0,"Can’t see my error on Mario for loop, rows won’t execute!"
32798,2.0135643,3.4470615,0,CS50 IDE now CS50 IDE Beta all files missing
32799,1.9435259,0.9256892,17,Cannot run Flask - TypeError
32802,1.6075784,1.1869235,17,PSET 6 [Similarities - less] How is the compare file accessed in this problem since it is not imported to application.py
32803,5.9390125,4.2149873,11,PSET3: Resize (more comfortable) - What am I doing wrong?
32804,1.884463,2.6229348,0,How do I submit all my problem sets for evaluation?
32815,2.1339407,0.6043402,17,How to pass value from HTML to python?
32816,-0.56379,6.8669753,3,"Stuck on Caesar, analyzing command line arguments"
32820,2.7463772,-0.8259115,6,pset8 New errors without changing any old code
32823,2.817738,-0.643858,6,My CS50 Finance Lookup stopped working on 15 Jun 2019. Is there trouble with the API?
32825,2.7655325,-0.954539,6,I am getting an errors in the code no idea how to fix them?
32826,0.8565824,4.999732,14,Move function do not working
32828,-1.9413303,2.3162901,5,Why removing a printf function messes up with my code? CS50 pset1 cash greedy challenge
32831,4.2341504,6.788589,13,Need help with recover
32833,2.7731555,-1.3013185,6,pset 8 finance: :( sell handles valid sale
32835,4.4283853,5.572273,4,pset3 Recover - problem with final image
32837,-0.62079567,6.498016,3,Why am i not getting an error when trying to overflow a signed integer in cs50 sandbox?
32839,0.28787422,3.373083,0,Check does not like my spacing on Mario.sentimental. Is the program unwilling to print ' ' * 0 as no spaces?
32841,-2.1143625,6.197849,3,"PSET 2, Issue with crypt function output"
32843,4.4052043,5.5420547,4,"pset3 recover, only get 49 jpgs and all are wrong by check50, but look correctly"
32845,2.5681117,-0.013458056,12,"I have some code below getting error from session[""user_id""]. What is causing the error?"
32846,2.0421963,0.016017167,6,Pset7 survey table not loading
32848,1.9305295,-1.1046722,6,Pset8 Finance problems with SQLite inserting into a table
32850,6.213602,4.4755,11,Need help finding bug in resize
32853,0.6613782,4.3565016,0,MarioLess - declaration shadows a local variable error
32855,3.3484862,6.478752,4,Fread doesn't return new values to buffer - recover - pset4
32857,4.347738,5.866161,4,pset4 recover - doesn`t recover all files
32860,2.4593055,2.9326515,0,"CS50 IDE doesn't load but keep saying ""Preparing your environments"""
32863,0.056093477,10.437724,1,Speller Trie not reading apostrophes?
32867,1.3405641,10.47779,1,"cs50 pset4 speller trie word too long ""index 46 out of bounds for type 'char [46]'"". Isn't that handled by the code already written?"
32869,2.6448133,2.3609488,0,CS50 IDE Serve isn't working
32872,2.0566635,-1.1662486,6,"pset8 c$50 finance /buy - transactions RuntimeError: (sqlite3.OperationalError) near ""''"": syntax error"
32874,2.6794112,-0.997019,6,"I know how to fix the code but why in index.html does len(session[""user_symbol""]) return 0?"
32875,0.90512705,10.2438345,1,:( qualifies for Big Board CS50 pset4 speller
32877,4.2090917,6.0936637,4,Pset4 recover.c fwrite if header is not found but already found the first jpeg
32879,-1.0575647,5.7845507,3,PSET2 Vigenere: Control may reach end of non-void function error
32882,2.7472224,7.5175986,4,"PSET3 Recover: My code works when I make the buffer an array, but not when I use malloc"
32885,1.9293478,3.3757508,0,New IDE won't alow me to check staff solutions
32887,-2.3033166,6.63309,3,I'm confused on list setup and use for vigenere.py
32890,0.26344648,9.537132,1,PSET4 speller can't use strcasecmp() function
32892,1.4106199,5.8988914,1,question about dictionary.h in pset4
32895,2.272321,9.864022,1,PSET4 unload() don't work
32897,-2.2193582,6.538068,3,"PSET2 Vigenere: Output bug, keyword loop going over strlen of key"
32902,2.3414383,-1.3571144,6,finance how to compare requested shares to shares owned
32904,5.880231,4.155801,11,pset3 Resize - Invalid or unsupported Image Format
32906,1.0238218,10.508442,1,"Speller(hashtable method), long delay in output, and check50 not working"
32909,-0.36478573,9.830836,1,pset4 speller - Check50 constantly returning errors
32912,-0.7545588,4.4644794,3,CS50; PSet1; Don't know how to connect for loop with user's input + expected identifier or '(' error
32914,-2.0823834,5.6271634,3,cs50 Similarities PSET6
32915,3.1314793,-0.18368791,15,PSET7 Survey Submit50 not recognizing select menu
32918,1.7673075,2.6109602,0,"cs50mobile, project0 sumbission, 1/1 but says no correct answer"
32919,0.4559223,9.587591,1,"PSET5 2018 Occupied By Speller, PSET5 2019 Is Homepage... What to do?"
32921,2.6398416,0.804426,17,cs50web socketio : broadcast does not include the sender
32922,2.5449986,1.5448321,17,How to Edit and Save Homepage
32926,2.8237257,1.3612278,17,CSS File Not Being Executed In HTML Link
32927,1.8503118,-0.07919616,17,Final project (very similar to Finance) : How can I delete selected row of table?
32930,0.32747683,3.7919314,0,":( rejects a height of 9, and then accepts a height of 2 expected exit code 0, not 2"
32933,1.893237,10.488727,1,Pset4 Speller (valgrind)
32935,2.7346334,-0.8115398,6,"Pset8 finance, index not working after migrating to new IDE, why?"
32937,2.465891,1.5492622,17,Home Page Specs: 4 Linked Pages are Homemade or Pre-made Public Offerings?
32938,5.8609457,4.166923,11,"CS50 pset3 i want to resize this image, code is working for some and not for others? Can anyone tell me whats the problem?"
32942,4.3360124,5.9309874,4,PSET3 Recover - Creating only textfiles for .JPG not images
32944,2.8919125,0.10653917,12,C$50 Finance Registering Error
32946,-0.7060114,6.9559803,3,Validating the key in PSET2 caesar?
32949,5.884617,4.141358,11,resize : pset3 not all colors are appering after resizing
32951,-2.1954513,5.5313773,3,Where am I going wrong in Similarities: Substrings?
32952,3.1961038,-0.016804479,12,Finance /Check Username=undefined
32956,-1.4665657,5.3246803,8,Week 2 CRACK: Erratic behavior with NULL '\0' when printing combinations of letters
32961,4.653468,6.6594896,13,"jpg's are not proper, mix of multiple images. Can anyone tell me whats wrong?""RECOVER"""
32963,2.7325325,1.6795218,4,PSET5: Serve Greyed Out/ CSS Changes Not Reflected on Page Despite Saves
32966,-0.7595458,6.978149,3,PS2 Caesar having trouble validating key
32968,1.7824794,1.4916749,17,CS50 Web Development Project 2 Attribute Error: module 'engineio' has no attribute 'WSGIApp'
32969,1.7027761,0.80247474,16,AttributeError: 'module' object has no attribute 'current_app' in AWS Cloud9
32974,1.5377687,10.368849,1,Speller - Valgrind - Blocks Are Still Reachable
32975,0.5104841,6.324715,9,"While defining a string using char*,how does it know where to stop?"
32976,0.007751947,6.603174,3,What does argc and argv have to do with cryptography? Why are we learning about these arguments?
32977,-0.17369963,10.000331,1,pset4/speller/trie
32978,-0.64129794,7.016534,3,pset 2 need help validating key on argc argv
32983,4.2338605,5.653129,4,Pset 3 - Recover - Image does not match
32984,1.8967179,10.131797,1,pset4 speller - can't pass valgrind test - 32 bytes still reachable
32987,-2.2590816,6.5833063,3,PS2 Vigenere not shifting upper and lowercase correctly
32988,2.2286696,-1.2495227,6,"Pset8 Finance - Sell - Fails to update user's cash in ""users"" table, and fails to insert sold shares into ""portfolio"" table"
32990,6.111785,4.3444777,11,pset4 resize: setting bfSize and biSizeImage hexadecimal values
32996,-0.7043745,6.7252307,3,"Validation bug on caesar, repeating loop error for more than one digit key"
32999,-2.2944076,6.62934,3,"Help with PSET2, Vigenère - Final Steps"
33002,-0.61814773,4.3155727,5,CS50 Pset1 credit
33005,2.4928434,2.943426,0,"my IDE keep saying ""preparing your environment """
33007,6.1665797,4.3807364,11,pset3 Resize: Header values not copying into outfile
33008,-1.9171103,2.177722,5,Pset 1 .cash weird expected output
33012,1.9631027,10.061302,1,Memory error -Valgrind
33014,6.045771,4.303905,11,I can't figure out the problem in my resize (more) code
33017,3.078731,0.05064375,12,Pset8 - Check - Cannot get duplicate username to give javascript alert (that user must choose other username)
33018,2.339543,2.7008407,0,Logging in ide.cs50.io -- 500 Internal server error
33020,2.058692,0.7213383,16,DeprecationWarning: 'werkzeug.contrib.cache' is deprecated as of version 0.15 and will be removed in version 1.0
33025,2.0026402,10.09579,1,valgrind() causing IDE to shut down
33026,0.13462712,6.2210517,9,How does compare2.c work?
33029,-0.7604781,6.1272054,9,Why is strlen unexpectedly increasing on iteration 7?
33031,4.8424463,6.508375,13,What's wrong with this recover code?
33033,1.003856,6.753915,9,Intuition for what is statically allocated memory vs dynamically allocated memory
33038,2.80124,-1.3219016,6,pset 8 finance :( sell handles valid sale
33039,2.300866,3.1392393,0,"""Disk quota exceeded"" when migrating to the new AWS-based IDE"
33042,1.6552695,6.6173587,14,UndefinedBehaviorSanitizer:DEADLYSIGNAL ERROR The signal is caused by a WRITE memory access
33044,1.9238408,1.6681699,17,Cs50 Web Programming - How to autocomplete - Project 1
33045,0.5751844,9.701491,1,PSET 4 - Speller The load function
33046,0.16903798,9.927694,1,PSET 2 - Crack - A way to improve?
33047,6.08293,4.2904434,11,PSET3 - Resize (Less) : Random colours being printed?
33048,1.4335771,5.796507,4,"In pset3, why do we write #include ""bmp.h"" and not #include <bmp.h>?"
33052,-0.19285853,5.2470636,9,While Loop in C only executing once and then stopping
33055,1.7984962,10.389239,1,Valgrind error on speller
33058,2.6815448,0.0053837067,12,"finance, how can I keep user log in"
33061,5.915316,4.1617618,11,Resize less confortable pset3. Result seems ok if open as hexadecimal but the print result is cropped
33063,2.461471,-1.0253748,6,CS50 Finance pset8 KeyError on /buy of application.py
33065,1.8397139,1.1587882,16,"""'werkzeug.contrib.cache' is deprecated"" error when running Flask"
33066,0.28537583,10.092014,1,PSET 4 - Speller: Every single word is misspelled
33070,1.7884594,10.255405,1,Speller - Memory allocation
33072,1.3962181,2.8831444,0,How to Map from 2018 to 2019
33073,2.4706316,3.1278782,0,"CS50 IDE stuck at ""preparing your environement"""
33076,2.6094582,0.46658027,12,OSError: [Errno 99] Cannot assign requested address in pset7 2019
33078,5.8189993,4.1130476,11,resize pset3 i'm having a problem with the downsizing
33080,6.029046,4.2808194,11,CS50 - Pset3 - Resize (Less) - Wrong Bitmap Size
33082,-1.2488092,5.1838875,3,"Hello.c pset1 problem, syntax error near unexpected token `(' and User input problem"
33083,2.2285495,-0.7610616,6,"When displaying price in index.html if there are 2 shares,"
33086,6.037788,4.2758136,11,Taking scale factor input in Resize--pset3
33088,1.9901384,3.5600386,0,update50: command not found in CS50 IDE
33090,5.99584,4.2692747,11,PSET3- Resize (Less)- Problem resizing horizontally
33091,0.09661255,10.322106,1,PSET4 Speller(hashtable) cs50 2019 HELP!
33096,4.28809,5.3331833,4,pset4: check50 say that recover.c compiled with an exit code of 1 and not 0
33098,2.2674081,-0.35671705,12,Missing value for placeholder user_id pset8 history
33099,-1.1815655,5.459881,8,How do I make this work if user inputs uppercase words that are in the banned text? It only works if it matches exactly how it is in the text file
33102,1.6915388,10.533927,1,Speller(hashtable) VALGRIND ERRORS!
33104,0.11967018,3.9867024,0,pset 1 Mario code starts with an empty row
33105,1.3626555,2.7129617,0,old version of submit50 preventing check50?
33108,0.1922636,9.89263,1,"CS50, pset2, crack, suggested dictionary file"
33109,1.584347,2.6480625,0,what just happened after check50 update
33111,0.3825314,10.572079,1,I can't figure out what's wrong with my speller (hash) code
33113,-2.2564757,6.5634646,3,Output issue with pset 2 Vigenere
33115,5.8075533,4.150336,11,cs50 pset3 resize less
33122,1.7988129,10.174351,1,Speller (hash) memory leak?
33124,2.2567933,2.7817798,0,"CS50 final project, problem with submit50 in offline IDE"
33125,1.1425848,3.0421855,0,pset5 submit50 slug
33128,-2.2424102,6.4778314,3,Still having issues with Vigenere pset 2 problem 2
33129,2.4324908,-1.0756266,6,In the buy function the variable float(stock_total) will not convert to float. Can someone explain how to fix it? Also what is causing the problem?
33130,2.0558674,10.290767,1,[SOLVED]PSET4 Speller (hash): error with substrings and memory leak
33133,2.4965715,2.2050908,0,How does the cs50 video player update the url in real time?
33134,1.6906729,2.62459,0,do they review your assignment and gave you grades if you audit the course?
33137,5.9724693,4.2061124,11,PSet3 Resize (Less) = Random Colors when not 1:1
33140,6.029819,4.483867,11,PSet4 / Resize / Less: When to put the pointer back to the beginning?
33142,4.002877,6.2218337,4,Pset 4--51 files created instead of 50
33145,2.0330033,-0.3094185,6,how to make a history table pset8
33147,-1.8929911,6.4059787,3,"it is running fine except of (ie key: baz ,plaintext: hello, world! ,cipher should be: iekmo, vprke! , my cipher is: iekmo, wnslc! ..thanks in advance"
33148,5.84734,4.1832232,11,pset3 resize less
33149,-0.5443077,6.6377816,3,CS50 Problem Set 2 Code Not Fully Executing
33153,1.0725102,9.434733,1,Pset5 speller load returns member access within null pointer of type node
33157,1.418969,10.50587,1,speller check50 fails trying to check for memory errors but valgrind reports none
33158,1.8488623,2.5332842,0,Would remaking a past project be a valid Final Project submission?
33159,6.1815324,4.381384,11,"PSET3 Resize (more comfortable), resizing f > 1 correctly, but pixels are different colors. Does not work when f < 1"
33160,1.5391854,2.3805735,0,Encountering Error When Attempting to Update Submit50
33161,-0.5095403,6.9755063,3,PSet 2: Code successfully compiled but does not meet desirec requirement
33163,1.7376877,10.618586,1,"valgrind in speller unload says I am using a variable without a value, when I assign it in the previous line"
33169,-0.61297685,6.868872,3,PSet 2: How do I ensure that the entire string is checked before printing a statement
33171,2.8358903,0.031819314,12,Finance register function does not insert data in database
33172,1.9854366,1.103114,17,Getting a phishing warning when running flask on cs50 IDE
33176,0.27070937,6.258234,9,c:30:25: error: invalid operands to binary expression ('char *' and 'string' (aka 'char *'))
33179,9.828754,3.2305071,2,"i have tried it with small diffs a lot of times.i feel more comfortable about this, but still not working.what am i doing wrong??thanks in advance"
33181,-0.39826083,9.764149,1,pset5 speller IDE and check50 show different outputs even though theyare run with the same code
33182,-4.449111,4.7049494,18,Why are algorithms mentioned in week 2
33187,6.1667714,4.3839054,11,Problem with CS50 Pset3 Resize Less
33191,2.556943,-0.8426431,6,C$50 Finance Buy and Quote not working
33194,1.4072155,5.9910502,9,What are primitives?
33196,2.6260984,4.4100056,0,CS50 Recover Issue
33198,2.7170122,4.4939647,0,"CS50 Recover compiles, but doesn't compile on check50?"
33200,-1.3655412,6.6678624,3,My solution to Pset2's Caesar works but I only got 40% on it. Why?
33202,6.039871,4.271568,11,"In CS50 pset3 resize (less), the bfSize and biSizeImage are different than the correct values. Why?"
33203,2.6921175,-1.0912235,6,I can't seem to fix or find the error in finance. Can someone help? I realize in index.html the if condition needs to be fixed
33206,0.08117173,3.5450792,0,mario (less) getting 53% score
33209,2.037799,0.7801404,17,pset7 similarities throws a 400 error when submiting
33210,-0.31637865,2.8907783,0,"I get 5/11 on check50 after submitting vigenere, even though my actual output and expected output are the same. Can someone please help me?"
33214,2.3051608,-0.033511918,6,When I type in a random stock symbol for quote.....it says internal server error. I did not understand what the error was.Please help
33217,-1.8575901,2.5475178,5,Modulo math and while loops in cash.c
33219,2.2019355,-0.6671306,6,db_stock_info in the for loop is not displaying in index.html. I can't figure out why any help appreciated?
33220,-1.0997745,4.4158673,8,pset 6 similarities more '<' not supported between instances of 'str' and 'int' error while compiling in helpers.py distances
33224,2.2392104,7.1695733,4,Pset4 'Recover' - Help! How can I solve this segmentation fault?
33225,0.14422841,2.3497963,0,"The test shows this failure: expected exit code 0, not 4"
33228,-2.2281594,6.562246,3,Case sensitivity of keyword in pset 6 Python Vigenere
33230,6.0648003,4.44209,11,What does the loop for padding do in Resize(less)?
33233,-0.7194608,5.8102794,3,Pset2 Vigenere: Control reaches end of non-void function
33237,2.13277,3.1577137,0,pset4 WHODUNIT Is there a way to wget the files on the CS50 IDE?
33240,2.1113665,2.6425302,0,cs50.me problem
33241,1.6124296,4.8684654,0,Speller/Trie issue
33245,-2.1666672,6.4878798,3,Pset2 Vigenere some flaws in the code
33247,2.5109184,-0.8798816,6,in finance I want to go to page if the user clicks a page link. An ex is if I click on sell go to sell else go to sold Is this possible?
33249,-2.1760135,6.2397947,3,I'm stuck on cs50 pset2 - crack
33253,-2.9008026,1.6727078,5,Help in PSET1: Credit. Check50 not showing up
33255,-0.3466331,5.656203,9,"How do I change the value of ""a"" via ""b""?"
33257,1.7345016,10.090407,1,Problem with pset4 2019 trie dictionary
33259,2.8822625,-1.1828095,6,When I click on the sell button in sell.html it doesn't do anything. Why is post sell in application not activating?
33261,-0.9104791,6.3599343,3,Python syntax issues
33263,-2.3356335,6.572867,3,Vigenère wrap around
33265,-2.2118433,6.267246,3,Question about PSet 2 Crack
33267,4.268688,6.660371,13,Stuck on recover for 1 month - a couple of issues
33268,6.110154,4.3433256,11,Pset3 Resize - image has more bytes than expected
33269,-0.44033548,6.668597,3,Caesar - Validating key using isdigit
33272,0.52131015,5.137351,14,Error message: 21:9: error: expected expression else
33274,2.169976,-0.7538356,6,"How do I get the symbol from sell.html in the drop down menu? I tried request.form.get(""symbol"") but get none"
33276,0.5774361,10.418664,1,Speller/Trie issues continued
33279,5.877173,4.1207027,11,PSET3 Resize (more comfortable) do not understand why code is not working
33281,-2.1720948,5.5803103,3,PSET 7 similarities substrings function seems ok but dont pass test
33283,0.7344813,6.441627,9,Understanding pointer variables
33285,3.0611434,-0.092343785,12,PSET 8: Finance /check
33289,3.289258,0.07585419,12,javascript not running in pset7 survey
33290,-0.23918504,5.7213364,9,Arguments of the main function
33292,6.2582746,4.490063,11,I don't understand how to change header info and how it is implemented
33293,1.9719157,3.7056496,0,How does one compile Java on the CS50 IDE?
33295,3.00334,-0.7096269,6,check50 finance button not found
33299,4.366766,5.723939,4,"PSET3 Recover generates 50 files, but they are only 0-50% complete. Review appreciated"
33300,0.39393452,6.2768807,9,I keep getting an error: incompatible pointer types passing 'string' (aka 'char *') to parameter of type 'string *' (aka 'char **')
33301,1.8904285,-0.043978333,6,survey : ValueError: too many values to unpack (expected 4) in template sheet.html
33306,3.1695466,6.8515806,1,Recover: Fatal error: glibc detected an invalid stdio handle
33313,2.0274844,-1.1419529,6,"PSET8 Finance - Foreign key mismatch - ""portfolio"" referencing ""users"""
33314,-1.3246325,5.7256804,3,In the CS50 IDE is there a way to change all the names of one variable at once?
33316,5.950919,4.1898346,11,PSET3 resize vertically help
33319,-1.3525059,6.6366158,3,Caesar in Python
33320,-0.42247605,9.797127,1,"Check50 issues, Pset 4, Speller"
33323,-2.3111796,6.645008,3,"I can't get my Vigenere code to skip spaces and punctuation, I don't know why"
33325,5.997003,4.320081,11,PSET4 resize recopy method. Help me understand
33327,5.979123,4.337304,11,Resize pset4 - Can someone check my code
33328,-2.3053117,6.588685,3,pset 2 CS50 2019 Vigenere
33330,0.6266539,10.406078,1,Speller w/ trie
33336,2.681427,0.7180636,17,Seding email with python smtplib
33340,-0.41240144,10.137568,1,problem with check50 in speller
33342,0.9512438,10.195391,1,dictionary.c trie: setting variable to NULL doesn't set element to NULL
33344,3.1900504,0.043562938,12,Javascript isn't running at all in pset8 check
33345,2.0815985,9.945643,1,PSET4 (Speller) malloc and calloc usage
33347,5.9455876,4.205385,11,Resize compliling but gives me grey and white blocks lol!
33348,0.2771527,5.721763,14,implicit declaration of function 'crypt' is invalid in C99
33351,1.3688899,2.9648194,0,style50 does not run on a Mac
33352,1.9773738,-0.029629044,6,confusion about CSVs and Jinja in pset7--generating a table
33356,0.582586,10.473734,1,dictionary hints?
33357,0.17984106,10.561318,1,Speller is returning all the words as misspelled while using a hashtable?
33359,2.0414627,-1.1162411,6,Why won't DELETE * FROM in sql work? i Guess I could delete each column individually. Further info below
33361,4.07325,5.6195297,4,CS50 pset3 recover
33363,2.3187475,-0.6026704,6,Pset 8 - usd and jinja
33364,2.5207396,-1.1896057,6,"line 541, in sell user_id = current_id coming back as an error, Why? Is it caused by global variables? Thanks"
33368,3.3190286,5.4798045,4,pset4 - Unsure... please gimme a hint? :P
33372,1.8083054,3.6029098,0,CS50 pset1 problems
33375,1.4254616,7.2186685,14,what's wrong here? i get an segmentation fault error and am i at the right direction?
33377,-0.4022919,5.77933,14,I have multiple issues with my code
33380,4.5645857,6.6317253,13,"Not Recovering the last ""Recover"" image"
33382,-0.28129458,5.4712644,9,Analysing Expected runtime
33384,6.07945,4.4793077,11,Need help on vertical resize
33385,1.9702184,-0.993829,6,unused variable error when trying to create separate table for each user's transactions in finance problem
33387,5.8369617,4.096307,11,pset 4 resize (less) Usage Error
33391,-0.49606538,5.78075,3,What's wrong with my code here?
33395,1.9410961,-0.20400374,6,I want to pass on itertools to jinja2 How do I do that? Is that possible? Anther possibility is I join the tables. But I am finding that difficult
33396,3.2702744,-0.10729052,12,"PSet 8, Finance, cannot submit or reset button on register"
33397,-0.7325933,6.9195433,3,"PSet 2: Caesar, validating key"
33399,1.609948,4.823321,0,clang-7: error: linker command failed with exit code 1 (use -v to see invocation)
34400,3.208807,6.4594774,4,How can I find out the size of what i have just read with fread()?
34405,1.6414068,0.79446256,17,API Goodreads issue with the book page
34406,-0.15751657,5.6671906,9,call stacks short vedio
34407,1.4641345,4.6993747,0,PSET1 clang hello.c
34410,1.0333929,9.091164,1,pset4(speller) - learn how to create a linked list
34411,1.0271409,3.8107057,0,how to answer whodunit questions
34413,-2.2754576,6.6867776,3,CS50 Week 2 Vigenere Problems
34420,2.9319851,-0.734793,6,Pset 8 Finance - check50 error
34421,0.25660196,3.8434386,0,Pset 1 mario (less comfortable)
34422,0.20797487,10.477076,1,CS50 [Speller_hashtable] my hashtable is weird!
34424,-1.220073,4.306926,8,"pset7 lines function returns ""TypeError: decoding to str: need a bytes-like object, list found"""
34425,2.241016,-0.5386363,6,Pset8 Finance - SELECT is blank
34428,2.436416,4.758235,0,Error on running recover
34429,-2.2995117,6.643155,3,"vigenere not working properly, addition is wrong"
34437,4.7305036,6.612142,13,Recover help - only 2 imgs are getting recovered
34438,6.2142034,4.4966254,11,resize less help needed please
34441,2.3057997,9.847959,1,"""Still reachable"" in Valgrind"
34444,1.0941734,8.891349,1,Help in linked datastructure
34445,2.0970001,2.5978155,0,Technical Problem - I am not able to submit any of my psets
34448,0.30743384,5.8374677,9,Confusion with understanding how new values are assigned
34450,5.832714,4.0821185,11,PSet 3 resize (less)
34452,0.5377422,9.799075,1,How Do I insert information into a trie?
34454,1.8554499,9.902986,1,Speller hash table - unload memory not working
34457,6.0645266,4.360392,11,resize less help needed
34460,0.29157227,6.2823334,9,I keep getting the message that 'non-ASCII characters are not allowed outside of literals and identifiers.'
34463,0.82600987,9.985318,1,Pset5 Trie Segmentation fault
34464,4.739179,6.585884,13,Recover produces 49 blank images
34467,0.46290362,9.999352,1,Pset4 speller segmentation fault in check functions when using larger files like holmes.txt
34470,10.452393,3.945989,2,"PSet 3: Help with colors for ""whodunit"""
34471,-1.7655597,6.214287,3,"In pset2, Vigenere, I made and used an array that I would like for it to be explained"
34472,1.5505416,10.118473,1,speller unload trie leaking memory
34476,6.138769,4.537507,11,resize.c write to array
34477,4.387466,6.710545,13,Can't debug recover
34480,0.1802363,10.493682,1,Speller (Hashtable) - traversing linked list returns null beyond first node
34481,0.7141992,6.8845816,14,Why do I get a sanitiser error when creating this node loop?
34484,0.883116,9.428957,1,Pointer initialization in Load function (pset4 Speller)
34486,2.0199058,2.663573,0,cs50web switch from submit50 to me50?
34487,2.6002567,3.8319726,0,debugger only check the first breakpoint then jump to the end of code
34489,-1.5125856,2.3666892,5,pset6 credit problem
34491,0.19682688,5.991892,9,Arrays and their sizes in C
34495,2.9120607,0.020053135,12,having problem in check() in cs 50 finance
34498,6.1634297,4.3617415,11,PSet 3: resize (less) bfsize error
34500,2.1009953,10.43604,1,Pset4 Memory Leak in Speller
34503,4.8210983,6.4876585,13,why is check50 returning error of lack of forensic image and some jpg not found
34505,5.924883,4.1481123,11,help with pset3: resize (less) resizing horizontally
34506,0.7520712,10.056606,1,Why is fscanf giving me an undefinedbehavioursanitiser error?
34511,4.0695434,5.562973,4,"pset3 ""Recover"""
34513,2.6801858,-1.2859708,6,Define buy or selling function
34515,3.2283309,0.01785704,12,Pset8 Finance - request.args.get() is returning None in check()
34516,-0.08610774,10.3969,1,do not understand why check function checks new word against dictionary
34519,2.258618,3.6657968,0,how to switch to normal mode when using vim in CS50 IDE
34520,3.2470717,0.0031618583,12,AJAX form validation
34523,0.11175669,4.0551763,0,Stuck at pset 1 mario problem
34524,2.952159,-0.07479908,12,CS50 Finance Check/Register Issues
34527,5.9448566,4.1909795,11,What's wrong with my Resize (Less) code? Pset3
34530,2.9059663,0.112050146,12,CS50 Finance 2019 Check50 errors
34532,-0.2508835,9.640028,1,"Pset4 bool check, stuck while loop. Can anyone help me"
34533,2.0179965,-0.052472334,6,My jinja not working like it should pset6 survey
34536,-1.9970226,2.575419,5,Coin counter help
34538,0.62994385,5.3361197,14,Why the <p> need not be closed?
34541,-1.427456,6.6747284,3,Submit50 & Check50 not submitting most upto date version of pset
34542,0.08044835,4.02605,0,PSet1: Mario - Less Comfortable (Too many periods)
34545,6.211549,4.4664073,11,I'm stuck on Resize (Less). Please help!
34551,1.9720433,3.8755958,0,How to configure VS Code to compile C used in CS50?
34554,-1.3314393,6.636038,3,"(Caesar) My output is completely correct and satisfies every mentioned case, But my score is only 46%. Why?"
34555,-0.31378365,5.2668147,9,Prompt a user for a number. My code has an endless loop
34558,2.1383374,2.757869,0,How can I submit project0 using github?
34559,2.646857,0.7669648,16,smtplib.SMTP not working in IDE but works locally
34560,6.118602,4.293458,11,"CS50: 'resize less', problem with padding"
34561,0.12959413,4.3207793,0,CS50 mario pset 1 error: expected '(' after 'do/while'
34563,6.00414,4.256898,11,"pset4 resize size is correct, but the pixel colors are all wrong"
34566,4.3617263,5.683409,4,"Still stuck on Recover Pset3, but getting closer"
34569,2.3170028,4.2087946,0,CS50 Recover.c | No idea what and where i'm going wrong | Can't debug or compile in CS50 IDE
34571,-0.15041085,2.5452096,0,Finance DepricationWarning on Check50
34577,0.41393584,10.492395,1,"CS50 Speller - Load, Use of undeclared identifier"
34578,0.33688813,0.16337574,15,Substring SQL Search
34580,1.9989886,2.7343023,0,How do I get on the CS50 Slack page?
34581,6.212105,4.5216823,11,"What's wrong with saving the scanline array elements in my code for resize (less), Pset3 problem?"
34584,3.2566183,5.442186,4,Unable to access PS0
34588,-0.024819989,4.405261,0,Stuck on pset1 - error: expected identifier or '('
34593,-0.243196,5.8047175,9,How do you check if a number is integer as part of if statement?
34595,1.2631892,2.853725,0,Past submissions only showing on legacy submissions and update50 not working - please help!
34596,2.1538608,-1.219497,6,Finance: Can not Update and Insert to SQL
34601,-0.7952182,6.4263535,3,Output keeps changing with each execution of caesar (and none of them is correct)
34602,-2.1976757,6.50733,3,"pset2: ""vigenere"" missing output"
34605,1.4233736,0.36329773,16,Can't create table from postgresql through sqlalchemy in python
34607,-4.2834635,4.203157,7,Pset3: Plurality - Weird output!
34610,-1.7967651,4.3911796,8,Pset 2: Finding out readability level using Coleman-Liau index using C (CS50 2019)
34613,5.946723,4.1950884,11,Pset 3 Resize (less) Wrong Colors
34614,6.127616,4.446066,11,I need a little help with resize less comfortable (Please!) - There's a bug in my program
34620,0.2449799,9.929859,1,pset 4- check function not working if I close dictionary file
34622,1.7775587,7.186229,4,(Recover) Segmentation fault
34623,1.9440217,9.931908,1,"When I run valgrind, why do I see more allocs than the number of times I've malloc'ed memory?"
34626,2.2696028,0.8167965,17,cs50 project3: django multivaluedictkeyerror
34627,-4.8170304,5.0897417,18,Pset3: Tideman - sort_pairs error!
34628,1.1721288,8.904133,1,Declaring a typedef struct for linked list
34629,2.3553443,0.6619776,17,"Survey,clarification on What does methods=[""GET""] and methods=[""POST""] do?"
34633,6.198364,4.455627,11,CS50 Resize(less comfortable) I can't create OUTFILE
34634,1.8887521,9.374944,1,Declaring a node (a struct pointer) from a function
34637,3.1425533,6.2984223,0,Recover cs50 Please help!
34638,5.8969135,4.290412,11,Why is my cs50 resize not working?
34644,1.952945,1.0782031,17,How do I turn debug mode ON in flask?
34646,5.9381213,4.179846,11,PSET 3: Color is messed up
34649,0.5342311,10.452691,1,Line 71 of speller.c. Please help!
34650,9.126038,3.9885697,2,"How does RGBTRIPLE differentiate between the 3 bytes it reads from input file and assign them to rgbt blue, green and red?"
34651,3.766025,6.328627,4,pset3 Recover will not find the start of a JPEG
34652,6.201531,4.3761444,11,Pset3 Resize (less) - working fine except on small.bmp
34656,5.9193316,4.169078,11,pset3 resize less output messed up
34657,-0.9817017,6.368257,3,Unaccepted output with caesar
34658,1.0746684,-0.19811252,16,"Confused at the indexing of the list variable ""rows"" for example (if len(rows) != 1 or not check_password_hash(rows[0][""hash""])"
34659,6.0054755,4.2624035,11,bfSize error in check50 PSET3 Resize (less)
34664,5.914667,4.1596694,11,pset3 resize (less) resize vertically
34665,2.215293,-1.2511005,6,pset8 finance - 500 error when trying to UPDATE users table (updating users CASH balance)
34666,2.5713394,0.31365654,12,"Finance pset, register will not insert user data"
34674,1.2685133,10.227834,1,(solved) PSET4 - SPELLER (trie) - Segmentation Fault
34677,2.3245738,0.7339517,17,How does flask work
34682,-2.2728121,6.577558,3,Need help understanding Pset2 Vigenere and how to increment keyword only on alphas
34685,2.4326863,2.625525,0,Running to pset8 IEX API in IDE50 offline from UK may not work
34686,0.14470524,9.930953,1,Pset4 Speller (Hash table) word count only fails in check50
34687,6.0342155,4.7483506,11,writing pixels n times to array
34688,3.726028,6.3968334,4,PSET 3 recover I can't open pointers. Always returns a NULL value
34693,1.04113,3.8986454,0,No warning for incorrect 'PropType'
34694,-1.9898285,6.4992647,3,Unexpected ciphertext. When I use plaintext like meet at the park at pm. All characters are shifted
34696,1.1185135,-0.25692788,10,Iterate over a list of dicts and get key value pair of specific keys
34699,3.8059103,6.306502,4,Pset4 - Recover: Weird output
34702,2.3402681,-1.2455581,6,Can´t update the share values in cs50 finance /buy
34706,2.589138,6.608947,9,Why I am getting blank verdict on whodunit?
34707,1.2800814,7.1126766,14,Recover: Segmentation fault
34709,-1.0105276,6.3034086,3,Caesar - unexpected results - weird character added to cypher
34712,1.6586609,10.680299,1,Speller pset (check function) problem
34714,0.322463,10.492402,1,Speller TRIE - all words misspelled?
34717,2.4653897,6.560576,9,I could not get the desired output because when I click the verdict I could not find who done it
34719,-3.046823,1.7445729,5,Pset 1: Credit problem - Checksum?
34720,2.134396,0.6639434,17,pset8 2019 - jinja_env.filters error
34725,0.23134595,10.50293,1,Speller (hashtable) check-function marks everything as correct
34727,4.122124,6.04868,4,Having trouble getting recover off the ground
34730,1.0160546,2.7724354,0,pset7 similarities - 404 error
34733,1.7834635,2.45987,0,"Enrolled in 2018, upgraded for certificate in 2019, can I still get the CS50x certificate in 2020?"
34738,-1.3835727,6.6817255,3,Pset2 caesar: Issue with check50
34741,-0.36764634,10.257819,1,"speller (hash) - check50 showing ""handles substrings properly"""
34743,2.8101711,0.1328681,12,Why do i get a 400 error with finance login?
34746,0.30839223,2.9190016,0,pset1 submission issues
34748,1.8346502,0.41571543,0,Pset7: ModuleNotFoundError: No module named 'htmldom'
34749,-2.9001215,1.7509294,5,"pset1:credit, multiplication problem"
34751,0.090300314,10.032039,1,Pset4: dictionaries with hashtable -- every word is misspelled
34752,1.713874,9.986013,1,Stuck with Unload using trie
34756,6.014981,4.255218,11,Unexpected results on resize(less). I could not figure out how is not working the way it suppose to be. Please help
34761,3.2002518,-0.21170819,12,My JQuery doesn't do anything in /check pset7 finance
34765,1.147175,0.5238893,16,CS50's Web Programming - Unable to import books.csv file into database
34767,0.52752966,1.7714688,0,"cs50 Similarities, the relationship between compare and helpers.py"
34769,1.6194845,4.643717,0,Cannot Compile Due to Error in cs50.h
34770,2.3204234,3.25617,0,How to create a new Workspace in AWS
34772,0.1542523,10.471642,1,Speller (Hash) not handling substrings properly
34773,3.3189924,0.3382411,12,Very Basic JS Troubles!
34777,4.521754,6.7239504,13,Recover: Problem when writing info into image
34778,3.2268126,0.04359223,12,Problem with sending data to /check through $.get and then accessing it
34780,1.1677618,10.546873,1,Output hangs midway in speller
34783,6.163124,4.367816,11,pset3 resize (less) - double free or corruption (fasttop)
34785,-2.8685787,1.8393224,5,cant figure out whats wrong with my credit code
34787,0.20852633,10.540024,1,All words are misspelled in speller ( hashtable )
34790,3.0403998,-1.2895991,6,:( buy handles valid purchase Pset7 Why is this such a problem
34792,0.26122567,10.539435,1,trie speller works on custom dict but misses mispellings on large dictionary
34794,0.3122051,10.61767,1,Speller compiles but does not work
34795,0.2854708,2.1253831,0,style50 for python insists on putting two empty lines after comments
34801,1.3531842,9.628407,1,"Segmentation fault, speller trie pset 4"
34803,-1.4295694,2.2555258,5,"(pset1 cash) getting correct answer in terminal output, but check50 shows wrong output"
34806,-2.284078,6.650371,3,Problem Set2 (Vigenere)
34808,6.2329283,4.449685,11,"PLS help, not working"
34810,6.192152,4.4788837,11,PSET 3: Resize (less) malloc?
34812,-2.160165,6.276118,3,PSet2 Crack: crypt() returning same hash
34813,1.9729409,-0.058500763,6,"pset7 Survey data is displayed on one line, not as a table"
34814,4.243819,6.2211776,4,pset 3 recover - JPEGs don't match
34816,-0.3689678,6.9618773,3,"Pset 2 - ""undefinedBehaviorSanitizer:DEADLYSIGNAL"""
34819,1.8035845,2.4694781,0,I don't think that I will be able to finish CS50 before the end of the year. Will I be able to continue the course next year?
34822,2.885309,1.3647656,6,a:hover and a:active tags not editable in html/css
34825,2.678444,7.8213954,1,PSET4 Recover munmap_chunk(): invalid pointer
34827,-0.6451646,6.630261,3,Pset 2 - loop question
34829,-2.2599785,6.654156,3,vigenere not working right
34831,5.995531,4.246624,11,Pset3: Resize (less) loops seems to add extra bytes to headers
34833,3.2560518,-0.48951006,12,Stuck on custom validation
34834,0.32449895,10.505479,1,Why are the words not loading into my dictionary?
34835,3.259109,-0.033108577,12,:( /check route confirms whether username is available PSET8
34839,2.44718,7.293005,4,Segmentation fault on PSET3 recover
34841,2.323903,0.60575646,17,Textbook for understanding session in flask or in general web development?
34842,2.54054,0.9406382,17,404 not found error on registered.html
34845,1.8728749,0.000249119,6,Why is /sheet is absolutely blank?
34846,0.6809127,10.276989,1,"Speller Load Function giving SEG Fault at strcpy(""cursor->word"", word);"
34847,1.9075907,2.6239984,0,Why CS50 2019 excluded MashUp problem set?
34848,-0.6361311,6.6069365,3,Caesar - Validating they Key
34852,-1.8995478,5.6894193,3,Problem in equating strings in bleep pset6
34855,5.850157,4.722798,11,PSET 3 still stuck
34857,1.4383668,9.879399,1,pset4 speller trie segmentation fault
34861,0.9586337,0.21458471,16,Does every SQL table need a primary key?
34863,2.942082,-0.40466896,12,Pset 8 Finance TypeError: 'bool' object is not subscriptable
34864,2.2377563,7.3871117,4,PSET3 -I am getting segmentation fault
34867,0.18532103,10.480341,1,"Pset4 Speller, Trie. Why are all words misspelled?"
34868,6.0045695,4.243547,11,Pset 3 Resize less: Help needed with file size
34870,1.9129812,10.16221,1,"Unknown memory leak on ""check function"" - CS50 Speller"
34874,0.5967394,10.524355,1,speller double free or corruption hashtable
34875,-1.0524355,6.3531585,3,cs50 caesar help
34876,5.9442744,4.202599,11,pset3 resize less comfortable problem - mixed colour
34877,0.32087475,4.429461,0,Mario: too few arguments to function call
34878,2.4225843,0.46863568,12,I can't even get register to work. What am I missing?
34879,0.39242104,0.27240577,15,CS50 Final Project Strange Syntax Error
34880,3.1094446,-1.3109547,6,Stuck at 57% in Pset 8 Finance
34887,3.3342593,0.1372562,12,Can' get alert() to work in Survey
34890,6.1731744,4.3862524,11,Pset3-resize explaination
34891,-2.2797523,6.6150455,3,pset 2 vigenere help!
34892,0.23444913,0.04453002,15,SQL Query returning nothing
34895,-2.236143,6.550945,3,Pset 2 Vigenere - Shift value
34896,1.7790629,10.061722,1,Help with unloading my dic
34897,6.175634,4.4318156,11,Resize less fails when trying to resize small.bmp when n is not multiple of 4 or is 1(probably padding issue)
34905,-2.3237112,6.6190634,3,pset2 Vigenere Looping Help
34909,2.1119375,9.950585,1,Speller : 56 bytes are not being freed
34912,4.473156,6.6744666,13,jpegs don't process correctly nor do they have correct names
34914,2.1036205,2.6572754,0,View README.md in CS50 IDE?
34916,1.3949842,1.7865821,0,speech recognition dosen't work
34917,1.6643485,4.3376575,0,"""make"" shows error that I've fixed, but it keeps referencing it"
34920,-2.110499,2.591117,5,Stuck on CASH problem pset1
34921,0.4775435,4.815614,14,scores2 keep giving error even after copying the code verbatim from CS50 2018
34924,-1.762679,2.2360947,5,PSET1 One input doesn't give the appropriate output
34928,0.10876441,10.285778,1,"check function in speller pset5, not quite understanding the apostrophe"
34932,3.0343854,-1.2587982,6,stuck on pset 8 finance
34934,2.4189649,-0.9574624,6,IndexError: list index out of range in Finance
34935,-0.35941756,5.1547422,9,Why is this while loop generating errors
34942,2.3306448,9.744097,1,valgrind return memory leaking even after free()
34946,2.7406774,-0.64780074,6,"Finance: How to check if input is valid in ""quote""?"
34947,1.4832362,5.497304,2,2019 CS50 PSet 4 Filter Less
34949,-0.3689429,5.1513815,9,What is probably wrong in this while loop?
34953,0.70342994,9.774113,1,in speller load() struggling to understand if populating dictionary correctly and how to check hashtable
34957,-0.121259056,9.949994,1,"crack, Different passwords produce the same HASH"
34958,-0.2579734,5.4768276,9,Why is this generating wrong output and Runtime - out of bound error?
34960,1.3843516,0.42310646,16,Error when fetching data from Heroku Postgresql: AttributeError: 'NoneType' object has no attribute '_instantiate_plugins'
34964,-2.8890207,1.6215105,5,error: result of comparison against a string literal is unspecified (use strncmp instead) and Check50 showing error on credit problem
34965,2.1490338,2.6868134,0,Cannot access CS50 Web settings for GitHub Pages
34968,2.2158232,0.64969593,17,Disable caching of css and js file in flask on Safari or Chrome?
34970,0.11559195,5.363023,14,If statement: evaluating if my variable equals one of 2 values (C)
34971,4.384177,6.6868305,13,"recover.c images recovering correctly, but 049.jpg test case failing"
34972,-2.2326128,6.5854273,3,pset 2 Vigenere: actual output seems 2 characters off from 3rd plaintext character onwards
34973,2.0957274,-1.1541086,6,Why table is not inserting here in buy route
34978,2.5772107,0.110661745,14,int object not subscriptable in register route
34982,2.6314206,3.804892,0,CS50IDE Debugger quits at random times
34985,-0.10739751,5.793512,9,How To Use a For Loop To Store Values Into Multiple Variables?
34987,2.1988733,0.20226899,17,RuntimeError: missing value for placeholder (:symbol)
34989,-4.810422,5.073101,18,tideman pset3 cs502020 sort pairs
34991,3.884719,6.477518,4,pset 3 Recover Segmentation fault
34992,-5.4452367,5.602457,7,PSET3 -Tideman - Locking Pairs
34995,-0.70561874,6.783214,3,"Please help me, validating the key in this Caesar problem"
35000,1.2140077,6.542136,9,Extern keyword for referencing variables among different files
35002,-1.8464106,2.0933328,5,Pset1 cash answer incorrect
35005,-0.6579358,3.2982805,0,Plurality is being failed by check50 when it works in my terminal (PSET3)
35007,-0.15073188,5.503101,9,why does it not return a value for bool?
35009,2.147384,10.328154,1,valgrind tutorial?
35010,-1.8740295,4.267645,8,Pset2 Readabilty: Why are my grade levels calculating incorrectly?
35011,-4.6758122,4.0877275,7,PSET3 runoff 2020
35017,-0.8683327,4.5137415,8,Failure in Readability code
35020,-1.7706733,4.3354397,8,Inaccuracy in Readability Test Case
35022,-0.83452857,6.730265,3,isdigit and isalpha only checks first character - pset2
35025,-1.3997929,-1.253306,10,PSET 6 - DNA.py faiils checks 2 out of 21 text files. (8.txt and 9.txt.)
35027,1.9078803,9.797858,1,"speller valgrind ""uninitialized error was created by heap allocation"""
35029,-1.8133234,4.303091,8,PSet2 doesn't match with Gradebook
35031,-4.89063,4.004812,7,vote function not able to assign getting error in runoff
35036,-1.6563958,4.754797,8,pset6 Readability python: ugly code
35037,2.058912,9.741696,1,"valgrind memory leak on speller linked list...""blocks are definitely lost..."""
35039,-1.4169563,-1.5630755,10,PSET 6 - DNA - How to pass only value in python
35040,-1.9325426,4.261163,8,pset2 - Readability: Math not working properly
35044,0.07949699,10.506971,1,speller check() function no mispellings
35045,-4.7440705,3.4492955,7,RUNOFF PSET3 - bool is_tie(int min) function gives an error in Check50 unable to remove
35049,-1.8923727,2.259457,5,Pset 1- Cash: Can't figure out why code takes a negative value
35052,-4.494732,3.6525557,7,pset3 (runoff) keep getting print_winner error when using check50
35053,-2.3633826,6.6954026,3,How can I stop the loop through the keyword when there is a nonalpha character in Vignere?
35054,-0.0072463495,4.431332,0,Can I use if-statement or switch-statement instead of a for loop!
35055,3.9013305,6.150087,4,"Empty pointer values in Pset 3: ""Recover"""
35058,0.3636328,3.7436233,0,Problem Set 1 - Mario Pyramid - Mystery Newline is Preventing Submission
35059,1.5194561,7.2648954,1,why am I getting a segmentation fault?
35063,-1.7606875,2.3471484,5,Cs50 Pset 1 Cash
35065,-1.6245358,4.288451,8,pset6 (readability) score just 31% upon submitting eventhough program outputs are fine
35067,-0.53937817,3.4354208,0,Plurality fails to compiles
35069,-1.243717,-1.3763785,10,PSET6 DNA How to read each value in the CSV file?
35071,-0.41356674,6.8974776,3,Why does this error keeps popping in my caesar code?
35075,-1.4837948,-1.0736927,10,PSET6 DNA Sumbit50 not matching with usual output
35076,-3.0261488,1.7885385,5,Problem Set 1 (Credit) - More Comfortable - 'Else' Block Not Running
35081,10.207845,4.1900325,2,"Pset4: Filter, Sepia, everything is fine except light blue"
35082,-1.4867296,6.3098817,0,cs50 pset2: check50 does not accept output
35086,9.391472,4.828191,2,"Pset4: Filter, reflect values are off"
35087,-4.689002,3.753188,7,pset3 runoff segmentation fault problem
35091,-4.8343344,4.2931204,7,How to set rank for all preferences?
35092,-4.798979,3.9040596,7,Why does runoff not stop running?
35093,-4.168384,4.2064977,7,Problem set 3 Plurality ISSUE cs50
35095,0.15699549,10.571128,1,speller not outputting the right number of misspelled words
35098,-4.8854876,4.184073,7,does not produce the correct voter count when multiple voters are eliminates?
35101,9.744372,3.6140025,2,Why does it not round up correctly?
35102,1.2783636,10.487043,1,Why am I keep getting a segmentation fault in my code for speller every time I run it?
35105,3.1117482,0.008650509,12,"PSET8 CS50 Finance: /Check fails to run, does not catch or notify of duplicate usernames"
35106,-2.9976447,1.6684632,5,credit - Why this AMEX and MASTERCARD numbers are considered invalid?
35108,-1.7125502,4.3043,8,Readability wrong grade
35110,9.79091,3.9269845,2,Why does it say that my index it -1?
35112,-4.7827816,3.8754222,7,PSET 3 runoff record preference problem
35113,-0.47178343,6.4788713,3,PS2 Caesar Algorithm
35116,0.92847407,0.29235423,16,Final project question and Hardware for a SQL server
35118,9.46867,4.751456,2,"pset4 filter: reflect produces ""UndefinedBehaviorSanitizer:DEADLYSIGNAL"" forever"
35120,-1.5621608,-1.3041561,10,PSET6 - DNA - Code fails to compare STRs to DNA text file
35121,9.969964,3.6840255,2,"pset4 filter: blur seems to be working, but check50 reads errors"
35122,9.5382,4.5043163,2,PSTET 4 - Reflect
35123,0.051743023,10.061717,1,"Pset 5: Speller, check or load issue"
35125,-1.3195312,6.7315235,3,Caesar Working as Expected - Check50 glitched?
35129,1.5631849,3.0426319,0,Carryover from 2019 to 2020 not working for me
35132,2.0082493,2.728731,0,How to locate the project assignments for CS50's Mobile App Development with React Native?
35135,2.748627,-0.9480635,6,Pset 8 finance buy internal server error
35137,-3.7491264,3.7276487,7,Plurality - check50 issue
35139,1.155658,8.974004,1,Pset 5 Speller Linked List Nodes
35142,2.0625656,9.679395,1,Pset 5 Speller recursive unload
35143,2.8079581,1.5572975,6,Pset8 showing code on webpage instead of proper format
35144,-0.36766222,2.1759822,0,Pset7 Houses Issue
35146,-4.014874,3.9212263,7,Error testing in plurality question
35148,0.060735017,-0.053355724,15,pset7 movies Q12
35153,2.2787185,0.5653594,17,Week 8 web track Code replication problem
35154,2.887356,0.05264121,12,FINANCE [UNIQUE constraint failed: users.username] Error encountered using check50
35155,-4.3643227,3.6184163,7,pset3 (runoff) check50 is giving an error for print_winner
35158,9.483869,4.7473044,2,CS50_2020 Pset 4 Filter Reflect
35162,2.5794215,7.2315793,4,Segmentation fault pset4 recover
35164,-1.6247128,4.9008336,8,Counting words pset2 Readability
35167,-0.9517909,6.9472113,3,PSET 2 Caesar - Errors when key is a large number
35170,0.94594467,0.42633134,16,PSET7 cs50 import SQL
35172,2.9244812,0.09012047,12,"Finance check50: /register & /check return ""expected status code 200, but got 400"""
35174,-1.4611745,6.627165,3,pset2 - Cipher - Invalid Slug
35176,1.3172547,0.32342285,16,pset7 houses: dict to SQL
35178,10.047814,3.7574735,2,PSET4 -Blur function
35182,0.13615473,0.26849386,15,pset7 houses ISNULL function
35184,-4.5665627,4.2124662,7,Pset3 Runoff bool function
35187,-1.8844047,4.2407446,8,Pset2 Readability: Grade calculation wrong
35190,-1.8705171,2.1422591,5,I am not getting the correct output on pset1 cash..... Can someone please look at my code?
35192,-1.974558,2.45711,5,cash CS50 2020 pset1 modulo
35193,1.4205416,4.1189885,0,CS50 PST2 Directory Naming
35196,0.54021996,5.224209,14,Need help debugging
35198,-4.393754,3.8032207,7,"Problem Set 3 Runoff print_winner working, but I'm getting a Check50 error"
35200,-4.834782,4.2828426,7,Pset3 Runoff - How to record name and rank in the Preferences Array?
35203,-0.4842331,2.4784026,0,pset7 - Houses problem with check50
35206,-5.2154684,3.6953251,7,Pset 3 runoff Randomly Increasing Votecount
35208,0.4468987,9.757176,1,"2019 PSET4 SPELLER, I have no clue why it isn't working, I'm sure size and unload function is right, but unsure about load and check"
35210,-1.3948603,-0.87026185,10,Pset6: DNA - Check50 timeout
35211,-1.934832,4.144184,8,Pset2 - Readability: How to round a .5 number depending on the 2nd digit after the decimal point
35213,-0.09061903,5.5960307,9,example positive.c explanation of function
35220,9.429819,4.8131857,2,pset4 filter: reflect the image reflect half only
35222,-0.47112918,3.4964187,0,pset3: code failed to compile
35223,4.2213764,6.1648126,4,Recover PSET 4 - 26 Invalid Images
35229,-5.585132,5.745226,18,lock_pairs skips middle pair if it creates a cycle
35230,10.183792,3.7360747,2,pset4: filter blur wrong count
35232,9.478278,4.7436657,2,pset4: filter reflect all check right except two of them
35234,10.394581,3.6405613,2,pset4: filter blur minimize code
35238,-4.347102,4.208752,7,pset 3 plurality help: not sure how vote function is implemented
35239,-3.1510656,1.9654561,5,I am not getting the correct output when i enter David's card number in credit
35242,1.6687744,10.414545,1,Speller Valgrind leaks bytes + error: munmap_chunk(): invalid pointer error in C
35244,0.97888047,5.0391765,14,Why is nothing happening?
35247,-1.3874692,4.727746,8,pset2 Readability variables not updating
35251,1.7675234,1.2465626,16,"flask register, issue with importing cs50 module"
35253,-2.0884347,2.6278012,5,"PS1, Cash Question. Error when printing results of roundI() function"
35255,0.097811885,0.0033655888,15,PSET7 Movies - Q13.SQL How to NOT include 'Kevin Bacon' in List of Actors that have starred in movies with 'Kevin Bacon
35258,2.746647,0.09357933,12,"TypeError: a bytes-like object is required, not 'NoneType' in Finance"
35260,-5.246558,3.6627536,7,PSET3 Runoff - Tabulate
35262,-1.3501292,4.9410014,8,Problem with Pset2!
35264,4.2122045,6.681334,13,Why is fwrite not writing the image except for the second one?
35269,-4.6353726,3.3982816,7,pset 3: 2 problems in runoff pointed by check50
35273,10.186468,3.6238008,2,pset4 filter blur help
35275,2.6425102,3.8453987,0,Debug50 Running through breakpoints
35277,-1.6316196,4.144809,8,CS50 Readability - Inconsistency in results
35278,4.758664,6.583048,13,Why is it saying it did not recover any images?
35281,2.116843,0.73579085,17,PSET Tracks Flask and JS
35283,-0.04473808,6.7687235,3,"segmentation error in caesar, I am unable to understand why"
35284,1.9341879,9.96987,1,"And one more ""Invalid read of size"" problem"
35285,2.5841742,9.863037,1,valgrind on filter -r. No leaks but errors
35288,0.30001,10.563227,1,Speller - Unknown issues
35291,-5.2705445,3.6406922,7,cs50 pset3 runoff tabulate
35296,10.725363,4.2857337,2,pset4: edges have correct 3 out of 5
35304,1.8499737,-1.1114392,6,Finance datetime
35306,0.049215604,10.4457245,1,Doesn't check for misspelled words
35307,2.2685132,2.321878,0,CS50 JS/Python - Project 1 d.adsrc does not exist
35311,-1.5125498,-1.1699378,10,Problems with Python style (DNA)
35312,-1.2908683,-1.1746355,10,My code solves for small csv but not for large. Could you guys help?
35315,4.1907635,5.826477,4,pset4: recover last check wrong
35317,1.885673,-0.19089514,6,"finance: how to build an ""active"" table"
35321,-2.8272352,1.6324501,5,Check50 giving different results from the code I compiled in pset1
35328,-1.4278455,-1.2943835,10,DNA code doesn't work sometimes
35330,0.39258185,9.826641,1,"pset5 speller-""Could not load dictionaries/large"" even without ""return false"" in load"
35331,-5.518987,5.6790767,18,Locking pairs in the Tideman problem
35333,-5.328463,3.6318917,7,tabulate doesn't count votes when multiple candidates are eliminated
35334,-1.5682412,5.0347486,8,Readability word count miscalculation
35336,10.052904,4.2658496,2,pset4 - filter - sepia: Only red value is consistently correct
35338,1.51059,2.2568288,0,Unable to pip install submit50
35341,-1.4675164,-1.3599377,10,Why can't I print the entire string from the read file?
35343,0.11433597,6.202931,9,How to swap strings?
35344,3.0547566,1.5210187,11,CS50Web Project 0 Center an unorder list when we create a box around
35346,-0.04791746,6.8282566,3,I am trying to create program for checking command line arguments?
35351,-4.9705276,5.1993327,18,check50 claiming pairs are sorted incorrectly
35354,2.749973,-0.9521692,6,Pset8 Finance def buy() throws internal server error
35357,-0.47275335,6.8068814,3,Caesar pset2 - using isdigit(argv[1][i]) only looks at the first character
35358,-4.2761784,4.437647,7,Plurality segmentation fault
35360,10.0471,3.184086,2,Problem set 4: filter blur
35364,-1.6026111,5.115062,8,"Readability program printing the whole sequence of a counted letter/number/word, rather than just the sum"
35366,2.6129122,-0.85333097,6,Pset8 Finance occasional NoneType error
35368,2.5929306,-0.9539496,6,Pset8 Finance stocks typed in lower case don't appear in portfolio
35370,1.9132053,7.0759153,4,Segmentation fault in Readability from pset2
35374,0.08994907,9.448908,1,(PSET 5) Test for case-insensitivity fails
35378,2.161079,10.191183,1,"Pset5 SPELLER, CHECK50 errors and memory leak"
35380,10.375,3.6606004,2,"PSET4 blur, one pixel short of success"
35383,-1.3738359,-1.2800442,10,cs50 pset6 dna error while reading two file 8.txt and 9.txt
35389,1.5835384,0.0932759,16,Not too sure what I did wrong
35390,1.2540691,9.555307,1,"Pset 5 Speller. I get segmentation fault. The problem seems to be in the load function, when creating a linked list"
35391,-0.35113245,10.4066925,1,speller- tried using printf to debug -printf not working
35394,-4.8896375,5.139942,18,Pset3: Tideman sort_pairs not work
35396,3.280463,5.3578935,4,cs50 pset4 recover 2020
35398,-0.7585794,6.841269,3,PSET2 Caesar isdigit function works opposite way
35401,0.4868684,9.817645,1,pset5 speller could not open text
35403,-2.0553513,2.5460513,5,"Pset1 Cash problem: error when trying to add quarters, dimes, nickels and pennies"
35405,-1.7188404,5.6086316,3,"""Output not valid ASCII text"" error with Substitution pset"
35407,10.58805,3.8139262,2,"PSET4 Filter, edge detection process only works for square-like pictures. How to make it work for the whole picture?"
35409,0.059001308,-0.037061274,15,PSET7 Movies Q9: Why is my number of rows generated different from what the assignment requires?
35412,9.456815,4.7777886,2,runtime error in filter: reflect
35413,2.0098627,9.907918,1,pset5 speller unload function
35417,-0.5388879,6.597694,3,"Pset 2 Caesar ""Expected Expression"" - If statement"
35418,-1.4483813,-1.1915996,10,pset6 DNA. My code passes all tests but this one: python dna.py databases/large.csv sequences/18.txt
35421,-3.1045341,1.8713009,5,Pset 1 Credit - trying to use count to solve the problem but returns 0
35423,-2.091941,2.4410377,5,"Pset1 Cash, not returning any answer?"
35425,-1.4713184,4.638891,8,"PSET2 Readability, most of my code works as expected, but one passage provided below"
35429,4.577424,6.582837,13,Recovered Images not clear
35431,1.7970076,4.295178,0,week 2 cs50 int.c not compiling
35433,1.2434673,0.42202875,16,roster.py not getting output
35434,-4.89769,4.0694914,7,i can't get the vote function in runoff right
35437,0.038537655,9.411172,1,pset5 speller case-insensitive
35440,0.013748411,-0.09666554,15,pset7 3.sql wrong number of rows
35441,-5.214564,3.6943429,9,what is the significance of break; in tabulate function?
35444,-1.5902936,-1.0892347,10,DNA doesn't work with large database
35445,-0.48804718,3.4258897,0,Week 3 - Plurality Code Will Not Compile on CS50 Check
35451,9.785239,4.5164094,2,Pset4 filter reverse issue
35454,10.793586,4.241893,2,Pset4 filter edges issue
35457,-0.35257512,2.201096,0,pset7 houses printing none instead of last name and extra space
35458,0.29092312,9.825807,1,pset5: speller finally two error about words in dictionary
35461,4.384701,5.7606564,4,pset4 recover 049.jpg recovered image does not match
35463,0.61527073,1.4189253,0,"CS50_Web ORMs,APIs_ lecture 4, classes4.py - Understanding Classes, Objects, Functions and Lists"
35464,-1.7693157,4.1936436,8,"Readability in C passes tests on instructions page but when submitting, only 2/11 pass"
35465,4.2154956,6.06499,4,"pset4 Recover 049.jpg does not match, even though it opens correctly as an image"
35467,-3.1894088,1.9834074,5,Issue with credit.c assignment. Weird division by zero error in checksum function
35470,0.5238209,9.739952,1,Help with speller load function on PSET4
35473,-4.7366395,3.4543116,7,Runoff - is_tie
35474,-3.0857272,1.8294002,5,pset6 credit the sum is not end with zero and check count right how
35477,0.15198159,10.046819,1,pset5- speller: first word and any word above 7 characters is not recognized
35480,10.158547,3.5390851,2,PSET 4 Filter(Less) help with Blur
35481,9.149726,3.9924715,2,"Understanding how memory is allocated in driver code PSET 4, Filter (Less Comfortable)?"
35487,4.379038,5.674312,4,pset4 recover: 'recovered image does not match'
35490,0.6285976,10.300867,1,Speller seg faults in unload function
35491,1.3392085,9.801002,1,why pset5 works with small dictionary but with large dictionary gives munmap_chunk(): invalid pointer Aborted error?
35493,9.952425,4.187349,2,cs50 pset4 filter sepia
35495,-1.0767928,2.7625446,15,Why isnt it printing out the average?(pset7 6.sql)
35498,4.2946963,5.899445,4,Pset4 Recover: Program works perfectly but jpeg 1 name is not three digits for some reason HELP!
35500,0.06858062,10.04038,1,pset5 - almost all words misspelled
35501,-0.2954082,2.329434,0,My code pset7 houses pass all check but just take 17% on progess?
35503,10.125255,3.7771873,2,"rounding problems with blur function - pset4 2020, filter less"
35504,1.6140546,5.01404,0,helpers.c not compiling for filter
35515,3.1447382,5.291046,4,pset4 recover - timed out while waiting for program to exit
35517,4.331864,5.3770757,4,PSET4 Recover- code working fine except recovered image 49 does not match
35520,1.8927618,3.630394,0,Setting Up PSET 1 IDE Issues
35522,2.4718707,2.9741957,0,cs50 ide problem it did not open
35526,-0.90723777,6.8056607,3,Pset2 - Ceasar - Non Void function error
35527,-5.4104815,5.547362,7,"pset3, tideman, cs50 2020"
35529,-4.4478517,4.266063,7,Trouble modifying elements of an array of candidates in Plurality
35531,9.837935,3.128509,2,Blur function not working in filter
35532,1.5162954,2.6565895,0,2019-2020 Progression bar red beside finished
35535,1.6400406,3.6168826,0,Love2D Game not loading
35536,9.372394,4.861352,2,CS50 - Filter - Reflect Image
35537,9.6225195,3.9443963,2,CS50 PSET4 Grayscale
35544,-1.3980318,4.902009,8,Reason for error pset7 houses
35545,9.908797,3.1547518,2,Miscalculating the Corner and Edge pixels in blur
35549,1.9735924,10.424782,1,PSET 5 - Valgrind - Invalid read of 8 - Unload
35550,-1.7993742,5.7582774,3,Pset 2 - Substitution
35551,-4.166591,4.095966,7,Plurality vote strange errors
35557,1.6213025,4.8747478,0,Error - linking error
35559,0.15293007,0.24127632,15,Reason for error pset7
35562,2.043977,9.623928,1,Pset5 Unload Function help! (recursion)
35564,4.430752,5.4907413,4,Pset4/recover: code is working fine but the recoverd images are not correct
35566,-0.8930808,4.3609295,8,no rule to make target pset2
35567,-1.4122381,-1.3668985,10,cs50 pset 6 DNA. How to compare my results with the databse to print out the answer?
35572,0.60326236,4.95009,14,CS50 2018 Lecture 1C. Unable to figure out syntax error in code
35576,1.3471336,8.953689,1,"Pointer Initialization and Free, Help!"
35577,9.814508,3.146372,2,Problem Set 4 - Filter (Blur)
35578,1.8960027,3.6757317,0,Week 1 - Hello (I do not have place to write the code)
35580,9.494262,4.179196,2,pset 4 : filter - Could not open .bmp file
35582,0.92702687,6.809943,9,How does memory work with pointers and custom data structures
35583,4.1621056,6.1529574,4,PSET 4- RECOVER getting 22 pictures and none good
35584,0.22263142,4.2546134,0,Week 1 Super Mario Level 2
35588,2.3187094,3.645231,0,How to stop terminal process in CS50 Sandbox? (I've tried Ctrl-C and Ctrl-\)
35592,10.387184,3.6229653,2,pset4 blur filter
35593,-0.42857486,5.3536487,9,"Why is the value 16,432 appearing, and why is it getting reduced each time I run the program?"
35595,0.101363905,0.055615608,15,Pset7 8.sql is not giving output
35598,-4.5790343,3.8153033,7,Pset 3 Runnoff - Can't find the error
35599,-1.8486608,5.592945,3,"PSET2 Substitution - Output seemingly correct, fails check50 (null character?)"
36597,-2.043583,5.9735675,3,Pset 2 - Substitution - Error - handles multiple duplicate characters in key
36600,0.13836968,0.2091037,15,SQL error pset7 houses
36601,1.2574625,0.42633027,16,CS50 Web Programming: Lecture 3 (SQL)- import.py won't work for me
36602,-1.679071,5.456854,3,"During PSET 2: Substitution, I got an expected expression error for get_string. Please help"
36607,-4.011263,3.7247365,7,"pset3 I did print winner from pluarity, but check50 says I didn't. What's wrong?"
36610,0.0030584482,4.272251,0,Mario Less Loops doubt and code review
36611,4.3444653,5.9074197,4,CS50 Recover outputs random symbols instead of JPEGS
36613,-2.0387902,2.461201,5,pset1 cash: greedy algorithm coin change round off
36614,-4.128574,3.7933075,7,PSET3-Plurality. Check50 doesn't re
36619,0.2153234,0.2182521,15,"Why doesn't IDE50 highlight the ""IN"" keyword in SQL?"
36620,1.8234944,2.4336615,0,What is the deadline of CS50's Introduction to Computer Science course 2020?
36624,0.9523384,4.0093966,0,PSET 1 - Where I have to make my answer to Mario PSET?
36626,1.020984,10.340811,1,Problem Set 5 - Speller (Load and Check function) segfaults
36627,-1.7934208,2.2249231,5,CS50 pset 1 cash problem: keep getting 1 as answer
36628,6.095975,4.292598,11,Resize Less - failing to resize small.bmp
36632,4.1835427,5.9590435,4,Help with pset5 'recover': incomplete jpgs
36633,0.28520316,3.8191803,0,"Second pyramid in mario, how to put that onto the same line as first pyramid"
36636,-4.8696923,3.9276638,7,pset3 Tideman: function to print out preferences array is not working
36637,0.28260928,5.9439077,9,Question for Array in C (with function e.g. set_array)
36638,0.5814802,0.22596638,15,How to test pset7 queries in the terminal window?
36639,4.3830004,5.475754,4,"pset 4 - recover, almost done! images opens correctly but check 50 doesn´t recognize it"
36644,9.797557,3.137897,2,Filter - Blur Function Correct?
36646,-4.6803036,4.2400775,7,PSET 3 Runoff. Noob questions
36647,1.5138679,4.8442307,0,Pset 3 Plurality - Error: linker command failed with exit code 1 (use -v to see invocation)
36648,4.3883924,5.5924683,4,"Pset4: Recover, only 49 images and fails with check50"
36652,3.066209,5.4125466,4,Pset Cash CS 50 - need help
36654,-1.5371044,5.200829,8,How to get my code to print the right letter count?
36657,-1.8372686,2.6526906,5,Getting this error: invalid operands to binary expression ('int' and 'int (int)') in the below code on ps1 cash.c
36659,-1.8281282,2.4473653,5,"i am working on problem set1 Cash. ""else if"" is not working"
36660,0.94993544,4.763866,0,Can't compile readability in cs50 IDE
36664,10.753845,4.296138,2,To those who struggle with pset4’s filter-more’s edge detection filter
36665,3.5150537,5.559412,4,Can’t Save Scratch (pset0) to computer
36668,-0.43811053,6.3400073,3,Try to use += on string to stack char(s) in C
36671,0.34293306,9.884,1,Pset5 Speller returns all words misspelled and seg faults
36673,-0.60237104,5.723791,3,pset2 caesar expected expression error
36674,-1.8301373,2.121716,5,"pset1 Cash, keeps answering 1"
36675,2.542784,7.237592,4,"PSET4 Recover Segmentation Fault, please help"
36679,-3.181194,2.0633652,5,"Stuck by problem set Credit, % operator"
36683,4.466818,5.7542863,4,Pset4 recover final jpg is mismatch
36685,10.383289,3.6758902,2,Help with blur filter for pset4! Output image is significantly darker than input
36687,-4.0135045,3.7150834,7,pset 3 plurality code help
36688,-1.4575293,-1.4982564,10,PSET 6 DNA - PROBLEM COUNTING CONSECUTIVE STR SEQUENCES
36689,-0.5698936,2.5912998,0,pset3 output seemingly correct but not for check50
36691,1.2396517,10.216883,1,Segmentation fault in Speller CS50
36695,-1.8501471,2.1138873,5,pset1 Cash question
36697,10.61112,4.3870244,2,Pset4 Filter Edge Dedection
36698,-5.5142207,5.6829977,18,Tideman lock_pairs recursion problem
36699,-1.9604906,5.8164682,3,pset 2-substitution-error handles multiple duplicate characters in key timed out while waiting for program to exit
36706,-0.68636614,6.748424,3,Why does my code keep returning 1 with the error message even though I input a digit?
36710,1.7700154,7.413624,4,How to identify cause of Segmentation Faults?
36711,1.1398984,0.6023766,16,Problem with commas in psql
36716,2.8735106,0.22225241,12,CS50W Project1: Type error cannot pickle _thread._local object
36719,-0.84688467,4.4131336,8,"Pset2 ""make readability"" does not work"
36721,4.704157,6.6247716,13,One tiny step to completion. Recover recovers all images except the first one. Help!
36726,-1.3833302,-1.4932096,10,Problem Set 6 - DNA (Using the DictReader function)
36728,1.3555847,4.201459,0,Why is my (readability.c) file in ~/.c9/metadata/environment/readability/ instead of ~/readability?
36729,-0.9265996,6.9783754,3,PSET2 Caesar : problem regarding non-numeric key
36730,-0.8635971,6.2834973,3,Why doesn't my Caesar code not return an output for the cipher text?
36731,10.674002,4.4303646,2,PSET4 Filter(More) Edge detection help
36735,1.5607351,0.58364344,17,CS50W Project1: how to access specific part of json object
36736,-0.3983653,5.496312,9,"Why can't I do ""string text = get_string();""?"
36737,2.3438535,9.821484,1,Pset5 Load function memory leak
36738,1.2834603,10.15351,1,Pset 5 Speller Segmentation Fault
36739,-1.3200102,-1.2663124,10,PSET6(DNA)- How do I access the STR's from the list (first line of csv file) dna
36742,-1.461387,-1.1756397,10,PSET 6 DNA.py wrong output [spoiler]
36743,-1.9556807,2.594417,5,problem set 1 _ cash
36744,3.324431,5.2189174,4,PSET4 Recover timing out
36750,-1.8322477,4.2290707,8,Week 2 - Readability.c Grade Level Off By 1 (Sometimes)
36751,1.4736148,0.71640825,0,"CS50W Project1: ISBN too short, csv file does not provide correct ISBNs?"
36752,3.2867336,5.64583,4,Pset3 Recover - need some help with my logic. Compiles but generates nothing
36754,-1.8170928,4.1360254,8,Problem Set 2 readability check function returning false negatives
36759,2.3019345,0.23182926,17,How to keep track of current user and book in project 1
36767,3.3504772,6.4904113,4,Problem with fread() in Pset4 Recover
36774,1.8348072,-0.9254585,6,CS50w Project1: Trouble posting reviews (Row Proxy error - how to ensure a tuple)
36775,3.3544073,5.8665404,4,Please could I get some help with pset4 recover
36776,2.3744566,9.883176,1,small memory leak in pset 5
36777,1.1152942,8.930991,1,"I don't get why the pointer to next in the node is ""new"" and not ""head"", can someone please explain?"
36778,-0.04000915,6.8735914,3,Segmentation fault in caesar
36781,0.339654,6.372846,9,Replacement of string with char* in any general case
36786,9.593573,3.870319,2,Week 4 GrayScale - Calling a function called Average within Grayscale
36788,9.37619,4.8415947,2,"Reflection - Pset4 - Code compiles however, not producing expected outcome"
36790,-0.4908997,6.9804387,3,pset2 caesar function to read argv[1] not working
36793,-2.6185987,2.1348617,5,Scope problem - not print the test results
36794,-0.28250006,5.740209,9,Why does my Switch statement in C trigger prematurely?
36799,0.7274066,2.6962848,0,AI50 Project 0A Large Data Set Not Loading
36800,1.6130439,0.64594674,16,goodreads api request return code 404
36801,9.509981,3.774914,2,Unusual errors in Blur filter
36802,-4.8456783,5.1139984,18,tideman pset3 sort pairs - code doesn't work
36808,-4.073211,4.0759883,7,CS50 plurality will not return any answers
36810,10.760775,4.319102,2,pset 4 filter edge not working
36813,0.56714696,2.5116248,0,AI50 Project 0B Pygame Not Working
36814,-3.1245759,1.8770354,5,Credit pS1: how to store the separate digits and store them
36816,0.089431606,9.884078,1,PSET 5 (speller): I don't know why I receive an inaccurate count for words in dictionary
36818,0.046097852,6.670495,3,"Any advice on getting the CS50 IDE to read my closing parentheses, brackets and curly brackets"
36820,2.664704,-1.13379,6,C$50 FINANCE- BUY ERROR
36822,0.5004127,6.0563154,9,Array initialilizer must be an intitializer list or string literal
36825,1.8139362,3.4678242,0,PSET 2 IDE Compiling Issues
36828,0.22460799,3.8691387,0,"PSET 1 Less Comfortable Mario (Right Sided Pyramid) Got it right by luck, don't understand what I coded"
36829,-0.9326655,6.991283,3,problem set 2 caesar check :( handles non-numeric key timed out while waiting for program to exit
36831,-1.6690338,4.783611,8,CS50 Readability solved it but I feel there is something wrong
36832,2.2460935,-0.7832971,6,CS50 FINANCE- INDEX doesn't display price
36836,2.178513,6.8912716,0,CS50 AI Problem 0B Maximum Recursion Debt in Deepcopy
36837,0.40735927,4.815851,14,CS50 AI Problem 1A Invalid Syntax
36838,10.794163,4.2369666,2,PSET4 (More Comfortable) Filter Edges
36839,0.40330788,3.2786672,0,CS50G Breakout LevelMaker Class
36840,-5.158545,3.681309,7,pset3 Runoff help
36843,0.14238194,9.863295,1,PSET5: Check is not working properly...i think
36845,-2.827838,1.6834236,5,cs50 pset1 credit expected expression error
36846,2.170556,10.1771755,1,program crash due to some unknown memory crash
36847,9.462723,4.6374598,2,pset4 filter reflect. runtime error: index 601 out of bounds for type 'RGBTRIPLE [width]'
36854,1.4574227,4.1204925,0,Having issues creating readability and readability.c directory and file
36856,0.1951494,5.8536034,14,"Hello! Could someone help me with problem set 2 caeser 2020, mistake is that problem accept non-numeric character"
36857,3.2781239,6.1177626,4,pset4 Recover - need to break (^C) to exit
36858,10.63054,4.3993793,2,CS50 Problem Set 4 Edge Filter
36860,3.0982032,7.01935,4,Pset 4 - Fopen returns NULL
36862,9.368414,4.792013,2,Code divides image
36864,0.3326987,3.429059,0,PSET 1 - Mario More (and less) timed out while waiting for program to exit
36869,2.2346172,0.5728329,17,Error in Flask application
36871,-1.5968148,-1.0980715,10,My DNA code works with the small database but not the large one
36873,-2.2027276,6.6696463,3,problem set 2 Vigenere char problem
36874,-0.46380422,9.832039,1,Problem with Check50 in pset7
36878,3.262809,6.4468107,4,Using fseek in Pset4 recover to iterate through the binary file (one 512 Byte block at a time)
36880,0.76473683,4.88173,14,Why am I receiving a linker error on my function when it is defined in the file?
36883,0.51065284,2.7199032,0,Artificial Intelligence course's 0th lecture. QueueFrontier and StackFrontier produce the same results. What should I do to fix this?
36884,1.2652884,6.5544424,9,What does a pointer to a file really represent?
36887,9.813345,3.6536484,2,"CS50 filter issues with greyscale, sepia, and blur"
36890,3.9634662,6.1980324,4,"Pset4 Recover, help with writing images correctly"
36891,-1.7857866,4.3022556,8,help with PS 2 Readability
36895,0.23097765,10.616522,1,My check function in speller isn't working
36901,0.42720005,2.9282253,0,CS50AI Tic tac toe game with minimax algorithm: I keep receive Invalid move
36905,9.76682,3.6583405,2,"Filter (Less Comfortable) Seems to Work Perfectly, but only passes 7 of 22 checks"
36909,4.4606204,5.493399,4,Visual Studio C#: Picture box doesn't show
36910,4.206849,5.7227645,4,pset4 recover incorrectly generate images
36912,0.42925718,9.67065,1,Pset5 load problem: Dictionary cannot be loaded
36917,-2.8254006,1.9584967,5,CS50 Credit - again a scope problem
36918,-1.0600562,6.3932633,3,"Caesar (Pset2): When i print out ciphertext, some additional characters, that are not supposed to be part of the array, print out. How do i fix that?"
36919,2.5236375,0.25593412,12,How to simulate different users using only one machine
36921,0.547089,5.6112947,14,"My parameter isn't being recognized, although it's a constant"
36923,2.079326,9.631421,1,freeing temporary node in functions
36927,-5.2312922,3.7360723,7,cs50 pset3 runoff tabulate - why you say candidates[i].votes = 0 ; here?
36929,-0.35534814,3.5260725,0,pset3 tideman failed to compile
36932,0.8840484,4.1471205,0,CS50 Terminal saying there's error in code that isn't there - More Comfortable Mario
36935,1.5929612,10.294444,1,"Failing miserably on check50 and valgring, even though all my answers match exactly the staffs' keys"
36940,2.3613713,9.976878,1,Need help fixing memory leaks
36941,-4.1428185,4.2481947,7,Pset3: Plurality; Code doesn't consider command line arguments expect the first one!
36945,0.18866366,10.233809,1,Pset 5 Speller: Identifying all words as misspelt
36949,10.003547,3.3600507,2,Blur error in CS50 problem set 4 -- filter_less
36952,9.82329,3.1046302,2,Filter Blur Image output is wrong
36954,2.1018865,1.3491526,17,Can't access 127.0.0.1 and 0.0.0.0 in CS50 IDE
36957,-4.2769456,4.275538,7,Problem with plurality
36959,1.2531753,9.200064,1,"I keep on getting a segmentation fault in pset5, please help"
36963,4.750974,6.5885506,13,Recover doesn't provide any images
36964,10.251212,3.4465725,2,PSET4 Filter: Blur help
36965,2.5552535,0.66779006,17,CS50W Project2: communication between SocketIO and JavaScript
36972,2.836108,0.001306598,12,Problem Set 8 / Web Track - Finance (RuntimeError: UNIQUE constraint failed)
36973,0.104098886,-0.01898227,15,pset7/movies/13.sql: exclude Kevin Bacon from the resulting list
36976,-3.1087685,1.8000711,5,PSET 1 Credit AMEX
36977,-0.008889902,10.068626,1,Pset5 speller fail to check50 (update : cannot print the report of benchmark in check50)
36978,9.493814,4.679248,2,Pset 4 Filter Reflect less
36979,1.3841268,9.119075,1,Pset5 - Segmentation fault (Load function) - Using a for loop to make all elements of table[i] = NULL
36980,1.4991864,0.42347896,16,sqlalchemy.exc.ProgrammingError: (psycopg2.errors.UndefinedFunction) operator does not exist: character varying = integer
36982,2.401991,2.7889135,0,"CS50 IDE - ""This is taking longer than expected."""
36983,-0.6902984,3.031443,0,"CS50 Greedy, Failing 2 Tests"
36984,2.0764177,6.441356,9,writting a function to display a file
36985,2.4120188,2.8414319,0,CS50 IDE ONLINE not opening
36990,1.7422028,2.7304204,0,Just started this course. What do I do now? When do I do an assignment
36992,-2.069971,2.510029,5,Pset1 Cash (in C) array increment error
36993,1.7697059,0.63013613,16,Instance of 'scoped_session' has no 'execute' member
36998,0.044526845,10.002172,1,Pset5 Speller: Testing Produces Different Results Between Check50 and Keys
36999,1.1867093,9.607279,1,"I am having a segmentation fault before my main code runs, but code will compile. pset 5 - speller"
37001,0.4324452,5.811989,14,caesa cypherr cs50 pset2
37002,-0.8559858,4.5625987,8,pset2 readability. cannot compile although int is declared and code is complete. could someone please look into?
37004,-0.6341385,6.0367184,3,datatype string is malfunctioning in pset2 2020
37010,-0.8195353,6.342451,3,Caesar - Problem set 2 - incorrect output
37014,-1.8836852,2.6216424,5,Beginner with Cash code problem
37017,0.29329363,3.9263997,0,Beginner Week 1: Mario brick problem
37023,9.854012,3.7051833,2,pset4 - Filter - blur error
37025,2.1036131,2.6951902,0,How to submit assignment using git bash?
37028,0.58887386,5.199757,14,Error message help
37032,-0.45037517,5.433809,9,Hexadecimal to Decimal Conversion - Loop runs in reverse order (opposite to what is expected)!
37034,9.960015,3.2331154,2,CS50 Blur issue
37036,-3.175503,2.0433009,5,credit.c problem on some input nubers
37041,-0.56721544,3.4884255,0,My Plurality.c works when I test it with all of their usage examples but when I run check or submit it says it doesn't print
37044,1.5004367,0.52132803,16,MySQL - AttributeError: 'NoneType' object has no attribute '_instantiate_plugins'
37047,0.8450118,9.613161,1,"pset5 /home/ubuntu/pset5/speller/speller.c:144: undefined reference to `size' By ""undefined reference,"""
37050,2.178031,10.205787,1,PSET5 Valgrind Problem!
37051,2.1619976,10.227154,1,pset5 - check50 fails at valgrind but valgrind directly seems to show no errors?
37053,-0.93283504,4.431873,8,PSET Make Readability
37055,-1.213155,-1.1930327,10,Stroring the header row from a csv file
37056,1.321836,0.3283204,16,How to ensure proper database url in environment variable?
37057,4.180687,6.7424674,13,"Can't write jpegs in recover, segmentation fault"
37058,1.6725454,4.7042656,0,Problems executing make clang-7 error cs50
37061,3.0211754,7.007502,4,Pset4 Recover conceptually struggling
37065,1.9972267,7.590478,4,Do YOU know how to find a seg fault?? Advice to new programmers
37066,1.9592415,10.172567,1,pset5 speller memory leak problem
37067,2.2897146,0.56107676,17,"can't fetch value from frontend..... ""document.querySelector('#text').value;"" not working"
37068,0.08720955,5.21212,14,Lecture question from lecture 1 (cs50AI)
37070,3.8321526,6.456545,4,CS50 PSET4 RECOVER.C SEGMENTATION FAULT PLEASE HELP!
37071,-0.53697187,6.2065196,3,"Caesar 50 , no output!"
37072,3.6199424,5.222808,4,cs50 pset6 takes too long to run
37073,-2.8540561,1.6335533,5,HELP ME!! CS50 pset1 credit.c says INVALID but when I debug it says AMEX?
37079,1.9659767,2.977677,0,Problem with getting assignment8 to work on Unity
37080,-1.5569218,5.833974,3,substitution issue non ascii out put
37082,1.2702857,0.39325827,16,DATABASE_URL in SQL Lecture
37083,2.273082,0.61653,17,Flash message disappears after redirect
37086,-4.9299874,5.170593,18,CS50x 2020 Problem Set 3 Tideman
37087,0.1118314,10.040049,1,"PSET 5 Speller Compiles, But Completely Wrong Output"
37088,2.092432,10.165453,1,"Speller, pset5. Help fix memory loss. How to fclose properly? How to close char *index = malloc(46)?"
37089,-1.9472698,4.111186,8,can't get my readability program to work on all conditions- rounding issue?
37093,-1.6833769,5.0527773,8,Counting apostrophe
37099,-5.525637,5.6869254,18,How do I implement lock_pair function correctly in Tideman?
37102,-1.544828,-0.98424923,10,pset6 DNA: check50 ran into an error while running checks! at checking 'dna.py exists!'
37103,-3.1832418,1.919453,5,trying to check second to last digit-- cs50 pset 1 #credit#
37112,1.3870792,0.4524639,16,error while trying to update database using python and sqlalchemy
37114,1.523987,10.562598,1,Speller: valgrind giving me segmentation fault but I can't see what's wrong with my code
37115,-4.7406607,3.9547167,7,pset3 record_prefernces : i have segmentation fault error
37118,-0.7188283,6.7728033,3,CS50 Ceaser Validating Key
37120,-4.8665433,5.1093664,18,Pset3: Tideman sort_pairs doesn't work?
37121,9.840401,3.4168637,2,Rounding Issue with Grayscale and Blur
37122,2.3854558,-0.31125933,16,"Difference between { var } vs :var as placeholder - SQL, Postgre"
37123,-0.47091058,6.7095103,3,Checking a string to see if it's an integer
37125,-1.9633573,2.2702522,5,Pset1 Cash - Incorrect number of coins
37126,2.1439288,9.949257,1,Confused with Memory Leak in pset5 Even Though the Problem is Fixed. What was wrong with my size function?
37134,-4.7725434,3.4048898,7,"PSET3 Runoff -- cannot seem to resolve ""is_tie detects tie after some candidates have been eliminated"""
37138,10.236069,3.6831088,2,"CS50 pset4, I have problems with getting the blur filter to work"
37145,-4.6407156,3.8012068,7,PSET3 Runoff print winner not working
37147,-4.4032006,4.230814,7,Vote returns false no matters what
37150,2.692115,-1.0034928,6,Problem Set 8 / Web Track - Finance (Redirect Error)
37151,2.7870412,2.1411247,17,"In the pokedex app while making a seperate API call for the description of each pokemon, how do I get the ID for each pokemon?"
37152,0.3392101,4.4000683,0,Problem set 1 Mario variable issue
37156,-1.7306451,6.3248744,3,"hi, i tried to solve problem set 2 substitution. it gives right output but check50 is giving errors"
37157,9.778278,3.5626576,2,check50 error on helpers.c in pset4
37163,-2.0746143,5.937354,3,PS2 substitution
37164,-1.187952,-1.0997329,10,Querry regarding maintainence and usage of files in c
37165,-2.0454862,3.0055187,5,"Readability: facing an error ""pointer cannot be cast to type 'float'"
37166,0.9148407,9.626348,1,pset5 speller seems to be working but fails in check50 - here is my dictionary.c code. Could not figured out the problem :(
37167,1.6763306,3.7391496,0,"Pong assignment, using linux Mint"
37169,4.251772,5.65171,4,"CS50, pset4 recovery, partial recovery of one picture, inconsistent with debug"
37174,2.2099195,10.907651,1,pset5 Speller Valgrind conditional jump or move depends on uninitialized values
37175,-4.847266,4.2859793,7,"Runoff pset 3, arrrays and indexing"
37177,0.48336273,2.4504266,0,"ValueError: not enough values to unpack (expected 2, got 0)"
37179,-0.5754908,6.6784496,3,Caesar: Validating the key - stuck
37183,1.5916182,2.5938687,0,Project0 bot marks
37185,0.7779307,4.277911,0,"GD50 - Breakout | Bad Argument #2 (Quad expected, got nill)"
37187,-1.9155377,2.1473353,5,PSET 1 Cash two inputs don't get appropriate value
37191,0.0574016,4.025149,0,"pset 6 mario, I'm getting wrong ouput"
37192,1.1948488,9.575092,1,pset5 speller issue
37195,2.0545464,10.112686,1,"Speller - Program has memory errors, but Valgrind claims all heap blocks were freed"
37198,2.4731183,7.3211007,4,Pset4 Recover segmentation error
37200,0.94613594,4.167075,0,Mario Problem set 1 undefined reference
37205,9.569641,4.6934686,2,"pset4 Filter Reflect could anyone check my code, I can't find the error as to why it does not output desirably"
37207,9.976653,4.3412986,2,"PSET 4 filter, check50 shows no errors but on submission it scores only 50%"
37209,0.3329831,10.095363,1,PSET5 Speller hash function
37213,-1.943539,5.9800606,3,PSET 2 Substitution
37214,1.1715658,3.9785156,0,cs50 problem set 1 mario. check50 command returns error: 'You seem to be missing these required files: mario.c'
37216,-2.097118,2.7834983,5,Python function/rounding error
37219,10.731501,4.3826103,2,"Pset4 , edge , I dont understand what is wrong ,"
37220,-1.9113972,4.2400584,8,pset2 Readability - Wrong L and S
37222,-1.3864084,-1.2809514,10,Difficulty comparing sequence and individual in PSET6 DNA
37226,0.21850337,10.000569,1,PSET5 - Speller - Doesn't display anything past MISSPELLED WORDS
37230,-4.207187,3.7807753,7,:( print_winner identifies Alice as winner of election. print_winner function did not print winner of election
37231,1.5910733,10.506223,1,"speller giving error on valgrind, using 4 bytes of memory that isn't yours...indexing an array out of bounds"
37232,-4.420437,3.68126,7,PSET3 Runoff check50 help
37233,-1.9097115,5.7162275,3,PSet 2 -- Substitution set:
37236,1.8258585,1.1787809,16,"CS50W: ""flask.cli.NoAppException"" Can anyone explain this?"
37240,1.5091052,9.41761,1,CS50 Speller questions about how to move forward
37241,-4.35935,4.196033,7,Having problems with plurality for cs50
37246,2.583284,7.194657,4,PSET4 Recover Segmentation Fault Help
37247,1.0230463,10.36756,1,CHECK50 ERRORS IN SPELLER PSET
37249,0.21176806,3.676926,0,pset1 Mario more comfortable check50
37255,9.742794,3.8104703,2,"pset4 filter - blur - runtime error, colors off"
37257,1.9241352,7.0112357,13,Recover : if condition seems to not work
37258,-1.6950778,2.5374534,5,Pset2 Functions video - Valid triangle solution
37261,2.349509,0.4119775,12,"CS50 Finance Not Working, Error message says reason for error is colon? Help me"
37269,10.099984,3.788621,2,"PSET4 stuck on blur (filter), image doesn't change"
37273,-1.4488834,-1.4845469,10,"Kind of lost in pset6 dna, How to compare the max number of occurrences of the STR's with the database?"
37274,9.930102,3.1511967,2,Blur function doesn't work properly in 3x3 and 4x4 case
37280,0.03734394,10.026293,1,"SPELLER(pset5), output of misspelled words is more than actual"
37282,-0.5764661,6.0150924,8,I was doing problem set 2 for CS50x 2020 and I wanted to know why this is wrong
37286,-5.1379495,3.6588004,7,PSET3 Runoff - tabulate() function for multiple eliminated candidates
37287,-1.2760581,-1.2404819,10,Python pset6 - should a file be closed at the end of the program or in the middle?
37288,0.5302631,9.988738,1,Help with PSet 5 2020 - Speller - Check & Unload Functions (EDIT: logic error in Load Function)
37295,9.34498,4.859395,2,Pset 4 filter: reflect help
37297,4.359702,5.911696,4,pset4 recover issue with first recovered image
37301,1.6113596,0.20342599,16,Deleting SQL dynamically with Flask
37302,0.88494384,5.149261,14,initializer element is not a compile-time constant and expected identifier or '(' errors
37306,-0.24458714,5.2867,9,Global Variable vs Local variables?
37308,10.779069,4.3771996,2,I don't understand what's wrong with my Edge filter. Pset4
37309,0.72336215,5.6677547,9,"too few arguments to function call, at least argument 'format' must be specified"
37312,-1.1039191,6.2438226,3,"Cs50, cipher text not printing"
37317,-1.6350943,5.75833,8,Copying an array (string) to new array after light mutating (pset2 readability)
37325,1.6192105,4.779099,0,clang- error: linker command failed with exit code 1
37327,1.6662569,10.442312,1,CS50 Pset 5 speller valgrind error
37331,-0.93952453,7.0492806,3,I have the error of :( handles non numeric key - timed out while waiting for program to exit in Problem Set 2 Caesar
37332,-0.93538433,4.504891,8,pset2 readability. im getting 8 instead of 7th gread
37333,3.6892169,6.434227,4,"PSET4 Recover, don't know how to go through the blocks of data!"
37336,0.52649915,5.087208,14,error: expected identifier or '(' I thought I had solved this
37337,-0.80053824,6.9331665,3,Pset 2 - Caesar - Code accepts numbers with letters
37340,0.21802966,0.3433104,15,"Pset7 Houses, what does my error message mean?"
37342,0.29725233,4.48429,0,Nothing prints in Mario Problem
37344,-4.212344,3.7745879,7,"Tideman, my tests work but check50 says there is an error"
37350,-0.66768485,6.903913,3,Command-line validation key
37351,-1.2586969,6.7213826,3,"pset2 caesar - showing ""output not valid ASCII text once"""
37352,4.459878,5.429944,4,"Pset4 Recover: Code generates blurry, discoloured images"
37356,1.9821426,-1.004021,6,Passing parameters to sqlite3 throws incorrect number of bindings error
37357,3.495041,5.2330494,4,Pset4 recover. Im getting a check50 error .Searched for days . I still dont know
37359,9.370639,4.8393893,2,Stuck on PSET4 Reflection! Help Please!
37360,2.1854467,2.762379,0,Using submit50 on VSCode
37363,0.1962525,5.1235433,14,"Getting ""control may reach end of non-void function"" but I don't understand why"
37365,2.9213994,7.025917,4,PSET4 Recover Segmentation Fault Questions
37366,10.28954,3.606705,2,PSET 4 Filter (less) - Simplification of code for blur
37370,1.2772247,0.439641,16,Unsure of what my DATABASE_URL is
37375,0.045707505,3.9830678,0,pset1 less comfortable mario
37376,0.0978471,7.1662335,3,I have a segmentation fault in Caesar in pset 2
37377,10.143482,3.7837536,2,PSET 4 filter less comfortable (blur filter) help
37378,4.1079617,6.0196,4,pset4 recover - rick rolled - thinking about this the wrong way?
37379,10.766777,4.3876386,2,FIlters (more) - Unable to crack Edge
37390,2.0554967,-1.2828459,6,How to return a value while calculating between two columns from the same table in postgresql?
37391,10.765911,4.267548,2,PSet4 - Filter (more) - Edge
37397,-4.2547283,4.1788387,7,Why am I running into a segmentation error in PSET 3 plurality?
37401,9.513244,4.185052,2,pset4 filter won't open file
37404,4.8569446,6.416522,13,CS50 Recover - Need Help
37409,-4.797033,4.1638703,7,Help with pset3 runoff
37411,0.7244566,5.075647,14,Why do i get these errors? i am new to programming so please be easy on me. The errors are in the body
37413,10.105708,3.6045468,2,pset4 Blur (Filter) not passing check50
37415,-4.308972,4.209985,7,"PSET3 - if(!vote(i, j, name)) {return 4}"
37419,9.736827,3.1011598,2,"Blur works visually, but check50 reads errors for every section"
37421,-4.960726,5.200012,18,Tideman sort_pairs function
37424,1.3975816,10.249102,1,SEGFAULT in pset5 speller
37427,2.7575486,-0.74752176,6,Pset7 buy route error due to API use by lookup function
37428,-4.052538,3.9141164,7,Problem set 3 Plurality check50 error
37430,-1.3843349,6.6429496,3,pset2 - Caesar. Code works but fails check50. Expected and actual output match
37431,-4.8512497,5.111539,18,Pset3: Tideman - Sort_pairs function
37436,-3.211298,2.0566826,5,get_long seems to return the incorrect value
37437,-4.464225,4.149392,7,PSET3 Best Practices for Speed in print_winner()
37440,0.105032444,0.07400569,15,"Pset 7 Movies - 13.sql ""Error When Executing Query - Too Many Statements at Once"""
37441,0.069309086,4.288855,0,Mario steps: How to make it do the opposite of what has compiled?
37452,-4.920096,5.1942005,18,CS50 Tideman sort_pairs does not work correctly
37453,0.33752087,5.0632176,14,I'm getting an for error expected expression. What exactly I'm I doing wrong?
37454,0.25073934,3.7470572,0,"pset6 mario/more - output is seemingly correct, however failing tests"
37459,4.032473,6.196066,4,"CS50 pset 4 recover, only two images recovered"
37460,0.6147657,6.3996325,9,Confusion about comparing strings and int/char
37461,2.0318217,9.619172,1,PSET5 Unload() recursive sub-function causes 112 bytes to leak - why?
37468,4.86919,6.5008984,13,CS50 Recover JPG's not rendering correctly
37470,10.7259445,4.281162,2,PSET4 filter (more) - edge
37472,-0.23848662,5.4251785,9,How to get my code to re-prompt when given a non numeric input?
37474,-0.86634356,6.976514,3,Pset 2 caesar handles non-numeric key fail
37478,2.524676,9.515184,1,CS50 pset5 program is free of memory errors valgrind tests failed;
37479,-1.4696707,6.619573,3,"Check50 for caesar, pset2 returns an error ""Not valid ASCII text"" twice, even though it encrypts correctly for the same text used in check50"
37483,-4.4599824,3.6865804,7,"Printing to stdout? (PSET3, RUNOFF)"
37489,1.3989596,9.136879,1,Segmentation Fault in pset5 with the Table Variable
37491,4.105834,5.9463453,4,"(Solved)pset4 Recover: Generates all files, but are nowhere near complete"
37495,-1.9895563,5.9889364,3,"Pset2 - Substitution: Output seemed correct, failed on some check50"
37496,-0.24813762,5.6883388,9,How to make my code print?
37499,-0.46010223,4.4657445,8,Pset1 How do I get my code to compile as it should?
37501,0.024652096,9.736972,1,PSET 5 - Speller : Cannot handle apostrophes and sub-strings
37502,-4.8748817,5.04477,18,CS50 - Pairs Array Number format for tideman - Sort Pairs
37503,0.17032243,7.0122733,3,"My code for Caesar gets segmentation error when executed, but in debugger it works fine"
37508,1.3739843,0.46715954,16,NameError: name 'db' is not defined
37510,-5.2484574,3.6361072,7,"Back again with runoff problems, tabulate() passes no check50 tests"
37512,-1.9965794,5.8785644,3,pset2 substitution - isalpha doesn't seem to recognize letters
37519,2.1631534,10.88048,1,Pset5 Speller -- Conditional jump or move depends on uninitialised value(s); Uninitialised value was created by a stack allocation;
37520,-2.4347746,1.9635038,5,Need help (or idea) making the code looks cleaner. (PSET1/CREDIT)
37522,-1.0169894,6.97863,3,"Caesar doesnt pass ""non-numeric key"" check"
37524,-1.0065905,4.4462924,8,cs50 question. Pset2 Readability
37526,0.5118186,9.716174,1,Pset5 Seg fault speller
37528,2.389136,2.314514,0,"adminer.cs50.net giving ""Session expired, please login again."" error when attempting to login"
37531,0.023294019,9.20555,0,Should the display names in Project2 be case sensitive?
37538,2.7938478,4.5864444,0,Issue with Recover code.While using cs50 check it fails giving the following message : timed out while waiting for program to exit
37539,-1.7324892,4.2476435,8,Readability problem week2. Grade 7 example sentence returns grade 8
37542,-1.5990463,5.9727445,3,"Having problems with Pset2, argv[1]: program doesn't 'see' it"
37544,1.7765186,10.568169,1,Pset 5 Speller valgrind error
37546,-0.37859344,10.178803,1,Cs50 speller. Tried many ways but failed and can't get any green in check50 . Please check and help where i am wrong
37548,3.9650674,5.95443,4,PSET4 Recover - Code gets stuck at if statement
37549,2.436443,2.364097,0,adminer.cs50.net not accessible
37552,0.23823525,3.9783745,0,When printing mario problem the second triangle appears below the first one
37555,-4.9019775,3.5489652,7,check50 errors - runoff
37556,0.89584845,9.523482,1,Pset5 - Speller load function
37557,0.03410041,-0.07492919,15,PSET7 Movies Q8 - Why these queries return different results?
37559,-2.7664666,1.7210237,5,it is about credit in pset 1 code (no error but doesn't work) it doesnt show amex or visa or mastercard just keeps prompting to enter again
37560,9.697227,3.798789,2,PSET 4 Filter / Blur : I couldn't pass a struct as an function argument what is the reasson?
37562,10.739786,4.2916527,2,PSET4 - Filter edge too yellow
37564,10.001135,3.388188,2,CS50x Problem Set 4 Blur Function Issue. Does not work on 3x3 or 4x4 image
37569,1.2593952,0.48532835,16,Problem in importing from csv file
37573,-0.13446069,10.358329,1,Ap cs50(or cs50) hash speller
37574,-4.3031926,3.667741,7,pset3 runoff print_winner check50 error
37577,-1.3520572,-1.2812983,10,Need help with Iteration & Compare DNA - CS50
37580,1.4617054,4.5734134,0,Mario problem in IDE
37581,1.2061046,9.569387,1,Getting a segmentation fault when i try to run pset5 speller and i'm not sure what's the problem. Appreciate it if someone can explain. thanks!
37583,4.248618,6.125165,4,pset4 reError interpreting JPEG image file (Not a JPEG file: starts with 0x62 0x74)
37590,0.14525333,2.0803146,0,"I am working through roster.py, but the first line in the solution is not printing in my output. why is this happening?"
37595,4.8990726,6.4561315,13,"Recovers images, but Check50 is not happy!"
37596,2.6324627,-1.2101812,6,Internal Error Served if user doesn't own any shares or sell all his shares in Finance
37597,-4.993251,5.2280083,18,Failing add_pairs function check50
37598,1.3581961,9.345677,1,i keep on getting segmentation fault in pset5
37599,2.1025112,9.839074,1,Cant figure out where im going wrong with unload and check
37600,2.694696,4.564832,0,cs50 Recover: What's wrong and what should I do next? My code isn't outputting anything at all :(
37602,10.152365,3.8259032,2,pset4 Filter Issues
37609,-0.42044017,2.6649857,0,pset7 Houses get 17% submit
37611,-4.246016,4.120006,7,PSET 3 Plurality - Program works but also returns invalid vote?
37614,-1.3167422,4.955002,8,Incompatible pointer to integer conversion passing 'int on functions
37617,2.867545,0.06709447,12,Finance: Ensuring no duplicate usernames
37620,-4.794282,3.405903,7,what does different return value signifies in this problem of runoff?
37623,4.107877,6.102685,4,"cs50 Recover: Pls help, I tried editing my code"
37625,-1.4041063,-1.1839157,10,"MY code works with a hardcoded string, but not a string object"
37626,4.249806,5.79163,4,"I am having trouble with the 2020 pset4 Recover assignment and even though my code compiles, it doesnt work, its not recovering the images"
37632,4.755119,6.59963,13,Recover program: Can't produce the 50th jpg (049 jpg)
37634,-4.181301,3.8094468,7,PSET3-Plurality. Check50 print winner Alice
37635,10.600815,3.9048278,2,Pset4-Blur function edge value issue
37636,1.1722395,0.45744845,16,postgresql syntax error
37637,1.2281035,7.1891823,9,Check function Segmentation
37642,-0.33461323,9.7881775,1,Hello! I am stuck on pset5 speller
37644,-0.9465403,7.0394144,3,Caesar week2 CS50
37646,-1.7048392,2.653045,5,pset 1 Question about difference between Mario and Cash (get_float get_n)
37649,-5.5676017,5.7295475,18,p_set3 why does the int main clear the graph of locked in pairs?
37651,0.07852511,-0.022595571,15,"pset7 Q7: How many actors are named ""Meryl""?"
37652,-4.695611,4.296054,7,What's in the bool function parenthesis?
37654,4.336444,5.900985,4,PSET 4 Code fails two checks
37657,-4.6433415,4.0015283,7,Pset3 Runoff - Printing All Candidates
37659,0.8971515,9.661905,1,load function in speller not working properly not seem to figure out the correct way to link hastable?
37662,1.9815238,10.417474,1,Pset5 Valgrind Error: Reachable Memory
37668,1.4943374,0.5350602,16,sqlalchemy.exc.ArgumentError: Could not parse rfc1738 URL from string
37670,1.5239165,4.555098,0,i use terminal to run mario stuff in my mac
37671,10.627361,4.355756,2,"pset4 filter ""edge"" passed check50, but can't produce images. SEGV on unknown address"
37673,2.2253044,0.6724878,17,Trying to flask run the task session on the CS50 web Lecture DATABASE issue
37676,-3.0542655,2.00638,5,I can't get the Luhn algorithm to run properly in my code
37677,10.650042,4.414276,2,PSET #4 - Filter (more) - Edge
37681,0.13624202,10.13225,1,cs50 pset5 speller check function too slow
37683,10.739889,4.4135613,2,Edge detection produces weird outputs
37684,-4.2284384,4.464209,7,pset3 plurality - trouble implementing a linear sort
37688,4.8662786,6.520461,13,Why does my Cs50 recover programme correctly recover all images except the first one?
37689,1.5548625,10.215482,1,Speller program memory leaks
37692,2.5775812,0.7055883,17,Please help with socketio messaging
37694,1.9876744,3.4384387,0,Can't access directory on commant prompt. Can I just drag the zipped files into repository instead?
37695,1.8941735,10.483817,1,"CS50 PSET5 Speller Valgrind error: still reachable: 8,013,096 bytes in 143,091 blocks"
37696,1.2955856,0.3844043,16,Houses ~ Import.py - Nothing being inserted into students.db
37702,2.2424316,0.60214555,17,Flask Sessions Not Working
37705,9.608094,4.6861763,2,PSET 4 Errors: where did I go wrong?
37706,9.39939,4.824773,2,pset 4 reflect & blur work but don't test
37712,2.4693894,7.271705,4,CS50 ~/pset4/recover Seg Fault
37713,2.0968149,3.0623603,0,"Unzipped the file, how do I run the cmd ""touch index.html"", so I can create a new index file for my repo so I can commit and just start coding?"
37716,-0.111571476,3.9969585,0,Pset1 Program does not stop printing dots dots/spaces for the pyramid and I don't understand why
37719,-5.4837337,5.6422634,7,Pset3 Tideman: lock_pairs skips middle pair if it creates a cycle
37720,3.1044674,1.5434806,11,How to reduce paragraph width without moving paragraph to the side?
37726,3.3649132,6.569558,4,(pset4) Fatal error: glibc detected an invalid stdio handle
37729,0.8679051,4.2764535,0,Error: use of undeclared identifier 'j'
37731,0.2211309,10.0168495,1,pset5 speller almost all words are misspelled
37733,-0.2659486,2.4606845,0,PSET5 check50 fail but same expected output from actual
37734,3.9077241,6.348818,4,pset 4 recover (My code compiles but does not do a thing)
37740,4.316885,5.914863,4,CS50 pset4 recover.c produces unsupported jpg images
37741,2.780288,-0.8172928,6,CS50 Finance lookup function always returns NONE
37743,-4.1888247,4.115482,7,Calling 'Vote' function in Plurality (Problem Set 3)
37746,1.9492482,10.816791,1,Pset5 Speller: Valgrind issue - conditional jump etc
37749,-4.2341576,3.666251,7,pset3 print_winner (prints name when someone has a majority)
37750,-1.5482455,-0.8710433,10,"PSET6 DNA - I passed every test it wanted me to do, but I got 42% after submitting?"
37756,0.33009672,3.8791778,0,How do I make the pyramid in mario.c less render normally?
37757,-0.21057095,10.16035,1,"Speller (PSET5) has output that is exactly the same as the staff's solution, but check50 returns many errors. What's happening?"
37758,1.672354,2.6198297,0,Why does my re-submission of a project from 2019 get a lower score in 2020?
37763,-1.7593901,6.2259555,3,[Week 2 Substitution.Why does my code fail the checks even if the output is correct?
37765,1.8022764,7.1829004,4,Week 4 recover segmentation fault
37770,-1.6772313,3.2448797,2,Pset 3 Min function need some help
37771,-1.6628897,2.7959032,5,Error: Use of undeclared identifier in cash.c
37773,0.94516057,9.42937,1,PSET 8 Description Struct problems
37775,-4.1373334,3.7916048,7,CS50 pset3 plurality program gives error for print_winner function (did not print both winners of election)
37777,0.262327,2.6195457,0,Check50 issue pset1
37778,0.20803016,4.927775,3,CS50AI Project Knights Puzzle 1
37781,0.3796436,6.3005877,9,passing argument 1 of ‘strlen’ from incompatible pointer type
37785,2.208017,10.881693,1,Valgrind uninitialized values pset5
37787,-1.489286,-1.2829608,10,DNA is good for the small database but not for the large database - CS50 Pset6
37789,-1.7883918,2.6506045,5,Cash.c:11:24: error: expected expression
37793,-0.26495004,4.521413,14,Error: more '%' conversions than data arguments
37795,2.409317,9.942227,1,"Memory issue (Valgrind ""Still reachable"")"
37797,-1.119073,2.5389059,5,Incorrect output by check50
37803,2.2041183,9.97275,1,Pset5 Memory leak in unload()
37805,-0.29826164,10.321833,1,"Speller Works on all .txt files, but FAILS Check50"
37806,-0.7445204,7.0150533,3,PSET2 caesar. I am having trouble checking to make sure that the key is an integer and that it has two arguments in the command line
37813,-1.1413716,6.454421,3,"Caesar fails Check50 due to final ""\n"""
37815,2.2351668,10.012945,1,Valgrind says no leaks possible. However has lots of errors
37820,-1.829275,4.07451,8,I have tried and looked through my code but every output it prints is Before Grade 1. And it is compiling without errors
37822,0.88595885,9.534461,1,pset5 Speller: No Correct Output
37823,4.8490133,6.3363357,13,CS50 Recover jpg files not found
37824,1.775187,2.5747871,0,bot50 invitation on me50
37827,-0.82904387,6.2493734,3,Strlen function does not give the intended output
37831,-1.1302495,4.7747803,8,pset2 readability. The brackets are in the wrong place but I can't figure out where they should go to make the program work correctly
37832,-1.8703487,4.2861724,8,"Pset2 Readability test fail ""complex single sentence"" Grade 9 instead of Grade 8"
37833,-1.9197997,6.304776,3,"Pset2 - Substitution - ""Output not valid ASCII text"" error despite correct cipher output"
37837,3.7398615,5.800364,4,PSET4 Recover - Can't Read Card
37839,4.5409136,6.162041,13,Absolute path in Cloud9
37842,10.115215,3.7920082,2,PSET4 FILTER(LESS) BLUR HELP!
37843,0.11956485,0.25208643,15,CHECK50 Bug in pset7: movies SQL
37846,1.2403312,0.5020611,16,Can't import books.csv using import.py
37847,1.4782103,10.013892,1,Shows double free or corruption (fasttop)
37851,0.042152822,6.974266,3,getting segmentation error when I use check50
37853,4.3505807,5.7105145,4,Pset 4 Recover - Middle Images Don't Recover Correctly
37854,3.8387241,6.6530232,13,"""File size limit exceeded"" in Recover - how does file writing work?"
37855,-1.9544353,2.1307468,5,Improvement in Cash Code
37856,2.4551718,2.491047,0,cs50w Project 1: Web page running very slow
37858,4.6339235,6.5698113,13,"Why my Recover images are Invalid or ""Unsupported Image Format""?"
37860,4.91854,6.463785,13,Image does not match in the recovery problem
37863,2.252109,0.5025229,17,Rendering a template with a basic code and the ip throws a 500 internal error
37864,-4.269907,4.1658983,7,pset3 plurality errors: expected expression if for
37867,0.37808725,10.443719,1,Speller Load doesn't see certain words
37870,0.057961877,-0.07395254,15,Misuse of aggregate function CS50 Pset 7 10.sql
37871,-1.4997485,6.0504665,3,"Can't fix logical problem, pset2 substitution"
37872,9.390701,4.8136168,2,PSET4 Filter Reflect : No Reflection
37874,-1.9804112,5.8367834,3,pset2 substitution
37880,9.947269,4.3069644,2,Pset4 less comfortable errors!
37883,2.5264435,7.181362,4,"CS50 PSet 4 Recover, Segmentation Fault"
37884,0.26642478,10.449076,1,Speller doesn't answer correctly
37886,1.7794833,3.9413176,0,Week2 Help50 Make Buggy0 doesn't work
37888,-0.39337984,3.0734634,0,Program and debug50 different results
37890,10.446482,4.0501137,2,"Getting partial output in Blur (pset4 filter) , trying to debug edge and middle pixel"
37892,2.4489143,9.791295,1,PSET5 - Valgrind error - no enough bytes are being freed
37895,3.0076976,5.197236,4,Pset7 Movies Q12: I don't get what's wrong
37898,-0.2908209,6.053876,9,Splitting integers into separate digits in C
37901,3.5447001,6.60382,4,Recover function in pset4
37903,4.2699623,5.700623,4,PSET 4 Recover - Only recovering part of the photo?
37904,9.541069,4.15839,2,Pset4 Grayscale Not doing anything to image - Nothing happens to the images spit out of this am I doing something wrong?
37908,0.062362906,5.1107836,15,CS50AI 2020 - Quiz 1 - Entailments
37914,2.465029,9.674411,1,Valgrind shows memory error pset5
37915,-0.14073569,6.839663,3,Problem Set 2 - Caesar
37916,-3.0310564,1.7661933,5,Split double digits into 2 separate integers
37922,2.1272538,10.164749,1,Pset5 Speller: Valgrind error with bool check
37923,0.41864207,9.7833395,1,"pset5 speller ""Could not load dictionaries/large"""
37926,4.109325,6.1368966,4,PSET4 recover. Why doesn't my counter increase?
37928,-3.2643847,2.0882003,5,error: result of comparison of constant with boolean expression is always true
37929,3.22321,6.432665,4,How to write a fread function
37933,-1.3880093,5.9343963,3,How to reject repeated letters for Substitution in Problem Set 2
37937,2.1593597,7.8383307,4,pset 5 Seg Fault
37938,0.048879962,3.6703007,0,"pset6/less/Mario passing all checks, but score at 90%"
37943,-0.45694342,6.679081,3,Caesar problem: Validating keys
37947,0.14456601,7.0699577,3,Segmentation fault in Substitution - Problem Set 2
37949,9.8700485,3.1701078,2,"Blur function, doesn't work for 3x3 and 4x4 image"
37950,-0.27206156,7.152486,3,Pset2 Caesar Memory Leak
37956,10.010856,3.414342,2,CS50 PSET4 FILTER BLUR
37957,2.022281,10.202123,1,PSET5 Speller using trie memory leak
37961,3.9365718,5.891998,4,"Pset4 recover: when I press enter, there's no results but just go to the next line"
37963,9.272089,3.977068,2,What is the explaination of the declaration of image array in filter
37965,9.873757,3.6388404,2,CS50 Filter blur
37968,0.23814292,9.9873495,1,pset5 speller load - check function it does compile but my words in dictionary output are not correct
37970,9.851045,3.6747665,2,pset4 filter /blur
37972,10.326049,3.4833217,2,CS50 PSET4 Filter/Blur
37973,0.022393847,9.302658,1,PSet5 case-insensitive using strcasecmp
37974,4.207795,5.597173,4,"Help with ""RECOVER"" Pset4"
37976,-0.52404577,3.4132695,0,"Need help with Plurality, I'm able to compile the code but when using check50, it says the code has failed to compile"
37984,9.645545,4.135055,2,Pset4 - Filter - Nothing happens to images
37987,-1.4934107,-1.4860135,10,DNA pset6 - Unable to calculate maximum STR repeats in DNA file
37988,10.016558,3.7803946,2,pset4 filter blur
37993,2.2389615,10.9326105,1,"almost there, but Valgrind reports an uninitialised value"
37994,1.3897761,10.52211,1,Speller Valgrind Error
37995,-1.479923,-1.4238693,10,Counter fails to update for DNA
38000,0.5982025,4.95025,14,Can anyone tell me what ive done wrong and breakdown how to properly prototype and deploy created functions?
38001,0.098052606,3.8541052,0,Pseudocode step by step
38005,-0.3114194,2.0542717,0,pset7 houses printing the error message if wrong usage
38006,4.2457356,6.3215256,4,"PSet4 Recover, only finds 22 corrupted photos, doesn't pass Check50"
38009,-0.36601487,9.731169,1,"Need help: pset5 ""Speller"""
38010,10.016636,3.4999785,2,PSET 4 blur function only passing one test case
38011,-5.5698733,5.730911,18,Please help about tideman lock_pair function!
38013,-0.19008331,5.166377,9,Do - While loop
38019,-1.266714,-1.2824895,10,"Pset6, DNA - Convert all columns in a list to integers, skipping the first column"
38020,-1.7817986,4.301207,8,Pset 6 Readability returns higher than expected grade
38026,1.5514379,0.2792473,16,Nesting SQL queries in Flask (final project)
38030,0.2898592,5.094787,14,"Expected expression on ""valid triangle"" exercise? i thought the 'or' symbol was 2 lines ( || ) what have i done wrong here?"
38031,10.667829,4.3312783,2,CS50 PSET4 Edge calculates correct values on all tests unless the correct value is 255
38034,4.2164903,5.9893017,4,"PSET4 Recover, Dynamic File Names"
38037,3.686024,5.633454,4,"CS50/PSET4/RECOVER- Error- ""Can't open card.raw: file format unsupported"""
38044,10.667048,4.3581614,2,Q: PSETt#4 - Filter (more) - Edges
38045,-4.833725,3.5029678,7,pset 3 runoff find_min - where is my logic failing ? - the check gives and error saying it doesn`t find the correct min
38047,-2.0647457,6.0050325,3,pset2 substitution not working
38052,-4.938592,5.19091,18,sort_pairs function not working as per check50
38058,3.639763,6.605419,4,How to skip loop iterations with debug50?
38060,2.7646542,2.1773036,17,Volley error while attempting to access the PokeAPI
38063,-2.8446863,1.5662888,5,PSET1 - Credit: Check50 says wrong what should be right
38064,-4.281746,3.6656966,7,"When a test didn't passed and the describing cause seams to contradict reality, how to get more specifics about the test?"
38068,-1.3772007,-1.4970697,10,"PSET6: dna.py, updating dictionary"
38069,1.598681,0.7417427,17,.fetchone() is returning extra characters
38075,2.3847647,7.1086016,4,segmentation fault in recover probably due to sprintf
38078,1.6127634,4.3751574,0,"Problem Set 1 help, clang hello.c, and ls (list)"
38082,1.7337803,9.9166,1,CS50 Speller Load function
38083,-0.15621156,10.3987055,1,speller works fine but can´t pass check 50
38087,-1.5657157,3.2009556,7,Greedy Algorithms PSET1. I wrote this code but at some cases it fails to give the correct output. Can someone please help me.?
38089,1.564565,0.23978396,16,Join table seems showing an error
38090,-5.55479,5.717941,18,Logical flaw in Problem Set 3 - Tideman?
38092,-1.481918,6.706932,3,PSET2 Caesar (BARFOO/BaRFoo error)
38094,-0.2959034,9.824105,1,"PSET5 Speller - Just totally lost, code compiles but all check50 tests fail"
38100,3.2952754,6.4656043,4,While loop for recover pset4
38103,0.48699194,2.6177275,0,Problem with path reversing in CS50 AI -> Degrees
38108,10.4350395,3.6480205,2,"PSET4 - Filter (Less) Blur - Keep getting :( blur correctly filters middle pixel expected ""127 140 149\n"", not ""118 131 140\n"""
38111,0.24973011,3.426925,0,How do I correct style50 mistakes to my program?
38114,1.6135275,4.360813,0,Says that ./hello is a directory and error code when say clang -0 hello hello.c
38115,2.2565658,9.740478,1,cs50 Pset5 Valgrind Error
38118,0.39836305,9.98805,1,Pset 5: Code can't handle basic words and substrings properly
38121,0.68869996,4.308399,0,Syntax Highlighting Error
38123,4.358151,5.8510346,4,Code only detects one jpeg in pset4 recover problem
38125,2.1380847,10.244199,1,PSET5 Speller - Memory error
38129,2.2217898,10.919691,1,CS50 Pset5 error: conditional jump or move depends on uninitialised value(s)
38130,10.742653,4.361854,2,PSET 4 - Filter: Anyone able to help me on Edges?
38133,-1.6244934,-1.0352256,10,PSet 6: DNA gives correct as well as wrong ouput
38135,3.2300618,6.426691,4,fread() return value
38136,4.9046264,6.454395,13,"Recover compiles fine, does not 'recover', and fails Check50"
38140,2.5099573,7.2973294,4,"PSET 4 Recover, don't know what's causing seg fault"
38141,-5.0094275,5.2390647,18,Pset 3 Tideman lock pairs function
38143,4.4529834,5.7576056,4,Pset4 recover: Images recovered but check50 failed
38152,-0.67846906,2.950777,0,PSET3 Plurality Problem
38154,1.2097816,8.720489,1,"Linked list, List isn't passing by reference?"
38159,9.979446,3.4838963,2,"pset4 problem with blur, can't find what's wrong"
38161,2.146943,7.19565,4,PSet 3 Plurality keeps getting 'segmentation fault'
38163,10.194597,3.261015,2,What is wrong with my filter blur?
38166,2.2179804,10.897169,1,PSET 5 Unload Segmentation Fault
38167,0.10261809,3.9054143,0,What are the requirements for Week 6 Mario (more)? My code works but the grade book shows only 96% completeness
38170,0.81726336,6.8637605,9,"Pointer passed as argument, then suddenly goes null"
38173,2.250913,10.8953285,1,"Valgrind errors: ""invalid read of size 8"" and ""...uninitialised value"" (pset5, speller)"
38177,2.2350404,-0.37701842,6,How to enter Jinja variables as values in my tags
38179,-1.6525635,-1.1115003,10,pset6 DNA - range() not working as expected
38184,0.11921507,10.132089,1,"Check function (pset5, speller) gives multiple, incorrect outputs for some reason"
38187,3.058443,5.5530005,4,PSET4 Sepia If Statements
38188,0.38505232,6.9541354,3,Segmentation fault with overwriting chars
38192,9.942988,3.4966764,2,pset4 filters: thinking behind blur
38194,9.788937,3.265945,2,"Help with Blur filter! The output image is not blurred, but is returned as a darker image of the input"
38196,0.9411517,9.614995,1,"check50 keeps printing ""Could not load basic/dict."" what might be the problem in the code?"
38200,0.02686875,0.06586083,15,"PSET 7 - 6.sql, terminal just hangs"
38202,1.0956453,4.164973,0,No rule to make target 'mario'. Stuck on where I am going wrong. Cannot compile existing file
38208,9.341677,4.877319,2,Pset4 Reflect not working on 4x4 image
38209,0.36558962,3.8122375,0,Errors on Mario pyramid
38210,2.7630486,6.6504626,9,Incompatible pointer types passing BYTE to FILE
38211,0.95719504,10.501286,1,Stuck badly in Speller - segmentation fault
38214,4.86846,6.482741,13,"Last cs50 check not working help pls sos, I'm a beginner in C!"
38218,-1.4908253,4.9679523,8,Pset2 readability
38219,4.3056974,5.320438,4,pset4 recover works correctly but fails check50. (not a duplicate because i want to figure out why MY code does not work)
38221,2.4920936,0.3533453,12,CS50 Finance/Own website log-in Check Error
38224,2.059272,0.45018014,17,RuntimeError: missing value for placeholder (:name)
38225,-1.6041673,-1.1106766,10,"PSET6: DNA returns ""no match"""
38226,-1.7857713,4.1577606,8,Having problems producung the correct result using the text extracts provided by CS%). I cant see where it goes wrong when finding the correct grade
38231,0.1783199,3.9568233,0,PSET1 Mario pyramid - Can someone explain me the logic of this line of code?
38237,2.089681,-1.1664605,6,cs50 Finance Runtime error FOREIGN KEY constraint failed
38240,-0.54282063,6.9254684,3,Testing code to validate input using a parenthesis for cs50/pset 2/caesar.c I get error bash: syntax error near unexpected token `)'
38245,9.98176,3.5354853,2,"blur pset4 help please, my code compiles but it does not pass any of the check50 at all"
38248,-0.0869934,6.9263625,3,Getting a segmentation fault when testing my code. I want to make sure the user is typing a correct input e.g. ./caesar 2 and not ./ caesar a
38249,0.40044925,2.361091,0,Error in Python--Cs50 week 6
38252,4.563993,6.102693,16,"Retrieving image from SQLite, ""Invalid or Unsupported Image Format"""
38256,2.2539957,7.317295,4,PSET 5 segmentation fault on checker
38258,-1.8744375,4.4200554,8,Pset 6 readability index constantly returns negative number
38259,10.754963,4.333681,2,cs50 pset4 edge filter too much white
38260,2.2543387,10.03118,1,Pset5 memory leaks
38268,-0.34063163,10.3670435,1,Speller.c doesn't work
38273,1.6733959,10.649911,1,Speller Valgrind error uninitialized variable
38276,0.111427434,10.128213,1,Pset5 Speller: every word in text reported as misspelled
38277,-0.96528596,7.018455,3,"I have ""handles non-numeric key timed out while waiting for program to exit"" problem inPset 2 and I can't solve it"
38280,2.058781,10.155112,1,PSET5 speller memory leak and dictionary not unloaded
38287,1.1580542,10.277034,1,pset5 speller everything works but the program won't end
38291,0.17122398,3.866601,0,PSET 1 Less comfortable Mario
38292,0.11627607,4.3700356,0,mario pset 1 starter issue
38298,-3.0324252,1.6814523,5,CS50 PSET6 Credit
38301,1.9038815,4.2299347,0,Unable To Install CS50 Library for C on Android Termux
38307,-5.246656,3.6631837,7,Pset3 Runoff tabulation issues
38308,1.0300205,4.3939657,0,ERROR PROBLEM SET 1- CS50 LIBRARY
38313,-0.26906508,6.749199,3,How to invoke command line argument functions outside of main? caesar.c
38317,-2.0523634,2.4422922,5,"PSET1 Cash, .41*100=0?"
38319,1.5381447,10.577078,1,"PSet5 Speller, Load Function, help50 Valgrind returns ""==2480== Conditional jump or move depends on uninitialised value(s)"" at the strcpy line"
38322,0.25216693,3.624521,0,My 'pset1 Mario more comfortable' is returning check50 errors whilst seemingly correct
38326,1.7276762,10.509328,1,"pset5 speller, passes all Check50 requirements except the last one (Valgrind)"
38327,1.6434401,4.2238917,0,Cant get past the ls command in hello.c
38331,0.25957918,10.334747,1,dictionary is allways null
38333,0.46978757,2.5803313,0,Struggling with logic on cs50 AI search
38335,0.20413475,0.1878128,15,PSET 7 Movies 12.sql
38337,-1.438469,-1.5081214,10,Else is ruining my code in dna and I don't get why
38339,0.22918876,4.828553,0,CS50 AI - Knights - Knowledge 3
38340,0.75215775,9.935287,1,strcpy not working with struct items
38341,0.9342467,9.657704,1,all my speller words are misseplled
38343,9.500544,3.8311696,2,Cannot understand why valgrind is giving error although check50 runs properly
38346,10.676646,4.224858,2,Is there an operator for raising in a power in C?
38347,9.352992,4.80808,2,PSET 4 Reflect help
38350,2.5576339,7.1729493,4,Pset5 segmentation fault due to sprintf
38351,-2.8216162,2.2926123,5,ProblemSet1 - Credit.c - Issues assigning the sum of the numbers on a variable
38355,0.025318827,-0.10293343,15,Pset7 (Movies) 12.sql: Table outputs 96 rows rather than 5 rows
38356,-2.1395361,2.830775,5,ProblemSet1 - Another Credit.c issue - Can't convert the floating value of my variables into an integer value
38358,-1.907237,6.3190928,3,"pset 2 - Substitution - ""output not valid ASCII text"" error"
38362,-2.8048096,1.6885858,5,"Stuck with pset1 credit question. I don't know why I'm not able to get any ""Valid"" outputs when a valid card number is entered"
38363,0.65413976,3.2899048,0,"unable to check50 my work due to this error message, what does it mean?"
38367,2.038508,9.880989,1,"PSet5, Speller, all correct but problem with Valgrind"
38372,0.30600995,4.347992,0,Unable to compile pset1. Mario (Less comfortable)
38374,3.9322634,6.169292,4,"Issues with PSET4 recover (recover.c), can't create jpg's (segmentation fault)"
38377,10.742491,4.3734765,2,PSET4 Filter (more) Edge
38378,-1.2702547,3.4759643,3,"rejects a height of 9, and then accepts a height of 2 expected """" #""\n""##"""", not """""
38383,1.4550692,2.837133,0,submit50: command not found
38387,2.795492,0.096872754,12,Password leak in finance
38390,2.1357417,10.326761,1,PSET 5 Speller Failing free memory of errors final check
38391,-1.2880656,6.4838915,3,pset 2 caesar -- bug that specifically lowercase letters with key more than 52 don't work -- everything else does
38392,9.575658,4.088321,2,pset4 filter grey scale error
38394,-1.6553104,-1.2114234,10,PSET6 DNA only getting no match
38400,-2.1049538,2.5217772,5,cash (less) - ouput is not converting from dollars to cents or rounding
38402,-4.875433,4.031433,7,Trouble with vote function
38410,-0.027713602,9.975868,1,"PSet5 Speller, passing test cases but not check50"
38412,1.6444578,4.4960046,0,clang issue keeps saying error
38414,1.9652783,3.8533905,0,How can I get the cs50.h to run in Visual Studio Code?
38424,9.968082,3.208377,2,Need help with CS50's Filter (less) Blur
38425,-1.7760441,4.4816127,8,Pset2 Coleman-Lau Index Always Prints -15
38429,3.2799966,5.5338426,4,Pset4 Recover. I think that I did well but it doesn't work
38431,0.92370754,4.346328,0,mario less comfortable help
38434,2.864044,7.1885543,4,"recover compiles but has segmentation fault when running it with ./recover card.raw, could anyone take a look"
38436,-0.3304382,2.88475,0,"My code matches the outputs in the keys, but does not pass check50"
38438,0.053654555,3.1792104,0,"mario more comfortable; ""can't check until a frown turns upside down"""
38440,4.4319735,5.6186767,4,"For PSET4 recovery, i can compile and now get 49 pictures, check50 error: ""recovers middle images correctly recovered image does not match"""
38442,0.67136097,9.465055,1,PSET 5 My hash table doesn't seem to be storing correctly
38444,-4.1816564,4.1184583,7,pset 3 plurality
38450,-1.5173253,5.188604,8,Why doesnt this code function?
38453,-0.61989266,6.4158783,3,Why the if statements don't work when I put them into loops? Caesar PSET2
38460,0.10370817,4.3715334,0,Breakout: having trouble tripling my ball
38463,0.0961163,0.0052465424,15,How to exclude 'Kevin Bacon's' name from query table?
38464,0.08475558,5.2897396,9,Else If Boolean Statements of Equality In the Case of Complex Numbers
38468,0.26003337,0.33343613,15,PSET 7 movies 5.sql check50 not giving the actual output correctly
38469,2.5172634,7.2823057,4,"PSET4, RECOVER: Segmentation Fault"
38471,3.5173004,6.560548,4,PSET 4 Problem Set Recover
38475,0.42296508,10.090173,1,"pset5 Speller: dictionary loads, but text will not"
38479,2.6818988,-0.17042533,12,Finance - Missing Value For Placeholder
38480,-4.398979,4.359962,7,PSET3 strcmp error
38482,-0.01797457,10.094546,1,All misspelled words on pset5 speller
38488,0.4181542,10.661999,1,Speller beyond my reach: all words marked as misspelled
38491,10.194816,3.7975993,2,At my wits end on pset4 filter blur
38493,1.8088279,4.319719,0,Terminal window not update
38494,2.7580333,6.989977,4,CS50 recover (fclose giving segmentation fault)
38498,2.701594,-0.122930706,12,Finance: UNIQUE constraint failed: users.username
38499,-5.159386,3.6741743,7,Trouble with tabulate and printwinner
38504,3.3898377,6.325655,4,pset4 recover fwrite function
38509,-0.18862754,6.3041596,3,PSet2 Caesar - User Defined Function Issue
38513,-4.1506066,3.7714376,7,PSET3 Plurality trouble. All of the checks on check50 work except 1!
38517,10.244092,4.1090565,2,pset4 - Green and Blue off in filter (less)
38520,-1.4894841,-1.5676874,10,PS6 - DNA (Python) Weird problem counting STRs
38521,1.5691282,3.2343712,0,Unable to use check50/submit50 commands
38526,-1.726891,2.6089528,5,cash less comfortable
38529,-0.74657035,4.319791,8,pset1 less greedy - keep on getting errors
38530,0.24603233,3.4888463,0,"My code does what I want it to do, but I get errors with check50 (PSET1, MARIO, LESS)"
38537,2.4492078,-1.315381,6,"All sequel Queries getting Implemented, ignoring the conditional statements"
38540,-1.9130417,2.6016655,5,This is my code for cash
38541,1.7227046,4.6196575,0,"There is unknown text after typing ""make"" to compile code"
38542,1.4536078,9.10164,1,Pset5 segmentation fault with table variable
38543,-2.0468793,5.8729844,3,pset2 making a whole string uppercase for use in substitution.c
38545,2.8934367,-1.1180915,6,Finance CS50 Buy Function - Sufficient Cash check not working
38548,0.7801933,9.503943,1,PSET 5 Hash help
38551,-0.7933811,3.7829232,0,Pset 3 Plurality Help
38555,2.1216831,7.250433,4,Pset3 Plurality Help Again
38556,-4.0284877,3.5201755,0,RuntimeError: unused values (wp) in Final Project
38561,0.38469663,5.1417174,14,Week 2: valid_triangle function example -- compiling [errors]
38562,-4.838113,3.5063655,7,Trouble with find_min
38566,-1.0315927,4.4714594,8,PSET2 Readability - tests no passing
38567,0.4582819,5.95202,9,Readability compiling issue
38568,-1.7273726,2.5870507,5,CS50 cash problem question
38570,-0.4100512,3.083775,0,Readability check50 error
38573,2.1745574,8.135453,4,Pset5 : Valgrind seg fault in load function
38576,-4.4148226,4.2548313,7,"Prints "" Invalid vote "" for "" code 1 "" as vote function But works fine for "" code 2 "" as vote function. Whats wrong with "" code 1 ""?"
38577,2.08656,10.148851,1,pset5 speller - valgrind & case sensitivity
38578,10.672458,4.431733,2,CS50 - edge filter pset4
38580,4.4206567,5.6564837,4,pset4 recover only recovers 25 correct images
38582,-3.3019793,2.0844197,5,How do you find the first digit of a long number?
38584,2.5834925,-1.0415877,6,pset8 finance - 'NoneType' object is not subscriptable - issue
38585,4.1969256,5.9876804,4,pset4 - My recover programme compiles but doesn't generate JPEGs as expected
38589,2.1715133,10.057949,1,pset5 valgrind tests failed
38592,2.6541533,-1.0691,6,Finance - Error with Index
38594,-1.3792642,-1.1810688,10,How can I compare 2 dataframes on DNA?
38595,-4.2029686,4.1056905,7,Pset 3 Plurality Help (still not working)
38596,1.2871145,9.536278,1,PSET 5 SPELLER - segmentation fault
38599,0.25721106,9.515596,1,Pset5: strcasecmp doesn't return 0 when given the same string input
38602,1.5937288,4.867712,0,Pset4 less comfortable compile error
38603,-2.9585252,2.1360793,5,Making code neater: a way to reduce repeated logical operators?
38604,-2.0144994,6.268603,3,"CS50x pset2 substitution, check50 test returns negative even though output is correct"
38605,2.4070742,9.886112,1,Pset5 - Where am I leaking 1 block of memory?
38606,1.3521962,9.597824,1,PSET 5 SPELLER - seg fault
38611,3.977124,5.895051,4,PSET4 recover: program compiles but doesn't recover any image
38613,1.584365,10.539189,1,PSET 5 SPELLER - HELP!
38616,2.2436864,9.936821,1,PSET5: memory leak in check function
38618,9.607181,4.649311,2,PSET 4 BLUR and 2 of REFLECT
38620,-1.5242738,-1.1512232,10,Help with Python DNA!
38621,-0.8790019,7.002053,3,Caesar Pset2 Handles non-numeric key :(
38628,-0.1540171,5.2369204,9,My program doesn't run when i close the condition's range. When i leave the range open it does't give the answer i want
38629,-1.8374847,2.6150694,5,CASH issue - help needed
38630,2.528482,7.255872,4,pset4 / recover Segmentation Fault
38632,0.3079313,3.6892457,0,Query related to Mario program(more) in CS50 pset1
38633,0.061382875,7.1625886,3,Why do I have a segmentation fault in my Caesar coding from pset2?
38634,-1.8480185,5.7152586,3,CS50 - PSET2 - Substitution Segmentation fault
38637,2.2378569,10.267889,1,pset5 speller: valgrind 937 errors from 1 context
38644,4.4233913,5.7971344,4,pset4 / recover / invalid or unsupported image format
38645,2.9937847,0.89768195,17,CS50 Web Programming Mail Pset - DOM reloading on every form submission
38648,2.0977602,7.6503067,4,What is causing segmentation fault? I ran valgrind and help50 nothing seem to come up
38650,-1.6018622,4.746251,8,pset2 readability counting with global variables
38652,0.7570747,10.254978,1,Speller week 5 Segmentation fault
38653,-1.4813049,-1.2384218,10,Desperately need help with DNA Python! please help!
38654,0.24206562,4.3871493,0,"Error Code - Use of undeclared identifier in PSET 1, Mario"
38657,3.670231,6.841099,13,Week 4: Recover (invalid stdio handle)
38658,4.3084645,5.9006443,4,PSET4 Recover: Where do my ###.jpg files end up?
38661,-5.170462,3.7503717,7,Pset3 runoff tabulation error
38666,0.18376659,3.5830112,0,"pset1 (mario, more) - problem with unwanted leading spaces"
38668,-1.2581778,4.908632,8,Pset2 Readability. I am starting to do readbility and for some reason the code i wrote this far seems not to be compiling properly
38669,2.1975532,1.3040465,17,"decoding to str: need a bytes-like object, HttpResponse found"
38674,1.8997209,0.19250314,6,How do I create an advanced query page using HTML and CSS? Should I use any other langauges to make it a faster process?
38678,9.392075,4.772035,2,PSET4 Reflection Filter
38682,-4.195675,4.158973,7,"Pset3 Plurality returning ""Invalid vote"" in main programme code"
38685,-4.8239903,3.9134977,7,"CS50 Runoff – Cannot get program to execute, am I stuck in an infinite loop somewhere?"
38686,-4.1263556,3.6586237,7,My print_winner from pset3/tideman is doing everything right and still check50 says it's wrong
38687,1.059965,4.1032214,0,are we supposed to use the set from hello.c to begin with Mario (less comfortable) or do we need a new terminal and file?
38696,10.129101,3.518897,2,Pset 4 Filter - Blur
38698,1.7297761,10.637458,1,Pset5 speller getting valgrind error
38699,1.5855397,3.9144158,0,Pset1 Creating and Changing Directory Does Nothing
38700,2.5553603,9.601072,1,valgrind Pset5 error
38701,1.8898376,0.06348602,6,Final Project: dynamic page creation to show just 10 SQL entries per page
38703,-3.2029443,2.0900934,5,i don't know what's wrong with my code. Trying to convert from string to long
38706,10.086754,4.112291,2,Sepia Filter won't work for more complex 3x3 and 4x4 images
38710,2.2167158,7.807549,4,CS50 pset5 segmentation fault
38713,0.99465513,4.0829587,0,how do i write pesudocode.txt for Mario? (less comfortable)
38714,-2.6151495,1.8160636,5,HELP! Pset1 Credit
38715,-1.0454707,4.585884,8,Pset 2 Readability
38717,-1.7122134,2.152386,5,"PSET1 Cash - less comfortable - errors only for 0.41, 0.15"
38721,10.45925,3.5644991,2,pset4 filter - blur function only filters image corners
38725,9.534459,4.1929564,2,Pset4 Filter Help
38729,4.114515,6.1456137,4,PSET 4 Recover - Copy-Pasting 1 Line from 1 Place to Another Causes Huge Error
38731,2.3573513,-0.69242895,6,CS50 Web Track Finance Index not displaying Data
38732,-1.6750214,4.868335,8,Hey. Please help me find my mistake. The number of words in my sentences is not counted properly
38734,0.038096678,-0.050568994,15,pset7 Q10 Weird Result
38738,4.1501613,5.804415,4,Pset4 Recover - Unexpected Output
38740,10.769476,4.2802334,2,Help with pset4 filter edge detection function
38742,2.5649316,-0.97007406,6,The view function did not return a valid response. The function either returned None or ended without a return statement
38748,-1.9472535,5.941558,3,PS2 - substitution
38753,0.7624223,9.453917,1,CS50 good hash function for PSET5 Speller
38758,2.3730435,7.053899,4,Major Help Needed on CS50 - Recover
38761,-5.296797,3.6402786,7,runoff tabulate error :( tabulate counts votes when multiple candidates are eliminated
38763,3.38715,6.53723,4,PSET4 - Need help with Recover problem
38765,-0.24728656,2.8580987,0,Check50 Substitution error
38767,1.7075195,4.593327,0,CS50.h library in ubuntu
38773,-1.9520087,4.121429,8,Can't pass the test on readability
38775,0.4391171,9.431572,1,PSET5 Compiling issue
38777,-0.6489055,2.658537,0,Pset7 houses - why does my output prints thrice instead of once?
38778,2.3678498,6.9353924,4,Why does my code lead to segmentation fault [CS50 recover.c]
38786,-1.3703218,6.679222,3,Why So Many Check50 Errors on Caesar? Results match expected output
38793,9.551212,4.1598697,2,getting undefined behaviour sanitiser deadly signal error which crashes everything when trying t run greyscale filter on pset4!
38794,3.2262387,7.090819,13,Segmentation Fault with Problem Set 4 (Recover)
38797,2.6893337,-1.0346292,6,PSET8 Finance Buy
38801,10.074226,3.7809684,2,Pset 4 filter - blur almost works but has a few errors and I just can't figure out why
38804,0.38420346,6.3131685,9,incompatible pointer types passing 'string' (aka 'char *') to parameter of type 'string *' (aka 'char **')
38805,0.29578865,3.3654041,0,mario.py spacing issue
38810,3.1313071,6.438375,4,Stuck on recover
38812,1.6303937,4.7975535,0,clang-7: error: linker command failed with exit code 1 (use -v to see invocation
38813,2.5853508,9.722937,1,Recover Assignment Memory Leak and Insufficient Recovery
38815,-3.134207,1.945859,5,When I multiply my array by 2 it doesn't give expected value
38816,2.3000522,7.360758,4,Plurality Pset 3 I need Help
38820,0.8525811,10.008415,1,PSET5: Trying to implement dictionary.c using trie. But segmentation fault in check()
38822,0.796491,5.3160796,14,readability errors
38824,-4.1928678,4.189761,7,pset3 Plurality
38828,2.1576502,10.259766,1,Pset5 Speller - Valgrind displays no leaks but code fails check50
38830,2.17568,0.95341045,17,"CS50W - Wiki with Django - I want to edit a wiki entry, but I don't know how to send the default value to the template if I use Django forms"
38831,0.68959975,5.0396576,14,My code is not compiling
38833,0.12176038,9.982777,1,PSET5 Speller everything works but then I catch all the words as misspelled
38834,-0.1978334,2.9288921,0,"I keep getting ""expected EOF"" when I use check50"
38839,1.9754196,3.2609243,0,"CS50W - Project 0 - ""I'm Feeling Lucky"""
38841,0.96568286,9.517619,1,"Pset5 Need help, the program doesn't work correctly and I can't find the bug"
38843,-4.7670245,4.1202602,7,PSET3 Runoff Help Please
38851,1.0027782,10.016079,1,Pset 5 Speller - Load function crashing at strcpy?
38854,0.58265465,1.4004846,0,CS50 Houses : Output is correct in my console but error in check50
38858,-1.8164747,2.547894,5,Coin count off by 1 in cash
38861,-4.8977323,3.8406334,7,*** No rule to make target 'runoff'. Stop. Even though I'm in the correct directory
38863,0.6808648,10.142554,1,PSET 5 Speller- all words misspelled + memory leaking issues :(
38864,0.13867004,5.340343,9,Why doesn't my code give me an output?
38869,2.1240096,10.233435,1,Valgrind issue on PSET5 - Edited
38870,0.672367,9.870159,1,pset 5: Repeat Until?
38874,-0.6137076,2.9711404,0,Even though I get correct output check50 shows error in pset3 plurality problem
38877,1.637089,4.7152405,0,I cannot get the CS50 IDE to run clang for lesson 1
38884,-1.5053731,4.017299,8,Looking at Posts with regards to Academic Honesty
38886,-0.21214533,4.217249,0,PSET6 Mario Python
38887,-1.8187423,4.2745166,8,My Coleman-Liau index gives the wrong answer
38888,2.8180683,6.580407,9,Understanding the contents of the raw file
38893,1.5006081,2.5187116,0,check50 showing all okay for incomplete submission
38896,9.397569,4.844278,2,CS50 pset4 filter reflect issue
38899,-0.964706,5.8516808,8,isalpha() returns non-zero integer with non-alphabetic character
38901,0.15562819,6.922433,3,I keep getting segmentation fault and I don't know why
38904,1.8649656,4.1106935,0,Do I need to install any compiler for compiling a C program in cs50 sandbox? If not then why am I not being able to compile my program?
38905,0.059238482,6.190311,9,Find hex values inside a string in C?
38908,4.2737513,6.5870852,13,Recover jpeg runs only in debug
38912,-0.54203516,5.9063873,9,Program just exits instead of printing errors
38913,-0.09276637,6.138224,9,Can anyone tell me why this doesn't work?
38915,2.5470665,7.5521607,4,pset4: recover segmentation fault
38917,-1.4858347,-1.4641855,10,Pset6 DNA help - trouble calculating STR repeats with long database
38927,1.9583676,-0.2667963,6,Dynamically change the row colour of a table in HTML that was generated using jinja
38928,0.9470579,0.33610478,16,"When I run the testing code, it says that movies.db does not exist. How should I fix it?"
38929,1.0678499,7.137468,14,I get segmentation fault after this line and I don't know why
38933,10.156298,3.8070662,2,"pset4 filter: blur check50 shows same values, but is returning an error"
38936,9.3797865,4.6578336,2,Logic for reflect function in pset4 filter
38939,2.2382953,10.752283,1,Pset 5 Help understanding Valgrind output
38940,-2.020933,2.3932214,5,"pset 1 - cash problem - No errors, am rounding, but still not always correct amount of coins"
38943,-5.501038,5.6510963,7,pset3 Tideman: checking for cycles
38945,4.856074,6.4693336,13,CS50 Week 4 Recover. Generating 50 Blank images
38947,1.4091909,10.234988,1,Pset5: Speller. incorrect counting of mispelled words
38949,2.0963573,2.6622148,0,Can't submit or check
38951,-2.7322602,2.0242417,5,Week 1 Credit; Not Creating Variable
38956,2.3763452,-0.065383956,6,"Problem with endblock tag in finance. ""endblock"" tag unknown"
38957,10.754367,4.3565383,2,CS50 Pset4 Filter (More comfortable) Edges Function
38958,0.20984341,3.7888632,0,Struggling to align pyramid and check for extra spaces at the end of each line in pset6 mario.py less
38960,-4.3261437,4.2043996,7,pset3 plurality check50 invalid vote
38961,-1.4169087,-1.3368444,10,Unexpected error in homemade string search function
38964,10.385378,3.5317466,2,pset4 filter blur problem
38965,-4.4859605,4.450308,7,incompatible integer to pointer conversion passing 'int' to parameter of type 'const char *
38967,9.452738,4.79394,2,CS50 PSET 4 REFLECT FAILS CS50
38974,-2.8170826,1.5665509,5,PSET 1 Credit; Sometimes Check50 works and other times it doesn't
38978,-2.8799517,1.6469874,5,PSET6 Credit - checksum not giving the correct number
38979,2.0072343,0.9855254,17,CS50W - Wiki w/ Django - Search Bar
38982,2.0515368,1.0748345,17,CS50Web python. I can't get a new entry to save and show on the homepage of my wiki project. I am using Django with python
38983,1.4345067,9.479453,1,PSET5 dictionaries won't load
38984,0.13775589,0.18045606,15,PSET 7 HOUSES - Syntax error on case function
38987,9.461272,4.796505,2,Pset4 reflect works but doesn't pass check50
38993,2.3707252,1.3553841,17,"CS50 Web 2020, Project 1 - Wiki, CSS not working"
38995,1.8882682,3.562241,0,How to make the pong programs in CS50 run using Visual Studio Code application? How do I compile the Lua code and run successfully?
38997,2.4606595,9.891488,1,Valgrind - 2 memory leaks | Recover.c | Pset-4
39000,9.640069,4.091312,2,Pset4: filter greyscale UndefinedBehaviorSanitizer (not due to incorrect order of height and width)
39003,1.5706568,-0.121616006,16,Problem taking a SUM with SQL to python
39007,1.6904355,4.649465,0,Clang can't find -lcs50.h
39010,-0.57618314,7.0733066,3,validating command line argument
39014,10.637106,4.442062,2,pset4 Filter (more) Edge Detection help
39017,4.317427,6.0354724,4,pset4 recover - how can I get last few bytes to JPG
39020,-1.4976814,6.4540434,3,Question on Pset2 Caeser
39021,3.8849347,6.3533263,4,"Pset4 Recover: succesfully recovers first and second image, unsure as to why no other image is recovered (spoiler)"
39026,0.07902443,10.527083,1,CS50 (Speller) returns all words as misspelled
39028,-1.3357557,3.1820145,9,"Python - for loop not being executed, leading to NameError of variables defined in the loop"
39031,0.20479465,5.145958,14,"when I compile my program this bug appear. error: control may reach end of non-void function [-Werror,-Wreturn-type] }"
39033,0.011205093,9.675918,1,PSET5 Speller - Can't handle substrings properly
39035,2.0825982,-0.50492245,6,Finance Portfolio (index) I can't go on. Need to take to HTML the actual price and total of stock
39036,10.157095,3.7583497,2,Runtime error in pset4
39038,0.015026765,6.7902775,3,clarification validating command line arg
39040,0.3089337,4.408539,0,Cannot compile Mario (less comfortable) in PSET 1
39043,-1.635425,-1.2014765,10,Pset6 DNA Not matching to names in the database
39048,-1.531378,6.585205,3,check50 in pset2
39050,2.0551689,-1.1913399,6,"Finance Buy function: Error when trying to create shares table, 'unknown column ""user_id"" in foreign key definition'"
39053,0.22222276,3.7701728,0,Pset1 - Mario (less) - White Space
39055,2.6995592,-0.56072575,6,Finance PROBLEM with lookup: TypeError: quote_from_bytes() expected bytes
39056,2.0812163,-1.1763552,6,"Finance history, runtime error(""unsupported value: {}"".format(value))"
39059,0.08314624,9.8378315,1,Pset5: check unable to find words
39060,1.6161693,10.197466,1,Speller - not sure what's wrong
39063,2.062442,10.242485,1,Speller Valgrind Issues
39065,2.745658,2.2483642,0,The tools from the android track are'nt working
39067,-5.001419,3.7411346,7,pset3 runoff help -> 3 :( showing on check50
39069,3.377625,6.2437086,4,Can't seem to wrap my head around what the Bitwise AND operator does in Pset4 vs. && AND operator
39072,0.052942272,9.72945,1,Please help! I'm stuck on Pset5 Speller!
39074,0.5438365,0.5508983,15,Why updating a dictionary is not working?
39078,3.5029738,6.6911798,4,Seg Fault in Writing to JPG
39084,-5.5528817,5.7120094,18,lock_pairs skips final pair if it creates cycle lock_pairs did not correctly lock all non-cyclical pairs
39085,0.192425,6.9876957,3,i m getting segmentation fault in my code for cs50 caesar
39088,1.4212912,3.9793973,0,Directory structures
39090,2.1705012,9.93668,1,PSET 5 Speller - Unload leaking a ton of memory
39095,1.6533215,10.59888,1,Speller pset 5: Valgrind gives me error
39097,0.02581499,-0.08445051,15,PSET 7 Movies SQL Q9
39098,-5.1368985,3.7820804,7,PSET3 Runoff specification (year 2020): Multiple eliminated candidates featuring in the next-preferred candidates list
39099,1.4548998,10.5267315,1,Help with speller
39101,1.9807495,10.151023,1,"Speller program runs accurately with memory leaks. When I add free() to correct memory leak, program stops executing"
39105,10.053445,4.061998,2,PSET4: filter(less) sepia limit to 8 bits
39107,2.1151497,-0.61913604,6,Finance index.html is not rendering values from my index function
39111,-4.91579,4.142832,7,"Pset 3 runoff. Votes not updating, trying to understand the code sequencing"
39112,-0.3326299,2.8084443,0,Readability pset: Please look at my code?
39115,2.4154236,7.5579185,4,"Help on Pset4-recover, Segmentation Fault"
39117,-0.17520672,10.335208,1,Exit code 139 for big board speller
39120,-0.8564518,6.9760942,3,"pset2 (ceasar) - isdigit function not working correctly returns ""expected expression"" error"
39122,0.7568057,5.163499,14,"When i run this code below, errors pop out error: like subscripted value is not an array, pointer, or vector edgeimage[i][j] = image[height][width];"
39130,3.2501724,6.607963,4,Pset4 - recover - issue with file pointers
39132,2.118229,2.9283338,0,"How To Make A Google ""I'm Feeling Lucky"" Button For CS50 Project 0"
39135,2.1681192,-0.66132396,6,Finance index function does not return lookup value in index.html
39138,4.429447,5.7042975,4,I can only find 13 images using recover
39139,0.20477821,7.022924,3,:( handles lack of key or argv[1] failed to execute program due to segmentation fault
39145,5.780579,4.0812216,11,how to autofit a webpage to any screen size
39146,-1.7255126,4.1478724,8,Cs50 pset6 readability.py math
39147,10.100074,3.5016,2,Help on blur function. Correct logic but wont work
39149,4.4017386,5.9142733,4,Pset4: Recovery- Empty JPEG files
39150,2.222078,2.813057,0,Track Web Programming to real Web
39157,0.33743575,3.9522338,0,Help with Problem Set 1 Mario (less)
39159,10.024861,3.5413496,2,CS50 PSET4 (Less) Blur Failed 3x3 & 4x4
39160,1.910272,10.503867,1,My program is not free of memory errors Speller Pset 5. Can anyone help?
39162,0.32920334,0.18202636,15,"Submit50 for pset7 movies loads SQL files but returns ""Error when executing query: missing statement"""
39164,2.219906,10.097165,1,Pset5 - Speller - memory leak?
39167,-2.8264902,1.5429145,5,PSet1 Credit Invalid VISA that shows as Valid. My checksum must be wrong but dont know why
39168,4.361495,5.637723,4,Pset4 recover code only shows parts of the picture
39171,2.2132003,-1.3649683,6,CASH NOT UPDATING - FINANCE SELL
39176,-1.4848647,4.8927393,8,pset2 Readability test question
39178,-0.1010924,5.8542123,9,How do I generate random numbers between two number and fill them in an array in c?
39180,0.8101014,0.8182825,16,Keyerror Won't Go Away
39182,-1.5754253,-1.2598081,10,PSET 6 DNA ~ some STR count is above the correct value by 1?
39183,-0.18364376,6.3491583,14,getting error on caesar
39184,-4.678633,3.4190142,7,My runoff problem doesn't pass check50
39187,-3.1369996,1.9507757,5,Question about Pset1 - credit
39190,10.105597,3.7592983,2,Pset4 Filter Less Blur Runtime Error
39191,2.6203792,3.7317786,0,Debug50 is not functioning properly
39193,-1.6945838,4.7706776,8,Sentence count stuck at 2 in readability
39198,1.2537853,5.121852,14,Implicit declaration of function of a declared prototype PSET4
39200,1.2877295,-0.32119524,6,"CS50 Finance: Index - list indices must be integers or slices, not str"
39203,2.2732937,7.1228046,13,"I know that my recover is wrong, but I'm not sure what steps to take-"
39208,2.4701397,9.64449,1,I dont understand valgrind pset5
39213,-0.8031072,4.6270223,8,Pset2 Readability undeclared identifier error message
39214,-2.0697083,5.8962693,3,PSet2 / Substitution
39218,-4.332853,3.7878687,7,Print winner implementation error. Can someone help?
39219,0.14645165,9.358748,1,pset5 case sensitive check fail
39220,2.6167285,6.5985203,9,Struggling to understand file I/O
39227,-0.055874348,5.9818397,9,"I have a problem regarding "" Condition"""
39228,0.009038916,5.9162555,9,Problem in C programming about condition
39230,1.771364,3.001199,0,Pong Submission
39233,-0.7383111,6.8652368,3,Problem with Caesar and non-numeric keys
39235,-1.7904453,2.1130924,5,Pset1 Cash less comfortable - not running for 0.41 and 0.01
39240,-1.566766,-1.3315138,10,Struggling with PSET6 DNA
39241,2.7423007,1.7044708,13,Showing a picture saved in CS50 IDE in Homepage
39245,-1.3666245,6.5754533,3,check50 problems caesar pset 2
39247,0.064877145,4.034184,0,PSET1 Mario turning the stairs
39251,-0.5685562,2.4233482,0,"PSET 7, failing on Luna Lovegood test case even though output looks the same as expected output"
39254,-0.4455854,4.2690096,3,PSET 1 Can't implement loop at the prompt
39257,4.183281,6.731668,13,Typedef uint8_t BYTE returns unknown type name
39259,-1.0439824,5.8173327,8,Isalpha not working
39261,2.1823375,-0.65512836,6,INDEX only pulling row of data from database
39262,2.666689,7.4825106,4,Pset4 Recover Segmentation Fault Issue
39264,-1.1349853,-1.0111332,10,'>' not supported between instances of 'tuple' and 'float'
39265,0.2765258,5.8866806,9,Week 2 passing array example problem?
39270,2.1695256,10.898204,1,"recursive function on speller causing a ""conditional jump"" error on valgrind?"
39272,2.7441478,0.23237547,12,"CS50 Finance Internal Server Error RuntimeError: near ""' '"": syntax error"
39275,3.9837193,6.1357803,4,"PSET 4 - Recover - Not getting any errors, but also not getting any output!"
39276,10.037396,3.5711093,2,pset4 filter/blur code problem
39277,2.0155504,9.869848,1,Speller unload function
39280,1.6620156,4.770113,0,"Clang external library (libcs50) linker error ""C"""
39281,3.4316282,5.3160405,4,check50 on recover pset 4 saying this what am i doing wrong
39285,-1.0317243,5.820804,8,Isalpha not working I added my code
39288,10.001346,4.2497344,2,Cs50 Sepia properly coded
39292,10.031872,3.700989,2,Pset 4 Blur Filter Program Seems to Compile but Doesn't Output Anything and Check50 Reads Errors
39295,-1.8617725,2.3445199,5,pset1 expression error
39298,-4.8380146,3.523922,7,Pset3 Runoff Find Min not Coded Properly - Can't Find Error
39300,-1.5414122,4.7269235,8,Pset2 Readability: Counting words and sentences
39301,2.8662584,0.041995358,12,Finance Register Checking for Duplicate Username Not Working
39304,-2.0846136,2.527239,5,Pset1 How to print variable to make sure input is correct?
39306,3.3104513,5.5836234,4,Pset4 Recover Help Understanding What to Do
39309,4.3545856,5.4476094,4,"PSET4 Recover, cannot seem to find my mistake - Recovered image does not match"
39311,10.210277,3.604332,2,cs50 pset4 blur function index out of bounds issue
39313,0.2155161,4.8507977,8,CS50ai - Knights: error invalid syntax for part written by CS50ai (that I should not adapt)
39315,0.24000083,5.1254725,14,Week 2 Lecture - Functions - Valid Triangle
39316,2.9625573,0.95136225,0,CS50w 2020 project3: mail does not show new sent mail after sending
39321,1.2924235,3.819509,0,cs50 problemset 2 caeser check50 command gives me this error : 'You seem to be missing these required files: caesar.c'
39322,9.399677,4.7764683,2,Pset4 Reflect Filter Challenges - Not Reflecting
39330,10.253129,3.5253673,2,CS50 Problem Set 4 Filter (less comfortable) help
39332,-0.06438209,5.667647,9,"Does somebody explain %d, %s, etc"
39335,-1.7811842,2.6257253,5,NEED HELP WITH CASH (updated)
39337,-1.6340262,4.9952497,8,Readability counting letters advice
39345,-1.6353366,2.8136475,5,"""cash.c:7:1: error: expected identifier or '('"" What do I do?"
39347,10.700283,4.328297,2,Pset4 - Filter (more) Edge Detection Help
39348,-1.4300436,4.852878,8,Someone familiarized with pset2's Readability. I'm stuck here
39352,-1.6506047,5.031843,8,Week 2 Readability Letter Count
39354,0.31077147,0.18338765,15,7.sql CASE error
39356,2.5341535,3.2393582,0,Can I reset all my progress for Week 2 in cs50 IDE?
39360,10.420139,3.5815816,2,"pset4 - filter program,can't figure out what exactly is the problem with blur!"
39364,0.5373399,6.8904715,9,"Fatal error ""segmentation fault"" when trying to run program"
39367,-1.6713014,4.3494368,8,"What am I missing ? (pset2, readability)"
39371,-4.222536,4.047568,7,"Plurality works perfectly with debug50, but it does not without it"
39374,0.18786187,3.8215892,0,Pset1 Mario - right-align the bricks - for function?
39375,-0.95539623,6.3296313,3,Caesar Cipher - output not valid ASCII text
39379,2.7932696,2.2100217,17,"pokedex: while making API call for pokemon description, I lose pokemon id and it becomes 0"
39380,10.289868,3.395495,2,"Pset4 Blur filter, loop for searching surrounding pixels"
39382,2.0092647,2.6775074,0,Not able to access CS50 sandbox
39385,3.3286827,5.494294,4,"pset 4 - recover, can't figure out mistake"
39386,2.6119952,-1.077155,6,Web track finance error
39389,2.451095,-1.2216657,6,Web track finance error sql
39390,2.1903284,1.046288,17,CS50W - Django Forms vs HTML Forms
39394,9.918054,3.787397,2,Pset4 filter problem: blur problem Runtime Error
39395,1.9610035,-1.0836891,6,Finance sql doubt
39397,0.052822426,9.979775,1,"Pset5, Speller, output the same as staff, but check50 still showing entirely errors"
39400,2.0755508,3.5723386,0,How to add files to Desktop in CS50 Sandbox
39404,-2.012147,2.8982728,5,"HELP, keep getting this error.... error: invalid operands to binary expression ('float' and 'int')"
39406,2.696851,1.2422245,17,Linking to local html page
39407,2.3060768,-1.1030349,6,finance cosntraint syntax error
39408,-0.6682736,6.5674453,3,Final Project - if statement with regex not working?
39412,0.4275789,9.750384,1,"pset5 speller ""Could not load dictionaries/large"" error"
39413,-1.8107901,2.271797,5,Having trouble with Cash but does not know what is wrong
39414,2.7525566,-1.1482728,6,set8 tracks/finance cs50
39419,3.2329063,5.507338,4,pset4 - can't figure out what i'm doing wrong - recover
39420,9.751561,3.9564853,2,cs50 Pset 4 filter:Greyscale. Cade is not averaging correctly?
39421,0.39023787,10.513754,1,cs50 Speller Question
39425,0.40118057,9.82617,1,Pset 5 Speller: Could not load small
39430,-0.095557846,5.751465,9,What is there a number between % and i? What Does it mean?
39432,-3.1144216,2.06774,5,trouble summing the sides on credit
39434,2.15317,10.8885145,1,Pset5 Speller: Conditional Jump or move
39436,-1.9677683,2.335681,5,"pset1 cash less, problem using for loops"
39441,9.774733,3.1468308,2,My helpers doesn't pass check50
39443,-0.07163465,10.487373,1,CS50 Speller returns all word as mispelled and I can't find any mistake in my code
39447,0.513807,5.464773,14,GetInt function not recognised
39449,2.2087088,-1.1674657,6,PSET8 Finance Buy. SQL query not executing
39451,10.085618,3.7146337,2,CS50 Pset4 Blur
39454,2.7462902,4.7840724,0,CS50 Recover - Cannot figure out why my While loop is not being invoked
39458,-1.4305135,-1.5251734,10,Issue with recording STRs in memory (PSET6 - DNA)
39460,-0.5848318,5.9768276,8,Why am I getting an “invalid slug” message when running check50
39465,0.04856078,7.168574,3,Pset2 Caesar - Segmentation fault error
39469,-1.8350183,4.2141867,8,PSET2: Readability code giving wrong grades
39470,9.503568,4.693971,2,PSET filter reflect
39473,-1.4832276,-1.4039506,10,Pset 6 DNA: improving efficiency
39478,4.14852,6.044019,4,Pset 4 Recover Issue
39479,2.1142275,2.8733902,0,Incorrect Directory Structure on github - Submission rejects
39481,10.294852,3.7475002,2,Need help with pset4 filter blur
39485,1.4614235,7.197565,9,Recover (segmentation fault)
39487,2.933458,0.94498676,17,CS50W - Mail - Python Timestamp Error?
39488,4.1097097,6.029134,4,CS50 Pset4 Logic Problem
39490,0.2702385,10.013593,1,Pset5 Speller. Treating the letter 's' as a valid word when using large dictionary?
39493,-0.5893338,3.54273,0,Fail to compile - PSET3/PLURALITY
39494,4.360713,5.514861,4,pset4 Recover - seems to recover images correctly but fails check50
39501,4.8445673,6.3687816,13,"I'm working on CS50 Recover, but my images aren't showing up and I can't figure out why"
39503,2.573977,-0.88307935,6,KeyError: 'price_per_share': Webtrack CS50
39506,-3.916744,3.8263593,7,"Plurality works with my examples, but not with check50"
39508,-4.688061,4.9942517,18,"How to swap elements in ""struct"" data type?"
39509,3.341455,5.493232,4,pset 4 - recover. Can't figure out what is going wrong!
39510,-3.8408465,3.8106003,7,Why check50 says my code is wrong?
39511,-1.7352457,4.606556,8,"pset2 Readability: reading index being calculated incorrectly even though hard sentence, word and letter numbers are correct"
39516,3.1569533,4.881134,0,Week 4 - Recovery - Expected Exit Codes
39518,3.9467926,5.6594725,4,Wanting to understand PSET4 Recover Else if statement
39519,-1.8765085,2.2340062,5,Cash program only outputs input*4
39523,4.397069,5.54739,4,CS50 PSet4 Recover fails Check50
39526,0.025673814,3.8778398,0,Pset6 Mario More
39527,2.1375268,-0.6848632,6,Problem Set 8 / Finance. How to incorporate current price (index)
39528,4.141878,6.011407,4,"pset4-recover: can get 50 photos but a column on the left appears on the right, problems of colors and on the first portion of the photo"
39530,-1.1920128,6.707654,3,What's wrong with my code? Pset2 caesar (check)
39535,1.5730579,0.531026,16,How do correct I correct the pylint(no-member) error I get in the Web Flight lesson
39537,-1.3146176,4.659373,8,Pset2 Readability Not Working
39542,4.65279,6.632519,13,this code generates wrong results
39550,1.8653607,1.0837331,17,CS50 Web Python Project 1 Wiki: entry method causes search method to break
39552,0.22200574,9.974579,1,CS50 Pset5 Speller
39553,3.1828916,5.372073,4,CS50 pset 4 Recovery timed out even though everything compiles
39557,4.166036,6.121027,4,Pset4 Recovery Produces Corrupt Null Files & Skips An Image
39562,1.072778,2.6699114,0,CS50 AI Project 0a CS50 IDE bug
39565,-1.9433779,6.303289,3,Is it just me or PSET2 Correction seems to have a mistake
39568,2.792058,-0.5695091,6,pset8 API not functioning
39573,-1.443851,-1.2491041,10,DNA: Errors in sequences.3 and 18.txt
39576,9.830756,4.122037,2,Two problems with pset4 in Grayscale and Sepia
39580,-1.216105,5.0283456,8,pset2 mathematical IF statement : attempt
39581,0.06537267,10.525696,1,the misspelled words are more than expected
39591,3.789045,6.3059254,4,pset4 recover: Not getting as many files as the problem requires
39593,2.2458208,-0.4768437,6,FINANCE: how to commafy numbers in jinja?
39594,-0.915006,4.436644,8,"Pset2 Readability error with ""else"" statement"
39601,2.1786025,0.8603189,17,Django model default value not working
39603,-1.3789076,4.9848356,8,Pset2 Readability error: expected identifier or '('
39606,-1.9939034,6.213742,3,cs50 pset 2 substitution
39608,1.6052316,2.617,0,cs50 grading specifications (2020)
39610,9.975391,3.3656182,2,Filter(less) Blur is all but correct for 1 or 2 values
39611,-1.4472749,-1.5057397,10,PSET 6 DNA: How to get number of repeats for each value of STR's? [SPOILER: Full code]
39613,0.9337278,9.364886,1,I can't assign a node to a bucket in a hash table with with right assignment of pointer and word values
39614,2.1793451,-1.171161,6,FINANCE: GROUP BY doesn't add up the numbers of shares of the same stock
39620,0.96079415,9.581223,1,pset5/speller Check produces a segfault if I introduce hash function
39622,-1.8185538,2.4105616,5,CS50 Newbie needs help! Pset 1 cash problem. It compiles and runs but answers are wrong :(
39624,0.1378779,9.970485,1,PSET5: Missing Words from Text and Memory Leaks
39627,0.9848976,9.270065,1,I can't reproduce a behavior to the hash table and the first node
39630,0.53899413,9.908427,1,Getting segmentation fault with strcasecmp function
39633,2.5379903,7.572958,4,Pset4 Recover Segmentation Error. Valgrind unable to find anything
39636,2.0518227,-0.40313366,6,pset8 Finance History - rows repeat in the table in number of times per length of rows
39637,2.1036832,10.671958,1,Can anyone see what is wrong with my check function?
39640,0.85822207,9.631642,1,CS50 Pset 5 Speller Can't Handle Substrings
39642,-1.3170127,2.4517593,15,pset7 6.sql rounding problem
39643,0.10451397,0.21910384,15,PSET7 7.sql Error
39649,1.8755592,1.0914673,17,Struggling to debug my code as I can't get print statements to work
39653,3.8395138,6.4084682,4,Pset4 Recover Creating Segmentation Fault
39656,10.467232,3.593633,2,pset4 filter - only blurs the corners correctly
39659,3.476265,6.6865187,4,Pset4 Recover Problem With Seg Fault *Updated*
39665,9.956643,3.2195961,2,Blur only working with middle pixel
39666,2.162296,0.6113381,17,CS50 Final Project / Personalized HTML path
39671,2.6487575,0.13377282,12,finance password strength validation fails to call function
39675,0.11704357,6.9976883,3,"Why is it a segmentation fault when argc is 1 only i.e if I input ""./caesar"" only? It contains some other errors as well given in screenshot"
39678,-0.59983945,6.7282267,3,Having trouble identifying non-decimal digit in Caesar PSET 2
39681,0.31718194,5.706484,14,implicit declaration of function 'strcpm' is invalid even though string.h is included
39683,0.73639274,9.502054,1,Pset5: Problem with loading multiple words with the same hash number
39684,1.5041066,4.7760534,0,"CS50 PSET1 Hello, undefined reference to main"
39685,-1.8610901,6.477257,3,"pset2 ceasar ( why does it keeps showing "" expected ""ciphertext: yx..."", not ""ciphertext: yx..."""
39686,-3.1251962,1.8555822,5,"Can anyone help me troubleshoot my code for the CS50 Credit problem? (**not trying to cheat, just need some help!)"
39695,-0.11768441,10.393357,1,cs50 speller code complies and run also successfully. but it not qualifying for big board
39696,0.15750799,0.013771655,15,How can I check my number of rows on pset7 movies?
39700,4.4135737,5.7604475,4,Pset4 Recover JPEG images do not match
39705,-0.97099787,7.0405984,3,why am i getting a non numeric key error? cs50 caesar
39706,3.5634735,5.4809546,4,pset4 recover error - timed out while waiting for program to exit
39711,1.7940501,10.128778,1,Pset5 Speller Issues with check and unload functions
39713,2.194087,1.2240905,17,cs50 web programming with python & javascript. Entry not saving and I can't figure out why
39718,10.233985,3.5257378,2,PSET4 Filter Blur by 4 nested for loops
39719,1.8131053,2.4184043,0,cs50 2019 Vs 2020
39721,10.163414,3.8296454,2,Problem with filter (pset 4): Blur and edge
39722,-1.5663688,2.8241162,5,I can't figure this out can anyone help PLEASE ( line 7 error) cash.c:7:1: error: expected identifier or '(' {
39727,4.4857345,5.6634703,4,PSET4 Recover: Check50 shows error
39729,-0.75654465,4.193097,5,expected expression error in pset1 credit for loop
39732,1.8917131,1.545832,17,CS50Web: Project1 Wiki - Error loading markdown2 module
39733,-2.996737,1.7575189,5,credit pset1 bruteforcing doesn't work
39734,2.1502914,1.4171789,17,Django 127.0.0.1 refused to connect for the default Django Webpage
39736,-5.2629676,3.629023,7,CS50 Runoff Tabulate
39739,-3.8438609,3.773155,7,check50 for plurality
39740,-1.8031528,6.2271705,3,substitution behaves randomly strange
39741,4.5621514,6.5670557,13,So i have written the recovery code which compiles but all the images are Invalid and Unsuported format
39743,0.59212273,9.772644,1,pset5 speller load - i don`t get it
39747,-2.3935792,1.9508536,5,When to Start the Next Week?
39750,-1.4850091,4.9749494,8,pset 2 Readability Segmentation Fault
39751,2.26331,9.968996,1,speller - unload returns false .....?
39753,0.2271202,10.087067,1,pset5 speller check50 error - code doens`t handle max length (45char)
39761,1.2390547,9.5076065,1,Segmentation fault error in pset5
39762,-0.40607458,7.0305314,3,Caesar pset2 How to Reprompt user for Command Line Argument?
39763,2.9113345,6.9263797,13,Week 4 recover seg fault
39766,1.546632,10.256661,1,CS50 Speller Not Free of Memory Errors
39770,-1.8845311,4.232112,8,pset2 - readability - grades slightly off
39775,4.97194,6.4367833,13,Recover Week 4 Assignment--Code appears to work beautifully but check50 says no
39776,1.1627741,4.7540803,14,Hello.c program
39780,-0.15126927,6.8477173,3,Segmentation Error while Using if Statement for Pset2 Caesar
39784,-0.3016805,6.7793956,3,Trying to implement itoa function in pset2 caesar
39786,0.4996516,5.355191,14,Error: function definition is not allow here What error is this?
39787,2.189226,-0.63321614,6,Finance - Index showing correct number of rows but all the same record. For- loop issue?
39789,-0.30137476,6.953776,3,Errors in Caesar pset2 and Wrong Output
39795,2.745464,0.18030205,12,CS50 Finance Register
39796,-0.63853836,6.3305616,3,Caesar Code Complies when I think it shouldn't
39799,-0.08645757,5.8272405,9,Converting Tideman Cycle test from Python to C
39802,-1.0488695,7.047467,3,caesar pset 2 non-numeric key error even when it works well when i try it myself
39803,1.6553262,2.7900684,0,What is the difficulty level of cs50 problems?
39806,2.1611133,2.7048204,0,Private cs50 Repository
39808,0.833721,3.0648706,0,Skipping More Comfortable psets
39810,2.1943545,3.7625232,0,Error in CS50 IDE Terminal
39811,-2.0497549,5.8475738,3,pset2 substitution checking if all the characters in the key are different
39814,-2.0609083,5.838252,3,pset2 substitution unable to identify string which has character repetition
39817,2.2775784,9.976971,1,My load function is licking memory
39818,-1.6205055,6.098422,3,Substitution Just can't handle invalid keys
39823,2.0861537,2.6693742,0,Are we allowed to upload the class solutions to our personal Github account?
39824,-0.04840478,6.126152,14,"error: result of comparison against a string literal is unspecified (use strncmp instead) if(strncmp(i == "" ""))"
39826,-1.870231,4.3187456,8,Pset 2 - Readability -> Wrong grade
39828,-1.9637295,2.5520048,5,Cash 50 - Less Comfortable. Trying to nest so the algorithm will consider all money levels. Not working
39829,-0.511305,6.5919185,3,Strange CL output
39833,-4.938255,5.135588,18,Tideman sort_pairs seems correct but check50 tells me it isn't
39834,0.59046817,5.752665,14,cs50 array initializer must be an initializer list
39835,-4.528465,3.5522735,7,Check50 all green but my own tests fail
39837,0.034229882,7.127596,3,Pset 2 - Caesar - segmentation fault when input is null
39840,2.7743788,-1.1670952,6,Week 8 - Finance - Buy - Getting Error Message Missing Shares
39841,10.537005,4.0230207,2,Pset4Ffilter - Starting Off
39842,4.917689,6.4288116,13,why does it fail check50 for the last image?
39844,-0.031450517,7.0911894,3,Segmentation Fault while running caesar
39845,2.2492795,9.205408,1,"code is free(): invalid pointer and Aborted, and I don't understand why"
39854,2.981105,0.9432308,13,CS50w / Project 3 - Mail / Inbox showing duplicates
39855,-1.5515091,-1.3550128,10,pset6 count STR in the DNA sequence issues
39857,2.5824435,7.1163726,4,CS50 Recover (Pset4). What exactly is causing the segmentation fault?
39862,-0.5414805,5.4060473,9,What is the purpose of subtracting 1 while inside a increment?
39863,0.032518625,10.493927,1,Speller skips last word in testfile I use
39866,2.6105092,-0.99577916,6,Finance - Buy Implementation
39872,-5.507987,5.668219,18,pset3 tideman cs502020 locked pairs error
39874,-2.0393593,5.793901,3,Pset2 Substitution My code working when I use debugger and does not working thorough console or test. What am I doing wrong?
39876,0.34805402,10.467091,1,trouble loading dictionary
39877,-4.3728004,4.282657,7,Are we supposed to use Algorithms in pset3?
39879,-4.864259,4.21755,7,Is my vote function correct in Runoff?
39884,-4.857823,4.0913444,7,Vote Function in Runoff
39894,-1.0053203,7.002465,3,Caesar prints out the desired output but fails the check50
39896,-0.101554304,7.0547457,3,"Getting a ""seg fault"" on Caesar, Pset2"
39897,-1.669656,5.0819726,8,Count the number of spaces in a string in python
39901,-5.214614,3.6664374,7,Tabulate in Runoff
39902,-1.6412889,3.057034,5,pset1 credit: I am unable to identify what's wrong in the logic of my code?
39903,0.4805707,2.7842295,0,AI50 Project 1B AI Making Random Moves
39909,-0.11860838,5.195649,9,How h increases while executing for loop. In lecture3 recursion example
39913,-0.2771752,3.0600622,0,Getting different outputs when I use debug50 and when I run the program
39915,0.67062026,6.181065,9,What is the purpose of & in c++?
39917,0.63805145,4.9475384,14,I've been trying to submit ceaser and it won't compile can someone help?
39919,-1.5605359,-1.3488823,10,DNA code can't count
39920,0.9593955,9.643759,1,"Trying to fix a segfault in unload , pset5, speller"
39922,0.73099804,5.0043387,14,I don't understand the error message I'm getting
39923,1.9777002,9.7932005,1,pset5 speller check function: cursor pointer keeps being NULL
39924,-4.805239,3.4532714,7,pset 3 Runoff Where is my code wrong?
39925,-5.1903358,3.7375531,7,Please help me by reviewing my logic for Tabulate in Runoff Pset3
39929,-0.17895468,6.9344096,3,"I truly confused on why ceaser won't work,"
39930,-2.1320953,2.8685606,5,Numbers with printf -- sanity check
39937,0.676718,4.8726735,0,I finally got my code to work but now I can't submit it can anyone tell why?
39939,0.20923541,0.113569185,15,Problem Set 7--Movies SQL Queries SUBMIT50 says Error when executing query: too many statements at once
39941,-5.5426383,5.7054057,18,"pset3 tideman lock_pairs: why does ""lock_pairs locks all pairs when no cycles"" fail?"
39943,-0.9961283,6.400922,3,"Caesar pset2, printing out the cipher text"
39945,1.7244517,10.567318,1,Struggling with PSET5 Speller valgrind problems (& possibly more)
39946,-5.3019166,3.6585164,7,Tabulate not working when more than 1 candidate is eliminated
39948,1.0590334,9.185023,1,"When declaring an array of pointers that will be a hash table, do you have to set all the elements of the array to NULL?"
39949,1.3432811,0.3627581,16,In students its printing all the data correctly but when I try to insert it into db its showing this funny error
39950,0.3173523,2.5410132,0,Students only passing 4/6 the last two showing concatnation error but works locally somebody help
39953,2.1526206,-0.5873229,6,PSET8 Web Finance - Index/Portfolio - Why do my for loop variables not pull over to Portfolio.html?
39954,1.7261745,2.484299,0,CS50L and CS50B Certificates
39960,3.4104855,6.40132,9,How can I create a loop to read end of the card.raw file?
39961,4.1359982,5.9469757,4,CS50 Recover (pset4). Images dont seem to load
39962,1.635574,0.2128873,16,"Final Project - Get sql to work html, python and flask"
39963,-1.8133856,4.253144,8,readability - resulting grade is incorrect
39965,-0.19952004,6.741579,3,Segmentation error Caesar using isdigit
39969,1.8339713,10.487468,1,Errors with Valgrind on Speller (Still Reachable) - PSET5
39972,10.237517,3.7803786,2,Pset 4 Filter(less) Blur
39973,3.2062783,6.468689,4,how can I rewind the fread() funtion as byte
39974,-2.0427687,2.8847637,5,"Why do I get this ""expected expression"" error?"
39977,2.3002212,0.5313951,17,CS50 Final Project Jinja For Loop Not Running
39980,-0.64986384,3.7210622,0,How do you make a rule for the target?
39982,0.8283789,3.4197366,0,I keep getting the following error when I use the Check50
39984,1.6134788,0.314161,16,"Final Project: Problem to UPDATE table (Flask and SQLite) - RuntimeError (""unsupported value: {}"".format(value))"
39985,-2.0317273,5.825015,3,PSET2 substitute
39995,0.7797336,9.260795,1,Pset5: check returns hashtable pointers as NULL despite hashtable values printed correctly in load
39996,1.2813301,0.4347543,16,accidentally imported data multiple times (pset7 houses)
39998,9.358637,4.7617054,2,"reflect for cs50. Trying to reflect an image, but only the first row pixels is swaped"
40002,2.3915448,-0.8508604,6,Finance - trouble implementing javascript
40010,9.749691,3.1125023,2,Blur look correct but check50 says its not?
40013,9.7377405,3.3052337,2,What's my error?
40015,9.606563,4.1304917,2,"Pset4, the first problem ""Filter"". How can I define the grayscale function recursively?"
40016,-4.1794777,4.702148,9,Plurality - Why do I get segmentation fault?
40018,3.236095,6.861445,13,Seg fault (storing file pointer as NULL initially maybe?)
40019,2.0903351,1.0637426,17,CS50W Django Project1 Wiki - Textarea issue
40021,0.07036904,7.14071,3,Why do I get a segmentation fault? CS50 PSet2 - Caesar
40023,0.352764,10.582451,1,Hash Function in Speller - Use of Undeclared Identifier Error
40026,10.706128,4.4458065,2,edges completely fails check50
40029,-0.95923144,7.002774,3,cs50 Pset2 *Spoiler*
40031,4.5919394,6.636444,13,Images shifted with no 049.jpg in recover
40035,4.83765,6.3568783,13,Recover used to make files and now doesn't (Spoiler Alert)
40041,-0.43554595,6.847026,3,Can't get PSET2 Caesar to compile
40042,3.1221724,5.424918,4,I really don't know why my code is not working pset4
40048,-1.9750277,5.8786693,3,cs50 pset2 substitution Segmentation error
40049,9.464897,4.7630296,2,Why is reflect filter not working Pset4?
40050,2.1557314,-0.6267316,6,Blocked on C$50 Finance suggested personal touch feature - adapting index page to enable transactions in situ
40052,1.6694896,7.3752117,18,Segmentation fault tideman swap function
40054,0.1483469,9.424272,1,The strcsecmp() function is not working as expected
40056,-1.6453456,5.093081,8,Readability CS50 Not counting the spaces
40057,0.738575,0.7791016,16,Pset 7 Houses: Import seems to work but check50 doesn´t agree
40065,2.6889384,4.848096,0,Why is my recover code not giving any output?
40066,9.479197,4.664491,2,CS50 Reflect Pset4 Runtime error
40067,-1.5383179,2.9468858,5,I tried everything and it still shows me this error
40068,-2.0566022,2.5552382,5,"pset1 cash THESE 2 ERRORS DROVE ME WILD help a newbie out, I will send you good vibes in return"
40069,-2.0090659,5.6594524,3,I am getting different outputs with my code in CS50 pset1 substitution
40074,-2.0035431,2.6510415,5,Hello everybody : ) Can you help me out?
40076,10.308382,3.502924,2,Pset4 blur function keeps failing at the 3x3 and 4x4 checks
40081,0.9821262,9.262898,1,PSet 5 Speller - Expected Identifier
40083,-0.5375783,2.487285,0,pset 7 houses passes check 50 but shows the names 4 times
40086,2.1916935,9.828399,1,Memory Leak Even Though Memory Freed - Speller
40088,-1.6884025,2.6845937,5,Im having a real hard time
40089,2.5557642,7.320898,4,PSET 4 Recover.c - Segmentation fault
40091,1.2358696,10.555238,1,Word array sometimes filled with weird values - Speller
40092,1.6833867,10.576766,1,PSet 5 Speller - Valgrind Segmentation Fault
40093,9.954319,4.302658,2,check50 is not working with pset4 filter
40094,1.9677304,-0.2635198,6,Project: Conditional style for html table
40097,-5.5398445,5.7045636,18,Tideman: invalid operands to binary expression ('void' > and 'int')
40101,-4.9398665,5.136437,18,"Tideman : ""sort_array"" rejected by check50"
40105,-5.575218,5.738253,18,Tideman - :( lock_pairs skips final pair if it creates cycle
40106,1.2334466,4.0433283,0,No such directory - Week 1
40108,0.56700677,5.201078,14,Could someone explain to me how curly braces work?
40109,0.8305037,4.907187,14,Could anyone explain the error message?
40112,-1.1812959,6.7855124,3,Bad math pset2 - caesar
40116,0.6301045,5.0820627,14,Can you tell me my mistake? ;)
40118,0.23760617,9.831288,1,"""Could not unload"" error in pset4 speller"
40119,-4.1020527,3.708663,7,"pset3 - plurality - failing check50 'print multiple winners' - but my own tests say it works, not sure what I'm missing"
40120,0.9456297,7.005447,14,"Readability assignment, getting ""Segmentation fault"" message"
40126,-1.1399695,5.691467,8,isalpha not counting
40129,1.8772683,3.2547064,0,FINAL PROJECT for cs50! can i make a game using unity and c#?
40130,-2.741975,1.8194313,5,pset1 credit solution. code not working but there is no bug
40133,-1.4548795,-1.4502052,10,Computing consecutive STR is sometimes off by a little (Spoiler!)
40139,-2.0784926,5.9430413,3,CS50 PSET3 Substitution replacing some letters incorrectly
40140,2.1116061,0.75012845,17,CS50W Project 4 / Network - like counter not always saving to database
40142,-4.565646,3.4651947,7,"Why do I keep getting the error ""expression result unused"" in PSET 3 runoff?"
40144,9.262673,3.969115,2,PSET4 filters helpers.c
40147,1.8271558,2.4723573,0,"Cannot find ""free"" certificate"
40148,-1.6428,-1.082418,10,Program for dna not printing anything
40154,0.13377541,3.8457718,0,Pset1 - Mario less printing 2 extra spaces
40159,4.336547,6.755991,13,not recovering any JPEGs though the code works
40160,9.798366,3.1277368,2,Problem Set 4 Blur --- incorrect output
40165,4.2114844,6.7974195,13,Recover.c - Code Creates JPG files but it doesn't doesn't match expected output
40167,10.69551,4.441471,2,Not getting the edge function to work
40169,-1.9956787,6.3016977,3,Pset2 Substitution seems to be correct but is failing some Check50
40172,-3.0118082,1.7688483,5,Pset1 Credit- How should I proceed to add the sum of multiplied digits & further addition with remaining credit card numbers?
40173,2.4476898,-1.0539569,6,CS50 pset8 finance buy
40176,0.09942605,3.9904282,0,Pset6 mario more didn't pass the test
40179,1.627142,10.573679,1,Pset5 Speller Valgrind error trouble
40182,0.36683908,10.458068,1,"(Speller) Search Function returns each word given as false, And when i run Small Dictionary gives me Segmentation Fault"
40183,-0.033678245,-0.14307225,15,pset7 movies sql7
40184,-2.8801928,1.6959853,5,Pset1 Credit - Why is my code bypassing the Floor function inside If statement?
40191,2.3672297,9.870357,1,PSET5 Load function leaking memory
40195,-1.1461525,-1.2652609,10,Print keys of CSV files in DNA pset6
40198,2.364624,-0.7801305,6,Pset8 Finance personal touch
40201,-1.4848894,-1.3338861,10,"DNA pset6 My code works fine in small csv, but not large (Spoiler)"
40202,2.5591388,7.2366257,4,Pset4 recover getting Segmentation error
40207,2.5495973,0.36173597,12,Problems with docker-compose up
40209,-1.4485241,-1.5501751,10,PSET 6 DNA - Computing STRs
40210,-5.6122956,5.7739573,18,PSET3 Tideman: Lock_Pairs Help
40213,0.57436764,9.510023,1,cs50 pset5 functions check load assistance required
40214,10.705176,4.422131,2,Some values in my 'edges' don't pass check50
40223,1.4075626,10.213786,1,Problem freeing memory in Speller hash function
40226,-1.8180072,2.5667913,5,Code not working - cash
40231,-1.8552089,4.183715,8,Readability for CS50 returning “Nan” value
40234,9.213723,3.9634283,2,pset4/filter: What is being instantiated with RGBTRIPLE(*image)[width]
40235,-1.9076947,2.1346016,5,PSET1 Cash Outputting negative number?
40236,2.8996644,-1.3867874,6,CS50 finance SELL - Cannot get the code to subtract the stock from the database or index
40239,1.0210904,10.441849,1,Segmentation Fault on Speller's Load function
40241,-4.5359464,3.4569957,7,PSET 3 Runoff Error: variable length array declaration not allowed at file scope
40243,2.0808284,-0.9741515,6,"Can't update shopping cart for more than one item, works fine for a single item, otherwise only the first one gets updated"
40244,-0.3120772,2.8631618,0,"check50 gives different output than my own for ""18.txt"" sequence. All others pass. Any thoughts/suggestions are appreciated"
40246,-0.5092551,9.587867,1,Pset 5- Output is correct but still cant pass check50
40249,4.047801,6.114854,4,Why does `size` = `0` occur?
40250,2.811368,0.2708483,12,register not inserting credentials and returning invalid username/password
40253,2.0909712,1.0400101,17,How to get markdown info to HTML
40258,-1.7181445,4.274752,8,Pset 6 - Readability printing one grade off
40261,-1.8024331,4.228973,8,PSET6 - Readability: false grade output
40265,-0.82542014,6.8966985,3,How to print the output in Caesar(Pset2)?
40266,-1.720434,4.284514,8,Pset6 Cs50 = Readability false output
40269,-0.53901416,7.146968,3,PSET 2 Caesar: Permission denied problem
40272,10.295408,3.4878728,2,How to conserve original values in blur function? (pset 4)
40273,-1.9793766,2.432277,5,Problem probably related to floating numbers from CS50 pset1 cash
40274,-1.3428811,-1.4940544,10,DNA - Getting the highest key value from a defaultdict
40275,-0.87269425,7.018242,3,CS50 Pset 2 Caesar: :( handles non-numeric key timed out while waiting for program to exit
40279,-4.4033875,4.1512904,7,CS50 Pset3 Plurality
40282,10.346988,3.5009751,2,Pset 4 filter blur function - only works with corner pixel
40284,0.23653772,7.056122,3,Why is it that I keep getting segmentation fault? (Problem set 2 - Caesar)
40286,1.1449299,0.38777968,16,How to use a PostgreSQL database using python CS50 library's SQL function?
40288,-1.4913921,-0.9787228,10,Getting ONE error on check50 for DNA - ValueError: max() arg is an empty sequence - Where is the bug?
40294,0.10452905,6.231378,9,String to Char in C
40296,-0.078612864,2.5885515,0,Check50 doesnt approve but code seems to work fine
40298,2.633127,7.506742,4,"buffer array full of \000, pset 4 recover segfault"
40302,-0.369357,10.314971,1,speller: Testing myself works but check50 says it's producing no output
40305,-3.8382857,4.675977,18,"when to search in binary search right, when left?"
40307,3.1559985,5.374202,4,PSET 4 Recover.C wrong exit code?
40312,-1.2821904,6.481051,3,"I'm stuck at PSet 2 Caesar Cipher: The alphabets don't follow my modulo 26. It goes beyond it, printing non-alphabetic characters"
40313,0.36979163,4.2294846,0,"Getting error on cs50 problem set 1 mario ""handles a height of 1 correctly,timed out while waiting for program to exit"""
40318,0.69639015,6.399785,9,pointers and addresses
40320,0.023877686,7.1507287,3,:( handles lack of key failed to execute program due to segmentation fault
40323,2.3273385,9.946576,1,"My Code compiles but I am getting a leak ""8,013,096 bytes in 143,091 blocks are still reachable in loss record 1 of 1"""
40325,1.9296262,0.24611464,17,Generate dynamic datefields from selected dropdown value sent to another route in Flask
40328,-2.167035,2.730193,5,pset6 credit help with calculations in python
40338,2.7771776,2.201894,17,(Android Track - Pokedex) Why does my PokeAPI request return the current time instead of the pokemon's description?
40342,2.5502813,0.3678875,12,Pset8 Finance Register HTTP 500 error
40347,-1.5409218,2.5252764,5,Cash Program not returning correct value for .41
40349,-2.0307553,6.184235,3,PSET2 Substitution: Trouble Encrypting all alphabetic characters
40354,2.7671087,4.8216166,0,My recover doesn't stop executing once it starts
40356,1.8663023,1.032179,17,Help with Search Bar - Wiki Project1 CS50 Web Django
40357,-0.15736146,5.0446997,9,while (n<1) ----- Why?
40359,-0.009492834,6.979353,3,Program compiles and produces required output in caesar from CS50 but segmentation fault due to lack of memory. What to do next?
40367,2.0170345,1.026512,17,Edit Function Help - CS50 Web Project1 Wiki
40369,-4.9416814,5.177062,18,Pset3 Tideman: Why is my sort_pairs function not working?
40371,-0.2956116,6.348312,9,"Caesar scoping. variable len not defined, yet it works"
40372,-0.23560987,6.441318,3,Why doesn't my Caesar code work?
40373,-5.551392,5.7128224,18,PSET 3 - Tideman: Lock Pairs Function
40377,-0.35058966,6.798367,3,"PSET2 Caesar - Stuck at 'isdigit' step: Do I need to learn about pointers, or is something else going on?"
40381,-0.3736944,6.041351,9,"Expected output and output are the same, yet the program somehow isn't correct. Caesar"
40382,-0.03947821,5.519838,9,runtime error in sandbox for array examples from week 2 lecture
40389,2.2227793,10.91105,1,In PSET5/ Speller - Unload Valgrind says Conditional jump or move depends on uninitialised value(s)
40390,0.1904822,4.388407,0,"pset1 mario (less comfortable), expression error"
40396,2.415316,2.6608908,0,What's the next step to setup cs50 ide offline?
40397,0.15938355,10.518514,1,"My program tells me there are no words misspelled when I use the large dictionary, although the small dictionary with cat.txt seems to work fine"
40400,0.8540196,10.397926,1,"speller returning a segmentation fault, unclear why"
40404,0.16711485,10.543381,1,speller getting different hashes in check and load
40406,2.2367733,10.94291,1,"PSET5/Speller - Valgrind error: conditional jump, relates to table[i] array, but I've already initialized that (or have I?)?"
40407,0.21873467,10.573709,1,speller is case sensitive
40409,10.008027,3.675015,2,cs50 pset4 grayfilter
40412,2.2287672,0.69951683,17,request.form.get returns NoneType
40414,0.998101,6.965115,14,"The third last line of code is the one causing a segmentation fault. When removed, nothing happens and all I get is a $ on a new line in the terminal"
40416,2.6386735,1.5297376,17,"Html page is displayed well as file, but not on server"
40421,2.1661947,-0.63099957,6,Pset8 Finance won't pass values to index.html
40422,4.3560166,5.892503,4,pset4 recover creates 50 images but bytes don't match up
40425,-0.42063913,10.331555,1,Somehow I don't have any output when I run check50 on speller
40429,-1.8967798,2.2776275,5,PSET1 So my code executes and prompt me for the money owed but that's it..nothing happens. Can someone point me in the right direction
40437,-0.94151044,3.9467082,18,Iterative Pagerank Formula
40438,4.4153485,5.517564,4,pset4 recover.c last image does not match
40440,-1.7532055,4.4201164,8,Pset6 Readability wrong Grade
40442,10.190197,4.194863,2,PSet 4 Filter(less) Sepia - Why is my output image slightly red tinted?
40443,-0.9860759,3.9461713,0,Iterative PageRank Questions
40446,-0.014488318,5.767676,9,Index to integer
40447,2.121478,7.2980847,4,Segmentation fault: Pset 2 Caeser isdigit
40450,4.385014,5.739609,4,Regarding PSET4: Recover is compiled but only 26 files are recovered but unable to open images
40454,-0.03153434,6.9249473,3,PSET2 Getting segmentation error
40456,-0.60098517,6.95289,3,"PSET2, Caesar (less)"
40458,1.997053,2.834961,0,Can I just copy the Google source code to get a head start? (P1)
40459,3.434319,6.7537923,4,"PSET4 - Recover - Segmentation fault, not sure what's wrong"
40462,4.429463,5.6823707,4,CS50 Pset4 Sepia
40463,0.61993086,0.83395183,9,Why do my defaultdict get overwritten?
40464,0.16868006,9.789779,1,"Pset5 Speller,Check function isn't working as expected, strcasecmp always returns false"
40465,-2.0040946,5.7540693,3,Why am I getting a segmentation fault (pset2 substitution)?
40480,3.9495034,5.8553586,4,PSET4 - Recover - program timing out and not passing the check
40485,9.380912,4.840869,2,Pset4 Reflection Less Comfortable - Check50 Errors
40487,1.6453454,0.974853,16,ModuleNotFoundError: No module named '_sqlite3'
40488,0.074879274,3.9753437,0,pset6 mario more - there is a extra line in my output how do i get rid of it
40490,1.9484788,1.0250987,16,CS50 IDE gives error for flask run
40492,3.0092123,1.4788777,11,Header links won't align to the right (P2)
40495,10.061404,4.281477,2,pset4 - filter(less) - sepia not working
40499,1.964584,1.1057119,17,cs50w Project 1 Wiki Search: layout.html failing to submit POST to views.py
40500,1.6975796,2.613731,0,Wrong progress in gradebook
40504,2.0122633,1.0974985,0,Internal Server Error just using the distribution code in CS50 Finance
40506,-4.161289,4.142623,7,Plurality error :( vote produces correct counts when all votes are zero
40511,0.65656537,9.964283,1,Pset 5 speller load function and word
40513,-0.8722954,5.8135867,8,Input Problem Getting wrong char LAB2
40514,1.9539739,9.420363,1,dynamically allocated memory for a node is changed without any dereferencing?
40515,2.602225,7.4122934,4,PS4 Recover Segmentation Fault (Core Dumped)
40521,-0.9441568,3.3957963,14,is this error or not in CS50X lab activity
40524,3.003552,-1.3030666,6,Finance Check50
40525,1.3548138,2.6754704,0,Unexpected grade in Lab9
40530,-0.59204143,6.336996,3,Caesar - ASCII to char conversion problem
40532,-0.7661066,4.4745584,8,Uninitialized values in PSET5
40533,-1.1583174,2.299287,0,pset1/credit outputs the right output but fails check
40536,-1.9515034,6.174981,3,Input Problem in Char 'P' PSET2 Substitution
40540,9.45517,4.7587476,2,Sepia and reflect function output the image unchanged
40543,3.473605,6.5177426,4,PSET 4 - Recover produces an infinite loop
40546,-4.970539,5.1909165,18,Sort_pairs fails check50 tideman
40548,2.7484374,2.231158,0,CS50 Android track lecture1-3 pokedex
40549,0.18574461,0.26020515,15,DIFFERENCE BETWEEN TWO SQL CODES
40552,2.3610983,3.1040413,0,"Android Studio error ""Unknown failure: cmd: Can't find service: package"""
40556,1.3132373,4.2434554,0,Having trouble with make command
40561,0.92161345,0.36208844,16,CS50 SQL Library use outside of CS50 IDE
40563,3.4797187,2.081618,11,I cannot get the color of the button to change
40565,0.660113,4.7942853,14,CS50 readability.c:31:1: error: expected identifier or '(' {
40567,-0.8934195,5.318964,8,Lab 2 Double free or corruption error
40568,-0.045031257,2.7539175,0,Who do I contact about check50 errors?
40573,1.8407084,10.076105,1,Pset5 - Speller - Valgrind error for malloc in load function
40574,0.975608,4.739069,0,CS50 Readability compile error
40578,10.809017,4.070399,2,Pset 4 - Filter - Edge detection
40581,1.9833449,3.7207494,0,CS50 IDE returns - bash: command not found
40583,1.9535164,9.844366,1,Lecture 5 Data Structures Source Code Error
40588,-0.30459538,9.748343,1,Pset 5 Output to file different from terminal output
40590,0.17555737,3.8310492,0,Mario (less) PSET6 Python Spacing help
40591,-5.2878404,3.6504982,7,Runoff Help: Tabulate Handles Multiple Rounds of Preferences
40594,-0.18030354,2.8903677,0,Receiving EOF when I execute check50 (Readability)
40596,-1.4109398,6.6413417,3,pset 3 caesar - output looks fine but check50 returns errors
40598,2.7921448,7.687603,4,Need Help with using malloc and PSET4 Recover
40600,0.036569845,5.4631476,9,Why is my get_positive_int code not working? (I seem to do everything right!)
40604,0.0011725273,3.9907067,0,A problem with my code in PSET 1 Mario less comfortable
40607,1.1243616,2.8947635,0,How to submit Pest1 with SUBMIT50?
40609,3.9114778,6.354324,4,"pset4 - Recover passed check50, but want to understand the logic on fwrite or file-pointer"
40612,3.200984,6.360307,4,Why Doesn't fwrite overwrite previously copied data?
40615,1.8435761,3.4700618,0,Just started games50 Game Development no environment?
40616,9.695217,3.0164487,2,"My blur function blurs every image, but fails every check50 check - please help!"
40619,0.26822093,3.877743,0,cs50 mario MORE comfortable need LOTS OF HELP
40620,2.768601,2.2800229,0,Pokedex keeps stopping (Android)
40625,2.538498,-1.0461442,6,"For finance, does anyone know why my page to buy stocks does not work?"
40626,2.587576,-0.9872865,6,"For finance, does anyone know why my page for selling stocks does not work?"
40632,2.5373251,2.9709997,0,IDE.CS50.io can't get FireFox to full screen. Tried the F10 and F11
40634,-0.7368396,5.249052,18,How can i arrange the output in decending order In this program?
40637,0.05682524,4.281377,0,"Mario less, struggling with nested FOR loop"
40638,1.1958866,4.1281385,0,make mario won't work but i'm in the correct directory
40640,10.384437,3.6771648,2,pset4 Blur calculation does not work properly
40644,1.9323121,7.065896,4,pset2 substitution Cant figure out the segmentation fault
40647,-0.3727713,6.0777087,3,Undeclared identifier error inCS50 Pset2 caeser
40653,-5.5451016,5.704551,18,Tideman error: :( lock_pairs skips final pair if it creates cycle
40654,1.9541627,9.884664,1,Pset5 - Speller - Seg fault
40655,-0.6824385,3.8138998,0,cs50 plurality non-void function does not return a value in all control paths error
40660,-1.4625121,2.5136247,5,"Problem set 1, Cash executuion issue"
40663,3.1118562,-1.20766,6,"PSET9 Finance: Check50 says Buy doesn't handle fractional/invalid shares, but when I try these things my page does reject them. Why check50 no like?"
40666,-4.2128468,3.6587844,7,pset 3 tideman print winner does not exist despite being declared
40667,-1.4437755,5.028184,8,get_string function not working on pset6 2020
40670,4.1026835,5.885635,4,Recover - PSet 4
40672,0.8457386,6.562848,9,Why is the reference variable for dynamically allocated memory lower on the stack?
40675,2.0278265,1.4090908,16,Does anyone know how to use Django on CS50 IDE?
40680,-4.0478635,3.895753,7,Plurality print_winner function gives one error
40681,-5.2277923,3.6291945,7,cs50 pset3 runoff tabulate function help
40683,-0.12969586,6.5748734,3,Having Trouble using StrCpy with Command Line argument for Problem Set 2 Caesar. Trouble with Array
40686,-0.18424612,3.0079525,0,I don't understand the comments from check50 on my lab 1 submission. could anyone help please?
40691,0.48935518,9.902543,1,pset5 - speller - recursion
40694,2.906461,6.910514,9,Help with recover.c! I tried to use recursion
40696,-0.32413226,3.0078478,0,Why is my lab1 code failing to pass one test in check50?
40698,10.769861,4.208734,2,PSET4 — Filter (more) — Edges Error
40699,-0.10787265,6.439417,3,error: use of undeclared identifier 'argv' in Caesar
40700,2.1664028,9.023415,1,lab 5 // issue when freeing family memory
40701,-0.96749425,6.2398157,3,Caesar : Extra random characters at the end of a char ciphertext array
40702,1.7972488,2.442656,0,CS50 2019 Verified Certificate Missing
40705,0.4098606,4.7451396,14,Expected Expression Error
40709,3.3634362,6.521077,4,"Pset4 Recover debugging help: ""While loop has empty body"""
40712,0.67764205,6.2991743,9,When I'm creating array
40716,-0.1445401,6.093221,14,Why is my if else statement not working?
40721,-4.0186033,3.8318064,7,Plurality test passing on all except one
40723,-0.22955933,2.8332796,0,Different results with check50
40725,2.102044,8.666437,1,incompatible pointer types error
40728,-0.062118042,6.4512396,9,Caesar Error:Invalid operands to binary expression ('string' (aka 'char *') and 'int') int c = ((int)text + argv[1]) % 26
40730,3.9813142,6.847751,13,Segmentation Fault in recover.c
40732,-0.8731172,6.865857,3,What modification do I need to shorten my code?
40737,-0.4042733,5.1368213,9,My do-while loop does not work
40738,2.8569503,0.16720898,12,"CS50 (2021) - Finance. :( registration rejects duplicate username - expected status code 200, but got 400"
40739,10.188068,3.9933026,2,PSET4 Filter less BLUR
40742,0.264116,3.4555602,0,mario more (python)
40746,-4.1886964,3.7967827,7,"Pset3 Plurality: program runs fine when I check manually, but Check50 disagrees"
40748,-5.506248,5.6663294,7,CS50 Tideman lock_pairs function
40749,-4.7501683,3.4328277,7,Pset3 Runoff is_tie
40751,-0.2002922,3.0422108,0,the code which is expected and my actual code are the same but check50 see it as incorrect LAB1
40757,-2.1090484,2.505653,5,float rounds with %2.f
40759,-0.2649976,10.356361,1,"Output in Speller.c seems to match the staff solutions, but cannot seem to pass check50"
40760,2.8355668,0.13528146,12,What's wrong with my register function? (Pset9 - Finance)
40761,9.767144,3.9312863,2,PSET 4 - Filter Grayscale
40764,0.37022144,3.8049877,0,"CS50_Mario: How to fix: :( handles a height of 1 correctly expected """"#"""", not """" ""\n"" #"""""
40766,-0.45402983,5.294687,18,Can you help me to understand why does the output of time function vary every time while applying it on same file with same sort type?
40767,-5.263371,3.6788805,7,My tabulate function won't work for multiple eliminated candidates
40769,-0.806554,5.3793163,9,"Why do I get a weird result when I am adding a number, string and then number again in java?"
40771,-1.9022361,2.6618793,5,How to solve use of undeclared identifier error
40772,-0.28686318,6.5767894,3,Help with Either Command Line Argument or Arrays for Problem set 2 Caesar
40775,3.2689207,6.297261,4,Possible error in solution video of pset4 lab 'volume' within fread() function of header
40777,4.034291,5.8791137,4,cs50 2021 pset4 recover help
40779,-0.274447,2.9433901,0,Check50 problem with Readability
40781,-1.3776942,6.657375,3,Can't check CAESAR pset2
40783,10.753452,4.2726126,2,"I don't know what I'm doing wrong Pset4 filter ""edges"""
40785,3.9780889,6.745868,13,Why can't I assign the return value of a fwrite() function to another variable? Infinite loop
40787,1.0980139,4.070207,0,Updating a game from GD50 then submitting it
40791,-2.801084,1.5773568,5,Check50 accepts all but last 2 tests. pset1/credit
40792,0.10412963,6.9170446,3,Caesar segmentation fault
40799,-0.30015415,10.453233,1,"Speller.c, get correct result on my machine, wrong on check50"
40803,2.891442,0.10386422,12,pset 9 Finance can't register or check for duplicates TemplateSyntaxError
40805,-5.496481,5.654852,18,"Can't determine the problem with my tideman program - check50 fails at lock_pairs function, says I didn't correctly lock all non-cyclical pairs"
40806,3.3367903,6.639176,4,Getting a segmentation fault in pset4 recover
40809,2.185729,2.5914524,0,Am I supposed to have root permissions?
40811,-1.4526224,-1.1803493,10,pset6 - DNA - works for small.csv but not large.csv
40814,2.8799543,0.883811,17,Mail CS50 Web - How to Send Email (API not working)
40816,-1.5740052,-1.244971,10,pset6 DNA works with small database but not with the large one
40819,-4.7737637,5.016887,18,"pset3, tideman, cs50 2021"
40820,-1.0561812,4.867972,8,"I have included all the libraries, yet it shows errors (pset2)"
40823,-0.21997806,0.46226528,15,pset7 Fifty Ville // not sure how to get the intersect of cases to find the thief
40825,-4.76193,4.8061185,18,"PSet3 Tideman , error with updating ranks array"
40828,3.0497973,-1.389941,6,Is there a bug in check50 cs50/problems/2021/x/finance?
40829,3.4782634,2.0464697,0,Lab 8 // Resetting button colors not working properly
40835,0.9689859,9.312825,1,Problem set 5 - is this the correct way of inserting into a hash table?
40836,3.4021819,6.8374615,4,pset4 recover Segmentation Fault jpg000
40841,1.7638644,3.2372997,0,"React native project 2, Failed to compile, Error: 'Support for the experimental syntax 'jsx' isn't currently enabled (7:7)'"
40842,0.62158686,5.2044525,14,"why am i getting error codes for and ""expected identifier"" when there is one there in my code?"
40845,2.0480874,9.999437,1,PSet 5 Speller: How can the program tell if the dictionary has been successfully freed?
40848,10.361463,3.4714162,2,Segmentation fault in blur filter
40850,2.3352623,-1.1421981,6,"pset9 Finance - "" RuntimeError: unsupported value: "" error"
40851,-4.792785,4.388726,7,Passing arrays into function in tideman
40857,2.2213607,0.46331367,17,"pset9 Finance ""jinja2.exceptions.TemplateSyntaxError: expected name or number"" error"
40859,0.18838139,2.2348845,0,What is the meaning of this line of python code?
40860,0.14852472,6.9698553,3,:( handles lack of argv[1] failed to execute program due to segmentation fault
40864,1.6116697,4.080539,0,ls isnt giving me a.out in the terminal like like i want it to. why?
40866,10.318513,3.4462798,2,Pset4 filter blur corner
40867,2.678969,7.17303,4,Pset4 recover segmentation fault when running
40869,9.985694,4.3548403,2,Pset4 Filter sepia error from check50
40874,-1.6393957,4.9697666,8,Pset 2 : Readability
40876,-1.7831507,4.4513445,8,pset2- readability
40881,3.0439637,6.308206,4,How can I know number of samples to add it as an argument for fread and fwrite?
40884,2.8299005,0.26902562,12,pset9 // register function not registering user
40887,1.6016619,3.9698474,0,why is my terminal freaking out? what did i do?
40889,-1.8453764,4.2947044,8,Readability Wrong Output at Index around 7-8
40893,10.72006,4.3719225,2,pset4 filter (more) edge not passing check50
40894,1.4165367,5.7470155,4,I am asking about pset4. What is the importance of creating a header file like helpers.h?
40896,-1.8543258,2.2188148,5,"Pset1 ""cash"" question"
40899,1.0543693,9.977707,1,pset 5 - speller: Hash function gets stuck with strlen() and I don't know why. Furthermore I'm lacking memory
40900,1.4885494,4.1590304,0,"What does ""no rule to make target"" mean in terminal?"
40904,2.3438737,9.989634,1,"what is this ""unhandled error"" thats in red on my ide? how do i fix this ""unhandled error""?"
40906,2.9019177,0.055054847,12,pset9 finance // how can I check whether someone has registered
40907,2.9204378,0.9242002,17,CS50Web - Not Sending Emails
40909,1.5352503,4.154422,0,why is my terminal telling me a file doesn't exist when I'm looking at it in the file tree?
40912,-1.7202674,2.4752386,5,CS50 problem set 1 cash
40914,2.0614955,9.779007,1,PSET 5: valgrind: memory marked as 'still reachable'
40917,-2.1279066,2.5900786,5,Imprecision during float subtraction in python
40918,10.203248,3.5136535,2,"Blur - I'm so close, but yet not 100%"
40921,-0.7753169,6.9162207,3,Error in Caesar of Pset2 while validating entered key
40923,-1.1097907,6.7601366,3,Logical error in Caesar of Pset 2
40925,2.278159,0.5522118,17,Calling a javascript function from flask
40929,-1.6507248,4.5428705,8,CS50 - Readability Equation Error
40933,-0.2862206,5.292849,9,Why is the command line prompting me again when my integer meets my conditions?
40936,2.36493,9.778365,1,Help In Solving Memory Leak For PSET5
40940,-0.021109505,1.7280248,0,PSET9 /Register exception raised in application: RecursionError: maximum recursion depth exceeded while calling a Python object
40941,0.5567415,9.913225,1,PSET5 Speller Load function skips the words from the dictionary
40944,0.19447552,3.6468263,0,"Alright, check50 is rejecting my mario pset saying that I'm printing an extra character and I'm not sure why. why?"
40947,2.3294146,-0.9365065,6,pset9 finance // index function doesnt display the sum of the shares
40948,1.161394,4.728789,0,CS50 Task meow.c custom made function doesn´t work
40955,10.174902,3.7019048,2,Pset4 Im having issues with the blur filter
40957,0.4096134,5.2367706,14,what's going on here? I know there shouldn't be a semicolon after my main function but miss terminal wants one. why?
40959,9.5609665,4.267709,2,pset4 filter Invalid or Unsupported Image Format
40967,1.8266574,2.2208164,0,What is the difference between Finance in 2020 and 2021
40970,-1.0285696,4.4564247,8,stuck on readability pset2
40975,-2.150395,2.6137276,5,variable used in loop condition not modified in loop body
40977,3.0535371,-1.3935219,6,"CS50 Finance check50 problem in sell function, it works fine when i test it as well but idk what the problem is"
40979,1.8663749,1.0383656,16,default relative Imports in Django wiki failing
40987,1.8206396,4.2199836,0,How to write the make command in C from scratch
40991,-1.3662913,-1.2222382,10,PSET6 DNA Think I'm getting an infinite loop which is apparent when testing with every txt file after 4.txt
40992,2.2172995,7.1340895,4,pset 4 Recover: Segmentation Fault in If-else-statement
40993,2.2192073,0.614803,16,PSET 9Help with SyntaxError: invalid syntax error
41000,-0.5430937,6.642878,3,How do I check that every character of an array is a digit and only print out the string if all the chars are digits?
41002,2.6459572,0.37421435,12,Finance problem set. Register is not loading
41004,9.422572,4.798709,2,pset4 reflect half of the image
41006,-2.0268507,5.8516207,3,Segmentation error on pset2 substitution
41010,-0.5395867,5.9422793,3,Program won't print out enciphered text
41012,-1.5155319,2.5981321,5,CS50 IDE Cash feeling less comfortable
41014,2.4957957,3.744869,0,Command debug not found
41018,0.72223246,4.8872557,14,"error code ""linker command failed"" on custom function"
41021,2.2419817,9.951168,1,"Valgrind says 8,013,096 bytes in 143,091 blocks are still reachable in loss record 1 of"
41023,2.1350253,10.206164,1,Check function pset5 speller
41024,2.2700858,3.528594,0,"How can I use debug50 when it says ""Command not found"" every time I try to run it?"
41027,-0.22525866,5.6295643,9,What does Random rand.nextInt(x)+y actually do?
41029,2.5812094,-1.1242483,6,pset9 buy function // buy handles invalid ticker symbol and handles valid purchase having error
41031,2.843747,-1.1968255,6,"pset9 finance // expected to find ""112.00"" in page, but it wasn't found"
41033,3.3127048,0.07816208,12,Return confirm in javascript not working
41034,0.1466144,10.491584,1,Speller not working! What's going on?
41036,-0.11437443,4.8570514,9,Why does this become an infinite loop?
41043,-1.4716372,-1.4100891,10,PSET6 DNA Almost done - matching not working correctly
41046,-0.6332217,5.5222745,9,my terminal is not liking that I'm trying to pass a string into an int. Isnt there a way to force that?
41049,0.55105895,5.1759815,14,why is my terminal asking me for syntax that I know is wrong?
41050,0.5965291,6.617368,9,if i initialize my variable the command line thinks i want a pointer. how do i declare without having to initalize?
41051,3.0343766,4.829684,13,"In Recover, when I run check50, it says timed out while waiting for program to exit. But when I run it with ./recover card.raw, it works perfectly"
41055,-0.0046396796,4.8771696,8,can someone translate this to human?
41057,3.288554,5.8639,4,Where am I mystaking ? pset4-RECOVER
41059,-4.80415,3.4335709,7,Runoff: Issue with check50 on find_min function
41060,0.19469656,5.233217,14,why am i not returning a value for my function?
41061,2.110495,-1.2234044,6,"issue with my ""Buy"" code in finance problem set"
41066,-1.568333,-1.1540016,10,pset6 DNA // having problem comparing elements from the database and the sequence file
41067,2.979864,1.0029231,17,"CS50W Email - Problem setting .innerhtml to """" due to elements displaying as ""null"""
41070,1.4294766,5.8667192,0,stdbool.h in lab5 inheritance
41073,-3.0275934,1.7477976,5,Credit (Pset1) - Checksum problem
41074,2.5373785,0.87098795,17,How to access foreign key in fetch query? (CS50W Mail)
41078,1.5410221,10.614713,1,Why are check50 and valgrind telling different things?
41083,4.616873,6.6751494,13,"Recover code makes 000.jpg to 049.jpg, but jpgs are corrupt"
41084,1.7716691,4.1011477,0,question on Week 1 lecture
41088,-2.0537043,5.605016,3,pset1 credit; buffer overflow when converting to char array
41089,-4.1617966,4.244703,7,cs50 plurality invalid vote
41092,-2.963222,1.6582328,5,PSET 1 Credit Card Checksum doesn't add up
41095,1.1544554,2.8250868,0,"Submit 50 uploading old version of pset 1 - cash, I recompiled before submitting it's uploading an older version. Why?"
41097,9.741983,3.067298,2,"Check50 shows errors on Blur Function, Filter even though images are blurred"
41102,0.32121143,5.440579,14,Lecture 2 Arrays
41106,-1.3162285,5.2220745,8,final project LOVE lua moving text enemy (e.g space invader enemies)
41111,-1.3207031,5.497552,8,toupper not executing
41113,-0.71263164,2.3069122,17,How to get a specific date from a json file in Python?
41115,2.3391724,-1.0985484,6,Runtime Error Unsupported Value in pset9 Finance
41116,-0.012608162,4.0814247,0,What is wrong with my nested loop? Why doesn´t it print what it should?
41121,-0.9663815,5.3081017,8,Scrabble doesn't handle numbers
41124,10.028048,4.353379,2,PSET4 Filter (Less) Sepia
41128,4.229842,5.647857,4,pset4 Recovered image doesnt match
41131,0.12416387,5.1766324,14,"Getting ""non-void function does not return a value in all control paths"""
41135,-0.11205165,3.0779614,0,Problems with Lab4
41136,-0.54883,6.580244,3,For loop proccing too many times
41140,1.4213086,5.9013247,1,What is the usage of creating DICTIONARY_H in pset5?
41141,1.8986543,1.2424217,17,Is there a way to replace the whitespace in the url whose part is some user input? i.e. User input contains whitespaces Pset1 (Wiki)
41142,1.5421245,0.3744417,16,"Sqlite3 ProgrammingError in Python (Flask, helper.py file)"
41146,2.5143743,7.161205,4,CS50 Recover pset is causing segmentation fault
41149,2.095385,8.5139,1,"Segmentation Fault on Inheritance, Lab 5"
41150,-1.7568692,-1.0653337,10,"Minor change in pset6/dna required, need some help or hint"
41151,-4.7183495,4.22729,7,"why am i getting an "" use of undeclared identifier 'j' or 'i' "" on the vote and tabulate functions?"
41159,1.6313446,4.017675,0,Some short commands aren´t working in my terminal window. What could be wrong?
41161,1.737064,7.08732,9,Segmentation and bool fault in recover.c
41163,4.9210825,6.487167,13,Recover finding all images but not passing check50
41166,0.35605273,2.8744466,0,CS50 Lab6 taking too long to run when trying to run the code
41167,10.771567,4.3067603,2,filter more comfortable pset4 edges
41168,3.3177385,0.38249835,2,How to fix if statements within event listeners in Javascript
41169,0.019099284,10.066393,1,Can't render correct font size and isDown movement in LOVE (Pong 3 - Paddle Movement update)
41170,2.820306,-0.49146524,6,PSET 9 Quote function not working correctly
41172,-5.5546513,5.716323,18,PSET3 Tideman - What to do with the lock_pairs function?
41174,-4.4695187,3.6424925,7,CS50 - pset3 - Runoff | Check50 failing print_winner on majority but works correctly for any manual test I can think of
41177,2.7439222,-0.7413977,6,API key or look up function error in cs50 finance pset9?
41179,-1.7086842,-1.0384574,10,Pset 6 - Dna - My outputs are slightly incorrect. Could someone help me figure out what might be the problem here?
41180,1.2389345,3.1632476,0,"I am unable to uppload my file ""hello"" from the terminal. It is giving me a message about slug which i am setting out below. Please help"
41185,2.8521101,-1.116263,6,"PSET 8 Finance "":( buy handles valid purchase exception raised in application: TypeError: 'method' object is not subscriptable"""
41186,3.2216935,5.3480296,4,Pset4 Sepia Function
41190,1.2921792,9.556704,1,PSET5 speller segmentation fault
41196,-0.93183243,3.366904,14,"population lab compiles , but wrong years"
41204,0.4510608,10.577265,1,speller identifies most words as mispelled
41208,1.9688245,10.002891,1,pset5 speller passess all checks except valgrind. no memory leaks but errors raised. confused
41209,1.1673318,8.88922,1,Inserting node in linked list
41213,1.9792699,1.3003485,17,"CS50 web - problem 1, Wiki. Python syntax error"
41216,0.88635826,10.589289,1,Why won't my Speller correctly identify misspelled words?
41220,2.3364947,9.798315,1,pset5 - not sure where memory leak lies
41222,9.245437,4.932317,2,PSET 4 reflection
41224,10.657288,3.850663,2,Cleaning up PSET4 Blur
41225,1.9093393,1.1574949,17,"CS50 web - Problem 1, wiki"
41229,-0.13640016,3.024665,0,Lab 5 Check50 Error Question
41230,3.3402588,6.4169555,4,PSET4 Recover fread/fwrite
41232,1.4825903,4.679232,0,get_string prints out special characters as prompt
41234,1.1341769,8.820034,1,Lecture 5 Linked Lists: What's going on under the hood?
41235,-0.2245465,5.4437337,9,Collatz Function Iteration
41236,-1.2878158,-1.3337903,10,DNA: Excluding a column from my dict iteration
41237,2.3739386,2.7194786,0,Not able to link cs50x with Edx
41243,3.9349856,6.7226853,13,Recover - segmentation fault and other general problems
41245,-0.94259065,4.519851,8,Pset2 - Readability doesn t compile
41248,9.213266,4.038549,2,pset4 - (Filter Less ) - Doubts with malloc()
41255,3.3497062,5.1019855,4,Problem with Recover (Pset4)
41256,10.025736,4.2975597,2,Help to finish my problem - Check50 - Pset4 - Filter Less
41260,2.1755548,9.14136,1,Lab5 free_family function
41263,4.1794147,6.766011,13,Wrote a simple recover.c program to extract the first image from card.raw but the image is corrupted?
41267,1.211414,9.376985,1,PSET 5 Load Function woes
41268,10.053581,3.7462044,2,Pset4 Blur (filter less) not passing check50
41273,-1.4174584,-1.1802398,10,DNA Max Sequence Bug | Working on small.csv but not on large.csv
41275,-1.9468843,5.7116356,3,PSET2 Substitution Segmentation Fault. Works fine with get_string
41277,4.245244,5.6340103,4,Recover PSET4 Corrupt images
41279,2.5367033,7.1734114,4,Segmentation Fault in CS50 Recover - pset4
41281,1.0416157,9.190969,1,PSET 5 Load and Hash seg fault
41285,10.522885,3.830094,2,How to detect collision of a sprite with objects drawn by pen within a single sprite?
41288,-0.053049337,5.7418466,9,Error retrieving return values ​from a function
41292,2.4749196,-0.7732065,6,Why is the portfolio not being displayed? I get not errors but nothing is being displayed. I am at a loss as to why I cannot display any stocks
41295,2.7400992,-1.3220239,6,pset7 - buying and selling from index results in duplicate flash's and apologies not being rendered
41297,1.8292403,10.551485,1,PSET 5 SPELLER - Passing Valgrind but not Check50
41300,1.9073154,10.098527,1,Speller - unload is giving me 1000000 errors in valgrind
41303,10.027329,3.7138321,2,PSET4 Blur not passing Check50
41309,-2.9303944,1.6758549,5,Credit Card Check
41314,0.39760178,6.226588,9,incompatible integer to pointer conversion initializing 'char *' with an expression of type 'int'
41315,-0.031441014,10.512704,1,70-90 Extra Misspellings - Any ideas?
41317,-2.9762368,1.9948729,5,I have to enter any letter to get the result
41318,2.1359391,9.001104,1,When does a recursive function actually repeat?
41321,3.3054929,0.26083624,17,Trivia | Uncaught TypeError: correct.addEventListner is not a function
41324,-1.6445867,4.404404,8,readability pset2 multi error
41326,2.0862207,-0.82907623,6,How to access the values returned by SELECT SUM
41335,-0.0069564604,6.0464497,3,"caesar pset2 ""expected expression and use of undeclared identifier"" error"
41340,-1.2456455,5.4271007,8,Lab 2 Compute Score
41342,0.5070035,0.3470607,15,Check if query returns empty value
41344,2.9294403,0.97954935,17,"running the program in the background continuously even though I have to close the chrome page, how do I keep it running?"
41346,2.3170145,-0.7491854,6,Pset9 Finance - How do I load the symbol into my input box on the Buy.html?
41348,1.9196534,1.0234417,17,jumping into a google image search
41350,9.441294,3.8044806,2,Blur PSet4 (Filter) - Compilation errors passing reference to the image[height][width] array in helper function using pointers
41353,2.2748842,-0.1657986,14,Week 9 - I need a help about UNIQUE constraint
41354,4.1527047,5.7705865,4,PSET4 RECOVERY does not recover images correctly
41358,-4.5704494,3.8154685,7,Problem Set 3 (Runoff) print_winner function doesn't print and quits
41361,-1.5259289,2.888807,5,error: function definition is not allowed here( help!)
41364,-0.20937133,4.9496217,9,help with python loops
41366,2.173477,-0.63476306,6,Pset9 Finance Sell select menu
41367,-2.441571,1.9647552,5,"PSET1 - credit ,not satisfying all test cases ,please help"
41384,2.1242368,9.034999,1,how does recursion reach parent[1] in inheritance?
41385,9.504318,4.1820393,2,Filter segmentation fault
41389,2.5576494,1.3700315,17,Error 404 in trying to display an image (final project)
41391,1.9277719,10.5236225,1,Unload function pset5
41392,9.514153,4.1846266,2,pset4 filter Could not open infile.bmp
41398,10.022073,3.743675,2,pset4 filter. Blur image compiles goed but does'nt pass the check50 lots of error
41403,1.8143557,1.4530264,0,GET request for a file with a space in the name
41407,9.280879,4.8933187,2,Pset4 - Memory/reflection problem
41408,3.0241475,-1.2565453,6,PS9 Finance - Check50 - :( buy handles valid purchase
41409,0.8362597,6.591928,9,Week 4 Memory - Swap
41413,2.7762415,-0.030427966,12,"Problems when deploying ""Problem9: Finance"" to Google cloud platform"
41416,1.2745229,9.542488,1,Pset 5 Speller Load Function Segmentation fault
41419,2.2449522,-0.9679802,6,Buy Finance Pset9 Cash not working
41420,0.92412925,4.2507715,0,Please help me. *** No rule to make target 'mario'. Stop
41422,4.8037686,6.5390825,13,"CS50 Recover recovering corrupted images, and only 43 images"
41425,4.160719,5.557337,4,Pset4/recover: Why does it not works? Image names are correct. But it doesn't match. Please help?
41427,3.026785,-1.3389864,6,check50 on finance pset
41428,4.056498,5.9401383,4,"PSET4 Recover, output files are blank"
41430,-2.0459542,5.600141,3,Pset1:credit - converting a long to a string causes a segfault?
41432,-1.3726102,2.8459096,0,make: *** No rule to make target 'cash'. Stop
41436,1.5488394,2.6122077,0,What does this number stand in submit.cs50.io stand for?
41440,1.3968364,0.425143,16,How do we delete existing flight in sqlite via Django?
41442,9.534158,4.157614,2,pset4 filter greyscale error
41450,1.7701416,2.6230497,0,Specification imposes a 5-minute length limit on videos
41452,10.274715,3.6817894,2,cs50 Pset4 filter(more) blur
41453,-0.98031616,5.274421,8,Week 2 Lab (Scrabble)
41455,10.776354,4.323167,2,CS50 - PSET 4 - Filter - Edges
41456,0.22276455,9.874211,1,pset5 speller all words are spelled wrong
41457,2.4389255,3.4862008,0,Frozen cs50 IDE terminal
41459,-0.78152573,5.997214,8,Indexing problem
41460,1.663893,0.17010218,16,CS50 Final Project Help: SQL QUERY...inserting row from one table into another table after button pressed
41464,3.6009514,6.649564,13,CS50 Recover - fread into buffer
41465,0.36855426,6.0488214,9,Why is an Array longer then the input?
41469,-4.2736425,3.8055618,7,CHECK50 for Plurality shows bug which manual testing can't find
41471,6.3412814,4.520725,9,Filter - Structures & Headers
41475,0.8080807,6.5294266,9,Pointers Memory Allocation
41477,-1.3440619,5.103089,8,Implementation problem
41481,2.6101892,7.2508864,4,Pset 4 Recover output shows Segmentation Fault
41482,-1.3489816,6.0896525,3,Char repetition in key
41487,-1.4463845,-1.1596137,10,Pset6 - DNA - Strange Error
41488,-1.0269092,6.686638,3,"Hello everyone, i have a problem with my code for caesar"
41489,2.1059258,-0.5641388,6,PSET 9 Finance index.html issue with displaying table results with html
41491,-0.51477516,5.694776,9,Why is my C modulo code giving repeating identical output?
41496,9.4760895,4.210262,2,"Pset 4 filter less comfortable, cant open the output BMP file"
41498,-0.9494618,5.9173694,8,Isalpha not working for all char of my string
41502,-1.8309985,4.3708377,8,pset1 problem set 2 readability
41507,4.1764154,6.071319,4,Need clarity for Problem Set4 recover
41511,10.175881,4.25424,2,"Pset4 (Less). Filter sepia. In the output image, the white parts are magenta"
41515,-3.1039379,1.844861,5,PSET 6 Credit More: always gives an output of INVALID
41517,10.001428,4.334692,2,The sepia code passes 2 first tests but doesn't pass the rest of those tests. What am I doing wrong?
41520,-3.0232084,1.8370153,5,credit pset1 cs50 sum while loop
41523,3.50501,6.5582023,4,pset4 recover fread segmentation fault
41529,0.8423848,10.5816965,1,Speller skips first word in dictionary
41537,-1.9343853,4.1833005,8,"Pset 2, readability: is everything a float and rounding problems"
41540,2.1638064,2.5971794,0,Git hub on Chromebook
41541,10.129824,3.6260836,2,pset4 filter blur less got stuck
41543,-2.8621264,2.1153717,5,Credit (Pset1) - Do While Loop
41545,4.357372,6.7446795,13,My Program is not recovering the jpegs correctly
41551,-0.774156,6.4370427,3,Recalling the function for output changes the input
41552,4.268291,5.947785,4,(PSET 4 - Recover) Why is first recovered image blank?
41554,-0.32415727,5.4099035,9,How do I change if/else if statements into a loop?
41555,-1.126688,4.6927733,8,CS50 Pset2 Readability Second Argument Not Compiling
41560,4.3183794,5.8621826,4,PSET4 Recover - Cannot identify the error in my program
41561,-0.4164099,10.301184,1,Where am I making a mistake?
41563,4.3273315,5.4049234,4,CS50/pset4/recover doesnt recover img 49
41566,2.6006546,-0.9392518,6,Pset 9 finance-Problems for type= number output on the webpage
41569,4.4878125,6.0294824,4,"Getting an ""Invalid or Unsupported Image Format"" while trying to open images (Recover, Pset4)"
41571,-1.5114058,5.230158,8,"Why does my code count a '.' only at the end of a multi-word string, but not at the end of a single word string?"
41574,2.603538,6.196287,14,Lab4 trouble multipliying int16_t types
41576,-0.031750638,6.732786,3,Is argv[] changing my input?
41578,-2.9124136,1.5960058,5,Segmentation Fault for PSet1 Credit in CS50
41580,-4.674204,3.536097,7,Pset3 - runoff - print_winner and find_min error
41582,-0.97907287,3.364323,10,"Lab ""population' Why is it when i put 18 as an end population, the loop for 'start date' is initiated again after there being a condition of (e < s)?"
41586,-4.531265,4.953859,18,"Printf works fine if arr[0] is the largest after sorting, but not if another element is moved to that position. Why?"
41589,0.14779915,4.330722,0,My program is not working
41594,1.7583296,2.6197758,0,Cs50 won't update my gradebook
41598,2.217364,2.7588441,0,How can I launch my final project from CS50ide to the internet as a public website of my own?
41600,2.1063178,7.615063,4,Problem Set 5 - Segmentation Fault
41605,-4.789189,3.4362524,7,Having trouble with is_tie in runoff. How do I use a count in an if statement as a variable in another if statement?
41607,-4.478543,4.3687077,7,Plurality starter code clarification
41609,-4.188863,3.7838924,7,(Solved) Problem Set 3 - (Tideman) Print Winner Function
41610,-3.8711722,4.2546787,7,Plurality Clarification
41613,-4.309911,4.034411,7,Plurality problem
41618,2.8032825,6.2348166,9,"Lab4 Volume, question about copying samples from input to output wave file"
41619,1.7558856,3.5739448,0,"I want help running the lua code for Pong, Flappy Bird, Breakout and more in Game Development"
41622,2.2919865,-0.8166592,6,Buy/Sell on Index - button attributes & form value issues
41623,-4.6749744,4.29926,7,Vote indexing problem
41625,3.946491,6.2651944,4,Pset 4 Recover - How to check for first jpeg?
41631,2.4354172,1.4324923,17,"cs50 web programming, wiki: extend function not working"
41635,0.25327083,4.858734,14,Help with CS50AI Project 1 Knights Puzzle 3
41642,-0.95829517,5.154761,8,Week 2 Lab Scrabble
41643,0.16278276,6.2806,9,My program is not is not able to import strlen from string.h
41645,-4.528239,4.1914024,7,(!vote) in runoff [pset3]
41646,2.6389527,6.300999,9,"Why do you not need to allocate memory for int16_t in Lab4, volume?"
41649,-3.163354,1.8758858,5,Need help with the Credit Problem for Week 1
41650,-1.9438314,4.1451497,8,How should rounding be handled in pset6 readability?
41651,0.49797988,2.7198412,0,"In Lab0 - Tic-Tac-Toe, calling the result function causes the error ""local variable 'result' referenced before assignment"""
41652,-1.4995927,-1.4495554,10,Pset6 DNA. How to use a list in re.findall?
41654,1.665424,10.564416,1,CS50 PSET 5 SPELLER - Valgrind issues
41660,2.5981731,3.9345367,0,Debug50 won't even open and I don't know what step to take next in lab4 Recover
41661,-0.8352175,4.5303755,8,PSET6 - Readability. When I am running my program it is showing me this error again and again
41666,-2.908663,1.5651048,5,problem with credit with this numbers (369421438430814 & 5673598276138003)
41667,1.5640717,4.1347494,0,"When I try to execute the file is says ""bash: ./: Is a directory"""
41668,-2.8765166,1.8513374,5,CS50 problem set 1 CREDIT works sometime but not always
41672,1.3343959,9.322153,1,dictionary.c - pset5 segmentation fault
41675,1.6113795,4.102137,0,How do I delete files?
41678,9.95075,3.2779045,2,CS50 blur filter failed 3x3 and 4x4
41679,1.5722843,4.170266,0,Why does it keep saying error: no such file or directory?
41682,2.1819956,9.978896,1,problems in unload function-pset5
41687,2.16534,2.622766,0,how to stop using github password when logging in github to check or submit psets/lab assignments
41690,2.7440844,-1.1487837,6,CS50 Finance index doesn't display what it needs to
41691,-1.5230446,-1.4574224,10,"What does ""consecutively"" mean in pset6 DNA?"
41697,1.9789414,3.6569674,0,week 1 no workspace?
41699,0.10560132,9.883747,1,Pset5 CHECK cursor returns NULL erroneously
41702,-0.36633992,0.60130614,15,pset7/fiftyville - Some people do not have a passport number
41707,1.5114524,10.485296,1,Getting a segmentation fault on cs50's speller (pset5)
41708,-3.0966158,1.9149737,5,Week 1 - Problem concerning question on 'credit'
41711,1.8027885,4.3995094,0,Which code/command should I use in the IDE terminal to get suggestions of where I have made an error
41713,-1.2176161,5.19495,3,Error: format specifies type 'char' but the argument has type 'string'
41716,-0.44750413,6.7641163,3,pset2//caesar : strspn result
41718,0.23564932,7.1329627,3,"I've run ceasar and I get a segmentation fault, but the debugger is working through perfectly and giving me the result I need. Can you tell me why?"
41719,2.5301075,3.5647726,0,debug50 error in online IDE: 'MODULE_NOT_FOUND'
41724,2.0055923,10.001873,1,pset5 unload + valgrind
41728,-0.84687454,4.936734,4,PSET4 Recover error: incompatible integer to pointer conversion passing 'int' to parameter of type 'const char *
41731,4.166339,5.528632,4,Pset4 recover produces only 2 corrupted iamges
41733,10.060927,3.7656832,2,PSET4 filter less Blur function
41735,0.89387244,10.099748,1,"pset5 - speller ""double free detected"" when I run check 50 but program does nothing during self tests"
41736,0.7266733,10.51082,1,Speller still isn't running correctly
41739,2.3924887,-0.9849048,6,ADD EXTRA CASH IN FINANCE
41746,0.48223382,5.040693,14,error : function definition not allowed here pls help
41748,-1.9133323,2.138633,5,pset1 cash please help I'm stuck
41750,2.2481802,-0.7745984,6,"Pset 9 Finance index function, current stock price not displaying correctly"
41751,-0.32805023,6.511874,3,Unable to confirm user input is a number using isdigit in c
41758,-4.840835,4.276399,7,Pset3 add value to preferences array
41761,10.396914,3.7321496,2,Not sure why code isn't working: PSet4 Filter (less) - Blur
41764,9.756007,3.0867536,2,My Filter program is not blurring the image correctly. And it is not able to open the input file. It shows it as NULL
41765,2.9462752,0.9948739,0,cs50w email... how to update chrome with new code
41768,3.0437405,-1.3479334,6,"What mistake am I doing in the below ""buy"" and ""sell"" code.? I get the below errors from check50"
41769,9.522614,4.7293544,2,Pset4 filter reflect segmentation fault
41771,-0.16545999,5.796192,9,Type int in scanf
41773,3.4265053,5.572714,4,"PSET4/Recover -- Why am I getting ""double free or corruption (top)""?"
41776,3.0718071,-1.3357792,6,"check50 errors for ""buy"" and ""sell"""
41783,-1.6110024,5.643866,3,CS50 pset2 substitution - timed out while waiting for program to exit
41785,0.3416045,3.9214756,0,"What does it mean when it says ""error: expected ';' in 'for' statement specifier""? It is referring to "" for (k <= n; k--)"" ... what's wrong with that?"
41787,-4.164384,4.038584,7,Help on Plurality Pset3
41788,10.729846,4.1266894,2,PSET4 LESS BLUR function -Ending Edges problem
41791,-3.966573,3.9008017,8,CS50 LAB 2- SCRABBLE
41793,10.7089405,4.1484284,2,PSET4 LESS BLUR function -Ending Edges problem 2nd version
41794,1.5700471,1.8135912,0,ImportError: numpy.core.multiarray failed to import-even though I have installed NumPy?
41797,2.8275898,0.18241516,12,"I'm on pset9 right now and I'm running check50 on my code and getting :( logging in as registered user succeeds expected status code 200, but got 403"
41800,2.2861586,-0.35409316,6,pset9: finance // jinja syntax error in index
41801,-0.77930415,4.2934446,8,Unable to complie PSET3
41809,2.0630093,2.6806247,0,I can't submit lab1 on CS50 2021
41814,-0.25569457,5.6305327,9,Difference between scanf and get_int
41815,1.068816,5.4257455,0,How does the CS50 IDE recognize C functions in advance?
41817,1.1062453,4.1163816,0,make: *** No rule to make target 'cash'. Stop. error
41820,-4.3593616,4.1648855,7,"I changed typedef struct in Plurality in problem set 3, is there any problem?"
41824,1.5734582,4.8459616,0,clang: error: linker command failed with exit code 1 (use -v to see invocation)
41827,2.5473948,7.220515,4,CS50 PSET4 recover Segmentation Fault
41829,-1.6526675,5.9503336,3,Pset 2 Substitution Segmentation Fault
41831,-0.22580068,5.0427127,9,Choice of loops in C: Are the three loops exclusive or replaceable for a task
41832,-0.19670947,5.0693316,9,Understanding infinite loop with while loop
41837,4.3191953,5.855384,4,"pset 4 recover, I can compile but no JPEGs returned"
41839,-0.21385467,2.8730562,0,Ive tried many MANY things! why am i getting so many questions wrong with my program?
41842,-0.20030081,2.5637023,0,Pset9 problem at check50 tests
41846,2.7335522,0.21326649,12,Finance - register: Always getting 500 error
41851,1.7592595,4.2004714,0,CS50 ide. Not being being able to compile program
41853,1.8529779,2.5044973,0,How can I change my certificate name?
41857,9.757345,3.0940664,2,style50 weird result
41858,-1.285606,3.9439955,13,Academic honesty
41860,-1.6104629,2.6334782,5,Error when I try to use get_int
41861,0.99547595,2.7305706,0,Issues with Pset2 (Readability) submission
41865,2.160777,-1.243183,6,Finance (buy) having trouble to update the table
41867,0.17767443,4.2298574,0,What is wrong with my Mario
41869,0.20580989,4.1898584,0,Mario problem: Program got stuck at user input
41872,1.6111425,10.505765,1,Valgrind invalid write and read
41875,1.331482,0.35215828,16,My code gives error RuntimeError: no such table: File_Name
41879,2.7618177,-1.3018876,6,PSET9 / can't check until a frown turns upside down
41883,2.6799107,5.911146,0,Lab 4 problems when the audio is clearly altered
41884,2.7640324,-0.5951934,6,"Why does my lookup function keep returning ""None""?"
41887,1.5365776,4.1656585,0,Invalid slug error
41890,0.82864386,-0.21670233,16,How does csv.DictReader know what to call the keys in the dictionaries it creates?
41891,-3.176616,2.1119266,5,Do-while code for long integer input
41892,-4.681897,4.929839,18,How to sort an array of strengt by victory using bubble sort (pset3: Tideman)
41897,2.1996636,10.228249,1,"Pset 5, Speller, What are the issues in my code(Check or load issues?)?"
41898,-1.8579822,5.800359,3,"Pset 2 (Substitution), time out (handling of incorrect chars)"
41901,2.257441,0.7299922,12,CS50 Week9 Finance I have an error in register
41913,-0.0750142,10.01595,1,Help with check function (PSET5)
41915,-0.38872477,0.61323917,18,Fiftyville: Can't find a logical way to find the thief
41917,-2.067496,6.165132,3,PSET2 Substitution: Trouble only in encrypts all alphabetic characters using DWUSXNPQKEGCZFJBTLYROHIAVM as key
41919,-4.4107037,4.291557,7,"pset3, vote(); direct comparison failing but strcmp() working?"
41921,-3.1257114,1.8555243,5,Pset1- Credit: Length of the number by continuously dividing by 10
41923,0.046149958,7.1799498,3,Caeser Pset2: Segmentation Fault
41926,0.22947085,6.2145295,9,How to convert an unsigned char to a string?
41927,2.2266166,0.5322779,17,jinja code not working inside html file
41929,1.7245085,4.903169,0,unit16_t error while including library
41934,3.0943067,-1.3295817,6,"Check50 says buy allows fractional, negative numbers but it doesn't. Where am I going wrong?"
41943,1.9317873,0.06394936,6,Flask Filter Search/List in Python
41945,1.0698049,-0.1916147,10,Is there a way in python to limit an API result?
41946,-1.0380319,3.3804622,5,Pset1 - Population
41947,0.10082297,3.9515426,0,Mario hashes come out as equal height by width
41951,-0.782178,6.5424094,3,for- loop stop if output A
41958,-4.8209515,3.4601007,7,pset3 runoff: find_min function help
41960,-3.2113678,2.0200372,5,Unable to move to the next chunk of the problem
41961,-0.033264574,7.2084074,3,Question on pset2 caesar - segmentation
41966,0.15264559,10.539306,1,Speller not handling substrings properly
41968,-0.12932009,7.0775065,3,I believe my code is right but it's not giving output and pops segmentation fault
41972,-3.164862,1.9810734,5,Credit card problem: Unable to calculate the sum of entered credit card no
41976,0.25249484,5.548683,14,Use of undeclared identifier 'num'
41978,2.8225043,0.1690141,12,Getting error in pset8 Finance
41982,1.3772677,-0.27073723,17,How to iterate over a list of values in a dict using jinja?
41987,3.672183,5.605056,4,pset4 CS50 IDE broken when opened card.raw
41988,4.525562,6.3593893,13,Im busy with problem set 4(recover) and the image says Invalid or unsupported format. The sizes of the images look legit
41991,-0.05214436,4.0555606,0,"Output is only 1 row of dots before hash, will you check out my code?"
41995,2.6311882,-0.9476666,6,NameError in Pset: Finance
41997,10.691948,4.4378877,2,Pset4 Filter edges - seems to work but does not get approved
41998,0.41082117,9.744774,1,PSET5 Why Speller can't load dictionary? (included HASH function in case it's relevant)
42000,4.155032,6.0882287,4,pset4 recover doesn't recognize jpegs
42001,-0.41962856,0.64933246,3,Pset 7 Fiftyville
42003,0.89216644,10.132777,1,"PSET5 compiles but gives: ""free(): double free detected in tcache 2"" error on testing"
42005,0.34582925,5.646014,14,Why is it asking me to declare (s) when is has been declared already?
42008,-0.6721823,3.8875468,0,make: *** No rule to make target 'population'. Stop. for population work
42010,1.1099414,4.1630597,0,make: Nothing to be done for 'Mario'
42011,2.247914,10.894894,1,"Helping with Valgrind ""Conditional jump or move depends on uninitialised value(s)"" in simple C code"
42014,0.7527248,4.328274,0,Mario.c:19:36: error: use of undeclared identifier 'row'
42016,2.2463658,9.238588,1,free_family does not work properly | INHERITANCE
42020,1.7149042,10.499814,1,pset5 speller memory errors with valgrind
42022,9.706674,3.0140653,2,Blur problem (Less)
42025,1.2770609,9.582213,1,pset5 speller Hash table not appearing in the debug50 stack/heap
42026,2.9767005,-1.3906717,6,Cs50 Finance :(sell handle valid sales :values appearing in index table but check50 doesnt recognise it
42030,-2.8631737,1.706925,5,"Pset1 credit, checksum value gives wrong value"
42034,0.031796176,6.9121437,3,Caesar problem. Keep getting error of segmentation
42035,1.7856045,10.448432,1,Pset5 speller memory still reachable
42039,1.0907912,8.985604,1,pset5 storing the head of linkedlist in Table array
42043,1.089676,9.980724,1,Pset5 speller load
42045,1.5637237,7.1152277,14,Recovering problem
42046,-3.1876793,2.028664,5,Could not find the following in the output: <class 'pexpect.exceptions.EOF'>
42050,-1.7633119,4.3437657,8,Readability (pset2) - Sanity check
42051,-0.16933568,6.49178,5,Function in C: How to create
42057,0.26843208,0.2580696,15,How does the database ER diagram look like in Pset7 (Fiftyville)?
42059,10.040291,3.7260094,2,My CS50 PSET4 Filter (Less) Blur function doesn't pass check50 despite seemingly working fine
42063,0.6367596,5.2258463,14,Credit problem: Opening parentheses not matched with closing
42065,1.5535082,4.0360518,0,Can someone please help me I am trying to find what is it I am doing wrong here in pset1
42067,1.7727575,1.2541819,17,Why am I getting FileNotFoundError when using os.listdir with a local pathway?
42069,2.1483066,0.26375708,17,Is there a way in jinja to display a block in a specific page?
42072,-0.27165595,5.5257525,14,Why won't the last line of my code print?
42074,1.5026116,4.3793025,0,What`s my code not work?
42075,1.6793102,4.506073,0,Lesson 1 C: get_string error when using make
42076,2.8807473,0.03526273,12,The predefined login function psets/9/finance error
42079,-0.42735514,2.9838157,0,Can't figure out why check50 sad faced these two
42080,-1.5418893,6.6605344,3,One last error in pset2 Caesar regarding key 65 (barfoo) - lost for how to fix!
42081,-3.0303993,1.7810841,5,Cs50 pset1 problem credit
42085,-1.6393219,4.6701074,8,"PSET6 Readability ""unsupported operand type(s) for *: 'float' and 'NoneType'"""
42088,0.050580338,-0.0834626,15,SQL QUERY MOVIES.DB
42089,-4.1046553,4.048457,7,Plurality CS50 Week3 pset3
42095,2.7297266,5.9656434,0,"lab 4 is not passing check50, but the volume is changing by the factor when we listen to the audio"
42097,9.407175,4.8154793,2,filter less: Reflection : image is reflected correctly but does not pass check50
42101,1.9834206,1.7793264,17,Should I deploy flask app for the final project?
42103,0.45492494,5.3693886,14,Function declaration in lecture 2
42105,-4.5655184,3.394575,7,Pset3 Runoff CS50x
42106,1.6295516,2.680802,0,I get 50% at Final Project. How to fix it
42109,-1.7433232,4.3250093,8,cs50 readability problem set 2
42112,-1.553601,-1.3885875,10,PSET6 DNA Why is my (count consecutive substrings in string) function always returns 0's?
42119,-1.9317458,2.3824377,5,CS50 PS1 Cash - If statement nested within while loop
42124,2.676336,0.22729005,12,Key error(hash) in login function
42128,2.8068712,-0.24668387,12,PSET9 Finance - Check50 Failing on login - logging in as registered user succceeds - IndexError: list index out of range
42130,3.0534623,-1.118738,6,"PSET9 Finance- Check50 error - sell page has all required elements - expected to find input field with name ""shares"", but none found"
42132,0.39655828,6.070377,9,"Understanding arrays, pointers with an example"
42134,2.5832727,-1.0577178,6,FINANCE SELL : DROPDOWN MENU not showing any option DESPITE having look for solutions
42136,2.100068,8.641993,1,"I have a segmentation fault in Lab5, about free_family function"
42138,2.0214934,10.39868,1,"Program is free of memory errors, valgrind tests failed - pset5 speller"
42141,-1.0995682,4.71449,8,Pset 2 ceaser problem
42144,-0.9681576,6.4591503,3,I'm getting segmentation error when I'm trying to rotate each character of the plaintext by 1. Please help
42146,-0.5211461,3.4129274,0,Plurality exercise - error messages
42148,-0.4140522,0.6851609,0,Fiftyville - please help!
42149,2.07135,8.552788,1,Inheritance - Lab 5
42151,0.08030529,0.0025523242,15,PSET7/SQL Any clues as to why my logic isn't working? (13.sql)
42153,0.04705765,10.023237,1,I have no idea why my speller in pset5 is giving the wrong amount of misspelled words
42154,2.8689833,6.1330633,9,lab 4: volume question
42155,2.1084352,8.584089,1,"I'm having a segmentation fault on Inheritance, Lab 5"
42156,-0.10111696,10.214547,1,Tokenization problems in CS50ai Project 8 (Questions)
42165,-4.07215,3.7622921,7,PSET3 - Plurality. Check50 is showing three error messages. Unable to find any mistakes in my code. Please help
42167,4.355347,5.8731747,4,Pset4 recover 000.jpg 001.jpg 049.jpg are not found
42171,0.2729647,10.004259,1,pset 5 Speller - Mispelled Words Issues
42173,-2.9989915,1.7647309,5,CS50 Credit Pset problem- Code keeps looping back to ask for the credit card number
42175,2.6387668,1.059433,17,"cs50web project 4 network - ""Edit"" feature - how to execute two fetch() without the need to create a time delay?"
42176,10.5211525,4.451278,2,PSET4 - Filter(more)- Edges- Check50 error
42178,0.18842046,10.29329,1,I just can't figure out how to put the word into lowercase for the hash function to provide the same index
42181,0.15532295,0.13214079,15,"CS50 PSET7 Movies ""query did not return results"" 12.sql"
42187,-5.1386538,3.7190964,7,Stuck on 'runoff'in pset3
42189,2.1201587,8.721739,1,"In lab5, why using syntatic sugar like ""--generations"" doesn´t work (we have to use ""generations - 1"")?"
42197,0.69100195,9.969894,1,Pset 5 speller: segmentation fault for large dictionary
42203,1.6585466,3.9570749,0,No such file or directory (following video instruction)
42206,1.5906836,4.8495293,0,Clang error when compiling (Pset 5)
42209,-5.2724824,3.655889,7,PSET3 Runoff - Tabulate (multiple candidates)
42210,4.729772,6.5789695,13,Why the pixels are not rendering correctly in recover problem?
42212,4.304877,6.09042,4,Code compiles but files are not read. Recover pset4
42217,-1.5007097,-1.4891955,10,pset6 I just don't understand what I have to do
42220,2.5689857,3.5340216,0,How can i fix it
42222,10.655935,4.3653193,2,pset4 filter edge corner pixel problem
42226,1.5402102,2.854877,0,Do I need to write a pseudocode to all problem sets and labs?
42230,-0.8644044,3.6817033,9,What is the problem with my get_int for the lab 1 question population in C?
42231,2.9765599,-1.2512674,6,"PSET 9 Finance checking that ""56.00"" is in page"
42233,2.4662805,-0.5068366,6,"ValueError: UNIQUE constraint failed: on finance pset9, could someone point me in the right direction on which values should be UNIQUE from my table?"
42236,-1.9625322,5.7725706,3,pset2 - Any idea why I'm getting a matching index of 2496?
42243,2.4823658,3.1616223,0,Cs50 IDE text is white no highlighted code Text editor not displaying color coded text Please help
42245,-5.2234077,3.703146,7,pset3 runoff tabulate function not knowing where to start
42248,1.6429541,0.17003903,16,Lab9 -- Buttons to delete DB entries don't work
42249,0.4249541,10.017737,1,Speller: Load function only reads 9 words to memory
42253,-0.43526217,5.652716,9,credit.c I don't understand how to fix my code
42256,-1.5909976,5.0949364,8,Readability lab: Help counting no. of lines in text
42261,-1.6608478,5.1085196,8,Char type while counting number of words in Readability project
42262,0.84707826,4.2652717,0,mario.c:17:26: error: use of undeclared identifier 'column' for( column = 0; column > height; column++ ) Memebers i need your help please
42265,2.556513,3.78458,0,Can't run debugger
42266,-1.6994104,6.325325,3,substitution question segmentation fault issue
42267,1.7668225,1.0762694,17,CS50W Project Wiki search function
42269,-0.2130102,1.7667925,0,Why doesn't my program run? cs50 psets6 DNA
42272,4.295145,6.7963805,13,Recover: invalid or unsupported image format. All new jpegs show in folder
42276,-1.0329912,3.313756,14,"How do I get rid of the ""expression result unused"" error?"
42280,-0.30635616,3.0626225,0,"Need Help, why does my debug50 show a correct result but when i run the program, thus it shows a wrong answer"
42282,2.9357219,6.2419424,9,lab4 volume - Not being able to understand the given solution
42284,-0.6965697,6.747007,3,Pset 2 - Validating the Key
42285,-1.6499884,4.9542193,8,Readability lab: Counting letters
42286,-0.61786795,6.735246,3,How do I assign a variable to all possible values of another variable?
42291,-1.4984146,-1.3487475,10,DNA - String Compare
42295,-0.20754574,5.034203,9,How does continue; differ from break; in a loop
42305,0.27556738,4.3901653,0,pset1 Mario error: expected identifier
42307,-0.21880642,2.8623567,0,Can't figure out why my code fails check50
42309,1.98392,3.1725159,0,check50 doesn't work after cs50x migration to new VS ide
42311,2.5718358,7.229035,4,pset4 recover not working due to segmentation fault
42313,-2.0497975,2.5772038,5,pset1 cash 2022
42318,-2.0785172,2.5666654,5,pset 1 cash – manual tests fine but still getting an error when I run check50
42322,-0.55846566,3.393046,0,Pset2(readability) problem in check50
42323,-1.6088506,2.2716014,5,Problem with Pset1 cash 2022
42326,-0.4444936,6.660929,3,"Caesar, trying to only accept digits help"
42327,1.6737294,4.040398,0,Not sure where this file exists? Week 1 Lecture 1 - C what do I do so I can run the code from 1:07?
42329,-4.8162227,3.442441,7,PSET 3 runoff is_tie function
42330,-0.11404258,6.4447474,14,Caesar project: error: redefinition of 'i'
42333,9.392501,4.8263497,2,CS50 Pset 4 Reflect with Bubble Sort
42335,-1.8804971,2.3277884,5,pset1 quarters doesnt return output correctly
42346,1.817233,4.0727825,0,bash: make: command not found
42348,0.005407616,4.077917,0,Stumped on PSET 1 Mario Less Comfortable
42353,1.7705766,9.9913645,1,Lab 4 not altering output file - using solution word for word
42355,3.0564075,5.306119,4,Pset0 - error & fatal error
42361,-1.1616217,6.3352957,3,How to rotate alphabetical characters by 26
42362,-3.959621,3.8787348,7,Plurality: Code does not print out the winner
42365,0.6299581,4.2264757,0,PSet1 - No such file or directory
42366,-5.5827513,5.744429,18,"Tideman - ""lock_pairs skips final pair if it creates cycle"" - Almost there!"
42369,4.369344,6.692511,13,Recover code runs but doesn't generate any jpegs
42372,0.37423828,6.355395,9,Week 4 lecture: can't reproduce string != string
42373,1.9769076,9.837152,1,Week 4 lecture: calling free() after malloc() removes destination contents
42375,-1.995369,2.3908494,5,PSET 1 CASH stuck!
42376,1.8313197,3.83228,0,Getting > as the directory instead of the ~
42380,1.5690646,1.1241316,17,Flask/Python PSET9 Finance -- Using PRINT() to debug
42384,-1.7983934,5.682631,3,printf printing an @ after a string
42390,0.5077084,2.699584,0,CS50AI: Project 0: Degrees - Getting infinite loop
42393,4.155024,6.783889,13,Recover: Encountering many problems
42398,2.345334,2.9331906,0,"how to use an offline ide, what things change?"
42400,-4.2698493,4.206572,7,plurality pset3
42404,10.345598,3.6812618,2,Questions regarding pset4 Blur filter (less comfortable)
42405,1.7641761,4.513113,0,Compiling Error: Make function not working
42406,1.9516791,0.7422698,17,AttributeError: 'function' object has no attribute 'method'
42407,-2.1181707,2.5679948,5,PSet1 - Coins issue
42418,9.844609,3.1476696,2,Blur in cs50 problem set 4
42419,2.8357332,0.21919356,12,400 error on login after 302 redirect
42421,-0.7548544,6.883818,3,Stuck on PSet 2 Caesar - Checking the Key Step
42425,0.61918116,7.0548773,3,Segmentation fault: Data types for key and entered text by user while program operated through CLI
42426,1.7344247,0.077036746,16,Lab 9: Birthdays - odd behaviour from delete button
42429,-0.29027784,6.7234674,3,Problem understanding array with Caesar project
42430,-1.3799444,6.712012,3,Question CS50 2021 Caesar - where is the bug?
42431,2.3051999,3.3632653,0,cs50 Problem Set 1 Week 1
42432,-0.124969065,6.4232054,14,"How to solve ""error: expected expression"" while doing Caesar.c"
42433,-0.24450287,3.0300415,0,Problem with Check50
42434,2.1305892,8.651609,1,Segmentation Fault on lab5 Inheritance
42439,0.3291613,10.50965,1,Problems with Speller: Unable to Load Dictionary
42440,-0.9883985,3.4648764,0,No response from Terminal
42446,-1.1471527,5.3030815,8,Please help with Scrabble trouble shooting
42449,1.3967006,9.390461,1,Pset5 Speller and the point of malloc
42451,10.152501,4.095543,2,Pset4 Filter (Less) - Invalid operands to binary expression (Int and RGBTRIPLE)
42452,1.9561455,4.0264487,0,Why are the CS50 header and Make aren't working?
42455,-1.2133393,5.567664,8,Substitution project and Scrabble lab: Finding analogy
42457,-2.0503972,2.6462247,5,"Unable to solve ""can't check until a frown turns upside down"""
42462,-1.2511808,-1.2716173,10,CS50 PSET6 DNA problem. Need advices to make my code more pythonic
42466,-4.8124166,4.33543,7,PSET3 Runoff Vote Function
42467,2.983252,-1.0917126,6,"PSET 9: C$50 Finance. Why not <input type=""number""> instead of text?"
42472,9.888595,3.6779282,2,Pset4 Blur filter (more comfortable) assign new struct to image does not work
42474,2.5158021,-1.0672983,6,my cs50 finance buy do not update in in the portfolio
42477,-0.94700927,5.227118,8,Scrabble won't do initial compile - return value error
42478,2.584251,7.567673,4,pset4 recover: segmentation fault when closing file
42479,-1.6235886,5.9646745,3,"pset2, problem SUBSTITUTION, Is there more than 1 way to check for repeated characters in the 26-character key?"
42483,1.9008588,0.6690427,17,Lab 9 - Tuples are not callable
42484,2.6197119,-0.96537286,6,cs50 finance - RuntimeError: unsupported value: <function buy at 0x7f1c380cfd90>
42488,-0.765502,5.1904173,8,Function returns not working for CS50 readability.c
42489,-4.5424004,4.252461,7,"What's wrong with my Tabulate, Find min and Print winner?"
42493,1.7154112,10.355876,1,Speller: Valgrind Still Reachable Error
42496,-4.378997,4.22448,7,check50 errors in pset3 plurality
42498,0.31615946,7.087334,3,collatz function
42503,-1.9875227,5.8643827,3,PSET2 SUBSTITUTION works fine ONLY if plaintext is UNDER 9 CHAR
42506,-1.3632003,6.5163107,3,"encrypts ""a"" as ""b"" using 1 as key output not valid ASCII text"
42509,0.11412255,5.9769254,9,"defining a char variable, why am i getting this error?"
42513,0.038025092,3.0746133,0,cs50 can't check until a frown turns upside down
42515,-3.9668248,3.8672745,7,"CS50 Plurality Check50 ""print_winner function did not print winner of election"""
42518,-1.8824475,5.6426463,3,pset2: Check50 on Substitution problem fails when output is the exact same
42523,0.08000329,10.400956,1,Speller perfomance question
42527,0.033676453,-0.03562549,15,What's wrong in this query?
42528,0.95546263,5.099766,14,"Undefined reference to main, why? (C)"
42529,-0.9048309,6.9719067,3,PSET2 -CAESAR - compiler doesn't see the rest of program
42531,5.513177,4.2471066,11,Quieres descargar la herramienta recortes en W11?
42532,2.2497735,-1.1744831,6,"PSET9 FINANCE SQLITE ""no such column exists"" while multiplying two columns to update a third"
42537,0.955645,10.1140585,1,CS50 pset5 Speller: double free or corruption
42539,0.7259072,2.9722974,0,Check50 and style50 not working: pset1
42545,1.9683828,2.6359096,0,Gradescope - Problem Set 1
42548,2.0575345,2.6670532,0,Big blunder while submitting CS50W Project 0
42549,2.293689,4.028464,0,How to write command line arguments when debugging Codes in VScode
42555,-1.9147902,2.2448454,5,"Pset1 Cash 2022, doesnt print out # of coins"
42558,2.9877808,1.2115375,17,Week 8 Homepage - Adding text inside of a <div> is causing buttons inside of another <div> to stop working
42562,0.6497814,9.828881,1,PSET 5 Speller - can't make load function work
42567,-0.24406901,6.6866436,3,How do you call a boolean function in main?
42569,2.5534565,7.3249316,4,"pset4 recover segmentation fault on code that compiles, I have looked many questions related to the problem but no luck so far"
42573,0.011115386,10.45994,1,Speller - My code keeps failing and I have no idea why
42575,2.572579,7.111581,4,Pset4 (cs50) fails check50 (segmentation fault)
42576,-4.7958074,5.137127,18,Lab 3 error message: Incorrect assignment of sorts
42580,-1.960536,5.7710977,3,"CS50 pset2 substitution: Segmentation fault in some of ""This is CS50"" tests"
42582,0.1625083,9.735249,1,PSet5 - Dictionary loading only one word
42583,-4.2174,4.235511,7,"Pset3, Plurality - seems to be skipping the first the return true for each first vote cast for a candidate"
42585,-4.980909,5.184075,18,Tideman test case with equal pairs
42588,-0.9090656,6.419376,3,Spoiler - PSET2 Caesar - why does plain text change when ciphertext changes?
42589,3.1682346,-0.36598024,12,pset9 Finance Check50 bot says submission button not found
42596,-0.008857041,10.532208,1,"I write all the function but the actual misspelled words are much greater than the expected misspelled value, not working well with substrings"
42598,-2.0506895,5.887173,3,"When i try to make this string lowercase, it does it to both the one i want and another one"
42600,-1.9282687,6.240991,3,"check50 says i have no output on pset2 substitution, but my code does output correctly"
42603,-1.3877264,-1.4638131,10,pset6 DNA - help creating and referencing dictionaries
42606,0.10692686,7.2063656,3,pset 2 Segmentation fault (core dumped)
42608,2.5792766,7.187836,4,pset4 recover error segmentation fault
42610,-1.4017148,6.5317984,3,check50 giving wrong output pset2 caesar
42616,2.3241322,0.49060908,17,RuntimeError: API_KEY not set /pset 9
42619,1.8806704,2.6238363,0,Just getting started
42620,-4.1532993,4.1766376,7,"CS50 problem set 3, vote function problem"
42624,2.3681998,3.4472477,0,VS code malfunction
42625,-1.1169358,2.50592,0,CS50P - Error in pset2 (Coke)
42627,1.562678,10.499681,1,speller seg fault
42629,-4.353302,3.5819397,7,Any idea why I keep getting is_tie errors for this pset3 using check50?
42632,2.3470948,3.3450193,0,Cant get Codespace to work
42634,0.33072585,10.578335,1,Speller - Doesn't work properly
42639,2.63843,-0.6561264,7,"What do we mean by ""close"" auction.?"
42646,-2.0266743,6.0404787,3,Help with cipher text in Pset2 substitution
42649,-4.33317,3.7129893,7,Another Runoff issue with check50 on print_winner function
42653,10.026135,3.299316,2,My Red and Blue values are wrong but all my green values are correct. It's pretty simple what i've done. What am I missing ? Please help
42656,-1.487322,2.5716445,5,check50 issue on Problem Set 1: cash
42657,9.4620285,4.8036814,2,Hello im working on cs50's pset4
42661,-0.06631399,2.774295,0,:( Little Professor generates 10 problems before exiting
42664,0.3236492,3.6589124,0,PSET1 Mario -The code builds the pyramid visually but getting errors with check50. Need help understanding
42667,2.1957278,7.1880407,4,"readability, cs50 segmentation fault, core dump"
42676,-0.082153395,2.8023512,0,cs50p professor (can't check until a frown turns upside down)
42680,-0.038064927,2.57647,0,Why does my CS50P PSET4 Professor implementation fail check50?
42686,-1.5059123,2.4918437,5,CS 50 Pset 1 cash: non-void function does not return a value
42694,-1.4892676,5.9065175,3,Pset 2 - Substitution: Incompatible Integer to Pointer Conversion Error
42698,-1.3730973,5.32316,8,"This code should give the value 1 throuhg ""count ++"" but rather it is giving 0. But it is working fine when base case contains ""return 2"""
42700,-0.021150757,1.7715071,0,"PS5 - Back to the Bank - check50 - expected exit code 0, not 1"
42707,0.3309391,10.5702715,1,Speller returning 'a' or 'A' as misspelled 500+ times
42711,1.4320506,5.777404,14,Lab 4 - header vs &header
42715,0.18194427,5.08094,14,readability error
42719,3.9899395,6.132684,4,PSET4 - Recover - set output file pointer to NULL
42721,0.5039496,5.4507275,14,Why in 8:9 line I get problem - implicit declaration of function 'GetInt' is invalid in C99 int r = GetInt ();
42724,5.8281546,4.3061976,11,CS50P project6 shirt.py
42728,0.07856801,1.693781,0,"I hope CS50 community can help why I got expected exit code 0, not 1"
42732,-0.46432257,3.2163084,0,What are these weird symbols and why am i getting them? (Wk 2 Substitution)
42733,0.38390225,9.90613,1,CS50 Pset5 Help
42737,2.0644345,3.623698,0,tilde ~ not showing in ssh set up
42738,-1.0043458,6.322953,3,How do I return my array of chars in a function to a string in main()
42739,0.38961476,9.337315,1,PSET5 unload error
42743,0.8885197,9.282982,1,PSET5 - 3 conceptual questions (debug not needed)
42748,-0.43720102,0.678306,5,Is problem set 7 on fiftyville updated to 2022?
42749,0.20206875,2.4659204,0,CS50P - Week 8 - Object Oriented Programming - Problem faced with try-except block
42751,-1.8721309,5.8429008,3,"PSET2 Substitution - Final Check results in ""Timed out waiting for program to exit"""
42758,0.17148958,2.0911033,0,"(CS50P PSET4) Little Professor accepts valid level is :( expected exit code 0, not 1"
42764,0.25357762,4.412008,0,"Pset1 Mario-More. When i try to compile it says ""height"" is uninitialized and i need to give it a value but isnt that what the ""get_int"" is for?"
42766,0.40363756,1.8948324,0,cs50p problemset 7 /working.py
42768,2.1138496,1.4153123,17,Cs50 web programming project 1 wiki (django) runserver connection refused error
42769,10.8206005,4.3465285,2,edges(pset4) i need feedback and help on my code?
42770,0.3344779,5.455496,14,"Readability - use of undeclared identifier ""i"""
42779,-0.6172976,6.9207826,3,"PSET2 ""linker command failed with exit code 1"""
42781,-0.22739908,2.0263798,0,PS6 Lines Of Code :( lines.py yields 2058 given 2058 lines of code in an open-source library file
42788,9.973464,3.654021,2,random rgbt number in pset4 filter
42791,2.9062812,6.167043,0,Lab4 fread() and fwrite() problem
42793,-0.07104878,9.659501,1,Speller pset 5 my code is not working for substrings
42794,0.09481145,5.0730805,14,"declaration shadows a variable in the global scope [-Werror,-Wshadow]"
42799,0.07782461,4.0317297,0,pset 1 mario less. My Code is printing in single row. I cant find what wrong with it
42803,1.164845,1.4285123,17,"When I type python ~~.py, the output on the terminal is just ""Python"", not the ones that I wanted it to be printed out"
42805,-0.35192436,2.101246,0,CS50P PSET3 outdated.py
42812,1.2211505,3.0706937,0,error in terminal uppon submiting
42814,-0.03518838,10.15887,1,PSET5 Speller: Check50 Can't Compile: Exit code 2 vs 0
42822,10.190207,3.6747181,2,CS50x PSET4 (Filter) - BLUR
42825,0.5714242,7.1790924,3,Segmentation fault (core dumped) after main returns 0
42826,-0.29880163,5.1820717,9,I've tried everything I can think of to get any other Answer out of this program. Please help! Unexpected never ending loop
42829,1.675672,3.4544551,0,terminal isnt working
42832,-1.1233845,4.254932,8,CS50 Readability solution unsolvable to me
42833,9.785765,3.086981,2,Filter (more) blur function fails check50
42837,0.118882164,5.6357903,14,Error when calling seconnd function - expected expression
42839,-1.5606843,5.399279,3,Use of bool in PSET2
42841,9.696148,4.075932,2,Pset4 (Filter-Less) Greyscale not passing check50
42843,9.451659,4.7786393,2,Pset4 (Filter-Less) Reflection: Not getting correct values on Check50
42846,2.4120445,3.2928972,0,"Codespace for CS50 it´s not working properly: ""Rebuild Container"""
42853,-0.058744565,2.7300422,0,Solved: Little Professor claims my program doesn't output a score in the end
42862,-2.0818086,5.925926,3,Trying to reject repeated characters in pset 2 substitution
42865,-1.4757762,5.8512745,0,"CS50 Pset2 Substitution ""expected prompt for input, found none"""
42866,0.9775927,10.154069,1,Speller Error - free(): double free detected in tcache 2 Aborted (core dumped)
42870,1.7883203,10.431215,1,PS5 speller memory trouble
42873,-1.5115478,-1.1374886,10,cs50 dna pset6 2022. My code works on small database but not on large database
42874,-4.7807713,5.120036,18,Lab3 correct structure to answer the questions
42875,-0.72407776,6.3761077,3,"Running an 'if' statement inside of a 'for' loop; Need to continue loop w/o printing anything, but not sure what value to return"
42877,2.2719288,7.2057424,4,PSet3 Plurality - Segmentation Fault when exiting main
42880,-4.25503,4.271704,7,"Pset 3 Plurality ""use of undeclared identifier"""
42885,0.24293879,3.4133706,0,Timed out and Pattern changes
42890,10.100578,3.611111,2,Pset 4 Blur: Keep getting close yet wrong values but I can't find problems in my code
42891,-0.12105801,5.9354086,9,p2 substitution i have no idea how to return multiple value from same variable in a function since c doesnt take variable array length
42894,1.9379802,-0.23042236,6,Help wanted. Trying to make a table using a loop in jinja
42898,1.6905184,2.875312,0,Is it ok to resubmit my old pset solution?
42901,1.609025,4.9164004,0,Compilation Error
42903,-1.4937905,-1.2062484,10,"CS50 DNA prints ""No match"""
42905,9.368476,4.820682,2,"Why is my array code not working in case of pset4, filter's reflect function?"
42909,3.1530528,7.088949,4,CS50 PSET 4 RECOVER WORKING BUT NOT PASSING CS50 - SEGMENTATION FAULT
42910,9.776088,3.1070457,2,Image blurs but check50 fails for filter less. Why?
42916,2.7012227,-0.8097271,6,Finance Index: Lookup won't accept subscripted argument
42917,-4.2144184,4.0097966,7,Pset3 Plurality - not able to get the right output
42920,-4.3504467,4.148309,7,having problems with check50 in plurality
42922,-4.4760838,3.7321205,7,Help with print_winner in Pset3 Runoff
42923,0.47958547,2.8330772,0,Check50 cannot find target file
42925,-0.70365506,3.790697,0,Pset 3 plurality compiling error
42930,0.042743172,10.226561,1,CS50 Speller Size Function
42933,1.7711352,9.6520405,1,pset5 speller different unload algorithms
42937,3.195224,5.82355,4,PSET4 Recover.c Want to understand If statement
42939,-4.5855646,3.4013867,7,Help with Pset3 Runoff check50
42940,-0.38135692,9.808384,1,PSET5 - SPELLER - Check50 only works locally
42945,-0.1343817,6.438936,14,error: conflicting types for 'caesar_crypt'
42949,2.179928,-1.1675389,6,CS50 Finance ValueError: FOREIGN KEY constraint failed
42951,3.7214315,6.3993034,4,"In pset4 recover, do I need to loop 512 bytes to make it work?"
42952,-0.57884425,2.7138112,0,CS50P - One check keep failing in PSET2
42955,-1.2371783,4.6409035,8,PSET 2 Readability: undefined reference to `count_letters'
42958,2.8688276,-0.36352658,17,Finance - Quote: Toggle visibility between submit button and table
42960,0.12227616,9.867024,1,"PSET5: Problem with my check function, but I'm not sure"
42963,-1.617403,5.4475155,3,Can't print/populate a string in C
42970,0.2414003,2.2480657,0,"input of EOF halts program expected exit code 0, not 1"
42973,9.183944,3.9801474,11,"filter-less, reflection, segmentation fault, core dumped, PSET4"
42975,3.9930987,6.1574655,4,"Pset4 Recover, only getting first block of data written to image file"
42977,4.6794853,6.5691867,13,"In recover, image files are not writing bytes correctly. Why?"
42979,0.045250125,2.0495608,0,Pset4 professor.py fails to pass one test with check50
42983,-0.32508734,6.6988974,3,Segmentation error on isdigit function
42990,9.706054,3.3333955,2,"Trying to complete Blur, need a little help. I've rewritten several times I've tried pointers and variables inside and outside the function"
42994,-0.7368042,6.694184,3,Pset 2 Caesar - only digits function not outputting properly
43001,9.860829,4.0196967,2,"Check50 fails at ""code compiles"" but code compiles and runs for blur, reflect and grayscale"
43005,1.0367337,10.332167,1,segmentation fault with node pointers on speller
43007,-5.254675,3.6057425,7,Tabulate function doesn't works properly (CS50x Runoff)
43008,-1.0720739,6.6638994,3,caesar.c check problem
43012,-4.1611905,3.7189949,7,Pset3 Plurality Check50 claims code doesnt output the winner
43014,2.154428,-0.6036737,6,Finance index.html is not displaying any data at all
43018,3.0205188,6.310035,4,Lab 4 volume understanding fopen() & fwrite()
43021,0.29906735,10.527811,1,Speller outputs all words as misspelled
43024,10.361454,3.566319,2,Filter blur errors
43026,-5.002307,5.224245,18,Pset3 Tideman: add_pairs function
43028,2.414292,3.2636802,0,"Codespace ""rebuild Container"" Takes Too much time"
43029,5.895661,4.26174,11,ImageOps.fit not Resizing Properly
43030,2.103311,3.4033601,0,My friend uninstalled few things and now her VSC environment does not work
43033,-1.5731562,2.5664182,5,CS50 Cash 2022 - Functionality / Prompt Bug
43035,2.5258129,3.3601558,0,"HELP, error on VS Code, new programmer, CONTAINER ERROR"
43037,1.7701004,4.205058,0,Error in compiling hello
43039,1.4253585,4.4555593,0,int main(void) won't work
43040,0.13960187,0.12873621,15,"In PSET7 Movies, SQL.12 - issue with `and`"
43041,0.45312044,1.3420764,0,CS50P PSET6 : program doesn't produce a CSV file with specified format
43043,10.014128,3.2286322,2,"Filter less, Blur, why does my code not blur the edge and 3x3 and 4x4 image?"
43044,2.34667,2.6520593,0,Tried to log in ide.cs50.io -- 500 Internal server error
43047,10.0332,4.282615,2,What's wrong with my sepia code? pls help
43048,-0.18238516,4.9386053,9,"Do computers have to check if (false) the same way as whether (0 != 0), etc.?"
43053,2.6396656,9.421173,1,Understanding Pset4 Recover Valgrind Errors
43056,1.8193744,10.474787,1,Pset5 Speller Memory Problem
43057,2.7538264,5.996165,0,Lab 4 using feof() function
43065,2.8141558,0.15415816,12,CS50 Finance check50 giving 400 error despite working well
43068,-0.80595034,6.1658087,3,Idk why this error is coming can anyone help
43071,-1.5648857,4.9659824,8,"pset2, readability, test not passing(stuck in a non terminating loop), not sure what's the problem"
43075,-0.15406972,2.5920336,0,"check50 Finance ""can't check until a frown turns upside down"""
43077,-1.9385369,6.295097,3,cs50 pset2 substitution
43082,0.22707555,10.639492,1,Speller works for everything but one letter words
43084,1.7342066,4.282755,0,CS50-C compiler doesn't working
43087,2.4839313,7.217819,4,CS50 PSET 4 Recover Segmentation fault (core dumped)
43089,-4.273776,3.7317326,7,whats wrong with my printwinner punction
43091,1.2685963,3.9862049,0,"The ""Code Command"" did not work for me in ""code mario.c"" - August 28th, 2022"
43093,1.005775,4.197599,0,cs50 make mario Hello I'm new to cs50 course when doing make mario i got this error
43096,-1.4138523,-1.164644,10,"PSET6: DNA check50 expecting no match on txt18 ,but my program returns harry"
43098,4.1995077,6.81654,13,"I set up Recover with buffer files, but I'm not sure where the image is being sent to, are we rewriting the original card.raw file? I'm confused"
43109,-2.8008275,2.0495775,5,"Dealing with pset1's ""credit"" problem"
43111,2.1337886,2.85393,0,I can't push refs to github even by force pushing
43114,-0.042207327,2.595367,0,Check50 is broken on Problem set 9 (Finance)
43115,2.9309518,-1.2012609,6,"PSET9 finance 'buy handles valid purchase error, expected to find ""112.00"" in page, but it wasn't found'"
43117,2.4096768,-1.0817335,6,PSET 9 Finance - NONETYPE error after querying db
43120,0.18780152,3.1852424,0,Lines of Code won't pass a check when code runs correctly
43133,2.032584,2.2527072,0,README.md does not contain all of the required information
43138,-0.9750671,5.808107,8,Help with isalpha()
43140,4.5126204,6.0141196,4,Can not find jpeg..recover problem from cs50 pset4
43142,2.6338737,-0.9846121,6,CS50x finance PSET 9 - quote does not valid ticker symbol expected to find 28.00 and buy page does not have all required elements
43152,-0.8509906,5.2043567,5,Taquería doesn't read my output correctly
43158,-1.8668598,4.265456,8,pset2 readability test not calculating correct grade
43160,-1.4676101,6.5555606,3,pset2 - caesar : output is providing extra symbols after specific input cases
43161,-0.446189,2.3357608,0,pset3 Tideman record_preferences
43167,1.0934677,9.3280525,1,segmentation fault from pointers
43175,-0.106660575,2.8166783,0,Can't check until a frown turns upside down for my check Twitter code
43176,2.338105,9.873262,1,where is the memory leak in my code?
43180,2.4988225,1.5145313,14,HTML error duplicate class
43187,1.9522309,-1.1513057,6,CS50 Finance: Can't add time of transaction
43189,0.6890357,5.1685953,14,cannot compile code
43196,2.1195612,10.259358,1,Pset5 speller memory leak (valgrind: definitely lost)
43199,0.40717995,2.9760547,0,CS50p professor ( timed out while waiting for program to exit)
43201,4.6723204,6.626017,13,My recover program makes all 50 jpegs without errors or segmentation faults. However I only recover the first image correctly. What am I missing?
43205,0.38323757,10.623796,1,How Can I Fix My Speller?
43207,4.1895423,6.7493258,13,"RECOVER, can't see images"
43212,0.37885362,1.5301949,0,CS50P PSET6 Scourgify check50 error
43214,-5.509558,5.689916,18,CS50 Tideman locked and cycle question
43215,-4.117491,4.1552806,7,CS50 Plurality: can't compare candidate[0].name and name
43218,0.06570512,1.7544678,0,"check50 gives ""correct working.py passes all test_working checks expected exit code 0, not 2"" when ""pytest test_working.py"" works"
43221,-0.4133368,5.2330875,9,when loop is given number like this i<333000000000000
43223,-1.8998004,2.1899157,5,PSET1: Greed algorithm not printing not returning numbers requiring pennies
43225,0.16525936,1.8687975,0,CS50P PSET7 Working Check50 Error
43226,-0.30138183,5.278463,9,how can i get for it reprompt if the user types negative integer or number more 8 . my code does the oppoiste of what i want it to do how do reprompt
43234,-0.300074,1.8177462,0,Pset3 Fuel :can't split successfully when fraction containing 100
43236,0.1961864,6.23342,9,Invalid operands to binary expression ('std::string' (aka 'basic_string<char>') and 'char')
43240,2.7230992,7.7810802,4,PSET 4 Recover I am not getting all the checks in my program
43244,4.314201,6.2326403,4,"CS50x pset 4 - Recover = correct code, no jpegs?"
43246,9.387864,4.835554,2,"Why does my Reflect function for pset4 filter (less) ""correctly filter an image that is its own mirror image"" but fail all other checks?"
43250,3.0326266,-1.3308078,6,check cs50 pset9 finance buy and sell errors
43253,0.23051304,9.840993,1,CS50 PSET 5: Returning 0 words in large dictionaries only
43255,10.393346,3.6475844,2,PSET4 Blur - Issue understanding what am I doing wrong
43258,0.24219707,3.955333,0,cs50 Week 1 - lecture example of Mario Bricks - how to take multiple inputs for different height & width
43262,4.471878,5.5621724,4,PS4: Recover - Code recovers all 50 images perfectly but fails check50. help pls :(
43265,-1.7018008,4.2456193,8,Readability CS50
43266,-0.2390388,5.951604,9,Looking for a way to make a loop that rejects an input with any other hour format other than the one specified
43269,2.2047884,9.90612,1,PSet 5 - malloc(): corrupted top size (please help)
43273,10.549839,4.1416855,2,"CS50, Filter, Edges --> Variable '__' set but not used, although it is being used"
43275,0.2770935,3.437965,0,"Mario-less Style50 problem, the test is wrong, how to solve"
43276,-1.4938142,5.7070236,3,"Week 7 Regular Expressions - Why is re.search("".@."", email) returning valid for ""a@bc"" and ""aa@b""?"
43282,1.5580415,10.49344,1,Speller segmentation fault and valgrind issues
43284,-4.5626445,3.4335399,7,Is check50 cs50/problems/2022/x/runoff correct?
43286,0.49716172,2.711799,0,CS50 AI lecture 0 search. I tried to implement Maze.py by myself
43288,2.3194706,7.0696096,4,CS50 Problem Set 4: Recover
43291,-4.411129,3.9238486,7,It doesn't print Alice as the winner
43292,-0.10846932,2.653062,0,PSET4 - Little Professor : Program seemingly working but fails some tests
43295,2.206399,3.5372021,0,Cannot operate terminal in VS Code as /workspaces/ is now in terminal
43297,-0.12175648,5.800892,9,How to Add results of a for loop
43303,1.5772693,10.419253,1,Pset5 Speller Issue With Substrings and Apostrophes
43304,0.14391026,2.1583424,0,What are exit codes and how can I find the reason for certain value of exit code?
43308,-1.8455518,4.065207,8,"i cannot see what is wrong but each time i type an input i get the answer in negative numbers aka ""before grade 1"""
43311,0.10323706,5.864868,9,How to output each element of an array
43318,4.034098,6.6924243,13,"CS50 Problem Set 4 - Recover, fclose undeclared identifier issue"
43320,-1.8843282,5.524443,3,split function in python seems to perform a strip as well?
43321,-2.1239567,2.8924313,5,How to get accurate float average of numbers
43326,-0.85486627,6.2762184,3,why I have additonal output for caesar program?
43329,-0.10863341,6.1576014,9,How do I take imported user strings from an array and print a random one out in C?
43330,-0.89412785,5.191609,8,"I've been stuck on lab 2 Scrabble for a week now and can't seem to figure out where I've gone wrong as it shows error messages and doesn,t compile"
43332,2.1070206,10.8620825,1,"Pset5 Speller - Got ""Conditional jump or move depends on uninitialised value(s)"", ""Use of uninitialised value of size 8"" by check50"
43335,2.0459745,-1.1239187,6,"CS50 Problem set 9 - Finance - RuntimeError: foreign key mismatch - ""holdings"" referencing ""users"""
43338,1.1706253,4.249927,0,"My codespace updated, now I cant compile my mario.c program to continue where I left off. Details below. Any help appreciated"
43340,-0.10747,9.954599,1,"pset 5 speller, turning frowns upside down"
43342,0.39737427,5.8922687,9,Undeclared Identifier error in array
43345,0.0040600756,1.6377059,0,check50 error message when testing test_fuel.py
43346,-1.9366702,5.7977967,3,pset 2 Substitution - extra char(s) in output
43351,-0.29418,2.8545995,0,Output problem credit
43353,2.3959994,0.5090589,17,In 'Finance' how do I get the page to load?
43355,1.6476727,4.873339,0,Why does make helpers return this?
43356,2.0563576,-0.69249135,6,"RuntimeError: near "","": syntax error"
43358,-1.8043853,5.751703,3,"pset2 substitution, segmentation fault"
43359,2.2478635,3.5718324,0,Text is invisible in terminal
43361,-1.8696306,5.835444,3,pset2 substitution - handles multiple duplicate characters timeout
43363,1.8063271,4.058591,0,cs50 ide problem
43367,2.034479,1.8022798,17,CS50W Capstone Project: Tools I Am Allowed to Use
43373,3.0427406,7.398314,4,Memory leak in Recover (PSet4)
43374,2.0295057,-0.7978084,16,how to get values and column names from database and find max()
43377,-0.6110536,6.0666585,9,Segmentation fault after typing in text when prompted. HELP!
43378,2.8363566,0.20558846,12,Pset9 Register function not working
43382,1.6421902,4.6151075,0,cs50 error - Linker command failed with Exit code 1
43391,1.7696072,9.9365,1,PS5 - Speller - Unload function
43392,-0.68024915,2.3387587,0,CS50P - PSet 8 - Seaons of love - seasons.py
43398,2.1469448,10.049762,1,PSET5 - Speller - Valgrind returns memory leak
43400,1.5369314,1.8942381,0,"Unable to install TensorFlow - CS50 AI, Traffic"
43405,2.1958323,-1.2146095,6,Runtime error with Buy function
43408,0.30936694,6.3053102,9,"Modifying a Scrabble algorithm to build a password tool,"
43414,-0.47876915,2.5195508,0,(Edited) CS50P - PSET 4 - LITTLE PROFESSOR
43415,2.6290212,9.447039,1,Pset 4: Why Error at end of checkcs50?
43418,3.1202867,0.00057346106,12,Finance Pset trouble matching username in login function
43423,-1.1112899,5.332526,8,Lab 2:scrabble compute score function
43424,2.6166961,9.449743,1,PSET 4 Recover Valgrind Check
43428,1.8008342,1.095533,17,cs50w project 1 wiki search issues
43430,2.5372908,-0.9627821,6,CS50 PS9 finance :( buy exception raised in application: TypeError: '<' not supported between instances of 'str' and 'float'
43433,9.445523,4.8283963,2,Pset4 filter-less reflect function not passing check50
43434,9.841966,3.127794,2,"My version of blur doesn't seem to work according to auto grader, but is seems to work for the sample pictures"
43438,2.1417782,10.163909,1,PSET 5 Speller Valgrind Memory
43439,0.08948128,5.793348,9,How to set loop limit on an array with unknown size
43442,-0.5709426,2.211443,0,CS50py meal problem set 1 please help:)
43444,1.5231521,4.2414746,0,"What to do to solve while making Tideman.c file? Each time I enter ""make + Tideman.c"" followed by yes, the terminal prints ""y"" forever"
43449,1.7969579,7.460273,1,Getting segmenatation fault even though i freed memory
43455,2.2499342,-0.4798004,6,PSET 9 Finance Index Function (jinja2.exceptions.UndefinedError: 'row' is undefined)
43456,0.6433541,5.203582,14,C program getting error: expected identifier or '(' {
43457,2.8117588,-0.67478555,6,PSET9 Finance - Lookup function returns 402
43460,0.36274803,6.273025,9,comparison between pointer and integer ('const char' and 'char')
43468,0.18810607,1.9284775,0,CS50 Python Problem Set 7 Working 9 to 5 check50 fails
43469,2.2984278,3.5686533,0,Copy and paste from cs50.harvard.edu pages to VS code
43471,-0.13672547,10.133382,1,PSET 5 Speller Check50 Problem
43475,1.2147176,10.191146,1,Speller fclose() generates free(): invalid size error
43480,1.5517745,2.353532,0,"How to update submit50? (Installed via ""pip3 install submit50"")"
43484,-3.7450845,3.7556388,7,Errors in check50 with plurality.c?
43486,0.88416344,9.964661,1,pset5 speller load and hash functions
43487,0.1740718,7.1711226,3,I get Segmentation fault (core dumped) in Caesar
43491,1.7384099,10.635484,1,Valgrind error in pset5 speller
43495,0.183809,2.1133833,0,"game.py rejects non-numeric level expected program to reject input, but it did not"
43497,2.5710475,9.379987,1,"Hello guys... Good day. I'm currently on the pset 4 (recover). program is working well, but the (valgrind) requirement in the check50 isn't checking"
43499,-0.43119326,9.75464,1,"I'm working on pset5 - speller, it works fine when I run/test it, but when I run 'check50' it show this error. help me with this"
43501,1.9789609,2.5923514,0,Submit50 Could not connect to GitHub
43503,0.33834177,3.5738022,0,Problem with check50's result for pset1 mario less
43508,-1.520227,2.3847673,5,Pset 1 cash errors
43510,-5.5590153,5.7179866,18,"Lock pairs function not locking for final pair, but works for middle pairs"
43512,0.49793208,4.3601694,0,I think I'm missing a basic thing here
43517,-0.08526938,5.613336,9,I want to understand the int data type. Why is the range 2^-31 to 2^31 - 1 when there are total 32 bits only. Should it not be 2^-16 to 2^16-1?
43519,5.801142,4.3825455,11,"CS50P, Problem Set 6, CS50 P-Shirt – what more does check50 need here?"
43523,-4.190486,3.8406503,7,pset3: Plurality - check50 errors despite code working
43527,2.7652755,0.1951174,12,"What does ""submit the user’s input via POST to /register"" mean?"
43528,2.7065787,-1.2327209,6,"expected to find ""112.00"" in page, but it wasn't found on PSET 9 - FINANCE"
43531,1.1415194,2.5188127,0,I am facing a problem with my final project CS50P
43532,1.6990628,10.354453,1,Getting segmentation fault when running speller.c
43535,9.390489,4.8138595,2,CS50 Filter-Less Reflect Function
43537,0.40311348,5.781699,9,Converting an array to lowercase
43538,2.427748,7.3967557,4,PSET 2 segmentation fault
43539,-0.52727866,3.2133906,0,"substitution - my code passes all tests manually, but not check50"
43543,9.966763,3.4721045,2,"CS50 PSET 4 Filter-less, Blur function not filtering 3x3 and 4x4 images correctly"
43545,2.5985644,7.525761,4,Segmentation fault in pset4 recover when reading file
43548,3.241212,6.8541126,4,PSET4 Recover segmentation fault
43550,3.1878622,6.443118,4,Weird question about PSET4 recover
43552,0.3474735,3.9013007,0,In my CS50 mario program I'm getting an error which shouldn't be happening (C)
43559,-1.6765563,-0.97605664,10,PSET 6 - DNA - Is there something wrong with my if statement?
43566,-1.5959219,-1.3203492,10,PSET 6 - DNA - Checking the equality of STRs
43568,-2.91875,1.6294483,5,pset1:Credit (always outputs INVALID)
43569,2.3989885,3.3079355,0,What to do after the codespace has been deleted automatically?
43572,0.29269502,2.8250625,0,I'm having problems with the pset 6 CS50 P-Shirt
43573,4.4118147,5.7509665,4,pset4 recover- can't match
43576,0.17767133,2.092596,0,CS50’s Introduction to Programming with Python: Problem game.py
43580,-4.61992,4.8998094,18,calling the first element in struct
43583,4.0738597,6.814207,13,How can I read an image from a file to a buffer?
43585,-2.0710573,6.0529494,3,PSET2 Substitution
43590,0.044522766,1.7185819,0,Why does it say my test for numb3rs passes all checks when it does not?
43591,-4.264267,3.8101428,7,Invalid vote while testing Tideman problem
43594,1.3547046,9.495491,1,PSET5 Speller seg fault
43596,2.1107523,10.277308,1,Pset5 speller memory error --valgrind says no leaks
43598,-4.7736664,3.4798331,7,Pset3 runoff: why does the is_tie function work one way but the inverse does not?
43603,4.3666964,5.697283,4,Why do the recovered images do not match (pset4 recover)
43608,0.50413203,9.7449255,1,"My program is exiting unitentionally due to my class or regular expression, why?"
43609,0.13929397,2.2297487,0,How to fix cs50p unit testing error (testing twttr)
43611,-1.8987838,4.1590223,8,is my code wrong or is one of the test text in cd50 readability is incorrect?
43614,9.92984,3.762459,2,Can't figure out what's wrong with blur on filter-less pset4. Getting different errors each time I try to compile and run even if no code is changed
43617,4.3612394,5.7376423,4,Pset 4 Recover finding 51 files
43620,-0.72980833,2.4396987,5,Why is my program returning YYYY-DD-MM instead of YYYY-MM-DD in the output? What am I getting wrong?
43623,-4.859146,4.2998967,7,pset 3 tideman - vote function - rank int
43626,2.72276,5.9230003,13,.wav file incorrectly reversing
43629,2.3980832,3.8374119,0,debug50 won't run with command line arguments
43630,3.1772063,-0.22691578,0,CS50W Project 2 Commerce - Missing Button
43632,0.8777468,3.2651765,0,CS50P Error in pset2 (Coke Machine)
43633,-0.04435049,2.8149033,0,why does check50 keep telling me this?
43636,-0.5598583,2.2368484,0,What is the meaning of ”can't check until a frown turns upside down“？
43640,2.0444384,10.246413,1,cs50x Pset5 Speller has a memory leak that I can't find
43642,-0.45469636,2.6171272,0,CS50P - Seasons of Love
43646,1.6953315,10.617989,1,Pset5 Speller - Valgrind issue
43648,0.71398103,9.896809,1,Pset 5 Speller fscanf returning 0
43650,-0.10233531,10.084655,1,PSET 5 Speller Issues with Check
43652,-0.6685181,5.0697045,0,Update to no-vowels: problem returning function result to main(): strange behaviour in CS50 workspace
43657,0.3385039,1.593008,0,CS50 python problem set 6 scourgify - create a csv file with exit code 1
43663,2.1644619,3.5649147,0,"Consistently getting "" is a directory"" error when I try to open a .c file"
43666,2.4635665,9.293049,1,"(pset5)I get a segmentation foult, even though check50 says that everything is allright"
43667,-0.7957006,2.6934142,0,Error in problem set 2 coke
43669,4.9192815,6.4637523,13,"Code for Good ol' Recover returns all fifty images (000-049), but doesn't pass Check50"
43672,2.5923257,9.69219,1,"Recover runs, but leaks 472 bytes in 1 block"
43673,-1.0588003,3.9522057,18,iterate pagerank issue in cs50ai pagerank project
43675,-3.0053015,1.716831,5,Defining an argument for a bool function in Python (PSET6)
43682,2.201247,-1.1012228,6,Pset 9 Finance 'TypeError: 'NoneType' object is not subscriptable'
43683,0.12981428,10.089258,1,PSET5 Speller case conversions
43685,9.8019,4.230609,2,pset4 filter-more All functions work when I test it but check50 gives error
43687,0.84838253,4.7068186,14,Outdated - Problem set 3
43689,-0.779069,4.684011,3,pset2 bulbs - getting array out of while loop
43690,0.20935735,3.054687,0,"CS50p pset4 Little professor ""timed out while waiting for program to exit"""
43698,-0.07667855,1.625685,0,"correct plates.py passes all test_plates checks: expected exit code 0, not 2"
43700,4.724485,6.6197324,13,Week 4 - Recover
43701,0.021307625,1.7189705,0,"cs50p check50 says my program doesn't pass all checks, but pytest says that it does"
43705,1.8628783,10.709935,1,pset5 speller valgrind test fails
43708,0.034024518,1.6662287,0,CS50P-pset5-test_fuel: My code for fuel.py did not raise ZeroDivisionError
43711,0.4261116,5.348806,14,Why does this class not require the __init__() method? This example is from the constants section of the Et Cetera lecture
43716,-5.577266,5.740586,18,"CS50 Pset3 - Tideman - I passed all the checks except for ""lock_pairs skips final pair if it creates cycle"". What am I doing wrong!"
43717,0.47542465,2.8779328,0,CS50 AI - Tic-Tac-Toe AI not playing optimally
43718,-4.100141,3.6758418,7,Pset3 plurality print winner doesn't work
43720,2.2094388,3.3038511,0,cs50.h: No such file or directory
43722,1.316704,10.452419,1,pset5: Check50 fails for Speller but everything looks good
43723,2.6611872,-0.9768732,6,Finance app - object is not subscriptable
43727,1.8627573,3.4414709,0,bash: check50: command not found
43730,0.10234822,1.7989897,0,"check50 error expected exit code 0, not 1"
43733,-1.44598,-1.5183687,10,PSET6 DNA storing STR subsequences in a dictionary
43740,0.0922374,3.943975,0,Week6 Mario-less Help!
43743,2.4837694,7.456995,4,CS50 pset4 recover Segmentation fault (core dumped) problem
43747,-2.0419724,2.613309,5,Getting: expected identifier or '(' error and I don't know why
43750,-2.1241124,2.6315408,5,How do I combine variables and words in a sentance?
43751,-0.4877271,5.6378546,9,password week 2 practice problem
43757,-1.8704164,2.1627479,5,My pset1 (cash) code compiles but the outputs are wrongs. Could you Help me?
43758,-0.9810593,3.3816078,0,Submit50 giving different results from manual input
43760,9.192375,4.9084764,2,pset2 - Bulbs - reversing array turns out wrong
43762,9.757346,3.8523228,2,"Problem Set 4 - Sepia appears to work, but the colors doesn't match the check50 results"
43764,-0.839503,6.9862995,3,pset 2 (caesar) - timed out while waiting for program to exit caesar
43765,3.209659,2.4104187,0,Game not resetting
43768,-2.0385902,2.5113263,5,"this program is supposed to be greedy algorithms that meant to count the number of coins to make the change owed = 0 , the output is always less by 1"
43769,-1.5522226,-0.8978735,10,Editing helper function
43772,2.9141648,0.18318208,12,CS50 2023 Finance Check50 issue
43773,1.1501477,9.571183,1,"PSET 5 ""SPELLER"" : Why this hash function resulting in SEGMENTATION FAULT(core dump)?"
43774,-0.13166656,1.77644,0,CS50 python problem set 1 bug
43775,0.9812043,1.6243175,0,Can we search on google how to use x method or built-in function in python?
43779,-0.016935563,5.9735556,9,How to find if element is not in an array
43784,0.24030708,2.0985096,0,except EOFError: can't end program with control-d
43787,-0.44170508,5.6320357,9,please clear the basic doubt
43790,-0.009131544,5.4354773,14,What's the issue
43791,9.929893,4.277045,2,Pset4 Sepia Errors - 3x3 and 4x4 images
43794,2.2166893,9.354939,1,Lab 5: Memory errors in inheritance free_family section
43795,0.49794674,2.7013292,0,CS50 AI -Degrees. Logical problem
43801,2.935792,7.3639097,4,pSet4: Recover Memory Leaking after opening a file
43804,-0.7341955,2.3356874,0,"Check50 says the answer is wrong in the outdated.py problem but it is right. Help, how to solve?"
43806,-0.9678851,3.358592,9,Can't seem to get total number of years to print properly in Lab 1
43809,3.054834,7.0463524,9,How to open multiple files with fopen()
43811,-2.0906944,5.9831614,3,"PSet2, Substitution, Unexpected Output - Nested FOR loops producing repeat iterations"
43814,9.146203,3.9853704,9,Segfault while declaring 2d array in filter-more's edges function. Probably a lack of memory?
43819,2.4879415,7.5711336,4,PSET4 recover Can someone help identify why Seg fault valgrind doesn't find anything
43823,0.1036347,0.16816795,15,SQL subqueries conditions ignored in Fiftyville Pset
43827,9.941191,4.2186093,2,"CS50: Pset4: Filter-More : ""filter compiles :expected exit code 0, not 2"" while running Check50"
43828,-0.9909044,3.4887671,9,CS50 Lab 1: Population Growth
43830,2.1093016,8.582231,1,Lab 5 Inheritance Segmentation Fault
43831,4.417299,5.4637237,4,"PS4 - Recover - expected exit code 0, not 139"
43837,1.3173906,9.599775,1,Pset5 speller segmentation fault when loading
43839,2.9431713,0.5886751,12,Problem in using API link in fetch command for AJAX
43844,-0.08083854,2.248437,0,Output not as expected
43847,3.991785,6.6984253,13,P4 Recovers only first 512 bytes
43848,-1.8837537,5.7808146,3,Characters disappearing in pset 2 substitution
43850,2.4680605,9.921101,1,check50 indicates that my code has memory errors but executing valgrind in terminal says my code has zero memory errors
43852,-0.011977619,10.001689,1,PSET5 Speller - Problem with Check Function
43855,0.068116,4.098328,0,pset 1 mario style
43861,-4.6281652,4.9926586,18,I need help to fix my selection sort code - Practice Problems (Average High Temperatures)
43862,-0.7240395,6.13191,8,Nested for loop not returning to parent in substitution.c
43863,1.3226202,4.1603575,0,Week 1 Lab 1 Population size
43868,2.922017,0.9479131,17,CS50W - Mail : JavaScript function only working on Chrome
43869,0.11146833,4.051296,0,PSET 1 - Mario Less - Missing one last thing
43871,2.9898639,7.3662233,4,PSET4 Recover - Why do I get Segmentation Error from Check50
43873,-1.4530035,5.919679,3,PSET 2 - Substitution - incompatible integer to pointer conversion using strstr function
43874,-0.9843278,3.4352076,9,Lab 1 population growth
43886,4.061179,6.5716915,13,"Problem set 4 recover producing only one image, that too is corrupted"
43887,-0.9426569,3.3494809,9,My while loop runs an extra time (Lab 1)
43891,0.34015572,2.834298,0,Professor Code Rejected by CS50 Check50
43893,2.7197914,5.9005513,0,reverse .wav file not working correctly
43895,-0.56011575,5.650155,9,"Stuck on atoi Practice Problem, Week 3"
43897,1.3846322,9.42243,1,Pset5 Speller - trying to understand more about segmentation fault
43903,-0.42374855,2.191241,0,cs50p problem set 1 - meal.py (don't understand prescribed structure)
43906,-1.0957161,5.3308616,8,Does this violate any course policy
43910,1.9616203,2.282894,0,fixing an 'from github import Github' error
43912,0.11939772,4.071271,0,pset 1 mario less comfortable
43917,1.1179258,9.546869,1,Pset5 Speller - Can someone help me find why i'm having this error: use of undeclared identifier 'new_node'
43926,-0.7343123,2.337625,14,'i' is undefined error
43930,0.38698584,6.15139,9,Argument list in c
43933,-3.1277404,2.065973,5,"Getting ""use of undeclared identifier"" and can't solve it without ruining my code"
43939,2.569689,9.53786,1,CS50 PSET 4 memory error on check50 but not on valgrind -s
43941,2.4577308,1.3168585,17,"""GET /"" Error (404): ""Not found"""
43944,0.5335557,5.2070293,14,"i keep seeing this line underlined with an error that says ""using the result of an assignment as a condition without parentheses"""
43945,-0.96168303,6.1860976,3,"in the Substitution problem in Week 2 Array, I want to pass the output from a function to the main"
43948,-0.98583037,3.3906128,14,This is my code for the Population problem and I can't figure out why my code is failing. It seems that I am getting one more year than the required
43949,4.536961,5.518157,4,Why does the 0.49 jpg file doesn't match correctly?
43953,-1.901408,2.680401,5,CS50' Practice problem from the week first. Explanation for a newbie
43955,3.3683424,5.3511057,4,What is wrong in my TODO 8? PSET04 - RECOVER
43956,-0.9683299,3.3710766,14,"CS50, week1, lab1, population of llamas, an error keeps showing up for the line of int years = 0, the error is expected expression, Why is that?"
43960,0.31716403,5.3655887,14,Getting error expected ')' and I don't know why
43965,0.36724356,3.6848583,0,"Mario pyramid works, but check50 not buying it"
43967,3.3890226,6.689436,4,Pset4 Recover getting segmentation fault but I have no idea why
43969,0.41861412,5.269353,14,"Getting ""using the result of an assignment as a condition without parentheses"" error and i don't know why"
43970,2.2639992,3.5514593,0,"vs code non running well pset3 plurality, execution does weird things"
43973,-1.114433,6.1083827,3,where am i making mistake here? problem set2 substitution
43974,-2.6549506,2.107358,5,Week-1 problem set credit
43976,0.19887947,5.163883,14,"Getting the error: non-void function does not return a value in all control paths [-Werror,-Wreturn-type] and i don't know why"
43979,2.2751951,9.957962,1,Memory Leaking During Code Development
43981,1.7872773,3.448692,0,My terminal showing @username>/workspaces/12604773(main) dollarsign
43984,0.5351401,5.2026386,14,"Getting ""error: expected identifier or '('"" error and I don't know why"
43994,10.305007,3.823057,2,psets4 sepia not working correctly
43996,-1.1267823,3.2211845,5,I don't what number means in PRIME/LAB1
43997,2.491601,7.95158,1,cs50 pset5 not enough memory
44003,3.0431159,-1.1601251,6,Pset 9 error in check 50 :( buy handles valid purchase application raised an exception
44004,1.6792464,10.562349,1,Everything is correct in my Check50 but in program I have other ERRORS - PSET05 Speller
44008,3.8124518,6.453365,4,pset4 recover segmentation fault (core dumped)
44010,4.12925,6.0336914,4,Pset 4 recover- sprintf format striing error
44016,0.9507364,0.37608567,16,Failed to open database shows.db
44018,-2.884071,1.652798,5,"PSET 1 - Credit, Mastercard validation failing"
44022,1.2870144,9.356932,1,pset5 segmentation faoult
44023,-2.119636,2.8465374,5,My floating point value won't return the decimal point
44026,1.6236893,8.9826975,1,Pset 5: Segmentation fault in load function
44028,-4.5765862,4.963641,18,"I keep getting an error or my code doesn't run , what should i do?"
44029,4.2833533,5.885499,4,"PSet 4 - Recover. The first picture (000.jpg) doesn't get recovered, all other images do (049.jpg is the last image recovered)"
44032,-0.38932085,10.189708,1,Need help with speller.c
44033,1.6870096,10.174962,1,Speller: memory leak
44039,4.4990363,5.591053,4,PSET4 Recover Successfully Generates Images But Does Not Match Correctly
44042,-0.98435384,3.4373899,9,rejects invalid populations and then handles population 20
44045,0.64283985,9.611522,1,PSet5 Speller: What is each function in dictionary.c supposed to do?
44046,0.38996896,9.69339,1,cs50p pset4 bitcoin
44047,4.340324,5.588823,4,pset 4: recover only recovers grey and black squares
44051,2.8302872,-1.243076,6,"buy handles valid purchase expected to find ""112.00"" in page, but it wasn't found"
44052,0.69734967,9.567677,1,PSet5 Speller: Are we hashing the words in the dictionary into a hash table or the words of the text?
44053,-1.2106963,3.176643,0,cs50 - prime: compiling error understanding
44063,-0.13088325,5.025985,14,"Getting "" error: declaration shadows a local variable"" but i don't know why"
44065,-0.38292637,2.17672,0,"pset6 lines, expected 2058 lines and mine gets 2062"
44068,4.42357,5.9579372,4,"in pset4, recover, why is the first jpg found treated differently from the other jpg files?"
44072,2.3391027,-0.07226698,17,"I've tried running the quote several times and i keep getting an error, it keeps telling me ""invalid symbol"". I need help, please!"
44079,-3.2545485,2.0540397,5,I'm getting a floating point exception error in the credit code but I definitely haven't divided by 0
44081,-0.35111937,10.279251,1,CS50 Speller works but check50 doesn't
44083,2.6204019,-0.8158313,6,Is there something wrong with my code for finance?
44085,1.7304136,10.058017,1,Pset 5: Speller - Double free or corruption (fasttop) error
44087,0.06424556,2.5993702,0,adieu problem cs50p
44090,-0.51830345,5.321865,9,Recursion question - sum of integers
44096,0.40647638,1.5038432,0,CS50P PSet 6 check50 problem for scourgify
44101,3.6271253,2.149066,0,Trouble with Lab 4 smiley
44105,2.6673138,5.899106,0,my 'reverse' code works on wav files but it doesn't pass check50
44111,-0.956095,3.4297318,9,"Hi all, there is something wrong with my code below , I cant get my head around the compiling errors thanks!"
44116,0.89672047,5.4289064,14,"Thanks Cliff B, yes so far so good, now error is while loop has empty body, it sounds like the loop has nothing to refer to , to make the loop work"
44123,9.179078,3.9539137,2,Iterating over the members of RGBTRIPLE struct
44125,1.1235023,4.1059566,0,"Hey. I was trying the Mario block programs(pset1), but for some reason I am facing an error during compilation itself"
44127,0.015901964,1.6811875,0,CS50P PSET5: test_bank passes Pytest but not check50
44130,0.8234918,4.8697248,14,Can someone please help me in resolving this issue. I don't quite understand what I am supposed to change here
44143,0.6750979,5.1547456,14,Is this a compiler issue maybe?
44146,-1.3562357,3.2027051,5,What can I add to my code to solve the practice problem set 1 week 1. The question is giving the prime numbers between the inputs minimum and maximum
44154,2.7932549,-1.056001,6,"TypeError: 'NoneType' object is not subscriptable in PSET9, but working manually"
44155,3.1280768,-1.1340088,6,Check50 PSET9 Finance Failing Throughout
44158,0.10272137,2.6455417,0,CS50P Little Professor - Error
44159,-0.5387231,1.5947771,0,How to use .txt file with debug50 - pset3 tideman
44161,-1.3381819,3.2033317,5,I'm having trouble implementing loops to find prime numbers:
44162,0.35859928,3.540919,0,CS50 Mario Less - Check50 Error
44163,0.10284331,4.312389,0,pset 1 mario-less
44166,10.383728,3.5929365,2,"Pset 4 Filter - The Blur filter. I only pass the ""Blur correctly filters pixel in corner"" though I can see that the output is entirely filtered"
44168,0.3416925,3.8984969,0,"Hi, can you please identify the error in this Mario less , see part of code below, thanks"
44169,0.3949003,3.8382204,0,"Hi, Can some one please check why this error code is there, Mario Less, see part of code and error message below, thanks"
44170,0.3413702,3.6566274,0,CS50 2023 Problem Set 1 Mario-more Check50 incorrect?
44176,-4.6104217,4.9633684,18,practice problems week 3. Sort temperature. And my result is all the temperature is sorted but the name of the city is not
44179,0.20913015,1.7846675,0,cs50p assignment 1... extensions
44180,2.058041,-1.0831991,6,CS50 pset9: Why does 'SELECT last_insert_rowid()' return 0 instead of the expected value when using CS50 SQL library in Flask?
44188,-3.0694919,1.9356968,5,"pset1 credit 2023 , do while loop with arrays/intervals"
44193,10.621044,4.4363565,2,Problem with Edges Pset4
44196,-4.9612236,5.2063327,18,Lab 2 i need help to solve
44197,1.8821001,10.276898,1,Speller Segmentation Fault Even After Freeing Malloc'd Nodes
44199,0.4601053,2.7092638,0,TicTactoe challenge
44200,-0.9412754,3.4649312,0,"Llama Population cs 50, first time encountering this error. Terminal keeps letting me type after entering ""Ending Size"""
44203,1.5823531,1.6771532,0,Cannot run program that imports pyttsx
44205,-4.371199,4.990427,18,Merge Sort segmentation fault
44206,2.81407,-1.2550452,6,"CS50x Pset9 - Finance - checking that ""112.00"" is in page - buy handles valid purchase"
44207,-2.757656,1.7702065,5,pset1-credit I can't find the issue with my code
44211,-1.4248517,3.1665876,5,What's the most efficient prime-finding algorithm? (Week 1 Practice Problems)
44213,-0.9050641,3.343679,0,can't check until lab turns upside down lab 1
44214,-2.103292,2.5762544,5,variable used in loop condition not modifies in loop body
44224,0.96568304,2.2531803,0,ai50 project0b Tic-Tac-Toe pygame doesn't open
44226,3.6201708,5.5411544,0,i am unable to open my cs50 card.raw file
44235,2.720192,-0.9720132,6,"CS50 Finance (week 9 problem set) Check 50 Fails despite program working fine, please help"
44242,0.37636647,6.0925026,9,Storing numbers inside an array
44244,9.958576,4.3305774,2,CS50 pset4 filters/less check50 error
44253,0.119842775,2.1135418,0,CS50P Pset4: game.py passes manual check but not Check50
44254,3.6638944,2.1683173,2,can someone give me a hint as to what may be the problem in my code for smiley (lab 4)?
44260,1.1487881,2.678798,0,No results hours after submission pset7
44262,1.545285,2.1086202,0,unable to install submit50 pip3 install submit50 throws error
44264,2.6659167,9.124927,1,program is free of memory errors
44270,0.11242357,0.274656,15,cs50x Ps7 Movies 10.sql
44276,2.8644662,0.040055685,12,:( logging in as registered user succceeds Problem Set 9 Finance TypeError
44282,0.13131233,5.9271364,9,For Loop to look through all values of an Array
44284,2.1507506,3.1556306,0,Use codespace or local?
44285,-1.1187159,5.364997,8,Scrabble lab: question about functionality of arrays
44287,1.362719,3.9737413,0,Stuck in mario-less directory in terminal CS50
44291,0.16379303,5.220983,14,CS50 Week 2 Lab - Undeclared identifier compiling issue for 'Readability' task
44294,1.7469931,4.2731338,0,Unable to compile hello.c using local vscode IDE
44298,3.6732664,2.163605,11,Lab 4 Smiley - I can't change the color of pixels
44300,0.4398453,2.834591,0,CS50 AI minesweeper adding safe moves to the safe_moves set when it is not one
44301,-0.95488495,3.377501,0,Stuck on Lab 1 #CS50
44303,0.5435642,2.4238105,0,No rule to make target distance
44315,3.2984135,6.353372,4,pset4 reverse confusion
44316,-0.64318246,5.3790045,5,recursive atoi | CS50
44322,-0.75866276,2.6958957,0,PSET2 Coke Machine Error
44324,2.3162265,3.7362056,0,On my cs50.dev terminal I by mistake ran the command exit $? and i got logout message and now i can't go back how to go back?
44331,0.10404348,2.0416064,0,"Issues with Testing CS50P Problem Set 3, Outdated, Mismatch between the ""How to Test"" instructions and check50"
44336,-0.5723149,2.5701969,0,CS50P PSET 2 Vanity Plates
44337,4.42071,5.5197287,4,"CS50 PSET4 Recover. Files created, images visible, why check50 fail?"
44345,0.03548234,4.044967,0,PSet 1 Mario Less - cube instead of expected stair
44350,1.4698108,4.160818,0,make: *** No rule to make target 'hello'. Stop
44357,2.7075493,7.359215,4,CS50 Pset 4 edges: Why do I keep getting segmentation fault?
44358,0.038530428,4.260045,0,Mario-less code clarification
44369,-0.011723224,10.484571,1,Speller works fine up until a certain point
44371,-0.41711307,2.9222353,0,"My code look correct and work correctly for all other sequence but check50 says sequence/18 is wrong, expected ""No match"" not harry"
44373,-0.19163409,2.088775,0,Readability python pset6
44374,2.0869198,3.9796124,0,I can't figure out how to compile wordle on windows 10 VS code (WITH COMMAND LINE ARGS) and I can't compile at all with the CS50 library on Mint Linux
44377,0.22784248,9.922524,1,"Code for pset5 compiles, but produces no OUTPUT. Seems like it is stuck in infinite loop"
44379,-1.1768464,5.161021,8,"psets2/scrabble.c, In pset2, scrabble im running into an error incompatible comparison between type int and char"
44381,1.5747114,4.0789046,0,"what can i do when i don`t have problem""no such file or directory"" in my terminal?"
44387,-2.3087463,2.3049629,5,Problem with my code (Problem Set 1 - Credit)
44393,0.06500372,1.7259852,0,Seasons of love doesn't pass the test_seasons.py
44394,0.76035804,2.134001,6,PSET9 keeps returning no results
44395,0.47636908,3.216614,0,Lab 6 World-Cup | Timed out issue
44398,-1.571652,-1.0670818,10,DNA Week 6 | Issues
44402,-0.6508018,2.380998,5,"I just submitted finance and tested my code for all test cases, upon submission I got 25%"
44406,2.6816936,5.936924,1,Error in cs50 reverse pset week 4
44409,-0.08289458,1.6236204,0,Help with CS50P Pset5 test_plates
44410,-1.3137885,4.715544,8,hey im on pset2 readability. i cant seem to get the right output. it is supposed to show letters= and words= but its not
44411,10.305234,3.7495294,2,CS50 Blur - Why declaring the variable outside the loop change the result?
44415,2.3388891,3.3331125,0,"Accidently deleted main folder in VS codespace, unable to recover using documentation. Help needed"
44419,9.827116,4.451212,2,Pset 4 Filter (More) -- PLZ HELP
44423,2.2662947,3.3667948,0,Man pages not accessible from VSCode for CS50
44424,-0.19937545,2.498882,0,I am trying to solve my Einstein Code
44425,1.8570176,-1.1508348,6,CS50 Week 9 - Finance: How do I save the date and time with SQL?
44432,0.090847105,2.2829146,0,"CS50p pset 8, Seasons of Love. All tests passed but exit code is still not 0"
44435,0.18651761,2.8070464,0,"Problem Set 4 Little Professor ,expected output doesn't show"
44437,0.07608264,2.683922,0,"Why am I failing check50, Cs50p Little Professor"
44439,0.6182257,5.0956693,14,Getting an error: expected identifier or '('
44440,-2.1301093,2.2200074,5,Relational comparison unused in pset1 cash
44443,2.271555,-0.71603894,6,pset9: how to get value of cash from DB
44445,0.112307414,2.8143141,0,"Problem set 2 , Passes all tests when submitted but only give 2/11 grade"
44446,1.5883162,1.4295785,0,I got an error in check50 but my application runs fine
44452,1.9941971,3.7641277,0,how to add the cs50 library to eclipse
44455,-4.528567,4.9908714,18,How to merge sort array of struct while maintaining relations between int array and char array
44460,-0.0092160255,1.6548702,0,CS50P PSet5 Refueling
44462,2.3443203,7.0437045,4,CS50 Recover Problem: Why does it give Segmentation fault (core dumped)
44468,2.5428956,7.0820813,4,CS50 PSET 4 Recover - segmentation fault and blank file
44469,1.4744239,4.1942964,0,i cant convert the folder to binary folder
44470,-4.714245,3.4367583,7,runoff bool is_tie
44475,-3.8948333,4.77722,9,"What if binary search's split was not in the middle, but in a way the left side is twice as long as the right side?"
44480,2.5080314,-0.736286,6,bitcoin excersise problem set 4
44481,-0.22289732,2.4614217,0,einstein.py check50 says I am returning '2'
44485,2.4203694,3.3259213,0,cs50 Duck Debugger button missing
44491,3.2661293,6.74729,4,Recover PSET 4 Week 4 - skipping while loop
44495,3.127815,-1.388322,6,can't seem to figure out the problem with the sell route code
44497,-0.19014339,2.4143443,0,I am trying to tackle the einstein code problem 0 CS50’s Introduction to Programming with Python
44500,0.019547595,1.605995,0,Refueling - problem set 5 - CS50
44501,2.6819165,9.059565,1,cs50 license memory free
44507,2.6306932,9.323298,1,"CHECK50 Passes, but I Get 6/7 When Submitting"
44512,2.0997858,0.74753624,17,can you guys please help me and find out what is wrong with my code? i have been working on this for about 5 hours and cant find what's wrong with it
44514,0.7013866,9.945929,1,Pset5 Speller - Weird Load Function Bug (Edited w/ Code)
44515,4.2721243,5.99397,4,Pset4- recover: recovered jpgs appear to be empty
44516,0.5028534,0.6178974,15,"CS50 SQL problem set 3 Meteorite Cleaning: NULL values are not present in ""meteorites"" table"
44518,1.7235352,2.5196285,0,CS50 Cybersecurity - Difference between Verified Track and non-verified track
44521,-1.1934873,5.5246186,8,cs50 Problem set 2: camelCase
44522,0.09889452,9.937718,1,pset5 speller cannot read number of word in dictionary
44527,3.0416462,-1.2911847,6,tried everything but pset9 finance last check still wont pass even with the usd formatter?
44538,-1.7953713,2.557915,5,problem set cash: why am I getting really high numbers in my return?
44540,3.1368065,-1.2254835,6,"Check50 marks my ""Quote"" as if not functioning properly despite looking identical to the staffs solution"
44547,2.0193083,-1.1614763,6,"Finance pset, cs50's SQL INSERT statements results in runtime error"
44548,0.33826956,6.1424403,9,error: incompatible integer to pointer conversion passing 'int' to parameter of type 'const char*'...printf (y)
44551,1.752692,2.0054793,0,The installed cs50 library for python doesn't work on my Visual Studio Code on my Desktop
44557,3.494363,1.8443716,0,Lab 8 index.html
44561,-0.41527364,9.831381,1,pset 5 speller do not pass check 50
44562,0.3837429,6.2934866,9,"Practice Problem 4: error: incompatible pointer types passing 'char *[7]' to parameter of type 'char *' [-Werror,-Wincompatible-pointer-types]"
44567,0.56741554,0.65858245,15,CS50 Meteorites Cleaning
44568,-0.121078864,1.5979472,0,DON'T KNOW HOW TO HANDLE THIS CHECK50 ERROR MESSAGE WITH test_plates.py
44571,-2.0776877,2.8631976,5,The code doesn't give me correct decimal answers
44575,0.9666941,6.5409956,9,Do we need routers if we uses IPv6?
44577,1.6469439,10.32657,1,"Speller everything works fine expect ""Uninitialised value was created by a heap allocation"""
44581,-4.3569827,3.6894221,7,runoff is_tie and print_winner
44583,1.632976,4.212342,0,"How to add a file to a directory(in this case, a ""dictionary.txt"" file)"
44584,10.413076,3.5863073,2,pset4 blur; artifacts on a white parts of an image
44586,1.9400173,3.0543878,0,How do you submit assignments through the VS Codespace
44589,0.28437948,3.4266477,0,mario-more does not pass check50 even though it appears like it should
44594,-0.34898525,2.113874,0,Check50 says my answer is wrong. Why? Outdated.py pset3
44595,-0.9879569,3.397735,14,expression result unused on a subtraction symbol in a do-while loop
44598,-3.129713,1.8576487,5,"Credit : the checksum is correct for <10 digits, but for14,15,16 digits getting negative checksum"
44602,1.021098,0.4057507,16,parse error: no such table
44603,0.050913926,2.6843102,0,Little Professor check50 shows error even though program run completely fine
44605,0.20914237,2.1565425,0,"game.py rejects out-of-range level expected program to reject input, but it did not!"
44611,0.99791753,0.42843816,16,Unable to connect to SQLITE SERVER
44615,0.20552377,5.0688114,14,Issues with readability functions
44619,10.1490555,3.4640994,2,filter-less blur function
44622,0.5176725,1.6752189,0,load_data function does not accept/process all of the data types it should be processing
44623,-0.42342535,2.3417168,0,Meal Time issues
44628,1.0769595,10.466884,1,HELP! Speller segfault
44636,1.9200339,1.9988984,0,Final project - Using an external library (WTForms)
44638,-1.1985165,6.6693325,3,PSET2 Caesar help - Rotate function
44642,9.986382,3.2007537,2,Incorrect blur for filtermore
44644,0.009523179,2.6354668,0,problems with little professor not rejecting inputs that check50 says it should
44646,2.1361415,9.086313,1,"p is assigned a memory first but when create family is called again, isnt the last memory lost as now p points at a new chunk of memory?"
44648,2.7878158,1.698835,13,Apology not rendering a picture - W9 CS50 Finance
44649,2.9348674,-1.3020464,6,Could someone take a look at my finance index? I'm going round in circles and can't find the problem. Everything appears as it should when I test
44657,-3.0779836,1.8062859,5,can anyone help error check my luhns algorithm code?
44661,2.2962742,0.5779663,17,"Lecture 9, how to get default value from `flask.request.get` after submitting a form?"
44668,1.6705489,-0.7764961,6,Check if added value corresponds to value/id from another table - SQL Final Project
44670,2.623159,-1.0478139,6,CS50 Finance Index
44672,1.9736851,3.0093343,0,What link can I use to download a CS50 coding environment in order to practice as the class goes on?
44673,-0.15868767,3.1143868,0,Lab 5 - Inheritance check50 error
44676,-0.86071855,2.545438,14,The code allways prompt to enter a new date when entering the date. How to correct my code in order to have the right answer?
44679,-0.12300974,10.470903,1,CS50AI Crossword
44682,-2.062453,2.848352,5,Convert comma to point in a Float (C)
44683,1.6612122,4.873669,0,Program won't compile w4 lab smiley
44684,2.3955684,0.31199777,17,What does 'NoneType' error mean?
44688,-0.082718074,3.095301,0,Trivia Lab 8 Week 8 - Issues with Free Answer Question
44692,-4.2446947,3.9528005,7,PSET3 Plurality - void print_winner(void) function
44693,2.3232832,2.9591908,0,"I converted my Github account which was linked with CS50 to a organisation, now all the progress I made is lost!"
44694,0.33766887,1.5455178,0,scourgify Lesson6 Problem Set check50 errors
44696,2.4231339,1.7219957,9,How to change the port that http-server uses
44697,-0.93790084,3.5092833,0,Lab 1 - Terminal goes blank after I input end size
44700,-0.5244212,2.2311738,0,Problem with CS5 Problem Set 1 - Meal Time
44701,-1.4449768,6.712935,3,"Psets 2 caesar cypher result text with random ""?"""
44702,0.87875503,5.5386252,9,error use of undeclared identifer 'name' in practice set 1
44708,2.4748263,-0.6600902,6,"pset 9 finance Runtime Error: unsupported value:{'id', 4}"
44711,0.286143,2.0952144,0,question in CS50P course on lines.py
44713,0.22338678,2.7735336,0,CS50P Little Professor error
44715,-0.096747786,1.6171224,0,test_plates.py problem
44720,0.1251397,1.529449,0,PS9 Finance does not appear in Gradebook as done
44721,-5.0012407,3.5000525,7,Tabulate and find_min functions in runoff
44722,0.20381148,6.393599,9,"Line 32: Char 5: error: redefinition of ‘main’ [solution.c] 35 | int main(int argc, char *argv[]) { | ^~~~.Why this is showing in my C program"
44723,1.8740542,0.04976515,6,pizza.py unclear problem when submitting
44726,0.25658116,5.1120644,14,"Encounter error, probably related to lack of understanding in the syntax of creating a function"
44728,-1.3709759,2.4909804,5,PSET1: Receiving archive: cash.zip checkir error: cash exists but is not a directory unable to process cash/
44730,1.5507642,0.15584068,16,sqlite optional error message when inserting users input inti db
44731,3.0341501,-1.3589852,6,pset9 finance check 50 :( sell handles valid sale
44732,0.38971928,1.4955626,0,scourgify.py problem
44735,10.333559,3.7239735,2,pset 4: filter blur logic problem?
44738,0.34372485,2.699453,0,Little Professor display number of problems correct
44741,-3.0104427,1.6978408,5,CheckSum in credit pset1
44742,2.7346158,-1.2550411,6,pset 9 finance :( sell page has all required elements
44749,0.27931988,2.7774982,0,": ( Little Professor displays number of problems correct Cause: Did not find ""9"" in ""Level: 6 + 6 =..."""
44754,0.45014903,2.8490517,0,Minesweeper AI randomly gets stuck in infinite loop when checking for subsets
44755,-0.19687447,2.9376864,0,Error given by check50
44759,-0.49198437,2.286555,0,CS50P problem set 1 Meal Time unknown error
44760,3.003685,-1.2020934,6,"Pset 9 finance does not pass last checking that ""AAAA"" is in page"
44765,-0.23832132,5.3075833,9,Why is my variable not declared?
44766,1.5939555,10.600257,1,Valgrind output of Speller task. (debuginfo reader: Possibly corrupted debuginfo file)
44771,2.8733563,-1.3658658,6,PSET 9 Finance :( sell handles valid sale
44772,0.124940135,2.221436,0,I tried a lot of ways but couldn't figure out why this exit code is always 1.(cs50p-Pset5)
44775,2.0255978,2.7330868,0,The submission of the Final Project doesn't work 2023
44777,-1.8324144,2.271361,5,PSET 1 Cash - How to reject negative input?
44781,-0.019699752,2.7272322,0,Testing my code on files I created works. CS50 check gives a fail. It seems to make my code count 2 more when comments are checked
44782,-0.3997415,6.7894077,3,Pset 2 Caesar: Problems with argv[] as a parameter
44784,10.484585,3.6421266,2,Pset 4 - filter (less comfortable) Blur function
44786,-0.07205201,5.5040035,9,Program return always true and I don't understand why
44792,3.473901,6.413187,4,Pset 4 Recover - Unable to read card.raw -fread issue?
44794,3.972989,5.5854664,4,pset 4 recover program error
44797,2.5009558,3.7053542,0,CS50 problem set_0 is talking about recording a 1-3min intro of presentation of yourself before submitting your Scratch project
44802,0.25085437,2.8065696,0,"Error message Little Professor displays number of problems correct Cause: Did not find ""9"" in ""Level: 6 + 6 =..."""
44807,0.009950126,1.6364936,0,the check50 of the test_fuel is not working in cs50p
44808,0.19855362,3.842883,0,help fixing the spaces on mario's pyramid
44810,3.108614,-1.2725323,6,"I can not get Check50 to pass ""buy handles valid purchase ..."" for pset9 finance"
44811,2.3853815,1.4728662,17,the command 'http-server' does not work since few days ago
44812,4.106187,5.0953045,4,"pset4 reverse, check50 says file is not reversing as specified, even though the output file has a reversed version and seems fine"
44813,-0.22297871,5.0098615,9,Problem Set 2 (Scrabble) / Variable Scope
44814,-1.7816566,4.2836204,8,pset6 Readability Python - Getting right numbers but wrong grade
44822,-0.04160271,1.7409223,0,What could be a pytest file for this program?
44823,1.5249014,2.8277085,0,Getting invalid slug with check50
44824,2.8956015,-1.3506949,6,"Stuck on Problem Set 9 with error buy handles valid purchase expected to find ""112.00"" in page, but it wasn't found"
44825,-0.4523739,3.1888425,0,Problem set 2 - Readability
44828,-1.6465204,2.6762977,5,CS50 Week 1 Cash Problem question
44830,-1.3324507,6.691357,3,"Problem Set 2, Ceasar, Testing Check50"
44831,0.33576733,5.9292355,9,Changing the size of an array
44839,2.3086066,0.55380505,17,"why does ""world"" not show up when did not enter name in the form?"
44842,1.277198,9.584904,1,PSET 5 speller segmentation fault when trying to run
44844,2.1656249,10.312348,1,PSET 5 speller fails when solving a memory issue
44847,-3.9756703,3.8603015,7,Plurality - Test does not pass for the case of Bob
44848,0.78353107,9.99284,1,PSET 5 Speller fails memory check
44853,-2.826514,1.6979562,5,CS50x PSET1 Credit <class 'pexpect.exceptions.EOF'>
44855,-1.3352157,4.5927095,8,help with debugging readability from Pset2
44857,-2.1343894,2.638203,5,How to get value of variable after a loop
44858,0.0056102625,1.6508939,0,"""test_fuel catches fuel.py not printing % in gauge expected exit code 1, not 0"""
44860,2.4135993,3.3126535,0,"why it is showing ""setting up your code space"" when I log in cs50.dev?"
44863,-0.98037255,6.446793,3,help with Caesar problem from Pset2
44865,1.0542485,10.490507,1,Get a MISSPELLED WORD memory error from check50 PSET5
44869,-2.994356,1.6879854,5,"Problem With Check50 for problem set ""Credit"""
44871,-0.20507488,5.5993485,9,Please help debug linear search program in C
44872,2.444511,3.211816,0,Why is my cs50p codespace not loading- it takes to long!
44876,-0.99104416,6.8530307,3,PSET 2 Caesar : help debugging caesar : continued #2
44877,2.7347903,1.2020073,17,my ajax code doesn't seem to be working
44878,-0.37447143,9.981686,0,CS50 Vanity plates
44881,10.254035,3.552942,2,PSET 4 filter-less problem
44886,-1.228021,6.549525,3,PSET 2 Caesar : help part 3 : ciphertext rotating correctly but not printing out
44889,-5.5797596,5.7493114,9,Are boolean variables left uninitialized true or false?
44895,2.9438853,0.55420136,17,The Ajax introduced on lecture and in the Shorts Video are very different: will be helpful to know why?
44897,1.8191617,4.3379893,0,"My cs50 prset2 caesar project rfused to compile,"
44900,-1.5366313,6.1436996,3,Problem set 2 - substitution - key validation issue
44903,1.606615,2.695385,0,What's marking procedure?
44905,10.030898,3.397843,2,Filter-more edge blue channel
44906,-0.53827274,3.1078598,0,"Problem set 2, substitution -> I don't get why check50 shows that my output is incorrect"
44907,0.4953672,5.5187845,14,Why aree these being counted as undeclared identifiers when I clearly declared them?
44911,0.36513403,5.284786,14,Why is my code not compiling (simple get_int example)?
44916,-0.33090708,2.0125623,0,Vanity plates Problem
44917,2.0832994,-1.2007971,6,Week 9 - Finance - Foreign Key Mismatch
44921,-0.032992963,2.739916,0,"problem set 4, CS50P , Guessing Game ,"
44922,-0.3917603,9.987817,0,Vanity plates Regex problem
44926,0.10126662,2.1671717,0,pset4 adieu problem set 4
44928,0.9603133,10.094848,1,pset5 - seg fault when using large dictionaries or texts
44930,0.28483582,2.5558422,0,"CS50P Little Professor error expected ""9"", not ""level: 6 + 6 =..."""
44934,-1.7666543,4.3974805,8,my Pset 2 Readability is getting the wrong grade level
44937,2.9584577,-1.3615952,6,"CS50 PSET 9 Finance ""sell handles valid sale: expected to find ""56.00"" in page, but it wasn't found"""
44940,0.11165051,2.2457793,0,CS50p - PSet4 - Adieu - Exit code 1
44942,2.0068383,9.525014,1,How to properly free memory in the following W3Schools c programming code demonstrating Queue Implementation using Linked Lists
44948,-1.1322443,5.3007393,8,scrabble pset: not handling non letter charcters even after iteration with isalpha
44949,2.7157693,4.4589596,0,Problem Set 4 - Recover (timed out while waiting for program to exit)
44953,-0.4139583,10.314655,1,problem with speller problem set 5 code
44959,-2.1296773,2.5565896,5,Can someone help me understand why we multiply the quarters by 25
44960,0.066958494,1.7188798,0,"Check 50 insists test with pytest is exiting with code 2, in pset 5 for intro to python, how do I fix this?"
44966,-1.927036,2.5104384,5,Week1 Cash problem scoping issue? Cents not updating
44973,-0.3381955,2.9259102,0,Problem in World Cup lab 6 with the variable N?
44974,-0.79991657,5.153569,6,"CS50x: Issue on problem Felipe´s Taqueria, program keeps asking me for input, without printing price, why?"
44977,-0.85992926,5.3227773,3,"Felipe’s Taqueria: ""invalid decimal literal"" with f string, but ok without f string. Why?"
44980,2.101379,-0.049265414,6,Week 9 birthdays HTML validator error when using jinja
44981,-1.948815,2.254705,5,pset1 cash compiles but gives unexpected outputs
44984,0.4706995,6.26976,9,Error: format specifies type 'char *' but the argument has type 'char **' [-Wformat]
44985,-0.9286256,2.9210696,14,Inifinite loop for outdated problem
44989,1.044631,10.471899,1,"PSET 5 - Speller: Compiles locally, check50 says it doesn't"
45002,-1.6326778,-1.020595,10,cs50 dna pset 6 - i dont get why my code always return no match
45004,0.6747063,6.3385177,9,Why can you say the name of an array is a pointer to the first element of the array in C?
45011,-1.7768866,4.4455743,8,pset 2 readability problem help
45014,-0.8294147,5.2556314,5,Felipe's Taqueria: output check problem
45015,-5.36829,5.546443,18,Tideman: Is my thinking correct for sort_pairs and lock_pairs?
45019,2.9246788,-1.3152746,6,"PSet 9 Sell handles valid sale expected to find ""56.00"" in page"
45022,-0.123934306,1.5838834,0,"PS5: Vanity Plates : Expected exit code 0, not 1 while testing"
45025,0.5194585,1.6024752,0,"Pset 3: Grocery list, the program ends after one item is inputted"
45042,0.71087766,1.6499801,0,Fundamental issue to understand functions with python ===> Impact on all problems
45060,1.3372276,2.6068256,0,submit50 not yielding results CS50AI : no results
45062,0.31911305,2.7904022,0,Minesweeper - :( add_knowledge cannot infer safe cells when given new information
45079,-0.4224984,0.642574,5,PSET7 Fiftyville
45081,2.7461905,-0.59642553,6,Problem with Updated CS50 Finance - all API calls to lookup stocks come back as None
45084,9.941694,4.375946,2,Pset4: Check50 is not compiling my code for Filter-More
45085,0.32252938,1.9446901,0,"grocery list problem, can the test code commit an error?"
45088,0.57904124,2.1488752,0,CS50ai project 5 traffic ValueError in main method
45090,1.9890696,9.786641,1,Programme fails on freeing memory - Pset 5 (speller)
45094,-3.044002,1.7983682,5,"Week 1 Credit, two visa cards #s not working"
45097,0.13725008,7.253337,3,Caesar for pset2
45100,-1.8805285,2.1665437,5,Wk 1 cash assignment
45102,0.25138083,2.4271998,0,CS50 python little professor problem
45106,0.901191,10.362696,1,Week 5: Speller. Hash function segmentation fault
45108,-2.1351418,6.2545776,3,PSet 4 - Emoji Problem Issue
45114,1.6502134,10.586505,1,Speller valgrind test failing
45115,-0.024872411,2.6992397,0,Little Professor CHECK50 errors can't pass tests
45117,4.9702153,6.4890833,13,Problem Set 4 Recover
45124,1.4702432,0.5614455,16,Why is the database in the instance directory with flaks
45125,2.543272,9.874414,1,check50 says program isn't free of memory errors while valgrind says no memory leak is possible in recover.c
45130,3.2434552,6.4482236,4,What is the return value of fread when it reads slack space?
45132,-1.9793674,5.826538,3,CS50 Pset 2 Substitution - Array size errors
45134,1.898654,3.6898112,0,How do you get a .bashrc file to run when logging in?
45136,10.422045,3.564706,2,"PSet4, Filter-less blurs but gets a lot darker and doesn't match output"
45139,-0.105077304,1.5920043,0,PSET 5 Test plates : getting exit code 0 instead of 1
45149,-0.028328246,1.668553,0,PSET 7: test_numb3rs.py validation issue
45152,-0.77849245,2.3667138,18,How do you simultaneously take care of two types of user_input in python?
45153,1.192566,4.114641,0,"""make mario"" will not work - PLEASE help I have been trying for 3 hours to resolve this"
45154,-1.6900533,5.612828,3,"Pset2 Substitution -- check50 ""timed out while waiting for program to exit"""
45156,-0.5943987,2.235621,0,week 1 meal time: don't know where my error is
45161,1.9980901,3.0825284,0,How do I find GameObjects in the Unity Editor?
45165,-0.549719,2.2201893,0,CS50 python mealtime problem Error
45177,0.96550727,0.3734601,16,Opening .db files in SQL
45179,2.0933316,10.1696415,1,pset5 speller - check functions seems to only return false?
45182,-0.68728906,2.3046143,0,Outdated problem cs50 python
45183,2.8697703,4.920901,0,Backdrop not showing
45186,1.6136621,4.3130107,0,make:***No rule to make target 'hello'. Stop. This really getting me down
45190,10.486435,3.7450497,2,stuck on pset 4 filter : blur
45191,0.22015223,3.179963,0,"PT SET 4: Frank, Ian and Glen’s Letters ....still having issues with functions and Figlet.setFont() missing 1 required positional argument"
45198,2.2122898,2.972048,0,Remove commit for large file from Codespaces
45200,10.271983,3.8392296,2,"Pset4 filter-less -- ""function definition is not allowed here"""
45209,9.949041,4.1989927,2,Filter-less keeps returning exit code 2
45214,-2.1263516,2.4530814,5,CS50 Pset 1 Cash cant convert to cents
45216,-4.854197,4.2854276,7,Output the overall ranking of votes
45220,-0.16524705,5.4223275,9,Why does the variable j in the code is taking the value at 15th iteration?
45221,2.863545,-0.6207808,6,What to do when IEX cloud API stopped their free trial
45222,-0.14038168,2.8489602,0,Code running fine in my system but not with check50
45226,-0.5536433,6.5795364,3,Converting roman numerals to integer
45227,-0.020144917,2.2606354,0,Why my code only removing 'u' ? cs50p pset2
45231,2.1520095,2.7718997,0,Why cant i use git push for this
45232,-0.16200168,1.9223684,0,Test code with sample input file
45233,-3.1704493,1.8739399,5,CS50 Week 1 - Credit Card Checker
45235,1.9881732,2.8776622,0,How to submit a final project that is not in the CS50 VScode environment
45246,2.1927745,3.2788997,0,HY GUYS THERE is a problem with my terminal IN CODE.CS50.IO it has no dollar sign in it AND IT IS also not letting me type PLEASE HELP ME
45254,1.953873,3.5722702,0,The project moving
45255,3.0277362,-1.3590949,6,"Pset9 finance, can't get rid of error"
45257,0.85814637,9.788216,1,week 5 speller pbset issues
45259,-0.08228446,2.188476,0,"cs50 bitcoin.py question, don't understand my code's problem"
45261,-0.8318769,2.4115195,5,outdated : code not rejecting incorrectly formatted inputs
45263,1.9533671,10.150023,1,"Unable to free up the malloc space, don't know what's going wrong in speller?"
45265,-0.742639,4.7829385,8,"TypeError in ""Taqueria"" Pset3"
45269,0.64259905,1.1562293,8,Issue printing dictionary in CS50P Pset 3 Grocery
45272,0.16777134,5.9000254,9,"Found a curious patterns in arrays, what is it?"
45275,1.5692617,2.643389,0,Cs50 grading question
45277,10.22928,3.9384224,2,"Psets4 Filter(less) problems, sepia and blur do not work properly :C"
45282,0.29899192,2.6494112,0,Python little professor problem set not passing 10 problems check
45284,-0.86696833,2.3774557,5,Doing Cs50p Psets 3 Outdated Why is the date when in numbers only outputs 2000-30-20 instead of 2000-03-02
45286,0.9212884,3.3667545,0,"CS50P coke pset.. I tried many ways to fix this but I can't seem to get right , how can i fix this?"
45287,2.6413224,3.831341,0,debug50 not working. Breakpoints not be recognize
45292,0.18084165,2.2936316,0,CS50 working 9 to 5
45293,0.9940642,10.476743,1,PSET5 - SPELLER - CODE COMPILES BUT FAILS CHECK50
45300,0.028239282,9.421283,1,In pset5 speller : Two variants of same code differ in case sensitivity
45302,-3.0261114,1.7943578,5,CS50 Week 1 credit card problem set
45308,-1.89056,6.293365,3,I am getting different test results for the same code
45316,-4.360696,3.8972135,7,pset 3 Tideman - vote function works differently using check50 than manual testing
45318,0.76307005,6.5210853,9,Pointer comparison in c
45319,1.934127,4.462857,0,flying the nest 2024
45324,0.040739644,5.0719137,9,CS50 declaration shadows a variable in the global scope
45328,0.9614657,1.9885862,0,"CS50 Python, Response Validator problem ... trying to ""pip install validator-collection"" ... Does the error shown in RED below matter?"
45331,10.610107,4.3276944,2,Filter (More) Edges - Doesn't Filter Right/Bottom Edge Correctly
45333,-0.0864682,1.569222,0,Not sure how to throw an custom error for `try:`
45336,0.9741139,0.37983292,16,Having trouble taking two courses in parallel... Week 0 SQL dB not available
45337,-5.047493,5.1890283,18,tideman cs50 - add_pairs
45339,-1.6049699,4.6246853,8,Help with Pset2 readability
45343,0.48129478,0.70821315,15,"CS50SQL(2024) - PSET 3 - Meteorite Cleaning - New table ""meteorites"" order by year and name check50 output difference"
45345,1.7732214,3.8567507,0,"cannot open-source file ""cs50.h"""
45347,1.8914194,3.8102794,0,No such file or directory #include <cs50.h>
45349,-4.3753915,4.8254113,18,"Plurality: Bubble Sort Implementation, Exception Occurred (Segmentation Fault)"
45354,-0.8886134,6.05962,3,Why is it not possible to print a `string` returned by this function?
45356,1.0516146,4.3899074,0,CS50P - Seasons of Love output issues
45359,2.977961,-1.3371,6,"Finance - ""Expected to find ""112.00"" in page"", but the Website Functions Properly"
45366,9.810559,3.5569172,2,filter.c (more comfortable) -- rgb values only slightly too large
45369,-2.7085629,2.009196,5,"Code for problem set one, Credit not working"
45372,-0.049354747,2.312896,0,unit tests test_twttr check50 results
45374,1.9375737,3.5994968,0,CS50 bash permission denied error
45376,0.3944125,1.4855714,0,scourgify cs50 'cleans long csv file' check
45380,10.404618,3.6652806,2,"When trying to implement the blur function in pset4, the image ends up blurred, but with odd star shapes in the middle of the image"
45382,-0.23651297,2.8477244,0,My convert function is broken and not passing tests but my program seems to do what i think it should
45384,-2.968554,1.5673355,5,cs50 pset 1 credit.c not outputting correct answers in certain random(?) cases
45386,2.12601,3.579252,0,"Unable to generate GUI in cs50-customized IDE (Offline, Local with VS Code, Docker Container)"
45389,0.3834334,3.0822816,0,"pset1 cs50ai: tic-tac-toe, TypeError: 'NoneType' object is not subscriptable error at minimax function"
45394,2.3830957,3.260173,0,"""failed to connect extension server on port 1337"" this is the message that is displayed when I try to use debug50 or style50"
45399,0.40510598,9.943238,1,Can't figure out speller or my problem
45409,1.737489,2.4964073,0,General Doubt regaring CS50 Course
45410,0.31148922,2.9347477,0,Project0 P2 Raise exception
45416,0.2579189,1.9097049,0,cs50p lines.py not passing the last 3 tests
45419,-0.03493742,1.7301137,0,"""Correct numb3rs.py passes all tests"" not checked in the check50: numb3rs.py cs50"
45420,0.20006497,2.0099883,0,"CS50P ""Lines of code"""
45425,0.3058421,3.8897138,0,mario more in c - help!
45431,1.7567672,2.5661497,0,Gradebook Not Reflecting Previously Passed Assignments After Final Project Submission
45436,3.1776154,5.3933454,4,Pset4/Recover: timed out while waiting for program to exit (SOLVED)
45440,1.5548,2.8188832,0,S50 PROBLEM SET PROBLEMS!
45442,0.15320563,2.4710147,0,CS50-Week6-ProblemSet6-Practice4/cs50-p-shirt - System Exit Code Issue
45445,-0.16149817,3.0901124,0,Problems with check50 and submitting sort lab
45451,-0.12862684,1.626839,0,pset5 test_plates beginning alphabetical checks
45452,2.350588,3.2061658,0,CS50 Codespace: Extension server (port 1337) and style50 not working
45455,2.4671872,3.300779,0,Error after cs50 code space update
45459,0.4007878,2.9547932,0,"cs50 intro to AI, Tic Tac Toe project"
45462,-1.8200761,4.108823,8,Why is it that my code only prints Before Grade 1
45469,1.9873037,3.1532917,0,Question on setting up check50
45471,0.06972941,2.1678178,0,"CS50P pset4 ""Adieu"" Problem"
45474,2.0112956,1.9437867,6,Is a Personal Finance Tracker an Acceptable Final Project for CS50x?
45478,2.372064,3.3167908,0,cs50.ai ddb missing from VSCode
45483,0.2580234,1.9435861,0,CS50p p6 lines.py
45487,-0.04939159,1.575463,0,submit50 Fails to find plates.py (Tests/Plates) despite being in directory
45489,-0.017056216,1.9156407,0,pset 7 working 9 to 5 - CS50'
45492,-0.41176125,10.319761,1,Check50 ignores print statements from given code
45493,3.3123279,5.5738564,4,Cannot download Output.wav for 'Volume'
45494,2.051439,10.071107,1,"Pset5 Speller Valgrind shows memory leaks that I cannot resolve, everything else fine"
45502,-0.42397997,0.63911194,5,FIFTYVILLE CS50 2026 pSET-7
45517,-0.8767955,4.103212,9,"I am learning about data structures in CS50x and I really don't understand O, Ω, or Θ and their (log) and (n) variations, could someone help me?"
45521,-2.5759351,2.0956745,5,In problem set1 credit i submit the code and get 11 out of 17 and then i saw the mistakes he tell me that he wanted EOF output and they didn't tellme
45522,2.0100205,2.41501,0,Is a Social Impact Platform for my community appropriate for a CS50 final project?
45523,-1.1869323,4.26667,8,cs50 problem set 2 readbility help
45524,1.777212,2.6130617,0,CS50W projects submitted via submit50 but still show 0/6 assignments complete after more than a month
45527,0.7032116,2.9179478,0,"PSET1 error when using Check50 to check Hello, World"
45529,2.3407035,3.467498,0,My codespace for pset01 is not loading up
45538,9.562293,4.7251754,2,pset 4 filter-less - reflect looks right but declined by check50
45561,0.06464449,1.7224799,0,"I'm having problems with CS50P Week 5, Tests for Bank"
45563,1.7197738,2.5401528,0,CS50x 2026 gradebook not showing my previous submissions
45571,2.215736,1.8780663,17,"Why is submit50 claiming I have no links, when I have at least 4 links in all of my html pages?"
45572,-0.42236915,5.2184505,9,Why use a for loop instead of string multiplication?
45573,3.1157756,-1.0049285,5,Revounts Australia
45577,0.13526198,2.1674538,0,"adieu.py check50 fails on first ""input of EOF halts program"" check despite correct output"
45579,1.9746176,2.0505345,0,How to Choose the Right Creative 2D Animation Service
