user_id,out_degree,in_degree,out_strength,in_strength,expertise_rank,pagerank,betweenness,clustering,core_number,community,participation_coef,user_name,user_reputation,n_questions,n_answers,n_accepted,n_comments,answer_score,first_seen,last_seen,role,main_help_topic,n_topics_helped
4847,980,64,1861,107,0.17560496625585845,0.010308089614950196,0.572368938958946,0.0015128769779844274,5,0,0.6353107773226114,Cliff B,69330.0,1,1160,809,771,917,2019-05-13 16:29:20,2026-03-07 09:28:11,Core expert,1,18
39838,195,4,558,19,0.07497115923140014,0.0005679473186371499,0.08079186051152301,0.006925720327782183,4,2,0.27834319526627205,UpAndAdam,1726.0,0,140,52,435,81,2023-08-04 15:01:51,2026-05-20 22:00:38,Core expert,0,17
10074,624,23,1043,50,0.05910587789817246,0.00430824252436872,0.29443835682242875,0.0020783349624319976,5,1,0.6332568530370726,DinoCoderSaurus,28677.0,0,523,282,543,433,2019-05-14 19:46:59,2025-05-06 17:46:55,Core expert,1,19
1090,197,25,295,35,0.027643964460346723,0.004926530312577375,0.09162299004531005,0.007211128178870115,5,5,0.5873133852916819,curiouskiwi,18823.0,1,191,112,112,190,2019-05-13 20:59:00,2026-04-03 23:09:38,Core expert,0,19
34912,58,18,97,22,0.02201093712684784,0.0038283813969901955,0.025206686139381543,0.012910798122065728,4,9,0.2978395061728394,kcw78,987.0,0,44,16,53,59,2021-12-29 23:30:54,2025-08-17 17:57:43,Core expert,0,7
12099,199,21,409,24,0.021737822915517,0.005533742113697292,0.08066116307648157,0.004876702245123298,5,3,0.40960600718848006,Blauelf,20960.0,0,249,160,170,271,2019-05-13 18:27:03,2021-05-30 15:03:19,Core expert,1,18
31598,78,7,182,17,0.013896917219414094,0.001304159119582698,0.031036582329944575,0.015657934357121348,5,7,0.44259369422962513,Robert S. Pratt,1920.0,2,84,59,106,88,2021-01-06 20:51:23,2021-12-04 11:51:11,Core expert,0,12
27433,102,8,157,13,0.012727184489390066,0.0013826499271310147,0.0359165983317622,0.008307372793354102,5,4,0.45473251028806594,Tritum,1581.0,0,101,51,57,70,2020-04-09 07:38:35,2020-08-16 12:29:01,Core expert,2,10
38661,18,1,32,6,0.010857944145539528,0.0002579777004210952,0.007090453748270032,0.032679738562091505,3,2,0.20370370370370372,Andreas Wenzel,220.0,1,11,4,23,6,2023-04-06 18:40:01,2025-12-17 15:25:28,Core expert,3,5
23988,42,4,70,5,0.009331791145460202,0.0007264568555994288,0.02102158742131317,0.016260162601626018,4,10,0.36961451247165533,Fuelled_By_Coffee,673.0,0,38,15,32,34,2021-04-06 12:06:35,2022-05-19 04:04:20,Core expert,0,12
11300,74,2,109,6,0.007433946654281636,0.00028746902385563984,0.019804074621339054,0.014054054054054054,5,11,0.7192888888888889,MARS,5179.0,1,66,32,45,41,2019-06-09 12:50:26,2023-04-25 09:00:44,Core expert,3,14
28078,86,11,136,21,0.006405539838603219,0.0017209246262722736,0.03153807015575567,0.020833333333333332,5,6,0.5972222222222223,Vsjain,1031.0,5,74,38,70,43,2020-05-09 05:33:59,2022-10-07 18:17:40,Core expert,0,16
32085,17,1,37,2,0.004952449270936496,0.0002621954137753815,0.005607042277440517,0.04411764705882353,4,10,0.5951557093425606,C--,306.0,0,13,6,24,10,2021-04-11 17:32:21,2021-05-15 11:16:57,Core expert,2,7
34945,8,5,10,10,0.004604603004870838,0.0007262045236750957,0.006166856921699349,0.10606060606060606,4,10,0.5277777777777779,Alvaro Barboza,29.0,7,4,0,17,1,2022-01-16 03:46:19,2023-05-17 23:59:36,Bridge,7,4
31002,43,3,72,5,0.004138847631634851,0.0005534956494892415,0.013108379842773814,0.01919191919191919,4,6,0.34074074074074057,Sentox,950.0,0,53,36,26,41,2020-10-21 00:04:30,2021-01-16 00:53:36,Core expert,2,13
28562,42,2,52,3,0.003924194589939513,0.0004771377494031271,0.019116641009012166,0.013742071881606765,5,8,0.5072314049586777,Llenk,744.0,0,42,22,10,31,2020-06-03 22:43:52,2020-07-28 19:54:30,Core expert,7,10
27355,70,4,96,4,0.0037577857240190353,0.0007982909988378307,0.02336094375169554,0.010736764161421697,5,4,0.3897005113221327,Ojou Nii,731.0,2,47,19,53,31,2020-04-04 13:46:06,2020-12-28 18:24:23,Core expert,0,16
23026,51,1,80,4,0.0037047682717148522,0.00027161632352911303,0.009409049697934057,0.02431372549019608,5,4,0.37293348712033836,stensal,440.0,0,30,11,54,11,2020-05-22 03:30:07,2020-07-05 14:26:09,Core expert,4,6
27362,7,13,9,37,0.0036043987929384215,0.001302664491748076,0.00328429865381557,0.15441176470588236,5,4,0.4844290657439443,ayeeitsalpha,79.0,11,7,5,46,3,2020-04-05 03:05:37,2020-08-16 23:26:59,Bridge,2,5
25714,33,3,79,6,0.003596402550335731,0.00037327296413613477,0.005230881869570492,0.035650623885918005,5,8,0.46193771626297575,Shehroz Ali,535.0,0,45,14,35,20,2020-01-07 20:02:51,2020-07-22 20:24:01,Core expert,7,10
41030,2,1,2,9,0.0034590441082410976,0.0002605792986208179,0.0,1.0,2,2,0.0,Captain Nemo,23.0,1,1,0,4,1,2024-01-07 12:34:23,2024-01-14 04:15:01,Active participant,9,1
32375,1,1,2,1,0.0032941987423854777,0.0002615991473056665,0.0,0.0,1,10,0.0,Rizqi Siti Rahmah,1.0,0,0,0,2,0,2021-04-29 21:51:19,2021-05-01 05:52:49,Active participant,,0
31368,11,2,13,3,0.003045337015119674,0.00026453920122097385,0.0008881971685787717,0.19696969696969696,4,1,0.75,EddyBeor,11.0,1,6,0,9,0,2020-12-09 13:12:33,2020-12-26 13:29:11,Helper,6,5
29860,1,2,2,3,0.0028964627862255073,0.00026453920122097385,0.0,1.0,2,0,0.5,QueenofQuantum,3.0,1,0,0,3,0,2020-09-30 07:12:20,2020-10-02 04:34:44,Active participant,,0
31020,1,1,2,4,0.0028964627862255073,0.00027161632352911303,0.0,0.0,1,0,0.0,Matt R.,3.0,1,0,0,2,0,2020-10-23 02:21:57,2020-10-25 01:59:45,Active participant,,0
40682,1,0,2,0,0.0028964627862255073,0.0002527745040216499,0.0,0.0,1,0,0.0,Arctic_KitsuNe,1.0,0,0,0,2,0,2023-11-20 08:37:47,2023-11-22 10:53:14,Peripheral learner,,0
31584,2,2,2,7,0.0025040609910536157,0.00028219768701280036,0.0,1.0,2,0,0.5,Pragati Chauhan,7.0,4,1,1,6,0,2021-07-16 04:47:05,2021-11-08 06:15:01,Active participant,1,1
40437,3,0,4,0,0.0024632222923997252,0.0002527745040216499,0.0,1.0,3,5,0.4444444444444444,Mikkey200,1.0,0,1,0,3,0,2023-10-15 08:59:45,2023-10-17 04:45:08,Helper,15,1
31573,3,1,3,2,0.0023587921809840214,0.0002598287463441081,0.00023641968715485914,0.5,3,1,0.75,rand_program,103.0,2,2,1,3,0,2021-01-04 06:35:57,2021-02-24 10:33:02,Helper,2,2
27752,8,2,15,2,0.002337736873704049,0.0002610120800597448,0.0007563524984868372,0.2222222222222222,4,4,0.5679012345679012,user3671,165.0,3,5,2,14,3,2020-05-13 16:53:57,2020-07-22 05:43:16,Helper,8,3
29666,2,0,2,0,0.0023301432728822916,0.0002527745040216499,0.0,1.0,2,4,0.5,Rafael Reis Araújo,1.0,0,0,0,2,0,2020-09-06 15:02:46,2020-10-14 13:36:14,Peripheral learner,,0
28531,10,4,13,6,0.0022843932657413296,0.0004928544797651438,0.0037140761278339762,0.1282051282051282,4,7,0.5798816568047338,MWD,86.0,5,6,5,16,4,2020-06-04 14:45:35,2022-01-06 13:16:45,Bridge,3,5
34739,1,0,2,0,0.0021116591958817237,0.0002527745040216499,0.0,0.0,1,1,0.0,F.Yang,1.0,0,0,0,2,0,2021-11-30 04:38:58,2021-11-30 04:39:50,Peripheral learner,,0
34681,9,1,11,1,0.0020829367600467,0.0002615991473056665,0.0019455433282536076,0.0,3,10,0.37037037037037024,Chakib37,101.0,0,8,2,3,7,2021-11-19 04:11:43,2022-01-03 09:45:14,Bridge,1,3
28103,12,1,15,1,0.0020237440521038677,0.00026026426827661925,0.0032937925865972983,0.10256410256410256,5,4,0.37869822485207094,ALL,78.0,1,9,1,7,6,2020-05-10 11:18:18,2020-05-24 18:30:40,Bridge,2,5
28871,9,1,11,2,0.0017702234781053173,0.0002621954137753815,0.005487703485640591,0.1388888888888889,4,0,0.37037037037037024,AlStorm Prime,26.0,0,5,1,6,0,2020-06-24 00:51:40,2020-06-28 16:47:56,Bridge,0,4
28145,1,1,2,1,0.0017638237595390758,0.0002605773389469775,9.936533463337209e-05,0.0,2,4,0.5,Shubham Thori,1.0,1,0,0,2,0,2020-07-01 07:01:50,2020-09-20 12:09:40,Active participant,,0
25764,4,2,4,2,0.0017600226016568237,0.00040848764947798086,0.0006682491430044513,0.0,2,3,0.0,Enis Arik,103.0,0,0,0,4,0,2020-03-25 08:17:45,2020-05-17 09:30:45,Helper,,0
32575,1,2,1,3,0.0016976089460784345,0.0002660855527456739,0.00010003282792396869,0.0,2,10,0.5,miekec,1.0,1,0,0,3,0,2021-05-28 23:10:11,2021-06-05 17:55:43,Active participant,,0
38291,3,1,3,1,0.0016491060034648872,0.0004094862294923309,1.8351217260874585e-05,0.3333333333333333,2,9,0.0,helpme_pls,11.0,0,1,0,2,1,2023-02-25 12:09:56,2023-02-27 13:03:54,Helper,0,1
29273,1,2,2,2,0.001646054522345322,0.00026894423203083684,0.0,1.0,2,3,0.5,Chen Shujuan,3.0,1,0,0,3,0,2020-07-27 03:45:33,2020-08-10 23:17:34,Active participant,,0
25704,1,5,2,9,0.001646054522345322,0.0016754686772523567,0.0008325967057321178,0.0,3,3,0.5599999999999999,Daniel Hering,67.0,5,0,0,2,0,2020-01-07 16:22:13,2020-03-05 21:49:58,Active participant,,0
29211,5,4,5,6,0.0016414739208624246,0.00036440862789410453,0.0016524770906290833,0.2857142857142857,4,6,0.53125,abbanator,7.0,5,4,0,5,0,2020-07-28 01:41:58,2020-11-16 22:34:06,Bridge,7,3
43351,2,0,2,0,0.001541714330151044,0.0002527745040216499,0.0002758255213387791,0.0,2,5,0.5,girurerumu,1.0,0,0,0,2,0,2024-08-01 17:53:09,2024-08-01 17:55:04,Peripheral learner,,0
37871,2,1,2,1,0.001541714330151044,0.00046771683964939555,0.001907580477673935,0.0,1,28,0.4444444444444444,Arslan Baig,1.0,0,1,0,1,0,2023-01-07 07:49:01,2023-01-30 12:19:26,Active participant,3,1
28883,2,1,2,2,0.001541714330151044,0.0002621954137753815,0.000366139185888198,0.0,2,0,0.5,jakec1234,1.0,0,0,0,2,0,2020-06-25 08:17:19,2020-07-12 12:40:43,Active participant,,0
37068,2,2,2,3,0.0015395521384532688,0.00026453920122097385,2.5734085962538724e-05,0.6666666666666666,2,0,0.4444444444444444,Ronit Kumar Singh,1.0,2,1,0,2,0,2022-12-12 14:38:17,2022-12-27 01:21:29,Active participant,1,1
31249,3,0,4,0,0.0015345521031256116,0.0002527745040216499,3.461405330564209e-07,0.6666666666666666,3,1,0.4444444444444444,MestreLion,123.0,0,2,0,2,1,2020-11-25 06:37:21,2020-12-28 00:44:26,Helper,4,2
31472,2,1,2,1,0.001527389876100179,0.0002574849588985157,0.0005947041928444326,0.0,2,0,0.5,user14880981,11.0,0,1,0,1,1,2020-12-24 00:58:12,2020-12-24 11:10:13,Active participant,5,1
38296,2,1,2,1,0.001520195495324551,0.0003686462493434822,9.923920287513132e-05,0.0,2,9,0.0,fart_east,1.0,0,1,0,1,0,2023-02-26 06:27:47,2023-02-26 06:51:13,Active participant,14,1
23889,2,2,2,4,0.0015073356404289682,0.00026431515178411554,0.00015915194638053954,0.6666666666666666,4,11,0.75,curious4ever,13.0,2,0,0,5,0,2019-07-11 15:23:22,2019-08-03 13:28:24,Active participant,,0
29536,2,2,2,2,0.0015065543065716483,0.0002610120800597448,0.0,1.0,3,0,0.4444444444444444,milar5,28.0,1,1,1,1,1,2020-08-22 13:22:42,2020-08-27 08:37:28,Active participant,3,1
31347,2,4,2,6,0.0015059031950238819,0.0006037275067283326,0.000536163795407533,0.4,4,6,0.6666666666666666,cormacl,48.0,3,4,3,8,3,2020-12-16 14:16:24,2021-01-25 12:40:47,Active participant,6,2
31895,2,5,2,31,0.0015044707496187954,0.00044716964313733394,0.0009320552050617739,0.4,5,7,0.7222222222222222,Aamon Van,25.0,16,0,0,51,0,2021-02-18 01:54:28,2021-07-23 21:03:31,Active participant,,0
23825,2,1,2,1,0.0015041126382675238,0.0002574849588985157,0.0,1.0,2,0,0.0,Peter_bke,1.0,0,1,0,1,0,2019-07-01 15:29:48,2019-07-09 05:42:05,Active participant,6,1
42775,1,0,1,0,0.0014987409679984493,0.0002527745040216499,0.0,0.0,1,0,0.0,Zee11,1.0,0,0,0,1,0,2024-05-02 14:47:42,2024-05-02 14:47:42,Peripheral learner,,0
37347,1,0,1,0,0.0014987409679984493,0.0002527745040216499,0.0,0.0,1,0,0.0,lkchek,1.0,0,0,0,1,0,2022-11-06 19:57:42,2022-11-06 19:57:42,Peripheral learner,,0
37689,1,0,1,0,0.0014987409679984493,0.0002527745040216499,0.0,0.0,1,0,0.0,mwmwm,1.0,0,0,0,1,0,2022-12-15 00:07:20,2022-12-15 00:07:20,Peripheral learner,,0
36677,1,0,1,0,0.0014987409679984493,0.0002527745040216499,0.0,0.0,1,0,0.0,Cecilia,1.0,0,0,0,1,0,2022-08-28 17:57:40,2022-08-28 17:57:40,Peripheral learner,,0
37523,1,0,1,0,0.0014987409679984493,0.0002527745040216499,0.0,0.0,1,0,0.0,Jey Darbonne,1.0,0,0,0,1,0,2022-11-24 08:25:28,2022-11-24 08:25:28,Peripheral learner,,0
38617,1,0,1,0,0.0014987409679984493,0.0002527745040216499,0.0,0.0,1,0,0.0,HarshCoder69,1.0,0,0,0,1,0,2023-04-01 06:34:52,2023-04-01 06:34:52,Peripheral learner,,0
36190,1,0,1,0,0.0014987409679984493,0.0002527745040216499,0.0,0.0,1,0,0.0,Vaisakh Chandran.B,1.0,0,0,0,1,0,2022-06-30 13:52:47,2022-06-30 13:52:47,Peripheral learner,,0
28952,1,0,1,0,0.0014987409679984493,0.0002527745040216499,0.0,0.0,1,0,0.0,Game Nuked,1.0,0,0,0,1,0,2020-06-30 15:54:12,2020-06-30 15:54:12,Peripheral learner,,0
32799,1,0,1,0,0.0014987409679984493,0.0002527745040216499,0.0,0.0,1,0,0.0,CrazyKanav,1.0,0,0,0,1,0,2021-08-30 13:47:55,2021-08-30 13:47:55,Peripheral learner,,0
31986,1,0,1,0,0.0014987409679984493,0.0002527745040216499,0.0,0.0,1,0,0.0,wjdob,1.0,0,0,0,1,0,2022-10-31 01:17:06,2022-10-31 01:17:06,Peripheral learner,,0
32530,1,0,1,0,0.0014987409679984493,0.0002527745040216499,0.0,0.0,1,0,0.0,EDR,1.0,0,0,0,1,0,2021-05-22 18:02:14,2021-05-22 18:02:14,Peripheral learner,,0
28977,1,0,1,0,0.0014987409679984493,0.0002527745040216499,0.0,0.0,1,0,0.0,user13726679,1.0,0,0,0,1,0,2020-07-02 16:17:37,2020-07-02 16:17:37,Peripheral learner,,0
29821,1,0,1,0,0.0014987409679984493,0.0002527745040216499,0.0,0.0,1,0,0.0,Jose Yánez,1.0,0,0,0,1,0,2020-09-25 16:46:54,2020-09-25 16:46:54,Peripheral learner,,0
29223,1,0,1,0,0.0014987409679984493,0.0002527745040216499,0.0,0.0,1,0,0.0,sameera,1.0,0,0,0,1,0,2020-07-22 12:56:11,2020-07-22 12:56:11,Peripheral learner,,0
28598,1,0,1,0,0.0014987409679984493,0.0002527745040216499,0.0,0.0,1,0,0.0,IB21,1.0,0,0,0,1,0,2020-06-06 06:39:43,2020-06-06 06:39:43,Peripheral learner,,0
34569,1,0,1,0,0.0014987409679984493,0.0002527745040216499,0.0,0.0,1,0,0.0,Tanisha Daharwal,101.0,0,0,0,1,0,2021-10-30 11:26:35,2021-10-30 11:26:35,Peripheral learner,,0
32895,1,1,1,3,0.0014987409679984493,0.00026690586865224725,0.0,0.0,1,0,0.0,Nancy Mills,3.0,2,0,0,2,0,2021-07-16 23:53:38,2021-08-08 02:25:50,Active participant,,0
28361,1,1,1,3,0.0014987409679984493,0.00026690586865224725,0.0,0.0,1,0,0.0,Marcus Chan,3.0,1,0,0,4,0,2020-05-23 16:02:55,2020-05-25 14:58:53,Active participant,,0
37342,1,0,1,0,0.0014987409679984493,0.0002527745040216499,0.0,0.0,1,0,0.0,fideli,101.0,0,0,0,1,0,2022-11-06 16:29:55,2022-11-06 16:29:55,Peripheral learner,,0
37259,1,0,1,0,0.0014987409679984493,0.0002527745040216499,0.0,0.0,1,0,0.0,boltsandbytes,1.0,0,0,0,1,0,2022-10-29 21:24:22,2022-10-29 21:24:22,Peripheral learner,,0
39822,1,1,1,4,0.0014987409679984493,0.0002562433016212801,0.0,1.0,2,2,0.5,XxGOLDENELIXIRxX,1.0,1,0,0,2,0,2023-08-04 19:39:37,2023-08-28 17:27:30,Active participant,,0
40339,1,0,1,0,0.0014987409679984493,0.0002527745040216499,0.0,0.0,1,0,0.0,Mr.Pee2,1.0,0,0,0,1,0,2023-09-30 18:51:06,2023-09-30 18:51:06,Peripheral learner,,0
38736,1,0,1,0,0.0014987409679984493,0.0002527745040216499,0.0,0.0,1,0,0.0,Kennster,1.0,0,0,0,1,0,2023-04-14 23:07:46,2023-04-14 23:07:46,Peripheral learner,,0
40173,1,1,1,1,0.0014987409679984493,0.0002574849588985157,0.0,0.0,1,0,0.0,Chinmaya Chidrewar,1.0,0,0,0,1,0,2023-09-15 20:08:05,2023-09-15 20:08:05,Active participant,,0
23734,1,0,1,0,0.0014987409679984493,0.0002527745040216499,0.0,0.0,1,0,0.0,cryptoGraphic_fool,1.0,0,0,0,1,0,2019-06-20 14:27:48,2019-06-20 14:27:48,Peripheral learner,,0
37131,1,7,1,28,0.0014987409679984493,0.0008937401588527248,0.0031665448764791105,0.2857142857142857,4,0,0.6122448979591837,Joseph J Filoramo,29.0,18,4,0,28,0,2022-10-17 10:44:39,2025-09-25 11:49:43,Active participant,9,3
34717,1,1,1,1,0.0014987409679984493,0.000256301625182879,0.0,1.0,2,1,0.5,x code,23.0,1,1,0,0,2,2021-11-27 02:37:39,2022-01-12 06:36:07,Active participant,4,1
20186,1,0,1,0,0.0014987409679984493,0.0002527745040216499,0.0,0.0,1,0,0.0,David Warsaw,1.0,0,0,0,1,0,2020-11-02 17:38:48,2020-11-02 17:38:48,Peripheral learner,,0
31069,1,1,1,1,0.0014987409679984493,0.000256301625182879,0.0,1.0,2,1,0.5,River Stinson,1.0,1,0,0,1,0,2020-10-29 06:26:09,2020-10-29 06:31:57,Active participant,,0
35211,1,1,1,1,0.0014987409679984493,0.0002574849588985157,0.0,0.0,1,0,0.0,Iury Sikorsky,1.0,0,0,0,1,0,2022-03-14 16:51:41,2022-03-14 16:51:41,Active participant,,0
31897,27,1,37,3,0.001453364533557509,0.0002710589178228311,0.004492571616919149,0.026455026455026454,5,7,0.37244897959183665,juls,359.0,0,30,12,7,17,2021-02-24 03:02:59,2021-06-06 02:04:20,Core expert,2,11
40152,1,3,2,3,0.0014407129244835217,0.0005225028723954802,0.0013826789219246018,0.3333333333333333,3,5,0.5,UTHAYAKUMAR UTHEETHAN,29.0,1,0,0,3,0,2023-09-13 05:58:07,2023-09-14 03:48:15,Active participant,,0
23994,1,0,1,0,0.0014077704589650225,0.0002527745040216499,0.0,0.0,1,28,0.0,hmitrea,1.0,0,0,0,1,0,2023-02-16 05:19:32,2023-02-16 05:19:32,Peripheral learner,,0
36295,3,0,3,0,0.0013546764640087784,0.0002527745040216499,4.365352179990259e-05,0.0,2,8,0.4444444444444444,Yaroslav  Yenkala,1.0,0,1,0,2,0,2022-07-13 14:55:35,2022-07-16 12:14:22,Helper,3,1
25436,18,10,32,37,0.001227214122806117,0.0014377593576267204,0.009164534350697985,0.07407407407407407,5,1,0.7133058984910837,Chris,428.0,16,18,11,36,4,2019-10-29 13:59:05,2020-05-24 01:02:04,Core expert,11,7
34667,1,0,1,0,0.0012110288149282309,0.0002527745040216499,0.0,0.0,1,8,0.0,Charles Lartey,1.0,0,0,0,1,0,2021-11-16 13:27:09,2021-11-16 13:27:09,Peripheral learner,,0
27681,2,0,5,0,0.0011879615137361966,0.0002527745040216499,1.734199994843819e-05,0.0,2,4,0.5,Andrew Micallef,101.0,0,1,0,4,0,2020-04-21 20:59:37,2020-05-14 21:12:30,Helper,5,1
29075,2,2,2,3,0.0011652362589274247,0.00026572253493661055,0.00029349652528834773,0.6666666666666666,4,12,0.75,Hrvoje T,105.0,2,0,0,5,0,2020-07-10 11:34:43,2020-07-31 12:35:56,Active participant,,0
24068,3,5,6,12,0.0011472661844004574,0.0011026237792186085,0.0009960991413669417,0.19047619047619047,3,1,0.44897959183673464,rassenguy,46.0,3,1,1,15,1,2020-01-15 10:39:33,2020-02-29 21:02:15,Active participant,16,1
12172,2,1,2,1,0.0011349880809282875,0.000256301625182879,0.0,1.0,2,1,0.0,hotwebmatter,3050.0,0,1,0,1,0,2020-01-17 07:13:19,2020-01-17 14:32:44,Active participant,3,1
29108,2,2,3,5,0.00112522791903238,0.0002756350084903918,0.00011355633555119856,0.6666666666666666,4,12,0.75,Neus F.,15.0,2,1,0,9,1,2020-07-12 08:04:39,2020-07-18 09:41:50,Active participant,1,1
26242,17,1,26,1,0.0011252030606875973,0.00046771683964939555,0.00947456135247622,0.0,2,14,0.42592592592592593,TLH,312.0,0,17,7,9,10,2020-03-28 07:51:36,2020-04-03 01:23:10,Core expert,0,7
37309,1,1,1,1,0.0011063391728265578,0.00028631673608097775,0.0,1.0,2,9,0.5,thomas,103.0,1,0,0,2,0,2022-11-03 10:56:43,2022-11-03 17:28:51,Active participant,,0
36035,1,0,1,0,0.0011063391728265578,0.0002527745040216499,0.0,0.0,1,1,0.0,allopatry,1.0,0,0,0,1,0,2022-06-12 06:24:17,2022-06-12 06:24:17,Peripheral learner,,0
39132,1,0,1,0,0.0011063391728265578,0.0002527745040216499,0.0,0.0,1,1,0.0,Joe Ovenden,1.0,0,0,0,1,0,2023-05-29 12:06:58,2023-05-29 12:06:58,Peripheral learner,,0
32853,1,0,1,0,0.0011063391728265578,0.0002527745040216499,0.0,0.0,1,1,0.0,Antoine S.,1.0,0,0,0,1,0,2021-07-10 11:33:54,2021-07-10 11:33:54,Peripheral learner,,0
28204,1,11,1,17,0.0011063391728265578,0.0013727792090036846,0.0017572250814049135,0.16363636363636364,5,1,0.694214876033058,Brandon Zemel,21.0,11,1,1,5,0,2020-05-15 04:34:27,2020-06-27 16:29:10,Active participant,1,1
27364,1,2,1,2,0.0011063391728265578,0.0002610120800597448,0.0,1.0,2,1,0.5,Pedarun,5.0,2,0,0,3,0,2020-04-05 04:38:04,2020-04-24 00:45:48,Active participant,,0
25992,1,0,1,0,0.0011063391728265578,0.0002527745040216499,0.0,0.0,1,1,0.0,Utkarsh Malhotra,1.0,0,0,0,1,0,2020-03-03 04:39:29,2020-03-03 04:39:29,Peripheral learner,,0
25433,1,1,1,1,0.0011063391728265578,0.000256301625182879,0.0,0.0,1,1,0.0,aspacemap,1.0,0,0,0,1,0,2019-11-15 06:33:08,2019-11-15 06:33:08,Active participant,,0
29197,1,0,1,0,0.0011063391728265578,0.0002527745040216499,0.0,0.0,1,1,0.0,Mary Clare,1.0,0,0,0,1,0,2020-07-20 13:11:02,2020-07-20 13:11:02,Peripheral learner,,0
27399,7,1,8,2,0.001082963478498883,0.0002621954137753815,6.816299359177696e-05,0.2857142857142857,5,4,0.40625,Sean,53.0,1,3,2,7,2,2020-04-07 01:39:56,2020-05-14 01:23:35,Helper,2,2
29144,1,0,1,0,0.0010565579224171763,0.0002527745040216499,0.0,0.0,1,14,0.0,Mance Rah,1.0,0,0,0,1,0,2020-07-15 05:21:15,2020-07-15 05:21:15,Peripheral learner,,0
31541,1,1,1,1,0.0010459072260672964,0.00031594193442687304,0.0,0.0,1,10,0.0,Kaijie Wan,1.0,0,0,0,1,0,2021-01-02 16:15:57,2021-01-02 16:15:57,Active participant,,0
31138,4,1,7,1,0.0010387165658871668,0.0005218432461996091,0.001127386999014781,0.0,2,10,0.0,Crisp_Coder99,71.0,0,3,2,4,4,2020-11-06 17:54:52,2021-01-05 13:23:52,Helper,8,3
29059,18,3,27,3,0.001030771695772083,0.0003739888291334297,0.002123965257927048,0.11904761904761904,5,12,0.3990929705215419,Himanshi,401.0,1,20,6,11,20,2020-07-09 13:05:43,2020-09-05 13:05:05,Core expert,2,8
40108,2,1,2,2,0.0009828359870377625,0.00031985896814030557,0.0,1.0,2,9,0.0,Hannah RT,1.0,0,1,0,1,0,2023-09-08 23:09:49,2023-09-08 23:13:56,Active participant,0,1
35738,2,1,2,3,0.0009649304194741813,0.0003534012001996334,0.0,1.0,2,9,0.0,Jean-Marc,11.0,1,1,0,3,0,2022-05-09 17:40:59,2022-05-17 00:32:19,Active participant,0,1
37822,1,0,1,0,0.0009541870789360327,0.0002527745040216499,0.0,0.0,1,9,0.0,Leny1111,1.0,0,0,0,1,0,2022-12-30 19:19:45,2022-12-30 19:19:45,Peripheral learner,,0
40448,1,0,1,0,0.0009541870789360327,0.0002527745040216499,0.0,0.0,1,9,0.0,ozkary,101.0,0,0,0,1,0,2023-10-18 20:29:28,2023-10-18 20:29:28,Peripheral learner,,0
36274,1,0,1,0,0.0009541870789360327,0.0002527745040216499,0.0,0.0,1,9,0.0,Sergey Solod,101.0,0,0,0,1,0,2022-07-11 12:49:02,2022-07-11 12:49:02,Peripheral learner,,0
37327,1,0,1,0,0.0009541870789360327,0.0002527745040216499,0.0,0.0,1,9,0.0,esceli,1.0,0,0,0,1,0,2022-12-13 14:37:34,2022-12-13 14:37:34,Peripheral learner,,0
41124,1,2,1,3,0.0009541870789360327,0.00028805113488079284,0.0,1.0,2,9,0.5,Usifo Emmanuel,1.0,1,0,0,3,0,2024-01-23 09:05:04,2024-01-23 19:53:39,Active participant,,0
36070,1,0,1,0,0.0009541870789360327,0.0002527745040216499,0.0,0.0,1,9,0.0,Anonymous coward,101.0,0,0,0,1,0,2022-06-15 17:19:53,2022-06-15 17:19:53,Peripheral learner,,0
36096,1,0,1,0,0.0009541870789360327,0.0002527745040216499,0.0,0.0,1,9,0.0,Jonathan.,1.0,0,0,0,1,0,2022-06-17 15:58:18,2022-06-17 15:58:18,Peripheral learner,,0
36198,1,0,1,0,0.0009541870789360327,0.0002527745040216499,0.0,0.0,1,9,0.0,ali b,101.0,0,0,0,1,0,2022-07-01 17:05:25,2022-07-01 17:05:25,Peripheral learner,,0
41148,1,0,1,0,0.0009541870789360327,0.0002527745040216499,0.0,0.0,1,9,0.0,prasgop,1.0,0,0,0,1,0,2024-01-26 06:36:43,2024-01-26 06:36:43,Peripheral learner,,0
36960,1,0,1,0,0.0009541870789360327,0.0002527745040216499,0.0,0.0,1,9,0.0,KptKrunch,1.0,0,0,0,1,0,2022-09-26 17:53:30,2022-09-26 17:53:30,Peripheral learner,,0
39466,1,0,1,0,0.0009541870789360327,0.0002527745040216499,0.0,0.0,1,9,0.0,ron,1.0,0,0,0,1,0,2023-06-27 14:10:13,2023-06-27 14:10:13,Peripheral learner,,0
45965,1,1,1,1,0.0009541870789360327,0.0002536417034215574,0.0,1.0,2,9,0.5,Dim-Chance,11.0,1,1,0,1,1,2025-06-20 16:36:13,2025-06-24 11:19:27,Active participant,0,1
38792,1,0,1,0,0.0009541870789360327,0.0002527745040216499,0.0,0.0,1,9,0.0,Salome Naskidashvili,1.0,0,0,0,1,0,2023-04-23 00:04:34,2023-04-23 00:04:34,Peripheral learner,,0
44118,1,0,1,0,0.0009541870789360327,0.0002527745040216499,0.0,0.0,1,9,0.0,426xeno,1.0,0,0,0,1,0,2024-12-28 14:03:03,2024-12-28 14:03:03,Peripheral learner,,0
40623,1,2,1,16,0.0009541870789360327,0.0002879290685107432,0.0,1.0,3,2,0.6666666666666667,Grace ,41.0,9,2,1,10,0,2024-01-24 13:23:05,2025-04-22 07:31:04,Active participant,0,2
28658,1,0,1,0,0.0009324214546552335,0.0002527745040216499,0.0,0.0,1,4,0.0,Hob,1.0,0,0,0,1,0,2020-06-10 17:21:08,2020-06-10 17:21:08,Peripheral learner,,0
28038,1,0,1,0,0.0009324214546552335,0.0002527745040216499,0.0,0.0,1,4,0.0,belle,1.0,0,0,0,1,0,2020-05-18 14:33:03,2020-05-18 14:33:03,Peripheral learner,,0
21912,2,3,2,4,0.0009165101982109514,0.000770413513412001,0.0032213679230445776,0.1,3,13,0.31999999999999984,Prashant Singh,21.0,2,1,0,3,1,2019-12-06 20:34:06,2019-12-31 15:20:41,Active participant,0,1
21816,8,2,9,2,0.0008998742576019186,0.00035118159621243565,0.0025429841561537265,0.08333333333333333,3,13,0.19753086419753085,Nicknapoli82,86.0,0,7,3,2,4,2019-12-23 01:29:13,2020-01-07 00:20:07,Helper,9,5
27657,1,3,1,5,0.0008985998162724942,0.0003504183631570357,0.0007829824274479215,0.0,3,4,0.375,Srushti Kanade,20.0,3,1,1,4,0,2020-04-22 08:49:34,2020-05-12 11:25:09,Active participant,10,1
31789,1,0,1,0,0.0008985998162724942,0.0002527745040216499,0.0,0.0,1,4,0.0,John,1.0,0,0,0,1,0,2021-02-01 11:52:26,2021-02-01 11:52:26,Peripheral learner,,0
25625,2,1,2,2,0.0008950235171346539,0.00027569305028629225,8.646096029273597e-06,0.0,2,3,0.5,PotatoesFall,105.0,1,0,0,3,0,2019-12-03 00:00:13,2019-12-05 11:19:37,Active participant,,0
25516,2,1,2,1,0.0008858149395305265,0.00026423377715397106,0.0,1.0,2,3,0.5,Melsunshine,1.0,0,0,0,2,0,2020-01-25 23:27:58,2020-01-28 01:11:01,Active participant,,0
28330,1,1,1,1,0.0008735368360583565,0.00026423377715397106,0.0,0.0,1,3,0.0,pedro,1.0,0,0,0,1,0,2020-05-21 19:39:16,2020-05-21 19:39:16,Active participant,,0
28506,1,1,1,1,0.0008735368360583565,0.00026423377715397106,0.0,0.0,1,3,0.0,Kevin Fontecilla,1.0,0,0,0,1,0,2020-06-01 01:24:16,2020-06-01 01:24:16,Active participant,,0
25786,1,0,1,0,0.0008735368360583565,0.0002527745040216499,0.0,0.0,1,3,0.0,xunux,101.0,0,0,0,1,0,2020-01-13 21:58:42,2020-01-13 21:58:42,Peripheral learner,,0
25965,1,0,1,0,0.0008735368360583565,0.0002527745040216499,0.0,0.0,1,3,0.0,Mohamed Diaa,1.0,0,0,0,1,0,2020-03-27 06:54:17,2020-03-27 06:54:17,Peripheral learner,,0
23607,1,1,1,1,0.0008735368360583565,0.00026423377715397106,0.0,0.0,1,3,0.0,counterterror ,11.0,0,0,0,1,0,2019-05-26 18:40:11,2019-05-26 18:40:11,Active participant,,0
26116,1,0,1,0,0.0008735368360583565,0.0002527745040216499,0.0,0.0,1,3,0.0,FGK,1.0,0,0,0,1,0,2020-03-21 10:59:05,2020-03-21 10:59:05,Peripheral learner,,0
39272,1,0,1,0,0.0008735368360583565,0.0002527745040216499,0.0,0.0,1,3,0.0,C0G1T0,101.0,0,0,0,1,0,2023-06-12 10:44:31,2023-06-12 10:44:31,Peripheral learner,,0
1240,1,0,1,0,0.0008735368360583565,0.0002527745040216499,0.0,0.0,1,3,0.0,Irene,1687.0,0,0,0,1,0,2019-07-24 20:47:50,2019-07-24 20:47:50,Peripheral learner,,0
27329,1,1,1,5,0.0008735368360583565,0.0002763267784059788,0.0,1.0,2,0,0.5,Neev Mehta,3.0,1,0,0,5,0,2020-04-02 18:26:56,2020-07-09 22:40:42,Active participant,,0
26231,1,1,1,1,0.0008735368360583565,0.00026423377715397106,0.0,0.0,1,3,0.0,Yash Wath,1.0,0,0,0,1,0,2020-05-03 07:20:00,2020-05-03 07:20:00,Active participant,,0
25958,1,3,1,5,0.0008735368360583565,0.000494162507075267,0.0005593217608189309,0.0,2,3,0.4444444444444444,Juan Carlos Marcos Prieto,15.0,4,1,0,3,0,2020-02-12 17:31:04,2020-05-23 12:57:52,Active participant,10,1
28501,1,0,1,0,0.0008735368360583565,0.0002527745040216499,0.0,0.0,1,3,0.0,PotatoHeadz35,1.0,0,0,0,1,0,2020-06-30 13:52:39,2020-06-30 13:52:39,Peripheral learner,,0
-1,26,0,26,0,0.0008718192259840658,0.0002527745040216499,0.002891701756187738,0.0,3,2,0.21301775147929014,Community,1.0,0,0,0,26,0,2021-10-21 10:03:11,2025-01-28 17:28:18,Helper,,0
25744,2,1,2,1,0.000857268270951134,0.0003395910295906999,3.323020812294066e-06,0.0,2,3,0.0,Astha Jain,27.0,0,1,0,1,1,2020-01-02 17:00:19,2020-05-25 19:53:03,Active participant,17,1
36292,2,0,2,0,0.0008568127614326458,0.0002527745040216499,0.0012585669781931465,0.0,1,5,0.0,Dave,1.0,0,0,0,2,0,2022-07-13 03:59:13,2023-02-13 23:10:48,Peripheral learner,,0
29141,7,2,8,7,0.0008395787396825134,0.0002822888385817753,0.0007219937554295081,0.17857142857142858,4,8,0.5625,iliketurtlz,42.0,4,4,0,8,2,2020-07-15 00:31:04,2020-08-16 16:15:00,Helper,0,3
25574,3,1,3,1,0.0008216527378532499,0.00046771683964939555,0.0003688354328714318,0.0,2,5,0.375,Doug Rollman,1.0,0,2,0,1,0,2019-11-21 01:53:20,2019-11-21 02:02:52,Helper,3,1
31982,1,0,1,0,0.0008032766850223921,0.0002527745040216499,0.0,0.0,1,6,0.0,Yi RuoLe,1.0,0,0,0,1,0,2021-03-04 22:16:23,2021-03-04 22:16:23,Peripheral learner,,0
26195,1,0,1,0,0.0008027574535862866,0.0002527745040216499,0.0,0.0,1,5,0.0,nwbee,1.0,0,0,0,1,0,2020-03-27 18:27:47,2020-03-27 18:27:47,Peripheral learner,,0
31668,2,1,2,6,0.0008021211858176641,0.00028934333162401233,0.0,1.0,2,7,0.0,Joesns,3.0,2,1,0,7,0,2021-01-17 18:25:50,2021-03-29 21:10:51,Active participant,9,1
23920,2,1,3,2,0.0007954222440717961,0.0002811592573187313,0.0,1.0,2,5,0.0,Martino,51.0,0,2,0,1,5,2019-07-16 13:40:15,2019-07-18 10:48:46,Helper,1,1
34755,1,0,1,0,0.0007949589587922317,0.0002527745040216499,0.0,0.0,1,7,0.0,ALOK KUMAR SINGH,1.0,0,0,0,1,0,2021-12-03 10:35:33,2021-12-03 10:35:33,Peripheral learner,,0
41318,1,0,1,0,0.0007949589587922317,0.0002527745040216499,0.0,0.0,1,7,0.0,Karl Valcourt,1.0,0,0,0,1,0,2024-02-20 18:38:54,2024-02-20 18:38:54,Peripheral learner,,0
31864,1,0,1,0,0.0007949589587922317,0.0002527745040216499,0.0,0.0,1,7,0.0,vardan,1.0,0,0,0,1,0,2021-02-14 04:15:19,2021-02-14 04:15:19,Peripheral learner,,0
38168,1,0,1,0,0.0007949589587922317,0.0002527745040216499,0.0,0.0,1,7,0.0,Yuri Titko,101.0,0,0,0,1,0,2023-02-11 09:46:51,2023-02-11 09:46:51,Peripheral learner,,0
32928,2,2,2,7,0.0007923527182037536,0.00045755501753884603,0.0005298925399351886,0.3333333333333333,4,9,0.75,Drallas,3.0,3,2,0,7,0,2021-07-23 11:17:23,2022-01-02 13:09:23,Active participant,7,2
31544,2,1,3,4,0.0007880553819884942,0.0003095440106158126,0.0,1.0,2,5,0.0,vpgr,13.0,2,2,0,5,1,2021-01-02 19:03:51,2021-01-27 15:37:44,Active participant,0,2
22295,2,1,2,5,0.0007831441405996262,0.0002704101098277954,3.922979616062711e-05,0.6666666666666666,3,1,0.4444444444444444,bishoy_smsm,3.0,1,0,0,8,0,2019-07-11 12:31:46,2019-07-14 23:49:04,Active participant,,0
31996,1,3,1,5,0.0007708660371274563,0.00028276098401619856,0.0002901565140232355,0.6666666666666666,4,7,0.75,Idongesit,3.0,2,0,0,2,0,2021-03-06 22:23:50,2021-03-14 07:06:53,Active participant,,0
23914,1,0,1,0,0.0007708660371274563,0.0002527745040216499,0.0,0.0,1,5,0.0,Mohamed Rondoz,1.0,0,0,0,1,0,2019-07-15 11:49:26,2019-07-15 11:49:26,Peripheral learner,,0
23922,1,0,1,0,0.0007708660371274563,0.0002527745040216499,0.0,0.0,1,5,0.0,Kaleb Davenport,1.0,0,0,0,1,0,2019-07-16 18:27:12,2019-07-16 18:27:12,Peripheral learner,,0
23917,1,1,1,2,0.0007708660371274563,0.0002811592573187313,0.0,0.0,1,5,0.0,Anastasy Korobetskaya,11.0,1,1,0,1,1,2019-07-15 19:14:36,2019-07-15 19:48:08,Active participant,0,1
36337,1,0,1,0,0.0007708660371274563,0.0002527745040216499,0.0,0.0,1,5,0.0,Jared Bolo,1.0,0,0,0,1,0,2022-07-18 06:01:25,2022-07-18 06:01:25,Peripheral learner,,0
29390,1,0,1,0,0.0007708660371274563,0.0002527745040216499,0.0,0.0,1,5,0.0,Olena Stoliarova,1.0,0,0,0,1,0,2020-08-07 13:27:31,2020-08-07 13:27:31,Peripheral learner,,0
31525,1,0,1,0,0.0007708660371274563,0.0002527745040216499,0.0,0.0,1,5,0.0,michaelx0281,1.0,0,0,0,1,0,2021-01-01 01:06:11,2021-01-01 01:06:11,Peripheral learner,,0
40863,1,0,1,0,0.0007708660371274563,0.0002527745040216499,0.0,0.0,1,5,0.0,نگین نصیریان,1.0,0,0,0,1,0,2023-12-15 19:46:07,2023-12-15 19:46:07,Peripheral learner,,0
40478,1,0,1,0,0.0007708660371274563,0.0002527745040216499,0.0,0.0,1,5,0.0,Павло Митура,1.0,0,0,0,1,0,2023-10-21 16:32:08,2023-10-21 16:32:08,Peripheral learner,,0
23779,1,0,1,0,0.0007708660371274563,0.0002527745040216499,0.0,0.0,1,5,0.0,Ayush Dutta,1.0,0,0,0,1,0,2019-06-24 13:45:33,2019-06-24 13:45:33,Peripheral learner,,0
23895,1,1,1,1,0.0007708660371274563,0.0002574849588985157,0.0,1.0,2,5,0.5,corvid,3.0,1,0,0,4,0,2019-07-11 23:58:04,2019-07-16 23:47:36,Active participant,,0
23621,1,1,1,1,0.0007708660371274563,0.00046771683964939555,0.0003250259605399792,0.0,1,5,0.0,Devashish Sood,1.0,0,0,0,1,0,2019-07-14 07:34:16,2019-07-14 07:34:16,Active participant,,0
25531,1,0,1,0,0.0007708660371274563,0.0002527745040216499,0.0,0.0,1,5,0.0,Ajay Babu,1.0,0,0,0,1,0,2019-11-12 10:00:18,2019-11-12 10:00:18,Peripheral learner,,0
25981,1,0,1,0,0.0007708660371274563,0.0002527745040216499,0.0,0.0,1,5,0.0,Tosin Coker,1.0,0,0,0,1,0,2020-02-17 14:54:16,2020-02-17 14:54:16,Peripheral learner,,0
25478,8,2,10,2,0.0007663208162795027,0.0005099785056199732,0.0013114831616391138,0.027777777777777776,3,13,0.49382716049382713,Rustam A.,124.0,0,4,1,6,0,2019-10-29 20:42:29,2019-12-14 14:13:01,Helper,13,4
23909,1,0,1,0,0.000759636705243514,0.0002527745040216499,0.0,0.0,1,5,0.0,Tanvir Ahmed,1.0,0,0,0,1,0,2019-07-14 10:22:49,2019-07-14 10:22:49,Peripheral learner,,0
37484,12,0,13,0,0.0007312951280094468,0.0002527745040216499,0.004428695050190384,0.0,2,15,0.0,DmitryK,161.0,0,9,2,4,3,2022-11-20 01:56:47,2024-03-11 01:54:57,Helper,0,7
25687,6,3,7,3,0.0007233946705061001,0.0007158714013616263,0.00318384972279537,0.03571428571428571,3,13,0.21875,donyd,90.0,0,5,2,4,6,2019-12-23 04:39:25,2020-11-08 08:46:10,Helper,0,3
9609,13,0,18,0,0.0007063560194208724,0.0002527745040216499,0.004442600159809594,0.0,4,12,0.3905325443786981,Ashen Gunaratne,565.0,0,11,5,7,8,2019-05-24 14:43:23,2020-08-27 15:41:30,Core expert,6,5
42861,1,1,1,1,0.0006739556258557548,0.0005431354507223619,0.0,0.0,1,11,0.0,Kahf,1.0,0,0,0,1,0,2024-05-14 22:27:04,2024-05-14 22:27:04,Active participant,,0
32908,2,1,2,1,0.0006728981758292652,0.0007085427817155871,0.0003250259605399792,0.0,1,11,0.0,emichester,41.0,0,1,0,1,3,2021-07-20 19:40:30,2024-05-17 10:47:30,Active participant,15,1
31763,1,0,2,0,0.0006200860137035864,0.0002527745040216499,0.0,0.0,1,6,0.0,ruslank,1.0,0,0,0,2,0,2021-01-28 23:30:58,2021-02-15 02:09:52,Peripheral learner,,0
32586,1,3,2,4,0.0006200860137035864,0.0007491541644034997,0.001687985590827656,0.16666666666666666,2,9,0.375,TimL,11.0,1,0,0,3,0,2021-05-31 08:46:33,2022-05-26 06:56:15,Active participant,,0
36540,4,1,4,1,0.0006008702683904821,0.0002536417034215574,0.0006927404439742814,0.2,3,2,0.5599999999999999,Shiv S. Goswami,1.0,0,3,0,1,0,2022-08-10 16:28:12,2024-02-22 12:58:07,Helper,1,3
32678,10,4,12,12,0.0005486583388609193,0.0005602736363155331,0.0027399876574592434,0.10989010989010989,3,1,0.3673469387755104,Kley Halisson,143.0,6,9,5,9,6,2021-06-11 23:48:36,2022-02-06 15:45:16,Bridge,3,5
40155,1,0,1,0,0.00051144861198441,0.0002527745040216499,0.0,0.0,1,5,0.0,Manolo Manolez,1.0,0,0,0,1,0,2023-09-13 10:24:56,2023-09-13 10:24:56,Peripheral learner,,0
35543,1,0,1,0,0.0004912718071011457,0.0002527745040216499,0.0,0.0,1,10,0.0,Travis Strife,1.0,0,0,0,1,0,2022-04-07 07:29:45,2022-04-07 07:29:45,Peripheral learner,,0
36705,1,0,1,0,0.0004912718071011457,0.0002527745040216499,0.0,0.0,1,10,0.0,Pedro D'Ávila,1.0,0,0,0,1,0,2022-08-29 21:28:59,2022-08-29 21:28:59,Peripheral learner,,0
29512,9,1,9,1,0.0004675955581358929,0.0002574849588985157,0.0012105915708445004,0.13333333333333333,3,0,0.17999999999999994,AWTom,165.0,0,9,6,0,7,2020-08-21 04:53:29,2020-08-27 23:47:23,Helper,2,5
28120,9,1,14,1,0.00045478323253693843,0.0002574849588985157,0.004044581857682917,0.1111111111111111,5,4,0.58,Alex Void,26.0,0,6,1,8,1,2020-05-11 12:21:47,2020-07-01 15:13:04,Bridge,0,6
29813,3,1,3,3,0.0004358373498434552,0.0002723864990817913,0.0003368427151989615,0.0,3,6,0.375,David Rosendorf,26.0,0,4,1,0,1,2020-11-17 09:05:12,2020-11-17 11:01:36,Active participant,0,3
26057,1,1,1,1,0.00042823294883032753,0.0002574849588985157,0.00015520812768517832,0.0,2,13,0.5,ShippingTycoon,3.0,1,0,0,2,0,2020-03-02 23:08:22,2020-03-19 00:49:16,Active participant,,0
28594,1,0,1,0,0.00042500894289896837,0.0002527745040216499,0.0,0.0,1,7,0.0,jcmast-stack,1.0,0,1,0,0,0,2020-06-05 20:46:08,2020-06-05 20:46:08,Peripheral learner,2,1
28088,2,0,2,0,0.00040352594389008356,0.0002527745040216499,4.000424309354732e-05,0.0,2,6,0.0,W4veZer0,34.0,0,2,1,0,1,2020-05-09 14:56:55,2020-05-09 15:16:40,Peripheral learner,2,2
28766,6,3,6,3,0.0004023854831496366,0.0008976015109048868,0.005519201648821491,0.0,2,11,0.37037037037037024,Shruti Katpara,109.0,0,5,2,1,3,2020-06-17 19:26:09,2020-06-26 05:39:22,Bridge,0,3
27981,1,0,2,0,0.00039724572945362376,0.0002527745040216499,0.0,0.0,1,3,0.0,Juan Martín Sánchez,1.0,1,2,0,1,0,2020-05-04 22:45:17,2020-06-04 23:54:40,Peripheral learner,17,2
25801,5,8,5,20,0.00039316889412129214,0.0014037020315661776,0.002855497656611324,0.13636363636363635,4,1,0.5277777777777779,azb1297,63.0,11,7,3,19,4,2020-01-17 22:24:06,2020-05-04 18:20:43,Bridge,6,7
32873,4,4,6,4,0.00038334602495985115,0.000277456005831721,0.00253452329616067,0.14285714285714285,4,7,0.65625,Eystein Thanisch,35.0,2,2,0,9,2,2021-07-13 09:16:21,2021-09-06 15:42:57,Bridge,0,2
27557,3,0,3,0,0.00038323526342368326,0.0002527745040216499,0.0003266130767422876,0.0,2,4,0.0,Johann,21.0,0,3,0,0,2,2020-04-23 00:07:08,2020-04-23 08:09:41,Helper,0,2
1161,6,0,8,0,0.0003822993384065565,0.0002527745040216499,0.0006560982280048027,0.0,2,3,0.2777777777777777,kzidane,17771.0,0,6,2,2,5,2019-06-25 20:50:19,2021-12-27 20:22:05,Helper,14,4
28192,1,0,1,0,0.00036939980937292585,0.0002527745040216499,0.0,0.0,1,4,0.0,Vinícius Cerqueira Bonifácio,1.0,0,1,0,0,0,2020-06-24 17:26:15,2020-06-24 17:26:15,Peripheral learner,10,1
28035,3,0,4,0,0.0003680295636456772,0.0002527745040216499,0.00032592144049395697,0.0,2,8,0.0,domster,151.0,1,1,1,4,3,2020-05-19 07:18:42,2020-05-26 14:04:00,Helper,18,1
43699,1,0,1,0,0.0003605525817374888,0.0002527745040216499,0.0,0.0,1,6,0.0,zeshen zheng,1.0,0,0,0,1,0,2024-10-02 05:44:19,2024-10-02 05:44:19,Peripheral learner,,0
31533,1,0,1,0,0.0003605525817374888,0.0002527745040216499,0.0,0.0,1,6,0.0,Colin Warner,1.0,0,0,0,1,0,2021-01-01 17:52:11,2021-01-01 17:52:11,Peripheral learner,,0
14028,4,1,4,1,0.0003536565654009118,0.0002574849588985157,0.002156559363101419,0.1,2,3,0.48,Ricardo David Antonetti,921.0,0,3,1,1,2,2021-08-06 22:41:03,2021-09-03 08:35:37,Bridge,5,2
29037,1,0,1,0,0.00035361518707270807,0.0002527745040216499,0.0,0.0,1,13,0.0,njxue,21.0,0,1,0,0,2,2020-07-07 08:16:59,2020-07-07 08:16:59,Peripheral learner,15,1
31235,2,0,2,0,0.0003423923334249389,0.0002527745040216499,3.461405330564209e-07,0.0,2,11,0.5,jren825,1.0,0,2,0,0,-1,2020-12-16 16:28:08,2020-12-16 16:41:02,Peripheral learner,1,2
39424,4,0,4,0,0.0003302104145852296,0.0002527745040216499,0.002591209661023259,0.0,2,2,0.0,Justin Zhou,1.0,1,5,0,0,0,2023-06-23 12:22:50,2023-07-06 15:33:05,Helper,0,2
42490,1,0,1,0,0.0003221733822782386,0.0002527745040216499,0.0,0.0,1,27,0.0,Shota Tsiklauri,1.0,0,0,0,1,0,2024-03-19 15:44:48,2024-03-19 15:44:48,Peripheral learner,,0
28180,5,3,5,6,0.0003166942001459205,0.00027620817975314814,0.0005052344719489789,0.32142857142857145,5,4,0.53125,person the human,115.0,3,3,0,6,0,2020-05-27 22:02:16,2020-06-20 21:28:54,Active participant,2,3
28620,3,1,3,2,0.00031588596053436474,0.00026838017387230515,0.0006524345217491633,0.0,2,8,0.0,Arvind R,48.0,1,3,1,2,3,2020-06-07 22:59:12,2020-06-11 01:29:46,Helper,18,1
27795,3,1,3,1,0.00031588596053436474,0.00046771683964939555,0.0009750144744952637,0.0,1,4,0.0,CSsucks,76.0,1,3,1,0,6,2020-04-27 05:34:02,2020-04-28 02:50:17,Helper,18,2
36951,5,2,5,2,0.00031588596053436474,0.0002643843318928604,0.001547039900016705,0.0,3,2,0.24489795918367352,Mayuresh Choudhary,26.0,0,5,1,0,1,2022-09-25 16:07:09,2022-09-26 06:53:18,Helper,0,4
27827,3,2,4,2,0.00031588596053436474,0.00026250747099662293,0.0007663012957647418,0.0,2,11,0.31999999999999984,Kavija Karunarathna,83.0,2,4,2,3,4,2020-04-28 03:34:04,2020-05-04 21:07:17,Helper,3,3
35613,1,0,1,0,0.00031374342532320906,0.0002527745040216499,0.0,0.0,1,6,0.0,Rawad Bader,1.0,0,0,0,1,0,2022-04-20 22:10:14,2022-04-20 22:10:14,Peripheral learner,,0
29268,2,1,2,1,0.0003131796385997638,0.0002593118357083637,0.0012680882536294708,0.0,2,6,0.4444444444444444,Aarav,23.0,1,2,0,1,0,2020-10-28 16:48:53,2020-11-25 02:57:28,Active participant,2,2
40073,7,0,7,0,0.00030798048246806833,0.0002527745040216499,3.6789793799139592e-06,0.0,3,2,0.0,guyewhite,1.0,0,0,0,7,0,2023-09-29 00:24:20,2024-03-21 23:40:57,Helper,,0
34405,1,0,1,0,0.00030560733096037635,0.0002527745040216499,0.0,0.0,1,13,0.0,Archie1232,1.0,0,0,0,1,0,2021-10-09 10:05:20,2021-10-09 10:05:20,Peripheral learner,,0
32466,1,0,1,0,0.00030560733096037635,0.0002527745040216499,0.0,0.0,1,13,0.0,Ruben,101.0,0,0,0,1,0,2021-05-13 18:03:14,2021-05-13 18:03:14,Peripheral learner,,0
29941,3,2,3,2,0.00029691021071178987,0.0003665494883995715,0.000877791281136589,0.2,2,1,0.31999999999999984,VanG,1.0,1,3,0,1,0,2020-10-12 14:03:17,2020-11-03 15:54:15,Helper,7,2
27256,1,1,1,1,0.00029528245883760377,0.00046771683964939555,0.0012585669781931465,0.0,1,13,0.0,sceunazhel,1.0,1,0,0,1,0,2020-04-21 09:22:13,2020-10-17 07:11:41,Active participant,,0
38584,1,0,1,0,0.0002928830870114049,0.0002527745040216499,0.0,0.0,1,13,0.0,Wyatt Fenton,1.0,0,0,0,1,0,2023-03-29 02:16:17,2023-03-29 02:16:17,Peripheral learner,,0
39722,1,0,1,0,0.00029105641523667874,0.0002527745040216499,0.0,0.0,1,23,0.0,divingbeetle,26.0,0,1,1,0,1,2023-07-23 07:19:29,2023-07-23 07:19:29,Peripheral learner,15,1
28400,3,9,4,17,0.00028441958051087266,0.0008114511491488656,0.005114905905036816,0.13636363636363635,5,12,0.6944444444444445,andream,109.0,11,7,2,13,2,2020-06-08 15:44:59,2020-10-19 16:29:38,Bridge,8,5
28102,4,2,4,2,0.0002800748254072025,0.0005949267870088838,0.0029519230720738325,0.0,2,11,0.0,Melvin Kok,46.0,0,4,1,0,3,2020-05-10 12:39:07,2020-05-10 13:23:15,Helper,16,4
28067,2,0,2,0,0.00027291259838177007,0.0002527745040216499,0.0,0.0,1,38,0.0,Jennifer Crawford,11.0,0,2,0,0,0,2020-06-01 21:49:49,2020-06-01 21:55:26,Peripheral learner,4,2
25831,2,5,2,5,0.00027291259838177007,0.000408175685473738,0.002385411135000163,0.23809523809523808,5,4,0.44897959183673464,reham501,23.0,2,2,0,1,1,2020-01-18 16:20:06,2020-05-26 01:00:17,Active participant,10,2
38467,2,0,2,0,0.00027291259838177007,0.0002527745040216499,3.461405330564209e-07,0.0,1,48,0.0,Crypt0xyc,31.0,0,2,0,0,3,2023-03-17 18:55:42,2023-03-17 21:50:55,Peripheral learner,18,1
29878,1,0,1,0,0.000270364244497767,0.0002527745040216499,0.0,0.0,1,8,0.0,DaitoCode,1.0,0,0,0,1,0,2020-10-05 10:47:26,2020-10-05 10:47:26,Peripheral learner,,0
28142,3,2,3,3,0.0002690129406335535,0.00036804850676085035,0.0008940681184669997,0.0,2,8,0.0,Pixces,13.0,1,3,0,1,1,2020-05-12 09:25:16,2020-06-09 04:58:48,Active participant,4,2
7672,3,1,3,1,0.00026858821498621963,0.0002536417034215574,0.0001488512870560394,0.0,2,2,0.375,Peter Mortensen,143.0,0,0,0,3,0,2023-02-23 01:39:30,2023-05-13 12:50:19,Helper,,0
26138,3,2,4,7,0.0002657503713563376,0.0004388597371544438,0.00217284363761371,0.1,2,21,0.31999999999999984,Areen,51.0,2,4,3,8,2,2020-03-18 16:46:08,2020-03-29 14:00:52,Bridge,4,4
40500,1,1,1,1,0.0002599394481951187,0.00046771683964939555,3.461405330564209e-07,0.0,1,27,0.0,Yusif elkamshushi,21.0,0,1,0,0,2,2023-10-24 20:38:55,2023-10-24 20:38:55,Active participant,11,1
32944,1,0,1,0,0.0002599394481951187,0.0002527745040216499,0.0,0.0,1,42,0.0,Asiya Mohammad Irfan,1.0,0,1,0,0,0,2021-08-04 09:53:40,2021-08-04 09:53:40,Peripheral learner,0,1
24171,1,4,1,6,0.0002599394481951187,0.0004956512648579065,0.0030767633562970684,0.2,3,1,0.5599999999999999,Christopher White,9.0,4,2,0,3,0,2020-01-14 05:58:28,2022-12-13 05:37:39,Active participant,0,2
29265,4,3,8,6,0.0002596521077450727,0.0029512642076825494,8.511836393633968e-05,0.3333333333333333,4,12,0.2777777777777777,Matías Gómez Seeber,105.0,3,7,3,7,6,2020-07-26 16:18:56,2020-08-03 19:04:06,Helper,1,3
26002,1,4,1,5,0.000256039835783166,0.0010538281253908172,0.0003706928798790143,0.0,3,3,0.31999999999999984,Neri,101.0,0,2,0,1,10,2020-04-19 10:53:32,2020-08-31 19:17:14,Active participant,0,2
26093,1,0,1,0,0.000256039835783166,0.0002527745040216499,0.0,0.0,1,3,0.0,James Page,11.0,0,1,0,0,1,2020-03-10 09:42:14,2020-03-10 09:42:14,Peripheral learner,2,1
25877,1,1,1,3,0.000256039835783166,0.000295351633967272,1.5332127585502454e-05,0.0,2,5,0.5,pedromndias,3.0,1,1,0,3,0,2020-01-28 01:28:41,2020-01-28 18:54:17,Active participant,8,1
26193,3,1,3,2,0.00025442593850206704,0.0002621954137753815,0.002106561254060108,0.16666666666666666,2,10,0.375,DevelopWithAP,1.0,1,0,0,3,0,2020-05-01 17:50:24,2022-04-19 12:39:40,Bridge,,0
26222,2,0,5,0,0.00025154168305667186,0.0002527745040216499,3.84023113918118e-06,0.0,2,21,0.5,Azha Balouch,46.0,1,3,2,3,3,2020-03-26 21:27:43,2020-03-28 18:20:08,Helper,4,2
37780,3,0,6,0,0.0002514259173054727,0.0002527745040216499,0.0015841386557897462,0.0,2,9,0.0,DJshelfmushroom,3.0,0,1,0,5,0,2022-12-23 21:38:38,2022-12-23 21:52:37,Helper,0,1
28276,2,0,3,0,0.00023602036740572017,0.0002527745040216499,0.0003250259605399792,0.0,1,5,0.0,Nytswa,1.0,0,2,0,1,0,2020-05-18 19:21:13,2020-05-19 18:55:27,Helper,4,2
36643,1,1,1,1,0.00023274952464903296,0.0003686462493434822,0.0,1.0,2,9,0.0,souttawther,59.0,0,1,0,0,5,2022-08-22 08:56:32,2022-08-22 08:56:32,Active participant,0,1
38258,2,0,2,0,0.00023233246415280785,0.0002527745040216499,0.0012585669781931467,0.0,1,0,0.0,Longeloe,28.0,0,2,1,0,1,2023-06-01 19:45:18,2023-06-01 19:58:15,Peripheral learner,6,2
29867,4,13,5,34,0.0002300659076487409,0.002453219422573449,0.003371322107853644,0.14705882352941177,5,6,0.7681660899653979,FoundABetterName,156.0,25,2,2,26,0,2020-10-01 14:38:00,2021-02-20 05:19:12,Bridge,3,1
29034,2,0,2,0,0.00022993923622917532,0.0002527745040216499,0.0003250259605399792,0.0,1,1,0.0,Duncan McAlister,41.0,0,2,0,0,4,2020-07-06 20:26:47,2020-07-23 01:37:16,Peripheral learner,7,2
29263,2,0,2,0,0.00022993923622917532,0.0002527745040216499,0.0003250048248317546,0.0,1,41,0.0,stleary,161.0,0,2,2,0,3,2020-07-26 15:49:51,2020-08-01 15:07:24,Peripheral learner,0,2
35190,2,1,2,3,0.00022993923622917532,0.0002792484338736997,0.0003271028037383178,0.0,2,10,0.0,TomOrrow,21.0,1,2,0,2,0,2022-02-09 19:01:44,2022-02-15 11:58:47,Active participant,5,2
28527,2,10,2,47,0.00022993923622917532,0.0009648426962921612,0.0036387435013585144,0.16666666666666666,5,0,0.8055555555555556,getsendy,63.0,20,4,0,30,1,2020-06-23 04:06:35,2024-08-15 01:46:56,Active participant,7,3
25699,3,1,4,1,0.00022569594161698107,0.00046771683964939555,0.0025179416176300848,0.0,2,13,0.375,Jason David Espinoza Siles,1.0,0,3,0,1,0,2019-12-23 01:35:35,2019-12-23 21:52:45,Bridge,0,3
23805,4,2,5,3,0.00022420945460882938,0.0002763877904239222,0.00017330547562276137,0.26666666666666666,3,3,0.5,Jn Wu,55.0,3,4,0,2,1,2019-06-28 17:24:24,2019-07-21 23:14:00,Helper,3,3
29419,3,0,6,0,0.00022349323190628615,0.0002527745040216499,0.00031769264573176397,0.0,2,54,0.6666666666666667,azh412,11.0,0,2,0,4,1,2020-08-10 01:59:37,2020-08-14 21:07:52,Helper,0,2
38672,1,2,1,2,0.0002234526611358497,0.0004712439608106246,0.0005564204088300027,0.0,2,2,0.4444444444444444,Zahra Arjmandi,20.0,1,1,0,3,1,2023-04-07 23:53:02,2023-11-27 12:51:39,Active participant,0,1
39614,1,1,1,1,0.0002234526611358497,0.00046771683964939555,3.461405330564209e-07,0.0,1,23,0.0,Nicolò Tiraboschi,13.0,1,0,0,1,0,2023-07-22 17:15:28,2023-07-31 14:08:41,Active participant,,0
36491,2,0,3,0,0.00022129046943807445,0.0002527745040216499,6.922810661128418e-07,0.0,2,34,0.5,kbl,79.0,0,2,2,1,4,2022-08-05 13:37:05,2022-08-09 04:23:13,Helper,0,1
40110,1,0,1,0,0.00022016769353319835,0.0002527745040216499,0.0,0.0,1,1,0.0,Madplayer95,1.0,0,0,0,1,0,2023-09-09 10:39:21,2023-09-09 10:39:21,Peripheral learner,,0
28317,1,0,1,0,0.00022000665163079646,0.0002527745040216499,0.0,0.0,1,11,0.0,Nabeel Official,11.0,1,0,0,1,0,2020-05-22 12:00:21,2020-05-22 12:07:45,Peripheral learner,,0
40177,2,0,3,0,0.00021757425191769526,0.0002527745040216499,0.0,1.0,2,6,0.0,wheleph,99.0,0,1,0,2,0,2023-09-17 13:44:28,2023-09-17 15:00:26,Helper,14,1
34027,4,5,4,7,0.0002168937512899948,0.0004442805645945838,0.0013223882941329004,0.25,4,7,0.7654320987654322,Guyyom,83.0,2,4,2,3,5,2021-08-11 11:10:41,2022-11-22 20:39:51,Active participant,0,3
35955,2,2,2,3,0.00021561478217831042,0.0002630626131752891,0.0005621496318969479,0.16666666666666666,3,2,0.375,Alex M,1.0,1,2,0,2,0,2022-06-03 05:26:07,2022-07-17 20:25:12,Active participant,10,2
34689,2,0,2,0,0.00021561478217831042,0.0002527745040216499,0.0003250259605399792,0.0,1,7,0.0,luddite1811,26.0,0,2,1,0,1,2021-11-21 01:34:24,2021-11-21 08:26:05,Peripheral learner,7,2
29243,2,0,3,0,0.00021561478217831042,0.0002527745040216499,0.0003250259605399792,0.0,1,40,0.0,Brian,11.0,0,2,0,1,1,2020-07-24 15:16:39,2020-07-26 10:38:02,Helper,17,1
36687,1,0,1,0,0.00021540292915592048,0.0002527745040216499,0.0,0.0,1,7,0.0,Asma H.,1.0,0,0,0,1,0,2022-08-27 17:51:25,2022-08-27 17:51:25,Peripheral learner,,0
36912,1,0,1,0,0.0002150563853360153,0.0002527745040216499,0.0,0.0,1,11,0.0,Micolash host of the nightmare,1.0,0,0,0,1,0,2022-09-21 23:23:40,2022-09-21 23:23:40,Peripheral learner,,0
32448,1,0,1,0,0.0002150563853360153,0.0002527745040216499,0.0,0.0,1,11,0.0,user3393463,1.0,0,0,0,1,0,2021-05-09 09:37:47,2021-05-09 09:37:47,Peripheral learner,,0
41208,1,0,1,0,0.0002150563853360153,0.0002527745040216499,0.0,0.0,1,11,0.0,arun2k16,1.0,0,0,0,1,0,2024-02-02 21:49:40,2024-02-02 21:49:40,Peripheral learner,,0
23898,3,4,3,14,0.00021152208102092045,0.0004565187772960547,0.001482789899138112,0.19047619047619047,3,3,0.6122448979591837,CeNiEi,17.0,3,0,0,14,0,2019-07-13 22:16:24,2019-07-30 01:21:24,Bridge,,0
34649,1,0,1,0,0.00021129039878276,0.0002527745040216499,0.0,0.0,1,22,0.0,José L. Patiño,100.0,0,0,0,1,0,2021-11-12 16:00:20,2021-11-12 16:00:20,Peripheral learner,,0
25825,2,0,2,0,0.00021096348640660043,0.0002527745040216499,4.245990538825429e-06,0.0,2,5,0.5,Nic Jaws,11.0,0,1,0,1,1,2020-01-17 11:11:37,2020-02-29 14:15:28,Peripheral learner,8,1
39945,2,0,2,0,0.00020966877385139885,0.0002527745040216499,0.0,1.0,2,20,0.0,Jay,1.0,0,1,0,1,0,2023-08-19 06:01:16,2023-08-19 06:02:18,Peripheral learner,0,1
40072,2,0,2,0,0.000208452555152878,0.0002527745040216499,0.0012594803179780685,0.0,1,2,0.0,Rongxin,1.0,0,2,0,0,-1,2023-09-13 13:07:39,2023-09-13 13:27:24,Peripheral learner,0,2
29342,2,1,2,3,0.0002074348889294028,0.00026690586865224725,0.0012585669781931463,0.3333333333333333,2,0,0.4444444444444444,Wh0am3ye,45.0,4,5,3,4,1,2020-08-03 17:38:54,2020-09-22 09:12:28,Active participant,17,5
29109,1,2,2,2,0.00020696601538720954,0.0002615036438597944,0.0028393907926618205,0.3333333333333333,2,8,0.4444444444444444,Javohir Abdullayev,11.0,2,0,0,4,0,2020-07-12 10:41:09,2020-08-04 10:37:19,Active participant,,0
28874,1,0,2,0,0.00020696601538720954,0.0002527745040216499,0.0,0.0,1,26,0.0,michelle2014,1.0,0,0,0,2,0,2020-07-08 05:44:21,2020-07-08 06:49:29,Peripheral learner,,0
30954,2,1,2,1,0.0002041552189376185,0.0002574849588985157,0.0012594803179780682,0.3333333333333333,2,0,0.0,Вячеслав Порядин,1.0,1,2,0,1,0,2020-10-13 05:27:10,2020-10-13 19:19:13,Active participant,4,2
28896,2,0,2,0,0.00019933344259415802,0.0002527745040216499,0.0,0.0,2,1,0.0,sulai_x,1.0,0,1,0,1,0,2020-06-26 07:45:23,2020-06-26 09:12:39,Peripheral learner,12,1
35623,2,0,2,0,0.00019933344259415802,0.0002527745040216499,8.725363709787384e-06,0.0,2,1,0.0,Sanket Pagadpalliwar,31.0,0,2,0,0,1,2022-06-02 12:50:32,2022-07-16 23:03:55,Peripheral learner,1,2
29556,2,0,2,0,0.00019924397754875057,0.0002527745040216499,0.001258566978193146,0.0,1,0,0.0,smartinmelbourne,21.0,0,2,0,0,2,2020-08-24 16:22:06,2020-08-24 16:30:45,Peripheral learner,4,2
29865,2,1,3,1,0.00019924397754875057,0.00046771683964939555,0.0006500519210799584,0.0,1,8,0.0,Fabio Mancin,21.0,0,2,0,1,2,2020-09-30 15:45:29,2020-10-01 09:27:52,Helper,17,1
38342,2,3,2,5,0.00019924397754875057,0.00027130018921338393,0.001262411760386839,0.5,3,0,0.5599999999999999,They think im slow EH,27.0,4,3,1,2,1,2023-05-03 17:37:23,2023-09-07 19:44:40,Active participant,2,3
43075,2,0,2,0,0.00019770921461472932,0.0002527745040216499,0.0003250048248317546,0.0,1,2,0.0,littlerufe,101.0,0,0,0,2,0,2024-06-19 21:22:29,2024-06-22 18:26:01,Peripheral learner,,0
40316,1,0,1,0,0.00019739067037922894,0.0002527745040216499,0.0,0.0,1,9,0.0,Jo404,1.0,0,0,0,1,0,2023-09-28 07:16:37,2023-09-28 07:16:37,Peripheral learner,,0
36668,1,0,1,0,0.00019739067037922894,0.0002527745040216499,0.0,0.0,1,20,0.0,Sriram Tantri,1.0,0,0,0,1,0,2022-08-25 10:37:26,2022-08-25 10:37:26,Peripheral learner,,0
31105,1,5,1,8,0.00019739067037922894,0.0009345398511956616,0.0010998709991264265,0.06666666666666667,2,6,0.5,user14567126,125.0,4,1,0,4,1,2020-11-02 23:29:21,2021-02-18 01:15:26,Active participant,17,1
32027,4,0,5,0,0.00019699299191218607,0.0002527745040216499,0.0017873083256324332,0.0,2,11,0.0,AS-Nath,19.0,0,4,0,1,1,2021-03-12 11:47:39,2021-06-16 08:41:47,Helper,0,1
38873,1,0,1,0,0.00019603778250403496,0.0002527745040216499,0.0,0.0,1,2,0.0,Rutuja,101.0,0,0,0,1,0,2023-05-02 12:22:43,2023-05-02 12:22:43,Peripheral learner,,0
35036,5,0,5,0,0.00019515127639136055,0.0002527745040216499,1.0656270591785899e-05,0.0,3,10,0.31999999999999984,devinder,71.0,0,5,2,0,4,2022-01-21 22:47:35,2022-02-10 22:57:09,Helper,7,4
31875,1,1,1,1,0.00019507404897864045,0.0002588693086220436,1.2386062074535597e-05,0.0,2,11,0.5,the_midnight_developer,121.0,1,1,1,2,1,2021-02-15 18:25:10,2021-02-19 16:57:25,Active participant,18,1
34356,1,0,1,0,0.00019507404897864045,0.0002527745040216499,0.0,0.0,1,11,0.0,Bashir Mohamed,1.0,0,0,0,1,0,2021-10-01 00:46:39,2021-10-01 00:46:39,Peripheral learner,,0
26047,1,0,1,0,0.00019331140226080135,0.0002527745040216499,0.0,0.0,1,3,0.0,osedev,1.0,0,0,0,1,0,2020-03-13 18:04:19,2020-03-13 18:04:19,Peripheral learner,,0
37134,1,0,2,0,0.00019175232992384565,0.0002527745040216499,0.0,0.0,1,0,0.0,grape_,1.0,0,1,0,1,0,2022-10-17 12:50:40,2022-10-20 23:53:45,Peripheral learner,0,1
43367,2,1,2,2,0.00019112347164004865,0.00031985896814030557,0.0003496414874262317,0.0,2,9,0.4444444444444444,Sergei Srednyak,13.0,1,2,0,1,0,2024-08-04 17:43:56,2024-09-03 21:34:12,Active participant,8,2
31207,4,0,5,0,0.00019034132836777962,0.0002527745040216499,8.884273681781469e-07,0.0,3,6,0.5,RubyShanks,54.0,0,4,1,1,3,2020-11-18 03:36:41,2020-11-22 16:52:08,Helper,1,4
27427,2,2,2,3,0.00019015897515613372,0.00026968517803035085,8.010680907877168e-07,0.8333333333333334,4,4,0.625,wardthomas17,25.0,2,2,0,2,1,2020-04-15 13:22:40,2020-04-29 14:08:49,Active participant,2,1
35018,2,0,2,0,0.0001900353999446231,0.0002527745040216499,0.0003250259605399792,0.0,1,1,0.0,oC-n,1.0,0,2,0,0,0,2022-01-13 14:27:15,2022-01-13 14:32:56,Peripheral learner,14,2
31225,1,5,1,7,0.0001895720731522427,0.0003307014170970423,0.0009155970687836803,0.26666666666666666,4,6,0.5,VooDooDarkMagic,15.0,6,0,0,6,0,2020-11-20 08:15:54,2021-10-16 04:40:11,Active participant,,0
40245,1,3,2,3,0.00018864436449594183,0.0016196330493890253,0.0012585669781931467,0.3333333333333333,2,2,0.0,ifajardo,11.0,1,1,0,3,1,2023-09-22 02:23:14,2023-09-26 04:26:39,Active participant,0,1
31018,1,0,2,0,0.00018864170597201639,0.0002527745040216499,0.0,0.0,1,3,0.0,KevinCK,101.0,0,0,0,2,0,2020-10-22 18:31:30,2020-10-22 18:53:45,Peripheral learner,,0
42937,1,2,1,3,0.00018696587407658063,0.00026572253493661055,0.001259480317978068,0.3333333333333333,2,0,0.4444444444444444,Fitzpatrick0909,5.0,2,1,0,2,0,2024-05-26 17:24:00,2024-06-20 01:45:33,Active participant,0,1
42976,1,3,2,3,0.00018696587407658063,0.00026520654336622076,0.0017721440190883746,0.3333333333333333,3,2,0.375,Mestica,101.0,3,3,2,1,0,2024-06-05 13:27:19,2024-10-31 12:37:28,Active participant,7,3
29562,1,1,1,1,0.00018696587407658063,0.00026471574488985797,0.0003250048248317546,0.0,1,12,0.0,Landon Le,1.0,1,1,0,0,0,2020-08-24 22:35:27,2020-08-25 19:11:40,Active participant,0,1
37644,1,2,1,4,0.00018696587407658063,0.00026806632238220304,0.0003250048248317546,0.3333333333333333,2,1,0.4444444444444444,Mariano MF,18.0,1,2,1,3,0,2022-12-09 23:26:06,2022-12-11 20:36:36,Active participant,3,2
43442,1,0,1,0,0.00018696587407658063,0.0002527745040216499,0.0,0.0,1,111,0.0,KinkyWizard,1.0,0,1,0,0,0,2024-08-15 15:09:10,2024-08-15 15:09:10,Peripheral learner,0,1
35755,1,1,1,1,0.00018696587407658063,0.0002574849588985157,0.0003250048248317546,0.0,1,0,0.0,leftcase,113.0,1,1,0,2,1,2022-06-24 12:09:15,2022-06-30 14:18:38,Active participant,0,1
43670,1,0,1,0,0.00018696587407658063,0.0002527745040216499,0.0,0.0,1,114,0.0,Adrian Carlton Mills Pacheco,16.0,0,1,1,0,0,2024-09-26 04:37:45,2024-09-26 04:37:45,Peripheral learner,7,1
43584,1,0,1,0,0.00018696587407658063,0.0002527745040216499,0.0,0.0,1,113,0.0,Astra,1.0,0,1,0,0,0,2024-09-10 07:57:54,2024-09-10 07:57:54,Peripheral learner,6,1
43448,1,0,1,0,0.00018696587407658063,0.0002527745040216499,0.0,0.0,1,112,0.0,Xuân Vũ Nguyễn,1.0,0,0,0,1,0,2024-08-17 05:17:04,2024-08-17 05:17:04,Peripheral learner,,0
38256,1,1,1,1,0.00018696587407658063,0.0002574849588985157,0.0012594803179780676,0.0,1,0,0.0,Rafael Luis Ferreira,21.0,0,1,0,0,2,2023-02-22 00:48:42,2023-02-22 00:48:42,Active participant,0,1
36624,1,1,1,1,0.00018696587407658063,0.0002574849588985157,0.0003250048248317546,0.0,1,0,0.0,step00,3.0,1,1,0,0,0,2022-08-19 16:00:57,2022-08-19 16:20:50,Active participant,0,1
18455,1,1,2,3,0.00018696587407658063,0.0002871523234186134,0.0003250259605399792,0.0,1,3,0.0,BusyProgrammer,105.0,2,2,1,4,0,2019-05-15 18:34:20,2019-05-20 23:00:12,Active participant,0,1
34131,1,2,1,3,0.00018696587407658063,0.00039959651560137605,0.00043486927072841186,0.0,2,34,0.4444444444444444,khalil_dev,15.0,2,1,0,2,0,2022-08-01 16:48:30,2022-08-23 23:42:58,Active participant,11,1
25283,1,1,1,2,0.00018696587407658063,0.00027569305028629225,0.0003250048248317546,0.0,1,3,0.0,Charlie Sierra 50,28.0,1,1,1,2,1,2019-09-23 10:42:45,2019-10-14 20:17:23,Active participant,0,1
38306,1,0,1,0,0.00018696587407658063,0.0002527745040216499,0.0,0.0,1,96,0.0,DigiLive,103.0,0,1,0,0,0,2023-02-27 12:29:55,2023-02-27 12:29:55,Peripheral learner,0,1
38002,1,0,1,0,0.00018696587407658063,0.0002527745040216499,0.0,0.0,1,95,0.0,Thomas Raymond Santos,1.0,0,0,0,1,0,2023-01-21 11:21:23,2023-01-21 11:21:23,Peripheral learner,,0
37722,1,1,1,1,0.00018696587407658063,0.0006504892891591236,0.0,0.0,1,27,0.0,Abaci,29.0,1,2,0,0,2,2022-12-17 23:26:55,2022-12-31 11:51:18,Active participant,0,2
19664,1,4,1,11,0.00018696587407658063,0.00045779221113362376,0.0014940106485876324,0.5,4,1,0.5599999999999999,Ash,35.0,7,1,0,8,0,2020-02-21 21:48:59,2020-09-16 01:42:02,Active participant,,0
39827,1,0,2,0,0.00018696587407658063,0.0002527745040216499,0.0,0.0,1,105,0.0,Madjob,1.0,0,0,0,2,0,2023-08-03 07:35:11,2023-08-03 07:35:42,Peripheral learner,,0
28815,1,2,1,2,0.00018696587407658063,0.0004724272945262613,0.002518267661915982,0.0,1,31,0.4444444444444444,KevinWGS,5.0,2,1,0,1,0,2020-06-20 22:47:53,2020-06-26 20:12:50,Active participant,0,1
39814,1,0,1,0,0.00018696587407658063,0.0002527745040216499,0.0,0.0,1,104,0.0,marcnz,1.0,0,1,0,0,0,2023-08-01 16:17:22,2023-08-01 16:17:22,Peripheral learner,17,1
39798,1,0,1,0,0.00018696587407658063,0.0002527745040216499,0.0,0.0,1,102,0.0,wrightben,1.0,0,1,0,0,0,2023-07-31 06:04:57,2023-07-31 06:04:57,Peripheral learner,0,1
39773,1,0,1,0,0.00018696587407658063,0.0002527745040216499,0.0,0.0,1,101,0.0,Bob_Rooney,1.0,0,1,0,0,0,2023-07-28 07:40:58,2023-07-28 07:40:58,Peripheral learner,0,1
39635,1,0,1,0,0.00018696587407658063,0.0002527745040216499,0.0,0.0,1,100,0.0,Stelbert Stylton,1.0,0,1,0,0,0,2023-07-14 18:11:18,2023-07-14 18:11:18,Peripheral learner,0,1
39524,1,0,1,0,0.00018696587407658063,0.0002527745040216499,0.0,0.0,1,99,0.0,Jaime Hutchins,11.0,1,1,0,1,1,2023-07-04 09:20:21,2023-07-04 16:02:33,Peripheral learner,6,1
39992,1,0,1,0,0.00018696587407658063,0.0002527745040216499,0.0,0.0,1,107,0.0,Ed Vartanian,11.0,0,1,0,0,1,2023-08-26 19:18:00,2023-08-26 19:18:00,Peripheral learner,0,1
39056,1,0,1,0,0.00018696587407658063,0.0002527745040216499,0.0,0.0,1,98,0.0,Doc,1.0,0,1,0,0,0,2023-05-19 22:43:41,2023-05-19 22:43:41,Peripheral learner,17,1
40046,1,0,1,0,0.00018696587407658063,0.0002527745040216499,0.0,0.0,1,108,0.0,FFF,26.0,0,1,1,0,1,2023-09-02 08:10:55,2023-09-02 08:10:55,Peripheral learner,5,1
23353,2,3,2,7,0.00018696587407658063,0.0003289737012086623,0.0003309215541087479,0.5,3,3,0.6399999999999999,fwoosh,201.0,4,1,0,4,0,2019-05-19 21:49:35,2019-06-26 00:51:44,Active participant,3,1
39952,1,0,1,0,0.00018696587407658063,0.0002527745040216499,0.0,0.0,1,106,0.0,probity karonga,1.0,0,0,0,1,0,2023-08-24 01:00:35,2023-08-24 01:00:35,Peripheral learner,,0
25547,1,7,1,12,0.00018696587407658063,0.0010099141890269226,0.005727506442644234,0.07142857142857142,3,13,0.40625,KeleosWilliam,37.0,6,2,0,11,0,2019-12-21 11:56:48,2020-07-07 23:46:06,Active participant,7,2
36065,1,0,1,0,0.00018696587407658063,0.0002527745040216499,0.0,0.0,1,89,0.0,a_cenizal,1.0,0,0,0,1,0,2022-06-15 09:35:50,2022-06-15 09:35:50,Peripheral learner,,0
35920,1,0,1,0,0.00018696587407658063,0.0002527745040216499,0.0,0.0,1,88,0.0,Noah,101.0,0,0,0,1,0,2022-05-31 05:11:05,2022-05-31 05:11:05,Peripheral learner,,0
35814,1,0,1,0,0.00018696587407658063,0.0002527745040216499,0.0,0.0,1,87,0.0,NotEntirelyAwake,11.0,0,1,0,0,1,2023-02-04 01:00:03,2023-02-04 01:00:03,Peripheral learner,0,1
37433,1,0,1,0,0.00018696587407658063,0.0002527745040216499,0.0,0.0,1,93,0.0,Mwambs,1.0,0,0,0,1,0,2022-11-15 10:40:17,2022-11-15 10:40:17,Peripheral learner,,0
37580,1,0,1,0,0.00018696587407658063,0.0002527745040216499,0.0,0.0,1,94,0.0,Bruno Costa,26.0,0,1,1,0,1,2022-12-02 04:18:15,2022-12-02 04:18:15,Peripheral learner,18,1
37094,1,0,2,0,0.00018696587407658063,0.0002527745040216499,0.0,0.0,1,91,0.0,Gaurav Bhushan Kumar,1.0,0,1,0,1,0,2022-10-11 13:58:54,2022-10-14 01:10:52,Peripheral learner,10,1
37312,1,0,1,0,0.00018696587407658063,0.0002527745040216499,0.0,0.0,1,92,0.0,Victor Zhu,1.0,0,1,0,0,0,2022-11-03 18:46:08,2022-11-03 18:46:08,Peripheral learner,0,1
37003,2,3,2,4,0.00018696587407658063,0.0010840331981622781,0.0006512801020704562,0.0,2,16,0.0,tiredoftry,11.0,1,3,1,2,1,2022-09-30 19:48:50,2022-12-09 17:35:17,Active participant,0,3
36584,1,0,1,0,0.00018696587407658063,0.0002527745040216499,0.0,0.0,1,90,0.0,Oliver L.,1.0,0,1,0,0,0,2022-08-16 00:38:16,2022-08-16 00:38:16,Peripheral learner,0,1
26045,1,0,1,0,0.00018696587407658063,0.0002527745040216499,0.0,0.0,1,61,0.0,Burhan Mustafa,1.0,0,0,0,1,0,2020-03-01 17:17:05,2020-03-01 17:17:05,Peripheral learner,,0
26147,1,0,1,0,0.00018696587407658063,0.0002527745040216499,0.0,0.0,1,62,0.0,keg504,11.0,0,1,0,0,1,2022-06-01 03:18:29,2022-06-01 03:18:29,Peripheral learner,11,1
27311,1,0,1,0,0.00018696587407658063,0.0002527745040216499,0.0,0.0,1,63,0.0,Jen,11.0,0,1,0,0,1,2020-04-01 13:58:16,2020-04-01 13:58:16,Peripheral learner,4,1
27659,1,5,1,10,0.00018696587407658063,0.002018414096526524,0.0019876478776284768,0.0,2,8,0.2777777777777777,Shrey Tripathi,166.0,3,2,2,6,3,2020-04-26 17:33:43,2020-05-28 10:10:55,Active participant,18,2
27374,1,2,1,3,0.00018696587407658063,0.0006900952100818982,0.0015841386557897462,0.0,1,8,0.0,Graefetyp,21.0,1,2,0,0,1,2020-04-05 21:24:03,2020-04-06 22:23:33,Active participant,2,1
27384,1,0,1,0,0.00018696587407658063,0.0002527745040216499,0.0,0.0,1,64,0.0,Tony,1.0,0,1,0,0,0,2020-04-06 10:21:08,2020-04-06 10:21:08,Peripheral learner,16,1
23332,1,0,1,0,0.00018696587407658063,0.0002527745040216499,0.0,0.0,1,56,0.0,Amber,73.0,0,1,0,0,7,2020-07-31 15:38:16,2020-07-31 15:38:16,Peripheral learner,17,1
23903,1,0,1,0,0.00018696587407658063,0.0002527745040216499,0.0,0.0,1,57,0.0,langoth,36.0,0,1,1,0,2,2019-07-13 14:19:58,2019-07-13 14:19:58,Peripheral learner,5,1
25365,1,0,1,0,0.00018696587407658063,0.0002527745040216499,0.0,0.0,1,58,0.0,andrewyazura,9.0,0,1,0,0,0,2019-10-09 13:51:19,2019-10-09 13:51:19,Peripheral learner,0,1
27916,1,1,1,1,0.00018696587407658063,0.0006744474074105283,0.0003250048248317546,0.0,1,1,0.0,Dineth Hettiarachchi,36.0,0,1,1,0,2,2022-05-12 09:12:17,2022-05-12 09:12:17,Active participant,17,1
38408,1,0,1,0,0.00018696587407658063,0.0002527745040216499,0.0,0.0,1,97,0.0,loul7,1.0,0,0,0,1,0,2023-03-11 19:36:31,2023-03-11 19:36:31,Peripheral learner,,0
25813,1,0,1,0,0.00018696587407658063,0.0002527745040216499,0.0,0.0,1,60,0.0,Pietro S,11.0,1,1,0,0,0,2020-01-15 16:28:29,2020-01-15 16:31:12,Peripheral learner,0,1
25779,1,0,1,0,0.00018696587407658063,0.0002527745040216499,0.0,0.0,1,59,0.0,beanonguy29,26.0,0,1,1,0,1,2020-01-08 01:05:42,2020-01-08 01:05:42,Peripheral learner,8,1
39810,1,0,1,0,0.00018696587407658063,0.0002527745040216499,0.0,0.0,1,103,0.0,Shawn Burns,11.0,0,1,0,0,1,2023-08-01 13:48:42,2023-08-01 13:48:42,Peripheral learner,6,1
37879,1,1,1,1,0.00018696587407658063,0.000256301625182879,0.0003250259605399792,0.0,1,1,0.0,Arctic Fox,3.0,1,2,0,1,0,2023-01-09 01:37:55,2023-01-13 00:10:04,Active participant,0,2
35382,1,0,1,0,0.00018696587407658063,0.0002527745040216499,0.0,0.0,1,86,0.0,Wajeeha Abid,76.0,0,1,1,0,6,2022-03-11 13:39:21,2022-03-11 13:39:21,Peripheral learner,0,1
27929,2,0,4,0,0.00018696587407658063,0.0002527745040216499,1.732435100382487e-07,0.0,2,37,0.0,FAT UNEMPLOYED MIDDLE-AGED NIN,26.0,0,2,1,2,1,2020-05-03 00:01:20,2020-05-08 19:02:16,Helper,4,2
29305,1,3,1,7,0.00018696587407658063,0.0004893765476232564,0.0009630207019141056,0.16666666666666666,2,0,0.625,Ruben Alias,29.0,5,1,0,7,0,2020-07-30 18:59:24,2020-10-22 02:07:11,Active participant,7,1
28082,1,0,1,0,0.00018696587407658063,0.0002527745040216499,0.0,0.0,1,69,0.0,themarshmall0w,1.0,0,1,0,0,0,2020-05-22 07:02:29,2020-05-22 07:02:29,Peripheral learner,3,1
27570,1,0,1,0,0.00018696587407658063,0.0002527745040216499,0.0,0.0,1,65,0.0,lz1990,1.0,0,1,0,1,0,2020-04-16 17:03:35,2020-04-16 17:18:57,Peripheral learner,0,1
27594,1,0,1,0,0.00018696587407658063,0.0002527745040216499,0.0,0.0,1,66,0.0,hungtran273,126.0,0,1,1,0,1,2020-04-17 17:10:07,2020-04-17 17:10:07,Peripheral learner,0,1
27794,1,0,2,0,0.00018696587407658063,0.0002527745040216499,0.0,0.0,1,67,0.0,Jorge Guzman,11.0,0,1,0,1,1,2020-04-28 03:10:40,2020-05-01 21:19:52,Peripheral learner,4,1
32922,1,0,1,0,0.00018696587407658063,0.0002527745040216499,0.0,0.0,1,82,0.0,Sloth87,101.0,0,1,0,0,0,2021-07-22 22:02:06,2021-07-22 22:02:06,Peripheral learner,12,1
32839,1,0,1,0,0.00018696587407658063,0.0002527745040216499,0.0,0.0,1,81,0.0,Benjamin Bois,1.0,0,1,0,0,0,2021-07-07 17:03:13,2021-07-07 17:03:13,Peripheral learner,0,1
32613,1,0,1,0,0.00018696587407658063,0.0002527745040216499,0.0,0.0,1,80,0.0,JennyL,1.0,0,0,0,1,0,2021-06-03 15:11:25,2021-06-03 15:11:25,Peripheral learner,,0
32600,1,0,1,0,0.00018696587407658063,0.0002527745040216499,0.0,0.0,1,79,0.0,Konstantinos,111.0,0,1,0,0,1,2021-06-06 21:39:19,2021-06-06 21:39:19,Peripheral learner,2,1
29350,1,0,1,0,0.00018696587407658063,0.0002527745040216499,0.0,0.0,1,74,0.0,guy,31.0,0,1,0,0,3,2020-08-04 03:32:14,2020-08-04 03:32:14,Peripheral learner,18,1
29494,1,0,1,0,0.00018696587407658063,0.0002527745040216499,0.0,0.0,1,75,0.0,Aneesh Kandrakota,26.0,0,1,1,0,1,2020-08-17 11:04:06,2020-08-17 11:04:06,Peripheral learner,5,1
29154,1,0,1,0,0.00018696587407658063,0.0002527745040216499,0.0,0.0,1,72,0.0,beastlydude64,9.0,0,1,0,0,0,2020-07-16 20:04:38,2020-07-16 20:04:38,Peripheral learner,8,1
29161,1,0,1,0,0.00018696587407658063,0.0002527745040216499,0.0,0.0,1,73,0.0,Joseph Chuks Odo,1.0,0,1,0,0,0,2020-07-17 14:19:38,2020-07-17 14:19:38,Peripheral learner,4,1
28371,1,2,1,3,0.00018696587407658063,0.0006826591752771412,1.3845621322256836e-06,0.0,1,26,0.0,Remy,136.0,0,1,1,0,2,2020-05-24 08:20:07,2020-05-24 08:20:07,Active participant,17,1
28873,1,0,1,0,0.00018696587407658063,0.0002527745040216499,0.0,0.0,1,71,0.0,Adam,1.0,0,1,0,0,0,2020-12-27 18:20:23,2020-12-27 18:20:23,Peripheral learner,2,1
28377,1,0,1,0,0.00018696587407658063,0.0002527745040216499,0.0,0.0,1,70,0.0,caricature,1.0,0,0,0,1,0,2020-05-24 14:08:27,2020-05-24 14:08:27,Peripheral learner,,0
27876,1,0,1,0,0.00018696587407658063,0.0002527745040216499,0.0,0.0,1,68,0.0,marcus,101.0,0,1,0,0,0,2020-04-29 21:55:12,2020-04-29 21:55:12,Peripheral learner,0,1
34792,1,0,1,0,0.00018696587407658063,0.0002527745040216499,0.0,0.0,1,84,0.0,Sillycrackers,36.0,1,2,1,0,2,2021-12-12 00:28:24,2021-12-13 15:33:10,Peripheral learner,2,2
28234,2,0,2,0,0.00018696587407658063,0.0002527745040216499,2.1326663914124065e-06,0.0,2,4,0.0,IrishBumfuzzle,34.0,1,3,2,0,1,2020-05-16 16:06:43,2020-05-20 03:56:17,Peripheral learner,1,2
35100,1,0,1,0,0.00018696587407658063,0.0002527745040216499,0.0,0.0,1,85,0.0,JacK,11.0,0,1,0,0,1,2022-01-27 05:59:44,2022-01-27 05:59:44,Peripheral learner,7,1
29569,1,0,2,0,0.00018696587407658063,0.0002527745040216499,0.0,0.0,1,76,0.0,Kai Xu,1.0,0,1,0,1,0,2021-02-19 20:06:29,2021-02-22 09:42:09,Peripheral learner,1,1
32197,1,1,2,1,0.00018696587407658063,0.00046771683964939555,3.464870200764974e-07,0.0,1,42,0.0,Fernando,1.0,1,1,0,1,0,2021-07-30 00:55:35,2021-08-03 21:10:32,Active participant,17,1
32067,1,0,1,0,0.00018696587407658063,0.0002527745040216499,0.0,0.0,1,78,0.0,free_radical,11.0,0,1,0,0,1,2021-03-24 00:26:43,2021-03-24 00:26:43,Peripheral learner,4,1
32044,1,0,1,0,0.00018696587407658063,0.0002527745040216499,0.0,0.0,1,77,0.0,Stijn,1.0,0,1,0,0,0,2021-03-14 16:42:57,2021-03-14 16:42:57,Peripheral learner,3,1
27566,1,6,1,19,0.00018696587407658063,0.000548682149440772,0.002154637130001612,0.19047619047619047,5,1,0.6938775510204082,Renée,19.0,10,1,1,16,0,2020-04-16 15:07:50,2020-07-06 10:32:13,Active participant,12,1
34561,1,0,1,0,0.00018696587407658063,0.0002527745040216499,0.0,0.0,1,83,0.0,pi-sigma,1.0,0,1,0,0,0,2021-10-30 08:18:47,2021-10-30 08:18:47,Peripheral learner,5,1
31254,1,2,1,4,0.00018696587407658063,0.0002666818192153889,0.0012585669781931459,0.3333333333333333,2,11,0.4444444444444444,MelPradeep,3.0,1,1,0,5,0,2020-11-30 13:01:27,2020-12-05 10:49:12,Active participant,2,1
1861,1,0,1,0,0.00018696587407658063,0.0002527745040216499,0.0,0.0,1,55,0.0,ronga,1415.0,0,1,0,0,0,2024-09-11 09:27:01,2024-09-11 09:27:01,Peripheral learner,0,1
33,1,0,1,0,0.00018696587407658063,0.0002527745040216499,0.0,0.0,1,53,0.0,glennholloway,681.0,0,1,1,0,1,2020-06-20 19:19:07,2020-06-20 19:19:07,Peripheral learner,2,1
35553,1,3,1,3,0.00018696587407658063,0.0014219403228964964,0.0010468528073620184,0.16666666666666666,2,9,0.625,user35553,3.0,2,1,0,0,0,2022-04-08 14:01:04,2022-06-19 04:34:51,Active participant,2,1
32625,1,1,1,1,0.00018696587407658063,0.0002574849588985157,0.0003250048248317546,0.0,1,0,0.0,Yianni Kiritsis,3.0,1,1,0,1,0,2021-06-10 16:59:00,2021-06-11 14:07:27,Active participant,3,1
40385,2,0,2,0,0.00018696587407658063,0.0002527745040216499,0.0,0.0,2,2,0.0,rabindranath mandal,1.0,0,0,0,2,0,2023-10-06 11:35:56,2024-04-24 15:25:40,Peripheral learner,,0
40346,1,0,1,0,0.00018696587407658063,0.0002527745040216499,0.0,0.0,1,109,0.0,Purp,1.0,0,1,0,0,0,2023-10-02 01:54:29,2023-10-02 01:54:29,Peripheral learner,1,1
42513,1,0,1,0,0.00018696587407658063,0.0002527745040216499,0.0,0.0,1,110,0.0,Fynn,1.0,0,1,0,0,0,2024-03-24 17:47:36,2024-03-24 17:47:36,Peripheral learner,0,1
46023,1,0,1,0,0.00018696587407658063,0.0002527745040216499,0.0,0.0,1,115,0.0,Priyanshu Anand,1.0,0,1,0,0,0,2025-07-01 17:37:06,2025-07-01 17:37:06,Peripheral learner,0,1
46508,1,0,1,0,0.00018696587407658063,0.0002527745040216499,0.0,0.0,1,116,0.0,Arnav Kucheriya,1.0,0,1,0,0,0,2025-09-21 19:26:57,2025-09-21 19:26:57,Peripheral learner,0,1
46816,1,0,1,0,0.00018696587407658063,0.0002527745040216499,0.0,0.0,1,117,0.0,MeedWzn,1.0,1,2,0,0,0,2025-11-18 11:27:03,2025-11-18 20:21:37,Peripheral learner,0,1
28332,2,0,2,0,0.00018468148137161595,0.0002527745040216499,2.5405159138195832e-06,0.0,2,4,0.0,Marcello Palucci,16.0,0,2,1,0,0,2020-05-21 20:13:21,2020-06-09 22:48:58,Peripheral learner,4,2
28336,1,0,1,0,0.00018403729958791078,0.0002527745040216499,0.0,0.0,1,4,0.0,Bruno Rafael,1.0,0,1,0,0,0,2020-05-22 06:49:10,2020-05-22 06:49:10,Peripheral learner,7,1
27586,1,0,1,0,0.00018403729958791078,0.0002527745040216499,0.0,0.0,1,4,0.0,Micah Lindley,111.0,0,1,0,0,1,2020-06-30 14:43:12,2020-06-30 14:43:12,Peripheral learner,1,1
28244,1,0,1,0,0.00018403729958791078,0.0002527745040216499,0.0,0.0,1,4,0.0,G-Force7756,9.0,0,1,0,0,0,2020-05-17 04:31:10,2020-05-17 04:31:10,Peripheral learner,2,1
31899,1,2,1,2,0.00018231457830487064,0.0006856377068172018,0.00032648305228363144,0.0,2,1,0.0,StrictHornet,51.0,0,1,0,0,5,2021-03-13 13:24:21,2021-03-13 13:24:21,Active participant,7,1
25341,2,0,3,0,0.00018114460226398497,0.0002527745040216499,1.1538017768547363e-07,0.0,2,5,0.5,Jason Chu,26.0,0,2,1,1,1,2019-10-04 05:37:09,2019-10-18 10:05:23,Helper,11,1
34574,3,0,4,0,0.00018078094658189445,0.0002527745040216499,1.1538017768547362e-06,0.0,3,1,0.0,an4s911,138.0,0,2,1,2,2,2021-10-31 10:36:23,2021-10-31 10:51:34,Helper,8,2
28816,1,0,1,0,0.00018047929898325497,0.0002527745040216499,0.0,0.0,1,31,0.0,Oadeniran,26.0,0,1,1,0,1,2020-06-20 23:07:19,2020-06-20 23:07:19,Peripheral learner,5,1
37105,1,0,2,0,0.00018047929898325497,0.0002527745040216499,0.0,0.0,1,16,0.0,Anarres,1.0,0,0,0,2,0,2022-10-12 11:50:30,2022-10-14 13:05:46,Peripheral learner,,0
29495,2,0,4,0,0.00017980364705114818,0.0002527745040216499,0.00015509448756717277,0.0,2,8,0.5,Marijn,103.0,0,2,0,2,0,2020-08-29 16:48:24,2020-08-30 06:40:22,Helper,10,1
41160,1,0,1,0,0.0001785838648822156,0.0002527745040216499,0.0,0.0,1,1,0.0,Arizona,1.0,0,0,0,1,0,2024-01-28 08:57:22,2024-01-28 08:57:22,Peripheral learner,,0
34745,1,1,1,1,0.0001785838648822156,0.000256301625182879,0.00022271352717157636,0.0,2,1,0.0,mz1user,1.0,1,0,0,2,0,2021-11-30 14:47:41,2021-12-01 13:54:39,Active participant,,0
23007,1,9,2,15,0.0001745621621219247,0.0031544757031233225,0.006060090254928926,0.1111111111111111,4,12,0.5185185185185186,Hana Ali,51.0,6,1,0,7,0,2020-07-22 23:52:59,2020-08-10 22:12:41,Active participant,1,1
47251,2,1,2,1,0.00017264142002571572,0.0002574849588985157,5.857570808945113e-05,0.3333333333333333,2,0,0.4444444444444444,GeorgeIsBetter,1.0,1,2,0,1,0,2026-02-19 01:28:42,2026-02-20 01:58:55,Active participant,0,1
35394,1,0,1,0,0.00017260822780080712,0.0002527745040216499,0.0,0.0,1,13,0.0,Roberta Vilella,1.0,0,1,0,0,0,2022-03-14 12:38:13,2022-03-14 12:38:13,Peripheral learner,1,1
28706,2,4,3,7,0.00016854871886832576,0.00039939699289145904,0.0009913511331508822,0.26666666666666666,3,8,0.7222222222222222,mkg15,67.0,4,3,2,6,2,2020-06-13 17:40:11,2020-11-03 21:29:11,Active participant,0,1
29510,1,2,1,3,0.00016831703663016529,0.00034914323283384606,0.0017860851764134366,0.0,2,13,0.4444444444444444,Menna Azban,15.0,2,0,0,2,0,2020-08-18 20:22:42,2020-09-27 15:18:33,Active participant,,0
35052,1,2,1,2,0.00016831703663016529,0.0004712439608106246,0.0016105767442378559,0.0,2,13,0.4444444444444444,meotet,1.0,1,0,0,4,0,2022-03-01 18:34:55,2022-03-14 13:20:44,Active participant,,0
28787,1,0,5,0,0.00016723594078127765,0.0002527745040216499,0.0,0.0,1,13,0.0,Morrison Chang,126.0,0,1,1,4,0,2020-06-19 00:48:18,2020-06-19 22:53:38,Helper,0,1
27553,2,0,2,0,0.00016555906133664937,0.0002527745040216499,0.0038103149878850806,0.0,1,17,0.5,Giang Phạm Trường,1.0,0,1,0,1,0,2020-04-17 10:59:54,2020-04-18 03:12:33,Peripheral learner,0,1
46971,2,1,2,1,0.0001654791930002833,0.00026696688067019063,0.0009683743923991325,0.0,2,2,0.4444444444444444,Jeremiah happiness,5.0,1,2,0,0,0,2026-01-16 14:44:32,2026-01-24 20:51:50,Active participant,17,2
28203,1,1,3,1,0.0001654791930002833,0.0002675294778741946,0.00010941223599012904,0.0,2,4,0.0,Andrew Burke,1.0,1,0,0,4,0,2020-05-15 04:17:46,2020-05-18 22:03:23,Helper,,0
28115,1,3,1,3,0.00016427363815423463,0.0006904620102024688,0.0006500519210799584,0.16666666666666666,2,8,0.0,dhrubhagat-singh,1.0,1,1,0,1,-1,2020-05-11 01:39:20,2020-05-12 00:42:38,Active participant,7,1
31145,2,2,3,3,0.0001640467475951968,0.00027897021584112164,6.233563192365417e-05,0.5,3,6,0.5,Andrew,3.0,2,2,0,5,0,2020-11-08 11:17:20,2020-11-12 10:32:19,Active participant,5,2
35283,1,0,1,0,0.00016223590545362044,0.0002527745040216499,0.0,0.0,1,17,0.0,PRIYANSHU KUMAR,1.0,0,0,0,1,0,2022-02-23 09:52:14,2022-02-23 09:52:14,Peripheral learner,,0
42712,1,0,1,0,0.00016223590545362044,0.0002527745040216499,0.0,0.0,1,17,0.0,user24494115,1.0,0,0,0,1,0,2024-04-22 13:13:16,2024-04-22 13:13:16,Peripheral learner,,0
31507,1,0,1,0,0.00016223590545362044,0.0002527745040216499,0.0,0.0,1,1,0.0,Niharika,26.0,0,1,1,0,1,2020-12-29 11:32:15,2020-12-29 11:32:15,Peripheral learner,2,1
40435,1,0,1,0,0.00016223590545362044,0.0002527745040216499,0.0,0.0,1,17,0.0,Keeley Norris,1.0,0,0,0,1,0,2023-10-27 18:07:26,2023-10-27 18:07:26,Peripheral learner,,0
31425,1,0,1,0,0.00016223590545362044,0.0002527745040216499,0.0,0.0,1,25,0.0,Abubakar Yahya-Mana,1.0,0,0,0,1,0,2020-12-17 15:49:44,2020-12-17 15:49:44,Peripheral learner,,0
35705,2,0,2,0,0.0001611818567850238,0.0002527745040216499,6.352262034735786e-07,0.0,2,10,0.0,codespeed_goder,1.0,0,2,0,0,0,2022-05-23 23:49:22,2022-05-29 09:13:46,Peripheral learner,1,2
29128,2,0,2,0,0.0001611818567850238,0.0002527745040216499,9.289933401902157e-05,0.0,2,10,0.0,Neslihan Kara,1.0,0,1,0,1,0,2020-07-13 23:01:28,2020-07-14 10:43:02,Peripheral learner,2,1
40980,1,1,1,1,0.0001608934504491932,0.0002536417034215574,6.262918459180138e-05,0.0,2,16,0.5,Nhi Doan,1.0,0,1,0,0,0,2024-01-01 15:41:37,2024-01-01 15:41:37,Active participant,0,1
1687,3,2,8,5,0.00015980228708387472,0.0005244863462435584,0.0003434892614020338,0.2,3,5,0.31999999999999984,leanne,185.0,4,3,2,9,0,2019-07-18 22:10:20,2019-12-19 20:43:50,Helper,11,3
28097,2,6,3,8,0.00015961918907038403,0.00041592506926107207,0.00036908089627253734,0.21428571428571427,4,4,0.5625,ammar79797,30.0,4,2,2,5,1,2020-05-10 06:38:28,2020-11-17 04:55:55,Active participant,5,2
32110,2,4,2,7,0.0001584520963612722,0.0005258711415366216,0.00036085573018191096,0.06666666666666667,4,10,0.5,PrimeBeat,137.0,4,0,0,6,0,2021-03-26 09:21:51,2021-08-24 06:07:32,Active participant,,0
28577,2,0,2,0,0.00015831696597485084,0.0002527745040216499,0.0,0.0,2,1,0.0,rickyc,16.0,0,2,1,0,0,2020-07-11 00:14:26,2020-07-11 00:16:57,Peripheral learner,6,1
28615,2,2,3,2,0.00015831696597485084,0.0009504420622473936,0.0006547449722712212,0.0,2,13,0.375,Thomas Sullivan,1.0,1,3,0,1,0,2020-06-07 13:09:23,2020-06-21 15:28:08,Helper,2,2
39360,2,0,2,0,0.00015831696597485084,0.0002527745040216499,5.538248528902735e-07,0.0,2,2,0.0,Camel old,1.0,0,2,0,0,0,2023-06-18 14:05:21,2023-06-30 17:53:24,Peripheral learner,0,2
28210,2,3,2,3,0.00015831696597485084,0.0005822923614930546,0.0011787182690373578,0.3,3,1,0.72,RandomForestRanger,105.0,3,0,0,5,0,2020-06-08 08:38:42,2020-07-13 10:37:21,Active participant,,0
23526,1,0,2,0,0.00015831696597485084,0.0002527745040216499,0.0,0.0,1,3,0.0,Marudhu Paandian Krishna Kumar,15.0,0,1,0,1,0,2019-09-11 13:32:31,2019-09-11 13:39:22,Peripheral learner,0,1
37707,1,0,2,0,0.00015831696597485084,0.0002527745040216499,0.0,0.0,1,46,0.0,Leonardo Araújo,1.0,0,1,0,1,0,2022-12-16 13:25:55,2022-12-16 13:29:32,Peripheral learner,7,1
31293,1,0,2,0,0.00015831696597485084,0.0002527745040216499,0.0,0.0,1,1,0.0,Azumao,1.0,0,1,0,1,0,2020-11-30 14:55:32,2020-12-01 01:35:34,Peripheral learner,6,1
28223,1,1,1,1,0.00015636008044156332,0.0002574849588985157,0.0,1.0,2,1,0.5,Dustin Sanders,3.0,1,1,0,1,0,2020-05-16 06:48:57,2020-06-17 20:46:09,Active participant,3,1
28208,1,0,1,0,0.00015636008044156332,0.0002527745040216499,0.0,0.0,1,1,0.0,finlay,11.0,0,1,0,0,1,2020-08-20 13:15:25,2020-08-20 13:15:25,Peripheral learner,12,1
26152,2,0,2,0,0.00015627061539615585,0.0002527745040216499,0.0,0.0,2,6,0.0,Anil George,26.0,0,2,1,0,1,2020-09-04 10:25:03,2020-09-04 10:38:54,Peripheral learner,0,2
35643,1,0,1,0,0.00015615477427707562,0.0002527745040216499,0.0,0.0,1,9,0.0,Arpan Pandey,1.0,0,0,0,1,0,2022-04-26 02:51:26,2022-04-26 02:51:26,Peripheral learner,,0
35735,1,0,1,0,0.00015615477427707562,0.0002527745040216499,0.0,0.0,1,9,0.0,Crysart,1.0,0,0,0,1,0,2022-05-09 14:36:47,2022-05-09 14:36:47,Peripheral learner,,0
28668,2,7,3,14,0.00015549949405308856,0.0008841082031735923,0.001198851840194339,0.2222222222222222,5,12,0.6419753086419753,Ewan Willsmer,19.0,6,2,0,13,1,2020-07-07 08:38:40,2020-12-03 11:34:18,Active participant,5,2
41097,1,0,1,0,0.00015449629475376773,0.0002527745040216499,0.0,0.0,1,2,0.0,Ricardo Garcia Fernandez,1.0,0,0,0,1,0,2024-01-18 23:53:14,2024-01-18 23:53:14,Peripheral learner,,0
40094,1,2,1,3,0.00015449629475376773,0.0014132490026760934,0.0,1.0,2,2,0.0,Abdullah Ali Abbasi ,21.0,1,0,0,3,0,2023-09-07 17:54:17,2023-09-27 16:11:56,Active participant,,0
28959,1,0,1,0,0.00015399258257930038,0.0002527745040216499,0.0,0.0,1,26,0.0,Jabuc15,1.0,0,0,0,1,0,2020-07-01 06:52:00,2020-07-01 06:52:00,Peripheral learner,,0
35575,1,6,1,7,0.00015399258257930038,0.0013650447297094879,0.001337260380095271,0.0,2,9,0.0,Ehsan_hrz,25.0,3,3,0,2,2,2022-04-13 08:49:53,2022-07-19 05:41:48,Active participant,0,3
28500,1,0,1,0,0.00015399258257930038,0.0002527745040216499,0.0,0.0,1,8,0.0,Маша Белошицкая,1.0,0,0,0,1,0,2020-05-31 19:31:38,2020-05-31 19:31:38,Peripheral learner,,0
24029,1,0,1,0,0.0001531142086888032,0.0002527745040216499,0.0,0.0,1,3,0.0,bor999,1.0,0,0,0,1,0,2019-08-04 08:01:03,2019-08-04 08:01:03,Peripheral learner,,0
34059,1,0,1,0,0.0001531142086888032,0.0002527745040216499,0.0,0.0,1,3,0.0,Ava,11.0,0,1,0,0,1,2021-08-17 07:59:48,2021-08-17 07:59:48,Peripheral learner,5,1
28020,2,0,2,0,0.00015180585049718497,0.0002527745040216499,2.4753418619978425e-06,0.0,2,1,0.5,Parth Pandya,1.0,0,2,0,0,0,2020-05-06 13:28:07,2020-05-06 13:44:43,Peripheral learner,17,1
27669,1,0,3,0,0.00015114647869856582,0.0002527745040216499,0.0,0.0,1,1,0.0,Tat,1.0,0,0,0,3,0,2020-04-21 13:43:09,2020-04-22 06:42:11,Helper,,0
29561,1,2,1,2,0.00015075288733406883,0.00028181369791157424,0.0006185255291058913,0.3333333333333333,2,8,0.4444444444444444,Giacomo Belleri,1.0,1,0,0,1,0,2020-08-24 20:05:06,2020-08-27 23:33:24,Active participant,,0
28579,1,0,1,0,0.00015075288733406883,0.0002527745040216499,0.0,0.0,1,8,0.0,Cedrigo Darwin,1.0,0,0,0,1,0,2020-06-05 07:02:10,2020-06-05 07:02:10,Peripheral learner,,0
35066,1,0,1,0,0.0001505080096131411,0.0002527745040216499,0.0,0.0,1,1,0.0,Lyra,1.0,0,0,0,1,0,2022-01-20 13:00:56,2022-01-20 13:00:56,Peripheral learner,,0
28640,2,1,2,1,0.0001501315636600709,0.000256301625182879,0.00020742382689423192,0.3333333333333333,2,1,0.4444444444444444,Sparkles the Unicorn,3.0,2,1,0,2,0,2020-06-10 04:44:30,2020-08-01 23:08:06,Active participant,0,1
28530,2,0,2,0,0.0001501315636600709,0.0002527745040216499,0.0015829006576670128,0.0,1,39,0.5,Egor Fedorets,51.0,0,1,0,1,1,2020-06-13 10:06:01,2020-06-13 10:56:39,Peripheral learner,0,1
28019,1,1,1,1,0.00015007364310053078,0.00026026426827661925,4.972080905744091e-05,0.0,2,5,0.5,Heta,3.0,1,1,0,3,0,2020-06-13 10:56:01,2020-07-06 01:10:54,Active participant,10,1
31269,2,2,2,3,0.00014972229354433188,0.00026572253493661055,3.473520537383469e-05,0.5,3,0,0.375,Saara Luthra,7.0,3,2,0,0,0,2020-11-27 00:06:47,2020-12-05 18:42:47,Active participant,5,1
32445,2,1,2,1,0.00014936418219306026,0.0002574849588985157,0.000384765056940501,0.3333333333333333,2,11,0.6666666666666667,TheSimpathizer,3.0,1,2,0,0,0,2021-05-15 18:41:17,2021-05-15 19:20:06,Active participant,2,2
36524,1,0,1,0,0.0001492049100753101,0.0002527745040216499,0.0,0.0,1,10,0.0,Federal_stickman4703,1.0,0,0,0,1,0,2022-08-09 06:08:12,2022-08-09 06:08:12,Peripheral learner,,0
41258,2,1,2,1,0.0001488387936207504,0.0002536417034215574,6.068819821111148e-05,0.3333333333333333,2,9,0.6666666666666667,Sumit Jaidka,11.0,0,2,0,0,1,2024-02-11 14:01:00,2024-02-13 21:08:44,Active participant,0,1
28005,1,2,3,2,0.0001486952392985095,0.0008476936072642535,5.116434657301429e-05,0.3333333333333333,2,8,0.0,Ak500,1.0,1,0,0,3,0,2020-05-11 18:27:15,2020-05-27 14:11:16,Helper,,0
28406,1,0,1,0,0.00014757398178020156,0.0002527745040216499,0.0,0.0,1,8,0.0,Joelouigi147,1.0,0,1,0,0,0,2020-05-25 20:17:22,2020-05-25 20:17:22,Peripheral learner,7,1
28106,1,0,1,0,0.00014757398178020156,0.0002527745040216499,0.0,0.0,1,8,0.0,TheBooleanOne,1.0,0,1,0,0,0,2020-05-11 05:08:59,2020-05-11 05:08:59,Peripheral learner,7,1
37908,1,0,1,0,0.00014638573984761846,0.0002527745040216499,0.0,0.0,1,0,0.0,olive20xx,1.0,0,0,0,1,0,2023-01-11 23:30:34,2023-01-11 23:30:34,Peripheral learner,,0
28395,1,4,1,5,0.0001458844076772406,0.00037780566182235066,0.00016539241920376265,0.3,3,4,0.72,Activity Uday,18.0,3,3,3,3,0,2020-05-25 10:51:25,2020-06-12 13:49:03,Active participant,10,3
29035,2,1,6,1,0.00014512338987537,0.0002574849588985157,6.0905286007799286e-05,0.3333333333333333,3,8,0.4444444444444444,Tiago Marques,3.0,1,1,0,6,0,2020-07-23 18:18:30,2020-07-25 22:53:03,Helper,4,1
28679,1,2,1,3,0.00014483042787170381,0.0002736546869077026,0.00037459819481763416,0.3333333333333333,3,3,0.4444444444444444,Siwon Lee,5.0,3,1,1,1,0,2020-06-11 21:23:33,2020-06-21 16:10:05,Active participant,10,1
28101,1,3,1,6,0.00014483042787170381,0.0003131825301746733,0.00014317635729352556,0.0,3,4,0.375,Karan Dhanak,11.0,3,0,0,6,0,2020-05-10 10:38:00,2020-05-20 12:56:59,Active participant,,0
32775,1,0,1,0,0.00014399251192398594,0.0002527745040216499,0.0,0.0,1,7,0.0,paulxl,21.0,0,1,0,0,2,2021-07-31 18:09:34,2021-07-31 18:09:34,Peripheral learner,5,1
32778,1,0,1,0,0.00014399251192398594,0.0002527745040216499,0.0,0.0,1,5,0.0,Saksham Rajput,1.0,0,1,0,0,0,2021-06-28 07:08:57,2021-06-28 07:08:57,Peripheral learner,7,1
34151,1,0,1,0,0.00014399251192398594,0.0002527745040216499,0.0,0.0,1,0,0.0,trustyaxe,1.0,0,0,0,1,0,2021-08-31 23:23:12,2021-08-31 23:23:12,Peripheral learner,,0
34464,1,0,1,0,0.00014399251192398594,0.0002527745040216499,0.0,0.0,1,43,0.0,escorts,1.0,0,1,0,0,0,2021-10-17 09:12:34,2021-10-17 09:12:34,Peripheral learner,18,1
23659,1,2,1,2,0.00014399251192398594,0.0002682275873698187,0.0015829006576670128,0.3333333333333333,2,6,0.4444444444444444,Palash Singh Raghuwanshi,1.0,1,1,0,0,-2,2020-06-04 08:51:25,2020-06-06 18:23:21,Active participant,9,1
34578,1,0,1,0,0.00014399251192398594,0.0002527745040216499,0.0,0.0,1,11,0.0,Christian Thomas,1.0,0,1,0,0,0,2021-10-31 21:26:53,2021-10-31 21:26:53,Peripheral learner,14,1
29660,1,0,1,0,0.00014399251192398594,0.0002527745040216499,0.0,0.0,1,1,0.0,Walter Miguel,1.0,0,1,0,0,0,2020-09-06 01:29:29,2020-09-06 01:29:29,Peripheral learner,10,1
29577,1,0,1,0,0.00014399251192398594,0.0002527745040216499,0.0,0.0,1,11,0.0,armin fakhar,1.0,0,0,0,1,0,2020-08-27 15:07:49,2020-08-27 15:07:49,Peripheral learner,,0
31074,1,0,1,0,0.00014399251192398594,0.0002527745040216499,0.0,0.0,1,1,0.0,Mikpix,1.0,0,0,0,1,0,2020-10-29 19:50:01,2020-10-29 19:50:01,Peripheral learner,,0
31027,1,1,1,1,0.00014399251192398594,0.0002593118357083637,1.7324351003824874e-06,0.0,2,6,0.0,NoNickAvailable,101.0,1,0,0,1,0,2020-10-23 22:25:53,2020-10-23 22:27:55,Active participant,,0
29709,1,0,1,0,0.00014399251192398594,0.0002527745040216499,0.0,0.0,1,0,0.0,JoyfulExplorer,1.0,0,0,0,1,0,2020-09-12 00:28:29,2020-09-12 00:28:29,Peripheral learner,,0
30992,1,0,2,0,0.00014399251192398594,0.0002527745040216499,0.0,0.0,1,13,0.0,AlhasanY,1.0,0,0,0,2,0,2020-10-19 06:18:20,2020-10-19 06:46:02,Peripheral learner,,0
31127,1,0,1,0,0.00014399251192398594,0.0002527745040216499,0.0,0.0,1,14,0.0,Learner,1.0,0,1,0,0,0,2020-11-05 09:09:12,2020-11-05 09:09:12,Peripheral learner,0,1
31883,1,0,1,0,0.00014399251192398594,0.0002527745040216499,0.0,0.0,1,23,0.0,Kirill N,1.0,0,0,0,1,0,2021-02-17 07:11:39,2021-02-17 07:11:39,Peripheral learner,,0
32048,1,1,1,1,0.00014399251192398594,0.0006504892891591236,0.0,0.0,1,23,0.0,Doug F,11.0,0,1,0,0,1,2021-03-15 08:41:16,2021-03-15 08:41:16,Active participant,17,1
31343,1,0,1,0,0.00014399251192398594,0.0002527745040216499,0.0,0.0,1,6,0.0,MatchYouPikchu,1.0,0,1,0,0,0,2020-12-06 21:49:29,2020-12-06 21:49:29,Peripheral learner,18,1
31072,1,4,1,13,0.00014399251192398594,0.00035212233572669456,0.0017960795492642197,0.4,4,6,0.5599999999999999,Alexander,145.0,14,8,5,9,1,2020-10-29 15:08:36,2021-03-26 10:23:12,Active participant,17,5
27394,1,4,1,7,0.00014399251192398594,0.0002885242203999652,0.001060785250031138,0.4,4,4,0.5599999999999999,Ayush,7.0,4,2,0,2,0,2020-04-06 15:00:38,2020-04-25 19:26:52,Active participant,1,1
25352,1,4,1,10,0.00014399251192398594,0.0004342733060998523,0.0013067686287990376,0.2,3,3,0.72,Yuvan Seth,11.0,8,1,0,3,1,2019-10-06 18:42:45,2020-01-25 07:15:24,Active participant,11,1
31656,1,0,1,0,0.00014399251192398594,0.0002527745040216499,0.0,0.0,1,7,0.0,duane gadama,21.0,0,1,0,0,2,2021-01-14 18:27:41,2021-01-14 18:27:41,Peripheral learner,7,1
3439,1,1,1,1,0.00014399251192398594,0.0002574849588985157,0.0015829006576670121,0.0,1,35,0.5,John Follis,1.0,1,1,0,0,0,2021-01-17 01:46:36,2021-01-17 01:52:12,Active participant,0,1
25277,1,2,1,2,0.00014399251192398594,0.00027167733554705635,0.0006500519210799584,0.3333333333333333,2,5,0.4444444444444444,tejasvi,115.0,3,0,0,2,0,2019-09-22 11:46:38,2019-10-09 01:41:26,Active participant,,0
40401,1,0,1,0,0.00014399251192398594,0.0002527745040216499,0.0,0.0,1,2,0.0,Krishee,1.0,0,1,0,0,0,2023-10-10 07:03:16,2023-10-10 07:03:16,Peripheral learner,0,1
31358,1,2,1,2,0.00014399251192398594,0.0004724272945262613,0.0013169110403079812,0.0,2,1,0.4444444444444444,Sheikh Ameen,5.0,2,1,0,1,0,2020-12-08 16:33:32,2020-12-26 17:07:19,Active participant,7,1
40637,1,0,1,0,0.00014399251192398594,0.0002527745040216499,0.0,0.0,1,47,0.0,Thejus,11.0,0,1,0,0,1,2023-11-13 05:52:19,2023-11-13 05:52:19,Peripheral learner,0,1
41039,1,0,1,0,0.00014399251192398594,0.0002527745040216499,0.0,0.0,1,52,0.0,Sigurd Sigmund,1.0,0,1,0,0,0,2024-01-08 20:19:58,2024-01-08 20:19:58,Peripheral learner,17,1
43286,1,0,1,0,0.00014399251192398594,0.0002527745040216499,0.0,0.0,1,2,0.0,accaderi,1.0,0,1,0,0,0,2024-07-24 12:00:45,2024-07-24 12:00:45,Peripheral learner,0,1
46071,1,0,1,0,0.00014399251192398594,0.0002527745040216499,0.0,0.0,1,52,0.0,WPKoders,1.0,0,1,0,0,0,2025-07-07 11:36:02,2025-07-07 11:36:02,Peripheral learner,17,1
35574,1,0,1,0,0.00014399251192398594,0.0002527745040216499,0.0,0.0,1,44,0.0,shah sawood,101.0,0,1,0,0,0,2022-06-03 14:18:36,2022-06-03 14:18:36,Peripheral learner,14,1
35600,1,0,2,0,0.00014399251192398594,0.0002527745040216499,0.0,0.0,1,9,0.0,mal,1.0,0,0,0,2,0,2023-08-26 00:55:18,2023-08-26 06:33:20,Peripheral learner,,0
35337,1,0,1,0,0.00014399251192398594,0.0002527745040216499,0.0,0.0,1,10,0.0,Joy,1.0,0,1,0,0,0,2022-03-27 03:39:00,2022-03-27 03:39:00,Peripheral learner,9,1
34922,1,0,1,0,0.00014399251192398594,0.0002527745040216499,0.0,0.0,1,43,0.0,Lucia Guerrero,1.0,0,0,0,1,0,2021-12-30 18:35:06,2021-12-30 18:35:06,Peripheral learner,,0
37700,1,0,1,0,0.00014399251192398594,0.0002527745040216499,0.0,0.0,1,15,0.0,Gaëtan Bloch,1.0,0,1,0,0,0,2022-12-15 17:49:48,2022-12-15 17:49:48,Peripheral learner,0,1
26111,1,6,1,20,0.00014399251192398594,0.00045314904859144697,0.003190276402814852,0.2857142857142857,5,1,0.6938775510204082,Bilal Junaidy,37.0,12,0,0,11,0,2020-03-22 17:55:21,2020-05-23 16:53:30,Active participant,,0
35944,1,0,1,0,0.00014399251192398594,0.0002527745040216499,0.0,0.0,1,1,0.0,REL,1.0,0,0,0,1,0,2022-06-02 00:27:53,2022-06-02 00:27:53,Peripheral learner,,0
35718,1,0,1,0,0.00014399251192398594,0.0002527745040216499,0.0,0.0,1,1,0.0,muhammad medhat,1.0,0,1,0,0,0,2022-05-07 19:22:58,2022-05-07 19:22:58,Peripheral learner,17,1
35954,1,0,1,0,0.00014399251192398594,0.0002527745040216499,0.0,0.0,1,44,0.0,berdna,11.0,0,1,0,0,1,2022-06-03 06:28:37,2022-06-03 06:28:37,Peripheral learner,14,1
28245,1,1,1,1,0.00014399251192398594,0.00026026426827661925,0.0,1.0,2,4,0.0,Meisam Mulla,103.0,2,1,0,2,0,2020-05-18 08:09:59,2020-05-30 02:58:45,Active participant,7,1
36514,1,0,1,0,0.00014399251192398594,0.0002527745040216499,0.0,0.0,1,2,0.0,Haoni Hashimoto,1.0,0,1,0,0,0,2022-08-08 04:06:12,2022-08-08 04:06:12,Peripheral learner,3,1
36003,1,0,1,0,0.00014399251192398594,0.0002527745040216499,0.0,0.0,1,7,0.0,Duba911,1.0,0,1,0,0,0,2022-06-08 23:12:41,2022-06-08 23:12:41,Peripheral learner,0,1
27685,1,0,1,0,0.00014399251192398594,0.0002527745040216499,0.0,0.0,1,1,0.0,Nitin Garg,1.0,0,0,0,1,0,2020-05-07 06:07:09,2020-05-07 06:07:09,Peripheral learner,,0
28153,1,0,1,0,0.00014399251192398594,0.0002527745040216499,0.0,0.0,1,8,0.0,Donell Mtabvuri,1.0,0,1,0,0,0,2020-10-06 11:21:30,2020-10-06 11:21:30,Peripheral learner,3,1
28313,1,0,1,0,0.00014399251192398594,0.0002527745040216499,0.0,0.0,1,0,0.0,Chidi Abasilim,1.0,0,1,0,0,0,2020-05-20 23:53:46,2020-05-20 23:53:46,Peripheral learner,7,1
28263,1,0,1,0,0.00014399251192398594,0.0002527745040216499,0.0,0.0,1,39,0.0,brucehamiltonafk,1.0,0,1,0,0,0,2020-05-17 23:16:13,2020-05-17 23:16:13,Peripheral learner,0,1
28149,1,0,1,0,0.00014399251192398594,0.0002527745040216499,0.0,0.0,1,13,0.0,Pulkit Ahuja,1.0,0,0,0,1,0,2020-05-12 11:41:15,2020-05-12 11:41:15,Peripheral learner,,0
27712,1,0,1,0,0.00014399251192398594,0.0002527745040216499,0.0,0.0,1,25,0.0,livelinks,1.0,0,0,0,1,0,2020-04-24 14:00:38,2020-04-24 14:00:38,Peripheral learner,,0
27997,1,0,1,0,0.00014399251192398594,0.0002527745040216499,0.0,0.0,1,1,0.0,Маргарита Андрианова,1.0,0,1,0,0,0,2020-05-30 11:09:10,2020-05-30 11:09:10,Peripheral learner,16,1
34830,1,0,1,0,0.00014399251192398594,0.0002527745040216499,0.0,0.0,1,35,0.0,Uros ,101.0,0,0,0,1,0,2021-12-19 09:56:19,2021-12-19 09:56:19,Peripheral learner,,0
27675,1,3,1,6,0.00014399251192398594,0.00043692859165568153,0.00013230220778365153,0.16666666666666666,2,4,0.375,JoeH,15.0,3,2,0,4,1,2020-04-21 19:43:52,2020-08-08 07:20:03,Active participant,5,1
28596,1,0,1,0,0.00014399251192398594,0.0002527745040216499,0.0,0.0,1,0,0.0,jrobson,11.0,0,1,0,0,1,2020-06-29 04:10:36,2020-06-29 04:10:36,Peripheral learner,10,1
28806,1,2,1,2,0.00014399251192398594,0.0006826591752771412,0.0006500096496635092,0.0,1,17,0.0,PaulCR,149.0,0,1,0,0,14,2020-11-18 14:56:58,2020-11-18 14:56:58,Active participant,0,1
28805,1,0,1,0,0.00014399251192398594,0.0002527745040216499,0.0,0.0,1,3,0.0,Justin L,1.0,0,1,0,0,0,2020-06-20 16:25:59,2020-06-20 16:25:59,Peripheral learner,7,1
29401,1,0,1,0,0.00014399251192398594,0.0002527745040216499,0.0,0.0,1,0,0.0,MrAwesome,1.0,0,1,0,0,0,2020-08-08 05:21:27,2020-08-08 05:21:27,Peripheral learner,6,1
27606,1,2,1,3,0.00014399251192398594,0.00026572253493661055,0.00017104139082332252,0.3333333333333333,2,0,0.6666666666666667,Kalahari,13.0,2,1,0,2,1,2020-04-18 10:39:53,2020-05-22 14:33:27,Active participant,2,1
29007,1,0,1,0,0.00014399251192398594,0.0002527745040216499,0.0,0.0,1,12,0.0,hannahjg,11.0,0,1,0,0,1,2020-07-12 20:54:44,2020-07-12 20:54:44,Peripheral learner,2,1
28830,1,0,1,0,0.00014399251192398594,0.0002527745040216499,0.0,0.0,1,6,0.0,enszrlu,26.0,0,1,1,0,1,2020-06-21 21:02:06,2020-06-21 21:02:06,Peripheral learner,4,1
35417,1,0,1,0,0.00014399251192398594,0.0002527745040216499,0.0,0.0,1,10,0.0,Vahram,1.0,0,0,0,1,0,2022-03-18 09:40:24,2022-03-18 09:40:24,Peripheral learner,,0
28604,1,0,1,0,0.00014399251192398594,0.0002527745040216499,0.0,0.0,1,6,0.0,Mohamad Chaltaf,31.0,0,1,0,0,3,2020-06-06 18:25:36,2020-06-06 18:25:36,Peripheral learner,9,1
25723,1,0,1,0,0.00014399251192398594,0.0002527745040216499,0.0,0.0,1,1,0.0,calnet,1.0,0,0,0,1,0,2023-01-29 16:36:11,2023-01-29 16:36:11,Peripheral learner,,0
26091,1,0,1,0,0.00014399251192398594,0.0002527745040216499,0.0,0.0,1,5,0.0,Tanya,1.0,0,0,0,1,0,2020-03-09 22:34:52,2020-03-09 22:34:52,Peripheral learner,,0
28539,1,2,1,2,0.00014399251192398594,0.0002597281616185194,2.4037537017807e-06,0.6666666666666666,2,11,0.4444444444444444,Olga Melnikova,1.0,1,1,0,1,0,2020-06-11 19:40:54,2020-07-06 11:27:50,Active participant,0,1
37292,1,0,1,0,0.00014399251192398594,0.0002527745040216499,0.0,0.0,1,45,0.0,bon_homie,111.0,0,1,0,0,1,2023-03-04 16:37:42,2023-03-04 16:37:42,Peripheral learner,12,1
36642,1,0,2,0,0.00014399251192398594,0.0002527745040216499,0.0,0.0,1,1,0.0,Kirsten,26.0,0,1,1,1,1,2022-08-21 18:44:38,2022-08-24 01:50:47,Peripheral learner,2,1
36632,1,0,1,0,0.00014399251192398594,0.0002527745040216499,0.0,0.0,1,0,0.0,Imtiyaz Tariq,1.0,0,0,0,1,0,2022-08-20 14:51:28,2022-08-20 14:51:28,Peripheral learner,,0
37877,1,0,1,0,0.00014399251192398594,0.0002527745040216499,0.0,0.0,1,47,0.0,Max Krause,1.0,0,1,0,0,0,2023-01-08 14:08:41,2023-01-08 14:08:41,Peripheral learner,0,1
38127,1,0,1,0,0.00014399251192398594,0.0002527745040216499,0.0,0.0,1,28,0.0,littledebian,1.0,0,1,0,0,0,2023-02-07 16:37:53,2023-02-07 16:37:53,Peripheral learner,3,1
38314,1,0,1,0,0.00014399251192398594,0.0002527745040216499,0.0,0.0,1,0,0.0,SindreV,26.0,0,1,1,0,1,2023-02-28 21:11:00,2023-02-28 21:11:00,Peripheral learner,9,1
38481,1,0,1,0,0.00014399251192398594,0.0002527745040216499,0.0,0.0,1,1,0.0,Mersinder,1.0,0,0,0,1,0,2023-03-19 20:47:50,2023-03-19 20:47:50,Peripheral learner,,0
38555,1,0,1,0,0.00014399251192398594,0.0002527745040216499,0.0,0.0,1,50,0.0,blueetfm,1.0,0,0,0,1,0,2023-03-26 03:19:20,2023-03-26 03:19:20,Peripheral learner,,0
38524,1,0,1,0,0.00014399251192398594,0.0002527745040216499,0.0,0.0,1,49,0.0,mikesamm,1.0,0,1,0,0,0,2023-03-23 14:58:08,2023-03-23 14:58:08,Peripheral learner,9,1
38668,1,0,1,0,0.00014399251192398594,0.0002527745040216499,0.0,0.0,1,51,0.0,finnbo,1.0,0,0,0,1,0,2023-04-07 14:11:21,2023-04-07 14:11:21,Peripheral learner,,0
40127,1,1,1,1,0.00014399251192398594,0.0006534678206991841,0.0,0.0,2,2,0.0,theauthor,39.0,1,2,1,0,1,2023-09-11 00:59:26,2023-09-11 03:20:06,Active participant,0,1
25483,1,0,1,0,0.00014399251192398594,0.0002527745040216499,0.0,0.0,1,36,0.0,Steff,21.0,0,1,0,0,2,2019-10-31 00:35:12,2019-10-31 00:35:12,Peripheral learner,16,1
38799,1,0,1,0,0.00014399251192398594,0.0002527745040216499,0.0,0.0,1,51,0.0,Outdoors Lover,1.0,0,1,0,0,0,2023-04-24 03:14:08,2023-04-24 03:14:08,Peripheral learner,2,1
25663,1,0,1,0,0.00014399251192398594,0.0002527745040216499,0.0,0.0,1,3,0.0,KyleStacksALot,1.0,0,1,0,0,0,2019-12-14 01:04:35,2019-12-14 01:04:35,Peripheral learner,11,1
26150,1,0,1,0,0.00014399251192398594,0.0002527745040216499,0.0,0.0,1,3,0.0,Yasin Durak,1.0,0,1,0,0,0,2020-03-21 09:34:37,2020-03-21 09:34:37,Peripheral learner,16,1
27975,1,1,1,1,0.00014399251192398594,0.00048768716853968177,7.035124014885456e-06,0.0,2,4,0.5,NoahRS,1.0,1,1,0,3,0,2020-05-04 16:58:14,2020-05-04 17:32:31,Active participant,0,1
25885,1,2,1,2,0.00014399251192398594,0.0005751880074632683,0.0034884042921426092,0.0,1,17,0.0,Alberto Tono,99.0,1,2,0,0,-3,2020-02-25 05:44:42,2020-02-25 05:53:59,Active participant,11,2
25697,1,2,1,3,0.00014399251192398594,0.0004906353859140378,0.001328038549683871,0.0,2,3,0.0,Taras  Lysak,25.0,4,2,1,2,1,2020-01-04 18:02:23,2020-04-26 16:22:10,Active participant,10,1
23098,1,0,1,0,0.00014399251192398594,0.0002527745040216499,0.0,0.0,1,4,0.0,Karthik G M,11.0,0,1,0,0,1,2020-06-03 15:23:36,2020-06-03 15:23:36,Peripheral learner,3,1
39059,1,0,1,0,0.00014399251192398594,0.0002527745040216499,0.0,0.0,1,45,0.0,NRrugby14,1.0,0,1,0,0,0,2023-08-24 01:31:16,2023-08-24 01:31:16,Peripheral learner,12,1
39060,1,0,1,0,0.00014399251192398594,0.0002527745040216499,0.0,0.0,1,0,0.0,wrencheist,1.0,0,1,0,0,0,2023-06-03 00:13:44,2023-06-03 00:13:44,Peripheral learner,5,1
39291,1,0,1,0,0.00014399251192398594,0.0002527745040216499,0.0,0.0,1,10,0.0,jayambe36,1.0,0,1,0,0,0,2023-06-13 14:23:56,2023-06-13 14:23:56,Peripheral learner,0,1
39702,1,0,1,0,0.00014399251192398594,0.0002527745040216499,0.0,0.0,1,50,0.0,João Paulo Santos,1.0,0,1,0,0,0,2023-07-20 18:23:30,2023-07-20 18:23:30,Peripheral learner,9,1
39782,1,0,1,0,0.00014399251192398594,0.0002527745040216499,0.0,0.0,1,49,0.0,Ashrth,11.0,0,1,0,0,1,2023-07-28 22:36:33,2023-07-28 22:36:33,Peripheral learner,9,1
22307,1,0,1,0,0.00014399251192398594,0.0002527745040216499,0.0,0.0,1,36,0.0,myckhel,142.0,0,1,0,0,0,2019-11-12 02:22:42,2019-11-12 02:22:42,Peripheral learner,16,1
41058,1,2,1,7,0.00014399251192398594,0.0002615048215823244,3.6756498046448353e-05,0.6666666666666666,2,2,0.4444444444444444,Subhan SA,13.0,2,1,0,6,0,2024-01-11 17:41:54,2024-02-09 21:55:10,Active participant,0,1
34189,1,2,1,5,0.00014399251192398594,0.0003062148053306475,5.489299362611925e-07,0.6666666666666666,2,1,0.4444444444444444,Aleksei Díaz,11.0,1,1,0,4,0,2021-09-06 13:47:14,2021-09-11 17:52:26,Active participant,6,1
9740,1,0,1,0,0.00014399251192398594,0.0002527745040216499,0.0,0.0,1,11,0.0,Belen,87.0,0,0,0,1,0,2020-04-21 05:51:08,2020-04-21 05:51:08,Peripheral learner,,0
27680,1,2,1,2,0.00014399251192398594,0.0004712439608106246,0.0009750778816199376,0.0,1,25,0.4444444444444444,Shahbaaz,21.0,1,1,0,1,1,2020-04-21 20:03:56,2020-04-21 20:19:41,Active participant,16,1
40935,1,1,1,1,0.00014399251192398594,0.0002536417034215574,2.7312139522963335e-05,0.0,2,9,0.5,Ravi Mishra,1.0,0,1,0,0,-1,2023-12-26 10:33:20,2023-12-26 10:33:20,Active participant,0,1
23525,1,3,1,3,0.00014399251192398594,0.000486619671174802,0.0005742812342210747,0.16666666666666666,2,5,0.375,jiayou,17.0,2,1,0,2,1,2022-07-04 09:44:12,2022-07-07 20:22:34,Active participant,18,1
35585,1,1,1,1,0.00014399251192398594,0.0002574849588985157,0.0,1.0,2,0,0.0,Bagazega,13.0,1,1,0,1,1,2022-04-15 19:30:09,2022-04-16 06:49:32,Active participant,0,1
36114,1,1,1,1,0.00014399251192398594,0.0002574849588985157,5.845944229251894e-05,0.0,2,1,0.5,Victor,3.0,1,1,0,2,0,2022-06-20 05:23:37,2022-06-23 05:43:31,Active participant,0,1
37549,1,2,1,3,0.00014399251192398594,0.00037465327087420573,3.461405330564209e-07,0.6666666666666666,2,0,0.0,Hendrix obuks,1.0,1,0,0,3,0,2022-12-12 14:15:51,2022-12-14 05:54:09,Active participant,,0
37669,1,1,1,2,0.00014399251192398594,0.0002621954137753815,0.0006500096496635092,0.0,1,0,0.0,Santhosh,1.0,1,0,0,3,0,2022-12-12 16:57:51,2022-12-15 18:24:35,Active participant,,0
40056,1,0,2,0,0.00014297186488029166,0.0002527745040216499,0.0,0.0,1,6,0.0,backman101,1.0,0,1,0,1,0,2023-09-04 04:55:19,2023-09-04 04:57:04,Peripheral learner,17,1
38182,1,0,1,0,0.00014183032022621072,0.0002527745040216499,0.0,0.0,1,5,0.0,DINAMOW - دينامو,1.0,0,0,0,1,0,2023-02-12 13:08:13,2023-02-12 13:08:13,Peripheral learner,,0
28826,1,0,1,0,0.00014183032022621072,0.0002527745040216499,0.0,0.0,1,3,0.0,Mukheem Mohammed,1.0,0,1,0,0,0,2020-06-21 12:56:37,2020-06-21 12:56:37,Peripheral learner,17,1
40772,1,2,1,2,0.0001407492243773231,0.0004719769585675871,0.0006974945373406441,0.0,2,16,0.4444444444444444,Seamus Connolly,11.0,1,1,0,2,1,2023-12-03 18:56:46,2023-12-12 09:29:48,Active participant,0,1
40777,1,0,1,0,0.0001407492243773231,0.0002527745040216499,0.0,0.0,1,16,0.0,Prashansa,1.0,0,0,0,1,0,2023-12-04 07:26:28,2023-12-04 07:26:28,Peripheral learner,,0
29421,2,0,2,0,0.0001404113984112697,0.0002527745040216499,4.6612343081709625e-06,0.0,2,12,0.5,snk,26.0,0,2,1,0,1,2020-08-10 09:59:02,2020-08-10 18:50:55,Peripheral learner,9,2
28618,2,0,2,0,0.0001404113984112697,0.0002527745040216499,6.6057399911024385e-06,0.0,2,4,0.0,CurlJBC,11.0,0,2,0,0,1,2020-06-07 21:42:24,2020-06-07 21:49:32,Peripheral learner,4,2
28709,3,1,3,1,0.00014015560458893283,0.0002574849588985157,6.351027228326123e-05,0.3333333333333333,3,8,0.625,MO_TM,24.0,1,3,1,2,0,2020-06-13 21:31:34,2020-06-15 13:12:17,Helper,2,3
34124,2,1,2,1,0.00013990594337378565,0.00046771683964939555,0.0003250259605399792,0.3333333333333333,2,1,0.0,Siddhant Jha,11.0,0,1,0,1,1,2021-08-28 14:26:37,2021-08-28 14:28:28,Active participant,7,1
36713,1,0,1,0,0.00013985393500799473,0.0002527745040216499,0.0,0.0,1,1,0.0,Jadelcar,1.0,0,0,0,1,0,2022-08-30 12:27:39,2022-08-30 12:27:39,Peripheral learner,,0
28833,4,1,4,1,0.00013979192051682298,0.00026026426827661925,5.42785513857663e-05,0.2,4,12,0.6399999999999999,Aftab Ansari,34.0,1,5,1,1,1,2020-06-22 00:04:05,2020-06-23 19:43:01,Helper,2,4
40792,2,0,2,0,0.00013969517570872647,0.0002527745040216499,0.0,0.0,2,1,0.0,Kaley,1.0,0,0,0,2,0,2023-12-06 09:11:58,2023-12-06 09:50:49,Peripheral learner,,0
35757,1,1,2,1,0.00013845226225874611,0.0002574849588985157,0.0004874038901576304,0.0,2,9,0.5,KidAmulet,3.0,1,0,0,3,0,2022-05-13 01:36:04,2022-07-25 14:16:54,Active participant,,0
28183,2,0,2,0,0.00013811745567175135,0.0002527745040216499,3.028729664243683e-07,0.0,2,12,0.5,Pelux,26.0,0,1,1,1,1,2020-06-04 01:19:12,2020-06-04 17:42:44,Peripheral learner,,0
26031,1,0,1,0,0.00013787818852253246,0.0002527745040216499,0.0,0.0,1,1,0.0,Pushpit Bhardwaj,51.0,0,1,0,0,5,2020-02-29 02:19:08,2020-02-29 02:19:08,Peripheral learner,15,1
31596,2,0,3,0,0.00013683028489855348,0.0002527745040216499,1.62817852701428e-06,0.0,2,11,0.5,Rajat Shenoi,126.0,0,1,1,2,1,2021-02-12 08:26:37,2021-02-12 10:03:55,Helper,0,1
27314,1,0,2,0,0.000135397839493467,0.0002527745040216499,0.0,0.0,1,4,0.0,xemeds,126.0,0,1,1,1,1,2020-04-01 15:01:25,2020-04-01 15:36:38,Peripheral learner,8,1
36075,1,0,2,0,0.000135397839493467,0.0002527745040216499,0.0,0.0,1,24,0.0,Namy,11.0,0,1,0,1,1,2022-06-15 22:25:46,2022-06-15 22:57:44,Peripheral learner,1,1
31928,1,0,2,0,0.000135397839493467,0.0002527745040216499,0.0,0.0,1,6,0.0,Jacob,1.0,0,0,0,2,0,2021-02-23 01:24:27,2021-02-23 01:25:05,Peripheral learner,,0
36829,2,4,2,4,0.00013539783949346698,0.0002954215115189802,0.003410334579845367,0.4,4,9,0.7222222222222222,Michael,3.0,4,2,0,2,0,2022-09-12 17:01:28,2023-09-27 11:25:24,Active participant,0,2
31995,2,1,2,1,0.0001344653900843581,0.00046771683964939555,0.0012585669781931485,0.0,2,7,0.4444444444444444,Scene,140.0,0,2,0,0,4,2021-03-06 20:06:04,2021-03-13 02:35:27,Active participant,4,1
27423,1,0,2,0,0.0001344373690561743,0.0002527745040216499,0.0,0.0,1,1,0.0,Julien Mills,16.0,0,2,1,0,0,2020-04-08 15:43:51,2020-04-09 01:48:49,Peripheral learner,0,2
39138,1,0,1,0,0.00013372214532415095,0.0002527745040216499,0.0,0.0,1,18,0.0,Luis Rivera,1.0,0,0,0,1,0,2023-05-30 02:58:24,2023-05-30 02:58:24,Peripheral learner,,0
38313,1,0,1,0,0.00013372214532415095,0.0002527745040216499,0.0,0.0,1,18,0.0,Snozm,1.0,0,0,0,1,0,2023-02-28 18:13:20,2023-02-28 18:13:20,Peripheral learner,,0
40187,1,0,1,0,0.00013372214532415095,0.0002527745040216499,0.0,0.0,1,18,0.0,akro,1.0,0,0,0,1,0,2023-09-17 19:42:41,2023-09-17 19:42:41,Peripheral learner,,0
37000,1,0,1,0,0.0001331429899740038,0.0002527745040216499,0.0,0.0,1,10,0.0,Tyssan,1.0,0,0,0,1,0,2022-09-30 14:08:56,2022-09-30 14:08:56,Peripheral learner,,0
29823,1,0,1,0,0.0001331429899740038,0.0002527745040216499,0.0,0.0,1,10,0.0,Daniel Paul,1.0,0,0,0,1,0,2020-09-26 23:47:29,2020-09-26 23:47:29,Peripheral learner,,0
34980,1,0,1,0,0.0001331429899740038,0.0002527745040216499,0.0,0.0,1,10,0.0,Nafiur Rahman,1.0,0,0,0,1,0,2022-01-07 23:44:19,2022-01-07 23:44:19,Peripheral learner,,0
36598,1,0,1,0,0.0001331429899740038,0.0002527745040216499,0.0,0.0,1,10,0.0,IJustWantAJob,1.0,0,0,0,1,0,2022-08-17 11:53:13,2022-08-17 11:53:13,Peripheral learner,,0
36030,1,0,1,0,0.0001331429899740038,0.0002527745040216499,0.0,0.0,1,10,0.0,L0nelyPlut0,1.0,0,0,0,1,0,2022-06-11 11:45:21,2022-06-11 11:45:21,Peripheral learner,,0
28218,1,0,2,0,0.00013280320945613676,0.0002527745040216499,0.0,0.0,1,8,0.0,Juliet,1.0,0,1,0,1,0,2020-05-17 20:45:21,2020-05-18 17:05:38,Peripheral learner,16,1
28352,1,0,2,0,0.00013280320945613676,0.0002527745040216499,0.0,0.0,1,8,0.0,cristobal chavez,11.0,1,0,0,2,0,2020-05-23 01:51:42,2020-05-30 19:57:36,Peripheral learner,,0
37542,1,0,1,0,0.00012966805787312103,0.0002527745040216499,0.0,0.0,1,1,0.0,Thiago Carvalho,1.0,0,1,0,0,0,2022-11-26 23:31:08,2022-11-26 23:31:08,Peripheral learner,8,1
35958,1,0,1,0,0.00012966805787312103,0.0002527745040216499,0.0,0.0,1,1,0.0,PlaySkillfully,1.0,0,0,0,1,0,2022-10-13 03:45:54,2022-10-13 03:45:54,Peripheral learner,,0
37980,1,0,2,0,0.00012966805787312103,0.0002527745040216499,0.0,0.0,1,18,0.0,José María Reyes Retana Tamayo,1.0,0,0,0,2,0,2023-01-18 22:30:26,2023-01-30 14:15:32,Peripheral learner,,0
42924,1,0,1,0,0.00012966805787312103,0.0002527745040216499,0.0,0.0,1,1,0.0,O' Bieito,1.0,0,1,0,0,0,2024-05-23 11:32:46,2024-05-23 11:32:46,Peripheral learner,8,1
37978,1,0,2,0,0.00012966805787312103,0.0002527745040216499,0.0,0.0,1,1,0.0,ASZ,1.0,0,2,0,0,0,2023-01-18 21:41:20,2023-01-18 22:13:30,Peripheral learner,0,1
39996,1,0,1,0,0.00012966805787312103,0.0002527745040216499,0.0,0.0,1,46,0.0,CedBad,1.0,0,1,0,0,0,2023-08-27 11:37:37,2023-08-27 11:37:37,Peripheral learner,7,1
40273,1,0,1,0,0.00012966805787312103,0.0002527745040216499,0.0,0.0,1,2,0.0,Why,1.0,0,1,0,0,0,2023-09-25 06:00:09,2023-09-25 06:00:09,Peripheral learner,8,1
40622,1,0,1,0,0.00012966805787312103,0.0002527745040216499,0.0,0.0,1,33,0.0,Daquietus,1.0,0,0,0,1,0,2023-11-10 17:42:53,2023-11-10 17:42:53,Peripheral learner,,0
42383,1,0,1,0,0.00012966805787312103,0.0002527745040216499,0.0,0.0,1,2,0.0,Carlos Martinez Ival,1.0,0,1,0,0,0,2024-03-01 00:23:50,2024-03-01 00:23:50,Peripheral learner,0,1
42587,1,0,1,0,0.00012966805787312103,0.0002527745040216499,0.0,0.0,1,33,0.0,Luisa Sayuri,1.0,0,0,0,1,0,2024-04-03 18:45:53,2024-04-03 18:45:53,Peripheral learner,,0
23868,1,3,1,4,0.00012966805787312103,0.00027589788962770635,0.00011813205683090752,0.5,3,0,0.625,rashad,5.0,3,0,0,4,0,2019-07-08 20:49:50,2019-07-24 21:04:48,Active participant,,0
40160,1,0,1,0,0.00012966805787312103,0.0002527745040216499,0.0,0.0,1,9,0.0,StealStreet,1.0,0,1,0,0,0,2023-09-13 17:32:01,2023-09-13 17:32:01,Peripheral learner,0,1
40170,1,0,1,0,0.00012966805787312103,0.0002527745040216499,0.0,0.0,1,32,0.0,MariovdBerg,1.0,0,0,0,1,0,2023-09-15 12:47:55,2023-09-15 12:47:55,Peripheral learner,,0
48554,1,0,1,0,0.00012966805787312103,0.0002527745040216499,0.0,0.0,1,2,0.0,Luis Fernández,1.0,0,1,0,0,0,2026-08-25 05:19:44,2026-08-25 05:19:44,Peripheral learner,15,1
43636,1,0,1,0,0.00012966805787312103,0.0002527745040216499,0.0,0.0,1,2,0.0,Su Xiaowei,1.0,0,1,0,0,0,2024-09-22 02:30:48,2024-09-22 02:30:48,Peripheral learner,0,1
42980,1,0,1,0,0.00012966805787312103,0.0002527745040216499,0.0,0.0,1,32,0.0,Aaron Warren,1.0,0,0,0,1,0,2024-06-02 16:00:14,2024-06-02 16:00:14,Peripheral learner,,0
37141,1,0,1,0,0.00012966805787312103,0.0002527745040216499,0.0,0.0,1,10,0.0,clazzy,1.0,0,1,0,0,0,2022-10-18 05:15:10,2022-10-18 05:15:10,Peripheral learner,0,1
40918,1,1,1,2,0.00012966805787312103,0.000254508902821465,3.660436137071646e-05,0.0,2,2,0.5,fazliddin fayziev,11.0,0,1,0,0,1,2023-12-23 01:33:35,2023-12-23 01:33:35,Active participant,6,1
39354,1,0,1,0,0.00012966805787312103,0.0002527745040216499,0.0,0.0,1,0,0.0,Mudit Golchha,1.0,0,1,0,0,0,2023-06-17 16:00:41,2023-06-17 16:00:41,Peripheral learner,3,1
35194,1,0,1,0,0.00012966805787312103,0.0002527745040216499,0.0,0.0,1,7,0.0,Prem,1.0,0,1,0,0,0,2022-02-10 09:07:54,2022-02-10 09:07:54,Peripheral learner,0,1
35198,1,0,1,0,0.00012966805787312103,0.0002527745040216499,0.0,0.0,1,10,0.0,Code_Newty,1.0,0,0,0,1,0,2022-02-10 17:04:39,2022-02-10 17:04:39,Peripheral learner,,0
28334,1,0,1,0,0.00012966805787312103,0.0002527745040216499,0.0,0.0,1,1,0.0,elev8eng,1.0,0,0,0,1,0,2020-05-22 00:28:15,2020-05-22 00:28:15,Peripheral learner,,0
28759,1,0,1,0,0.00012966805787312103,0.0002527745040216499,0.0,0.0,1,4,0.0,eho1995,1.0,0,1,0,0,0,2020-06-16 14:37:19,2020-06-16 14:37:19,Peripheral learner,0,1
31655,1,0,1,0,0.00012966805787312103,0.0002527745040216499,0.0,0.0,1,6,0.0,Alba del Castillo,1.0,0,1,0,0,0,2021-01-14 17:36:03,2021-01-14 17:36:03,Peripheral learner,14,1
31474,1,0,1,0,0.00012966805787312103,0.0002527745040216499,0.0,0.0,1,6,0.0,Mazen mohammed,11.0,0,1,0,0,1,2020-12-24 09:30:14,2020-12-24 09:30:14,Peripheral learner,5,1
32817,1,0,1,0,0.00012966805787312103,0.0002527745040216499,0.0,0.0,1,4,0.0,Daniel,21.0,0,1,0,0,2,2021-12-05 15:51:41,2021-12-05 15:51:41,Peripheral learner,18,1
35689,1,0,1,0,0.00012966805787312103,0.0002527745040216499,0.0,0.0,1,5,0.0,achaean-geminali,1.0,0,0,0,1,0,2022-05-02 23:51:51,2022-05-02 23:51:51,Peripheral learner,,0
35633,1,2,1,2,0.00012966805787312103,0.0006826591752771412,0.0006500519210799584,0.0,1,9,0.0,HandOfGod,1.0,0,1,0,0,-2,2022-04-24 06:54:29,2022-04-24 06:54:29,Active participant,0,1
36163,1,0,1,0,0.00012966805787312103,0.0002527745040216499,0.0,0.0,1,1,0.0,areks123,11.0,0,1,0,0,1,2022-06-28 12:53:04,2022-06-28 12:53:04,Peripheral learner,7,1
38994,1,1,1,1,0.00012966805787312103,0.00032466628181655255,0.0,0.0,2,2,0.0,weary-explanation-91,11.0,1,1,0,1,0,2023-05-12 17:28:38,2023-05-16 21:35:23,Active participant,6,1
23520,1,0,1,0,0.00012966805787312103,0.0002527745040216499,0.0,0.0,1,3,0.0,Eliqwa,3.0,0,1,0,0,0,2019-06-25 06:10:32,2019-06-25 06:10:32,Peripheral learner,0,1
25451,1,1,1,1,0.00012966805787312103,0.00029101985450244585,2.419623790047861e-06,0.0,2,3,0.5,Sergei Iakimchuk,21.0,0,1,0,0,2,2019-10-29 09:09:10,2019-10-29 09:09:10,Active participant,11,1
27957,1,0,1,0,0.00012966805787312103,0.0002527745040216499,0.0,0.0,1,1,0.0,Eze A.,1.0,0,1,0,0,0,2020-05-04 05:35:27,2020-05-04 05:35:27,Peripheral learner,16,1
29929,1,0,1,0,0.00012966805787312103,0.0002527745040216499,0.0,0.0,1,1,0.0,tscozzafava,1.0,0,1,0,0,0,2020-10-08 16:41:21,2020-10-08 16:41:21,Peripheral learner,0,1
29919,1,0,1,0,0.00012966805787312103,0.0002527745040216499,0.0,0.0,1,30,0.0,Saarth Jain,1.0,0,0,0,1,0,2020-10-13 06:19:15,2020-10-13 06:19:15,Peripheral learner,,0
28593,1,0,1,0,0.00012966805787312103,0.0002527745040216499,0.0,0.0,1,8,0.0,xjcl,111.0,0,1,0,0,1,2020-06-05 17:36:19,2020-06-05 17:36:19,Peripheral learner,10,1
28283,1,1,1,1,0.00012966805787312103,0.00046771683964939555,1.3859480803059897e-06,0.0,1,22,0.0,Pratham Dave,9.0,1,1,0,0,-1,2020-05-19 05:33:58,2020-07-06 09:46:29,Active participant,16,1
25268,1,0,1,0,0.00012966805787312103,0.0002527745040216499,0.0,0.0,1,30,0.0,PersonWithName,101.0,0,0,0,1,0,2019-09-20 23:41:51,2019-09-20 23:41:51,Peripheral learner,,0
25897,1,0,1,0,0.00012966805787312103,0.0002527745040216499,0.0,0.0,1,3,0.0,lovercash,1.0,0,1,0,0,0,2020-03-08 20:46:19,2020-03-08 20:46:19,Peripheral learner,10,1
25508,1,0,1,0,0.00012966805787312103,0.0002527745040216499,0.0,0.0,1,22,0.0,sam a,1.0,0,1,0,0,0,2019-11-06 18:51:05,2019-11-06 18:51:05,Peripheral learner,16,1
24182,1,0,1,0,0.00012966805787312103,0.0002527745040216499,0.0,0.0,1,29,0.0,Linux Geek,101.0,0,0,0,1,0,2019-09-01 22:46:51,2019-09-01 22:46:51,Peripheral learner,,0
24061,1,0,1,0,0.00012966805787312103,0.0002527745040216499,0.0,0.0,1,29,0.0,AgataMaria,11.0,0,1,0,0,0,2019-08-10 16:54:59,2019-08-10 16:54:59,Peripheral learner,0,1
27328,1,0,1,0,0.00012966805787312103,0.0002527745040216499,0.0,0.0,1,1,0.0,dragoogm,21.0,0,1,0,0,2,2020-04-15 19:50:54,2020-04-15 19:50:54,Peripheral learner,0,1
25816,1,0,1,0,0.00012966805787312103,0.0002527745040216499,0.0,0.0,1,3,0.0,sethcozean,1.0,0,1,0,0,0,2020-03-16 20:16:19,2020-03-16 20:16:19,Peripheral learner,16,1
27471,1,0,1,0,0.00012966805787312103,0.0002527745040216499,0.0,0.0,1,5,0.0,Joel Vergara,1.0,0,0,0,1,0,2020-04-11 12:29:38,2020-04-11 12:29:38,Peripheral learner,,0
44646,1,0,1,0,0.00012966805787312103,0.0002527745040216499,0.0,0.0,1,10,0.0,M Florida,1.0,0,1,0,0,0,2025-04-25 17:04:14,2025-04-25 17:04:14,Peripheral learner,0,1
7209,1,0,1,0,0.00012966805787312103,0.0002527745040216499,0.0,0.0,1,5,0.0,ricmarques,101.0,0,1,0,0,0,2019-11-16 22:34:17,2019-11-16 22:34:17,Peripheral learner,0,1
44377,1,0,1,0,0.00012966805787312103,0.0002527745040216499,0.0,0.0,1,2,0.0,Passeris,1.0,0,1,0,0,0,2025-02-13 16:23:18,2025-02-13 16:23:18,Peripheral learner,0,1
23833,1,0,1,0,0.00012966805787312103,0.0002527745040216499,0.0,0.0,1,22,0.0,Nikola,71.0,0,1,0,0,7,2019-07-02 08:35:43,2019-07-02 08:35:43,Peripheral learner,16,1
40675,1,1,1,2,0.00012966805787312103,0.0002598287463441081,0.0,1.0,2,1,0.0,Fergus Argyll,1.0,1,0,0,3,0,2023-11-18 21:18:23,2023-11-23 00:16:26,Active participant,,0
29632,1,1,1,2,0.00012966805787312103,0.0002621954137753815,0.0,1.0,2,0,0.0,Sayyed Gauss,3.0,1,0,0,3,0,2020-09-02 11:09:36,2020-09-17 12:36:14,Active participant,,0
25331,1,2,1,3,0.00012966805787312103,0.0004075286675724681,4.506854343302942e-05,0.0,2,5,0.4444444444444444,Canderson115,25.0,2,1,0,3,2,2019-10-04 15:59:21,2019-12-06 13:34:39,Active participant,0,1
26046,1,1,1,4,0.00012966805787312103,0.0002986115965509346,0.0,1.0,2,3,0.0,Hama Ijaz,11.0,3,1,0,8,0,2020-03-01 17:37:53,2020-03-11 16:48:37,Active participant,10,1
42628,1,0,1,0,0.00012966805787312103,0.0002527745040216499,0.0,0.0,1,0,0.0,Konark Mittal,11.0,0,1,0,0,1,2024-04-09 22:55:20,2024-04-09 22:55:20,Peripheral learner,0,1
42729,1,0,1,0,0.00012966805787312103,0.0002527745040216499,0.0,0.0,1,9,0.0,Arjun,1.0,0,1,0,0,0,2024-04-24 06:45:33,2024-04-24 06:45:33,Peripheral learner,0,1
44413,1,0,1,0,0.00012966805787312103,0.0002527745040216499,0.0,0.0,1,10,0.0,Divyansh Gupta,1.0,0,1,0,0,0,2025-02-20 09:48:16,2025-02-20 09:48:16,Peripheral learner,0,1
34837,1,0,1,0,0.00012916260283563698,0.0002527745040216499,0.0,0.0,1,1,0.0,marceline,101.0,0,0,0,1,0,2021-12-21 10:19:47,2021-12-21 10:19:47,Peripheral learner,,0
28264,1,2,1,2,0.00012916260283563698,0.00036732001700581307,0.0002306989150346076,0.0,2,4,0.4444444444444444,Aymene Cherradi,3.0,1,0,0,2,0,2020-05-21 01:01:38,2020-05-24 00:22:12,Active participant,,0
31351,1,0,1,0,0.00012916260283563698,0.0002527745040216499,0.0,0.0,1,1,0.0,theonerishi,1.0,0,0,0,1,0,2020-12-07 21:18:44,2020-12-07 21:18:44,Peripheral learner,,0
29754,1,0,1,0,0.00012819558499076357,0.0002527745040216499,0.0,0.0,1,5,0.0,Kahan Bhalani,101.0,0,0,0,1,0,2020-09-17 05:14:01,2020-09-17 05:14:01,Peripheral learner,,0
42755,2,0,2,0,0.00012787750111676292,0.0002527745040216499,0.0001701413286112995,0.0,2,8,0.0,elsevier,1.0,0,2,0,0,0,2024-05-21 21:14:21,2024-05-22 19:08:24,Peripheral learner,9,2
24131,1,0,3,0,0.00012445916549098834,0.0002527745040216499,0.0,0.0,1,5,0.0,Mina Yossry,1.0,0,0,0,3,0,2019-08-23 13:36:45,2019-08-23 16:09:11,Helper,,0
28632,2,0,2,0,0.00012358016490150346,0.0002527745040216499,0.0,0.0,2,0,0.0,andreSmol,136.0,0,2,1,0,2,2020-06-22 08:02:09,2020-07-09 10:06:43,Peripheral learner,0,1
40079,1,0,2,0,0.00012250583084768858,0.0002527745040216499,0.0,0.0,1,9,0.0,aladinus,11.0,0,2,0,0,1,2023-09-06 08:29:13,2023-09-06 08:56:37,Peripheral learner,0,1
23931,1,2,1,2,0.00012250583084768858,0.0004724272945262613,0.00046202753657973415,0.0,2,3,0.4444444444444444,Harshita Nag,21.0,1,1,0,0,0,2019-07-24 16:29:21,2019-07-28 12:21:22,Active participant,1,1
40030,1,0,1,0,0.00012250583084768858,0.0002527745040216499,0.0,0.0,1,2,0.0,moneuron,1.0,0,0,0,1,0,2023-08-31 17:27:55,2023-08-31 17:27:55,Peripheral learner,,0
39794,1,0,1,0,0.00012250583084768858,0.0002527745040216499,0.0,0.0,1,1,0.0,Zia Ullah Khan,1.0,0,1,0,0,0,2023-07-30 12:55:03,2023-07-30 12:55:03,Peripheral learner,16,1
40036,1,0,1,0,0.00012250583084768858,0.0002527745040216499,0.0,0.0,1,2,0.0,fallenangel83,1.0,0,0,0,1,0,2023-09-01 06:46:56,2023-09-01 06:46:56,Peripheral learner,,0
39935,1,0,1,0,0.00012250583084768858,0.0002527745040216499,0.0,0.0,1,1,0.0,SakT,1.0,0,0,0,1,0,2023-08-17 20:40:29,2023-08-17 20:40:29,Peripheral learner,,0
35713,1,0,1,0,0.00012250583084768858,0.0002527745040216499,0.0,0.0,1,7,0.0,Soham Sarkar,1.0,0,1,0,0,0,2022-05-07 07:42:54,2022-05-07 07:42:54,Peripheral learner,4,1
31115,1,3,1,8,0.00012250583084768858,0.0002984091933701797,0.00020617737828134677,0.5,3,6,0.625,dillon__nguyen,33.0,6,1,0,3,1,2020-11-03 20:07:48,2020-12-21 16:46:55,Active participant,15,1
36167,1,0,1,0,0.00012250583084768858,0.0002527745040216499,0.0,0.0,1,6,0.0,PurpleWitch,1.0,0,1,0,0,0,2022-06-28 04:55:55,2022-06-28 04:55:55,Peripheral learner,5,1
35187,1,0,1,0,0.00012250583084768858,0.0002527745040216499,0.0,0.0,1,7,0.0,Ola Ström,121.0,0,1,0,0,1,2022-02-09 14:15:15,2022-02-09 14:15:15,Peripheral learner,0,1
37779,1,0,1,0,0.00012250583084768858,0.0002527745040216499,0.0,0.0,1,9,0.0,Jacqueline Des Rosiers,26.0,0,1,1,0,1,2022-12-23 21:33:50,2022-12-23 21:33:50,Peripheral learner,0,1
29241,1,1,1,1,0.00012250583084768858,0.0002574849588985157,0.0,1.0,2,12,0.5,TokieSan,13.0,1,1,0,0,1,2020-07-23 17:23:43,2020-07-23 18:40:30,Active participant,3,1
39257,1,0,1,0,0.00012250583084768858,0.0002527745040216499,0.0,0.0,1,11,0.0,Sunnat Amirov,101.0,0,1,0,0,0,2023-06-10 12:42:32,2023-06-10 12:42:32,Peripheral learner,15,1
39386,1,0,1,0,0.00012250583084768858,0.0002527745040216499,0.0,0.0,1,1,0.0,Kareem R.,16.0,0,1,1,0,0,2023-06-20 10:06:59,2023-06-20 10:06:59,Peripheral learner,0,1
23769,1,1,1,1,0.00012250583084768858,0.0002574849588985157,0.0,1.0,2,0,0.0,Brooks Burris,3.0,1,0,0,3,0,2019-06-22 14:28:43,2019-06-23 23:48:49,Active participant,,0
43990,1,0,1,0,0.00012250583084768858,0.0002527745040216499,0.0,0.0,1,1,0.0,Anna Auguste,1.0,0,1,0,0,0,2024-12-03 16:49:09,2024-12-03 16:49:09,Peripheral learner,0,1
32783,1,0,1,0,0.00012250583084768858,0.0002527745040216499,0.0,0.0,1,11,0.0,Sumit Kumar Jha,1.0,0,0,0,1,0,2021-06-28 16:22:38,2021-06-28 16:22:38,Peripheral learner,,0
31534,1,2,2,2,0.00012250583084768858,0.0002610120800597448,0.0003075942199501868,0.6666666666666666,3,1,0.4444444444444444,Luke,103.0,1,1,0,2,0,2021-01-02 12:45:54,2021-01-07 03:12:12,Active participant,2,1
26240,1,1,1,1,0.00012250583084768858,0.00026026426827661925,0.00021537699625278337,0.0,2,4,0.0,Brian Wang,1.0,1,0,0,1,0,2020-03-27 21:20:54,2020-04-04 03:28:43,Active participant,,0
27965,1,0,1,0,0.00012250583084768858,0.0002527745040216499,0.0,0.0,1,1,0.0,Danny Durand Nzi,1.0,0,0,0,1,0,2020-05-04 12:33:57,2020-05-04 12:33:57,Peripheral learner,,0
25640,1,0,1,0,0.00012250583084768858,0.0002527745040216499,0.0,0.0,1,3,0.0,Auron13,1.0,0,0,0,1,0,2019-12-07 16:08:01,2019-12-07 16:08:01,Peripheral learner,,0
28730,1,2,1,2,0.00012250583084768858,0.0002652877938238433,9.08071338051488e-05,0.3333333333333333,3,8,0.6666666666666667,Jay,1.0,1,0,0,1,0,2020-06-14 19:16:23,2020-06-18 20:23:58,Active participant,,0
24127,1,0,1,0,0.00012250583084768858,0.0002527745040216499,0.0,0.0,1,3,0.0,Pragat Pandya,1.0,0,1,0,0,0,2020-01-29 18:56:08,2020-01-29 18:56:08,Peripheral learner,3,1
27480,1,0,1,0,0.00012250583084768858,0.0002527745040216499,0.0,0.0,1,11,0.0,Facundo Frau,1.0,0,1,0,0,0,2020-05-16 14:31:13,2020-05-16 14:31:13,Peripheral learner,8,1
31316,1,0,1,0,0.00012250583084768858,0.0002527745040216499,0.0,0.0,1,3,0.0,Jonathan Robinson,1.0,0,0,0,1,0,2020-12-03 08:05:06,2020-12-03 08:05:06,Peripheral learner,,0
29285,1,0,1,0,0.00012250583084768858,0.0002527745040216499,0.0,0.0,1,1,0.0,Anna-Aleksandra,1.0,0,0,0,1,0,2020-07-28 15:47:03,2020-07-28 15:47:03,Peripheral learner,,0
42634,1,0,1,0,0.00012250583084768858,0.0002527745040216499,0.0,0.0,1,1,0.0,Mohamad Javad Jianpour,1.0,0,0,0,1,0,2024-04-10 17:08:00,2024-04-10 17:08:00,Peripheral learner,,0
46473,1,0,1,0,0.00012250583084768858,0.0002527745040216499,0.0,0.0,1,6,0.0,usha_udayam,1.0,0,1,0,0,0,2025-09-17 09:54:36,2025-09-17 09:54:36,Peripheral learner,9,1
32549,1,2,1,5,0.00012250583084768858,0.00029529062194932865,3.540358337866124e-05,0.6666666666666666,2,0,0.4444444444444444,LorenzoPeve,32.0,3,1,1,3,0,2021-05-26 01:43:13,2021-06-06 14:23:58,Active participant,13,1
32886,1,2,1,2,0.00012250583084768858,0.0005224565024287774,0.00032727587400484595,0.0,2,3,0.0,Yassen Redwan,11.0,1,0,0,2,0,2021-07-15 15:18:09,2021-07-15 16:02:37,Active participant,,0
43345,1,0,1,0,0.00012250583084768858,0.0002527745040216499,0.0,0.0,1,11,0.0,nimmi,1.0,0,1,0,0,0,2024-08-01 01:24:44,2024-08-01 01:24:44,Peripheral learner,15,1
29784,1,4,1,7,0.00012250583084768858,0.00027906676160763624,0.0002612360101686792,0.6,4,2,0.7999999999999999,Dynamo Denis,45.0,4,1,0,3,1,2020-09-23 12:46:35,2020-10-25 10:00:54,Active participant,16,1
28069,1,2,1,4,0.00012250583084768858,0.00027043021267562754,0.0002360301060611593,0.0,3,1,0.6666666666666667,TC5001,2.0,3,3,1,0,0,2020-05-08 20:22:53,2020-06-15 15:21:34,Active participant,6,3
28072,1,0,1,0,0.00012250583084768858,0.0002527745040216499,0.0,0.0,1,11,0.0,Marcus Allen,1.0,0,1,0,0,0,2020-05-08 22:52:37,2020-05-08 22:52:37,Peripheral learner,0,1
29202,1,0,1,0,0.00012250583084768858,0.0002527745040216499,0.0,0.0,1,3,0.0,Istalrì 888,11.0,0,1,0,0,1,2020-07-20 23:41:29,2020-07-20 23:41:29,Peripheral learner,3,1
28894,1,0,1,0,0.00012250583084768858,0.0002527745040216499,0.0,0.0,1,1,0.0,Gaspar Zuker,26.0,0,1,1,0,1,2020-08-25 01:56:28,2020-08-25 01:56:28,Peripheral learner,2,1
31378,1,0,1,0,0.00012250583084768858,0.0002527745040216499,0.0,0.0,1,0,0.0,Drarok,128.0,0,1,1,0,1,2020-12-10 16:49:18,2020-12-10 16:49:18,Peripheral learner,12,1
31988,1,2,1,4,0.00012250583084768858,0.000273000673252641,0.0002355491533384264,0.3333333333333333,2,0,0.6666666666666667,Nobody,23.0,1,2,0,2,2,2021-03-06 08:56:36,2021-03-09 15:39:06,Active participant,1,1
39671,1,0,1,0,0.00012250583084768858,0.0002527745040216499,0.0,0.0,1,1,0.0,Musawick,1.0,0,0,0,1,0,2023-07-18 16:39:15,2023-07-18 16:39:15,Peripheral learner,,0
39672,1,1,1,1,0.00012250583084768858,0.0002536417034215574,0.0,1.0,2,2,0.0,shakrticmi,1.0,0,1,0,0,-1,2023-07-18 18:34:46,2023-07-18 18:34:46,Active participant,0,1
32796,1,0,1,0,0.00012199550732584147,0.0002527745040216499,0.0,0.0,1,6,0.0,Fernando Cedeño,1.0,0,1,0,0,0,2021-06-30 23:53:03,2021-06-30 23:53:03,Peripheral learner,17,1
32021,1,0,1,0,0.00012199550732584147,0.0002527745040216499,0.0,0.0,1,6,0.0,Carlos ABR,1.0,0,1,0,0,0,2021-03-11 12:31:24,2021-03-11 12:31:24,Peripheral learner,17,1
25257,1,1,3,1,0.00012085300922643494,0.0002574849588985157,0.0,1.0,2,0,0.0,uroboros,118.0,1,1,1,2,0,2019-09-17 17:48:54,2019-09-19 19:51:56,Helper,11,1
32245,1,1,1,2,0.00012026744062129342,0.00026523378159747015,0.0,1.0,2,7,0.5,Orbey Paltaci,34.0,1,2,2,2,1,2021-04-10 07:34:13,2021-04-12 22:47:01,Active participant,18,2
31313,1,0,2,0,0.0001199078959772135,0.0002527745040216499,0.0,0.0,1,12,0.0,Devon,1.0,0,0,0,2,0,2020-12-02 23:39:56,2020-12-10 21:49:15,Peripheral learner,,0
28687,1,0,2,0,0.0001199078959772135,0.0002527745040216499,0.0,0.0,1,12,0.0,Felix,26.0,0,1,1,1,1,2020-07-08 14:43:29,2020-07-09 14:23:38,Peripheral learner,2,1
34197,1,0,1,0,0.00011988995807033604,0.0002527745040216499,0.0,0.0,1,12,0.0,a certain wanderer,1.0,0,0,0,1,0,2021-09-07 12:05:40,2021-09-07 12:05:40,Peripheral learner,,0
34684,1,0,1,0,0.00011988995807033604,0.0002527745040216499,0.0,0.0,1,12,0.0,Тестировщик из Кемерово,1.0,0,0,0,1,0,2021-11-20 01:11:25,2021-11-20 01:11:25,Peripheral learner,,0
34264,1,0,1,0,0.00011988995807033604,0.0002527745040216499,0.0,0.0,1,12,0.0,Drew Landis,1.0,0,0,0,1,0,2021-09-18 12:45:14,2021-09-18 12:45:14,Peripheral learner,,0
35289,1,0,1,0,0.00011988995807033604,0.0002527745040216499,0.0,0.0,1,12,0.0,Xudoyshukur Jo'rayev,1.0,0,0,0,1,0,2022-02-24 08:41:59,2022-02-24 08:41:59,Peripheral learner,,0
36205,1,0,1,0,0.00011988995807033604,0.0002527745040216499,0.0,0.0,1,12,0.0,Obada Alhomsi,1.0,0,0,0,1,0,2022-07-02 23:54:27,2022-07-02 23:54:27,Peripheral learner,,0
40835,1,0,1,0,0.00011973570601506866,0.0002527745040216499,0.0,0.0,1,9,0.0,Clara Arandiga,1.0,0,0,0,1,0,2023-12-12 20:35:05,2023-12-12 20:35:05,Peripheral learner,,0
39866,1,0,1,0,0.00011973570601506866,0.0002527745040216499,0.0,0.0,1,9,0.0,amirh_far,11.0,0,1,0,0,1,2023-08-08 13:03:45,2023-08-08 13:03:45,Peripheral learner,0,1
42925,1,0,1,0,0.00011973570601506866,0.0002527745040216499,0.0,0.0,1,9,0.0,user42925,1.0,0,1,0,0,0,2024-05-23 11:55:22,2024-05-23 11:55:22,Peripheral learner,0,1
40610,1,0,1,0,0.00011973570601506866,0.0002527745040216499,0.0,0.0,1,9,0.0,John Kelly,1.0,0,1,0,0,0,2023-11-07 18:19:46,2023-11-07 18:19:46,Peripheral learner,0,1
29896,1,0,3,0,0.00011827962296504516,0.0002527745040216499,0.0,0.0,1,6,0.0,leonardo antunes,1.0,0,0,0,3,0,2020-10-05 15:46:08,2020-10-07 00:45:28,Helper,,0
32374,1,0,1,0,0.00011820849463242912,0.0002527745040216499,0.0,0.0,1,1,0.0,Davi Lee Bang,1.0,0,1,0,0,-1,2021-04-29 02:46:45,2021-04-29 02:46:45,Peripheral learner,8,1
33982,1,0,1,0,0.00011820849463242912,0.0002527745040216499,0.0,0.0,1,3,0.0,RevolutionaryBucket,1.0,0,0,0,1,0,2021-08-02 22:04:20,2021-08-02 22:04:20,Peripheral learner,,0
29474,1,0,1,0,0.00011820849463242912,0.0002527745040216499,0.0,0.0,1,19,0.0,LSWarss,1.0,0,0,0,1,0,2020-08-15 18:42:36,2020-08-15 18:42:36,Peripheral learner,,0
31651,1,0,1,0,0.00011820849463242912,0.0002527745040216499,0.0,0.0,1,19,0.0,crimedime777,1.0,0,0,0,1,0,2021-01-14 00:44:35,2021-01-14 00:44:35,Peripheral learner,,0
29846,1,1,1,1,0.00011820849463242912,0.000314530236566722,0.0011905163330726398,0.0,2,10,0.0,Chen Yang,1.0,0,0,0,1,0,2020-09-29 21:44:16,2020-09-29 21:44:16,Active participant,,0
36453,1,0,1,0,0.00011820849463242912,0.0002527745040216499,0.0,0.0,1,0,0.0,Ron Holmes,1.0,0,0,0,1,0,2022-09-01 04:10:24,2022-09-01 04:10:24,Peripheral learner,,0
47615,1,0,1,0,0.00011820849463242912,0.0002527745040216499,0.0,0.0,1,3,0.0,CK Ong,1.0,0,1,0,0,0,2026-05-04 04:04:49,2026-05-04 04:04:49,Peripheral learner,6,1
43287,1,1,1,1,0.00011820849463242912,0.0002536417034215574,0.0,1.0,2,2,0.0,Abhishek Gupta,13.0,1,1,0,0,0,2024-07-24 12:28:36,2024-08-12 10:57:18,Active participant,7,1
38111,1,0,1,0,0.00011820849463242912,0.0002527745040216499,0.0,0.0,1,24,0.0,Moe Abuzayed,1.0,0,1,0,0,0,2023-02-04 11:06:20,2023-02-04 11:06:20,Peripheral learner,1,1
29256,1,1,1,1,0.00011820849463242912,0.0002574849588985157,0.0,1.0,2,0,0.0,John Yang,28.0,1,1,1,1,1,2020-08-31 18:20:30,2020-09-01 21:24:48,Active participant,4,1
29836,1,1,1,1,0.00011820849463242912,0.0002574849588985157,0.0,1.0,2,0,0.0,Premansh Pareek,1.0,1,0,0,1,0,2020-09-28 08:27:18,2020-10-12 20:22:21,Active participant,,0
37890,1,0,1,0,0.00011820849463242912,0.0002527745040216499,0.0,0.0,1,9,0.0,Ross Haselhurst,26.0,0,1,1,0,1,2023-01-09 15:12:14,2023-01-09 15:12:14,Peripheral learner,0,1
34292,1,0,1,0,0.00011820849463242912,0.0002527745040216499,0.0,0.0,1,1,0.0,Ziadi Lotfi,1.0,0,1,0,0,0,2021-09-21 16:51:18,2021-09-21 16:51:18,Peripheral learner,15,1
36284,1,0,1,0,0.00011820849463242912,0.0002527745040216499,0.0,0.0,1,10,0.0,Nebulonit,1.0,0,0,0,1,0,2022-08-14 13:17:57,2022-08-14 13:17:57,Peripheral learner,,0
36071,1,0,1,0,0.00011820849463242912,0.0002527745040216499,0.0,0.0,1,24,0.0,gameloft,1.0,0,1,0,0,0,2022-06-16 03:43:12,2022-06-16 03:43:12,Peripheral learner,1,1
35818,1,0,1,0,0.00011820849463242912,0.0002527745040216499,0.0,0.0,1,1,0.0,Luana Pessoa,1.0,0,0,0,1,0,2022-05-20 12:46:00,2022-05-20 12:46:00,Peripheral learner,,0
3256,1,0,1,0,0.00011820849463242912,0.0002527745040216499,0.0,0.0,1,6,0.0,memilanuk,113.0,0,1,0,0,0,2021-03-09 22:18:48,2021-03-09 22:18:48,Peripheral learner,0,1
35854,1,0,1,0,0.00011820849463242912,0.0002527745040216499,0.0,0.0,1,19,0.0,Gabriel Krupa,1.0,0,0,0,1,0,2023-01-19 23:29:02,2023-01-19 23:29:02,Peripheral learner,,0
32688,1,0,1,0,0.00011820849463242912,0.0002527745040216499,0.0,0.0,1,19,0.0,Amritpal singh,1.0,0,0,0,1,0,2021-06-13 15:32:54,2021-06-13 15:32:54,Peripheral learner,,0
27378,1,0,1,0,0.00011820849463242912,0.0002527745040216499,0.0,0.0,1,10,0.0,Juan David Garcia Hernandez,1.0,0,0,0,1,0,2020-04-08 20:01:49,2020-04-08 20:01:49,Peripheral learner,,0
34590,1,2,1,2,0.00011820849463242912,0.00027167733554705635,0.0,1.0,3,5,0.4444444444444444,givikap,13.0,1,1,0,1,1,2021-11-02 15:15:17,2021-11-02 20:47:23,Active participant,7,1
29346,1,0,1,0,0.00011820849463242912,0.0002527745040216499,0.0,0.0,1,19,0.0,i0nathan,1.0,0,1,0,0,0,2020-08-03 21:48:49,2020-08-03 21:48:49,Peripheral learner,0,1
28386,1,0,1,0,0.00011820849463242912,0.0002527745040216499,0.0,0.0,1,4,0.0,harshdeeply,11.0,0,1,0,0,1,2020-05-28 21:38:31,2020-05-28 21:38:31,Peripheral learner,3,1
32069,1,2,1,2,0.00011820849463242912,0.0005507763716749461,0.0007715274098740523,0.0,2,10,0.0,ckruf96,61.0,0,1,0,0,6,2021-03-18 07:22:00,2021-03-18 07:22:00,Active participant,0,1
27670,1,2,1,7,0.00011772825941378275,0.0005088498955070564,0.0,1.0,2,1,0.0,stormcloak,3.0,3,0,0,9,0,2020-04-21 13:56:58,2021-01-20 04:44:56,Active participant,,0
26114,1,0,1,0,0.00011772825941378275,0.0002527745040216499,0.0,0.0,1,1,0.0,Wyatt McLaren,67.0,1,1,0,1,1,2020-03-27 18:48:58,2020-03-27 19:09:14,Peripheral learner,2,1
28915,1,2,1,2,0.00011708106987269753,0.0002615036438597944,0.0001455768059960182,0.3333333333333333,3,8,0.6666666666666667,aidan ryan,1.0,1,0,0,1,0,2020-06-28 04:52:31,2020-06-28 05:09:20,Active participant,,0
28447,1,2,1,2,0.00011691117961376399,0.0007073686362849333,0.00032819891542632977,0.0,2,8,0.0,cy5266,1.0,0,1,0,0,-1,2020-05-28 08:40:05,2020-05-28 08:40:05,Active participant,1,1
29517,1,0,2,0,0.00011664582691778931,0.0002527745040216499,0.0,0.0,1,0,0.0,adgrutta,11.0,0,1,0,1,1,2020-08-19 15:14:42,2020-08-19 16:58:57,Peripheral learner,9,1
29490,1,4,2,7,0.00011664582691778931,0.0003200666164359328,0.0005946015881045561,0.5,4,12,0.6399999999999999,user29490,17.0,4,1,0,8,1,2020-08-17 06:05:54,2020-08-23 05:21:24,Active participant,8,1
36554,2,1,3,2,0.00011649657192375971,0.0002598287463441081,7.308304076216878e-05,0.3333333333333333,3,1,0.6666666666666667,Lambo-1,1.0,1,1,0,4,0,2022-08-12 09:45:28,2022-08-30 06:34:46,Helper,2,1
34254,1,2,5,2,0.00011636677911160363,0.0004712439608106246,0.0003250048248317546,0.3333333333333333,2,1,0.0,Mirela Buruiana,11.0,1,1,0,4,1,2021-10-01 16:43:58,2021-10-19 20:03:17,Helper,5,1
28265,2,2,2,2,0.0001159404560743755,0.00026337597035316934,0.00022346955929963917,0.3333333333333333,4,4,0.625,Farron Lourens,38.0,1,2,1,1,2,2020-05-18 06:10:43,2020-05-22 09:30:48,Active participant,2,2
31729,1,2,1,2,0.00011534360382225614,0.0002610120800597448,0.0001724337338046139,0.3333333333333333,3,7,0.6666666666666667,Hitham7,16.0,0,1,1,0,0,2021-01-26 02:24:59,2021-01-26 02:24:59,Active participant,0,1
38042,1,0,1,0,0.00011534360382225614,0.0002527745040216499,0.0,0.0,1,18,0.0,Juice Milner,1.0,0,1,0,0,0,2023-01-26 19:19:45,2023-01-26 19:19:45,Peripheral learner,13,1
37896,1,3,1,3,0.00011534360382225614,0.0008976015109048868,0.0028425795127075834,0.0,1,18,0.0,Ennio Cano,74.0,0,1,1,0,5,2023-01-10 15:38:06,2023-01-10 15:38:06,Active participant,13,1
38507,1,0,1,0,0.00011534360382225614,0.0002527745040216499,0.0,0.0,1,0,0.0,ha6co,11.0,0,1,0,0,1,2023-03-22 00:47:22,2023-03-22 00:47:22,Peripheral learner,0,1
36525,1,0,1,0,0.00011534360382225614,0.0002527745040216499,0.0,0.0,1,0,0.0,Gabby Gibson,1.0,0,0,0,1,0,2022-08-09 09:59:36,2022-08-09 09:59:36,Peripheral learner,,0
25680,1,1,1,1,0.00011534360382225614,0.00048768716853968177,1.1538017768547365e-06,0.0,2,1,0.5,msippel415,1.0,1,0,0,1,0,2019-12-17 14:13:42,2019-12-24 18:25:24,Active participant,,0
25439,1,0,1,0,0.00011534360382225614,0.0002527745040216499,0.0,0.0,1,5,0.0,Betty Van,1.0,0,0,0,1,0,2019-10-24 20:21:12,2019-10-24 20:21:12,Peripheral learner,,0
32219,1,0,1,0,0.00011534360382225614,0.0002527745040216499,0.0,0.0,1,7,0.0,J Bellis,11.0,0,1,0,0,1,2021-04-07 14:07:22,2021-04-07 14:07:22,Peripheral learner,1,1
27967,1,2,1,2,0.00011534360382225614,0.0005457465570190685,0.0006519319531205322,0.0,2,5,0.0,Xavier Villà Aguilar,11.0,3,1,0,1,1,2020-05-04 12:48:01,2020-06-28 12:33:02,Active participant,7,1
28755,1,0,1,0,0.00011523571357248317,0.0002527745040216499,0.0,0.0,1,12,0.0,OutisMetis,11.0,0,1,0,0,1,2020-06-16 12:28:44,2020-06-16 12:28:44,Peripheral learner,7,1
29928,1,0,1,0,0.00011523571357248317,0.0002527745040216499,0.0,0.0,1,12,0.0,Mercedes,1.0,0,1,0,0,0,2020-10-09 22:48:37,2020-10-09 22:48:37,Peripheral learner,2,1
28597,1,0,3,0,0.00011458968518800008,0.0002527745040216499,0.0,0.0,1,8,0.0,Gio Sauquillo,1.0,0,1,0,2,-1,2020-06-06 00:26:09,2020-06-06 10:50:31,Helper,14,1
31001,1,0,4,0,0.00011431177330350678,0.0002527745040216499,0.0,0.0,1,3,0.0,Rishit Raj,1.0,0,2,0,3,-1,2020-10-20 07:37:51,2020-11-06 15:25:13,Helper,0,1
23447,1,0,1,0,0.00011426250797336853,0.0002527745040216499,0.0,0.0,1,13,0.0,Voldemort's Wrath,132.0,0,1,1,0,1,2020-01-02 18:12:12,2020-01-02 18:12:12,Peripheral learner,5,1
34913,2,0,2,0,0.00011363831167334364,0.0002527745040216499,1.825931597863447e-06,0.0,2,10,0.5,Axolotl,51.0,0,2,2,0,2,2021-12-29 18:30:39,2021-12-31 00:15:48,Peripheral learner,9,2
32739,1,0,1,0,0.00011329725324356115,0.0002527745040216499,0.0,0.0,1,10,0.0,Sen Pei,1.0,0,1,0,0,0,2021-06-20 20:02:32,2021-06-20 20:02:32,Peripheral learner,0,1
23985,1,2,1,4,0.00011329725324356115,0.0003040778035833736,6.722823152960451e-06,0.6666666666666666,3,5,0.4444444444444444,Parthiban Bala,3.0,2,1,0,6,0,2019-07-27 18:48:32,2019-08-25 14:43:26,Active participant,12,1
36422,1,1,1,1,0.00011329725324356115,0.00046771683964939555,0.001259480317978068,0.0,1,20,0.0,Sifiso Lucolo Dhlamini,39.0,0,1,0,0,3,2022-07-27 10:40:46,2022-07-27 10:40:46,Active participant,0,1
23317,1,13,1,29,0.00011329725324356115,0.0023296185620815977,0.015531318511872534,0.02197802197802198,4,3,0.5612244897959182,AK2150,11.0,11,1,0,25,0,2019-06-21 13:53:38,2023-01-25 10:16:29,Active participant,5,1
36634,1,0,1,0,0.00011329725324356115,0.0002527745040216499,0.0,0.0,1,9,0.0,T_M,1.0,0,0,0,1,0,2022-08-21 09:34:57,2022-08-21 09:34:57,Peripheral learner,,0
36561,1,1,1,1,0.00011329725324356115,0.00046771683964939555,0.0003250259605399792,0.0,1,9,0.0,Zweistein,11.0,0,1,0,0,1,2022-08-12 21:40:18,2022-08-12 21:40:18,Active participant,0,1
36694,1,0,1,0,0.00011329725324356115,0.0002527745040216499,0.0,0.0,1,6,0.0,PalaDean,1.0,0,0,0,1,0,2022-08-28 12:59:32,2022-08-28 12:59:32,Peripheral learner,,0
36911,1,0,1,0,0.00011329725324356115,0.0002527745040216499,0.0,0.0,1,0,0.0,Zakaria Jaddad,1.0,0,1,0,0,0,2022-09-21 20:01:05,2022-09-21 20:01:05,Peripheral learner,18,1
27500,1,0,1,0,0.00011329725324356115,0.0002527745040216499,0.0,0.0,1,6,0.0,accounthil,1.0,0,1,0,0,0,2020-04-13 05:23:28,2020-04-13 05:23:28,Peripheral learner,2,1
31984,1,2,1,2,0.00011329725324356115,0.00047654148293341215,0.0004376638419559846,0.0,2,10,0.0,Karl Romero,1.0,0,1,0,0,-3,2021-03-05 05:11:57,2021-03-05 05:11:57,Active participant,0,1
42701,1,0,1,0,0.00011329725324356115,0.0002527745040216499,0.0,0.0,1,9,0.0,Eduardo Guerrero Hernndez ,1.0,0,0,0,1,0,2024-04-21 00:27:00,2024-04-21 00:27:00,Peripheral learner,,0
27405,1,3,1,6,0.00011329725324356115,0.000504676409541519,0.000304471505869677,0.16666666666666666,3,4,0.75,Martinf,5.0,3,1,0,5,0,2020-04-07 12:37:41,2020-05-05 08:44:15,Active participant,7,1
25936,1,0,1,0,0.00011329725324356115,0.0002527745040216499,0.0,0.0,1,5,0.0,The Wild Haggis,11.0,0,1,0,0,1,2020-02-09 01:14:25,2020-02-09 01:14:25,Peripheral learner,7,1
28125,1,0,1,0,0.00011329725324356115,0.0002527745040216499,0.0,0.0,1,3,0.0,Adhar,1.0,0,0,0,1,0,2020-05-11 16:46:33,2020-05-11 16:46:33,Peripheral learner,,0
28549,1,1,1,1,0.00011329725324356115,0.0003570937020392112,3.748219391115679e-05,0.0,2,8,0.0,MartinD,1.0,1,0,0,2,0,2020-06-03 02:09:20,2020-09-23 01:49:24,Active participant,,0
29068,1,1,1,1,0.00011329725324356115,0.0002605773389469775,2.0442734184513347e-06,0.0,2,8,0.0,KetchupFTW,1.0,1,1,0,0,0,2020-07-09 20:32:58,2020-07-09 20:35:59,Active participant,0,1
29635,1,0,1,0,0.00011329725324356115,0.0002527745040216499,0.0,0.0,1,0,0.0,MadScientist,1.0,0,0,0,1,0,2020-09-02 15:54:08,2020-09-02 15:54:08,Peripheral learner,,0
29487,1,1,1,1,0.00011329725324356115,0.0010475757923367425,2.769124264451367e-06,0.0,2,8,0.5,Lilslippery,1.0,0,1,0,0,0,2020-08-17 03:31:45,2020-08-17 03:31:45,Active participant,17,1
29826,1,0,1,0,0.00011329725324356115,0.0002527745040216499,0.0,0.0,1,10,0.0,Priyanshu Naskar,1.0,0,0,0,1,0,2020-09-27 11:57:02,2020-09-27 11:57:02,Peripheral learner,,0
31379,1,0,1,0,0.00011329725324356115,0.0002527745040216499,0.0,0.0,1,8,0.0,Amirhossein Safari,11.0,0,1,0,0,1,2020-12-10 22:30:49,2020-12-10 22:30:49,Peripheral learner,17,1
32040,1,3,1,3,0.00011329725324356115,0.0008976015109048868,0.0037736240913811,0.0,1,10,0.0,rush dee,219.0,0,1,0,0,11,2021-03-14 06:03:46,2021-03-14 06:03:46,Active participant,0,1
32190,1,0,1,0,0.00011329725324356115,0.0002527745040216499,0.0,0.0,1,12,0.0,Elaine Vuong,1.0,0,1,0,0,0,2021-04-05 02:50:12,2021-04-05 02:50:12,Peripheral learner,18,1
28663,1,0,2,0,0.00011329725324356115,0.0002527745040216499,0.0,0.0,1,0,0.0,Georgia van der Zalm,36.0,0,2,1,0,2,2020-06-11 03:53:33,2020-06-11 04:14:14,Peripheral learner,0,1
28814,1,0,1,0,0.00011329725324356115,0.0002527745040216499,0.0,0.0,1,8,0.0,Chris,1.0,0,0,0,1,0,2020-06-23 18:57:30,2020-06-23 18:57:30,Peripheral learner,,0
29739,1,3,1,3,0.00011329725324356115,0.0007365780086233182,0.0007565480329323157,0.0,2,10,0.375,Jerome S. Patrick,101.0,0,1,0,0,10,2020-09-15 23:13:06,2020-09-15 23:13:06,Active participant,0,1
29944,1,0,1,0,0.00011329725324356115,0.0002527745040216499,0.0,0.0,1,8,0.0,Nikhil Bararia,11.0,0,1,0,0,1,2020-10-12 10:18:41,2020-10-12 10:18:41,Peripheral learner,17,1
37745,1,0,1,0,0.00011329725324356115,0.0002527745040216499,0.0,0.0,1,9,0.0,maixiang,1.0,0,1,0,0,0,2022-12-20 14:46:37,2022-12-20 14:46:37,Peripheral learner,0,1
39498,1,1,1,1,0.00011329725324356115,0.0003602456718355227,0.0,1.0,2,20,0.0,TheQuietKid,1.0,0,0,0,1,0,2023-07-01 02:46:37,2023-07-01 02:46:37,Active participant,,0
37028,1,0,1,0,0.00011329725324356115,0.0002527745040216499,0.0,0.0,1,9,0.0,Ahmed abo-alata,1.0,0,0,0,1,0,2022-11-25 22:24:07,2022-11-25 22:24:07,Peripheral learner,,0
37120,1,0,1,0,0.00011329725324356115,0.0002527745040216499,0.0,0.0,1,20,0.0,Obaydullah Al Numan Hasib,1.0,0,1,0,0,-2,2022-10-15 17:43:56,2022-10-15 17:43:56,Peripheral learner,0,1
27468,1,0,1,0,0.00011246415929144893,0.0002527745040216499,0.0,0.0,1,1,0.0,Trung Nguyen,26.0,0,1,1,0,1,2020-04-11 10:30:59,2020-04-11 10:30:59,Peripheral learner,0,1
26129,1,2,1,3,0.00011246415929144893,0.0005104689255880882,0.0002999743922051262,0.0,3,4,0.6666666666666667,tacologist,3.0,1,1,0,1,0,2020-03-17 15:52:26,2020-04-08 17:15:11,Active participant,9,1
40710,1,0,1,0,0.00011176249030953991,0.0002527745040216499,0.0,0.0,1,1,0.0,Nova,1.0,0,1,0,0,0,2023-11-25 15:23:26,2023-11-25 15:23:26,Peripheral learner,0,1
38642,1,0,1,0,0.00011176249030953991,0.0002527745040216499,0.0,0.0,1,9,0.0,James Sesler,1.0,0,1,0,0,0,2023-04-04 19:24:03,2023-04-04 19:24:03,Peripheral learner,0,1
35072,1,0,1,0,0.00011176249030953991,0.0002527745040216499,0.0,0.0,1,9,0.0,sarah zaccagni,51.0,0,1,0,0,5,2022-06-22 19:44:56,2022-06-22 19:44:56,Peripheral learner,0,1
35693,1,0,1,0,0.00011176249030953991,0.0002527745040216499,0.0,0.0,1,1,0.0,Philip F,1.0,0,0,0,1,0,2022-05-17 10:46:54,2022-05-17 10:46:54,Peripheral learner,,0
36282,1,1,1,2,0.00011176249030953991,0.0002621954137753815,0.0,1.0,2,0,0.0,Amanda Alexandre,3.0,1,0,0,2,0,2022-07-12 03:13:23,2022-07-27 13:53:41,Active participant,,0
27787,1,0,1,0,0.00011176249030953991,0.0002527745040216499,0.0,0.0,1,1,0.0,FunctionalHarpy,1.0,0,0,0,1,0,2020-04-26 22:59:57,2020-04-26 22:59:57,Peripheral learner,,0
42973,1,0,1,0,0.00011176249030953991,0.0002527745040216499,0.0,0.0,1,0,0.0,wanttocode,1.0,0,1,0,0,0,2024-05-31 20:51:21,2024-05-31 20:51:21,Peripheral learner,8,1
36722,1,0,1,0,0.00011176249030953991,0.0002527745040216499,0.0,0.0,1,7,0.0,Echo94,1.0,0,0,0,1,0,2022-08-31 15:03:19,2022-08-31 15:03:19,Peripheral learner,,0
29723,1,0,1,0,0.00011176249030953991,0.0002527745040216499,0.0,0.0,1,1,0.0,Dimi3 ,1.0,0,0,0,1,0,2020-09-13 15:51:07,2020-09-13 15:51:07,Peripheral learner,,0
34061,1,1,1,1,0.00011176249030953991,0.0003244219492308984,0.0,1.0,2,6,0.0,zenZombie03,1.0,0,1,0,0,-1,2021-08-17 12:47:30,2021-08-17 12:47:30,Active participant,14,1
33970,1,0,1,0,0.00011176249030953991,0.0002527745040216499,0.0,0.0,1,1,0.0,Aahil Samnani,1.0,0,1,0,0,0,2021-07-30 20:30:10,2021-07-30 20:30:10,Peripheral learner,15,1
13477,1,0,1,0,0.00011176249030953991,0.0002527745040216499,0.0,0.0,1,1,0.0,AhWagih,141.0,0,1,0,0,1,2020-05-04 02:51:43,2020-05-04 02:51:43,Peripheral learner,7,1
31306,1,0,1,0,0.00011176249030953991,0.0002527745040216499,0.0,0.0,1,1,0.0,Saljooq Altaf,1.0,0,1,0,0,0,2020-12-02 08:37:46,2020-12-02 08:37:46,Peripheral learner,7,1
41036,1,4,1,7,0.00011176249030953991,0.0003046688473778707,0.00012194026863771467,0.4,3,2,0.5599999999999999,Stavros Marinos,33.0,2,2,1,3,2,2024-02-22 16:52:16,2024-03-18 15:57:11,Active participant,1,2
24049,1,0,3,0,0.00011133275668801396,0.0002527745040216499,0.0,0.0,1,5,0.0,ISOPARM,1.0,0,1,0,2,0,2019-08-07 21:12:27,2019-08-08 18:27:55,Helper,9,1
31733,1,0,1,0,0.00011092344027669034,0.0002527745040216499,0.0,0.0,1,12,0.0,Kutlwano ,11.0,0,1,0,0,1,2021-01-26 20:45:20,2021-01-26 20:45:20,Peripheral learner,0,1
32212,1,5,1,5,0.00011092344027669034,0.0013274861821603783,0.003489442713741779,0.0,1,12,0.0,Tristan,198.0,0,1,0,0,9,2021-04-07 02:17:30,2021-04-07 02:17:30,Active participant,0,1
40726,1,0,1,0,0.00011092344027669034,0.0002527745040216499,0.0,0.0,1,12,0.0,cry0n,1.0,0,1,0,0,0,2023-11-27 17:25:53,2023-11-27 17:25:53,Peripheral learner,0,1
34853,1,0,1,0,0.00011092344027669034,0.0002527745040216499,0.0,0.0,1,12,0.0,neatponcho,1.0,0,1,0,0,0,2021-12-23 02:38:35,2021-12-23 02:38:35,Peripheral learner,0,1
31090,1,0,1,0,0.00011092344027669034,0.0002527745040216499,0.0,0.0,1,12,0.0,Neon Wombat,11.0,0,1,0,0,1,2020-10-31 22:17:20,2020-10-31 22:17:20,Peripheral learner,0,1
37455,1,0,1,0,0.00011056878580530116,0.0002527745040216499,0.0,0.0,1,10,0.0,Andi,1.0,0,1,0,0,0,2022-11-17 14:59:21,2022-11-17 14:59:21,Peripheral learner,9,1
28282,1,0,1,0,0.00011056878580530116,0.0002527745040216499,0.0,0.0,1,0,0.0,Sow03,16.0,0,1,1,0,0,2020-05-19 05:15:57,2020-05-19 05:15:57,Peripheral learner,7,1
29378,1,2,1,6,0.00011056878580530116,0.0002838165426609482,1.5108896910558392e-05,0.6666666666666666,3,0,0.6666666666666667,Snow,11.0,3,2,0,4,1,2020-08-06 02:59:07,2020-08-21 02:54:49,Active participant,15,2
34453,1,0,1,0,0.00011056878580530116,0.0002527745040216499,0.0,0.0,1,10,0.0,NotAnima,1.0,0,1,0,0,0,2021-10-15 10:07:25,2021-10-15 10:07:25,Peripheral learner,5,1
28932,1,1,1,1,0.00011056878580530116,0.0002574849588985157,0.0,1.0,2,12,0.5,wonderfulhumanbeing,11.0,0,1,0,0,1,2020-06-29 23:55:14,2020-06-29 23:55:14,Active participant,5,1
28006,1,0,1,0,0.00011056878580530116,0.0002527745040216499,0.0,0.0,1,0,0.0,Pratishrut Kamal,1.0,0,0,0,1,0,2020-06-14 18:14:15,2020-06-14 18:14:15,Peripheral learner,,0
32076,1,1,1,1,0.00011056878580530116,0.00046771683964939555,0.0003250259605399792,0.0,1,11,0.0,crivelphagor,1.0,0,1,0,0,0,2021-03-19 16:03:10,2021-03-19 16:03:10,Active participant,3,1
28983,1,1,1,1,0.00011056878580530116,0.00047290160615770505,1.4518474755933044e-06,0.0,2,11,0.0,Graham McLeish,26.0,0,1,1,0,1,2020-07-03 20:20:26,2020-07-03 20:20:26,Active participant,18,1
27550,1,0,1,0,0.00010961382220191018,0.0002527745040216499,0.0,0.0,1,4,0.0,inline_five,1.0,0,1,0,0,0,2020-04-16 03:58:37,2020-04-16 03:58:37,Peripheral learner,2,1
37821,1,0,1,0,0.00010961382220191018,0.0002527745040216499,0.0,0.0,1,3,0.0,Matt Wise,21.0,0,1,0,0,2,2022-12-30 10:34:37,2022-12-30 10:34:37,Peripheral learner,1,1
28567,1,0,1,0,0.00010961382220191018,0.0002527745040216499,0.0,0.0,1,1,0.0,user13575825,11.0,0,1,0,0,1,2020-06-04 08:18:25,2020-06-04 08:18:25,Peripheral learner,0,1
32708,1,0,1,0,0.00010961382220191018,0.0002527745040216499,0.0,0.0,1,3,0.0,Damian Danner,36.0,0,1,1,0,2,2021-06-15 17:01:55,2021-06-15 17:01:55,Peripheral learner,16,1
24077,1,3,1,4,0.00010961382220191018,0.00029459588181169873,3.8620767333124535e-06,0.8333333333333334,4,3,0.625,Amber,9.0,4,1,0,3,0,2019-08-13 09:29:04,2019-09-28 16:25:00,Active participant,6,1
31532,1,0,1,0,0.00010961382220191018,0.0002527745040216499,0.0,0.0,1,5,0.0,sbriscoe13,1.0,0,1,0,0,0,2021-01-01 17:45:02,2021-01-01 17:45:02,Peripheral learner,16,1
29102,1,0,1,0,0.000109383376004219,0.0002527745040216499,0.0,0.0,1,1,0.0,ashish khanka,11.0,0,1,0,0,1,2020-07-12 02:13:19,2020-07-12 02:13:19,Peripheral learner,2,1
25973,1,1,2,1,0.0001084927779718425,0.00046771683964939555,0.0003250259605399792,0.0,1,3,0.0,Neal W.,1.0,0,0,0,2,0,2020-02-16 01:03:45,2020-02-16 01:09:24,Active participant,,0
26039,1,2,2,3,0.0001084927779718425,0.00027922017144752133,0.00023453033060956286,0.6666666666666666,3,1,0.4444444444444444,Bijacz,50.0,2,1,1,5,2,2020-02-29 19:26:21,2020-03-19 12:53:39,Active participant,15,1
29807,1,1,1,2,0.00010818137679682368,0.0002598287463441081,0.00013101248007790092,0.0,2,1,0.5,Gilardino,1.0,1,1,0,2,0,2023-10-26 20:36:14,2023-10-28 13:02:16,Active participant,1,1
42470,1,0,1,0,0.00010818137679682368,0.0002527745040216499,0.0,0.0,1,0,0.0,perseverans,1.0,0,0,0,1,0,2024-03-15 18:00:04,2024-03-15 18:00:04,Peripheral learner,,0
32943,1,2,1,11,0.00010818137679682368,0.0003087425568377574,0.0,1.0,3,0,0.4444444444444444,Ahmed Elbessfy,37.0,5,0,0,12,0,2021-07-26 10:45:11,2021-08-10 09:19:54,Active participant,,0
31704,1,0,1,0,0.00010818137679682368,0.0002527745040216499,0.0,0.0,1,6,0.0,Ananth,101.0,0,0,0,1,0,2021-01-23 10:47:13,2021-01-23 10:47:13,Peripheral learner,,0
32543,1,0,1,0,0.00010818137679682368,0.0002527745040216499,0.0,0.0,1,1,0.0,xxxnvcdf,1.0,0,0,0,1,0,2021-05-25 13:46:12,2021-05-25 13:46:12,Peripheral learner,,0
32585,1,0,1,0,0.00010818137679682368,0.0002527745040216499,0.0,0.0,1,0,0.0,booleanBro,1.0,0,1,0,0,0,2021-05-31 11:58:19,2021-05-31 11:58:19,Peripheral learner,7,1
25737,1,4,1,8,0.00010763043625640581,0.0009351010136084319,0.002525231313126292,0.1,3,1,0.72,Nico Damascus,1.0,3,0,0,4,0,2020-03-28 03:34:30,2020-04-09 06:54:06,Active participant,,0
40049,1,0,1,0,0.00010763043625640581,0.0002527745040216499,0.0,0.0,1,1,0.0,Achyuth Nandikotkur,1.0,0,1,0,0,0,2023-09-02 19:27:07,2023-09-02 19:27:07,Peripheral learner,9,1
37412,1,0,1,0,0.0001071582015074762,0.0002527745040216499,0.0,0.0,1,0,0.0,AbuAminu,1.0,0,1,0,0,0,2022-11-14 16:15:24,2022-11-14 16:15:24,Peripheral learner,0,1
31384,1,5,1,10,0.00010677264083594254,0.000311417024676326,0.0009194045673506928,0.4666666666666667,5,7,0.7777777777777777,BlueKhakis,140.0,3,1,1,9,2,2021-02-03 03:53:35,2021-02-25 19:26:40,Active participant,0,1
31478,1,0,1,0,0.00010677264083594254,0.0002527745040216499,0.0,0.0,1,6,0.0,iamakhilverma,126.0,0,1,1,0,1,2021-01-02 20:09:46,2021-01-02 20:09:46,Peripheral learner,5,1
30994,1,1,1,1,0.00010677264083594254,0.00026696688067019063,1.908600375967013e-05,0.0,2,6,0.5,justforjan,3.0,1,1,0,2,0,2020-10-19 07:21:36,2020-11-06 12:00:45,Active participant,7,1
26209,1,0,1,0,0.00010677264083594254,0.0002527745040216499,0.0,0.0,1,6,0.0,Rokke,26.0,0,1,1,0,1,2020-10-02 08:54:25,2020-10-02 08:54:25,Peripheral learner,0,1
31143,1,1,1,1,0.0001067489313917372,0.0002574849588985157,0.0,1.0,2,0,0.0,TechSpy,13.0,1,1,0,0,1,2020-11-07 19:40:45,2020-11-07 20:08:11,Active participant,5,1
36181,1,0,1,0,0.00010639082004046558,0.0002527745040216499,0.0,0.0,1,3,0.0,Tariq Yasiin,1.0,0,1,0,0,0,2022-06-29 13:37:58,2022-06-29 13:37:58,Peripheral learner,1,1
31484,1,0,1,0,0.00010639082004046558,0.0002527745040216499,0.0,0.0,1,8,0.0,473183469,101.0,0,1,0,0,0,2020-12-28 07:52:18,2020-12-28 07:52:18,Peripheral learner,9,1
32529,1,0,1,0,0.00010639082004046558,0.0002527745040216499,0.0,0.0,1,10,0.0,srilakshmikanthanp,101.0,0,1,0,0,0,2021-05-22 15:57:33,2021-05-22 15:57:33,Peripheral learner,9,1
27921,1,0,1,0,0.00010554266157692752,0.0002527745040216499,0.0,0.0,1,0,0.0,Mark van Bavel,1.0,0,1,0,0,0,2020-05-02 15:02:36,2020-05-02 15:02:36,Peripheral learner,0,1
29328,1,1,1,1,0.00010554266157692752,0.00026696688067019063,2.2533748701973004e-05,0.0,2,8,0.5,smitha,13.0,1,1,0,0,1,2020-08-02 07:37:28,2020-08-03 03:39:23,Active participant,7,1
37268,1,0,1,0,0.00010517674733485924,0.0002527745040216499,0.0,0.0,1,0,0.0,jay shah,16.0,0,1,1,0,0,2022-10-30 17:53:00,2022-10-30 17:53:00,Peripheral learner,1,1
24076,1,0,1,0,0.00010445701874359882,0.0002527745040216499,0.0,0.0,1,5,0.0,Sock Games,14.0,0,1,1,0,0,2019-08-15 04:19:02,2019-08-15 04:19:02,Peripheral learner,11,1
29620,1,0,1,0,0.00010445701874359882,0.0002527745040216499,0.0,0.0,1,5,0.0,Hekyl,1.0,0,1,0,0,0,2020-09-01 09:08:13,2020-09-01 09:08:13,Peripheral learner,17,1
36476,1,0,1,0,0.00010434230565442012,0.0002527745040216499,0.0,0.0,1,3,0.0,Ricky_115,1.0,0,1,0,0,0,2022-08-03 18:09:50,2022-08-03 18:09:50,Peripheral learner,0,1
37966,1,0,1,0,0.00010434230565442012,0.0002527745040216499,0.0,0.0,1,3,0.0,Mr IKS,1.0,0,0,0,1,0,2023-01-18 14:55:12,2023-01-18 14:55:12,Peripheral learner,,0
27565,1,0,1,0,0.00010434230565442012,0.0002527745040216499,0.0,0.0,1,3,0.0,slackair,1.0,0,1,0,0,0,2020-04-16 15:10:06,2020-04-16 15:10:06,Peripheral learner,14,1
28738,1,0,1,0,0.00010434230565442012,0.0002527745040216499,0.0,0.0,1,3,0.0,Edward Bernal,11.0,0,1,0,0,1,2020-06-15 17:26:55,2020-06-15 17:26:55,Peripheral learner,0,1
29094,1,0,1,0,0.00010434230565442012,0.0002527745040216499,0.0,0.0,1,3,0.0,Z Jiang,21.0,0,1,0,0,2,2020-07-11 10:55:04,2020-07-11 10:55:04,Peripheral learner,0,1
25263,1,0,1,0,0.00010434230565442012,0.0002527745040216499,0.0,0.0,1,3,0.0,MoMo,1.0,0,0,0,1,0,2019-09-18 17:00:47,2019-09-18 17:00:47,Peripheral learner,,0
27946,1,0,1,0,0.00010434230565442012,0.0002527745040216499,0.0,0.0,1,3,0.0,Vipul Saluja,11.0,0,1,0,0,1,2020-05-03 15:09:33,2020-05-03 15:09:33,Peripheral learner,14,1
33976,1,3,1,3,0.0001040886756394337,0.0002671068846601385,0.00018272483385834952,0.8333333333333334,4,1,0.625,TBH Brown,1.0,1,2,0,0,0,2021-08-11 09:04:21,2021-08-12 01:12:43,Active participant,8,2
31666,1,1,1,1,0.0001040886756394337,0.0005340272945891804,0.0,0.0,2,6,0.5,Augusto Barbosa Arraes,31.0,0,1,0,0,3,2021-01-17 00:52:33,2021-01-17 00:52:33,Active participant,15,1
32933,1,0,1,0,0.0001040886756394337,0.0002527745040216499,0.0,0.0,1,1,0.0,HARSH DEVMURARI,26.0,0,1,1,0,1,2021-09-24 06:20:25,2021-09-24 06:20:25,Peripheral learner,6,1
29380,1,0,1,0,0.0001040886756394337,0.0002527745040216499,0.0,0.0,1,1,0.0,mishka,51.0,0,1,0,0,5,2020-08-06 05:03:11,2020-08-06 05:03:11,Peripheral learner,15,1
31920,1,0,1,0,0.0001040886756394337,0.0002527745040216499,0.0,0.0,1,1,0.0,Manuel,26.0,0,1,1,0,1,2021-08-20 06:45:54,2021-08-20 06:45:54,Peripheral learner,9,1
27767,1,0,1,0,0.0001040886756394337,0.0002527745040216499,0.0,0.0,1,1,0.0,pawelduzy,26.0,0,1,1,0,1,2020-04-25 20:59:01,2020-04-25 20:59:01,Peripheral learner,8,1
42443,1,1,1,1,0.00010280970652774935,0.0002536417034215574,0.0,1.0,2,2,0.0,Manford G.,11.0,0,1,0,0,1,2024-03-09 21:47:21,2024-03-09 21:47:21,Active participant,6,1
23796,0,3,0,6,0.00010101914977139124,0.0003724160358480555,1.2973901478189781e-05,0.6666666666666666,3,3,0.4444444444444444,Amanda Ramirez,9.0,4,0,0,7,0,2019-06-27 13:43:38,2019-08-24 14:44:55,Peripheral learner,,0
29174,0,1,0,4,0.00010101914977139124,0.00027161632352911303,0.0,0.0,1,0,0.0,Kevin Rodriguez,15.0,2,0,0,4,0,2020-07-18 23:05:17,2020-08-02 17:37:30,Peripheral learner,,0
42501,0,3,0,17,0.00010101914977139124,0.00027875996280588846,0.00025187154502582143,0.3333333333333333,3,2,0.4444444444444444,Alan Shenoy,5.0,4,0,0,3,0,2024-03-21 16:36:25,2024-08-10 01:11:38,Peripheral learner,,0
40410,0,3,0,5,0.00010101914977139124,0.00027751666900659915,0.00036271167086503067,0.3333333333333333,3,1,0.6666666666666667,faeyb,7.0,3,0,0,4,0,2023-10-10 20:45:06,2023-11-08 17:03:29,Peripheral learner,,0
23974,0,1,0,3,0.00010101914977139124,0.00026690586865224725,0.0,0.0,1,0,0.0,Isaac Vernon,13.0,1,0,0,3,0,2019-07-25 20:20:32,2019-07-26 13:17:33,Peripheral learner,,0
23793,0,1,0,2,0.00010101914977139124,0.0002621954137753815,0.0,0.0,1,0,0.0,Duckyhelp,3.0,1,0,0,1,0,2019-06-27 00:02:29,2019-06-27 00:18:42,Peripheral learner,,0
40562,0,2,0,3,0.00010101914977139124,0.00026277591573022443,1.586434985131388e-05,0.0,2,2,0.0,Arman Chauhan,1.0,1,0,0,0,0,2023-11-02 14:48:08,2023-11-02 14:48:08,Peripheral learner,,0
40784,0,3,0,5,0.00010101914977139124,0.000272196825483956,0.00025187154502582143,0.3333333333333333,3,2,0.4444444444444444,bdxltk35,1.0,2,2,2,1,0,2023-12-05 04:04:37,2023-12-13 19:42:38,Peripheral learner,5,2
28810,0,1,0,1,0.00010101914977139124,0.00046771683964939555,0.0,0.0,1,53,0.0,ucchasgfrank,3.0,1,0,0,0,0,2020-06-20 16:43:00,2020-06-20 16:43:00,Peripheral learner,,0
7369,0,1,0,1,0.00010101914977139124,0.00026696688067019063,0.0,0.0,1,5,0.0,buitri84,29.0,1,0,0,1,0,2019-07-31 09:46:11,2019-08-01 02:27:43,Peripheral learner,,0
39852,0,5,0,10,0.00010101914977139124,0.000310684443188599,0.0011942278470697476,0.5,4,2,0.72,dhan8293,1.0,4,0,0,2,0,2024-01-01 12:43:49,2024-03-16 13:06:11,Peripheral learner,,0
40374,0,1,0,1,0.00010101914977139124,0.00046771683964939555,0.0,0.0,1,111,0.0,O_o,101.0,1,0,0,0,0,2023-10-05 14:33:03,2023-10-05 14:33:03,Peripheral learner,,0
37019,0,2,0,2,0.00010101914977139124,0.0002657519718072751,0.00023600719517450724,0.0,2,2,0.5,Aryan Goel,1.0,1,0,0,0,0,2022-10-02 20:17:09,2022-10-02 20:17:09,Peripheral learner,,0
21800,0,1,0,1,0.00010101914977139124,0.00046771683964939555,0.0,0.0,1,112,0.0,Brian Smith,21.0,1,1,1,1,2,2024-04-15 17:57:18,2024-04-15 18:32:21,Peripheral learner,6,1
23703,0,1,0,2,0.00010101914977139124,0.0002621954137753815,0.0,0.0,1,0,0.0,Kat,3.0,1,0,0,2,0,2019-06-12 12:40:01,2019-06-13 03:23:08,Peripheral learner,,0
23723,0,1,0,1,0.00010101914977139124,0.0002574849588985157,0.0,0.0,1,0,0.0,PlsBuffMyBrain,101.0,1,0,0,0,0,2019-06-16 20:11:07,2019-06-16 20:11:07,Peripheral learner,,0
23759,0,1,0,1,0.00010101914977139124,0.0002574849588985157,0.0,0.0,1,0,0.0,Ultor,3.0,1,0,0,2,0,2019-06-20 19:57:34,2019-06-21 08:44:02,Peripheral learner,,0
23763,0,1,0,1,0.00010101914977139124,0.0002574849588985157,0.0,0.0,1,0,0.0,Joe Charlesworth,1.0,1,0,0,0,0,2019-06-22 22:15:00,2019-06-22 22:15:00,Peripheral learner,,0
23957,0,2,0,2,0.00010101914977139124,0.0002597281616185194,0.0,1.0,2,11,0.5,Joe Wolfe,3.0,1,0,0,2,0,2019-07-21 12:42:06,2019-07-22 11:08:26,Peripheral learner,,0
42770,0,2,0,2,0.00010101914977139124,0.0002619087163303169,1.5848485501462564e-05,0.0,2,2,0.0,subhasis dehury,11.0,1,1,0,0,0,2024-05-01 07:48:23,2024-05-04 08:34:55,Peripheral learner,0,1
40511,0,2,0,3,0.00010101914977139124,0.00026277591573022443,1.5848485501462564e-05,0.0,2,2,0.0,Parth Munjal,13.0,1,0,0,0,0,2023-10-25 17:57:08,2023-10-25 17:57:08,Peripheral learner,,0
43668,0,1,0,1,0.00010101914977139124,0.00046771683964939555,0.0,0.0,1,114,0.0,Oscar Harding,13.0,1,0,0,0,0,2024-09-26 00:56:18,2024-09-26 00:56:18,Peripheral learner,,0
38589,0,1,0,1,0.00010101914977139124,0.00046771683964939555,0.0,0.0,1,116,0.0,Jayy Griff,11.0,1,0,0,0,0,2023-03-29 15:59:59,2023-03-29 15:59:59,Peripheral learner,,0
46702,0,1,0,1,0.00010101914977139124,0.00046771683964939555,0.0,0.0,1,117,0.0,Rithik Kumar R,1.0,1,0,0,0,0,2025-10-29 05:47:32,2025-10-29 05:47:32,Peripheral learner,,0
42784,0,1,0,1,0.00010101914977139124,0.0003602456718355227,0.0,0.0,1,2,0.0,Satyam Lal,11.0,1,1,0,0,1,2024-05-03 21:11:21,2024-05-07 08:28:06,Peripheral learner,3,1
40806,0,2,0,7,0.00010101914977139124,0.0002662447133298547,1.5848485501462564e-05,0.0,2,2,0.0,superpav,11.0,1,1,1,4,1,2023-12-10 23:08:32,2023-12-19 03:44:10,Peripheral learner,0,1
34592,0,2,0,2,0.00010101914977139124,0.0002610120800597448,0.0,1.0,2,1,0.5,Tressa Sharma,25.0,2,1,0,5,1,2021-11-02 18:06:30,2021-11-17 00:28:40,Peripheral learner,8,1
34605,0,1,0,2,0.00010101914977139124,0.0002621954137753815,0.0,0.0,1,0,0.0,vicraw215,1.0,1,0,0,2,0,2021-11-05 19:54:46,2021-11-07 17:32:34,Peripheral learner,,0
34642,0,3,0,3,0.00010101914977139124,0.0005046654084242396,0.0012585669781931465,0.3333333333333333,2,7,0.4444444444444444,Danae Philioti,1.0,1,0,0,0,0,2021-11-11 22:15:21,2021-11-11 22:15:21,Peripheral learner,,0
34692,0,1,0,2,0.00010101914977139124,0.0002621954137753815,0.0,0.0,1,0,0.0,Kenny Sun,1.0,1,0,0,1,0,2021-11-21 22:23:38,2021-11-22 00:20:00,Peripheral learner,,0
34707,0,1,0,1,0.00010101914977139124,0.0002574849588985157,0.0,0.0,1,0,0.0,BadboyNicholai,1.0,1,0,0,1,0,2021-11-24 15:56:01,2021-11-25 09:34:27,Peripheral learner,,0
28999,0,1,0,2,0.00010101914977139124,0.0002621954137753815,0.0,0.0,1,0,0.0,Apoorv Saxena,3.0,1,0,0,1,0,2020-07-04 03:50:49,2020-07-04 08:27:57,Peripheral learner,,0
29000,0,2,0,2,0.00010101914977139124,0.0002603725538683516,0.0,1.0,2,4,0.5,w00k3y,1.0,1,0,0,0,0,2020-07-04 04:09:26,2020-07-04 04:09:26,Peripheral learner,,0
29001,0,1,0,2,0.00010101914977139124,0.0002621954137753815,0.0,0.0,1,0,0.0,gargi,23.0,2,0,0,1,0,2020-07-04 04:37:29,2020-07-12 10:26:36,Peripheral learner,,0
35469,0,1,0,1,0.00010101914977139124,0.0002574849588985157,0.0,0.0,1,0,0.0,Jason Chu,103.0,1,0,0,1,0,2022-03-26 00:19:07,2022-03-26 22:54:56,Peripheral learner,,0
35488,0,1,0,2,0.00010101914977139124,0.0002621954137753815,0.0,0.0,1,0,0.0,javabeginner258,3.0,1,0,0,2,0,2022-03-29 19:29:49,2022-03-30 15:34:48,Peripheral learner,,0
35509,0,1,0,1,0.00010101914977139124,0.0002574849588985157,0.0,0.0,1,0,0.0,Darren,3.0,1,0,0,1,0,2022-04-01 13:32:31,2022-04-02 03:20:30,Peripheral learner,,0
35534,0,1,0,1,0.00010101914977139124,0.0002574849588985157,0.0,0.0,1,0,0.0,Nebiyu,3.0,1,0,0,1,0,2022-04-05 14:34:58,2022-04-06 08:37:14,Peripheral learner,,0
35583,0,2,0,2,0.00010101914977139124,0.0004764436100160431,0.0,1.0,2,0,0.0,Devin Ruy,21.0,1,0,0,0,0,2022-04-15 16:40:06,2022-04-15 16:40:06,Peripheral learner,,0
35622,0,1,0,1,0.00010101914977139124,0.0002574849588985157,0.0,0.0,1,0,0.0,Vali Max,1.0,1,0,0,0,0,2022-04-22 15:47:26,2022-04-22 15:47:26,Peripheral learner,,0
35049,0,1,0,1,0.00010101914977139124,0.0002574849588985157,0.0,0.0,1,0,0.0,mohammed qadi,3.0,1,0,0,0,0,2022-01-17 23:06:06,2022-01-17 23:06:06,Peripheral learner,,0
35055,0,3,0,7,0.00010101914977139124,0.00034459664244414787,0.0002651331847496,0.3333333333333333,3,10,0.4444444444444444,therubberduck,15.0,2,0,0,7,0,2022-01-18 15:14:24,2022-01-20 19:36:13,Peripheral learner,,0
35128,0,1,0,1,0.00010101914977139124,0.0002574849588985157,0.0,0.0,1,0,0.0,Amanda Chan,1.0,1,0,0,0,0,2022-01-30 18:51:03,2022-01-30 18:51:03,Peripheral learner,,0
35136,0,2,0,2,0.00010101914977139124,0.00037624195103559135,0.00026038082718541467,0.0,2,10,0.5,Min Wai,11.0,2,0,0,0,0,2022-02-07 16:29:57,2022-05-24 11:27:23,Peripheral learner,,0
35155,0,1,0,1,0.00010101914977139124,0.0002574849588985157,0.0,0.0,1,0,0.0,bloodycoder,1.0,1,0,0,0,0,2022-02-04 13:59:24,2022-02-04 13:59:24,Peripheral learner,,0
35222,0,6,0,7,0.00010101914977139124,0.0012909960501826757,0.004423253298296566,0.13333333333333333,2,20,0.5,Max Grossenbacher,3.0,2,0,0,1,0,2022-02-15 15:00:55,2022-06-27 08:26:09,Peripheral learner,,0
35230,0,1,0,1,0.00010101914977139124,0.0002574849588985157,0.0,0.0,1,0,0.0,Mike Osborn,101.0,2,1,0,0,0,2022-06-28 02:50:07,2022-06-28 04:49:05,Peripheral learner,2,1
35800,0,2,0,6,0.00010101914977139124,0.0002892656100971462,0.0,1.0,2,0,0.5,Vincent Xu,19.0,4,0,0,2,0,2022-05-18 05:36:02,2022-05-26 16:22:14,Peripheral learner,,0
35804,0,1,0,1,0.00010101914977139124,0.0002574849588985157,0.0,0.0,1,0,0.0,Shelby b,3.0,1,0,0,0,0,2022-05-18 18:18:47,2022-05-18 18:18:47,Peripheral learner,,0
35825,0,1,0,2,0.00010101914977139124,0.0002621954137753815,0.0,0.0,1,0,0.0,Dima,1.0,1,0,0,3,0,2022-05-21 14:46:25,2022-05-23 17:45:54,Peripheral learner,,0
35851,0,1,0,1,0.00010101914977139124,0.0002574849588985157,0.0,0.0,1,0,0.0,matsterdam,1.0,1,0,0,1,0,2022-05-24 13:53:59,2022-05-25 08:53:36,Peripheral learner,,0
35905,0,1,0,1,0.00010101914977139124,0.0002574849588985157,0.0,0.0,1,0,0.0,John H,1.0,1,0,0,0,0,2022-05-29 14:46:53,2022-05-29 14:46:53,Peripheral learner,,0
35927,0,1,0,3,0.00010101914977139124,0.00026690586865224725,0.0,0.0,1,0,0.0,Dr. Whiskers,5.0,2,0,0,2,0,2022-11-21 17:29:58,2022-11-24 22:41:46,Peripheral learner,,0
35950,0,1,0,1,0.00010101914977139124,0.0002574849588985157,0.0,0.0,1,0,0.0,asanaya91,1.0,1,0,0,0,0,2022-06-02 18:58:49,2022-06-02 18:58:49,Peripheral learner,,0
35969,0,1,0,1,0.00010101914977139124,0.0002574849588985157,0.0,0.0,1,0,0.0,Sebastián Vera,1.0,1,0,0,0,0,2022-06-05 22:09:01,2022-06-05 22:09:01,Peripheral learner,,0
35989,0,1,0,2,0.00010101914977139124,0.0002621954137753815,0.0,0.0,1,0,0.0,Sarwar,3.0,1,0,0,1,0,2022-06-08 00:24:38,2022-06-08 10:54:47,Peripheral learner,,0
28938,0,1,0,1,0.00010101914977139124,0.0002574849588985157,0.0,0.0,1,0,0.0,amw,1.0,1,0,0,0,0,2020-06-29 18:27:04,2020-06-29 18:27:04,Peripheral learner,,0
28956,0,1,0,1,0.00010101914977139124,0.0002574849588985157,0.0,0.0,1,0,0.0,Ethan Poehlmann,1.0,1,0,0,0,0,2020-06-30 23:38:51,2020-06-30 23:38:51,Peripheral learner,,0
28972,0,1,0,2,0.00010101914977139124,0.0002621954137753815,0.0,0.0,1,0,0.0,Uzayer Masud,15.0,2,0,0,1,0,2020-07-02 09:44:49,2020-07-02 21:57:10,Peripheral learner,,0
28976,0,1,0,1,0.00010101914977139124,0.0002574849588985157,0.0,0.0,1,0,0.0,Clare,1.0,1,0,0,1,0,2020-07-02 15:51:57,2020-07-04 17:16:00,Peripheral learner,,0
28995,0,2,0,2,0.00010101914977139124,0.0002603725538683516,0.0,1.0,2,4,0.5,Alan W,5.0,2,0,0,2,0,2020-07-04 00:58:03,2020-07-04 21:36:58,Peripheral learner,,0
28997,0,8,0,28,0.00010101914977139124,0.00046043607219087746,0.0013574481619591104,0.25,5,0,0.8125,Gloria Isedu,31.0,14,1,0,27,0,2020-07-03 23:16:59,2021-03-01 00:10:47,Peripheral learner,5,1
28998,0,3,0,3,0.00010101914977139124,0.00030400054718529395,0.00039193322518974913,0.3333333333333333,3,10,0.6666666666666667,Soya,5.0,2,0,0,2,0,2020-07-03 23:35:57,2022-01-27 01:13:21,Peripheral learner,,0
36140,0,1,0,1,0.00010101914977139124,0.0002574849588985157,0.0,0.0,1,0,0.0,az ab,1.0,1,0,0,1,0,2022-06-24 12:08:34,2022-06-29 13:57:45,Peripheral learner,,0
36154,0,1,0,2,0.00010101914977139124,0.0002621954137753815,0.0,0.0,1,0,0.0,tsull,1.0,2,0,0,0,0,2022-06-26 11:24:39,2022-06-27 11:51:55,Peripheral learner,,0
36192,0,1,0,2,0.00010101914977139124,0.0002621954137753815,0.0,0.0,1,0,0.0,mstack,3.0,1,0,0,1,0,2022-07-06 20:15:56,2022-07-10 20:33:52,Peripheral learner,,0
36211,0,1,0,2,0.00010101914977139124,0.0002621954137753815,0.0,0.0,1,0,0.0,Hoooly Kuashi,1.0,1,0,0,1,0,2022-07-03 18:03:45,2022-07-05 17:24:27,Peripheral learner,,0
36225,0,1,0,1,0.00010101914977139124,0.0002574849588985157,0.0,0.0,1,0,0.0,incog ,3.0,1,0,0,1,0,2022-07-04 15:54:14,2022-07-05 03:12:07,Peripheral learner,,0
36226,0,2,0,4,0.00010101914977139124,0.0002692496560978397,0.0,1.0,2,1,0.5,GmasterAU,3.0,1,0,0,5,0,2022-07-05 00:38:25,2022-07-05 23:49:20,Peripheral learner,,0
36265,0,1,0,2,0.00010101914977139124,0.0002621954137753815,0.0,0.0,1,0,0.0,ibrahim,3.0,1,0,0,2,0,2022-07-10 19:07:13,2022-07-11 11:46:21,Peripheral learner,,0
36266,0,1,0,1,0.00010101914977139124,0.0002574849588985157,0.0,0.0,1,0,0.0,Irwan Ahmed,1.0,1,0,0,0,0,2022-07-10 14:53:49,2022-07-10 14:53:49,Peripheral learner,,0
36279,0,1,0,1,0.00010101914977139124,0.0002574849588985157,0.0,0.0,1,0,0.0,George ZaKhary,3.0,1,0,0,0,0,2022-07-11 17:43:54,2022-07-11 17:43:54,Peripheral learner,,0
36281,0,1,0,1,0.00010101914977139124,0.0002574849588985157,0.0,0.0,1,0,0.0,jgoteam,3.0,1,0,0,1,0,2022-07-13 08:10:36,2022-07-15 03:07:12,Peripheral learner,,0
35630,0,2,0,3,0.00010101914977139124,0.00026453920122097385,0.0,1.0,2,1,0.5,Avanoc,3.0,3,1,0,4,0,2022-04-24 06:14:04,2022-07-26 11:17:48,Peripheral learner,17,1
35677,0,1,0,1,0.00010101914977139124,0.0002574849588985157,0.0,0.0,1,0,0.0,JuneDev,1.0,1,0,0,1,0,2022-07-17 23:42:36,2022-07-21 15:10:13,Peripheral learner,,0
35692,0,1,0,2,0.00010101914977139124,0.0002621954137753815,0.0,0.0,1,0,0.0,ian babineaux,1.0,1,0,0,2,0,2022-05-03 18:06:02,2022-05-04 02:20:25,Peripheral learner,,0
35702,0,1,0,2,0.00010101914977139124,0.0002621954137753815,0.0,0.0,1,0,0.0,Sastri Rampersaud,1.0,1,0,0,1,0,2022-05-05 21:44:24,2022-05-09 00:14:02,Peripheral learner,,0
35706,0,1,0,2,0.00010101914977139124,0.0002621954137753815,0.0,0.0,1,0,0.0,Phạm Tú,1.0,1,0,0,2,0,2022-05-06 05:03:44,2022-05-06 05:54:14,Peripheral learner,,0
35793,0,1,0,1,0.00010101914977139124,0.0002574849588985157,0.0,0.0,1,0,0.0,ryanjbr,1.0,1,1,0,0,0,2022-05-17 14:52:06,2022-05-18 15:46:33,Peripheral learner,1,1
36400,0,1,0,1,0.00010101914977139124,0.0002574849588985157,0.0,0.0,1,0,0.0,kenevarle,1.0,1,0,0,0,0,2022-07-25 02:03:40,2022-07-25 02:03:40,Peripheral learner,,0
36412,0,1,0,1,0.00010101914977139124,0.0002574849588985157,0.0,0.0,1,0,0.0,hemingway_,3.0,1,0,0,0,0,2022-07-26 04:05:19,2022-07-26 04:05:19,Peripheral learner,,0
36447,0,1,0,1,0.00010101914977139124,0.0002574849588985157,0.0,0.0,1,0,0.0,Aran,3.0,1,0,0,1,0,2022-07-31 07:50:06,2022-07-31 10:00:12,Peripheral learner,,0
36482,0,2,0,3,0.00010101914977139124,0.00026453920122097385,0.0,1.0,2,1,0.5,Stevek,1.0,3,0,0,1,0,2022-08-05 03:07:13,2022-11-25 00:12:59,Peripheral learner,,0
36506,0,1,0,1,0.00010101914977139124,0.0002574849588985157,0.0,0.0,1,0,0.0,Dubgee,3.0,1,0,0,1,0,2022-08-07 05:14:27,2022-08-08 07:12:44,Peripheral learner,,0
36518,0,1,0,1,0.00010101914977139124,0.0002574849588985157,0.0,0.0,1,0,0.0,kai.468,3.0,1,0,0,0,0,2022-08-08 15:46:58,2022-08-08 15:46:58,Peripheral learner,,0
36523,0,1,0,2,0.00010101914977139124,0.0002621954137753815,0.0,0.0,1,0,0.0,figuringitout101,3.0,1,0,0,1,0,2022-10-15 21:20:03,2022-10-16 06:44:16,Peripheral learner,,0
36569,0,3,0,4,0.00010101914977139124,0.0004759544156874904,0.0003250259605399792,0.3333333333333333,2,1,0.4444444444444444,Karl,5.0,3,0,0,2,0,2022-08-13 21:33:12,2023-02-03 14:31:17,Peripheral learner,,0
36570,0,1,0,4,0.00010101914977139124,0.00027161632352911303,0.0,0.0,1,0,0.0,Yash-902,3.0,2,0,0,2,0,2022-08-13 22:56:18,2022-09-28 23:59:33,Peripheral learner,,0
36587,0,1,0,1,0.00010101914977139124,0.0002574849588985157,0.0,0.0,1,0,0.0,Alexandra Bartee,3.0,2,1,0,1,0,2022-08-16 07:32:51,2022-09-05 13:43:47,Peripheral learner,0,1
36006,0,2,0,3,0.00010101914977139124,0.00026572253493661055,0.0,1.0,2,0,0.5,dohaal,1.0,2,1,0,1,0,2022-06-09 08:22:16,2022-12-08 07:47:46,Peripheral learner,1,1
36013,0,1,0,2,0.00010101914977139124,0.0002621954137753815,0.0,0.0,1,0,0.0,Bing Bong,3.0,1,0,0,3,0,2022-06-09 21:55:24,2022-06-11 11:48:17,Peripheral learner,,0
36015,0,1,0,1,0.00010101914977139124,0.0002574849588985157,0.0,0.0,1,0,0.0,Honoka Miki,1.0,1,0,0,0,0,2022-06-10 02:21:53,2022-06-10 02:21:53,Peripheral learner,,0
36016,0,4,0,5,0.00010101914977139124,0.0009023119657817526,0.0028425795127075834,0.0,1,24,0.375,Steedy Speve,3.0,1,0,0,4,0,2022-06-15 21:38:25,2022-06-16 19:00:37,Peripheral learner,,0
36026,0,3,0,3,0.00010101914977139124,0.0003268509135624678,0.002701373969284441,0.0,2,9,0.4444444444444444,Prateek Chaturvedi,11.0,2,0,0,0,0,2022-06-11 10:47:29,2022-07-06 04:37:01,Peripheral learner,,0
36120,0,1,0,1,0.00010101914977139124,0.0002574849588985157,0.0,0.0,1,0,0.0,James Ford,1.0,1,0,0,0,0,2022-06-20 19:44:40,2022-06-20 19:44:40,Peripheral learner,,0
36661,0,2,0,4,0.00010101914977139124,0.0002692496560978397,0.0,1.0,2,1,0.5,yosef,5.0,3,1,1,2,0,2022-08-24 14:53:12,2022-09-19 00:12:58,Peripheral learner,1,1
36664,0,1,0,1,0.00010101914977139124,0.0002574849588985157,0.0,0.0,1,0,0.0,Ajy_Chikn,3.0,1,0,0,1,0,2022-08-25 22:20:29,2022-08-26 17:07:52,Peripheral learner,,0
36682,0,2,0,2,0.00010101914977139124,0.0002610120800597448,0.0,1.0,2,1,0.5,user14288642,3.0,2,0,0,1,0,2022-08-27 10:13:37,2022-08-29 08:39:51,Peripheral learner,,0
36700,0,2,0,2,0.00010101914977139124,0.0002610120800597448,0.0,1.0,2,1,0.5,Anderson,3.0,1,0,0,2,0,2022-08-29 00:07:42,2022-08-30 00:49:08,Peripheral learner,,0
36733,0,1,0,1,0.00010101914977139124,0.0002574849588985157,0.0,0.0,1,0,0.0,user8633459,3.0,1,0,0,1,0,2022-09-01 16:35:39,2022-09-01 19:13:57,Peripheral learner,,0
36734,0,1,0,1,0.00010101914977139124,0.0002574849588985157,0.0,0.0,1,0,0.0,Farbod Mirkazemi,3.0,2,1,1,1,0,2022-09-01 19:26:55,2022-12-30 15:00:36,Peripheral learner,0,1
36847,0,1,0,2,0.00010101914977139124,0.0002621954137753815,0.0,0.0,1,0,0.0,karlares,5.0,2,0,0,2,0,2022-09-13 19:48:33,2022-09-15 13:16:58,Peripheral learner,,0
36906,0,2,0,2,0.00010101914977139124,0.0002610120800597448,0.0,1.0,2,1,0.5,Omar Rehan 777,1.0,1,0,0,0,0,2022-09-20 17:07:32,2022-09-20 17:07:32,Peripheral learner,,0
36942,0,2,0,5,0.00010101914977139124,0.0002715934435434321,0.0,1.0,2,1,0.5,Eva,33.0,2,1,1,7,2,2022-09-24 10:46:21,2023-07-21 11:19:17,Peripheral learner,0,1
36950,0,2,0,2,0.00010101914977139124,0.00030245504482001606,0.0002673996051576889,0.0,2,2,0.5,Mohmed Sameh,3.0,1,1,0,0,0,2022-09-25 15:04:55,2022-09-28 23:30:38,Peripheral learner,14,1
36307,0,3,0,7,0.00010101914977139124,0.0004947962351949536,0.0003250048248317546,0.3333333333333333,2,0,0.4444444444444444,Soumik,15.0,5,0,0,6,0,2022-07-14 18:02:36,2023-05-26 18:33:16,Peripheral learner,,0
36317,0,4,0,6,0.00010101914977139124,0.0007684379851169871,0.00179808330801856,0.0,2,0,0.375,Mikech,1.0,2,2,0,4,-1,2022-07-15 21:54:13,2022-08-10 15:51:28,Peripheral learner,0,1
36322,0,1,0,1,0.00010101914977139124,0.0002574849588985157,0.0,0.0,1,0,0.0,Ibrahim,3.0,1,0,0,1,0,2022-07-16 08:38:24,2022-07-16 12:10:39,Peripheral learner,,0
36370,0,1,0,2,0.00010101914977139124,0.0002621954137753815,0.0,0.0,1,0,0.0,ruscias,3.0,1,0,0,2,0,2022-07-21 23:13:27,2022-07-22 19:01:50,Peripheral learner,,0
36394,0,1,0,1,0.00010101914977139124,0.0002574849588985157,0.0,0.0,1,0,0.0,Gustavo Oliveira,3.0,1,0,0,1,0,2022-07-24 19:55:24,2022-07-25 14:04:48,Peripheral learner,,0
37069,0,2,0,2,0.00010101914977139124,0.0005760300345649672,0.0,1.0,2,0,0.0,Abdullah Shahzad,3.0,1,0,0,1,0,2022-10-11 12:49:10,2022-10-14 22:37:56,Peripheral learner,,0
37100,0,2,0,2,0.00010101914977139124,0.0002610120800597448,0.0,1.0,2,1,0.5,Raymond Agustine Santos,1.0,1,0,0,1,0,2022-10-12 03:04:34,2022-10-17 04:15:54,Peripheral learner,,0
37110,0,1,0,1,0.00010101914977139124,0.0002574849588985157,0.0,0.0,1,0,0.0,lexicypher,3.0,1,0,0,0,0,2022-10-12 20:02:30,2022-10-12 20:02:30,Peripheral learner,,0
37139,0,1,0,1,0.00010101914977139124,0.0002574849588985157,0.0,0.0,1,0,0.0,Anthony Jackson,3.0,1,0,0,0,0,2022-10-17 21:49:53,2022-10-17 21:49:53,Peripheral learner,,0
37146,0,1,0,1,0.00010101914977139124,0.0002574849588985157,0.0,0.0,1,0,0.0,Guillermo Gil de Avalle,1.0,1,0,0,0,0,2022-10-18 17:24:08,2022-10-18 17:24:08,Peripheral learner,,0
37147,0,1,0,1,0.00010101914977139124,0.0002574849588985157,0.0,0.0,1,0,0.0,Jorhan López,1.0,1,0,0,0,0,2022-10-18 17:41:10,2022-10-18 17:41:10,Peripheral learner,,0
37158,0,1,0,2,0.00010101914977139124,0.0002621954137753815,0.0,0.0,1,0,0.0,CamWheeler135,3.0,1,0,0,2,0,2022-10-19 18:57:46,2022-10-19 20:27:14,Peripheral learner,,0
37159,0,2,0,2,0.00010101914977139124,0.0002740189847160346,0.0005474554428401248,0.0,2,15,0.5,AAG MONCH,1.0,1,1,0,0,0,2022-10-20 00:01:26,2022-10-21 18:08:57,Peripheral learner,0,1
37274,0,1,0,2,0.00010101914977139124,0.0002621954137753815,0.0,0.0,1,0,0.0,Bushra Mogareb,1.0,1,0,0,0,0,2022-10-31 02:44:44,2022-10-31 02:44:44,Peripheral learner,,0
37307,0,2,0,2,0.00010101914977139124,0.0002610120800597448,0.0,1.0,2,1,0.5,Jonathan Pittock,3.0,1,0,0,1,0,2022-11-03 06:28:34,2022-11-05 10:30:30,Peripheral learner,,0
37313,0,1,0,2,0.00010101914977139124,0.0002621954137753815,0.0,0.0,1,0,0.0,Eat个apple,3.0,1,0,0,2,0,2022-11-03 20:52:44,2022-11-04 14:10:01,Peripheral learner,,0
36607,0,2,0,2,0.00010101914977139124,0.0006674817932679702,0.0,1.0,2,0,0.0,Duodecimy,3.0,1,0,0,1,0,2022-08-18 03:56:31,2022-08-26 01:17:36,Peripheral learner,,0
36608,0,1,0,2,0.00010101914977139124,0.0002621954137753815,0.0,0.0,1,0,0.0,VMČ,3.0,1,0,0,1,0,2022-08-18 07:32:40,2022-08-21 09:43:12,Peripheral learner,,0
36648,0,1,0,1,0.00010101914977139124,0.0002574849588985157,0.0,0.0,1,0,0.0,Pratheek Reddy,3.0,1,0,0,1,0,2022-08-23 13:42:58,2022-08-23 17:59:55,Peripheral learner,,0
36649,0,1,0,1,0.00010101914977139124,0.0002574849588985157,0.0,0.0,1,0,0.0,Samartha Khare,3.0,1,0,0,0,0,2022-08-23 06:24:40,2022-08-23 06:24:40,Peripheral learner,,0
36658,0,1,0,1,0.00010101914977139124,0.0002574849588985157,0.0,0.0,1,0,0.0,Fayek Ahmed Rahat,11.0,1,0,0,1,0,2022-09-09 11:07:16,2022-09-10 08:38:25,Peripheral learner,,0
37354,0,1,0,1,0.00010101914977139124,0.0002574849588985157,0.0,0.0,1,0,0.0,Jay Donoghue,3.0,1,0,0,1,0,2022-11-08 11:25:18,2022-11-10 11:02:22,Peripheral learner,,0
37395,0,2,0,3,0.00010101914977139124,0.0002957376458347093,0.0007834526241035077,0.0,2,0,0.5,user3348445,11.0,1,0,0,1,0,2022-11-11 15:18:13,2022-11-11 19:52:39,Peripheral learner,,0
37399,0,1,0,3,0.00010101914977139124,0.00026690586865224725,0.0,0.0,1,0,0.0,harndt,1.0,1,0,0,1,0,2022-11-11 20:54:03,2022-11-12 18:55:11,Peripheral learner,,0
37420,0,2,0,7,0.00010101914977139124,0.00027864768586589037,0.0,1.0,2,1,0.5,ann,1.0,2,1,0,5,0,2022-11-13 20:15:23,2022-11-20 16:23:15,Peripheral learner,16,1
37438,0,1,0,1,0.00010101914977139124,0.0002574849588985157,0.0,0.0,1,0,0.0,Mohamed Reda,3.0,1,0,0,1,0,2022-11-16 08:05:14,2022-11-16 09:33:00,Peripheral learner,,0
37457,0,1,0,1,0.00010101914977139124,0.0002574849588985157,0.0,0.0,1,0,0.0,software_dev_wannabe,3.0,1,0,0,0,0,2022-11-17 17:50:40,2022-11-17 17:50:40,Peripheral learner,,0
37461,0,1,0,1,0.00010101914977139124,0.0002574849588985157,0.0,0.0,1,0,0.0,NAUGHTIOUS MAXIMUS,1.0,1,0,0,0,0,2022-11-18 02:08:58,2022-11-18 02:08:58,Peripheral learner,,0
37539,0,1,0,1,0.00010101914977139124,0.0002574849588985157,0.0,0.0,1,0,0.0,Atharva Deodhar,103.0,1,0,0,0,0,2022-11-26 12:34:13,2022-11-26 12:34:13,Peripheral learner,,0
37547,0,2,0,4,0.00010101914977139124,0.0002952634654104192,0.0005474554428401248,0.0,2,15,0.5,Robbie,5.0,3,0,0,2,0,2022-11-27 18:44:31,2023-05-11 12:24:05,Peripheral learner,,0
37553,0,2,0,2,0.00010101914977139124,0.00025835215829842325,0.0,1.0,2,2,0.5,Michal Kotus,1.0,1,0,0,1,0,2024-09-13 11:57:27,2024-09-13 12:09:45,Peripheral learner,,0
37569,0,1,0,1,0.00010101914977139124,0.0002574849588985157,0.0,0.0,1,0,0.0,ljsmith,21.0,1,1,0,0,1,2022-11-30 21:14:59,2022-11-30 22:37:03,Peripheral learner,2,1
36955,0,1,0,1,0.00010101914977139124,0.0002574849588985157,0.0,0.0,1,0,0.0,mad_oreo,3.0,1,0,0,0,0,2022-09-26 05:28:57,2022-09-26 05:28:57,Peripheral learner,,0
36975,0,1,0,2,0.00010101914977139124,0.0002621954137753815,0.0,0.0,1,0,0.0,EmTeeDubz,3.0,1,0,0,1,0,2022-09-28 01:09:10,2022-09-28 20:19:20,Peripheral learner,,0
36998,0,2,0,2,0.00010101914977139124,0.0002610120800597448,0.0,1.0,2,1,0.5,ThatLinuxGuy,1.0,2,0,0,2,0,2022-09-30 08:21:07,2022-10-17 19:58:59,Peripheral learner,,0
37035,0,1,0,2,0.00010101914977139124,0.0002621954137753815,0.0,0.0,1,0,0.0,pc510895,3.0,1,0,0,1,0,2022-10-04 02:15:07,2022-10-04 19:54:25,Peripheral learner,,0
37040,0,1,0,2,0.00010101914977139124,0.0002621954137753815,0.0,0.0,1,0,0.0,Abdullahi Omar,3.0,1,0,0,1,0,2022-10-06 09:26:22,2022-10-07 14:30:26,Peripheral learner,,0
37681,0,1,0,1,0.00010101914977139124,0.0002574849588985157,0.0,0.0,1,0,0.0,123ewqeins,11.0,1,0,0,1,0,2022-12-14 13:22:01,2022-12-16 13:37:10,Peripheral learner,,0
37695,0,2,0,6,0.00010101914977139124,0.0002774872321359346,0.0,1.0,2,1,0.5,Eva Chen,11.0,5,0,0,5,0,2022-12-23 06:11:10,2023-01-04 14:27:19,Peripheral learner,,0
37698,0,1,0,3,0.00010101914977139124,0.00026690586865224725,0.0,0.0,1,0,0.0,Selim Allen,5.0,2,0,0,1,0,2022-12-15 14:51:24,2022-12-26 17:02:13,Peripheral learner,,0
37699,0,2,0,5,0.00010101914977139124,0.0002609537564981459,0.0,1.0,2,2,0.5,lxs602,1.0,2,1,0,6,0,2022-12-22 13:09:15,2024-04-26 20:36:06,Peripheral learner,1,1
37706,0,1,0,1,0.00010101914977139124,0.0002574849588985157,0.0,0.0,1,0,0.0,Craig Bjerring,3.0,1,0,0,1,0,2022-12-16 09:39:19,2022-12-16 11:17:39,Peripheral learner,,0
37709,0,2,0,2,0.00010101914977139124,0.0002610120800597448,0.0,1.0,2,1,0.5,e-zawadzka,3.0,1,0,0,1,0,2023-01-31 23:58:04,2023-02-02 20:06:56,Peripheral learner,,0
37717,0,2,0,2,0.00010101914977139124,0.0002740189847160346,0.0005474554428401248,0.0,2,15,0.5,Abhinay Kumar Singh,1.0,1,0,0,0,0,2022-12-17 14:15:59,2022-12-17 14:15:59,Peripheral learner,,0
37758,0,1,0,2,0.00010101914977139124,0.0002621954137753815,0.0,0.0,1,0,0.0,IgorArnaut,101.0,2,0,0,1,0,2022-12-21 22:01:19,2022-12-23 11:23:12,Peripheral learner,,0
37763,0,4,0,6,0.00010101914977139124,0.0014553397691878026,0.0056778827979935605,0.0,1,18,0.375,Danyal Ahmed,25.0,2,0,0,4,0,2022-12-22 08:45:38,2023-01-27 20:08:24,Peripheral learner,,0
37793,0,1,0,1,0.00010101914977139124,0.0002574849588985157,0.0,0.0,1,0,0.0,thefriendlyg,3.0,1,0,0,0,0,2022-12-26 14:01:41,2022-12-26 14:01:41,Peripheral learner,,0
37798,0,1,0,1,0.00010101914977139124,0.0002574849588985157,0.0,0.0,1,0,0.0,Ben Archbold,3.0,1,0,0,0,0,2022-12-27 05:49:01,2022-12-27 05:49:01,Peripheral learner,,0
37320,0,3,0,3,0.00010101914977139124,0.0002775461058772637,0.0010283675244677972,0.3333333333333333,2,15,0.6666666666666667,Tyler,1.0,1,0,0,1,0,2022-11-04 16:06:21,2022-11-06 16:45:59,Peripheral learner,,0
37326,0,1,0,2,0.00010101914977139124,0.0002621954137753815,0.0,0.0,1,0,0.0,Almira,3.0,1,0,0,2,0,2022-11-04 20:28:28,2022-11-05 06:17:23,Peripheral learner,,0
37329,0,2,0,2,0.00010101914977139124,0.0002740189847160346,0.0005469079873972846,0.0,2,15,0.5,Neuquert,3.0,1,0,0,1,0,2022-11-30 22:10:39,2022-12-05 00:17:01,Peripheral learner,,0
37339,0,1,0,1,0.00010101914977139124,0.0002574849588985157,0.0,0.0,1,0,0.0,Abhinav Vutukuri,3.0,1,0,0,1,0,2022-11-05 23:50:10,2022-11-06 13:29:59,Peripheral learner,,0
37341,0,2,0,2,0.00010101914977139124,0.0002610120800597448,0.0,1.0,2,1,0.5,turo,3.0,1,0,0,0,0,2022-12-11 20:41:33,2022-12-11 20:41:33,Peripheral learner,,0
37872,0,1,0,6,0.00010101914977139124,0.0002810372332828446,0.0,0.0,1,0,0.0,duckpro,7.0,3,0,0,5,0,2023-01-08 15:28:57,2023-01-18 13:02:03,Peripheral learner,,0
37906,0,2,0,2,0.00010101914977139124,0.0004724272945262613,0.0003250259605399792,0.0,1,0,0.0,Nervossom,3.0,2,1,0,0,0,2023-02-28 20:24:20,2023-03-15 16:08:57,Peripheral learner,0,1
37910,0,1,0,1,0.00010101914977139124,0.0002574849588985157,0.0,0.0,1,0,0.0,Ling Captain,1.0,1,0,0,1,0,2023-01-12 02:21:33,2023-01-14 19:08:54,Peripheral learner,,0
37916,0,1,0,1,0.00010101914977139124,0.0002574849588985157,0.0,0.0,1,0,0.0,Zach Anderson,1.0,1,0,0,0,0,2023-01-12 21:11:19,2023-01-12 21:11:19,Peripheral learner,,0
37920,0,1,0,1,0.00010101914977139124,0.0002574849588985157,0.0,0.0,1,0,0.0,fth,3.0,1,0,0,1,0,2023-01-13 09:43:29,2023-01-13 11:41:53,Peripheral learner,,0
37960,0,1,0,4,0.00010101914977139124,0.00027161632352911303,0.0,0.0,1,0,0.0,shane,3.0,1,0,0,4,0,2023-01-17 13:24:01,2023-01-23 12:32:31,Peripheral learner,,0
37981,0,1,0,1,0.00010101914977139124,0.0002574849588985157,0.0,0.0,1,0,0.0,5050j,3.0,1,0,0,1,0,2023-01-18 23:11:03,2023-01-18 23:21:50,Peripheral learner,,0
37982,0,1,0,1,0.00010101914977139124,0.0002574849588985157,0.0,0.0,1,0,0.0,Two-FaceFIL,1.0,1,0,0,2,0,2023-01-19 00:39:46,2023-01-20 11:36:32,Peripheral learner,,0
37985,0,1,0,1,0.00010101914977139124,0.0002574849588985157,0.0,0.0,1,0,0.0,Muhammad Mustafa,3.0,1,0,0,0,0,2023-01-19 11:11:27,2023-01-19 11:11:27,Peripheral learner,,0
37998,0,2,0,4,0.00010101914977139124,0.0003292798778940371,0.0007834526241035077,0.0,2,9,0.5,Jae-Min,5.0,3,0,0,2,0,2023-01-20 23:58:42,2023-02-06 23:40:15,Peripheral learner,,0
38056,0,1,0,1,0.00010101914977139124,0.0002574849588985157,0.0,0.0,1,0,0.0,Sin,1.0,1,0,0,0,0,2023-01-28 18:51:23,2023-01-28 18:51:23,Peripheral learner,,0
37587,0,2,0,2,0.00010101914977139124,0.0002610120800597448,0.0,1.0,2,1,0.5,BaaBaa,1.0,2,1,0,2,0,2022-12-03 14:16:18,2023-01-02 08:09:13,Peripheral learner,0,1
37594,0,2,0,2,0.00010101914977139124,0.0002740189847160346,0.0005474554428401248,0.0,2,15,0.5,lukadeving,1.0,1,0,0,0,0,2022-12-04 10:28:53,2022-12-04 10:28:53,Peripheral learner,,0
37633,0,1,0,1,0.00010101914977139124,0.0002574849588985157,0.0,0.0,1,0,0.0,Sneili,1.0,1,0,0,3,0,2022-12-08 20:47:35,2022-12-13 11:01:06,Peripheral learner,,0
37642,0,1,0,1,0.00010101914977139124,0.0002574849588985157,0.0,0.0,1,0,0.0,BrassyGiraffe,3.0,1,0,0,0,0,2022-12-22 18:39:11,2022-12-22 18:39:11,Peripheral learner,,0
37649,0,1,0,1,0.00010101914977139124,0.0002574849588985157,0.0,0.0,1,0,0.0,Sharl,3.0,1,0,0,1,0,2022-12-10 13:01:04,2022-12-14 03:54:08,Peripheral learner,,0
38206,0,1,0,2,0.00010101914977139124,0.0002621954137753815,0.0,0.0,1,0,0.0,ssan,3.0,1,0,0,0,0,2023-02-14 16:08:33,2023-02-14 16:08:33,Peripheral learner,,0
38208,0,1,0,2,0.00010101914977139124,0.0002621954137753815,0.0,0.0,1,0,0.0,Alex Sugimoto,5.0,3,1,0,0,0,2023-02-14 19:46:09,2023-02-27 00:08:16,Peripheral learner,15,1
38212,0,2,0,3,0.00010101914977139124,0.00026572253493661055,0.0,1.0,2,0,0.5,Sharyar Javaid,1.0,1,0,0,1,0,2023-02-15 09:01:36,2023-02-16 07:39:47,Peripheral learner,,0
38213,0,2,0,2,0.00010101914977139124,0.0002910271909578435,0.0007834526241035077,0.0,2,9,0.5,meiqdad,1.0,1,0,0,0,0,2023-02-15 10:24:12,2023-02-15 10:24:12,Peripheral learner,,0
38232,0,1,0,1,0.00010101914977139124,0.0002574849588985157,0.0,0.0,1,0,0.0,scarmonies,33.0,2,1,1,1,2,2023-02-18 22:01:53,2023-03-03 18:03:54,Peripheral learner,1,1
38245,0,1,0,2,0.00010101914977139124,0.0002621954137753815,0.0,0.0,1,0,0.0,Team,5.0,2,0,0,1,0,2023-02-20 22:23:03,2023-03-04 04:11:11,Peripheral learner,,0
38265,0,1,0,1,0.00010101914977139124,0.0002574849588985157,0.0,0.0,1,0,0.0,Kbluhawk,3.0,1,0,0,0,0,2023-02-22 19:00:52,2023-02-22 19:00:52,Peripheral learner,,0
38271,0,1,0,1,0.00010101914977139124,0.0002574849588985157,0.0,0.0,1,0,0.0,AliGuler,1.0,1,0,0,0,0,2023-02-23 04:24:21,2023-02-23 04:24:21,Peripheral learner,,0
38279,0,2,0,2,0.00010101914977139124,0.0002610120800597448,0.0,1.0,2,1,0.5,fawkeskc,3.0,1,0,0,2,0,2023-02-24 08:16:35,2023-02-26 06:07:52,Peripheral learner,,0
38282,0,1,0,1,0.00010101914977139124,0.0002574849588985157,0.0,0.0,1,0,0.0,Decowry,1.0,1,1,1,1,0,2023-02-24 15:28:52,2023-03-05 14:56:08,Peripheral learner,9,1
38295,0,1,0,1,0.00010101914977139124,0.0002574849588985157,0.0,0.0,1,0,0.0,LukeD,3.0,1,0,0,0,0,2023-02-26 01:23:58,2023-02-26 01:23:58,Peripheral learner,,0
37804,0,1,0,1,0.00010101914977139124,0.0002574849588985157,0.0,0.0,1,0,0.0,blueberry,1.0,1,0,0,0,0,2022-12-29 09:38:16,2022-12-29 09:38:16,Peripheral learner,,0
37818,0,1,0,2,0.00010101914977139124,0.0002621954137753815,0.0,0.0,1,0,0.0,Yunus,3.0,1,0,0,2,0,2022-12-30 04:53:57,2022-12-31 11:38:11,Peripheral learner,,0
37820,0,1,0,3,0.00010101914977139124,0.00026690586865224725,0.0,0.0,1,0,0.0,Chi Go,3.0,1,0,0,2,0,2022-12-30 06:19:07,2023-01-01 04:23:04,Peripheral learner,,0
37850,0,1,0,1,0.00010101914977139124,0.0002574849588985157,0.0,0.0,1,0,0.0,Jareg,3.0,1,0,0,0,0,2023-01-24 12:05:29,2023-01-24 12:05:29,Peripheral learner,,0
37867,0,1,0,2,0.00010101914977139124,0.0002621954137753815,0.0,0.0,1,0,0.0,gilboa binshtein,3.0,1,0,0,1,0,2023-01-06 23:42:34,2023-01-07 08:58:46,Peripheral learner,,0
38419,0,2,0,6,0.00010101914977139124,0.00028532509366470805,0.0005121510374091796,0.0,2,0,0.5,Alvaro-Neyra,17.0,4,1,1,3,0,2023-03-12 00:39:11,2023-04-28 12:31:29,Peripheral learner,4,1
38420,0,2,0,2,0.00010101914977139124,0.00025835215829842325,0.0,1.0,2,2,0.5,user21380365,13.0,2,0,0,1,0,2023-03-12 00:59:39,2023-09-14 02:50:31,Peripheral learner,,0
38421,0,1,0,1,0.00010101914977139124,0.0002574849588985157,0.0,0.0,1,0,0.0,Shawn Lim,1.0,1,0,0,0,0,2023-03-12 03:38:05,2023-03-12 03:38:05,Peripheral learner,,0
38433,0,1,0,6,0.00010101914977139124,0.0002810372332828446,0.0,0.0,1,0,0.0,Zach,1.0,2,0,0,9,0,2023-03-13 19:18:28,2023-04-27 22:32:33,Peripheral learner,,0
38447,0,3,0,4,0.00010101914977139124,0.0004794815368487196,0.0003250048248317546,0.3333333333333333,2,1,0.4444444444444444,user3169426,3.0,2,0,0,3,0,2023-03-15 05:12:37,2023-06-06 16:33:31,Peripheral learner,,0
38470,0,1,0,1,0.00010101914977139124,0.0002574849588985157,0.0,0.0,1,0,0.0,Varsedile,3.0,1,0,0,0,0,2023-03-18 05:44:00,2023-03-18 05:44:00,Peripheral learner,,0
38543,0,1,0,1,0.00010101914977139124,0.0002574849588985157,0.0,0.0,1,0,0.0,Ahmed,1.0,1,0,0,0,0,2023-03-25 03:18:13,2023-03-25 03:18:13,Peripheral learner,,0
38612,0,3,0,3,0.00010101914977139124,0.0005371054675932673,0.0011416542978939896,0.3333333333333333,2,2,0.6666666666666667,Melissa Borg Sperandeo,3.0,2,0,0,2,0,2023-03-31 18:14:55,2023-04-28 20:16:54,Peripheral learner,,0
38627,0,3,0,7,0.00010101914977139124,0.00039520530526426496,0.0,1.0,3,0,0.4444444444444444,Gold Isaac,5.0,5,0,0,3,0,2023-04-03 12:34:00,2023-07-12 10:05:50,Peripheral learner,,0
38692,0,1,0,1,0.00010101914977139124,0.0002574849588985157,0.0,0.0,1,0,0.0,Ben,1.0,1,0,0,1,0,2023-04-12 11:29:58,2023-04-14 03:43:28,Peripheral learner,,0
38722,0,3,0,8,0.00010101914977139124,0.000277229051319675,0.0005126637011102898,0.6666666666666666,3,2,0.4444444444444444,REJEN RJ,27.0,4,1,0,2,1,2023-04-13 10:04:04,2023-10-24 13:03:23,Peripheral learner,2,1
38098,0,2,0,2,0.00010101914977139124,0.0002610120800597448,0.0,1.0,2,1,0.5,Conor O'Mahony,1.0,1,1,1,2,0,2023-02-02 02:13:09,2023-02-08 00:51:20,Peripheral learner,1,1
38124,0,3,0,3,0.00010101914977139124,0.0004177238055304257,0.0013396569599653284,0.3333333333333333,2,9,0.6666666666666667,Pranay Kinra,3.0,3,0,0,1,0,2023-02-18 06:09:03,2023-03-05 11:37:39,Peripheral learner,,0
38153,0,1,0,2,0.00010101914977139124,0.0002621954137753815,0.0,0.0,1,0,0.0,Follang,3.0,1,0,0,1,0,2023-02-09 21:55:02,2023-02-10 11:30:28,Peripheral learner,,0
38155,0,3,0,21,0.00010101914977139124,0.0003355109190517825,0.0005126637011102898,0.6666666666666666,3,2,0.4444444444444444,Harr,35.0,11,0,0,6,0,2023-02-10 02:06:07,2023-08-26 00:24:49,Peripheral learner,,0
38192,0,1,0,1,0.00010101914977139124,0.0002574849588985157,0.0,0.0,1,0,0.0,Soremegis,1.0,1,0,0,1,0,2023-02-13 11:27:19,2023-02-14 09:26:43,Peripheral learner,,0
38822,0,1,0,3,0.00010101914977139124,0.00026690586865224725,0.0,0.0,1,0,0.0,Ahmed Hesham,3.0,1,0,0,0,0,2023-04-25 22:42:03,2023-04-25 22:42:03,Peripheral learner,,0
38906,0,2,0,3,0.00010101914977139124,0.0002711937290341107,0.0005121510374091796,0.0,2,2,0.5,aidiotwholikescoding,1.0,1,0,0,0,0,2023-05-05 00:43:05,2023-05-05 00:43:05,Peripheral learner,,0
38910,0,2,0,3,0.00010101914977139124,0.0003340871915702841,8.69407764832602e-05,0.0,2,0,0.5,shirin,1.0,1,1,0,2,0,2023-05-05 08:33:25,2023-05-06 15:31:09,Peripheral learner,1,1
38935,0,1,0,1,0.00010101914977139124,0.0002574849588985157,0.0,0.0,1,0,0.0,chonker,3.0,1,0,0,1,0,2023-05-08 09:07:08,2023-05-09 13:11:08,Peripheral learner,,0
38996,0,1,0,1,0.00010101914977139124,0.0002574849588985157,0.0,0.0,1,0,0.0,Upicky Rizek,13.0,1,0,0,1,0,2023-05-12 18:12:10,2023-05-14 15:57:59,Peripheral learner,,0
39092,0,1,0,1,0.00010101914977139124,0.0002574849588985157,0.0,0.0,1,0,0.0,MUKTANANDA MICHAEL STIMPFIG,3.0,1,0,0,2,0,2023-05-23 04:33:06,2023-05-23 21:36:26,Peripheral learner,,0
39244,0,1,0,5,0.00010101914977139124,0.0002763267784059788,0.0,0.0,1,0,0.0,Soham Roy,7.0,3,0,0,3,0,2023-06-11 07:30:54,2023-06-17 20:57:45,Peripheral learner,,0
39247,0,4,0,6,0.00010101914977139124,0.00042513656429600587,0.0030655196307925884,0.16666666666666666,2,2,0.375,Geoff,11.0,6,1,0,1,1,2023-06-09 12:08:29,2023-09-13 23:59:27,Peripheral learner,0,1
39357,0,2,0,2,0.00010101914977139124,0.00036495612671238846,0.00013911586567349774,0.0,2,2,0.5,Paul DP,1.0,1,0,0,0,0,2023-06-18 09:02:54,2023-06-18 09:02:54,Peripheral learner,,0
39410,0,1,0,2,0.00010101914977139124,0.0002621954137753815,0.0,0.0,1,0,0.0,Yordaign,3.0,1,0,0,1,0,2023-06-22 01:12:32,2023-06-24 00:13:31,Peripheral learner,,0
39419,0,1,0,2,0.00010101914977139124,0.0002621954137753815,0.0,0.0,1,0,0.0,Mostafa Abdelnaser,3.0,1,0,0,1,0,2023-06-23 02:27:56,2023-06-23 02:58:17,Peripheral learner,,0
38324,0,1,0,1,0.00010101914977139124,0.0002574849588985157,0.0,0.0,1,0,0.0,Black Beard,103.0,1,0,0,0,0,2023-03-01 13:27:00,2023-03-01 13:27:00,Peripheral learner,,0
38371,0,1,0,1,0.00010101914977139124,0.0002574849588985157,0.0,0.0,1,0,0.0,Marek Pecnik,3.0,1,0,0,1,0,2023-03-06 22:59:43,2023-03-07 13:46:32,Peripheral learner,,0
38372,0,1,0,2,0.00010101914977139124,0.0002621954137753815,0.0,0.0,1,0,0.0,AdamBomb210,3.0,1,0,0,0,0,2023-03-06 23:03:29,2023-03-06 23:03:29,Peripheral learner,,0
38383,0,1,0,1,0.00010101914977139124,0.0002574849588985157,0.0,0.0,1,0,0.0,Gilbert,3.0,1,0,0,1,0,2023-03-07 16:32:02,2023-03-07 21:38:33,Peripheral learner,,0
38391,0,1,0,1,0.00010101914977139124,0.0002574849588985157,0.0,0.0,1,0,0.0,IDeRouck,3.0,1,0,0,1,0,2023-03-08 12:52:36,2023-03-08 14:37:57,Peripheral learner,,0
39597,0,2,0,3,0.00010101914977139124,0.0002630626131752891,0.0,1.0,2,0,0.5,molearns,3.0,2,0,0,1,0,2023-07-11 16:40:53,2023-07-29 00:41:25,Peripheral learner,,0
39643,0,1,0,2,0.00010101914977139124,0.0002621954137753815,0.0,0.0,1,0,0.0,Collins,1.0,1,0,0,1,0,2023-07-15 19:55:36,2023-07-16 17:23:14,Peripheral learner,,0
39644,0,1,0,1,0.00010101914977139124,0.0002574849588985157,0.0,0.0,1,0,0.0,Rex Kartik,3.0,1,1,0,1,0,2023-07-16 12:07:04,2023-07-17 03:30:02,Peripheral learner,2,1
39692,0,1,0,1,0.00010101914977139124,0.0002574849588985157,0.0,0.0,1,0,0.0,Malia,1.0,1,0,0,0,0,2023-07-20 07:55:05,2023-07-20 07:55:05,Peripheral learner,,0
39735,0,1,0,2,0.00010101914977139124,0.0002621954137753815,0.0,0.0,1,0,0.0,thisisjax,3.0,1,0,0,1,0,2023-07-30 02:08:28,2023-08-01 15:35:05,Peripheral learner,,0
39786,0,2,0,2,0.00010101914977139124,0.00025835215829842325,0.0,1.0,2,2,0.5,Murphy_D,1.0,2,0,0,0,0,2023-07-29 11:41:12,2023-07-30 21:33:29,Peripheral learner,,0
39790,0,2,0,3,0.00010101914977139124,0.0004771377494031271,0.0012594803179780676,0.0,1,0,0.0,Yanda,3.0,1,0,0,1,0,2023-07-31 14:46:14,2023-08-01 11:22:22,Peripheral learner,,0
39824,0,2,0,2,0.00010101914977139124,0.00025835215829842325,0.0,1.0,2,2,0.5,Kareem,1.0,1,0,0,0,0,2023-08-03 12:03:43,2023-08-03 12:03:43,Peripheral learner,,0
39848,0,1,0,1,0.00010101914977139124,0.0002574849588985157,0.0,0.0,1,0,0.0,Firas Elechi,1.0,1,0,0,0,0,2023-08-08 23:49:59,2023-08-08 23:49:59,Peripheral learner,,0
39883,0,2,0,6,0.00010101914977139124,0.0002733507223289282,0.0,1.0,2,0,0.5,Jeff,21.0,6,1,1,3,0,2023-10-31 00:39:33,2023-12-31 02:57:10,Peripheral learner,7,1
39891,0,3,0,3,0.00010101914977139124,0.000687369630154007,0.0006500519210799584,0.0,1,32,0.4444444444444444,Don Tan,1.0,1,0,0,1,0,2023-08-11 11:40:26,2023-08-11 16:10:51,Peripheral learner,,0
38732,0,3,0,12,0.00010101914977139124,0.0007357207871259203,0.0013169110403079831,0.0,2,0,0.4444444444444444,Victor Araya,15.0,5,1,1,5,1,2023-04-25 08:57:39,2023-05-24 05:06:13,Peripheral learner,0,1
38746,0,1,0,1,0.00010101914977139124,0.0002574849588985157,0.0,0.0,1,0,0.0,VaVa,101.0,1,0,0,0,0,2023-04-16 19:06:44,2023-04-16 19:06:44,Peripheral learner,,0
38779,0,1,0,1,0.00010101914977139124,0.0002574849588985157,0.0,0.0,1,0,0.0,dbergkamp5,3.0,1,0,0,1,0,2023-04-20 22:59:39,2023-04-21 18:54:32,Peripheral learner,,0
38786,0,1,0,1,0.00010101914977139124,0.0002574849588985157,0.0,0.0,1,0,0.0,SPCS50,3.0,1,0,0,0,0,2023-04-22 05:16:21,2023-04-22 05:16:21,Peripheral learner,,0
38821,0,2,0,2,0.00010101914977139124,0.0004724272945262613,0.0003250259605399792,0.0,1,0,0.0,Juan Alberto Chocca,11.0,1,0,0,0,0,2023-04-25 19:55:21,2023-04-25 19:55:21,Peripheral learner,,0
40075,0,1,0,1,0.00010101914977139124,0.0002574849588985157,0.0,0.0,1,0,0.0,Croix How,3.0,1,0,0,1,0,2023-09-06 04:47:06,2023-09-06 06:45:52,Peripheral learner,,0
40088,0,2,0,2,0.00010101914977139124,0.00025835215829842325,0.0,1.0,2,2,0.5,xyj,1.0,1,0,0,3,0,2023-09-07 04:03:55,2023-09-11 03:44:14,Peripheral learner,,0
40143,0,3,0,3,0.00010101914977139124,0.000687369630154007,0.0006500096496635092,0.0,1,33,0.4444444444444444,Wendy0921,3.0,2,0,0,1,0,2023-09-12 04:33:07,2023-09-23 07:50:28,Peripheral learner,,0
40145,0,1,0,1,0.00010101914977139124,0.0002574849588985157,0.0,0.0,1,0,0.0,deertom,3.0,1,0,0,0,0,2023-09-12 08:10:36,2023-09-12 08:10:36,Peripheral learner,,0
40189,0,3,0,10,0.00010101914977139124,0.00028716595264379635,0.0,1.0,3,0,0.6666666666666667,Raheel A,15.0,3,1,0,4,1,2023-09-18 02:03:43,2023-12-02 16:36:18,Peripheral learner,0,1
40220,0,1,0,1,0.00010101914977139124,0.0002574849588985157,0.0,0.0,1,0,0.0,Mia W,41.0,1,0,0,0,0,2023-09-20 17:38:06,2023-09-20 17:38:06,Peripheral learner,,0
40363,0,3,0,3,0.00010101914977139124,0.00028905820624524405,7.082379270073868e-05,0.3333333333333333,3,2,0.4444444444444444,Fawz,1.0,1,1,1,2,0,2023-10-05 05:42:41,2023-10-06 03:55:52,Peripheral learner,4,1
40365,0,4,0,4,0.00010101914977139124,0.0004026055083348212,0.00035011152706995014,0.16666666666666666,3,2,0.375,Psystrike,1.0,1,0,0,0,0,2023-10-04 11:35:27,2023-10-04 11:35:27,Peripheral learner,,0
40368,0,2,0,6,0.00010101914977139124,0.0002618209558980535,0.0,1.0,2,2,0.5,Poptart,1.0,1,0,0,2,0,2023-10-04 19:58:26,2023-10-06 01:30:26,Peripheral learner,,0
40428,0,2,0,2,0.00010101914977139124,0.00025835215829842325,0.0,1.0,2,2,0.5,boineelo,5.0,2,0,0,1,0,2023-10-13 10:32:30,2023-10-17 07:53:42,Peripheral learner,,0
40493,0,3,0,4,0.00010101914977139124,0.00026274647885955987,0.0,1.0,3,2,0.6666666666666667,Greg,3.0,2,0,0,3,0,2023-10-23 22:49:00,2023-12-21 23:50:10,Peripheral learner,,0
39432,0,1,0,1,0.00010101914977139124,0.0002574849588985157,0.0,0.0,1,0,0.0,Nathan Doan,1.0,1,0,0,0,0,2023-06-24 09:05:15,2023-06-24 09:05:15,Peripheral learner,,0
39505,0,1,0,1,0.00010101914977139124,0.0002574849588985157,0.0,0.0,1,0,0.0,Paul B,3.0,1,0,0,0,0,2023-07-02 18:22:21,2023-07-02 18:22:21,Peripheral learner,,0
39531,0,1,0,1,0.00010101914977139124,0.0002574849588985157,0.0,0.0,1,0,0.0,Anas Amer,23.0,1,0,0,0,0,2023-07-04 23:02:05,2023-07-04 23:02:05,Peripheral learner,,0
39541,0,1,0,1,0.00010101914977139124,0.0002574849588985157,0.0,0.0,1,0,0.0,tabitha Ayomide,1.0,1,0,0,0,0,2023-07-05 14:41:00,2023-07-05 14:41:00,Peripheral learner,,0
39545,0,2,0,3,0.00010101914977139124,0.0002592193576983308,0.0,1.0,2,2,0.5,liza,13.0,2,0,0,0,0,2023-07-05 17:52:07,2023-07-20 18:28:28,Peripheral learner,,0
40828,0,3,0,8,0.00010101914977139124,0.00036158045267612945,0.0007834526241035077,0.6666666666666666,3,2,0.6666666666666667,enzo,17.0,4,0,0,3,0,2023-12-11 20:42:16,2024-08-13 14:50:12,Peripheral learner,,0
41005,0,3,0,24,0.00010101914977139124,0.00030610317581083026,0.0,1.0,3,2,0.6666666666666667,AmyG,41.0,6,0,0,25,0,2024-01-05 13:53:46,2024-01-30 01:23:16,Peripheral learner,,0
41028,0,4,0,8,0.00010101914977139124,0.0006317060902952838,0.00011843387616721006,0.5,3,2,0.375,Yuya Ito,69.0,4,0,0,5,0,2024-01-07 03:34:06,2024-03-20 10:15:34,Peripheral learner,,0
41082,0,3,0,11,0.00010101914977139124,0.00027266013013587103,0.0,1.0,3,2,0.6666666666666667,Rae,27.0,3,0,0,8,0,2024-01-16 18:12:40,2024-01-18 22:15:27,Peripheral learner,,0
41142,0,2,0,2,0.00010101914977139124,0.00025835215829842325,0.0,1.0,2,2,0.5,rida brahim,11.0,1,1,0,1,1,2024-01-25 19:08:19,2024-01-27 11:04:58,Peripheral learner,2,1
41186,0,2,0,2,0.00010101914977139124,0.00025835215829842325,0.0,1.0,2,2,0.5,Donald Udofia,1.0,1,0,0,0,0,2024-01-31 18:32:55,2024-01-31 18:32:55,Peripheral learner,,0
41202,0,2,0,3,0.00010101914977139124,0.0002592193576983308,0.0,1.0,2,2,0.5,Swayam Jha,1.0,2,0,0,2,0,2024-02-02 08:02:39,2024-05-26 02:33:56,Peripheral learner,,0
41209,0,2,0,2,0.00010101914977139124,0.00025835215829842325,0.0,1.0,2,2,0.5,MuTE,1.0,1,0,0,0,0,2024-02-03 04:22:26,2024-02-03 04:22:26,Peripheral learner,,0
42400,0,1,0,1,0.00010101914977139124,0.0002574849588985157,0.0,0.0,1,0,0.0,Berry6400,3.0,1,0,0,1,0,2024-03-03 16:41:55,2024-03-04 12:18:28,Peripheral learner,,0
42727,0,1,0,1,0.00010101914977139124,0.0002574849588985157,0.0,0.0,1,0,0.0,msx68010z80,3.0,1,0,0,0,0,2024-04-23 23:54:29,2024-04-23 23:54:29,Peripheral learner,,0
42736,0,2,0,2,0.00010101914977139124,0.00025835215829842325,0.0,1.0,2,2,0.5,Victor Ukaegbu,3.0,1,0,0,1,0,2024-04-28 17:17:48,2024-04-29 00:50:54,Peripheral learner,,0
39903,0,1,0,3,0.00010101914977139124,0.00026690586865224725,0.0,0.0,1,0,0.0,Moyak,1.0,1,0,0,2,0,2023-08-12 23:40:06,2023-08-14 19:15:42,Peripheral learner,,0
39931,0,3,0,6,0.00010101914977139124,0.00026448087765937507,0.0,1.0,3,2,0.6666666666666667,Anna,17.0,3,0,0,1,0,2023-08-17 13:14:39,2023-09-30 21:43:51,Peripheral learner,,0
39969,0,2,0,3,0.00010101914977139124,0.0002592193576983308,0.0,1.0,2,2,0.5,Blissfully_Tensed,1.0,1,0,0,0,0,2023-09-04 15:20:22,2023-09-04 15:20:22,Peripheral learner,,0
39990,0,1,0,1,0.00010101914977139124,0.0002574849588985157,0.0,0.0,1,0,0.0,ali rg,3.0,1,0,0,0,0,2023-08-26 12:43:00,2023-08-26 12:43:00,Peripheral learner,,0
40000,0,1,0,1,0.00010101914977139124,0.0002574849588985157,0.0,0.0,1,0,0.0,Sailord2021,3.0,1,0,0,1,0,2023-08-27 17:45:54,2023-09-02 09:18:11,Peripheral learner,,0
42988,0,1,0,1,0.00010101914977139124,0.0002574849588985157,0.0,0.0,1,0,0.0,UP timism1,1.0,1,0,0,0,0,2024-06-06 07:06:07,2024-06-06 07:06:07,Peripheral learner,,0
43139,0,1,0,1,0.00010101914977139124,0.0002574849588985157,0.0,0.0,1,0,0.0,David De Silva,3.0,1,0,0,1,0,2024-06-30 06:29:52,2024-06-30 18:01:55,Peripheral learner,,0
43251,0,1,0,2,0.00010101914977139124,0.0002621954137753815,0.0,0.0,1,0,0.0,mikegrid,3.0,1,0,0,2,0,2024-07-19 12:22:37,2024-07-21 03:36:44,Peripheral learner,,0
43457,0,1,0,2,0.00010101914977139124,0.0002621954137753815,0.0,0.0,1,0,0.0,Benjamin Finestone,1.0,1,0,0,2,0,2024-08-19 15:54:10,2024-09-05 13:06:57,Peripheral learner,,0
43468,0,1,0,1,0.00010101914977139124,0.0002574849588985157,0.0,0.0,1,0,0.0,Prathiksha S,1.0,1,0,0,1,0,2024-08-21 16:01:20,2024-08-22 15:44:29,Peripheral learner,,0
43484,0,1,0,2,0.00010101914977139124,0.0002621954137753815,0.0,0.0,1,0,0.0,Richard Villafana,3.0,1,0,0,2,0,2024-08-31 23:10:49,2024-09-01 13:23:19,Peripheral learner,,0
43782,0,1,0,3,0.00010101914977139124,0.00026690586865224725,0.0,0.0,1,0,0.0,Alex Miami,1.0,2,0,0,0,0,2024-10-25 18:05:32,2024-10-25 18:49:08,Peripheral learner,,0
44034,0,2,0,2,0.00010101914977139124,0.00025835215829842325,0.0,1.0,2,2,0.5,LP Anderson,21.0,1,1,0,0,1,2024-12-10 23:50:00,2024-12-11 00:07:23,Peripheral learner,2,1
44058,0,1,0,1,0.00010101914977139124,0.0002574849588985157,0.0,0.0,1,0,0.0,John Goossens,1.0,1,0,0,0,0,2024-12-16 16:44:18,2024-12-16 16:44:18,Peripheral learner,,0
44292,0,3,0,3,0.00010101914977139124,0.0002618792794596523,0.0,1.0,3,2,0.6666666666666667,FriedToast,3.0,1,0,0,0,0,2025-01-26 17:02:44,2025-01-26 17:02:44,Peripheral learner,,0
44420,0,2,0,2,0.00010101914977139124,0.00025835215829842325,0.0,1.0,2,2,0.5,sanya_timi,1.0,1,1,0,2,0,2025-02-22 13:40:21,2025-02-25 22:26:34,Peripheral learner,1,1
40565,0,2,0,2,0.00010101914977139124,0.00025835215829842325,0.0,1.0,2,2,0.5,Tiler99uu,15.0,2,0,0,0,0,2023-11-30 22:09:00,2024-02-03 00:35:04,Peripheral learner,,0
40728,0,2,0,2,0.00010101914977139124,0.0002610120800597448,0.0,1.0,2,1,0.5,phnlg,1.0,1,0,0,2,0,2023-11-27 21:39:29,2023-11-28 09:18:57,Peripheral learner,,0
40757,0,1,0,1,0.00010101914977139124,0.0002574849588985157,0.0,0.0,1,0,0.0,Nathan,3.0,1,0,0,1,0,2023-11-30 21:24:37,2023-12-28 15:46:25,Peripheral learner,,0
40783,0,3,0,3,0.00010101914977139124,0.00028905820624524405,7.075296890803792e-05,0.3333333333333333,3,2,0.4444444444444444,Butterworth Filter,1.0,1,0,0,0,0,2023-12-04 23:54:33,2023-12-04 23:54:33,Peripheral learner,,0
40802,0,3,0,17,0.00010101914977139124,0.0002766799928196797,0.0,1.0,3,2,0.6666666666666667,Alaa Hamoush,39.0,6,1,0,6,1,2023-12-07 13:01:31,2024-01-09 16:17:13,Peripheral learner,6,1
45886,0,2,0,3,0.00010101914977139124,0.0003716747393341451,0.0,1.0,2,0,0.0,The Glaive,1.0,2,1,0,1,0,2025-06-26 22:06:23,2025-07-03 14:42:33,Peripheral learner,0,1
45911,0,1,0,2,0.00010101914977139124,0.0002621954137753815,0.0,0.0,1,0,0.0,Mateus 707,1.0,1,1,1,0,0,2025-06-07 21:29:10,2025-06-14 15:03:48,Peripheral learner,4,1
45952,0,1,0,1,0.00010101914977139124,0.0002574849588985157,0.0,0.0,1,0,0.0,Ahum Maitra,3.0,1,0,0,0,0,2025-06-17 16:50:17,2025-06-17 16:50:17,Peripheral learner,,0
46809,0,1,0,1,0.00010101914977139124,0.0002574849588985157,0.0,0.0,1,0,0.0,Ed_35,1.0,1,0,0,0,0,2025-11-15 11:44:57,2025-11-15 11:44:57,Peripheral learner,,0
46850,0,1,0,3,0.00010101914977139124,0.00026690586865224725,0.0,0.0,1,0,0.0,Cozy,1.0,1,0,0,3,0,2025-11-26 12:56:21,2025-11-27 08:25:00,Peripheral learner,,0
47298,0,1,0,2,0.00010101914977139124,0.0002621954137753815,0.0,0.0,1,0,0.0,Pierre Totari,1.0,1,0,0,1,0,2026-02-28 21:49:00,2026-03-02 19:44:57,Peripheral learner,,0
47311,0,1,0,1,0.00010101914977139124,0.0002574849588985157,0.0,0.0,1,0,0.0,Nakul Rajawat,1.0,1,0,0,0,0,2026-03-07 05:57:58,2026-03-07 05:57:58,Peripheral learner,,0
36904,0,3,0,3,0.00010101914977139124,0.0003731634888992821,0.00023486293282451887,0.0,2,2,0.4444444444444444,Mohamed Asif,1.0,1,0,0,0,0,2022-09-20 14:40:28,2022-09-20 14:40:28,Peripheral learner,,0
23704,0,2,0,2,0.00010101914977139124,0.0002682428660510871,0.00022616152693461235,0.0,2,12,0.5,Anton Ödman,101.0,1,0,0,0,0,2019-06-12 13:34:08,2019-06-12 13:34:08,Peripheral learner,,0
29130,0,2,0,2,0.00010101914977139124,0.0005153683035857983,1.305845302287845e-05,0.0,2,12,0.0,leesquared,1.0,1,0,0,0,0,2020-07-14 01:23:12,2020-07-14 01:23:12,Peripheral learner,,0
29460,0,1,0,1,0.00010101914977139124,0.00026471574488985797,0.0,0.0,1,12,0.0,Ryan,13.0,1,0,0,0,0,2020-08-14 14:41:37,2020-08-14 14:41:37,Peripheral learner,,0
42742,0,1,0,3,0.00010101914977139124,0.00026690586865224725,0.0,0.0,1,0,0.0,coder12,3.0,1,0,0,2,0,2024-04-25 23:28:09,2024-04-27 22:15:35,Peripheral learner,,0
42777,0,1,0,1,0.00010101914977139124,0.0002574849588985157,0.0,0.0,1,0,0.0,DiamondMonster09,3.0,1,0,0,0,0,2024-05-03 13:47:04,2024-05-03 13:47:04,Peripheral learner,,0
42849,0,1,0,2,0.00010101914977139124,0.0002621954137753815,0.0,0.0,1,0,0.0,StarBirds007,5.0,2,0,0,2,0,2024-05-13 10:19:46,2024-05-14 09:39:54,Peripheral learner,,0
42856,0,1,0,1,0.00010101914977139124,0.0002574849588985157,0.0,0.0,1,0,0.0,DavidM,3.0,1,0,0,1,0,2024-05-14 08:38:48,2024-05-14 12:37:31,Peripheral learner,,0
42979,0,1,0,2,0.00010101914977139124,0.0002621954137753815,0.0,0.0,1,0,0.0,mrtealover,3.0,1,0,0,1,0,2024-06-02 15:57:02,2024-06-02 19:25:45,Peripheral learner,,0
4555,0,3,0,3,0.00010101914977139124,0.0005026735628332321,0.00023429580027895327,0.6666666666666666,3,1,0.4444444444444444,TheOnlyAnil,103.0,2,0,0,1,0,2020-04-26 15:47:45,2020-04-27 16:51:55,Peripheral learner,,0
9866,0,2,0,4,0.00010101914977139124,0.00027043021267562754,0.00014359802300764116,0.0,2,1,0.5,DataDan,35.0,2,1,1,3,0,2020-05-29 21:43:31,2020-06-16 20:57:24,Peripheral learner,16,1
14636,0,4,0,5,0.00010101914977139124,0.00028616519957204726,0.0015929678243111242,0.0,4,1,0.75,Sion Williams,9.0,5,1,1,6,0,2019-05-24 09:20:06,2020-11-10 10:10:39,Peripheral learner,4,1
15088,0,1,0,2,0.00010101914977139124,0.0002598287463441081,0.0,0.0,1,1,0.0,nvs0000,179.0,1,0,0,2,0,2020-03-15 07:06:18,2020-03-18 10:24:41,Peripheral learner,,0
15502,0,2,0,4,0.00010101914977139124,0.0002906794445798425,0.00023453033060956286,0.0,2,3,0.5,kabman,1.0,3,0,0,0,0,2019-11-27 12:07:36,2020-01-18 21:48:34,Peripheral learner,,0
17304,0,2,0,5,0.00010101914977139124,0.0002942065657410716,0.00023453033060956286,0.0,2,3,0.5,DGC,1.0,1,1,0,4,0,2019-12-16 12:48:39,2019-12-18 10:24:35,Peripheral learner,1,1
19787,0,1,0,1,0.00010101914977139124,0.000256301625182879,0.0,0.0,1,1,0.0,Pexan,19.0,1,0,0,0,0,2019-11-18 15:48:10,2019-11-18 15:48:10,Peripheral learner,,0
37604,0,1,0,2,0.00010101914977139124,0.0002811592573187313,0.0,0.0,1,5,0.0,Eric Engel,113.0,1,0,0,1,0,2022-12-05 04:12:22,2022-12-06 03:57:30,Peripheral learner,,0
37756,0,1,0,1,0.00010101914977139124,0.00026696688067019063,0.0,0.0,1,5,0.0,578574,1.0,1,1,0,1,0,2022-12-22 15:06:04,2022-12-23 14:36:12,Peripheral learner,0,1
38090,0,1,0,1,0.00010101914977139124,0.00026696688067019063,0.0,0.0,1,5,0.0,zhacinkg,1.0,1,0,0,0,0,2023-02-01 06:27:22,2023-02-01 06:27:22,Peripheral learner,,0
38121,0,1,0,1,0.00010101914977139124,0.00026696688067019063,0.0,0.0,1,5,0.0,Hazel,1.0,1,0,0,2,0,2023-02-05 04:05:49,2023-02-06 10:26:37,Peripheral learner,,0
38793,0,2,0,3,0.00010101914977139124,0.0002763877904239222,0.0,1.0,2,0,0.5,Sarpesh Malkapgol,3.0,1,0,0,2,0,2023-04-23 06:10:38,2023-04-25 04:45:37,Peripheral learner,,0
39416,0,3,0,5,0.00010101914977139124,0.0003312838280608144,0.0,1.0,3,1,0.4444444444444444,yzrtt22,1.0,1,0,0,2,0,2023-10-05 06:04:36,2023-10-09 23:18:44,Peripheral learner,,0
44541,0,1,0,2,0.00010101914977139124,0.0002621954137753815,0.0,0.0,1,0,0.0,Maniram Tatipamula,1.0,1,0,0,0,0,2025-03-31 14:01:37,2025-03-31 14:01:37,Peripheral learner,,0
44542,0,1,0,1,0.00010101914977139124,0.0002574849588985157,0.0,0.0,1,0,0.0,Skywalker,1.0,1,0,0,2,0,2025-03-31 15:07:44,2025-04-01 10:15:31,Peripheral learner,,0
44707,0,1,0,1,0.00010101914977139124,0.0002574849588985157,0.0,0.0,1,0,0.0,Lisa Smit,1.0,1,0,0,0,0,2025-05-02 13:15:03,2025-05-02 13:15:03,Peripheral learner,,0
42822,0,2,0,2,0.00010101914977139124,0.00027167733554705635,0.0,1.0,2,5,0.5,usmflor,3.0,1,0,0,2,0,2024-05-09 07:01:24,2024-05-09 17:33:37,Peripheral learner,,0
43678,0,1,0,1,0.00010101914977139124,0.00026696688067019063,0.0,0.0,1,5,0.0,user1844,1.0,1,0,0,0,0,2024-09-27 17:29:22,2024-09-27 17:29:22,Peripheral learner,,0
43679,0,1,0,1,0.00010101914977139124,0.00026696688067019063,0.0,0.0,1,5,0.0,Ahmed,1.0,1,0,0,1,0,2024-09-28 10:07:34,2024-10-01 10:18:02,Peripheral learner,,0
43700,0,2,0,3,0.00010101914977139124,0.0002820264567186388,0.0,1.0,2,5,0.5,Phát Phạm Quang,1.0,1,0,0,1,0,2024-10-02 08:29:55,2024-10-03 01:37:52,Peripheral learner,,0
45794,0,1,0,1,0.00010101914977139124,0.00026696688067019063,0.0,0.0,1,5,0.0,Morteza Ahmadzadeh,3.0,1,0,0,0,0,2025-05-26 05:39:09,2025-05-26 05:39:09,Peripheral learner,,0
46460,0,1,0,1,0.00010101914977139124,0.00026696688067019063,0.0,0.0,1,5,0.0,Zahra Taghikhani,1.0,1,0,0,0,0,2025-09-15 09:54:31,2025-09-15 09:54:31,Peripheral learner,,0
20152,0,1,0,1,0.00010101914977139124,0.000256301625182879,0.0,0.0,1,1,0.0,Librarian,11.0,1,0,0,1,0,2019-06-22 05:33:13,2019-06-24 14:27:27,Peripheral learner,,0
21532,0,2,0,4,0.00010101914977139124,0.00028274729260875046,0.00023453033060956286,0.0,2,3,0.5,Dan,3.0,2,0,0,3,0,2019-11-23 05:07:10,2019-11-26 13:40:17,Peripheral learner,,0
22282,0,1,0,1,0.00010101914977139124,0.000256301625182879,0.0,0.0,1,1,0.0,Jonathan Foster,1.0,1,0,0,2,0,2019-11-23 19:06:03,2019-11-24 10:59:32,Peripheral learner,,0
23185,0,1,0,1,0.00010101914977139124,0.000256301625182879,0.0,0.0,1,1,0.0,Raebbit,15.0,1,0,0,1,0,2019-07-04 09:41:50,2019-07-04 14:04:17,Peripheral learner,,0
23212,0,1,0,1,0.00010101914977139124,0.000256301625182879,0.0,0.0,1,1,0.0,user10661325,11.0,1,0,0,0,0,2019-10-28 05:27:43,2019-10-28 05:27:43,Peripheral learner,,0
23387,0,1,0,1,0.00010101914977139124,0.000256301625182879,0.0,0.0,1,1,0.0,Ricardo Leta,3.0,1,0,0,1,0,2019-06-01 15:41:14,2019-06-02 08:45:36,Peripheral learner,,0
29484,0,1,0,1,0.00010101914977139124,0.00026471574488985797,0.0,0.0,1,12,0.0,Yawar Bhat,1.0,1,0,0,0,0,2020-08-16 15:58:03,2020-08-16 15:58:03,Peripheral learner,,0
29567,0,1,0,3,0.00010101914977139124,0.00028859822662627416,0.0,0.0,1,12,0.0,Eric P.,1.0,1,0,0,2,0,2020-08-26 02:54:27,2020-08-27 10:49:45,Peripheral learner,,0
27590,0,2,0,2,0.00010101914977139124,0.0005949267870088838,0.0003250259605399792,0.0,1,11,0.0,earlpanda,11.0,1,0,0,1,0,2020-04-17 15:43:16,2020-04-22 14:14:03,Peripheral learner,,0
23603,0,1,0,1,0.00010101914977139124,0.000256301625182879,0.0,0.0,1,1,0.0,Owen,1.0,1,0,0,0,0,2019-05-21 04:55:27,2019-05-21 04:55:27,Peripheral learner,,0
23741,0,2,0,3,0.00010101914977139124,0.00027922017144752133,0.00023429580027895327,0.0,2,3,0.5,Daniel Fernandez,7.0,3,1,0,1,0,2019-06-18 15:44:43,2019-07-22 13:31:43,Peripheral learner,8,1
23749,0,1,0,2,0.00010101914977139124,0.0002598287463441081,0.0,0.0,1,1,0.0,Samuel Howard,1.0,1,0,0,1,0,2019-06-25 15:57:55,2019-06-25 17:21:35,Peripheral learner,,0
23824,0,2,0,4,0.00010101914977139124,0.0002906794445798425,0.00023453033060956286,0.0,2,3,0.5,Jeevan Kumar,13.0,3,1,0,3,0,2019-07-01 14:09:00,2020-07-26 06:08:28,Peripheral learner,0,1
23829,0,1,0,1,0.00010101914977139124,0.000256301625182879,0.0,0.0,1,1,0.0,Kenneth See Dehui,3.0,1,0,0,1,0,2019-07-02 04:31:37,2019-07-02 14:39:22,Peripheral learner,,0
23872,0,2,0,7,0.00010101914977139124,0.0003091929600346219,0.00023429580027895327,0.0,2,3,0.5,joelanbanks3,103.0,3,0,0,5,0,2019-07-29 02:21:37,2019-09-01 21:59:29,Peripheral learner,,0
23983,0,1,0,1,0.00010101914977139124,0.000256301625182879,0.0,0.0,1,1,0.0,Anjali Radhakrishnan,1.0,1,0,0,1,0,2019-08-08 10:06:39,2019-08-08 17:09:23,Peripheral learner,,0
23984,0,3,0,4,0.00010101914977139124,0.0006809512720747767,0.0004075040122944472,0.0,2,3,0.4444444444444444,Rahat Muneeb,1.0,2,0,0,2,0,2019-07-27 17:54:00,2019-07-29 15:46:17,Peripheral learner,,0
25228,0,1,0,6,0.00010101914977139124,0.00027393723098902454,0.0,0.0,1,1,0.0,Ahmedalsa,11.0,1,0,0,6,0,2019-09-12 09:29:47,2019-09-16 13:18:07,Peripheral learner,,0
25243,0,1,0,1,0.00010101914977139124,0.000256301625182879,0.0,0.0,1,1,0.0,KickItLikeSh,3.0,1,0,0,0,0,2019-09-14 01:48:34,2019-09-14 01:48:34,Peripheral learner,,0
25565,0,1,0,1,0.00010101914977139124,0.000256301625182879,0.0,0.0,1,1,0.0,Dragos Toader,1.0,1,0,0,0,0,2020-02-08 12:57:23,2020-02-08 12:57:23,Peripheral learner,,0
25613,0,1,0,1,0.00010101914977139124,0.000256301625182879,0.0,0.0,1,1,0.0,Zhiyu Zhu,1.0,1,0,0,0,0,2019-12-01 07:41:44,2019-12-01 07:41:44,Peripheral learner,,0
25616,0,2,0,6,0.00010101914977139124,0.0002977336869023008,0.00023429580027895327,0.0,2,3,0.5,junyuanjyjy,25.0,4,0,0,2,0,2019-11-30 19:13:55,2020-01-05 07:46:44,Peripheral learner,,0
40175,0,4,0,14,0.00010101914977139124,0.00029538333715255487,0.0,1.0,4,2,0.75,TrytoLearn,5.0,5,0,0,4,0,2023-09-17 00:58:35,2024-01-30 04:00:54,Peripheral learner,,0
40350,0,2,0,4,0.00010101914977139124,0.00026956847886991326,0.0,1.0,2,2,0.5,csharp1321,1.0,1,0,0,0,0,2023-10-02 11:13:58,2023-10-02 11:13:58,Peripheral learner,,0
40987,0,1,0,1,0.00010101914977139124,0.00026696688067019063,0.0,0.0,1,5,0.0,Oliverson,1.0,1,0,0,0,0,2024-01-02 12:25:44,2024-01-02 12:25:44,Peripheral learner,,0
25672,0,1,0,2,0.00010101914977139124,0.0002598287463441081,0.0,0.0,1,1,0.0,naobie,1.0,1,0,0,1,0,2019-12-16 05:01:50,2019-12-17 03:35:23,Peripheral learner,,0
25677,0,1,0,3,0.00010101914977139124,0.00026335586750533726,0.0,0.0,1,1,0.0,CorinTheGreat,1.0,1,0,0,3,0,2019-12-17 09:45:39,2019-12-19 22:45:42,Peripheral learner,,0
25682,0,2,0,2,0.00010101914977139124,0.0003279490703921276,0.0003529642990759052,0.0,2,8,0.5,Nis,1.0,1,0,0,0,0,2019-12-18 14:22:23,2019-12-18 14:22:23,Peripheral learner,,0
25720,0,4,0,7,0.00010101914977139124,0.0009462957274563691,0.0015576660889593523,0.16666666666666666,3,3,0.625,Loran,101.0,3,0,0,7,0,2020-01-25 15:35:35,2020-02-06 09:30:50,Peripheral learner,,0
25735,0,2,0,3,0.00010101914977139124,0.0004145075208916223,1.7130959498560767e-05,0.0,2,6,0.5,mjday,1.0,2,0,0,4,0,2019-12-30 07:04:08,2020-11-10 16:23:43,Peripheral learner,,0
25759,0,1,0,3,0.00010101914977139124,0.00026335586750533726,0.0,0.0,1,1,0.0,Depricated1,3.0,1,0,0,3,0,2020-02-02 16:02:43,2020-02-05 15:23:18,Peripheral learner,,0
25771,0,2,0,4,0.00010101914977139124,0.0002906794445798425,0.00023429580027895327,0.0,2,3,0.5,Inju69,11.0,2,1,0,2,0,2020-02-01 18:12:00,2020-02-12 13:17:57,Peripheral learner,0,1
25780,0,1,0,3,0.00010101914977139124,0.00026335586750533726,0.0,0.0,1,1,0.0,Olivia Nina Walker,3.0,1,0,0,3,0,2020-01-22 12:57:17,2020-01-27 13:51:19,Peripheral learner,,0
25798,0,1,0,2,0.00010101914977139124,0.0002598287463441081,0.0,0.0,1,1,0.0,Claire McGehee,1.0,1,0,0,1,0,2020-01-15 15:21:15,2020-01-17 16:58:18,Peripheral learner,,0
25820,0,1,0,1,0.00010101914977139124,0.000256301625182879,0.0,0.0,1,1,0.0,Jean-Pierre de Villeres,3.0,1,0,0,1,0,2020-01-16 10:33:36,2020-01-17 13:01:38,Peripheral learner,,0
25824,0,3,0,3,0.00010101914977139124,0.000600174723284814,2.5074492232717407e-06,0.6666666666666666,2,1,0.0,user71812,101.0,2,0,0,1,0,2020-01-17 05:01:20,2020-01-18 06:37:14,Peripheral learner,,0
25839,0,1,0,6,0.00010101914977139124,0.00027393723098902454,0.0,0.0,1,1,0.0,KullideDev,3.0,3,0,0,8,0,2020-01-20 10:59:03,2020-01-29 16:29:27,Peripheral learner,,0
23389,0,2,0,2,0.00010101914977139124,0.0002715983476881664,0.0008795136078655149,0.0,2,14,0.5,M00nShotting,5.0,2,0,0,2,0,2020-03-28 11:32:57,2020-04-01 15:21:33,Peripheral learner,,0
23552,0,2,0,4,0.00010101914977139124,0.0002906794445798425,0.00023429580027895327,0.0,2,3,0.5,Rudolf Fonseca,11.0,2,0,0,3,0,2019-07-05 05:44:09,2019-07-31 12:06:33,Peripheral learner,,0
23554,0,1,0,1,0.00010101914977139124,0.000256301625182879,0.0,0.0,1,1,0.0,Entonis,11.0,1,0,0,0,0,2019-05-13 14:16:10,2019-05-13 14:16:10,Peripheral learner,,0
25912,0,1,0,1,0.00010101914977139124,0.000256301625182879,0.0,0.0,1,1,0.0,Rononoa Z,3.0,1,0,0,0,0,2020-04-23 21:04:25,2020-04-23 21:04:25,Peripheral learner,,0
25963,0,8,0,8,0.00010101914977139124,0.0015681160463711403,0.0026586335676606824,0.07142857142857142,2,1,0.0,yui,23.0,1,0,0,1,0,2020-02-14 09:48:39,2020-02-17 17:37:57,Peripheral learner,,0
25972,0,3,0,3,0.00010101914977139124,0.00048270323394294587,0.0014940106485876352,0.0,2,3,0.4444444444444444,bdd060,1.0,2,0,0,0,0,2020-03-03 08:08:16,2020-03-08 18:14:41,Peripheral learner,,0
26012,0,1,0,1,0.00010101914977139124,0.000256301625182879,0.0,0.0,1,1,0.0,Sandesh Goli,101.0,1,0,0,0,0,2020-02-25 05:52:36,2020-02-25 05:52:36,Peripheral learner,,0
26024,0,1,0,1,0.00010101914977139124,0.000256301625182879,0.0,0.0,1,1,0.0,user26024,3.0,1,0,0,1,0,2020-02-27 17:19:05,2020-02-27 18:15:51,Peripheral learner,,0
26034,0,1,0,1,0.00010101914977139124,0.000256301625182879,0.0,0.0,1,1,0.0,Noki Lam,1.0,1,0,0,0,0,2020-02-29 08:47:20,2020-02-29 08:47:20,Peripheral learner,,0
26064,0,1,0,1,0.00010101914977139124,0.000256301625182879,0.0,0.0,1,1,0.0,iluvexcel,3.0,1,0,0,1,0,2020-03-04 13:39:22,2020-03-14 13:56:07,Peripheral learner,,0
26083,0,1,0,1,0.00010101914977139124,0.000256301625182879,0.0,0.0,1,1,0.0,Maelgwn,3.0,1,0,0,0,0,2020-03-08 16:12:57,2020-03-08 16:12:57,Peripheral learner,,0
26109,0,1,0,2,0.00010101914977139124,0.0002598287463441081,0.0,0.0,1,1,0.0,Grendernaz,3.0,1,0,0,1,0,2020-03-13 22:08:55,2020-03-14 01:32:26,Peripheral learner,,0
26125,0,2,0,3,0.00010101914977139124,0.0004747710819718537,0.0003250259605399792,0.0,1,1,0.0,Hoi Fei Kwok,1.0,3,2,0,2,0,2020-04-09 09:54:21,2020-04-30 13:04:39,Peripheral learner,12,2
26187,0,1,0,1,0.00010101914977139124,0.000256301625182879,0.0,0.0,1,1,0.0,zs4321,1.0,1,0,0,0,0,2020-03-25 02:50:54,2020-03-25 02:50:54,Peripheral learner,,0
26227,0,2,0,3,0.00010101914977139124,0.0002751254688493956,0.0008795136078655149,0.0,2,1,0.5,Riya Gandhi,1.0,1,0,0,2,0,2020-03-30 01:29:50,2020-03-31 19:20:57,Peripheral learner,,0
25643,0,1,0,1,0.00010101914977139124,0.000256301625182879,0.0,0.0,1,1,0.0,Hyke,1.0,1,0,0,1,0,2019-12-09 12:44:41,2019-12-10 10:57:54,Peripheral learner,,0
25667,0,1,0,2,0.00010101914977139124,0.0002598287463441081,0.0,0.0,1,1,0.0,George.S,1.0,1,0,0,2,0,2019-12-15 13:12:18,2019-12-16 19:37:45,Peripheral learner,,0
25671,0,2,0,3,0.00010101914977139124,0.00033279232614447096,0.0,1.0,2,1,0.0,Indu,5.0,2,0,0,4,0,2019-12-16 01:00:36,2019-12-19 02:14:19,Peripheral learner,,0
27319,0,3,0,3,0.00010101914977139124,0.0006861862964383702,0.0015832467982000672,0.0,1,1,0.0,Kevin Crosson,31.0,1,0,0,0,0,2020-04-01 22:42:40,2020-04-01 22:42:40,Peripheral learner,,0
27332,0,2,0,2,0.00010101914977139124,0.0003279490703921276,0.00024124937123650158,0.0,2,4,0.5,Siva Shankar,1.0,1,0,0,0,0,2020-04-21 15:35:08,2020-04-21 15:35:08,Peripheral learner,,0
27344,0,1,0,1,0.00010101914977139124,0.000256301625182879,0.0,0.0,1,1,0.0,Ahmad ELZohairy,1.0,1,0,0,1,0,2020-04-03 23:08:41,2020-04-04 13:23:28,Peripheral learner,,0
27409,0,3,0,5,0.00010101914977139124,0.00028290027900977545,0.00014108798044981202,0.3333333333333333,3,1,0.4444444444444444,jankendrick,11.0,4,1,0,2,0,2020-04-08 05:26:11,2020-04-18 16:31:30,Peripheral learner,10,1
27469,0,2,0,2,0.00010101914977139124,0.00026337597035316934,0.00014374176477241357,0.0,2,4,0.5,Wee Yun Zheng,1.0,1,0,0,0,0,2020-04-11 11:24:56,2020-04-11 11:24:56,Peripheral learner,,0
27546,0,2,0,2,0.00010101914977139124,0.0002637913894378484,0.00020717328454397034,0.0,2,4,0.5,Alisa Azimova,3.0,2,0,0,2,0,2020-04-15 22:25:28,2020-05-21 17:02:41,Peripheral learner,,0
27554,0,2,0,2,0.00010101914977139124,0.00036377279299675187,9.83626225415569e-05,0.0,2,1,0.0,Mohan Patel,1.0,1,0,0,0,0,2020-04-16 06:08:53,2020-04-16 06:08:53,Peripheral learner,,0
27559,0,1,0,1,0.00010101914977139124,0.000256301625182879,0.0,0.0,1,1,0.0,Voctave,103.0,1,0,0,0,0,2020-04-16 11:24:30,2020-04-16 11:24:30,Peripheral learner,,0
27560,0,1,0,2,0.00010101914977139124,0.0002598287463441081,0.0,0.0,1,1,0.0,Akshay,3.0,1,0,0,1,0,2020-04-16 11:51:50,2020-04-17 03:15:57,Peripheral learner,,0
27569,0,1,0,2,0.00010101914977139124,0.0002598287463441081,0.0,0.0,1,1,0.0,Devansh Gupta,1.0,1,0,0,4,0,2020-04-16 16:42:30,2020-04-18 04:01:34,Peripheral learner,,0
27613,0,3,0,3,0.00010101914977139124,0.0003180745795380778,4.615207107418945e-07,0.6666666666666666,3,4,0.4444444444444444,s1401988,1.0,2,0,0,1,0,2020-05-31 12:22:22,2020-06-15 21:28:46,Peripheral learner,,0
27623,0,2,0,3,0.00010101914977139124,0.00026731851059907745,0.00020738066520917955,0.0,2,1,0.5,Ishan,3.0,2,0,0,1,0,2020-04-19 10:04:40,2020-04-23 19:18:43,Peripheral learner,,0
25888,0,1,0,1,0.00010101914977139124,0.000256301625182879,0.0,0.0,1,1,0.0,Adi,1.0,1,0,0,0,0,2020-01-30 11:23:13,2020-01-30 11:23:13,Peripheral learner,,0
25894,0,1,0,1,0.00010101914977139124,0.000256301625182879,0.0,0.0,1,1,0.0,Laser Media,1.0,1,0,0,1,0,2020-02-01 07:41:41,2020-02-02 00:59:48,Peripheral learner,,0
25900,0,1,0,1,0.00010101914977139124,0.000256301625182879,0.0,0.0,1,1,0.0,MkItReignn,21.0,1,1,0,1,0,2020-02-02 11:56:40,2020-02-03 01:16:50,Peripheral learner,1,1
27666,0,1,0,2,0.00010101914977139124,0.0002598287463441081,0.0,0.0,1,1,0.0,Rococobernini,1.0,1,0,0,2,0,2020-04-21 13:15:10,2020-04-22 07:21:10,Peripheral learner,,0
27667,0,1,0,2,0.00010101914977139124,0.0002598287463441081,0.0,0.0,1,1,0.0,Colin Manz,1.0,1,0,0,0,0,2020-04-21 13:04:12,2020-04-21 13:04:12,Peripheral learner,,0
27671,0,2,0,2,0.00010101914977139124,0.0003794191993999376,0.0,1.0,2,4,0.5,FABeng,1.0,1,0,0,1,0,2020-04-21 14:27:32,2020-04-21 15:55:46,Peripheral learner,,0
27684,0,2,0,2,0.00010101914977139124,0.0002637913894378484,0.00020738066520917955,0.0,2,4,0.5,Oran S Goodman,1.0,2,0,0,1,0,2020-04-22 00:35:19,2020-05-19 02:13:49,Peripheral learner,,0
27704,0,2,0,2,0.00010101914977139124,0.0006278605080686132,1.734199994843819e-05,0.0,2,4,0.5,Tommillerstudio,3.0,2,0,0,0,0,2020-04-22 22:18:22,2020-04-23 17:08:43,Peripheral learner,,0
27734,0,2,0,3,0.00010101914977139124,0.0004747710819718537,0.0003250259605399792,0.0,1,1,0.0,J.Jenish,1.0,1,0,0,0,0,2020-04-24 08:11:19,2020-04-24 08:11:19,Peripheral learner,,0
27738,0,1,0,4,0.00010101914977139124,0.00026688298866656634,0.0,0.0,1,1,0.0,Henk van der Bank,15.0,2,0,0,3,0,2020-04-24 10:05:49,2020-04-28 11:06:20,Peripheral learner,,0
27744,0,1,0,1,0.00010101914977139124,0.000256301625182879,0.0,0.0,1,1,0.0,S. Miller,101.0,1,0,0,1,0,2020-04-24 19:29:25,2020-04-25 02:04:51,Peripheral learner,,0
27751,0,1,0,1,0.00010101914977139124,0.000256301625182879,0.0,0.0,1,1,0.0,caiofuccio,1.0,1,0,0,2,0,2020-04-25 03:17:53,2020-04-25 22:24:45,Peripheral learner,,0
27786,0,2,0,2,0.00010101914977139124,0.00026337597035316934,0.00014374176477241357,0.0,2,4,0.5,jkleong,1.0,1,0,0,2,0,2020-04-26 23:01:47,2020-05-04 23:38:14,Peripheral learner,,0
27816,0,2,0,2,0.00010101914977139124,0.00026337597035316934,0.00014374176477241357,0.0,2,4,0.5,NgKen0995,3.0,2,0,0,2,0,2020-04-27 19:28:02,2020-06-08 14:12:46,Peripheral learner,,0
27847,0,1,0,3,0.00010101914977139124,0.00026335586750533726,0.0,0.0,1,1,0.0,Leonardo Manzini,1.0,1,0,0,4,0,2020-04-29 02:45:16,2020-05-02 01:09:36,Peripheral learner,,0
26236,0,3,0,4,0.00010101914977139124,0.00031811393597494465,0.001330366271977909,0.0,2,1,0.6666666666666667,Karen Mirkin,3.0,4,0,0,3,0,2020-03-27 17:32:49,2020-04-27 15:27:35,Peripheral learner,,0
26241,0,1,0,1,0.00010101914977139124,0.000256301625182879,0.0,0.0,1,1,0.0,Meg Langan,1.0,1,0,0,1,0,2020-03-27 22:18:26,2020-03-29 13:29:16,Peripheral learner,,0
26245,0,3,0,4,0.00010101914977139124,0.0006897134175995994,0.0025164416753201764,0.0,1,1,0.0,Robin,41.0,2,2,1,3,4,2020-03-28 10:51:37,2020-05-07 03:50:02,Peripheral learner,17,2
27873,0,1,0,1,0.00010101914977139124,0.000256301625182879,0.0,0.0,1,1,0.0,BurakAksu,1.0,1,0,0,1,0,2020-04-29 19:36:49,2020-05-01 07:51:19,Peripheral learner,,0
27878,0,2,0,4,0.00010101914977139124,0.00027043021267562754,0.00014359802300764116,0.0,2,1,0.5,Nuo Wen Lei,3.0,1,0,0,4,0,2020-04-29 23:54:39,2020-05-01 14:46:30,Peripheral learner,,0
27944,0,2,0,2,0.00010101914977139124,0.0004712439608106246,0.0003250048248317546,0.0,1,1,0.0,pooja,1.0,1,0,0,0,0,2020-05-03 14:11:50,2020-05-03 14:11:50,Peripheral learner,,0
27962,0,1,0,2,0.00010101914977139124,0.0002598287463441081,0.0,0.0,1,1,0.0,Divij Jain,5.0,2,0,0,2,0,2020-05-04 10:05:32,2020-05-19 11:58:59,Peripheral learner,,0
28021,0,1,0,2,0.00010101914977139124,0.0002598287463441081,0.0,0.0,1,1,0.0,Ricardo Gusi,1.0,1,0,0,1,0,2020-05-06 14:40:00,2020-05-06 17:57:43,Peripheral learner,,0
28034,0,1,0,1,0.00010101914977139124,0.000256301625182879,0.0,0.0,1,1,0.0,Stephan Bakkelund Valois,103.0,3,2,1,1,0,2020-05-07 06:37:47,2020-05-13 13:09:38,Peripheral learner,0,2
28118,0,4,0,5,0.00010101914977139124,0.00031158326097409155,0.0003042375812784768,0.16666666666666666,4,4,0.5,Bethany,25.0,2,0,0,2,0,2020-05-11 05:51:17,2020-05-30 06:03:18,Peripheral learner,,0
28152,0,2,0,2,0.00010101914977139124,0.0004712439608106246,0.0003250259605399792,0.0,1,1,0.0,Bilad,1.0,1,0,0,0,0,2020-05-12 14:15:47,2020-05-12 14:15:47,Peripheral learner,,0
28191,0,1,0,1,0.00010101914977139124,0.000256301625182879,0.0,0.0,1,1,0.0,TheRealJaboo,1.0,2,1,0,1,0,2020-05-14 09:52:04,2020-05-15 12:21:58,Peripheral learner,7,1
28207,0,1,0,1,0.00010101914977139124,0.000256301625182879,0.0,0.0,1,1,0.0,Shujie Zhang,11.0,1,0,0,0,0,2020-05-15 17:11:17,2020-05-15 17:11:17,Peripheral learner,,0
28272,0,2,0,2,0.00010101914977139124,0.00036377279299675187,0.00025146728754752465,0.0,2,4,0.5,mufasasa,1.0,1,0,0,0,0,2020-05-18 14:51:34,2020-05-18 14:51:34,Peripheral learner,,0
27641,0,2,0,2,0.00010101914977139124,0.0006739532587037927,0.0006706808223441502,0.0,2,3,0.5,philjohn68,1.0,1,0,0,0,0,2020-04-26 10:43:40,2020-04-26 10:43:40,Peripheral learner,,0
27654,0,1,0,1,0.00010101914977139124,0.000256301625182879,0.0,0.0,1,1,0.0,AlyAsh,1.0,1,0,0,1,0,2020-04-21 22:21:29,2020-04-22 19:32:35,Peripheral learner,,0
27663,0,1,0,2,0.00010101914977139124,0.0002598287463441081,0.0,0.0,1,1,0.0,DavidLS7,11.0,1,0,0,1,0,2021-11-27 11:14:08,2021-12-01 20:20:25,Peripheral learner,,0
28414,0,2,0,2,0.00010101914977139124,0.0002637913894378484,0.00020717328454397034,0.0,2,4,0.5,anahop,1.0,2,0,0,2,0,2020-05-26 08:06:01,2020-06-27 06:18:28,Peripheral learner,,0
28471,0,1,0,1,0.00010101914977139124,0.000256301625182879,0.0,0.0,1,1,0.0,andrewdoeslearn,1.0,1,0,0,0,0,2020-05-30 00:47:59,2020-05-30 00:47:59,Peripheral learner,,0
28475,0,2,0,2,0.00010101914977139124,0.0004712439608106246,0.0003250048248317546,0.0,1,1,0.0,Ayush Verma,1.0,1,0,0,1,0,2020-05-30 10:07:42,2020-05-30 10:49:36,Peripheral learner,,0
28487,0,2,0,2,0.00010101914977139124,0.00026337597035316934,0.00014359802300764116,0.0,2,4,0.5,Keshav,1.0,1,0,0,0,0,2020-05-30 22:35:43,2020-05-30 22:35:43,Peripheral learner,,0
28493,0,4,0,6,0.00010101914977139124,0.0005581833479744303,0.00047950074459336456,0.3333333333333333,3,1,0.75,Alejandro Sánchez,9.0,5,0,0,3,0,2020-06-10 11:13:40,2021-01-23 10:31:30,Peripheral learner,,0
28496,0,1,0,2,0.00010101914977139124,0.0002598287463441081,0.0,0.0,1,1,0.0,Eyasu G,1.0,1,0,0,1,0,2020-06-10 16:49:15,2020-06-11 15:34:10,Peripheral learner,,0
28768,0,2,0,2,0.00010101914977139124,0.0004724272945262613,0.0003250048248317546,0.0,1,0,0.0,real trash,13.0,2,0,0,1,0,2020-06-17 19:05:56,2020-06-22 19:27:13,Peripheral learner,,0
28769,0,3,0,7,0.00010101914977139124,0.0002845615773062249,0.00014374176477241357,0.6666666666666666,3,1,0.6666666666666667,santiago correa,17.0,7,0,0,2,0,2020-06-17 19:57:11,2020-08-04 19:48:50,Peripheral learner,,0
28794,0,4,0,14,0.00010101914977139124,0.0003841773282695403,0.000139230481266138,0.5,4,0,0.75,Matthew,15.0,7,0,0,12,0,2020-06-19 01:48:32,2020-07-16 02:17:46,Peripheral learner,,0
28804,0,4,0,7,0.00010101914977139124,0.0007175706398357628,0.0005023675300692705,0.3333333333333333,3,8,0.375,Iris A San Juan,25.0,3,0,0,2,0,2020-06-19 18:50:34,2020-07-09 19:03:34,Peripheral learner,,0
28811,0,3,0,3,0.00010101914977139124,0.000267446899038642,1.5240387762383131e-05,0.6666666666666666,3,4,0.4444444444444444,Manash Gohain,1.0,1,0,0,1,0,2020-06-20 16:03:08,2020-06-20 16:17:45,Peripheral learner,,0
28834,0,1,0,1,0.00010101914977139124,0.0002574849588985157,0.0,0.0,1,0,0.0,Mihail_OLARU,3.0,1,1,0,0,0,2020-06-22 04:48:44,2020-06-22 06:00:08,Peripheral learner,3,1
28860,0,1,0,3,0.00010101914977139124,0.00026690586865224725,0.0,0.0,1,0,0.0,benedict,3.0,1,0,0,1,0,2020-06-23 15:10:23,2020-06-24 05:01:16,Peripheral learner,,0
27861,0,2,0,7,0.00010101914977139124,0.00028538963833773417,0.00020717328454397034,0.0,2,1,0.5,noob_dev17,1.0,3,0,0,5,0,2020-05-05 13:24:43,2020-06-29 15:40:38,Peripheral learner,,0
27865,0,3,0,4,0.00010101914977139124,0.0004943376562191896,0.001071051238433581,0.0,2,11,0.4444444444444444,Olivia,23.0,3,2,1,2,2,2020-04-29 15:01:08,2020-05-10 13:40:54,Peripheral learner,2,2
27871,0,1,0,1,0.00010101914977139124,0.000256301625182879,0.0,0.0,1,1,0.0,M Husseini,1.0,1,0,0,0,0,2020-06-07 07:59:29,2020-06-07 07:59:29,Peripheral learner,,0
28872,0,1,0,2,0.00010101914977139124,0.0002621954137753815,0.0,0.0,1,0,0.0,Vincent Vasquez,3.0,1,0,0,2,0,2020-06-24 04:37:26,2020-06-24 05:01:45,Peripheral learner,,0
28875,0,8,0,14,0.00010101914977139124,0.0005991647655847982,0.0015804277975159002,0.21428571428571427,5,0,0.71875,starbvuks,17.0,9,0,0,3,0,2020-06-24 08:29:25,2021-02-25 13:19:34,Peripheral learner,,0
28881,0,2,0,2,0.00010101914977139124,0.0002615036438597944,0.0,1.0,2,8,0.5,Borchius,1.0,1,0,0,0,0,2020-06-25 00:38:45,2020-06-25 00:38:45,Peripheral learner,,0
28892,0,2,0,4,0.00010101914977139124,0.0003182963134277818,0.0,1.0,2,0,0.0,Paula,1.0,1,0,0,1,0,2020-06-25 17:59:26,2020-06-25 20:45:34,Peripheral learner,,0
28895,0,2,0,2,0.00010101914977139124,0.00036495612671238846,0.00010023663571284244,0.0,2,1,0.5,Jordan Emmett,3.0,1,0,0,1,0,2020-06-26 05:13:37,2020-06-26 15:08:39,Peripheral learner,,0
28508,0,1,0,1,0.00010101914977139124,0.000256301625182879,0.0,0.0,1,1,0.0,pizzastory,3.0,1,0,0,2,0,2020-07-01 08:00:33,2020-07-03 07:20:42,Peripheral learner,,0
28521,0,2,0,2,0.00010101914977139124,0.0002591892201527149,0.00010142355064786402,0.0,2,4,0.5,hatchet,3.0,1,0,0,0,0,2020-06-01 14:38:21,2020-06-01 14:38:21,Peripheral learner,,0
28524,0,1,0,1,0.00010101914977139124,0.000256301625182879,0.0,0.0,1,1,0.0,sadprogrammer,1.0,1,1,0,1,0,2020-06-01 19:00:50,2020-06-02 01:06:32,Peripheral learner,1,1
28553,0,1,0,4,0.00010101914977139124,0.00026688298866656634,0.0,0.0,1,1,0.0,Nik.clgn,1.0,1,0,0,3,0,2020-06-17 10:28:01,2020-06-18 18:02:12,Peripheral learner,,0
28570,0,4,0,7,0.00010101914977139124,0.0004275174734254505,0.00022024570602669833,0.5,4,4,0.375,tangolin,104.0,2,0,0,4,0,2020-06-04 09:45:30,2020-07-20 02:17:00,Peripheral learner,,0
28602,0,5,0,6,0.00010101914977139124,0.000293021417709939,0.0005377040293523426,0.1,5,4,0.5599999999999999,Anurag Reggie,9.0,4,0,0,4,0,2020-06-06 12:08:06,2020-08-12 15:07:50,Peripheral learner,,0
28634,0,1,0,2,0.00010101914977139124,0.0002598287463441081,0.0,0.0,1,1,0.0,avidcoder,1.0,1,0,0,1,0,2020-06-09 17:15:02,2020-06-10 15:04:20,Peripheral learner,,0
28683,0,2,0,3,0.00010101914977139124,0.00026731851059907745,0.00020738066520917955,0.0,2,1,0.5,JoshGrant5,5.0,2,0,0,3,0,2020-06-12 03:36:19,2020-07-02 00:33:42,Peripheral learner,,0
28357,0,2,0,6,0.00010101914977139124,0.0002774844549980858,0.00014359802300764116,0.0,2,1,0.5,Alpha Eon,3.0,3,0,0,5,0,2020-05-23 14:25:07,2020-07-09 18:31:40,Peripheral learner,,0
28384,0,3,0,5,0.00010101914977139124,0.00029850664215171454,0.00032345225156985014,0.3333333333333333,3,4,0.6666666666666667,Henrique Baesa,3.0,2,0,0,2,0,2020-05-24 23:25:12,2020-06-14 02:43:00,Peripheral learner,,0
28396,0,1,0,1,0.00010101914977139124,0.000256301625182879,0.0,0.0,1,1,0.0,Женя Хромов,11.0,1,1,0,0,1,2020-05-25 11:22:39,2020-05-25 11:36:12,Peripheral learner,6,1
28799,0,3,0,4,0.00010101914977139124,0.0004825739168971815,0.0007476784008784547,0.0,2,1,0.4444444444444444,t-monny,5.0,3,0,0,3,0,2020-06-19 14:36:58,2020-08-31 12:49:12,Peripheral learner,,0
28825,0,1,0,1,0.00010101914977139124,0.000256301625182879,0.0,0.0,1,1,0.0,Hinchy,3.0,1,0,0,1,0,2020-06-21 11:58:20,2020-06-23 04:05:03,Peripheral learner,,0
28955,0,1,0,1,0.00010101914977139124,0.000256301625182879,0.0,0.0,1,1,0.0,Neri Esparza,1.0,1,0,0,1,0,2020-06-30 23:29:58,2020-07-06 14:02:20,Peripheral learner,,0
28966,0,1,0,1,0.00010101914977139124,0.000256301625182879,0.0,0.0,1,1,0.0,Flo,11.0,1,0,0,1,0,2022-04-19 09:54:38,2022-04-19 12:30:33,Peripheral learner,,0
28967,0,1,0,1,0.00010101914977139124,0.000256301625182879,0.0,0.0,1,1,0.0,William Otero,1.0,1,0,0,1,0,2020-07-01 21:43:13,2020-07-02 14:27:57,Peripheral learner,,0
28993,0,2,0,2,0.00010101914977139124,0.0003183036030718579,0.0,1.0,2,6,0.5,kbaranda,1.0,1,0,0,0,0,2020-08-04 13:53:03,2020-08-04 13:53:03,Peripheral learner,,0
29019,0,1,0,1,0.00010101914977139124,0.000256301625182879,0.0,0.0,1,1,0.0,rebeccatechu,1.0,1,0,0,0,0,2020-07-05 14:41:31,2020-07-05 14:41:31,Peripheral learner,,0
29028,0,2,0,2,0.00010101914977139124,0.00036377279299675187,0.0006500096496635092,0.0,1,1,0.0,Pete Setabandhu,13.0,1,0,0,0,0,2020-07-06 08:28:36,2020-07-06 08:28:36,Peripheral learner,,0
29052,0,2,0,2,0.00010101914977139124,0.00036953075356067433,0.0,1.0,2,8,0.5,MikeWazowski,1.0,1,0,0,0,0,2020-07-08 16:56:02,2020-07-08 16:56:02,Peripheral learner,,0
29073,0,2,0,3,0.00010101914977139124,0.00036729991415798094,6.245369433579202e-05,0.0,2,1,0.0,joemama12345,3.0,1,0,0,1,0,2020-07-10 05:13:11,2020-07-10 17:11:04,Peripheral learner,,0
29116,0,2,0,3,0.00010101914977139124,0.0005073705424525214,0.0,1.0,2,1,0.0,Bryson Ang,1.0,1,0,0,2,0,2020-07-13 04:23:15,2020-07-14 05:46:28,Peripheral learner,,0
29118,0,1,0,1,0.00010101914977139124,0.000256301625182879,0.0,0.0,1,1,0.0,Shaurya Dey,3.0,1,0,0,1,0,2020-07-14 09:28:18,2020-07-15 05:43:35,Peripheral learner,,0
29132,0,1,0,1,0.00010101914977139124,0.000256301625182879,0.0,0.0,1,1,0.0,RafalH123,1.0,1,0,0,1,0,2020-07-14 09:07:18,2020-07-15 07:49:18,Peripheral learner,,0
28862,0,6,0,9,0.00010101914977139124,0.000775116489231878,2.432206555811719e-05,0.3333333333333333,4,12,0.6111111111111112,sxia,7.0,6,1,0,0,0,2020-06-23 16:18:09,2020-08-07 01:48:08,Peripheral learner,0,1
28866,0,2,0,3,0.00010101914977139124,0.00028246586528513686,0.0,1.0,2,0,0.0,Ana Cláudia Faria,5.0,2,0,0,3,0,2020-06-23 21:56:20,2020-08-01 14:26:22,Peripheral learner,,0
28867,0,1,0,1,0.00010101914977139124,0.0002574849588985157,0.0,0.0,1,0,0.0,user5854648,103.0,1,0,0,1,0,2020-06-23 22:10:36,2020-06-24 22:11:34,Peripheral learner,,0
29377,0,1,0,1,0.00010101914977139124,0.000256301625182879,0.0,0.0,1,1,0.0,melval,1.0,1,0,0,0,0,2020-08-06 00:46:18,2020-08-06 00:46:18,Peripheral learner,,0
29434,0,1,0,1,0.00010101914977139124,0.000256301625182879,0.0,0.0,1,1,0.0,user29434,1.0,1,0,0,0,0,2020-08-11 20:59:24,2020-08-11 20:59:24,Peripheral learner,,0
29437,0,3,0,3,0.00010101914977139124,0.0006861862964383702,0.0015832467982000672,0.0,1,1,0.0,Jay MiNZ ,21.0,1,0,0,0,0,2020-08-29 15:00:12,2020-08-29 15:00:12,Peripheral learner,,0
29467,0,1,0,1,0.00010101914977139124,0.000256301625182879,0.0,0.0,1,1,0.0,Murtaza Tantray,1.0,1,0,0,0,0,2020-08-15 09:27:51,2020-08-15 09:27:51,Peripheral learner,,0
29576,0,3,0,4,0.00010101914977139124,0.0002801189170276096,0.00021317889159720482,0.3333333333333333,3,6,0.4444444444444444,lehga,1.0,4,0,0,0,0,2020-09-13 08:57:45,2020-12-15 12:02:39,Peripheral learner,,0
29624,0,1,0,2,0.00010101914977139124,0.0002598287463441081,0.0,0.0,1,1,0.0,hekqte,1.0,1,0,0,1,0,2020-09-01 20:09:05,2020-09-02 00:46:36,Peripheral learner,,0
29683,0,3,0,3,0.00010101914977139124,0.000478318305980915,0.0004687465896041682,0.0,2,4,0.4444444444444444,Amruth Arunkumar,105.0,3,0,0,1,0,2020-09-09 00:50:10,2020-12-26 20:32:27,Peripheral learner,,0
29735,0,1,0,1,0.00010101914977139124,0.000256301625182879,0.0,0.0,1,1,0.0,1001-0101-0100,3.0,2,0,0,4,0,2020-09-15 16:00:46,2020-10-01 18:26:31,Peripheral learner,,0
29776,0,1,0,1,0.00010101914977139124,0.000256301625182879,0.0,0.0,1,1,0.0,Kushagra Sharma,1.0,1,0,0,0,0,2020-09-19 11:10:15,2020-09-19 11:10:15,Peripheral learner,,0
29780,0,1,0,2,0.00010101914977139124,0.0002598287463441081,0.0,0.0,1,1,0.0,Gregory Wong,1.0,1,2,0,1,0,2020-09-20 00:37:02,2020-09-23 12:31:38,Peripheral learner,6,1
29885,0,2,0,2,0.00010101914977139124,0.0006580327258101343,0.00013101248007790078,0.0,2,1,0.0,maxilau,3.0,1,0,0,0,0,2020-10-03 11:25:50,2020-10-03 11:25:50,Peripheral learner,,0
29938,0,2,0,2,0.00010101914977139124,0.00036578095074164265,0.00010530412820132432,0.0,2,1,0.5,JerryTn,11.0,1,0,0,1,0,2020-10-11 02:59:02,2020-10-13 17:05:19,Peripheral learner,,0
28686,0,2,0,2,0.00010101914977139124,0.0002591892201527149,0.00010152507572358761,0.0,2,4,0.5,user28686,1.0,1,0,0,0,0,2020-06-12 11:23:21,2020-06-12 11:23:21,Peripheral learner,,0
28761,0,2,0,5,0.00010101914977139124,0.0002816788008437389,0.0,1.0,2,1,0.5,catnamedboo,1.0,3,0,0,2,0,2020-06-17 08:44:59,2020-07-30 13:12:49,Peripheral learner,,0
28783,0,2,0,2,0.00010101914977139124,0.00026410446010820667,0.000423075515854331,0.0,2,8,0.5,sofia9303,1.0,1,0,0,0,0,2020-06-18 15:22:10,2020-06-18 15:22:10,Peripheral learner,,0
31116,0,3,0,4,0.00010101914977139124,0.000388731290593719,0.0016246601227546094,0.0,2,10,0.6666666666666667,Mike1965SA,5.0,3,0,0,2,0,2020-11-05 10:10:04,2021-01-09 11:13:47,Peripheral learner,,0
31214,0,2,0,2,0.00010101914977139124,0.00026283895686959283,0.00017868063365064616,0.0,2,6,0.5,CodingForFun,5.0,2,0,0,2,0,2020-11-18 14:24:49,2020-11-30 13:14:55,Peripheral learner,,0
31226,0,1,0,2,0.00010101914977139124,0.0002598287463441081,0.0,0.0,1,1,0.0,rutgerv,3.0,1,1,0,1,0,2020-11-20 09:39:31,2020-11-20 14:18:39,Peripheral learner,6,1
31257,0,1,0,1,0.00010101914977139124,0.000256301625182879,0.0,0.0,1,1,0.0,Sabie,1.0,1,0,0,0,0,2020-11-24 19:42:02,2020-11-24 19:42:02,Peripheral learner,,0
31281,0,1,0,1,0.00010101914977139124,0.000256301625182879,0.0,0.0,1,1,0.0,Vabryn,1.0,1,0,0,0,0,2020-11-29 08:40:35,2020-11-29 08:40:35,Peripheral learner,,0
31287,0,2,0,3,0.00010101914977139124,0.0004712439608106246,0.0003250259605399792,0.0,1,1,0.0,user14720865,1.0,1,0,0,1,0,2020-11-30 05:02:02,2020-11-30 15:30:47,Peripheral learner,,0
31310,0,2,0,2,0.00010101914977139124,0.000267044253654182,0.0,1.0,2,6,0.5,Huzaifa,101.0,1,0,0,0,0,2020-12-04 18:17:33,2020-12-04 18:17:33,Peripheral learner,,0
31317,0,2,0,2,0.00010101914977139124,0.00026283895686959283,0.00017885949314378995,0.0,2,6,0.5,Rodri-97,1.0,2,0,0,0,0,2020-12-03 11:09:51,2021-02-06 01:49:29,Peripheral learner,,0
31318,0,1,0,1,0.00010101914977139124,0.000256301625182879,0.0,0.0,1,1,0.0,Gabriel Berezovsky,1.0,1,0,0,0,0,2020-12-03 14:38:54,2020-12-03 14:38:54,Peripheral learner,,0
31369,0,1,0,1,0.00010101914977139124,0.000256301625182879,0.0,0.0,1,1,0.0,Drey,3.0,1,0,0,1,0,2020-12-09 12:10:37,2020-12-09 17:55:17,Peripheral learner,,0
31423,0,1,0,1,0.00010101914977139124,0.000256301625182879,0.0,0.0,1,1,0.0,discopi,3.0,1,0,0,1,0,2020-12-17 11:18:22,2020-12-17 12:12:23,Peripheral learner,,0
31465,0,2,0,3,0.00010101914977139124,0.0002771299551285426,0.0,1.0,2,1,0.0,chris_A350,1.0,1,0,0,1,0,2020-12-23 01:45:35,2020-12-24 01:29:49,Peripheral learner,,0
31581,0,3,0,3,0.00010101914977139124,0.0004819865892819276,0.0003250048248317546,0.3333333333333333,2,6,0.4444444444444444,Muhammad Bilal,1.0,1,0,0,2,0,2021-01-05 03:46:32,2021-01-16 05:33:03,Peripheral learner,,0
29213,0,2,0,2,0.00010101914977139124,0.0003652620587667821,0.0,1.0,2,1,0.0,ddchen96,1.0,1,0,0,0,0,2020-07-21 19:52:00,2020-07-21 19:52:00,Peripheral learner,,0
29280,0,1,0,1,0.00010101914977139124,0.000256301625182879,0.0,0.0,1,1,0.0,An Ant,103.0,1,0,0,0,0,2020-07-28 06:07:03,2020-07-28 06:07:03,Peripheral learner,,0
29336,0,1,0,1,0.00010101914977139124,0.000256301625182879,0.0,0.0,1,1,0.0,Tony Paul,1.0,1,0,0,0,0,2020-08-10 04:06:08,2020-08-10 04:06:08,Peripheral learner,,0
31739,0,4,0,8,0.00010101914977139124,0.0005098929288447318,0.000507750794398329,0.3333333333333333,3,7,0.625,Melvin ,17.0,4,1,1,4,1,2021-01-27 09:18:14,2021-05-25 12:19:18,Peripheral learner,17,1
31811,0,2,0,2,0.00010101914977139124,0.0002623964297832728,0.0001829077415999495,0.0,2,7,0.5,Sheen Hary,1.0,1,0,0,0,0,2021-02-04 13:55:58,2021-02-04 13:55:58,Peripheral learner,,0
31894,0,1,0,1,0.00010101914977139124,0.000256301625182879,0.0,0.0,1,1,0.0,sw30,1.0,1,0,0,0,0,2021-02-19 16:56:38,2021-02-19 16:56:38,Peripheral learner,,0
31909,0,5,0,6,0.00010101914977139124,0.0004984878520833389,0.0015082223369207752,0.1,4,7,0.5599999999999999,ehsansth,19.0,5,1,1,6,0,2021-03-14 17:01:24,2021-04-12 15:05:02,Peripheral learner,7,1
31972,0,2,0,4,0.00010101914977139124,0.0004955319161107377,0.00010243435015559168,0.0,2,1,0.5,Alexander Alexandrov,23.0,3,2,0,3,2,2021-03-07 08:22:41,2021-04-11 20:30:16,Peripheral learner,6,2
32022,0,4,0,5,0.00010101914977139124,0.0004916085150435505,0.0005079125664317042,0.3333333333333333,3,1,0.625,Connie,107.0,4,0,0,0,0,2021-03-11 16:25:13,2021-07-10 21:30:36,Peripheral learner,,0
32038,0,1,0,1,0.00010101914977139124,0.000256301625182879,0.0,0.0,1,1,0.0,M-J -Y,1.0,1,0,0,0,0,2021-03-13 15:56:30,2021-03-13 15:56:30,Peripheral learner,,0
32046,0,2,0,3,0.00010101914977139124,0.00027057137481541107,0.0,1.0,2,1,0.5,JerryCinc,1.0,2,0,0,2,0,2021-03-15 03:08:17,2021-03-24 21:08:17,Peripheral learner,,0
32123,0,1,0,1,0.00010101914977139124,0.000256301625182879,0.0,0.0,1,1,0.0,FriedrichGLX,3.0,1,0,0,0,0,2021-05-16 23:49:01,2021-05-16 23:49:01,Peripheral learner,,0
32152,0,1,0,1,0.00010101914977139124,0.000256301625182879,0.0,0.0,1,1,0.0,Abdul,3.0,1,0,0,4,0,2021-04-01 10:52:25,2021-04-05 15:58:43,Peripheral learner,,0
32243,0,1,0,1,0.00010101914977139124,0.000256301625182879,0.0,0.0,1,1,0.0,user3638166,3.0,1,0,0,1,0,2021-04-09 13:07:19,2021-04-11 09:12:32,Peripheral learner,,0
32246,0,2,0,2,0.00010101914977139124,0.000267044253654182,0.0,1.0,2,6,0.5,sunil-rohra,1.0,1,0,0,0,0,2021-04-10 10:11:43,2021-04-10 10:11:43,Peripheral learner,,0
32250,0,1,0,1,0.00010101914977139124,0.000256301625182879,0.0,0.0,1,1,0.0,OJNCGLG,1.0,1,0,0,0,0,2021-04-11 02:33:54,2021-04-11 02:33:54,Peripheral learner,,0
30970,0,2,0,3,0.00010101914977139124,0.0003637281184875583,0.0,1.0,2,1,0.0,Clueless,1.0,2,1,0,2,0,2020-10-15 19:37:47,2021-05-02 22:02:12,Peripheral learner,6,1
31038,0,1,0,1,0.00010101914977139124,0.000256301625182879,0.0,0.0,1,1,0.0,Arya IC,11.0,1,0,0,2,0,2020-10-26 02:27:13,2020-10-28 07:32:45,Peripheral learner,,0
31089,0,1,0,2,0.00010101914977139124,0.0002598287463441081,0.0,0.0,1,1,0.0,Travis Thompson,1.0,1,0,0,1,0,2020-10-31 20:36:21,2020-11-05 20:57:00,Peripheral learner,,0
32346,0,1,0,1,0.00010101914977139124,0.000256301625182879,0.0,0.0,1,1,0.0,Imacrybaby,3.0,1,0,0,0,0,2021-04-26 13:37:46,2021-04-26 13:37:46,Peripheral learner,,0
32422,0,1,0,1,0.00010101914977139124,0.000256301625182879,0.0,0.0,1,1,0.0,cton04,1.0,1,0,0,0,0,2021-05-28 21:53:41,2021-05-28 21:53:41,Peripheral learner,,0
32548,0,2,0,2,0.00010101914977139124,0.0005166277585105386,0.0,1.0,2,1,0.0,alou64,1.0,1,0,0,1,0,2021-05-26 00:51:05,2021-05-26 16:01:40,Peripheral learner,,0
32562,0,2,0,5,0.00010101914977139124,0.00028100515407337046,0.0006041187635176216,0.0,2,1,0.5,Cathy Choo,15.0,2,0,0,3,0,2021-05-31 04:17:49,2021-06-03 21:08:13,Peripheral learner,,0
32601,0,1,0,1,0.00010101914977139124,0.000256301625182879,0.0,0.0,1,1,0.0,Alex Ren,1.0,1,0,0,0,0,2021-06-02 00:14:06,2021-06-02 00:14:06,Peripheral learner,,0
32614,0,1,0,1,0.00010101914977139124,0.000256301625182879,0.0,0.0,1,1,0.0,H S,1.0,1,0,0,1,0,2021-06-03 13:54:07,2021-06-03 15:51:44,Peripheral learner,,0
32620,0,1,0,1,0.00010101914977139124,0.000256301625182879,0.0,0.0,1,1,0.0,Rizvan Jacob,1.0,1,0,0,1,0,2021-06-04 03:44:40,2021-06-08 07:31:28,Peripheral learner,,0
32649,0,1,0,2,0.00010101914977139124,0.0002598287463441081,0.0,0.0,1,1,0.0,Ryan Chua,3.0,1,0,0,2,0,2021-06-09 09:29:29,2021-06-10 03:27:35,Peripheral learner,,0
32716,0,1,0,2,0.00010101914977139124,0.0002598287463441081,0.0,0.0,1,1,0.0,Simi Dada,3.0,1,0,0,3,0,2021-08-10 02:07:25,2021-08-11 12:59:08,Peripheral learner,,0
32731,0,2,0,2,0.00010101914977139124,0.0002623964297832728,0.0001829077415999495,0.0,2,7,0.5,mossburger55,1.0,2,0,0,1,0,2021-06-19 12:39:12,2022-03-09 20:26:35,Peripheral learner,,0
32744,0,1,0,1,0.00010101914977139124,0.000256301625182879,0.0,0.0,1,1,0.0,kiwirolle,1.0,1,0,0,1,0,2021-06-21 12:39:24,2021-06-22 13:02:35,Peripheral learner,,0
32808,0,1,0,2,0.00010101914977139124,0.0002598287463441081,0.0,0.0,1,1,0.0,zawave,1.0,1,1,0,2,0,2021-07-02 17:36:38,2021-07-08 15:32:34,Peripheral learner,6,1
32868,0,2,0,3,0.00010101914977139124,0.0004747710819718537,0.0012585669781931446,0.0,1,1,0.0,danieljmoore3,15.0,2,0,0,1,0,2021-07-12 13:14:37,2022-02-04 00:38:18,Peripheral learner,,0
31618,0,1,0,1,0.00010101914977139124,0.000256301625182879,0.0,0.0,1,1,0.0,winterfly,3.0,1,0,0,0,0,2021-01-09 11:42:50,2021-01-09 11:42:50,Peripheral learner,,0
31679,0,1,0,1,0.00010101914977139124,0.000256301625182879,0.0,0.0,1,1,0.0,nora,1.0,1,0,0,1,0,2021-01-20 10:04:36,2021-01-22 14:44:36,Peripheral learner,,0
31693,0,1,0,1,0.00010101914977139124,0.000256301625182879,0.0,0.0,1,1,0.0,Wrichik Mukherjee,1.0,1,0,0,0,0,2021-01-22 13:49:14,2021-01-22 13:49:14,Peripheral learner,,0
34014,0,1,0,1,0.00010101914977139124,0.000256301625182879,0.0,0.0,1,1,0.0,Zoltán Uhlár,1.0,1,0,0,1,0,2021-08-08 08:02:19,2021-08-08 19:39:01,Peripheral learner,,0
34020,0,1,0,1,0.00010101914977139124,0.000256301625182879,0.0,0.0,1,1,0.0,LeviH,1.0,1,0,0,0,0,2021-08-08 20:41:09,2021-08-08 20:41:09,Peripheral learner,,0
34099,0,1,0,1,0.00010101914977139124,0.000256301625182879,0.0,0.0,1,1,0.0,mahmoud reda,1.0,1,0,0,1,0,2021-08-25 03:22:23,2021-08-26 05:22:49,Peripheral learner,,0
34126,0,2,0,2,0.00010101914977139124,0.00036377279299675187,0.00044418091772101926,0.0,2,10,0.5,shimurai,3.0,1,0,0,0,0,2021-09-07 01:48:37,2021-09-07 01:48:37,Peripheral learner,,0
34138,0,1,0,1,0.00010101914977139124,0.000256301625182879,0.0,0.0,1,1,0.0,João Ricardo,1.0,1,0,0,0,0,2021-12-01 11:04:50,2021-12-01 11:04:50,Peripheral learner,,0
34144,0,1,0,1,0.00010101914977139124,0.000256301625182879,0.0,0.0,1,1,0.0,Mohammad Sadra Sharifzadeh,101.0,1,0,0,1,0,2021-08-31 10:01:55,2021-09-01 04:02:01,Peripheral learner,,0
34166,0,1,0,2,0.00010101914977139124,0.0002598287463441081,0.0,0.0,1,1,0.0,Un1kum,1.0,1,0,0,2,0,2021-09-03 22:35:07,2021-09-07 19:39:56,Peripheral learner,,0
34178,0,2,0,4,0.00010101914977139124,0.0004782982031330829,0.0003250259605399792,0.0,1,1,0.0,Inderveer,3.0,1,0,0,2,0,2021-09-05 07:23:29,2021-09-05 16:30:37,Peripheral learner,,0
34198,0,1,0,2,0.00010101914977139124,0.0002598287463441081,0.0,0.0,1,1,0.0,Srikrishna Karatalapu,1.0,1,0,0,2,0,2021-09-07 19:48:26,2021-09-07 21:47:40,Peripheral learner,,0
34216,0,1,0,1,0.00010101914977139124,0.000256301625182879,0.0,0.0,1,1,0.0,Nemanja Vuksanovic,1.0,1,0,0,1,0,2021-09-09 11:49:09,2021-09-10 14:36:40,Peripheral learner,,0
34228,0,1,0,1,0.00010101914977139124,0.000256301625182879,0.0,0.0,1,1,0.0,Ail,1.0,1,0,0,2,0,2021-09-12 13:47:31,2021-09-13 01:14:49,Peripheral learner,,0
34315,0,1,0,1,0.00010101914977139124,0.0002574849588985157,0.0,0.0,1,0,0.0,Aylin Naebzadeh,3.0,1,0,0,1,0,2021-12-08 18:34:37,2021-12-09 07:44:02,Peripheral learner,,0
34330,0,1,0,3,0.00010101914977139124,0.00026690586865224725,0.0,0.0,1,0,0.0,colliedawg,3.0,1,0,0,3,0,2021-09-28 01:32:17,2021-10-14 06:26:39,Peripheral learner,,0
34360,0,1,0,1,0.00010101914977139124,0.0002574849588985157,0.0,0.0,1,0,0.0,Ricardo Martínez Focas,1.0,1,0,0,0,0,2021-10-02 06:04:45,2021-10-02 06:04:45,Peripheral learner,,0
34377,0,2,0,6,0.00010101914977139124,0.0002798538995672079,0.0,1.0,2,0,0.5,nico_so,9.0,4,0,0,4,0,2021-10-04 23:46:33,2021-10-15 13:24:44,Peripheral learner,,0
34381,0,4,0,4,0.00010101914977139124,0.00032092849547285085,0.0004767703702852468,0.5,3,10,0.625,Dylan,7.0,3,0,0,2,0,2021-10-05 18:26:00,2021-11-13 21:27:20,Peripheral learner,,0
35345,0,4,0,5,0.00010101914977139124,0.000658933906086103,0.0011394553646887839,0.16666666666666666,2,10,0.375,jeddah,5.0,2,0,0,1,0,2022-04-09 10:47:52,2022-04-19 12:14:43,Peripheral learner,,0
35350,0,2,0,2,0.00010101914977139124,0.0002610120800597448,0.0,1.0,2,1,0.5,Kuba Oleksa,1.0,1,0,0,0,0,2022-03-06 18:27:51,2022-03-06 18:27:51,Peripheral learner,,0
35452,0,2,0,2,0.00010101914977139124,0.0002663096021825323,0.0,1.0,2,10,0.5,turanzela,11.0,1,0,0,2,0,2022-03-23 20:26:34,2022-03-24 09:27:06,Peripheral learner,,0
28900,0,1,0,1,0.00010101914977139124,0.0002574849588985157,0.0,0.0,1,0,0.0,Sudhip Nashi,3.0,1,0,0,0,0,2020-06-26 15:37:02,2020-06-26 15:37:02,Peripheral learner,,0
28903,0,1,0,1,0.00010101914977139124,0.0002574849588985157,0.0,0.0,1,0,0.0,perkuche,11.0,1,0,0,0,0,2020-06-26 16:46:07,2020-06-26 16:46:07,Peripheral learner,,0
28911,0,4,0,5,0.00010101914977139124,0.0002811383891510042,0.00031101846756302067,0.5,4,11,0.75, kittensyzygy,15.0,3,0,0,1,0,2020-07-01 12:23:28,2020-07-07 18:30:16,Peripheral learner,,0
28933,0,1,0,1,0.00010101914977139124,0.0002574849588985157,0.0,0.0,1,0,0.0,Ricky,11.0,2,0,0,2,0,2020-07-15 06:01:18,2022-01-25 02:14:59,Peripheral learner,,0
34559,0,1,0,1,0.00010101914977139124,0.0002574849588985157,0.0,0.0,1,0,0.0,pickles_and_olives,1.0,1,0,0,1,0,2021-10-28 06:55:20,2021-10-29 00:36:47,Peripheral learner,,0
34570,0,3,0,3,0.00010101914977139124,0.0003147476639666812,9.57890717379524e-05,0.3333333333333333,3,1,0.4444444444444444,Bhavik Khatri,103.0,2,0,0,1,0,2021-10-30 17:27:07,2021-11-03 15:44:38,Peripheral learner,,0
34260,0,1,0,1,0.00010101914977139124,0.000256301625182879,0.0,0.0,1,1,0.0,Eren Turgut,1.0,1,0,0,1,0,2021-09-17 12:37:20,2021-09-17 14:45:56,Peripheral learner,,0
32273,0,1,0,1,0.00010101914977139124,0.000256301625182879,0.0,0.0,1,1,0.0,GreenOneDream,3.0,1,0,0,1,0,2021-04-15 13:18:55,2021-04-15 14:38:28,Peripheral learner,,0
32334,0,1,0,1,0.00010101914977139124,0.000256301625182879,0.0,0.0,1,1,0.0,yousef elsayed,3.0,1,0,0,0,0,2021-04-25 15:05:15,2021-04-25 15:05:15,Peripheral learner,,0
32341,0,3,0,5,0.00010101914977139124,0.0002898395830231774,0.00023590647939767493,0.3333333333333333,3,10,0.6666666666666667,Agnij Moitra,1.0,2,2,2,4,0,2021-04-26 06:23:16,2021-05-07 11:27:16,Peripheral learner,17,2
34396,0,3,0,4,0.00010101914977139124,0.00036792416654163643,2.8680215596103447e-06,0.6666666666666666,3,1,0.4444444444444444,пaean,5.0,2,0,0,4,0,2021-10-07 14:51:13,2021-12-04 09:09:48,Peripheral learner,,0
34415,0,1,0,1,0.00010101914977139124,0.000256301625182879,0.0,0.0,1,1,0.0,Big Thinkie,1.0,1,0,0,0,0,2021-10-10 18:59:54,2021-10-10 18:59:54,Peripheral learner,,0
34434,0,1,0,1,0.00010101914977139124,0.000256301625182879,0.0,0.0,1,1,0.0,Raees,1.0,1,1,1,1,0,2021-10-13 16:12:57,2021-10-16 07:50:47,Peripheral learner,6,1
34551,0,1,0,1,0.00010101914977139124,0.000256301625182879,0.0,0.0,1,1,0.0,steeplight,1.0,1,0,0,1,0,2021-10-27 07:30:44,2021-10-27 13:31:17,Peripheral learner,,0
34552,0,2,0,2,0.00010101914977139124,0.0004712439608106246,0.0003250259605399792,0.0,1,1,0.0,dogchow,1.0,1,0,0,1,0,2021-11-24 06:24:23,2021-11-26 00:45:51,Peripheral learner,,0
34619,0,3,0,5,0.00010101914977139124,0.0005857693709469556,0.0004875389408099688,0.0,2,1,0.0,John Smith,111.0,2,2,0,3,1,2021-11-08 15:39:41,2021-11-09 23:38:17,Peripheral learner,6,2
34626,0,1,0,1,0.00010101914977139124,0.000256301625182879,0.0,0.0,1,1,0.0,Etex,1.0,1,0,0,0,0,2021-11-09 11:46:48,2021-11-09 11:46:48,Peripheral learner,,0
34638,0,1,0,2,0.00010101914977139124,0.0002598287463441081,0.0,0.0,1,1,0.0,David,101.0,1,0,0,1,0,2021-11-11 17:09:47,2021-11-11 20:36:05,Peripheral learner,,0
34701,0,1,0,1,0.00010101914977139124,0.000256301625182879,0.0,0.0,1,1,0.0,Adi,3.0,1,0,0,1,0,2021-11-23 14:34:56,2021-11-25 02:53:53,Peripheral learner,,0
34715,0,2,0,4,0.00010101914977139124,0.0003269132104627638,0.0,1.0,2,9,0.5,Pahilajani Palak,1.0,2,0,0,3,0,2021-11-26 15:16:46,2022-01-05 09:36:48,Peripheral learner,,0
34762,0,1,0,1,0.00010101914977139124,0.000256301625182879,0.0,0.0,1,1,0.0,Sem Cruiming,1.0,1,0,0,0,0,2021-12-05 19:24:09,2021-12-05 19:24:09,Peripheral learner,,0
34810,0,2,0,2,0.00010101914977139124,0.00027652582686559543,0.00020669497661001548,0.0,2,10,0.5,Damien Lim,3.0,2,0,0,0,0,2021-12-15 16:58:38,2021-12-26 10:52:23,Peripheral learner,,0
34811,0,2,0,2,0.00010101914977139124,0.000716863963980208,0.0006263115874284674,0.0,2,16,0.5,Kaii,1.0,1,0,0,0,0,2021-12-15 19:29:59,2021-12-15 19:29:59,Peripheral learner,,0
32883,0,1,0,1,0.00010101914977139124,0.000256301625182879,0.0,0.0,1,1,0.0,Fijn,3.0,1,0,0,1,0,2021-07-18 13:10:31,2021-07-19 11:29:40,Peripheral learner,,0
32888,0,1,0,2,0.00010101914977139124,0.0002598287463441081,0.0,0.0,1,1,0.0,Ryan N,1.0,1,1,0,0,0,2021-07-15 15:58:17,2021-07-16 18:31:14,Peripheral learner,0,1
32956,0,1,0,3,0.00010101914977139124,0.00026335586750533726,0.0,0.0,1,1,0.0,LUISELLA,1.0,1,0,0,2,0,2021-07-28 09:34:37,2021-08-01 15:18:08,Peripheral learner,,0
34983,0,1,0,1,0.00010101914977139124,0.000256301625182879,0.0,0.0,1,1,0.0,geman20,21.0,1,0,0,1,0,2022-01-08 14:42:22,2022-01-10 13:43:24,Peripheral learner,,0
35017,0,2,0,3,0.00010101914977139124,0.0004747710819718537,0.0003250259605399792,0.0,1,1,0.0,notehvihn,1.0,1,0,0,2,0,2022-01-13 05:36:04,2022-01-16 04:35:25,Peripheral learner,,0
35041,0,1,0,1,0.00010101914977139124,0.000256301625182879,0.0,0.0,1,1,0.0,Pat,1.0,1,0,0,1,0,2022-01-16 16:11:06,2022-01-17 08:50:09,Peripheral learner,,0
35076,0,1,0,2,0.00010101914977139124,0.0002598287463441081,0.0,0.0,1,1,0.0,ebonatto,1.0,1,0,0,1,0,2022-01-22 20:09:43,2022-01-23 23:39:59,Peripheral learner,,0
35089,0,1,0,3,0.00010101914977139124,0.00026335586750533726,0.0,0.0,1,1,0.0,khalildouis,5.0,3,1,0,2,0,2022-01-25 18:11:27,2023-06-25 08:59:06,Peripheral learner,17,1
35111,0,2,0,2,0.00010101914977139124,0.0004712439608106246,0.0003250259605399792,0.0,1,1,0.0,Lychee Tree,1.0,1,1,0,1,0,2022-01-28 01:07:54,2022-01-29 06:59:33,Peripheral learner,17,1
35157,0,1,0,1,0.00010101914977139124,0.000256301625182879,0.0,0.0,1,1,0.0,Andrew Saad,3.0,1,0,0,0,0,2022-02-04 21:46:26,2022-02-04 21:46:26,Peripheral learner,,0
35165,0,1,0,1,0.00010101914977139124,0.000256301625182879,0.0,0.0,1,1,0.0,LJH,1.0,1,0,0,1,0,2022-02-06 10:26:22,2022-02-07 12:48:09,Peripheral learner,,0
35171,0,1,0,1,0.00010101914977139124,0.000256301625182879,0.0,0.0,1,1,0.0,acodeaday,1.0,1,0,0,1,0,2022-02-07 08:04:58,2022-02-07 13:38:09,Peripheral learner,,0
35193,0,1,0,2,0.00010101914977139124,0.0002598287463441081,0.0,0.0,1,1,0.0,amaka,15.0,2,0,0,3,0,2022-02-11 22:07:26,2022-02-14 15:30:06,Peripheral learner,,0
35195,0,3,0,3,0.00010101914977139124,0.0005142324279361738,0.0013987399708224521,0.0,2,10,0.4444444444444444,Cristian,3.0,1,0,0,0,0,2022-02-10 16:52:50,2022-02-10 16:52:50,Peripheral learner,,0
35202,0,1,0,1,0.00010101914977139124,0.000256301625182879,0.0,0.0,1,1,0.0,Facundo Lema,1.0,1,0,0,0,0,2022-02-10 19:54:50,2022-02-10 19:54:50,Peripheral learner,,0
35224,0,1,0,1,0.00010101914977139124,0.000256301625182879,0.0,0.0,1,1,0.0,F S,1.0,1,0,0,0,0,2022-02-15 16:42:12,2022-02-15 16:42:12,Peripheral learner,,0
34307,0,1,0,1,0.00010101914977139124,0.000256301625182879,0.0,0.0,1,1,0.0,MaeT,13.0,1,0,0,1,0,2021-09-24 23:16:50,2021-10-04 21:51:59,Peripheral learner,,0
34338,0,1,0,1,0.00010101914977139124,0.000256301625182879,0.0,0.0,1,1,0.0,shedfur,3.0,1,0,0,0,0,2021-09-29 07:19:46,2021-09-29 07:19:46,Peripheral learner,,0
34361,0,2,0,4,0.00010101914977139124,0.0003030480812357268,0.0,1.0,2,1,0.0,Akshat Sharma,1.0,2,0,0,2,0,2021-10-02 11:12:20,2021-10-08 11:10:24,Peripheral learner,,0
35286,0,2,0,2,0.00010101914977139124,0.0004712439608106246,0.0003250259605399792,0.0,1,1,0.0,Rafa Study,1.0,1,0,0,0,0,2022-02-24 00:11:15,2022-02-24 00:11:15,Peripheral learner,,0
35294,0,1,0,2,0.00010101914977139124,0.0002598287463441081,0.0,0.0,1,1,0.0,Preston So,3.0,1,0,0,2,0,2022-02-26 05:27:12,2022-02-26 17:49:20,Peripheral learner,,0
35355,0,1,0,2,0.00010101914977139124,0.0002598287463441081,0.0,0.0,1,1,0.0,Julio Serrano,1.0,1,0,0,0,0,2022-03-07 10:05:39,2022-03-07 10:05:39,Peripheral learner,,0
35421,0,1,0,1,0.00010101914977139124,0.000256301625182879,0.0,0.0,1,1,0.0,armn,3.0,1,0,0,0,0,2022-03-20 16:36:12,2022-03-20 16:36:12,Peripheral learner,,0
35439,0,1,0,1,0.00010101914977139124,0.000256301625182879,0.0,0.0,1,1,0.0,Alexander Siewert,11.0,1,0,0,0,0,2022-03-22 02:36:07,2022-03-22 02:36:07,Peripheral learner,,0
35489,0,1,0,1,0.00010101914977139124,0.000256301625182879,0.0,0.0,1,1,0.0,Eric Morrison,3.0,1,0,0,1,0,2022-03-29 22:26:53,2022-03-30 16:50:06,Peripheral learner,,0
35612,0,1,0,1,0.00010101914977139124,0.000256301625182879,0.0,0.0,1,1,0.0,Akersar,1.0,1,0,0,1,0,2022-04-20 15:24:17,2022-04-20 15:57:30,Peripheral learner,,0
35672,0,1,0,1,0.00010101914977139124,0.000256301625182879,0.0,0.0,1,1,0.0,pampero43,3.0,1,0,0,3,0,2022-04-29 20:29:21,2022-05-02 19:31:14,Peripheral learner,,0
35899,0,1,0,1,0.00010101914977139124,0.000256301625182879,0.0,0.0,1,1,0.0,Ilan,101.0,1,0,0,2,0,2022-05-28 15:40:08,2022-05-30 06:58:42,Peripheral learner,,0
35928,0,2,0,2,0.00010101914977139124,0.0004712439608106246,0.0003250259605399792,0.0,1,1,0.0,ra1222222,11.0,2,0,0,2,0,2022-06-01 01:05:26,2022-06-05 23:51:49,Peripheral learner,,0
35971,0,2,0,2,0.00010101914977139124,0.0004752602763004064,2.5708351876576185e-05,0.0,2,1,0.0,Hope Braga,1.0,2,0,0,0,0,2022-06-21 09:47:17,2022-10-14 03:49:21,Peripheral learner,,0
36244,0,2,0,2,0.00010101914977139124,0.0006701849943615431,8.12741274080994e-05,0.0,2,5,0.5,Emir,103.0,2,0,0,2,0,2022-07-06 18:43:52,2022-09-22 16:29:32,Peripheral learner,,0
36273,0,2,0,2,0.00010101914977139124,0.000716863963980208,0.0006263115874284674,0.0,2,16,0.5,Schmilp,3.0,2,0,0,0,0,2022-07-15 12:38:15,2022-07-20 13:44:33,Peripheral learner,,0
34814,0,1,0,2,0.00010101914977139124,0.0002598287463441081,0.0,0.0,1,1,0.0,Roger Roger,3.0,1,0,0,1,0,2021-12-16 08:05:40,2021-12-16 19:27:34,Peripheral learner,,0
34823,0,1,0,1,0.00010101914977139124,0.000256301625182879,0.0,0.0,1,1,0.0,Nonso ,1.0,1,0,0,0,0,2021-12-17 16:35:40,2021-12-17 16:35:40,Peripheral learner,,0
34895,0,1,0,1,0.00010101914977139124,0.000256301625182879,0.0,0.0,1,1,0.0,BH_ken,3.0,1,0,0,2,0,2021-12-28 10:15:41,2022-01-02 14:28:17,Peripheral learner,,0
36479,0,3,0,5,0.00010101914977139124,0.0005418555460905095,0.0003250259605399792,0.3333333333333333,2,9,0.4444444444444444,Vail,3.0,3,0,0,2,0,2022-09-05 04:46:03,2023-01-13 17:07:54,Peripheral learner,,0
36547,0,1,0,1,0.00010101914977139124,0.000256301625182879,0.0,0.0,1,1,0.0,Ibhi Yassine,1.0,1,1,0,0,0,2022-08-11 11:55:20,2022-08-11 12:57:43,Peripheral learner,3,1
36558,0,1,0,1,0.00010101914977139124,0.000256301625182879,0.0,0.0,1,1,0.0,GMplayer210,1.0,1,0,0,0,0,2022-08-12 17:10:39,2022-08-12 17:10:39,Peripheral learner,,0
36582,0,2,0,3,0.00010101914977139124,0.0003279490703921276,0.0009198751673588615,0.0,2,9,0.5,Olivia,1.0,1,0,0,1,0,2022-08-15 21:16:55,2022-08-18 02:51:08,Peripheral learner,,0
36595,0,1,0,1,0.00010101914977139124,0.000256301625182879,0.0,0.0,1,1,0.0,chrisware,1.0,1,0,0,1,0,2022-08-17 00:17:54,2022-08-17 00:50:14,Peripheral learner,,0
36604,0,1,0,1,0.00010101914977139124,0.000256301625182879,0.0,0.0,1,1,0.0,umar faruq,1.0,1,0,0,1,0,2022-08-17 23:21:15,2022-08-20 01:44:11,Peripheral learner,,0
36646,0,1,0,1,0.00010101914977139124,0.000256301625182879,0.0,0.0,1,1,0.0,Shubham Gupta,1.0,1,0,0,0,0,2022-08-22 17:26:36,2022-08-22 17:26:36,Peripheral learner,,0
36650,0,2,0,2,0.00010101914977139124,0.00025716882458278655,0.0,1.0,2,2,0.5,Mishary,1.0,2,1,0,0,0,2022-08-24 12:33:42,2023-08-04 14:23:32,Peripheral learner,0,1
36744,0,1,0,1,0.00010101914977139124,0.000256301625182879,0.0,0.0,1,1,0.0,Edouard,121.0,1,1,0,2,1,2022-09-03 18:37:38,2022-09-05 02:46:49,Peripheral learner,0,1
36748,0,2,0,3,0.00010101914977139124,0.00047623707748577877,4.481858756074008e-05,0.0,2,1,0.5,ResistanceDown,3.0,2,0,0,2,0,2022-09-03 20:22:48,2023-01-13 03:08:25,Peripheral learner,,0
36778,0,1,0,1,0.00010101914977139124,0.000256301625182879,0.0,0.0,1,1,0.0,Jack,121.0,1,0,0,1,0,2022-09-07 06:43:57,2022-09-12 13:16:11,Peripheral learner,,0
36803,0,1,0,1,0.00010101914977139124,0.000256301625182879,0.0,0.0,1,1,0.0,Student_102345,1.0,1,0,0,0,0,2022-09-09 17:22:20,2022-09-09 17:22:20,Peripheral learner,,0
35240,0,1,0,1,0.00010101914977139124,0.000256301625182879,0.0,0.0,1,1,0.0,Jun_MacJun,3.0,1,0,0,0,0,2022-02-17 10:54:28,2022-02-17 10:54:28,Peripheral learner,,0
35245,0,2,0,2,0.00010101914977139124,0.00025854482790288273,0.00013620548405598657,0.0,2,11,0.5,Aayed Hassan,3.0,2,0,0,1,0,2022-02-18 13:09:21,2022-02-18 18:26:19,Peripheral learner,,0
35268,0,1,0,2,0.00010101914977139124,0.0002598287463441081,0.0,0.0,1,1,0.0,cplusplusnoob,1.0,1,0,0,2,0,2022-04-01 17:22:20,2022-04-01 22:24:48,Peripheral learner,,0
37081,0,1,0,1,0.00010101914977139124,0.000256301625182879,0.0,0.0,1,1,0.0,Abhishek kumar Singh,1.0,1,0,0,1,0,2022-10-09 17:19:27,2022-10-09 17:23:01,Peripheral learner,,0
37189,0,1,0,1,0.00010101914977139124,0.000256301625182879,0.0,0.0,1,1,0.0,katoy,101.0,1,0,0,0,0,2022-10-22 08:25:10,2022-10-22 08:25:10,Peripheral learner,,0
37248,0,1,0,1,0.00010101914977139124,0.000256301625182879,0.0,0.0,1,1,0.0,Li-Yu Chu,1.0,1,0,0,0,0,2022-11-05 02:55:01,2022-11-05 02:55:01,Peripheral learner,,0
37349,0,2,0,2,0.00010101914977139124,0.00027283565100039793,0.0004804311695460445,0.0,2,15,0.5,ger mc,1.0,1,0,0,1,0,2022-11-07 00:04:37,2022-11-10 01:58:31,Peripheral learner,,0
37400,0,1,0,1,0.00010101914977139124,0.000256301625182879,0.0,0.0,1,1,0.0,Michael,1.0,1,0,0,1,0,2022-11-11 22:43:56,2022-11-14 00:22:29,Peripheral learner,,0
37415,0,1,0,1,0.00010101914977139124,0.000256301625182879,0.0,0.0,1,1,0.0,L. C. Jimenez,1.0,1,1,1,0,0,2022-11-13 07:04:36,2022-11-16 12:53:40,Peripheral learner,0,1
37506,0,1,0,1,0.00010101914977139124,0.000256301625182879,0.0,0.0,1,1,0.0,mcweebus,3.0,2,1,0,2,0,2022-11-28 00:11:45,2022-12-02 21:23:17,Peripheral learner,1,1
37550,0,1,0,1,0.00010101914977139124,0.000256301625182879,0.0,0.0,1,1,0.0,Shiwoo Lee,11.0,1,0,0,0,0,2022-12-03 00:13:47,2022-12-03 00:13:47,Peripheral learner,,0
37557,0,1,0,1,0.00010101914977139124,0.000256301625182879,0.0,0.0,1,1,0.0,Karl Kuehn,1.0,1,0,0,0,0,2022-11-28 21:24:54,2022-11-28 21:24:54,Peripheral learner,,0
37607,0,1,0,1,0.00010101914977139124,0.000256301625182879,0.0,0.0,1,1,0.0,matt.mcg,101.0,1,0,0,0,0,2022-12-05 10:45:15,2022-12-05 10:45:15,Peripheral learner,,0
37696,0,2,0,4,0.00010101914977139124,0.0003269132104627638,0.0,1.0,2,9,0.5,RedHorseMane,1.0,1,0,0,4,0,2023-03-19 17:36:57,2023-03-22 18:34:06,Peripheral learner,,0
37726,0,1,0,1,0.00010101914977139124,0.000256301625182879,0.0,0.0,1,1,0.0,TheWanderingAmateur,1.0,1,0,0,1,0,2022-12-18 13:33:06,2022-12-18 15:56:56,Peripheral learner,,0
37737,0,1,0,3,0.00010101914977139124,0.00026335586750533726,0.0,0.0,1,1,0.0,F. Zer,103.0,1,0,0,4,0,2022-12-20 13:34:19,2022-12-23 20:40:14,Peripheral learner,,0
36306,0,1,0,2,0.00010101914977139124,0.0002598287463441081,0.0,0.0,1,1,0.0,albondiga,1.0,1,0,0,1,0,2022-07-14 16:13:46,2022-07-14 19:35:18,Peripheral learner,,0
36336,0,1,0,1,0.00010101914977139124,0.000256301625182879,0.0,0.0,1,1,0.0,Setaganga,3.0,1,0,0,1,0,2022-07-17 15:58:14,2022-07-17 17:00:33,Peripheral learner,,0
36470,0,1,0,1,0.00010101914977139124,0.000256301625182879,0.0,0.0,1,1,0.0,Josh Schaeffer,3.0,1,0,0,0,0,2022-08-03 02:55:05,2022-08-03 02:55:05,Peripheral learner,,0
37848,0,2,0,6,0.00010101914977139124,0.00048182532429431196,0.0003250048248317546,0.0,1,1,0.0,skytwosea,111.0,1,0,0,6,0,2023-01-17 03:43:35,2023-01-17 19:56:31,Peripheral learner,,0
37900,0,2,0,3,0.00010101914977139124,0.00032338608930153464,0.0,1.0,2,9,0.5,Ritam Debnath,13.0,2,0,0,1,0,2023-01-11 11:00:05,2023-01-26 13:18:13,Peripheral learner,,0
37970,0,3,0,4,0.00010101914977139124,0.0005083133140311816,0.0003250048248317546,0.3333333333333333,2,1,0.4444444444444444,JHo,11.0,1,0,0,3,0,2023-01-18 04:42:32,2023-01-21 01:47:55,Peripheral learner,,0
38003,0,2,0,2,0.00010101914977139124,0.0002898438572422068,0.0,1.0,2,9,0.5,nirraya,3.0,2,1,1,1,0,2023-01-21 12:35:04,2023-01-31 02:26:13,Peripheral learner,,0
38021,0,1,0,1,0.00010101914977139124,0.000256301625182879,0.0,0.0,1,1,0.0,Jonathan,1.0,1,0,0,1,0,2023-01-24 00:16:43,2023-01-24 23:19:19,Peripheral learner,,0
38046,0,1,0,1,0.00010101914977139124,0.000256301625182879,0.0,0.0,1,1,0.0,Emre Kırmızı,3.0,1,0,0,1,0,2023-01-29 19:39:36,2023-01-30 11:04:54,Peripheral learner,,0
38139,0,1,0,2,0.00010101914977139124,0.0002598287463441081,0.0,0.0,1,1,0.0,Santiago Misas,1.0,1,0,0,2,0,2023-02-12 01:37:53,2023-02-13 16:12:05,Peripheral learner,,0
38147,0,1,0,1,0.00010101914977139124,0.000256301625182879,0.0,0.0,1,1,0.0,user38147,1.0,1,0,0,1,0,2023-02-09 07:18:49,2023-02-10 02:54:59,Peripheral learner,,0
38181,0,1,0,1,0.00010101914977139124,0.000256301625182879,0.0,0.0,1,1,0.0,Sunraj Patel,1.0,1,0,0,0,0,2023-02-12 11:36:41,2023-02-12 11:36:41,Peripheral learner,,0
38223,0,1,0,3,0.00010101914977139124,0.00026335586750533726,0.0,0.0,1,1,0.0,Fouad Nabil,1.0,1,0,0,1,0,2024-01-04 20:30:03,2024-01-13 04:33:25,Peripheral learner,,0
38444,0,1,0,1,0.00010101914977139124,0.000256301625182879,0.0,0.0,1,1,0.0,zendynar,3.0,1,0,0,1,0,2023-03-14 21:00:05,2023-03-19 13:54:49,Peripheral learner,,0
38488,0,1,0,4,0.00010101914977139124,0.00026688298866656634,0.0,0.0,1,1,0.0,Hasan Shahid,1.0,1,0,0,4,0,2023-10-15 07:38:48,2023-10-17 11:27:46,Peripheral learner,,0
39162,0,2,0,2,0.00010101914977139124,0.00047862047889246043,0.0,1.0,2,2,0.5,Mayankdays,1.0,1,0,0,0,0,2023-06-02 17:40:21,2023-06-02 17:40:21,Peripheral learner,,0
36834,0,1,0,1,0.00010101914977139124,0.000256301625182879,0.0,0.0,1,1,0.0,Agus,1.0,1,0,0,1,0,2022-09-12 19:00:19,2022-09-13 23:18:25,Peripheral learner,,0
36990,0,2,0,3,0.00010101914977139124,0.00029337097840343595,0.0,1.0,2,1,0.5,dkevin77,5.0,2,0,0,3,0,2022-09-29 16:55:50,2022-10-11 16:45:28,Peripheral learner,,0
37080,0,1,0,1,0.00010101914977139124,0.000256301625182879,0.0,0.0,1,1,0.0,Onion_in_1945,3.0,1,0,0,1,0,2022-10-09 17:03:36,2022-10-10 23:10:23,Peripheral learner,,0
39497,0,1,0,1,0.00010101914977139124,0.000256301625182879,0.0,0.0,1,1,0.0,Mohamed Amr,3.0,2,1,1,0,0,2023-06-30 15:55:51,2023-07-26 21:49:30,Peripheral learner,2,1
39528,0,1,0,1,0.00010101914977139124,0.000256301625182879,0.0,0.0,1,1,0.0,Hecos,13.0,1,1,0,1,1,2023-07-04 15:49:41,2023-07-30 18:03:09,Peripheral learner,5,1
39628,0,3,0,4,0.00010101914977139124,0.0006897134175995994,0.0006500519210799584,0.0,1,1,0.0,Seth ,31.0,1,1,0,1,2,2023-07-14 01:22:57,2023-07-15 02:53:02,Peripheral learner,6,1
39840,0,1,0,1,0.00010101914977139124,0.000256301625182879,0.0,0.0,1,1,0.0,obaino,111.0,2,2,2,0,1,2023-08-05 18:28:25,2023-08-12 06:30:25,Peripheral learner,0,1
39871,0,2,0,5,0.00010101914977139124,0.00036045544252209165,0.0,1.0,2,9,0.5,Timothy_A_Brown_1059,1.0,1,0,0,2,0,2023-08-09 09:12:08,2023-08-12 09:52:18,Peripheral learner,,0
40086,0,2,0,4,0.00010101914977139124,0.00037082703531921,0.0001625129802699896,0.0,2,1,0.0,PROGRAMMER1,1.0,1,0,0,2,0,2023-10-06 22:19:02,2023-10-07 17:00:02,Peripheral learner,,0
40089,0,2,0,4,0.00010101914977139124,0.0002589032233826017,0.0,1.0,2,2,0.5,user40089,13.0,2,0,0,1,0,2023-10-16 09:09:27,2023-12-12 16:05:57,Peripheral learner,,0
40136,0,1,0,1,0.00010101914977139124,0.000256301625182879,0.0,0.0,1,1,0.0,know,1.0,1,0,0,1,0,2023-09-12 12:29:08,2023-09-13 05:10:45,Peripheral learner,,0
40139,0,1,0,1,0.00010101914977139124,0.000256301625182879,0.0,0.0,1,1,0.0,Mikail Kuehl,3.0,1,0,0,1,0,2023-09-11 19:07:19,2023-09-12 12:52:58,Peripheral learner,,0
40380,0,2,0,4,0.00010101914977139124,0.0002589032233826017,0.0,1.0,2,2,0.5,user40380,13.0,1,0,0,2,0,2023-10-06 01:24:23,2023-10-06 22:56:47,Peripheral learner,,0
40415,0,1,0,1,0.00010101914977139124,0.000256301625182879,0.0,0.0,1,1,0.0,Ganymede,23.0,3,2,0,0,0,2023-10-11 20:11:57,2024-06-06 15:22:25,Peripheral learner,0,1
40427,0,1,0,1,0.00010101914977139124,0.000256301625182879,0.0,0.0,1,1,0.0,Nikolai Anisimov,3.0,1,0,0,1,0,2023-10-13 10:13:42,2023-10-14 07:46:22,Peripheral learner,,0
40442,0,2,0,2,0.00010101914977139124,0.00025716882458278655,0.0,1.0,2,2,0.5,electrodarling,11.0,2,0,0,0,0,2023-10-16 13:23:31,2023-10-19 16:56:53,Peripheral learner,,0
37743,0,1,0,3,0.00010101914977139124,0.00026335586750533726,0.0,0.0,1,1,0.0,KiruFlan,1.0,1,0,0,1,0,2022-12-20 13:41:06,2022-12-24 14:47:09,Peripheral learner,,0
37810,0,1,0,2,0.00010101914977139124,0.0002598287463441081,0.0,0.0,1,1,0.0,Naveen92,1.0,1,1,0,1,0,2022-12-28 22:37:15,2022-12-29 11:51:48,Peripheral learner,0,1
37847,0,1,0,1,0.00010101914977139124,0.000256301625182879,0.0,0.0,1,1,0.0,daydayday1234,3.0,1,0,0,0,0,2023-01-04 14:03:01,2023-01-04 14:03:01,Peripheral learner,,0
39439,0,1,0,1,0.00010101914977139124,0.000256301625182879,0.0,0.0,1,1,0.0,Jacob Steinberg,1.0,1,0,0,0,0,2023-06-25 05:28:40,2023-06-25 05:28:40,Peripheral learner,,0
29616,0,1,0,1,0.00010101914977139124,0.0002574849588985157,0.0,0.0,1,0,0.0,007,3.0,1,0,0,1,0,2020-09-09 17:47:23,2020-09-09 18:41:50,Peripheral learner,,0
29628,0,1,0,1,0.00010101914977139124,0.0002574849588985157,0.0,0.0,1,0,0.0,David,1.0,1,0,0,1,0,2020-10-16 03:29:47,2020-10-17 02:54:34,Peripheral learner,,0
29640,0,3,0,5,0.00010101914977139124,0.0002877341985979109,0.0,1.0,3,0,0.4444444444444444,allemandi,1.0,2,1,1,2,0,2020-09-02 23:42:34,2020-10-25 22:14:42,Peripheral learner,4,1
29647,0,2,0,2,0.00010101914977139124,0.00036495612671238846,0.00013927739895060128,0.0,2,6,0.5,Victória Ester,3.0,1,0,0,2,0,2020-09-04 04:43:01,2020-09-10 19:44:47,Peripheral learner,,0
29656,0,3,0,3,0.00010101914977139124,0.0002865644915599452,3.233878854047309e-07,0.6666666666666666,3,12,0.6666666666666667,Sam AG,1.0,1,0,0,0,0,2020-09-05 08:30:35,2020-09-05 08:30:35,Peripheral learner,,0
29657,0,1,0,1,0.00010101914977139124,0.0002574849588985157,0.0,0.0,1,0,0.0,Mohammed Abu Oudah,1.0,1,0,0,0,0,2020-09-05 15:23:00,2020-09-05 15:23:00,Peripheral learner,,0
29674,0,1,0,1,0.00010101914977139124,0.0002574849588985157,0.0,0.0,1,0,0.0,Lucas C.,13.0,1,0,0,0,0,2020-09-08 00:42:02,2020-09-08 00:42:02,Peripheral learner,,0
29734,0,1,0,2,0.00010101914977139124,0.0002621954137753815,0.0,0.0,1,0,0.0,katja,3.0,1,0,0,1,0,2020-09-20 07:55:05,2020-09-21 11:23:44,Peripheral learner,,0
29740,0,1,0,1,0.00010101914977139124,0.0002574849588985157,0.0,0.0,1,0,0.0,,,0,0,0,0,0,,,Peripheral learner,,0
29761,0,1,0,3,0.00010101914977139124,0.00026690586865224725,0.0,0.0,1,0,0.0,DyRi,3.0,1,0,0,3,0,2020-09-17 20:19:18,2020-09-17 21:56:05,Peripheral learner,,0
29798,0,2,0,2,0.00010101914977139124,0.00047798068533190074,0.0004717514306316405,0.0,2,6,0.5,William Tamplain,1.0,1,0,0,0,0,2020-09-22 18:22:23,2020-09-22 18:22:23,Peripheral learner,,0
29095,0,1,0,1,0.00010101914977139124,0.0002574849588985157,0.0,0.0,1,0,0.0,Dan Konstantinovsky,3.0,1,0,0,1,0,2020-07-11 14:42:24,2020-07-11 20:55:59,Peripheral learner,,0
29101,0,1,0,1,0.00010101914977139124,0.0002574849588985157,0.0,0.0,1,0,0.0,Muhammed,1.0,1,0,0,1,0,2020-07-11 23:50:57,2020-07-12 20:38:36,Peripheral learner,,0
29106,0,2,0,4,0.00010101914977139124,0.000270232783697939,0.0,1.0,2,8,0.5,Thomas H,13.0,2,0,0,0,0,2020-07-12 06:32:17,2020-07-19 05:37:20,Peripheral learner,,0
40444,0,1,0,2,0.00010101914977139124,0.0002598287463441081,0.0,0.0,1,1,0.0,adubzzzz,1.0,1,0,0,1,0,2023-10-16 19:40:38,2023-10-17 01:18:17,Peripheral learner,,0
40501,0,1,0,1,0.00010101914977139124,0.000256301625182879,0.0,0.0,1,1,0.0,I'm Confused,3.0,1,0,0,1,0,2023-10-25 02:53:16,2023-10-26 00:03:56,Peripheral learner,,0
40503,0,1,0,1,0.00010101914977139124,0.000256301625182879,0.0,0.0,1,1,0.0,BIR823,1.0,1,0,0,1,0,2023-10-25 06:11:57,2023-11-01 01:23:48,Peripheral learner,,0
40519,0,1,0,1,0.00010101914977139124,0.000256301625182879,0.0,0.0,1,1,0.0,Bryant Rusli,11.0,1,0,0,1,0,2023-10-26 17:12:08,2023-10-30 15:25:18,Peripheral learner,,0
40522,0,3,0,3,0.00010101914977139124,0.0004721111602105322,0.0012585669781931472,0.3333333333333333,2,2,0.4444444444444444,MD AKRAM,1.0,1,0,0,0,0,2023-10-27 10:49:33,2023-10-27 10:49:33,Peripheral learner,,0
40538,0,2,0,2,0.00010101914977139124,0.00036377279299675187,0.0002313944482900233,0.0,2,2,0.5,Riyadh Elbaff,1.0,1,0,0,0,0,2023-10-30 14:25:22,2023-10-30 14:25:22,Peripheral learner,,0
40653,0,3,0,3,0.00010101914977139124,0.00047806822329065344,8.884273681781468e-06,0.6666666666666666,2,1,0.4444444444444444,temiboy,11.0,1,1,0,1,1,2023-11-19 09:58:34,2023-11-21 16:07:55,Peripheral learner,6,1
40661,0,1,0,1,0.00010101914977139124,0.000256301625182879,0.0,0.0,1,1,0.0,Mathika Wariyapperuma,1.0,1,0,0,0,0,2023-11-17 09:43:19,2023-11-17 09:43:19,Peripheral learner,,0
40708,0,2,0,2,0.00010101914977139124,0.00025716882458278655,0.0,1.0,2,2,0.5,sam,1.0,1,0,0,0,0,2023-11-24 22:23:54,2023-11-24 22:23:54,Peripheral learner,,0
40716,0,1,0,1,0.00010101914977139124,0.000256301625182879,0.0,0.0,1,1,0.0,Mohammad muazzam ali,103.0,1,0,0,0,0,2023-11-26 15:02:34,2023-11-26 15:02:34,Peripheral learner,,0
40797,0,1,0,1,0.00010101914977139124,0.000256301625182879,0.0,0.0,1,1,0.0,KateOz,1.0,1,0,0,3,0,2023-12-07 01:08:21,2023-12-13 20:49:04,Peripheral learner,,0
40845,0,1,0,1,0.00010101914977139124,0.000256301625182879,0.0,0.0,1,1,0.0,Blacov.,11.0,1,0,0,1,0,2024-01-19 12:10:22,2024-01-19 15:07:13,Peripheral learner,,0
40867,0,1,0,4,0.00010101914977139124,0.00026688298866656634,0.0,0.0,1,1,0.0,techno adnan,13.0,1,0,0,4,0,2023-12-16 04:15:19,2023-12-25 04:01:26,Peripheral learner,,0
40890,0,3,0,4,0.00010101914977139124,0.0004756382813717614,0.0003250259605399792,0.3333333333333333,2,1,0.4444444444444444,Yazkis,21.0,2,1,1,1,2,2023-12-20 14:39:09,2024-02-17 08:03:48,Peripheral learner,0,1
39400,0,1,0,1,0.00010101914977139124,0.000256301625182879,0.0,0.0,1,1,0.0,Jumbot,3.0,1,0,0,2,0,2023-06-21 00:46:00,2023-06-27 09:57:16,Peripheral learner,,0
39404,0,1,0,2,0.00010101914977139124,0.0002598287463441081,0.0,0.0,1,1,0.0,Rajeev Reddy,1.0,1,0,0,3,0,2023-06-21 13:36:30,2023-06-24 15:09:57,Peripheral learner,,0
40930,0,2,0,3,0.00010101914977139124,0.0002580360239826941,0.0,1.0,2,2,0.5,Syed Navid Nowroz Twoki,1.0,1,0,0,1,0,2023-12-24 17:14:47,2023-12-28 14:51:46,Peripheral learner,,0
41119,0,2,0,2,0.00010101914977139124,0.00025716882458278655,0.0,1.0,2,2,0.5,Calapsy,13.0,1,0,0,0,0,2024-01-22 19:58:40,2024-01-22 19:58:40,Peripheral learner,,0
41240,0,2,0,5,0.00010101914977139124,0.00026243034454383077,0.0,1.0,2,2,0.5,Julia ,21.0,1,1,0,2,1,2024-02-07 15:47:41,2024-02-08 13:14:31,Peripheral learner,6,1
41250,0,1,0,1,0.00010101914977139124,0.000256301625182879,0.0,0.0,1,1,0.0,Marilyn,1.0,1,0,0,0,0,2024-02-10 00:15:03,2024-02-10 00:15:03,Peripheral learner,,0
41304,0,1,0,2,0.00010101914977139124,0.0002598287463441081,0.0,0.0,1,1,0.0,scrypter,11.0,1,1,0,2,1,2024-02-17 16:09:43,2024-02-20 18:02:53,Peripheral learner,6,1
41315,0,2,0,3,0.00010101914977139124,0.0002606959457440157,0.0,1.0,2,1,0.5,PquePC,1.0,1,0,0,2,0,2024-02-19 23:53:44,2024-02-21 23:58:01,Peripheral learner,,0
42355,0,2,0,2,0.00010101914977139124,0.00027283565100039793,0.0004804311695460445,0.0,2,15,0.5,Victoria,1.0,1,0,0,0,0,2024-02-27 07:47:45,2024-02-27 07:47:45,Peripheral learner,,0
42381,0,1,0,2,0.00010101914977139124,0.0002598287463441081,0.0,0.0,1,1,0.0,TheOtherJohn,1.0,1,0,0,2,0,2024-02-29 19:36:54,2024-03-01 14:31:08,Peripheral learner,,0
42442,0,3,0,48,0.00010101914977139124,0.0005171879744859779,4.488914915086482e-05,0.6666666666666666,2,2,0.4444444444444444,Elvino Michel,137.0,6,1,1,54,1,2024-03-09 16:25:26,2024-06-08 22:30:25,Peripheral learner,3,1
42450,0,2,0,2,0.00010101914977139124,0.00025716882458278655,0.0,1.0,2,2,0.5,RARob,1.0,1,1,1,1,0,2024-03-12 06:58:31,2024-03-13 07:46:20,Peripheral learner,6,1
42673,0,2,0,3,0.00010101914977139124,0.0002580360239826941,0.0,1.0,2,2,0.5,gabi,1.0,1,0,0,0,0,2024-04-17 13:50:47,2024-04-17 13:50:47,Peripheral learner,,0
42807,0,2,0,4,0.00010101914977139124,0.0002615631451439232,0.0,1.0,2,2,0.5,Roberto Lacowicz,1.0,1,0,0,1,0,2024-05-07 19:32:19,2024-05-08 18:51:28,Peripheral learner,,0
42978,0,1,0,1,0.00010101914977139124,0.000256301625182879,0.0,0.0,1,1,0.0,Aniruddha Shirodkar,1.0,1,0,0,0,0,2024-06-01 15:16:05,2024-06-01 15:16:05,Peripheral learner,,0
43160,0,1,0,1,0.00010101914977139124,0.000256301625182879,0.0,0.0,1,1,0.0,Gugaan Shanmugam,3.0,1,0,0,0,0,2024-07-03 09:17:49,2024-07-03 09:17:49,Peripheral learner,,0
43774,0,2,0,2,0.00010101914977139124,0.00025716882458278655,0.0,1.0,2,2,0.5,Lewkrr,101.0,2,0,0,0,0,2024-10-16 03:05:51,2024-10-18 19:17:40,Peripheral learner,,0
44281,0,3,0,3,0.00010101914977139124,0.00029071105664211437,0.0,1.0,3,9,0.6666666666666667,Om Prakash Sahu,1.0,1,0,0,0,0,2025-01-24 11:47:48,2025-01-24 11:47:48,Peripheral learner,,0
34095,0,2,0,3,0.00010101914977139124,0.0002763877904239222,0.0,1.0,2,0,0.5,Sfhuygju T,1.0,1,0,0,0,0,2021-08-23 22:28:43,2021-08-23 22:28:43,Peripheral learner,,0
34137,0,5,0,5,0.00010101914977139124,0.0005552505707966871,0.000507644274758849,0.4,3,5,0.72,user01,7.0,4,0,0,3,0,2021-08-30 17:04:55,2021-12-08 17:20:56,Peripheral learner,,0
34995,0,1,0,1,0.00010101914977139124,0.00026696688067019063,0.0,0.0,1,5,0.0,Mahmoud Saad,1.0,1,0,0,1,0,2022-01-10 20:42:07,2022-01-10 20:43:29,Peripheral learner,,0
35158,0,2,0,3,0.00010101914977139124,0.00027402112299264883,0.0,1.0,2,1,0.5,DragonSlayer,1.0,1,0,0,1,0,2022-02-05 02:52:56,2022-02-06 15:37:03,Peripheral learner,,0
35164,0,1,0,1,0.00010101914977139124,0.00026696688067019063,0.0,0.0,1,5,0.0,Knowledged,11.0,1,0,0,0,0,2022-02-06 09:22:18,2022-02-06 09:22:18,Peripheral learner,,0
35349,0,2,0,2,0.00010101914977139124,0.0002704940018314197,0.0,1.0,2,5,0.5,David Harris,1.0,1,0,0,0,0,2022-03-06 02:40:39,2022-03-06 02:40:39,Peripheral learner,,0
35392,0,1,0,1,0.00010101914977139124,0.00026696688067019063,0.0,0.0,1,5,0.0,Lizzie Williams,1.0,1,0,0,0,0,2022-03-13 16:38:16,2022-03-13 16:38:16,Peripheral learner,,0
35479,0,1,0,1,0.00010101914977139124,0.00026696688067019063,0.0,0.0,1,5,0.0,Astrophel,3.0,1,0,0,0,0,2022-03-29 02:47:21,2022-03-29 02:47:21,Peripheral learner,,0
35537,0,4,0,8,0.00010101914977139124,0.0005238432428334112,1.6138939711110023e-05,0.6666666666666666,3,0,0.625,Leo8479500282664829200,7.0,4,0,0,0,0,2022-04-05 19:08:29,2024-07-16 23:16:45,Peripheral learner,,0
35602,0,3,0,3,0.00010101914977139124,0.000486619671174802,0.0012585669781931465,0.3333333333333333,2,5,0.4444444444444444,the-great-potato,15.0,3,1,1,1,0,2022-04-19 04:07:54,2022-05-10 16:11:33,Peripheral learner,0,1
35781,0,2,0,2,0.00010101914977139124,0.0002704940018314197,0.0,1.0,2,5,0.5,RaulMuroc,1.0,1,0,0,0,0,2023-02-15 08:08:23,2023-02-15 08:08:23,Peripheral learner,,0
36183,0,1,0,1,0.00010101914977139124,0.00026696688067019063,0.0,0.0,1,5,0.0,magne bolgen,1.0,1,0,0,0,0,2022-06-29 19:15:37,2022-06-29 19:15:37,Peripheral learner,,0
36349,0,1,0,1,0.00010101914977139124,0.00026696688067019063,0.0,0.0,1,5,0.0,padfoot13,1.0,1,0,0,0,0,2022-07-19 05:45:54,2022-07-19 05:45:54,Peripheral learner,,0
37148,0,1,0,1,0.00010101914977139124,0.00026696688067019063,0.0,0.0,1,5,0.0,BrazilianEnthusiast,11.0,1,0,0,0,0,2022-10-18 19:53:54,2022-10-18 19:53:54,Peripheral learner,,0
44599,0,1,0,1,0.00010101914977139124,0.000256301625182879,0.0,0.0,1,1,0.0,Hari,1.0,1,0,0,0,0,2025-04-17 08:25:42,2025-04-17 08:25:42,Peripheral learner,,0
22398,0,1,0,3,0.00010101914977139124,0.000259504112181661,0.0,0.0,1,11,0.0,Viapacific,3.0,1,0,0,2,0,2019-06-24 19:30:01,2019-06-25 20:02:19,Peripheral learner,,0
23682,0,1,0,5,0.00010101914977139124,0.0002639905176216685,0.0,0.0,1,11,0.0,user23682,1.0,1,0,0,4,0,2019-06-09 09:45:43,2019-06-11 07:06:18,Peripheral learner,,0
23851,0,1,0,3,0.00010101914977139124,0.000259504112181661,0.0,0.0,1,11,0.0,Stricha,3.0,1,0,0,4,0,2019-07-04 17:32:30,2019-07-05 14:29:26,Peripheral learner,,0
24174,0,1,0,1,0.00010101914977139124,0.0002550177067416536,0.0,0.0,1,11,0.0,Omar Muhammed Aly,1.0,1,0,0,1,0,2019-08-31 18:47:23,2019-08-31 21:02:30,Peripheral learner,,0
25238,0,1,0,1,0.00010101914977139124,0.0002550177067416536,0.0,0.0,1,11,0.0,FutureManhattan,11.0,1,0,0,1,0,2019-09-13 11:58:46,2019-09-13 23:00:30,Peripheral learner,,0
25493,0,2,0,3,0.00010101914977139124,0.0003315084077032455,0.0,1.0,2,1,0.5,AYA,7.0,3,0,0,3,0,2019-11-02 08:48:21,2019-11-24 03:40:37,Peripheral learner,,0
25633,0,1,0,2,0.00010101914977139124,0.0002572609094616573,0.0,0.0,1,11,0.0,Mahmoud Ahmad,3.0,1,0,0,1,0,2019-12-04 21:42:44,2019-12-05 08:23:30,Peripheral learner,,0
25691,0,1,0,1,0.00010101914977139124,0.0002550177067416536,0.0,0.0,1,11,0.0,Simba,101.0,1,0,0,1,0,2019-12-21 12:19:18,2019-12-22 00:36:27,Peripheral learner,,0
27346,0,2,0,2,0.00010101914977139124,0.00026209205191194394,5.986151328577092e-05,0.0,2,4,0.5,hello.21,3.0,2,0,0,2,0,2020-04-04 01:00:50,2020-06-10 19:11:14,Peripheral learner,,0
28062,0,3,0,4,0.00010101914977139124,0.0007127460328051254,2.564014918678454e-05,0.0,3,11,0.6666666666666667,Adr,1.0,2,0,0,1,0,2020-05-08 10:59:16,2020-06-01 14:42:06,Peripheral learner,,0
28341,0,3,0,3,0.00010101914977139124,0.0002649796468817799,0.00010223614993727905,0.0,3,4,0.4444444444444444,won1225,1.0,1,0,0,1,0,2020-05-22 13:03:47,2020-05-22 14:29:51,Peripheral learner,,0
28495,0,1,0,3,0.00010101914977139124,0.000259504112181661,0.0,0.0,1,11,0.0,ivan milenkovic,1.0,1,0,0,4,0,2020-05-31 13:33:28,2020-05-31 16:42:55,Peripheral learner,,0
28544,0,3,0,4,0.00010101914977139124,0.0002843057986095872,0.0001909615365999877,0.0,3,6,0.6666666666666667,Timothy Teo,1.0,1,0,0,2,0,2020-06-02 18:56:05,2020-06-03 04:50:37,Peripheral learner,,0
28790,0,5,0,7,0.00010101914977139124,0.000490931044907124,0.0014488600277851608,0.0,4,8,0.5599999999999999,Niha Rika,13.0,4,0,0,2,0,2020-06-18 19:30:50,2020-06-28 18:53:05,Peripheral learner,,0
28813,0,1,0,1,0.00010101914977139124,0.0002550177067416536,0.0,0.0,1,11,0.0,lektoakle,3.0,1,0,0,0,0,2020-06-20 20:44:36,2020-06-20 20:44:36,Peripheral learner,,0
28887,0,2,0,2,0.00010101914977139124,0.0002628205416669812,5.8602614937674124e-05,0.0,2,8,0.5,Varsha ,1.0,1,0,0,0,0,2020-06-25 13:49:08,2020-06-25 13:49:08,Peripheral learner,,0
28907,0,1,0,1,0.00010101914977139124,0.0002550177067416536,0.0,0.0,1,11,0.0,Manjaree Agarwal,11.0,1,0,0,1,0,2020-06-28 13:08:06,2020-06-29 08:17:15,Peripheral learner,,0
28910,0,1,0,1,0.00010101914977139124,0.0002550177067416536,0.0,0.0,1,11,0.0,Tom Gastall,1.0,1,1,0,0,0,2020-06-27 19:13:17,2020-06-27 21:42:26,Peripheral learner,3,1
28974,0,1,0,1,0.00010101914977139124,0.0002550177067416536,0.0,0.0,1,11,0.0,Harsheen Rajpal,2.0,1,0,0,1,0,2020-07-02 11:32:54,2020-07-06 12:22:02,Peripheral learner,,0
29021,0,1,0,1,0.00010101914977139124,0.0002550177067416536,0.0,0.0,1,11,0.0,Ben Daniels,3.0,1,0,0,1,0,2020-07-05 21:13:21,2020-07-05 22:20:21,Peripheral learner,,0
31186,0,2,0,2,0.00010101914977139124,0.0002615550384283674,6.475600327150948e-05,0.0,2,6,0.5,isaac6,1.0,1,0,0,0,0,2020-11-13 17:29:09,2020-11-13 17:29:09,Peripheral learner,,0
31393,0,1,0,1,0.00010101914977139124,0.0002550177067416536,0.0,0.0,1,11,0.0,Sanidhya Vijay,3.0,1,0,0,0,0,2020-12-13 17:40:24,2020-12-13 17:40:24,Peripheral learner,,0
31653,0,3,0,11,0.00010101914977139124,0.0003206135766165003,0.0002111801667155678,0.3333333333333333,3,7,0.6666666666666667,Joy8144,10.0,5,0,0,6,0,2021-01-14 14:26:37,2021-02-18 14:01:42,Peripheral learner,,0
32252,0,1,0,1,0.00010101914977139124,0.0002550177067416536,0.0,0.0,1,11,0.0,Peter Mikhail,1.0,1,0,0,0,0,2021-04-11 21:36:48,2021-04-11 21:36:48,Peripheral learner,,0
32419,0,2,0,2,0.00010101914977139124,0.0002664769798739748,9.01125112220873e-05,0.0,2,11,0.5,HelpMee,2.0,1,0,0,0,0,2021-05-29 21:40:15,2021-05-29 21:40:15,Peripheral learner,,0
32476,0,2,0,2,0.00010101914977139124,0.0003644970323004173,5.827881678810491e-06,0.0,2,11,0.0,Alex,11.0,1,0,0,1,0,2021-05-15 01:26:48,2021-05-18 05:16:55,Peripheral learner,,0
34546,0,2,0,2,0.00010101914977139124,0.0004699600423693993,0.0003250048248317546,0.0,1,11,0.0,Mark Norris,1.0,1,0,0,0,0,2021-10-26 19:28:21,2021-10-26 19:28:21,Peripheral learner,,0
11571,0,1,0,1,0.00010101914977139124,0.00026423377715397106,0.0,0.0,1,3,0.0,Hari07,5.0,1,0,0,0,0,2019-09-08 04:25:54,2019-09-08 04:25:54,Peripheral learner,,0
14162,0,2,0,3,0.00010101914977139124,0.000530509082680918,0.0,1.0,2,3,0.0,Sarabjot Singh,17.0,2,0,0,0,0,2019-12-09 11:02:27,2020-01-08 14:33:04,Peripheral learner,,0
18407,0,1,0,1,0.00010101914977139124,0.00026423377715397106,0.0,0.0,1,3,0.0,Santiago,3.0,1,0,0,0,0,2019-08-01 12:51:59,2019-08-01 12:51:59,Peripheral learner,,0
21342,0,1,0,3,0.00010101914977139124,0.0002871523234186134,0.0,0.0,1,3,0.0,user21342,7.0,2,0,0,3,0,2019-06-03 13:52:30,2019-11-23 12:10:18,Peripheral learner,,0
21569,0,1,0,1,0.00010101914977139124,0.00026423377715397106,0.0,0.0,1,3,0.0,dsaba123,13.0,1,0,0,1,0,2019-05-28 00:57:36,2019-05-29 22:30:15,Peripheral learner,,0
22025,0,1,0,2,0.00010101914977139124,0.00027569305028629225,0.0,0.0,1,3,0.0,Jacob Pieczynski,46.0,1,0,0,2,0,2019-07-09 00:01:36,2019-07-09 20:10:57,Peripheral learner,,0
23105,0,1,0,1,0.00010101914977139124,0.00026423377715397106,0.0,0.0,1,3,0.0,Adam DeCaria,39.0,1,1,1,0,2,2019-08-22 04:04:47,2019-08-22 17:10:19,Peripheral learner,12,1
23262,0,1,0,1,0.00010101914977139124,0.00026423377715397106,0.0,0.0,1,3,0.0,Jgoren,17.0,1,0,0,1,0,2019-09-10 20:20:53,2019-09-11 16:45:17,Peripheral learner,,0
23294,0,1,0,2,0.00010101914977139124,0.00027569305028629225,0.0,0.0,1,3,0.0,snejame,105.0,1,0,0,1,0,2019-06-04 13:46:10,2019-06-04 17:31:51,Peripheral learner,,0
23348,0,2,0,2,0.00010101914977139124,0.0004791761127817167,0.0003250259605399792,0.0,1,3,0.0,Aditya,5.0,1,0,0,2,0,2019-05-19 17:44:24,2019-05-20 11:19:13,Peripheral learner,,0
23463,0,1,0,2,0.00010101914977139124,0.00027569305028629225,0.0,0.0,1,3,0.0,Jereld Lim,11.0,2,0,0,2,0,2020-02-07 06:51:12,2020-02-11 15:18:10,Peripheral learner,,0
23570,0,1,0,2,0.00010101914977139124,0.00027569305028629225,0.0,0.0,1,3,0.0,Ali Hasan,1.0,1,0,0,0,0,2019-05-13 13:48:52,2019-05-13 13:48:52,Peripheral learner,,0
23622,0,1,0,1,0.00010101914977139124,0.00026423377715397106,0.0,0.0,1,3,0.0,Adarsh,1.0,1,0,0,0,0,2019-07-08 11:57:21,2019-07-08 11:57:21,Peripheral learner,,0
23635,0,1,0,1,0.00010101914977139124,0.00026423377715397106,0.0,0.0,1,3,0.0,Groverkss,103.0,1,0,0,0,0,2019-06-19 11:04:55,2019-06-19 11:04:55,Peripheral learner,,0
23644,0,1,0,1,0.00010101914977139124,0.00026423377715397106,0.0,0.0,1,3,0.0,Intiser Rajoan Parash,1.0,1,0,0,0,0,2019-05-30 19:35:01,2019-05-30 19:35:01,Peripheral learner,,0
23701,0,1,0,1,0.00010101914977139124,0.00026423377715397106,0.0,0.0,1,3,0.0,PUrba,1.0,1,0,0,0,0,2019-06-12 10:41:08,2019-06-12 10:41:08,Peripheral learner,,0
23718,0,1,0,1,0.00010101914977139124,0.00026423377715397106,0.0,0.0,1,3,0.0,teim,3.0,1,0,0,0,0,2019-09-17 19:34:20,2019-09-17 19:34:20,Peripheral learner,,0
23727,0,2,0,2,0.00010101914977139124,0.0003112592241857146,1.2960927576711591e-05,0.0,2,3,0.0,Asmaa Abd_El3al,1.0,1,0,0,0,0,2019-06-16 13:50:59,2019-06-16 13:50:59,Peripheral learner,,0
23738,0,1,0,1,0.00010101914977139124,0.00026423377715397106,0.0,0.0,1,3,0.0,Usi The Storm,3.0,1,0,0,0,0,2019-06-18 09:14:03,2019-06-18 09:14:03,Peripheral learner,,0
23871,0,1,0,3,0.00010101914977139124,0.0002871523234186134,0.0,0.0,1,3,0.0,PRotella,1.0,1,0,0,2,0,2019-07-09 02:43:20,2019-07-09 12:09:53,Peripheral learner,,0
23963,0,1,0,2,0.00010101914977139124,0.00027569305028629225,0.0,0.0,1,3,0.0,akezd,3.0,1,0,0,1,0,2019-07-22 16:09:00,2019-07-22 16:28:48,Peripheral learner,,0
25637,0,1,0,6,0.00010101914977139124,0.00032153014281557696,0.0,0.0,1,3,0.0,mo_coder,11.0,5,0,0,10,0,2019-12-09 16:01:38,2020-02-25 04:23:38,Peripheral learner,,0
23967,0,1,0,2,0.00010101914977139124,0.00027569305028629225,0.0,0.0,1,3,0.0,AGF,1.0,1,0,0,1,0,2019-07-23 14:23:39,2019-07-24 11:19:35,Peripheral learner,,0
24009,0,2,0,4,0.00010101914977139124,0.0005020946590463591,0.001259480317978068,0.0,1,3,0.0,Nontro,23.0,1,1,0,3,2,2019-08-01 08:30:43,2019-08-03 10:31:12,Peripheral learner,1,1
24012,0,1,0,2,0.00010101914977139124,0.00027569305028629225,0.0,0.0,1,3,0.0,Abrehman20,11.0,1,0,0,1,0,2019-08-01 13:04:31,2019-08-03 05:32:42,Peripheral learner,,0
24018,0,1,0,1,0.00010101914977139124,0.00026423377715397106,0.0,0.0,1,3,0.0,iEarvin,3.0,1,0,0,1,0,2019-08-02 09:23:20,2019-08-02 12:12:43,Peripheral learner,,0
24051,0,1,0,1,0.00010101914977139124,0.00026423377715397106,0.0,0.0,1,3,0.0,JonahK,1.0,1,0,0,1,0,2019-08-08 08:32:20,2019-08-08 17:23:02,Peripheral learner,,0
24106,0,1,0,1,0.00010101914977139124,0.00026423377715397106,0.0,0.0,1,3,0.0,Nils R,3.0,1,0,0,0,0,2019-08-20 10:56:04,2019-08-20 10:56:04,Peripheral learner,,0
24134,0,1,0,1,0.00010101914977139124,0.00026423377715397106,0.0,0.0,1,3,0.0,jeffcnz,3.0,1,0,0,1,0,2019-08-24 06:04:27,2019-08-24 20:19:02,Peripheral learner,,0
24162,0,1,0,1,0.00010101914977139124,0.00026423377715397106,0.0,0.0,1,3,0.0,Ahmed Alaa,3.0,1,0,0,1,0,2019-08-29 15:47:22,2019-08-30 11:41:25,Peripheral learner,,0
24165,0,1,0,3,0.00010101914977139124,0.0002871523234186134,0.0,0.0,1,3,0.0,tomas-silveira,103.0,1,0,0,2,0,2019-08-30 13:10:03,2019-08-30 14:57:51,Peripheral learner,,0
24177,0,1,0,2,0.00010101914977139124,0.00027569305028629225,0.0,0.0,1,3,0.0,Pioneer,1.0,1,0,0,3,0,2019-09-01 11:28:24,2019-09-04 17:50:54,Peripheral learner,,0
24224,0,2,0,3,0.00010101914977139124,0.0004791761127817167,0.0003250259605399792,0.0,1,3,0.0,William Chan,11.0,1,0,0,1,0,2019-09-11 00:57:38,2019-09-11 15:02:21,Peripheral learner,,0
25289,0,1,0,1,0.00010101914977139124,0.00026423377715397106,0.0,0.0,1,3,0.0,asimov,1.0,1,0,0,0,0,2019-09-24 13:01:41,2019-09-24 13:01:41,Peripheral learner,,0
25302,0,1,0,3,0.00010101914977139124,0.0002871523234186134,0.0,0.0,1,3,0.0,Cori,1.0,1,0,0,3,0,2019-10-02 03:16:48,2019-10-02 23:38:46,Peripheral learner,,0
25340,0,1,0,1,0.00010101914977139124,0.00026423377715397106,0.0,0.0,1,3,0.0,Dohsure,13.0,1,0,0,1,0,2019-10-04 05:15:17,2019-10-04 15:49:34,Peripheral learner,,0
25363,0,1,0,2,0.00010101914977139124,0.00027569305028629225,0.0,0.0,1,3,0.0,jg123123123,3.0,1,0,0,2,0,2019-10-09 14:01:20,2019-10-11 14:48:19,Peripheral learner,,0
26011,0,1,0,1,0.00010101914977139124,0.00026423377715397106,0.0,0.0,1,3,0.0,Toni,1.0,1,0,0,2,0,2020-02-27 08:09:35,2020-02-28 23:19:28,Peripheral learner,,0
25459,0,2,0,3,0.00010101914977139124,0.0005230147314661611,1.21151933716835e-05,0.0,2,3,0.0,Kevin,1.0,3,0,0,1,0,2019-10-29 07:11:18,2019-12-17 06:02:55,Peripheral learner,,0
25499,0,1,0,1,0.00010101914977139124,0.00026423377715397106,0.0,0.0,1,3,0.0,chi.bui191,3.0,1,0,0,2,0,2019-11-04 14:58:33,2019-11-05 05:32:56,Peripheral learner,,0
25503,0,1,0,2,0.00010101914977139124,0.00027569305028629225,0.0,0.0,1,3,0.0,samia,3.0,1,0,0,1,0,2019-11-06 16:04:42,2019-11-06 18:17:13,Peripheral learner,,0
25529,0,1,0,1,0.00010101914977139124,0.00026423377715397106,0.0,0.0,1,3,0.0,fattydimsum,2.0,1,0,0,1,0,2019-11-11 23:32:56,2019-11-13 01:56:33,Peripheral learner,,0
25534,0,1,0,1,0.00010101914977139124,0.00026423377715397106,0.0,0.0,1,3,0.0,Juan Becerra,1.0,1,0,0,1,0,2019-11-12 21:25:26,2019-11-13 14:47:18,Peripheral learner,,0
25539,0,1,0,1,0.00010101914977139124,0.00026423377715397106,0.0,0.0,1,3,0.0,robmaci,3.0,1,0,0,1,0,2019-11-14 01:51:29,2019-11-15 19:24:14,Peripheral learner,,0
25554,0,1,0,1,0.00010101914977139124,0.00026423377715397106,0.0,0.0,1,3,0.0,kylekibet,3.0,1,0,0,1,0,2019-11-18 07:19:52,2019-11-18 14:29:26,Peripheral learner,,0
25559,0,1,0,2,0.00010101914977139124,0.00027569305028629225,0.0,0.0,1,3,0.0,juancopi81,3.0,1,0,0,2,0,2019-11-18 15:58:07,2019-11-19 13:52:37,Peripheral learner,,0
25579,0,2,0,2,0.00010101914977139124,0.0004791761127817167,0.0003250259605399792,0.0,1,3,0.0,Ryan,3.0,1,0,0,0,0,2019-11-21 21:35:08,2019-11-21 21:35:08,Peripheral learner,,0
25608,0,1,0,1,0.00010101914977139124,0.00026423377715397106,0.0,0.0,1,3,0.0,denelan,3.0,1,0,0,1,0,2019-12-05 14:31:54,2019-12-05 21:40:21,Peripheral learner,,0
25610,0,1,0,1,0.00010101914977139124,0.00026423377715397106,0.0,0.0,1,3,0.0,Daniel,3.0,1,0,0,1,0,2019-11-28 00:53:31,2019-11-28 19:05:25,Peripheral learner,,0
25621,0,1,0,1,0.00010101914977139124,0.00026423377715397106,0.0,0.0,1,3,0.0,Egill,3.0,1,0,0,1,0,2019-12-12 17:36:34,2019-12-13 12:03:20,Peripheral learner,,0
25624,0,1,0,2,0.00010101914977139124,0.00027569305028629225,0.0,0.0,1,3,0.0,Stefan T,3.0,1,0,0,2,0,2019-12-02 14:33:03,2019-12-02 15:44:26,Peripheral learner,,0
25627,0,1,0,1,0.00010101914977139124,0.00026423377715397106,0.0,0.0,1,3,0.0,lashem,1.0,1,1,0,1,0,2019-12-03 11:06:03,2019-12-04 20:52:38,Peripheral learner,6,1
25636,0,1,0,1,0.00010101914977139124,0.00026423377715397106,0.0,0.0,1,3,0.0,Jamesc13,1.0,1,0,0,0,0,2019-12-06 15:54:49,2019-12-06 15:54:49,Peripheral learner,,0
26232,0,1,0,1,0.00010101914977139124,0.00026423377715397106,0.0,0.0,1,3,0.0,Nagaraj G N,1.0,1,0,0,0,0,2020-03-27 09:16:44,2020-03-27 09:16:44,Peripheral learner,,0
25713,0,1,0,1,0.00010101914977139124,0.00026423377715397106,0.0,0.0,1,3,0.0,Jze,101.0,1,0,0,0,0,2020-01-20 15:56:46,2020-01-20 15:56:46,Peripheral learner,,0
25758,0,2,0,2,0.00010101914977139124,0.0004791761127817167,0.0003250048248317546,0.0,1,3,0.0,Daniel Campbell,11.0,1,0,0,0,0,2020-01-04 18:14:34,2020-01-04 18:14:34,Peripheral learner,,0
25762,0,2,0,2,0.00010101914977139124,0.0002974460032384562,0.0,1.0,2,13,0.5,Ros Fortaleza,3.0,1,0,0,3,0,2020-01-05 23:36:51,2020-01-06 13:50:20,Peripheral learner,,0
25775,0,1,0,1,0.00010101914977139124,0.00026423377715397106,0.0,0.0,1,3,0.0,blakewp,3.0,1,0,0,1,0,2020-01-07 18:08:27,2020-01-08 00:41:23,Peripheral learner,,0
25784,0,3,0,4,0.00010101914977139124,0.0009349097484670347,0.0004009547796325227,0.0,2,3,0.0,smajli,163.0,2,1,0,1,5,2020-01-20 15:27:33,2020-02-13 16:10:36,Peripheral learner,5,1
25785,0,1,0,2,0.00010101914977139124,0.00027569305028629225,0.0,0.0,1,3,0.0,MDAGLL,1.0,1,0,0,2,0,2020-01-10 10:44:46,2020-01-10 11:31:22,Peripheral learner,,0
25787,0,1,0,1,0.00010101914977139124,0.00026423377715397106,0.0,0.0,1,3,0.0,saije,3.0,1,0,0,0,0,2020-01-13 06:02:01,2020-01-13 06:02:01,Peripheral learner,,0
25795,0,1,0,1,0.00010101914977139124,0.00026423377715397106,0.0,0.0,1,3,0.0,PKiong,103.0,1,0,0,0,0,2020-01-13 05:04:21,2020-01-13 05:04:21,Peripheral learner,,0
25799,0,1,0,1,0.00010101914977139124,0.00026423377715397106,0.0,0.0,1,3,0.0,sjaakieplof2014,1.0,1,0,0,0,0,2020-01-27 15:21:55,2020-01-27 15:21:55,Peripheral learner,,0
25806,0,1,0,1,0.00010101914977139124,0.00026423377715397106,0.0,0.0,1,3,0.0,476596,1.0,1,0,0,0,0,2020-01-14 18:56:45,2020-01-14 18:56:45,Peripheral learner,,0
25821,0,1,0,1,0.00010101914977139124,0.00026423377715397106,0.0,0.0,1,3,0.0,Florestan Korp,103.0,1,0,0,0,0,2020-01-16 13:53:59,2020-01-16 13:53:59,Peripheral learner,,0
25878,0,1,0,1,0.00010101914977139124,0.00026423377715397106,0.0,0.0,1,3,0.0,The_MidNight,1.0,1,0,0,0,0,2020-01-28 06:44:03,2020-01-28 06:44:03,Peripheral learner,,0
25882,0,2,0,4,0.00010101914977139124,0.0005020946590463591,0.0003250259605399792,0.0,1,3,0.0,wf01,1.0,1,0,0,1,0,2020-01-29 14:31:19,2020-01-29 16:47:21,Peripheral learner,,0
25954,0,1,0,1,0.00010101914977139124,0.00026423377715397106,0.0,0.0,1,3,0.0,Closeupgamer,3.0,1,0,0,1,0,2020-02-12 01:07:09,2020-02-13 08:37:57,Peripheral learner,,0
25989,0,1,0,1,0.00010101914977139124,0.00026423377715397106,0.0,0.0,1,3,0.0,Teet Kalmus,1.0,1,0,0,0,0,2020-02-19 14:21:45,2020-02-19 14:21:45,Peripheral learner,,0
25748,0,1,0,2,0.00010101914977139124,0.0003191989561906201,0.0,0.0,1,13,0.0,Confused And Alone,2.0,1,0,0,2,0,2020-01-02 22:20:02,2020-01-03 02:35:21,Peripheral learner,,0
25766,0,1,0,1,0.00010101914977139124,0.000285986730106135,0.0,0.0,1,13,0.0,Dhirendra501,1.0,1,0,0,0,0,2020-01-06 15:33:21,2020-01-06 15:33:21,Peripheral learner,,0
26019,0,1,0,1,0.00010101914977139124,0.00026423377715397106,0.0,0.0,1,3,0.0,Aathish Bhagwandhin,3.0,1,0,0,0,0,2020-02-27 08:11:34,2020-02-27 08:11:34,Peripheral learner,,0
26022,0,1,0,2,0.00010101914977139124,0.00027569305028629225,0.0,0.0,1,3,0.0,ykwei,3.0,1,0,0,3,0,2020-02-27 14:03:32,2020-03-02 04:01:31,Peripheral learner,,0
26062,0,1,0,1,0.00010101914977139124,0.00026423377715397106,0.0,0.0,1,3,0.0,Aniket Thomas,103.0,1,0,0,0,0,2020-03-04 07:48:54,2020-03-04 07:48:54,Peripheral learner,,0
26065,0,1,0,1,0.00010101914977139124,0.00026423377715397106,0.0,0.0,1,3,0.0,Kajura Henry,1.0,1,0,0,0,0,2020-03-04 11:29:30,2020-03-04 11:29:30,Peripheral learner,,0
26072,0,2,0,4,0.00010101914977139124,0.0005020946590463591,0.0003250259605399792,0.0,1,3,0.0,Fra.9501,3.0,1,0,0,3,0,2020-03-05 16:57:30,2020-03-05 19:57:10,Peripheral learner,,0
26089,0,1,0,1,0.00010101914977139124,0.00026423377715397106,0.0,0.0,1,3,0.0,curious-me--,1.0,1,0,0,0,0,2020-03-09 08:58:21,2020-03-09 08:58:21,Peripheral learner,,0
26092,0,1,0,1,0.00010101914977139124,0.00026423377715397106,0.0,0.0,1,3,0.0,Nesomin,1.0,1,0,0,0,0,2020-03-10 03:51:59,2020-03-10 03:51:59,Peripheral learner,,0
26102,0,1,0,1,0.00010101914977139124,0.00026423377715397106,0.0,0.0,1,3,0.0,pkkirilov,1.0,1,0,0,0,0,2020-03-12 21:43:58,2020-03-12 21:43:58,Peripheral learner,,0
26119,0,1,0,1,0.00010101914977139124,0.00026423377715397106,0.0,0.0,1,3,0.0,invader.zimm,3.0,2,1,1,2,0,2020-03-16 02:53:53,2020-07-09 13:35:30,Peripheral learner,3,1
26130,0,1,0,2,0.00010101914977139124,0.00027569305028629225,0.0,0.0,1,3,0.0,drl,81.0,1,1,0,1,2,2020-03-17 16:10:58,2020-03-23 14:23:21,Peripheral learner,2,1
26143,0,1,0,1,0.00010101914977139124,0.00026423377715397106,0.0,0.0,1,3,0.0,YouriR,1.0,1,0,0,1,0,2020-03-19 21:32:58,2020-03-22 11:12:29,Peripheral learner,,0
26166,0,2,0,2,0.00010101914977139124,0.0003757212604576256,8.539255106694818e-06,0.0,2,3,0.5,keonhyuk,1.0,1,0,0,0,0,2020-03-22 18:37:43,2020-03-22 18:37:43,Peripheral learner,,0
26175,0,1,0,1,0.00010101914977139124,0.00026423377715397106,0.0,0.0,1,3,0.0,tmichal2,13.0,1,0,0,1,0,2020-03-23 20:33:02,2020-03-24 12:07:30,Peripheral learner,,0
32066,0,2,0,2,0.00010101914977139124,0.0002730616852705843,0.00010753921938427072,0.0,2,7,0.5,littlefish123,1.0,1,0,0,1,0,2021-03-17 22:19:21,2021-03-19 20:01:31,Peripheral learner,,0
32145,0,7,0,22,0.00010101914977139124,0.0004015714866016231,0.002311793533858067,0.3333333333333333,5,10,0.7755102040816326,Multiplify,117.0,13,2,1,12,0,2021-03-31 01:39:11,2021-05-17 13:14:55,Peripheral learner,9,2
26244,0,1,0,1,0.00010101914977139124,0.00026423377715397106,0.0,0.0,1,3,0.0,Pranav Nair,1.0,1,0,0,0,0,2020-03-28 09:59:08,2020-03-28 09:59:08,Peripheral learner,,0
27316,0,1,0,2,0.00010101914977139124,0.00027569305028629225,0.0,0.0,1,3,0.0,user8938481,1.0,1,0,0,1,0,2020-04-01 17:05:27,2020-04-02 08:34:31,Peripheral learner,,0
27474,0,4,0,4,0.00010101914977139124,0.0004737317186871375,0.0010033945127191843,0.0,4,4,0.625,Maya,5.0,2,0,0,0,0,2020-04-11 15:29:20,2020-04-21 13:19:56,Peripheral learner,,0
27920,0,1,0,1,0.00010101914977139124,0.00026423377715397106,0.0,0.0,1,3,0.0,Rob,3.0,1,0,0,0,0,2020-05-05 18:17:24,2020-05-05 18:17:24,Peripheral learner,,0
28718,0,1,0,1,0.00010101914977139124,0.00026423377715397106,0.0,0.0,1,3,0.0,xander,11.0,1,0,0,0,0,2020-06-14 12:39:51,2020-06-14 12:39:51,Peripheral learner,,0
29695,0,1,0,1,0.00010101914977139124,0.00026423377715397106,0.0,0.0,1,3,0.0,Winnie HO,1.0,1,0,0,0,0,2020-09-10 13:47:36,2020-09-10 13:47:36,Peripheral learner,,0
31338,0,1,0,1,0.00010101914977139124,0.0003075141668010317,0.0,0.0,1,3,0.0,Dhyey Patel,1.0,1,0,0,0,0,2021-05-17 06:35:20,2021-05-17 06:35:20,Peripheral learner,,0
32690,0,1,0,1,0.00010101914977139124,0.0003075141668010317,0.0,0.0,1,3,0.0,Thom OM,1.0,1,0,0,0,0,2021-06-13 20:31:22,2021-06-13 20:31:22,Peripheral learner,,0
23549,0,1,0,2,0.00010101914977139124,0.0004976221122245556,0.0,0.0,1,3,0.0,android_baby,111.0,1,0,0,1,0,2019-05-16 12:19:29,2019-05-20 14:55:28,Peripheral learner,,0
27996,0,1,0,1,0.00010101914977139124,0.0006421669724424547,0.0,0.0,1,1,0.0,hosam ahmed,1.0,1,0,0,2,0,2020-05-05 12:21:57,2020-05-07 04:41:14,Peripheral learner,,0
25722,0,1,0,1,0.00010101914977139124,0.000285986730106135,0.0,0.0,1,13,0.0,Foudouki,1.0,1,0,0,0,0,2019-12-27 09:27:16,2019-12-27 09:27:16,Peripheral learner,,0
25736,0,1,0,1,0.00010101914977139124,0.000285986730106135,0.0,0.0,1,13,0.0,Edward,3.0,1,1,0,1,0,2019-12-30 05:53:03,2019-12-31 02:30:11,Peripheral learner,13,1
10155,0,3,0,8,0.00010101914977139124,0.00039127202552171345,0.0,1.0,3,3,0.6666666666666667,BMavhungu,21.0,5,0,0,7,0,2019-11-02 09:05:30,2019-11-20 11:00:28,Peripheral learner,,0
17148,0,6,0,7,0.00010101914977139124,0.0004060529267810903,0.0012073634008439103,0.2,4,12,0.7777777777777777,richa sharma,22.0,5,1,1,1,1,2019-05-24 07:21:10,2020-06-04 03:31:58,Peripheral learner,1,1
25694,0,2,0,2,0.00010101914977139124,0.0007951910297762109,0.0003250048248317546,0.0,1,13,0.0,Reversed Engineer,101.0,1,0,0,1,0,2019-12-28 10:33:05,2020-01-02 11:20:24,Peripheral learner,,0
25417,0,2,0,2,0.00010101914977139124,0.0006826591752771412,0.0,0.0,1,36,0.0,Cheryl,11.0,1,0,0,0,0,2019-10-22 08:51:30,2019-10-22 08:51:30,Peripheral learner,,0
21304,0,2,0,2,0.00010101914977139124,0.0003735917895854964,4.070048254887299e-06,0.0,2,4,0.0,yash1506,3.0,1,1,1,0,0,2020-05-27 08:56:53,2020-06-03 05:52:23,Peripheral learner,0,1
28316,0,3,0,7,0.00010101914977139124,0.000299354427267265,5.2658169068890266e-05,0.0,3,4,0.0,Omar Zayed,1.0,1,0,0,9,0,2020-05-21 01:58:10,2020-05-22 17:44:01,Peripheral learner,,0
28373,0,2,0,2,0.00010101914977139124,0.00026640472746278877,0.0,1.0,2,4,0.5,Beesleuth,1.0,1,0,0,0,0,2020-05-24 10:22:01,2020-05-24 10:22:01,Peripheral learner,,0
28380,0,2,0,3,0.00010101914977139124,0.00028517204669657514,5.501378904515562e-06,0.0,2,4,0.0,LordAvocado,1.0,1,1,1,0,0,2020-05-24 16:36:58,2020-05-24 18:20:21,Peripheral learner,0,1
28419,0,1,0,1,0.00010101914977139124,0.0002556620989914858,0.0,0.0,1,4,0.0,HAI LIN,3.0,1,0,0,1,0,2020-05-26 13:10:45,2020-05-27 02:14:10,Peripheral learner,,0
28450,0,2,0,2,0.00010101914977139124,0.00026640472746278877,0.0,1.0,2,4,0.5,camptzak,1.0,1,0,0,1,0,2020-05-28 14:51:13,2020-05-28 15:06:57,Peripheral learner,,0
28458,0,1,0,2,0.00010101914977139124,0.00025854969396132174,0.0,0.0,1,4,0.0,dtcdtcdtcdt,3.0,1,0,0,1,0,2020-05-29 06:59:29,2020-05-30 02:09:51,Peripheral learner,,0
28465,0,1,0,1,0.00010101914977139124,0.0002556620989914858,0.0,0.0,1,4,0.0,Dave Clark,1.0,1,0,0,1,0,2020-05-29 18:13:36,2020-05-30 20:40:12,Peripheral learner,,0
28518,0,3,0,4,0.00010101914977139124,0.00027678208668759405,1.4934807713250221e-05,0.6666666666666666,3,4,0.4444444444444444,khoofiyabilli,1.0,1,0,0,3,0,2020-06-02 00:49:34,2020-06-03 06:15:36,Peripheral learner,,0
28566,0,3,0,3,0.00010101914977139124,0.00037062303106032797,0.00013620464554323775,0.0,2,4,0.0,Deniece-Ding,3.0,1,0,0,1,0,2020-06-04 07:59:53,2020-06-04 17:11:14,Peripheral learner,,0
28696,0,2,0,3,0.00010101914977139124,0.00047349202958906736,0.0003250048248317546,0.0,1,4,0.0,user28696,1.0,1,0,0,1,0,2020-06-13 03:20:04,2020-06-13 05:08:49,Peripheral learner,,0
28704,0,4,0,4,0.00010101914977139124,0.00039515061994802275,8.69266017241095e-06,0.0,3,8,0.375,ssshhhkkk,1.0,1,0,0,0,0,2020-06-13 13:49:55,2020-06-13 13:49:55,Peripheral learner,,0
28975,0,1,0,1,0.00010101914977139124,0.0002556620989914858,0.0,0.0,1,4,0.0,Shriever,1.0,1,1,0,0,0,2020-07-02 15:53:29,2020-07-03 12:14:59,Peripheral learner,1,1
28552,0,2,0,2,0.00010101914977139124,0.00047520660390436493,0.0003250048248317546,0.0,1,4,0.0,bloomsdayforever,101.0,2,0,0,2,0,2020-06-03 13:30:42,2020-06-13 19:23:47,Peripheral learner,,0
32221,0,5,0,9,0.00010101914977139124,0.00030616743126498855,0.0005938662268807584,0.5,4,0,0.7999999999999999,Steven George,9.0,5,1,1,4,0,2021-04-07 15:45:00,2021-04-16 07:24:23,Peripheral learner,1,1
32280,0,7,0,16,0.00010101914977139124,0.0006674303472260479,0.0019679939742747576,0.23809523809523808,4,10,0.6938775510204082,Code Maker,7.0,7,1,0,9,0,2021-04-22 15:00:41,2021-09-20 12:40:57,Peripheral learner,9,1
32294,0,2,0,3,0.00010101914977139124,0.0002873888961066414,0.0001031409556939538,0.0,2,5,0.5,Nightmare247,1.0,1,1,1,2,0,2021-04-19 12:24:32,2021-04-24 03:44:46,Peripheral learner,0,1
32304,0,1,0,1,0.00010101914977139124,0.00026696688067019063,0.0,0.0,1,5,0.0,edxeve,1.0,1,0,0,1,0,2021-04-20 17:35:04,2021-04-22 05:43:02,Peripheral learner,,0
32357,0,1,0,1,0.00010101914977139124,0.00026696688067019063,0.0,0.0,1,5,0.0,Hamed,3.0,1,0,0,1,0,2021-04-27 16:22:30,2021-04-28 05:34:20,Peripheral learner,,0
32520,0,1,0,1,0.00010101914977139124,0.00026696688067019063,0.0,0.0,1,5,0.0,Aditya,1.0,1,0,0,0,0,2021-06-12 16:34:06,2021-06-12 16:34:06,Peripheral learner,,0
32591,0,1,0,1,0.00010101914977139124,0.00026696688067019063,0.0,0.0,1,5,0.0,Samrat,3.0,1,0,0,0,0,2021-06-01 05:30:14,2021-06-01 05:30:14,Peripheral learner,,0
32689,0,1,0,1,0.00010101914977139124,0.00026696688067019063,0.0,0.0,1,5,0.0,srushti mund,3.0,1,0,0,0,0,2021-06-13 16:04:06,2021-06-13 16:04:06,Peripheral learner,,0
32729,0,5,0,13,0.00010101914977139124,0.0005321616165437517,0.0006151824745632158,0.4,4,1,0.72,Lperino,14.0,11,3,0,8,0,2021-06-19 07:48:49,2021-10-26 09:13:06,Peripheral learner,1,3
32889,0,2,0,2,0.00010101914977139124,0.0003744380484840634,8.958339407168294e-06,0.0,2,5,0.0,Julia Velloso,1.0,1,0,0,1,0,2021-07-15 19:01:33,2021-07-16 14:54:06,Peripheral learner,,0
28733,0,1,0,1,0.00010101914977139124,0.0002574849588985157,0.0,0.0,1,0,0.0,Melt Gibsont,3.0,1,0,0,1,0,2020-06-15 06:28:58,2020-06-15 06:40:07,Peripheral learner,,0
28736,0,1,0,1,0.00010101914977139124,0.0002574849588985157,0.0,0.0,1,0,0.0,Nelson Stewart-Johnson,3.0,1,0,0,0,0,2020-06-15 16:49:38,2020-06-15 16:49:38,Peripheral learner,,0
28767,0,1,0,1,0.00010101914977139124,0.0002574849588985157,0.0,0.0,1,0,0.0,HackeR73,3.0,1,0,0,1,0,2020-06-17 17:54:21,2020-06-18 11:00:01,Peripheral learner,,0
32576,0,1,0,1,0.00010101914977139124,0.0002615991473056665,0.0,0.0,1,10,0.0,Valentina Rivas,1.0,1,0,0,0,0,2021-05-29 03:06:59,2021-05-29 03:06:59,Peripheral learner,,0
35009,0,2,0,2,0.00010101914977139124,0.00047654148293341215,0.0003250259605399792,0.0,1,10,0.0,Nikki,1.0,2,1,0,0,0,2022-01-12 04:18:44,2022-01-19 03:50:20,Peripheral learner,0,1
17323,0,1,0,1,0.00010101914977139124,0.0002574849588985157,0.0,0.0,1,0,0.0,BruceM,103.0,1,0,0,0,0,2021-08-14 18:26:58,2021-08-14 18:26:58,Peripheral learner,,0
19863,0,9,0,19,0.00010101914977139124,0.0009756380868301632,0.002260466433632197,0.19444444444444445,5,8,0.5185185185185186,Pot Noodle,36.0,9,2,2,11,1,2020-06-05 20:57:52,2021-02-04 22:24:42,Peripheral learner,7,2
22265,0,1,0,1,0.00010101914977139124,0.0002574849588985157,0.0,0.0,1,0,0.0,Jelmer den Hertog,13.0,1,0,0,1,0,2023-04-07 13:13:35,2023-04-17 14:35:52,Peripheral learner,,0
23235,0,2,0,7,0.00010101914977139124,0.00029249650641516577,0.0,1.0,2,0,0.5,wolfbagel,115.0,3,0,0,7,0,2019-06-06 21:21:51,2019-09-29 20:21:31,Peripheral learner,,0
23346,0,2,0,3,0.00010101914977139124,0.000280403505163158,0.0,1.0,2,3,0.5,Antwan Samir,7.0,2,0,0,4,0,2019-06-11 13:32:20,2019-06-28 20:08:21,Peripheral learner,,0
23428,0,3,0,13,0.00010101914977139124,0.0003632676286020015,0.00023453033060956286,0.6666666666666666,3,3,0.6666666666666667,KayO133,33.0,9,2,0,7,0,2019-05-14 09:21:35,2019-12-21 10:31:50,Peripheral learner,17,2
23472,0,2,0,3,0.00010101914977139124,0.00026453920122097385,0.0,1.0,2,1,0.5,reem,7.0,2,0,0,0,0,2019-05-23 23:01:34,2019-05-30 11:38:49,Peripheral learner,,0
23500,0,1,0,1,0.00010101914977139124,0.0002574849588985157,0.0,0.0,1,0,0.0,Krdz,3.0,1,0,0,0,0,2019-10-15 03:30:41,2019-10-15 03:30:41,Peripheral learner,,0
23534,0,1,0,1,0.00010101914977139124,0.0002574849588985157,0.0,0.0,1,0,0.0,Optimus ,7.0,1,0,0,0,0,2019-05-13 14:39:44,2019-05-13 14:39:44,Peripheral learner,,0
23544,0,2,0,2,0.00010101914977139124,0.00026894423203083684,0.0,1.0,2,3,0.5,jsyf,23.0,2,0,0,1,0,2019-05-23 04:27:43,2019-05-23 10:50:00,Peripheral learner,,0
34002,0,5,0,14,0.00010101914977139124,0.0004166857976789049,0.00033832699594348227,0.4,4,1,0.72,General Noob,53.0,10,2,0,12,0,2021-08-05 23:24:28,2022-03-08 22:24:39,Peripheral learner,15,2
34036,0,2,0,2,0.00010101914977139124,0.0002730616852705843,0.00010753921938427072,0.0,2,7,0.5,Valentin,11.0,1,0,0,2,0,2021-08-12 19:17:30,2021-08-13 07:18:08,Peripheral learner,,0
28737,0,1,0,3,0.00010101914977139124,0.00026143728893115764,0.0,0.0,1,4,0.0,Elvinas Didika,1.0,1,0,0,3,0,2020-06-15 17:08:00,2020-06-16 15:15:18,Peripheral learner,,0
28754,0,1,0,2,0.00010101914977139124,0.00025854969396132174,0.0,0.0,1,4,0.0,Aladin Oliver Yu,3.0,1,0,0,1,0,2020-06-17 07:50:54,2020-06-20 12:28:32,Peripheral learner,,0
35404,0,1,0,3,0.00010101914977139124,0.0002792484338736997,0.0,0.0,1,10,0.0,MOHAMAD IBRAHIM,11.0,1,0,0,2,0,2022-03-15 15:34:57,2022-04-10 19:40:43,Peripheral learner,,0
35410,0,1,0,1,0.00010101914977139124,0.0002615991473056665,0.0,0.0,1,10,0.0,Newbie86,1.0,1,0,0,0,0,2022-03-16 21:39:54,2022-03-16 21:39:54,Peripheral learner,,0
35472,0,1,0,2,0.00010101914977139124,0.0002704237905896831,0.0,0.0,1,10,0.0,Atmane Lee,1.0,1,0,0,1,0,2022-03-26 14:33:51,2022-04-13 16:35:05,Peripheral learner,,0
29010,0,1,0,1,0.00010101914977139124,0.00046771683964939555,0.0,0.0,1,56,0.0,Brihu Sundararaman,11.0,1,0,0,0,0,2020-07-04 20:18:36,2020-07-04 20:18:36,Peripheral learner,,0
28523,0,2,0,2,0.00010101914977139124,0.0006958505869897167,0.0012585669781931463,0.0,1,6,0.0,Victor Garrido Solis,1.0,1,0,0,2,0,2020-06-06 17:53:27,2020-06-07 21:29:25,Peripheral learner,,0
23656,0,3,0,3,0.00010101914977139124,0.001080373960414615,1.3859480803059897e-06,0.0,1,22,0.0,flintEastvood,31.0,1,0,0,0,0,2019-06-08 16:42:21,2019-06-08 16:42:21,Peripheral learner,,0
23942,0,1,0,1,0.00010101914977139124,0.0003829349527613967,0.0,0.0,1,3,0.0,Prashant Kumar,1.0,1,0,0,1,0,2019-07-19 14:54:48,2019-07-20 07:41:29,Peripheral learner,,0
23804,0,1,0,1,0.00010101914977139124,0.00046771683964939555,0.0,0.0,1,57,0.0,Hassan Abdelazeam,3.0,1,0,0,1,0,2019-07-13 00:11:10,2019-07-13 19:46:16,Peripheral learner,,0
23334,0,4,0,4,0.00010101914977139124,0.0007344722856867069,0.0025512265637135842,0.0,2,11,0.375,jing wei,23.0,1,0,0,0,0,2020-02-23 18:35:18,2020-02-23 18:35:18,Peripheral learner,,0
29032,0,2,0,2,0.00010101914977139124,0.00028592788631872507,5.890279341300456e-06,0.0,2,0,0.5,Ralph,13.0,2,0,0,1,0,2020-08-21 20:26:05,2021-05-22 16:17:44,Peripheral learner,,0
32316,0,1,0,3,0.00010101914977139124,0.0002792484338736997,0.0,0.0,1,10,0.0,tabacool,3.0,2,0,0,1,0,2021-04-22 09:49:42,2021-05-05 10:28:07,Peripheral learner,,0
32335,0,2,0,3,0.00010101914977139124,0.00027405842488148675,2.50195718986635e-05,0.0,2,7,0.5,10forever,1.0,1,0,0,1,0,2021-04-25 18:59:47,2021-04-25 19:48:56,Peripheral learner,,0
32567,0,1,0,1,0.00010101914977139124,0.0002615991473056665,0.0,0.0,1,10,0.0,T.Y,1.0,1,0,0,0,0,2021-05-28 04:27:32,2021-05-28 04:27:32,Peripheral learner,,0
25675,0,1,0,2,0.00010101914977139124,0.0003292652049832418,0.0,0.0,1,1,0.0,Gilby reyes,3.0,2,0,0,1,0,2019-12-17 06:29:44,2019-12-18 08:30:17,Peripheral learner,,0
25683,0,1,0,3,0.00010101914977139124,0.00036751055546403776,0.0,0.0,1,1,0.0,Afonso,11.0,1,0,0,1,0,2019-12-18 16:38:52,2019-12-19 00:15:24,Peripheral learner,,0
25941,0,1,0,1,0.00010101914977139124,0.00029101985450244585,0.0,0.0,1,1,0.0,haowei,3.0,1,0,0,0,0,2020-02-10 16:30:32,2020-02-10 16:30:32,Peripheral learner,,0
27722,0,1,0,1,0.00010101914977139124,0.00029101985450244585,0.0,0.0,1,1,0.0,Francois Louw,3.0,1,0,0,1,0,2020-04-27 13:12:49,2020-04-30 06:51:49,Peripheral learner,,0
35028,0,2,0,3,0.00010101914977139124,0.00048536612621742875,0.0003250048248317546,0.0,1,10,0.0,Nik,1.0,1,0,0,2,0,2022-01-14 17:40:54,2022-01-15 10:11:24,Peripheral learner,,0
35032,0,3,0,4,0.00010101914977139124,0.00037516799026030435,1.8851133290385625e-05,0.3333333333333333,3,10,0.0,Patsy Lin,11.0,2,0,0,2,0,2022-01-15 02:51:32,2022-01-18 19:25:15,Peripheral learner,,0
35106,0,2,0,2,0.00010101914977139124,0.0003233548798507386,0.0,1.0,2,10,0.0,Miloš Nenadić,33.0,1,0,0,1,0,2022-01-27 19:11:26,2022-01-28 11:51:36,Peripheral learner,,0
35108,0,1,0,2,0.00010101914977139124,0.0002704237905896831,0.0,0.0,1,10,0.0,CAM_etal,13.0,1,0,0,3,0,2022-01-27 23:08:00,2022-01-28 10:51:31,Peripheral learner,,0
35156,0,3,0,3,0.00010101914977139124,0.0006914838185611578,0.0006500096496635092,0.0,1,10,0.0,cregg ,1.0,1,0,0,0,0,2022-02-04 17:32:56,2022-02-04 17:32:56,Peripheral learner,,0
35173,0,1,0,2,0.00010101914977139124,0.0002704237905896831,0.0,0.0,1,10,0.0,H_R,101.0,1,0,0,1,0,2022-02-07 15:14:00,2022-02-09 15:16:58,Peripheral learner,,0
35178,0,1,0,1,0.00010101914977139124,0.0002615991473056665,0.0,0.0,1,10,0.0,Lychas,101.0,1,0,0,0,0,2022-02-08 02:38:28,2022-02-08 02:38:28,Peripheral learner,,0
35204,0,1,0,1,0.00010101914977139124,0.0002615991473056665,0.0,0.0,1,10,0.0,adxyadxy,13.0,1,0,0,2,0,2022-02-11 04:18:41,2022-02-11 17:34:12,Peripheral learner,,0
35212,0,1,0,1,0.00010101914977139124,0.0002615991473056665,0.0,0.0,1,10,0.0,BintAmun,1.0,1,0,0,1,0,2022-02-13 21:54:52,2022-02-14 17:51:20,Peripheral learner,,0
35213,0,1,0,1,0.00010101914977139124,0.0002615991473056665,0.0,0.0,1,10,0.0,None._,1.0,1,0,0,0,0,2022-02-13 23:19:59,2022-02-13 23:19:59,Peripheral learner,,0
35260,0,2,0,2,0.00010101914977139124,0.00047654148293341215,0.0003250048248317546,0.0,1,10,0.0,mandle565,1.0,1,0,0,0,0,2022-02-22 12:06:26,2022-02-22 12:06:26,Peripheral learner,,0
27760,0,2,0,4,0.00010101914977139124,0.0002726333938308138,9.499656625321824e-06,0.0,2,8,0.0,Alex Shevchenko,11.0,1,0,0,0,0,2020-05-17 11:16:52,2020-05-17 11:16:52,Peripheral learner,,0
28432,0,2,0,2,0.00010101914977139124,0.00026428295323789803,2.575242585084705e-05,0.0,2,8,0.5,Khas Tricks,11.0,1,0,0,0,0,2020-05-27 18:13:48,2020-05-27 18:13:48,Peripheral learner,,0
28778,0,1,0,2,0.00010101914977139124,0.00026081187394420743,0.0,0.0,1,8,0.0,JFTrees,25.0,2,1,0,0,0,2020-06-18 08:01:47,2020-06-23 02:40:50,Peripheral learner,5,1
28789,0,2,0,3,0.00010101914977139124,0.000272398858833584,9.509165791112938e-06,0.0,2,8,0.0,Max Lunifeld,3.0,1,0,0,1,0,2020-06-18 19:28:20,2020-06-18 22:06:08,Peripheral learner,,0
28838,0,1,0,1,0.00010101914977139124,0.00025679318898292865,0.0,0.0,1,8,0.0,Izzy,13.0,1,0,0,0,0,2020-06-22 10:47:42,2020-06-22 10:47:42,Peripheral learner,,0
28918,0,1,0,1,0.00010101914977139124,0.00025679318898292865,0.0,0.0,1,8,0.0,prasadpradyumna,11.0,1,0,0,0,0,2020-06-28 10:40:12,2020-06-28 10:40:12,Peripheral learner,,0
29022,0,2,0,2,0.00010101914977139124,0.00026428295323789803,2.575242585084705e-05,0.0,2,8,0.5,Aaron Shotwell,11.0,2,0,0,0,0,2020-07-05 22:31:24,2020-08-10 05:02:44,Peripheral learner,,0
29104,0,1,0,4,0.00010101914977139124,0.00026884924386676493,0.0,0.0,1,8,0.0,Yeop Huen Yeo,3.0,1,0,0,2,0,2020-07-13 08:46:33,2020-07-15 05:17:10,Peripheral learner,,0
24159,0,2,0,2,0.00010101914977139124,0.0006988277593183316,0.0003250259605399792,0.0,1,5,0.0,fabrizzio_gz,111.0,1,0,0,1,0,2019-08-28 19:17:42,2020-03-23 23:59:17,Peripheral learner,,0
25380,0,1,0,1,0.00010101914977139124,0.00048765368803283557,0.0,0.0,1,3,0.0,Simon Rowe,3.0,1,0,0,2,0,2019-10-13 11:27:50,2019-10-20 15:33:22,Peripheral learner,,0
25364,0,1,0,1,0.00010101914977139124,0.00046771683964939555,0.0,0.0,1,58,0.0,Joe Guernaccini,11.0,1,0,0,0,0,2019-10-09 13:24:29,2019-10-09 13:24:29,Peripheral learner,,0
25596,0,2,0,4,0.00010101914977139124,0.0004159772031516342,0.0,1.0,2,13,0.5,Hernan Garzon,3.0,1,0,0,5,0,2019-11-25 14:26:59,2019-11-28 13:05:12,Peripheral learner,,0
31574,0,2,0,4,0.00010101914977139124,0.0003014464385676657,0.00010743168016488644,0.0,2,5,0.5,logan,1.0,1,0,0,2,0,2021-01-04 09:36:30,2021-01-28 12:17:53,Peripheral learner,,0
31614,0,3,0,4,0.00010101914977139124,0.00028476375146395177,0.0,1.0,3,1,0.6666666666666667,Drey',7.0,3,0,0,4,0,2021-01-08 21:15:05,2021-05-16 06:32:48,Peripheral learner,,0
31660,0,4,0,7,0.00010101914977139124,0.0002942472922236399,0.0002901565140232355,0.6666666666666666,4,0,0.75,WhatEvenIsCoding,19.0,6,0,0,3,0,2021-01-15 20:04:28,2021-09-09 07:04:12,Peripheral learner,,0
31716,0,6,0,14,0.00010101914977139124,0.0003651337178472592,0.0009226533198459918,0.6,5,6,0.7777777777777777,Arsham,27.0,10,0,0,14,0,2021-01-28 04:53:56,2021-04-04 02:49:34,Peripheral learner,,0
31748,0,1,0,1,0.00010101914977139124,0.00026696688067019063,0.0,0.0,1,5,0.0,FWI,1.0,1,0,0,0,0,2021-01-27 23:46:48,2021-01-27 23:46:48,Peripheral learner,,0
31761,0,1,0,1,0.00010101914977139124,0.00026696688067019063,0.0,0.0,1,5,0.0,Jay Leimer,1.0,1,0,0,0,0,2021-01-28 19:33:05,2021-01-28 19:33:05,Peripheral learner,,0
31790,0,2,0,4,0.00010101914977139124,0.0002775482441538779,0.0,1.0,2,1,0.5,MrTxo,3.0,1,0,0,4,0,2021-02-01 21:31:10,2021-02-05 18:01:19,Peripheral learner,,0
28655,0,5,0,14,0.00010101914977139124,0.0007818736868860061,0.002327571670758265,0.0,2,0,0.72,Aarti,35.0,6,0,0,10,0,2020-06-10 03:59:44,2020-07-13 00:46:21,Peripheral learner,,0
28657,0,2,0,8,0.00010101914977139124,0.0002892748093209395,0.0,1.0,2,0,0.5,gregory,17.0,3,1,0,7,0,2020-06-10 15:27:47,2020-07-15 15:38:11,Peripheral learner,8,1
25413,0,1,0,1,0.00010101914977139124,0.00029613050310584607,0.0,0.0,1,13,0.0,furkant,1.0,1,0,0,0,0,2019-10-21 15:33:49,2019-10-21 15:33:49,Peripheral learner,,0
29044,0,1,0,1,0.00010101914977139124,0.0011112923746712147,0.0,0.0,1,13,0.0,omgbeandip,1.0,1,0,0,0,0,2020-07-07 21:00:58,2020-07-07 21:00:58,Peripheral learner,,0
34013,0,2,0,3,0.00010101914977139124,0.0004771377494031271,0.0003250259605399792,0.0,1,0,0.0,xinyis348,23.0,1,0,0,2,0,2021-08-08 00:51:40,2021-08-08 01:43:29,Peripheral learner,,0
34034,0,2,0,2,0.00010101914977139124,0.0002610120800597448,0.0,1.0,2,1,0.5,waled noaman,11.0,1,0,0,0,0,2021-08-12 13:38:32,2021-08-12 13:38:32,Peripheral learner,,0
34038,0,1,0,1,0.00010101914977139124,0.0002574849588985157,0.0,0.0,1,0,0.0,Roshan Barnwal,1.0,1,0,0,0,0,2022-05-14 09:52:40,2022-05-14 09:52:40,Peripheral learner,,0
34054,0,3,0,4,0.00010101914977139124,0.000364190961803317,8.92840442501041e-05,0.6666666666666666,3,7,0.4444444444444444,lalsez,5.0,2,0,0,4,0,2021-08-16 12:51:27,2021-08-19 09:35:12,Peripheral learner,,0
34058,0,2,0,3,0.00010101914977139124,0.00026572253493661055,0.0,1.0,2,0,0.5,Guilherme H,3.0,2,0,0,1,0,2021-08-16 21:43:39,2021-12-08 17:32:53,Peripheral learner,,0
34777,0,1,0,1,0.00010101914977139124,0.0002574849588985157,0.0,0.0,1,0,0.0,Francisco Azocar,1.0,1,0,0,0,0,2021-12-08 22:02:12,2021-12-08 22:02:12,Peripheral learner,,0
34793,0,2,0,2,0.00010101914977139124,0.0002643393439663132,0.0005126637011102898,0.0,2,2,0.5,Edward,3.0,2,0,0,0,0,2024-02-10 04:54:16,2024-10-20 12:26:37,Peripheral learner,,0
34829,0,2,0,2,0.00010101914977139124,0.0002610120800597448,0.0,1.0,2,1,0.5,Nicholas Dalman,1.0,2,0,0,0,0,2021-12-19 06:11:41,2022-01-12 01:29:26,Peripheral learner,,0
34850,0,2,0,2,0.00010101914977139124,0.0002610120800597448,0.0,1.0,2,1,0.5,luna,1.0,2,0,0,1,0,2021-12-22 15:55:41,2021-12-29 17:31:59,Peripheral learner,,0
34869,0,1,0,1,0.00010101914977139124,0.0002574849588985157,0.0,0.0,1,0,0.0,Kiyaga Alecks Clay,1.0,1,0,0,0,0,2021-12-25 16:00:03,2021-12-25 16:00:03,Peripheral learner,,0
34903,0,1,0,1,0.00010101914977139124,0.0002574849588985157,0.0,0.0,1,0,0.0,aymencd,3.0,1,0,0,1,0,2021-12-29 07:08:33,2021-12-30 03:24:33,Peripheral learner,,0
34923,0,3,0,3,0.00010101914977139124,0.000293250193957723,0.0,1.0,3,7,0.6666666666666667,Dayan Mehrani,1.0,2,0,0,0,0,2022-01-01 19:00:08,2022-01-04 07:46:10,Peripheral learner,,0
34996,0,1,0,1,0.00010101914977139124,0.0002574849588985157,0.0,0.0,1,0,0.0,Claire,3.0,1,0,0,1,0,2022-01-11 03:48:07,2022-01-11 09:59:49,Peripheral learner,,0
35048,0,3,0,6,0.00010101914977139124,0.0002880822763815095,0.0006047234870046262,0.6666666666666666,3,10,0.6666666666666667,Calvin Lee,11.0,2,0,0,3,0,2022-01-17 19:36:29,2022-01-29 21:59:42,Peripheral learner,,0
34300,0,2,0,3,0.00010101914977139124,0.0003368693863592949,0.0,1.0,2,1,0.5,echothat,3.0,2,0,0,1,0,2021-09-25 02:33:07,2021-10-06 03:42:57,Peripheral learner,,0
34314,0,2,0,2,0.00010101914977139124,0.00029717717262890523,0.0,1.0,2,1,0.5,Mohamed Al-sarf,3.0,1,0,0,1,0,2021-09-25 13:46:16,2021-09-25 20:31:27,Peripheral learner,,0
29257,0,1,0,1,0.00010101914977139124,0.0003397223230801145,0.0,0.0,1,13,0.0,SMJ,11.0,1,0,0,0,0,2020-07-25 23:01:40,2020-07-25 23:01:40,Peripheral learner,,0
29269,0,1,0,2,0.00010101914977139124,0.0004266701421385791,0.0,0.0,1,13,0.0,ecco,3.0,1,0,0,1,0,2020-07-26 21:55:51,2020-07-27 11:08:27,Peripheral learner,,0
25690,0,1,0,1,0.00010101914977139124,0.00035220320030601823,0.0,0.0,1,13,0.0,Minyan,1.0,1,0,0,0,0,2019-12-20 15:31:59,2019-12-20 15:31:59,Peripheral learner,,0
28716,0,1,0,1,0.00010101914977139124,0.0002574849588985157,0.0,0.0,1,0,0.0,Chris Causey,3.0,1,0,0,1,0,2020-07-03 11:32:38,2020-07-04 12:39:06,Peripheral learner,,0
28722,0,4,0,7,0.00010101914977139124,0.0003531570398860643,2.9218906076393724e-05,0.5,3,4,0.625,Daryl,3.0,4,0,0,4,0,2020-06-14 15:32:41,2020-06-25 04:06:24,Peripheral learner,,0
28723,0,4,0,4,0.00010101914977139124,0.0002959878031345434,0.00012639111282078454,0.6666666666666666,4,0,0.625,Leoness,3.0,3,0,0,2,0,2020-06-14 16:00:54,2020-09-15 19:20:44,Peripheral learner,,0
31906,0,1,0,1,0.00010101914977139124,0.00026696688067019063,0.0,0.0,1,5,0.0,SeGue,1.0,1,0,0,1,0,2021-02-20 01:57:04,2021-02-20 22:12:51,Peripheral learner,,0
31998,0,2,0,3,0.00010101914977139124,0.0002846863784799604,0.0,1.0,2,5,0.5,mrseri,3.0,1,0,0,0,0,2021-03-07 02:46:25,2021-03-07 02:46:25,Peripheral learner,,0
29220,0,1,0,4,0.00010101914977139124,0.00026884924386676493,0.0,0.0,1,8,0.0,leeetthad,1.0,1,0,0,3,0,2020-07-22 08:13:17,2020-07-22 11:06:59,Peripheral learner,,0
26183,0,1,0,1,0.00010101914977139124,0.0003395910295906999,0.0,0.0,1,3,0.0,l3hargav,1.0,1,0,0,2,0,2020-03-24 14:03:30,2020-03-24 14:06:30,Peripheral learner,,0
25778,0,1,0,1,0.00010101914977139124,0.00046771683964939555,0.0,0.0,1,59,0.0,rajarshc,3.0,1,0,0,1,0,2020-01-08 00:21:07,2020-01-08 03:00:19,Peripheral learner,,0
29177,0,1,0,6,0.00010101914977139124,0.0002768866137893225,0.0,0.0,1,8,0.0,Disierd,13.0,1,0,0,3,0,2020-07-19 04:57:01,2020-07-19 18:53:18,Peripheral learner,,0
29180,0,1,0,10,0.00010101914977139124,0.0002929613536344376,0.0,0.0,1,8,0.0,Vidhi Shah,1.0,1,0,0,4,0,2020-07-19 10:14:56,2020-07-19 19:11:05,Peripheral learner,,0
31337,0,1,0,1,0.00010101914977139124,0.00026696688067019063,0.0,0.0,1,5,0.0,Samarth,3.0,1,0,0,1,0,2020-12-05 23:10:58,2020-12-06 20:02:01,Peripheral learner,,0
31421,0,2,0,2,0.00010101914977139124,0.00027770950914149357,0.0,1.0,2,6,0.5,srikar amirneni,5.0,2,0,0,0,0,2021-01-01 14:13:00,2021-03-12 08:05:23,Peripheral learner,,0
31501,0,4,0,6,0.00010101914977139124,0.0004603044805366951,0.0009455427545861916,0.16666666666666666,2,11,0.625,Mark Giraffe,1.0,3,1,1,3,0,2020-12-29 06:26:26,2021-02-12 08:28:57,Peripheral learner,11,1
31512,0,2,0,2,0.00010101914977139124,0.00027350421235690446,0.00029531289752439204,0.0,2,6,0.5,James Rosen,13.0,2,0,0,1,0,2020-12-29 19:44:14,2021-01-16 00:10:28,Peripheral learner,,0
25357,0,2,0,2,0.00010101914977139124,0.001322362748561189,0.0019072343371408789,0.0,1,17,0.0,Blessing ,21.0,1,0,0,0,0,2019-10-08 13:17:08,2019-10-08 13:17:08,Peripheral learner,,0
26042,0,1,0,1,0.00010101914977139124,0.00046771683964939555,0.0,0.0,1,61,0.0,yoyohoho,1.0,1,1,1,1,0,2020-03-01 12:55:02,2020-03-02 11:40:53,Peripheral learner,2,1
27363,0,2,0,2,0.00010101914977139124,0.0008530973596933677,0.001259480317978068,0.0,1,1,0.0,auron98,11.0,1,0,0,1,0,2020-04-05 03:36:35,2020-05-19 08:27:58,Peripheral learner,,0
7214,0,1,0,1,0.00010101914977139124,0.00034607681444786826,0.0,0.0,1,21,0.0,VAPORAS,3.0,1,0,0,0,0,2019-10-06 20:38:41,2019-10-06 20:38:41,Peripheral learner,,0
26163,0,2,0,3,0.00010101914977139124,0.000446868889129056,3.276343766997973e-05,0.0,2,21,0.5,NicoEF123,3.0,2,0,0,2,0,2020-03-22 11:28:09,2020-04-13 11:17:58,Peripheral learner,,0
35830,0,1,0,1,0.00010101914977139124,0.00046771683964939555,0.0,0.0,1,62,0.0,user2654920,1.0,1,0,0,1,0,2022-05-23 03:01:23,2022-06-21 21:01:11,Peripheral learner,,0
31965,0,1,0,1,0.00010101914977139124,0.0003270994928907529,0.0,0.0,1,10,0.0,Jerome Ibañez,1.0,1,1,0,1,0,2021-03-02 10:18:29,2021-04-23 09:42:56,Peripheral learner,17,1
28661,0,1,0,2,0.00010101914977139124,0.0002621954137753815,0.0,0.0,1,0,0.0,user3853194,3.0,1,0,0,1,0,2022-02-21 02:17:19,2022-02-21 18:14:41,Peripheral learner,,0
28664,0,9,0,16,0.00010101914977139124,0.0008049879412087014,0.0037356248077572134,0.19444444444444445,5,8,0.7160493827160495,Olhuwhorlhey,15.0,6,2,1,8,1,2020-06-11 05:57:33,2021-01-07 10:59:13,Peripheral learner,8,2
28665,0,4,0,5,0.00010101914977139124,0.0004902241653200225,0.0012585669781931467,0.5,3,1,0.625,Exodus Joel,3.0,3,0,0,3,0,2020-06-14 17:28:24,2020-06-26 07:22:15,Peripheral learner,,0
28674,0,2,0,2,0.00010101914977139124,0.0004783512390152605,0.0,1.0,2,11,0.5,c264pit,1.0,1,0,0,0,0,2020-06-11 17:47:38,2020-06-11 17:47:38,Peripheral learner,,0
28681,0,1,0,1,0.00010101914977139124,0.0002574849588985157,0.0,0.0,1,0,0.0,Tisha Rajput,1.0,1,0,0,0,0,2020-06-11 23:28:20,2020-06-11 23:28:20,Peripheral learner,,0
28691,0,5,0,6,0.00010101914977139124,0.0003239566940590932,0.0004773396288004017,0.4,5,4,0.5599999999999999,soong,5.0,2,0,0,3,0,2020-06-12 16:50:25,2021-04-08 13:05:45,Peripheral learner,,0
25994,0,2,0,4,0.00010101914977139124,0.0007015996348214627,3.461405330564209e-07,0.0,2,4,0.0,Advitiay Anand,1.0,1,0,0,2,0,2020-02-21 18:09:22,2020-03-28 18:18:28,Peripheral learner,,0
26037,0,2,0,2,0.00010101914977139124,0.00037239042454449874,6.598337816367893e-05,0.0,2,8,0.5,SW Y,1.0,1,0,0,0,0,2020-03-28 09:47:56,2020-03-28 09:47:56,Peripheral learner,,0
26247,0,1,0,3,0.00010101914977139124,0.00029866467153751226,0.0,0.0,1,14,0.0,mylifeasjas,13.0,1,0,0,3,0,2020-03-28 13:06:40,2020-03-29 16:49:32,Peripheral learner,,0
27255,0,1,0,1,0.00010101914977139124,0.00026807122652693733,0.0,0.0,1,14,0.0,Shushank Chaudhary,1.0,1,0,0,0,0,2020-03-29 09:25:05,2020-03-29 09:25:05,Peripheral learner,,0
27272,0,1,0,1,0.00010101914977139124,0.00026807122652693733,0.0,0.0,1,14,0.0,Raquel,1.0,1,0,0,0,0,2020-03-29 22:00:07,2020-03-29 22:00:07,Peripheral learner,,0
27274,0,1,0,1,0.00010101914977139124,0.00026807122652693733,0.0,0.0,1,14,0.0,Mac Bell,1.0,1,0,0,0,0,2020-03-29 23:57:52,2020-03-29 23:57:52,Peripheral learner,,0
27276,0,1,0,1,0.00010101914977139124,0.00026807122652693733,0.0,0.0,1,14,0.0,oscar soberanes,3.0,1,0,0,1,0,2020-03-30 02:44:02,2020-03-30 16:47:03,Peripheral learner,,0
27278,0,1,0,2,0.00010101914977139124,0.00028336794903222474,0.0,0.0,1,14,0.0,Abdallah Elbradey,1.0,1,0,0,1,0,2020-04-01 05:46:25,2020-04-01 22:44:15,Peripheral learner,,0
27280,0,2,0,2,0.00010101914977139124,0.00048301356215468296,0.0003250048248317546,0.0,1,14,0.0,Tharini Ekanayake,1.0,1,0,0,0,0,2020-03-30 09:54:21,2020-03-30 09:54:21,Peripheral learner,,0
27289,0,1,0,2,0.00010101914977139124,0.00028336794903222474,0.0,0.0,1,14,0.0,Minsu,5.0,2,0,0,1,0,2020-03-31 03:14:49,2020-04-02 19:19:19,Peripheral learner,,0
27291,0,1,0,3,0.00010101914977139124,0.00029866467153751226,0.0,0.0,1,14,0.0,SELKERDANY,1.0,1,0,0,10,0,2020-04-01 22:36:39,2020-04-03 14:25:55,Peripheral learner,,0
27299,0,1,0,3,0.00010101914977139124,0.00029866467153751226,0.0,0.0,1,14,0.0,Shgyn,1.0,1,0,0,2,0,2020-03-31 18:10:55,2020-04-01 14:44:35,Peripheral learner,,0
26135,0,1,0,1,0.00010101914977139124,0.00046771683964939555,0.0,0.0,1,63,0.0,mpetras,1.0,1,0,0,0,0,2020-04-01 13:28:42,2020-04-01 13:28:42,Peripheral learner,,0
25814,0,1,0,1,0.00010101914977139124,0.00046771683964939555,0.0,0.0,1,60,0.0,Zakaria Bennane,1.0,1,0,0,0,0,2020-01-15 16:19:45,2020-01-15 16:19:45,Peripheral learner,,0
28240,0,1,0,1,0.00010101914977139124,0.00042639723357247345,0.0,0.0,1,4,0.0,Yasir Iqbal,1.0,1,0,0,0,0,2020-05-16 20:37:26,2020-05-16 20:37:26,Peripheral learner,,0
28242,0,1,0,1,0.00010101914977139124,0.00042639723357247345,0.0,0.0,1,4,0.0,flashwingfelix,1.0,2,1,0,1,0,2020-05-17 02:26:10,2020-05-26 01:23:11,Peripheral learner,4,1
27445,0,1,0,1,0.00010101914977139124,0.00025984884919194026,0.0,0.0,1,4,0.0,AK-CHP,33.0,1,0,0,0,0,2020-05-29 08:06:38,2020-05-29 08:06:38,Peripheral learner,,0
27483,0,2,0,3,0.00010101914977139124,0.000274828377701879,2.2468023835786175e-05,0.0,2,4,0.0,DP12345,111.0,1,0,0,2,0,2020-04-12 06:07:12,2020-04-12 18:10:15,Peripheral learner,,0
27507,0,1,0,1,0.00010101914977139124,0.00025984884919194026,0.0,0.0,1,4,0.0,CodingNewb,1.0,1,0,0,1,0,2020-04-13 15:03:17,2020-04-16 20:15:22,Peripheral learner,,0
27754,0,3,0,3,0.00010101914977139124,0.0004945299643653013,0.0006479839227649578,0.0,2,4,0.4444444444444444,Pranjal Kumar,1.0,1,0,0,0,0,2020-04-25 15:30:18,2020-04-25 15:30:18,Peripheral learner,,0
27768,0,2,0,2,0.00010101914977139124,0.00026733861344690964,2.2445555811950385e-05,0.0,2,4,0.0,Bhavik Roopchandani,3.0,1,0,0,2,0,2020-04-25 22:17:31,2020-04-26 08:25:48,Peripheral learner,,0
27770,0,1,0,1,0.00010101914977139124,0.00025984884919194026,0.0,0.0,1,4,0.0,Bernardo Prum,1.0,1,1,0,0,0,2020-04-25 23:49:18,2020-04-27 03:03:45,Peripheral learner,4,1
27771,0,1,0,1,0.00010101914977139124,0.00025984884919194026,0.0,0.0,1,4,0.0,user27771,1.0,1,0,0,0,0,2020-04-26 00:31:25,2020-04-26 00:31:25,Peripheral learner,,0
27781,0,1,0,2,0.00010101914977139124,0.0002669231943622306,0.0,0.0,1,4,0.0,idiotoftheyear,1.0,1,0,0,1,0,2020-04-26 18:12:15,2020-04-27 08:03:25,Peripheral learner,,0
27784,0,2,0,2,0.00010101914977139124,0.00026733861344690964,2.2468023835786175e-05,0.0,2,4,0.0,Oleg Kobeliatskyi,3.0,1,0,0,1,0,2020-04-26 20:25:45,2020-04-27 12:20:50,Peripheral learner,,0
27785,0,1,0,1,0.00010101914977139124,0.00025984884919194026,0.0,0.0,1,4,0.0,b-hintz,1.0,1,0,0,1,0,2020-04-26 20:37:58,2020-04-26 23:19:34,Peripheral learner,,0
27925,0,1,0,1,0.00010101914977139124,0.00025984884919194026,0.0,0.0,1,4,0.0,Matteo196,1.0,1,0,0,0,0,2020-05-02 17:30:41,2020-05-02 17:30:41,Peripheral learner,,0
27966,0,2,0,2,0.00010101914977139124,0.0006777115294803017,3.394484827506634e-05,0.0,2,4,0.0,Rose,1.0,1,1,1,1,0,2020-05-04 12:26:51,2020-05-12 13:34:05,Peripheral learner,0,1
28026,0,2,0,2,0.00010101914977139124,0.0002746038230444849,1.1305638372734063e-05,0.0,2,4,0.0,Kloner67,1.0,1,0,0,0,0,2020-05-06 21:02:46,2020-05-06 21:02:46,Peripheral learner,,0
29107,0,2,0,5,0.00010101914977139124,0.0002749432385748048,0.0,1.0,2,8,0.5,mushie2,17.0,3,0,0,4,0,2020-07-12 06:56:07,2020-08-16 01:14:18,Peripheral learner,,0
29121,0,4,0,4,0.00010101914977139124,0.0004960247688183657,1.07249879222339e-05,0.5,3,12,0.625,user29121,3.0,2,0,0,2,0,2020-07-13 14:05:07,2020-08-05 18:19:05,Peripheral learner,,0
29127,0,1,0,2,0.00010101914977139124,0.0002621954137753815,0.0,0.0,1,0,0.0,ckwan,1.0,1,0,0,1,0,2020-07-13 21:42:59,2020-07-13 23:32:16,Peripheral learner,,0
29136,0,1,0,3,0.00010101914977139124,0.00026690586865224725,0.0,0.0,1,0,0.0,Emil ,5.0,2,1,0,1,0,2020-07-14 16:01:40,2020-08-17 10:06:57,Peripheral learner,1,1
29139,0,1,0,3,0.00010101914977139124,0.00026690586865224725,0.0,0.0,1,0,0.0,DigitalPancake,3.0,2,0,0,4,0,2020-07-14 17:49:31,2020-09-18 07:02:10,Peripheral learner,,0
29563,0,4,0,6,0.00010101914977139124,0.000340943375786153,0.0014126113790981418,0.5,3,6,0.75,David S,7.0,4,0,0,4,0,2020-08-24 21:28:41,2021-04-18 13:16:03,Peripheral learner,,0
29566,0,2,0,4,0.00010101914977139124,0.00027043298981347633,0.0,1.0,2,0,0.5,stanloona,1.0,2,0,0,1,0,2020-08-26 01:04:33,2020-08-30 03:52:24,Peripheral learner,,0
29575,0,4,0,7,0.00010101914977139124,0.0004191956757875978,0.00018763227206984492,0.3333333333333333,3,6,0.625,Maria Macarena Garcia Michel,7.0,6,0,0,2,0,2020-08-27 03:35:52,2020-11-09 17:24:35,Peripheral learner,,0
29578,0,1,0,6,0.00010101914977139124,0.0002810372332828446,0.0,0.0,1,0,0.0,paula.em.lafon,107.0,5,1,0,3,0,2020-08-27 20:07:35,2020-09-16 21:31:11,Peripheral learner,5,1
29583,0,2,0,2,0.00010101914977139124,0.00028181369791157424,0.0,1.0,2,0,0.0,Angel,3.0,1,0,0,2,0,2020-08-27 22:29:34,2020-08-27 23:34:46,Peripheral learner,,0
29587,0,1,0,1,0.00010101914977139124,0.0002574849588985157,0.0,0.0,1,0,0.0,seyi catalyst,3.0,1,0,0,1,0,2020-08-28 01:58:53,2020-09-02 00:30:46,Peripheral learner,,0
29591,0,1,0,8,0.00010101914977139124,0.00029045814303657613,0.0,0.0,1,0,0.0,Maurício Mota,3.0,4,1,0,9,0,2020-09-04 00:47:30,2020-09-19 15:30:52,Peripheral learner,1,1
29594,0,2,0,4,0.00010101914977139124,0.0002692496560978397,0.0,1.0,2,1,0.5,M2718,5.0,4,0,0,1,0,2020-08-29 02:07:51,2020-10-10 20:24:03,Peripheral learner,,0
29479,0,1,0,2,0.00010101914977139124,0.0002621954137753815,0.0,0.0,1,0,0.0,Raiyan Rabbani,13.0,1,0,0,1,0,2020-09-25 11:19:58,2020-09-26 15:51:56,Peripheral learner,,0
29481,0,1,0,1,0.00010101914977139124,0.0002574849588985157,0.0,0.0,1,0,0.0,charlotte,3.0,1,0,0,1,0,2020-08-16 13:54:53,2020-08-17 12:40:42,Peripheral learner,,0
29486,0,2,0,4,0.00010101914977139124,0.00029123460766530585,0.0,1.0,2,0,0.0,Nicolas Solis,7.0,4,0,0,1,0,2020-08-17 00:02:18,2021-01-04 02:53:18,Peripheral learner,,0
28059,0,1,0,1,0.00010101914977139124,0.00025984884919194026,0.0,0.0,1,4,0.0,Mahindra Vijay,3.0,1,0,0,0,0,2020-05-08 06:02:55,2020-05-08 06:02:55,Peripheral learner,,0
28075,0,1,0,1,0.00010101914977139124,0.00025984884919194026,0.0,0.0,1,4,0.0,Laureano Jos Gutirrez Vallenil,1.0,1,0,0,0,0,2020-05-09 03:55:53,2020-05-09 03:55:53,Peripheral learner,,0
28159,0,1,0,1,0.00010101914977139124,0.00025984884919194026,0.0,0.0,1,4,0.0,piyushjain425,1.0,1,0,0,0,0,2020-05-20 08:31:05,2020-05-20 08:31:05,Peripheral learner,,0
28213,0,1,0,1,0.00010101914977139124,0.00025984884919194026,0.0,0.0,1,4,0.0,user216797,1.0,1,0,0,0,0,2020-05-15 17:21:36,2020-05-15 17:21:36,Peripheral learner,,0
28250,0,1,0,1,0.00010101914977139124,0.00025984884919194026,0.0,0.0,1,4,0.0,MADi,3.0,1,0,0,1,0,2020-05-17 12:08:33,2020-05-17 18:51:53,Peripheral learner,,0
28269,0,2,0,2,0.00010101914977139124,0.00036732001700581307,7.569133938386696e-05,0.0,2,4,0.0,Harshvardhan Patel,3.0,1,0,0,0,0,2020-05-18 13:22:34,2020-05-18 13:22:34,Peripheral learner,,0
28298,0,1,0,2,0.00010101914977139124,0.0002669231943622306,0.0,0.0,1,4,0.0,Jason C,13.0,1,0,0,1,0,2020-05-20 06:45:56,2020-05-20 23:21:01,Peripheral learner,,0
28356,0,1,0,1,0.00010101914977139124,0.00025984884919194026,0.0,0.0,1,4,0.0,Giulia,1.0,1,1,0,1,0,2020-05-23 12:21:16,2020-05-28 16:48:51,Peripheral learner,13,1
28420,0,2,0,2,0.00010101914977139124,0.00026733861344690964,2.2468023835786175e-05,0.0,2,4,0.0,Alfonse,11.0,1,0,0,1,0,2020-06-09 10:45:58,2020-06-09 21:46:01,Peripheral learner,,0
28438,0,1,0,1,0.00010101914977139124,0.00025984884919194026,0.0,0.0,1,4,0.0,f23,1.0,1,0,0,1,0,2020-05-27 22:23:42,2020-05-28 09:30:27,Peripheral learner,,0
29418,0,1,0,1,0.00010101914977139124,0.00025984884919194026,0.0,0.0,1,4,0.0,VDM,1.0,1,1,0,0,0,2020-08-09 23:09:06,2020-08-11 20:29:26,Peripheral learner,3,1
29427,0,1,0,1,0.00010101914977139124,0.00025984884919194026,0.0,0.0,1,4,0.0,Cassie Ng ,1.0,1,0,0,0,0,2020-08-11 04:07:15,2020-08-11 04:07:15,Peripheral learner,,0
27325,0,1,0,1,0.00010101914977139124,0.0008396577480864429,0.0,0.0,1,8,0.0,krayevska,1.0,1,0,0,2,0,2020-04-02 13:11:56,2020-04-09 15:19:45,Peripheral learner,,0
26107,0,5,0,5,0.00010101914977139124,0.0013737176509254917,0.001281085328061012,0.0,2,10,0.0,Marianna,61.0,2,1,0,2,3,2020-03-13 14:39:25,2020-08-18 15:31:15,Peripheral learner,2,1
27406,0,2,0,2,0.00010101914977139124,0.00026733861344690964,2.2468023835786175e-05,0.0,2,4,0.0,Ayam Chan,1.0,2,0,0,0,0,2020-04-07 14:32:48,2020-04-08 15:32:27,Peripheral learner,,0
27717,0,2,0,2,0.00010101914977139124,0.0004862177664239891,3.2017999307718926e-06,0.0,2,4,0.5,Jim,1.0,1,0,0,0,0,2020-04-23 10:46:32,2020-04-23 10:46:32,Peripheral learner,,0
27250,0,1,0,1,0.00010101914977139124,0.00046771683964939555,0.0,0.0,1,64,0.0,zaaach,1.0,1,0,0,0,0,2020-03-28 20:56:21,2020-03-28 20:56:21,Peripheral learner,,0
27603,0,2,0,2,0.00010101914977139124,0.0005056143939221948,0.0,1.0,2,4,0.0,thucnhu,1.0,1,0,0,2,0,2020-04-18 05:59:34,2020-04-19 09:09:04,Peripheral learner,,0
23938,0,1,0,6,0.00010101914977139124,0.0002977130895514662,0.0,0.0,1,4,0.0,Chirayu Bhatt,1.0,1,0,0,6,0,2020-06-01 17:54:56,2020-06-03 08:05:36,Peripheral learner,,0
26035,0,1,0,2,0.00010101914977139124,0.00026775403253158863,0.0,0.0,1,4,0.0,ThisIsMe,1.0,1,0,0,2,0,2020-04-13 05:39:59,2020-04-14 05:24:53,Peripheral learner,,0
27334,0,1,0,1,0.00010101914977139124,0.00026026426827661925,0.0,0.0,1,4,0.0,lovelylaowai,1.0,1,0,0,0,0,2020-04-03 10:01:26,2020-04-03 10:01:26,Peripheral learner,,0
27359,0,1,0,1,0.00010101914977139124,0.00026026426827661925,0.0,0.0,1,4,0.0,user2082793,1.0,1,0,0,0,0,2020-04-04 21:01:38,2020-04-04 21:01:38,Peripheral learner,,0
27408,0,1,0,1,0.00010101914977139124,0.00026026426827661925,0.0,0.0,1,4,0.0,tahahasan360,1.0,1,0,0,0,0,2020-04-08 05:07:23,2020-04-08 05:07:23,Peripheral learner,,0
27428,0,1,0,1,0.00010101914977139124,0.00026026426827661925,0.0,0.0,1,4,0.0,Kelly,105.0,1,0,0,0,0,2020-04-08 21:32:27,2020-04-08 21:32:27,Peripheral learner,,0
27438,0,1,0,1,0.00010101914977139124,0.00026026426827661925,0.0,0.0,1,4,0.0,joechiri,3.0,1,0,0,0,0,2020-04-09 13:07:15,2020-04-09 13:07:15,Peripheral learner,,0
28483,0,3,0,3,0.00010101914977139124,0.00036848324787361764,0.0002625722662041869,0.3333333333333333,2,1,0.4444444444444444,Luana Nunes,13.0,3,1,0,1,1,2020-05-30 21:25:40,2020-07-10 21:44:15,Peripheral learner,,0
28484,0,1,0,1,0.00010101914977139124,0.0002574849588985157,0.0,0.0,1,0,0.0,Nivaldo Neto,3.0,1,0,0,1,0,2020-05-30 21:37:20,2020-05-31 17:00:10,Peripheral learner,,0
28485,0,2,0,3,0.00010101914977139124,0.0002650830087452174,0.0,1.0,2,0,0.5,nzt2106,5.0,2,0,0,0,0,2020-06-15 18:44:47,2020-07-05 08:04:38,Peripheral learner,,0
28514,0,2,0,4,0.00010101914977139124,0.00027764849712355025,0.0,1.0,2,0,0.5,lmcc,7.0,4,0,0,2,0,2020-06-01 11:02:12,2020-06-20 00:19:19,Peripheral learner,,0
28526,0,4,0,4,0.00010101914977139124,0.0006981122586253099,0.0025164416753201795,0.16666666666666666,2,6,0.375,Jordan Emmett,1.0,2,0,0,1,0,2020-06-01 22:00:43,2020-06-02 14:11:00,Peripheral learner,,0
28538,0,5,0,9,0.00010101914977139124,0.0010842485860607534,0.0010120480224407216,0.2,3,11,0.5599999999999999,Ethan Mark,119.0,4,0,0,7,0,2020-06-02 13:37:29,2020-07-05 07:18:19,Peripheral learner,,0
28557,0,1,0,1,0.00010101914977139124,0.00026026426827661925,0.0,0.0,1,4,0.0,Edward Porter,3.0,1,0,0,1,0,2020-06-03 18:14:29,2020-06-04 03:00:43,Peripheral learner,,0
28541,0,2,0,4,0.00010101914977139124,0.0002692496560978397,0.0,1.0,2,1,0.5,meh362,5.0,2,0,0,3,0,2020-06-02 18:32:01,2020-07-01 18:31:57,Peripheral learner,,0
28543,0,3,0,3,0.00010101914977139124,0.00033265952526899335,0.0006500096496635092,0.3333333333333333,2,40,0.6666666666666667,Lautaro D. Futuro,3.0,3,0,0,2,0,2020-06-02 18:22:13,2020-07-15 21:58:48,Peripheral learner,,0
28564,0,3,0,8,0.00010101914977139124,0.000382281696531404,0.00031053921678721354,0.3333333333333333,2,4,0.4444444444444444,BigTJ,3.0,3,1,0,5,0,2020-06-07 20:53:16,2020-06-14 00:38:17,Peripheral learner,1,1
28574,0,1,0,1,0.00010101914977139124,0.0002574849588985157,0.0,0.0,1,0,0.0,Megapunk,1.0,1,0,0,1,0,2020-06-04 16:36:38,2020-06-05 08:54:45,Peripheral learner,,0
28575,0,1,0,2,0.00010101914977139124,0.0002621954137753815,0.0,0.0,1,0,0.0,Ninety5,3.0,1,0,0,2,0,2020-08-12 21:45:18,2020-08-12 22:40:13,Peripheral learner,,0
28576,0,1,0,1,0.00010101914977139124,0.0002574849588985157,0.0,0.0,1,0,0.0,Dylan Dang,1.0,1,0,0,1,0,2020-06-04 20:41:45,2020-06-04 23:08:55,Peripheral learner,,0
28595,0,1,0,1,0.00010101914977139124,0.0002574849588985157,0.0,0.0,1,0,0.0,Gloriveros,1.0,1,0,0,0,0,2020-06-05 21:12:56,2020-06-05 21:12:56,Peripheral learner,,0
28608,0,3,0,6,0.00010101914977139124,0.00028342368706322206,0.0,1.0,3,4,0.6666666666666667,Thomaslusignan,5.0,4,0,0,4,0,2020-06-10 03:08:48,2020-10-22 20:55:42,Peripheral learner,,0
28649,0,2,0,2,0.00010101914977139124,0.0002652877938238433,0.0,1.0,2,8,0.5,harry hartmann,101.0,1,0,0,4,0,2020-06-09 14:55:00,2020-06-09 19:08:09,Peripheral learner,,0
27496,0,1,0,1,0.00010101914977139124,0.00026026426827661925,0.0,0.0,1,4,0.0,Jennifer Brown,13.0,1,0,0,0,0,2020-04-12 20:28:35,2020-04-12 20:28:35,Peripheral learner,,0
27511,0,2,0,2,0.00010101914977139124,0.00036773543609049206,0.0004052117624512425,0.0,2,10,0.5,Paarth Rawat,3.0,1,0,0,1,0,2020-04-14 10:27:16,2020-04-15 08:24:47,Peripheral learner,,0
27577,0,1,0,1,0.00010101914977139124,0.00026026426827661925,0.0,0.0,1,4,0.0,Damien Aries,3.0,1,0,0,1,0,2020-04-16 23:58:06,2020-04-17 16:08:50,Peripheral learner,,0
27598,0,1,0,1,0.00010101914977139124,0.00026026426827661925,0.0,0.0,1,4,0.0,Matthew McGuire,13.0,1,0,0,2,0,2020-04-17 20:16:11,2020-04-19 22:22:46,Peripheral learner,,0
27633,0,1,0,1,0.00010101914977139124,0.00026026426827661925,0.0,0.0,1,4,0.0,Brian Fang,1.0,1,0,0,1,0,2020-04-19 16:10:54,2020-04-20 02:57:26,Peripheral learner,,0
27702,0,1,0,1,0.00010101914977139124,0.00026026426827661925,0.0,0.0,1,4,0.0,Ctouch,3.0,1,0,0,1,0,2020-04-22 18:55:48,2020-04-22 21:11:42,Peripheral learner,,0
27542,0,1,0,1,0.00010101914977139124,0.00046771683964939555,0.0,0.0,1,65,0.0,Rox,1.0,1,0,0,1,0,2020-04-15 20:30:40,2020-04-17 02:03:33,Peripheral learner,,0
27730,0,1,0,1,0.00010101914977139124,0.00026026426827661925,0.0,0.0,1,4,0.0,Paoliz Rodriguez,1.0,1,0,0,0,0,2020-04-23 23:50:45,2020-04-23 23:50:45,Peripheral learner,,0
27792,0,2,0,2,0.00010101914977139124,0.0003928358633224438,0.0022315680166147453,0.0,1,4,0.0,aNdroid,3.0,3,1,0,0,0,2020-04-27 03:02:11,2020-05-15 03:33:35,Peripheral learner,4,1
27886,0,3,0,3,0.00010101914977139124,0.0005795258019219262,0.000492421133887752,0.0,2,8,0.4444444444444444,Mike S,1.0,3,0,0,2,0,2020-04-30 06:33:50,2020-06-05 19:41:58,Peripheral learner,,0
27990,0,1,0,1,0.00010101914977139124,0.00026026426827661925,0.0,0.0,1,4,0.0,Pontakorn Paesaeng,101.0,1,1,1,1,0,2020-05-05 07:12:04,2020-05-07 10:38:33,Peripheral learner,2,1
28130,0,2,0,2,0.00010101914977139124,0.000266801599963333,0.0001423338974638299,0.0,2,6,0.5,Praneeth Kumar,1.0,2,0,0,1,0,2020-05-21 01:23:00,2020-12-09 03:53:33,Peripheral learner,,0
28160,0,1,0,1,0.00010101914977139124,0.00026026426827661925,0.0,0.0,1,4,0.0,Lukkar,3.0,1,1,0,1,0,2020-05-13 19:47:04,2020-05-14 10:05:26,Peripheral learner,2,1
28189,0,1,0,1,0.00010101914977139124,0.00026026426827661925,0.0,0.0,1,4,0.0,notrealecho,1.0,1,0,0,0,0,2020-05-14 07:06:07,2020-05-14 07:06:07,Peripheral learner,,0
28252,0,1,0,4,0.00010101914977139124,0.0002827335610415274,0.0,0.0,1,4,0.0,Marco Aurélio Bomfim,3.0,1,0,0,2,0,2020-05-17 14:42:42,2020-05-21 14:40:05,Peripheral learner,,0
28294,0,2,0,3,0.00010101914977139124,0.0002784966610028916,0.0,1.0,2,4,0.5,RushT,2.0,3,0,0,3,0,2020-06-02 03:47:47,2020-06-11 19:02:57,Peripheral learner,,0
28340,0,1,0,2,0.00010101914977139124,0.00026775403253158863,0.0,0.0,1,4,0.0,Carrie von,3.0,1,0,0,1,0,2020-05-22 14:03:01,2020-05-23 14:44:19,Peripheral learner,,0
28349,0,1,0,1,0.00010101914977139124,0.00026026426827661925,0.0,0.0,1,4,0.0,Andy D,1.0,1,0,0,1,0,2020-05-22 23:27:55,2020-05-26 01:43:27,Peripheral learner,,0
28470,0,2,0,2,0.00010101914977139124,0.0004815888760647893,0.0,1.0,2,4,0.0,PeakyBlinder,3.0,1,0,0,1,0,2020-05-30 00:43:55,2020-05-30 13:02:16,Peripheral learner,,0
28479,0,1,0,1,0.00010101914977139124,0.00026026426827661925,0.0,0.0,1,4,0.0,Jean Francois Boueri,3.0,1,0,0,1,0,2020-05-30 17:06:29,2020-05-30 21:17:11,Peripheral learner,,0
28492,0,1,0,1,0.00010101914977139124,0.00026026426827661925,0.0,0.0,1,4,0.0,Imperator10111,3.0,1,0,0,0,0,2020-05-31 09:10:29,2020-05-31 09:10:29,Peripheral learner,,0
28497,0,1,0,1,0.00010101914977139124,0.00026026426827661925,0.0,0.0,1,4,0.0,Pytharelle,1.0,1,0,0,0,0,2020-05-31 14:10:46,2020-05-31 14:10:46,Peripheral learner,,0
28823,0,2,0,4,0.00010101914977139124,0.00028109824530078795,0.0,1.0,2,0,0.5,Zoey Herbst,1.0,2,0,0,3,0,2020-06-21 10:28:04,2020-10-05 10:57:41,Peripheral learner,,0
28563,0,1,0,2,0.00010101914977139124,0.00026775403253158863,0.0,0.0,1,4,0.0,Marcelo,1.0,1,0,0,1,0,2020-06-04 01:39:33,2020-06-04 18:12:42,Peripheral learner,,0
28762,0,1,0,1,0.00010101914977139124,0.00026026426827661925,0.0,0.0,1,4,0.0,QZhang,3.0,1,0,0,1,0,2020-06-17 09:35:31,2020-06-18 06:16:19,Peripheral learner,,0
28844,0,1,0,1,0.00010101914977139124,0.00026026426827661925,0.0,0.0,1,4,0.0,MereDONGP,1.0,1,0,0,0,0,2020-06-22 16:13:58,2020-06-22 16:13:58,Peripheral learner,,0
29236,0,1,0,1,0.00010101914977139124,0.00026026426827661925,0.0,0.0,1,4,0.0,RK-83,3.0,1,0,0,1,0,2020-07-23 08:57:55,2020-07-26 03:27:28,Peripheral learner,,0
29313,0,1,0,1,0.00010101914977139124,0.00026026426827661925,0.0,0.0,1,4,0.0,Nicolas Sabate,3.0,1,0,0,1,0,2020-08-05 17:09:09,2020-08-25 19:19:24,Peripheral learner,,0
29358,0,1,0,1,0.00010101914977139124,0.00026026426827661925,0.0,0.0,1,4,0.0,Iqbal Jurist,1.0,1,0,0,0,0,2020-08-04 15:15:58,2020-08-04 15:15:58,Peripheral learner,,0
32661,0,1,0,1,0.00010101914977139124,0.0002574849588985157,0.0,0.0,1,0,0.0,elfe,3.0,1,0,0,0,0,2021-07-17 12:36:29,2021-07-17 12:36:29,Peripheral learner,,0
32667,0,1,0,1,0.00010101914977139124,0.0002574849588985157,0.0,0.0,1,0,0.0,jamba,3.0,1,0,0,2,0,2021-06-10 22:28:47,2021-06-22 22:07:09,Peripheral learner,,0
32668,0,2,0,3,0.00010101914977139124,0.00026197136433852306,0.0,1.0,2,11,0.5,Cristian Estevez,3.0,2,0,0,1,0,2021-06-11 01:55:07,2021-06-23 21:31:36,Peripheral learner,,0
32676,0,4,0,12,0.00010101914977139124,0.0005771081308106892,0.00020774090466881275,0.6666666666666666,3,7,0.625,Fatmah Faridi,13.0,7,0,0,8,0,2021-06-11 17:01:35,2021-08-13 12:40:07,Peripheral learner,,0
32692,0,1,0,2,0.00010101914977139124,0.0002621954137753815,0.0,0.0,1,0,0.0,Hyukjae Ko,3.0,1,0,0,1,0,2021-06-14 04:55:43,2021-06-14 23:28:54,Peripheral learner,,0
34409,0,2,0,2,0.00010101914977139124,0.00029717717262890523,0.0,1.0,2,1,0.5,Bob Cap,3.0,1,0,0,1,0,2021-10-10 00:13:00,2021-10-11 19:36:07,Peripheral learner,,0
34412,0,2,0,4,0.00010101914977139124,0.0002666818192153889,0.0,1.0,2,11,0.5,Thiranida Tangjadetanapon,5.0,3,0,0,4,0,2021-10-10 15:31:23,2021-10-11 08:11:25,Peripheral learner,,0
34437,0,6,0,9,0.00010101914977139124,0.000863750979054124,0.0035886078750628327,0.06666666666666667,3,10,0.5,turbulenttangles,37.0,6,1,1,2,0,2021-10-14 14:22:25,2022-01-03 19:13:11,Peripheral learner,5,1
34447,0,2,0,2,0.00010101914977139124,0.0002663096021825323,0.0,1.0,2,10,0.5,Igor Roytman,1.0,1,0,0,0,0,2021-10-14 19:03:31,2021-10-14 19:03:31,Peripheral learner,,0
34454,0,1,0,1,0.00010101914977139124,0.0002574849588985157,0.0,0.0,1,0,0.0,metalmario23,1.0,1,0,0,1,0,2021-10-15 19:34:14,2021-10-19 17:43:54,Peripheral learner,,0
34518,0,7,0,8,0.00010101914977139124,0.0011480677974620272,0.00294580027116082,0.09523809523809523,3,9,0.44897959183673464,jonathandavis,33.0,2,0,0,1,0,2021-10-23 00:53:15,2022-05-09 03:17:33,Peripheral learner,,0
34538,0,4,0,4,0.00010101914977139124,0.00029411739335763053,5.534262668219052e-05,0.8333333333333334,4,7,0.75,Abdulrehman,1.0,2,0,0,0,0,2021-10-25 08:02:28,2021-11-11 08:01:37,Peripheral learner,,0
34549,0,1,0,1,0.00010101914977139124,0.0002574849588985157,0.0,0.0,1,0,0.0,diegobueno,3.0,1,0,0,0,0,2021-10-27 00:17:17,2021-10-27 00:17:17,Peripheral learner,,0
34558,0,1,0,1,0.00010101914977139124,0.0002574849588985157,0.0,0.0,1,0,0.0,Red Ladica,3.0,1,0,0,2,0,2021-10-28 04:12:27,2021-11-02 06:10:09,Peripheral learner,,0
33981,0,1,0,1,0.00010101914977139124,0.0002574849588985157,0.0,0.0,1,0,0.0,user33981,3.0,1,0,0,1,0,2021-08-02 14:53:11,2021-08-03 05:07:42,Peripheral learner,,0
33994,0,1,0,2,0.00010101914977139124,0.0002621954137753815,0.0,0.0,1,0,0.0,panda384,3.0,1,0,0,1,0,2021-08-04 17:16:45,2021-08-11 11:11:49,Peripheral learner,,0
27707,0,1,0,1,0.00010101914977139124,0.0003244219492308984,0.0,0.0,1,4,0.0,Candice,1.0,1,0,0,1,0,2020-04-23 03:58:59,2020-04-23 15:08:22,Peripheral learner,,0
28984,0,1,0,1,0.00010101914977139124,0.0007192396857564197,0.0,0.0,1,1,0.0,Class316,1.0,2,2,0,0,0,2020-07-03 05:57:42,2020-07-06 06:05:01,Peripheral learner,10,1
31271,0,5,0,10,0.00010101914977139124,0.000720149986662252,0.001514552165964738,0.2,3,5,0.5599999999999999,TSPR 810,1.0,3,0,0,8,0,2021-01-01 17:12:51,2021-05-12 13:17:06,Peripheral learner,,0
31333,0,5,0,8,0.00010101914977139124,0.0009293700980669573,0.0025212126456674736,0.2,3,1,0.31999999999999984,Upanshu Lakhani,1.0,5,0,0,2,0,2020-12-09 07:54:44,2022-03-15 10:41:06,Peripheral learner,,0
27475,0,1,0,1,0.00010101914977139124,0.00046771683964939555,0.0,0.0,1,66,0.0,NegiMox,3.0,1,0,0,0,0,2020-04-14 17:50:51,2020-04-14 17:50:51,Peripheral learner,,0
23939,0,1,0,1,0.00010101914977139124,0.0019739863236184116,0.0,0.0,1,8,0.0,southernKid33,103.0,1,0,0,0,0,2019-07-19 12:13:44,2019-07-19 12:13:44,Peripheral learner,,0
25725,0,2,0,2,0.00010101914977139124,0.0008684101563269297,0.0003250259605399792,0.0,1,25,0.0,Suman Chapai,11.0,1,1,0,0,1,2019-12-27 19:08:35,2019-12-27 20:01:58,Peripheral learner,16,1
28587,0,1,0,4,0.00010101914977139124,0.00031195775273034005,0.0,0.0,1,4,0.0,lukezr,1.0,1,0,0,3,0,2020-06-05 14:17:31,2020-06-08 19:32:31,Peripheral learner,,0
27758,0,1,0,2,0.00010101914977139124,0.00046771683964939555,0.0,0.0,1,67,0.0,Ewan,11.0,1,1,0,1,0,2020-04-25 21:35:19,2020-05-01 18:21:41,Peripheral learner,4,1
27796,0,1,0,1,0.00010101914977139124,0.00038534609906747445,0.0,0.0,1,4,0.0,Tornado air,1.0,1,0,0,1,0,2020-04-27 05:41:40,2020-04-28 03:22:47,Peripheral learner,,0
27808,0,1,0,1,0.00010101914977139124,0.00038534609906747445,0.0,0.0,1,4,0.0,jReX,23.0,2,0,0,1,0,2020-04-27 14:25:44,2020-06-09 16:11:26,Peripheral learner,,0
27958,0,1,0,1,0.00010101914977139124,0.00030858256321849675,0.0,0.0,1,11,0.0,Sonntagberg,1.0,1,0,0,0,0,2020-05-04 13:35:17,2020-05-04 13:35:17,Peripheral learner,,0
27973,0,1,0,1,0.00010101914977139124,0.00030858256321849675,0.0,0.0,1,11,0.0,Dan,3.0,1,0,0,0,0,2020-05-04 16:10:27,2020-05-04 16:10:27,Peripheral learner,,0
27874,0,1,0,1,0.00010101914977139124,0.00046771683964939555,0.0,0.0,1,68,0.0,Plantains,1.0,1,0,0,0,0,2020-04-29 19:46:56,2020-04-29 19:46:56,Peripheral learner,,0
34878,0,1,0,1,0.00010101914977139124,0.0008248919090457711,0.0,0.0,1,1,0.0,user17470872,3.0,1,0,0,0,0,2021-12-26 13:33:43,2021-12-26 13:33:43,Peripheral learner,,0
28924,0,1,0,3,0.00010101914977139124,0.00028500238943555885,0.0,0.0,1,6,0.0,Shyam,1.0,1,1,0,5,0,2021-01-03 04:59:22,2021-02-12 14:23:18,Peripheral learner,0,1
29716,0,1,0,1,0.00010101914977139124,0.00026351713249295287,0.0,0.0,1,6,0.0,Devin Atalay,1.0,1,0,0,1,0,2020-09-27 00:21:29,2020-09-29 21:28:48,Peripheral learner,,0
29738,0,1,0,1,0.00010101914977139124,0.00026351713249295287,0.0,0.0,1,6,0.0,Vince,11.0,1,1,1,0,1,2020-09-15 17:24:35,2020-09-16 15:00:11,Peripheral learner,2,1
29871,0,1,0,1,0.00010101914977139124,0.00026351713249295287,0.0,0.0,1,6,0.0,amew646,13.0,1,0,0,1,0,2020-10-02 21:13:47,2020-10-07 19:08:18,Peripheral learner,,0
29124,0,1,0,1,0.00010101914977139124,0.00026696688067019063,0.0,0.0,1,5,0.0,Joe Wignell,1.0,1,0,0,0,0,2020-07-13 19:20:37,2020-07-13 19:20:37,Peripheral learner,,0
29192,0,1,0,1,0.00010101914977139124,0.00026696688067019063,0.0,0.0,1,5,0.0,tjtrains12,1.0,1,0,0,1,0,2020-07-19 21:18:11,2020-07-19 21:23:02,Peripheral learner,,0
29203,0,5,0,8,0.00010101914977139124,0.00044932725210294,0.0005366547749122137,0.3,4,5,0.7999999999999999,Artinxt,3.0,3,0,0,4,0,2020-07-21 00:21:26,2020-08-12 03:27:52,Peripheral learner,,0
29300,0,1,0,1,0.00010101914977139124,0.00026696688067019063,0.0,0.0,1,5,0.0,Ash,1.0,1,0,0,1,0,2020-07-30 02:20:37,2020-07-30 17:12:56,Peripheral learner,,0
29330,0,2,0,3,0.00010101914977139124,0.000848992770627419,5.887048799821385e-06,0.0,2,12,0.5,Aladdin,105.0,2,0,0,2,0,2020-08-02 11:57:22,2020-08-03 07:16:02,Peripheral learner,,0
29363,0,1,0,1,0.00010101914977139124,0.00026696688067019063,0.0,0.0,1,5,0.0,TronTrix,3.0,1,0,0,1,0,2020-08-04 19:44:26,2020-08-04 21:49:45,Peripheral learner,,0
29634,0,2,0,2,0.00010101914977139124,0.0002704940018314197,0.0,1.0,2,5,0.5,Camila,3.0,1,0,0,1,0,2020-09-02 14:56:48,2020-09-02 18:47:06,Peripheral learner,,0
29714,0,2,0,2,0.00010101914977139124,0.00027770950914149357,0.0,1.0,2,6,0.5,user29714,1.0,1,0,0,0,0,2020-09-28 14:27:27,2020-09-28 14:27:27,Peripheral learner,,0
29841,0,2,0,2,0.00010101914977139124,0.00027770950914149357,0.0,1.0,2,6,0.5,eduarda gouveia,3.0,1,0,0,0,0,2020-09-28 19:05:14,2020-09-28 19:05:14,Peripheral learner,,0
29910,0,2,0,3,0.00010101914977139124,0.0002763877904239222,0.0,1.0,2,0,0.5,SteveF,1.0,1,0,0,4,0,2020-10-06 19:51:12,2020-10-07 18:36:35,Peripheral learner,,0
28335,0,3,0,10,0.00010101914977139124,0.00029095619058945783,0.00010142355064786402,0.6666666666666666,3,1,0.6666666666666667,Bob,5.0,5,0,0,5,0,2020-07-02 03:41:40,2020-08-06 05:06:25,Peripheral learner,,0
28344,0,4,0,8,0.00010101914977139124,0.00029578987754822037,0.0003235316429050852,0.5,4,4,0.625,wilburch,3.0,3,0,0,7,0,2020-05-22 18:54:17,2020-05-30 11:38:09,Peripheral learner,,0
28346,0,3,0,5,0.00010101914977139124,0.0005020724059627094,0.0005892727322391331,0.0,2,0,0.4444444444444444,sonwy102,1.0,1,0,0,1,0,2020-05-22 21:53:11,2020-05-22 23:08:45,Peripheral learner,,0
28350,0,1,0,3,0.00010101914977139124,0.00026690586865224725,0.0,0.0,1,0,0.0,Sawyerr Mayowa,1.0,1,0,0,3,0,2020-08-03 01:03:47,2020-08-14 11:31:35,Peripheral learner,,0
28157,0,3,0,3,0.00010101914977139124,0.0005618547189623273,0.0011256303083599683,0.0,2,8,0.4444444444444444,Daniel,3.0,1,0,0,0,0,2020-05-12 15:24:11,2020-05-12 15:24:11,Peripheral learner,,0
28345,0,1,0,1,0.00010101914977139124,0.00030651008792858625,0.0,0.0,1,8,0.0,CxrlosKenobi,1.0,1,1,0,0,0,2020-05-22 18:58:21,2020-05-22 19:29:51,Peripheral learner,2,1
28212,0,1,0,1,0.00010101914977139124,0.0003602456718355227,0.0,0.0,1,38,0.0,Miguel,1.0,1,0,0,0,0,2020-06-01 21:02:18,2020-06-01 21:02:18,Peripheral learner,,0
28331,0,1,0,1,0.00010101914977139124,0.0003602456718355227,0.0,0.0,1,38,0.0,StimpakNeeded,1.0,1,0,0,0,0,2020-05-21 20:14:44,2020-05-21 20:14:44,Peripheral learner,,0
11246,0,1,0,1,0.00010101914977139124,0.00026351713249295287,0.0,0.0,1,6,0.0,user1833028,148.0,1,0,0,0,0,2021-02-25 15:18:22,2021-02-25 15:18:22,Peripheral learner,,0
28454,0,1,0,1,0.00010101914977139124,0.00026351713249295287,0.0,0.0,1,6,0.0,Susanna Dafna,17.0,1,1,0,1,0,2020-06-03 00:31:09,2020-06-03 11:31:28,Peripheral learner,5,1
28509,0,1,0,1,0.00010101914977139124,0.00026351713249295287,0.0,0.0,1,6,0.0,iaminsensible,102.0,1,0,0,0,0,2020-06-01 07:34:19,2020-06-01 07:34:19,Peripheral learner,,0
28558,0,1,0,1,0.00010101914977139124,0.00026351713249295287,0.0,0.0,1,6,0.0,Redwan Mahmud,1.0,1,0,0,0,0,2020-06-03 18:26:54,2020-06-03 18:26:54,Peripheral learner,,0
28829,0,2,0,2,0.00010101914977139124,0.00047845946812069854,0.0003250259605399792,0.0,1,6,0.0,Carlos Gonzalez,23.0,2,2,0,2,1,2020-06-21 20:06:32,2020-12-01 19:16:26,Peripheral learner,17,2
32064,0,1,0,2,0.00010101914977139124,0.0002742597609642559,0.0,0.0,1,6,0.0,NikitaKvitka,1.0,1,0,0,2,0,2021-03-17 15:37:23,2021-03-18 14:36:41,Peripheral learner,,0
32160,0,1,0,1,0.00010101914977139124,0.00026351713249295287,0.0,0.0,1,6,0.0,cheero,1.0,1,0,0,2,0,2021-04-02 04:10:57,2021-04-03 08:52:26,Peripheral learner,,0
32186,0,1,0,3,0.00010101914977139124,0.00028500238943555885,0.0,0.0,1,6,0.0,Abhyuday Vaish,103.0,1,0,0,3,0,2021-04-04 14:18:42,2021-04-05 09:42:47,Peripheral learner,,0
32189,0,1,0,1,0.00010101914977139124,0.00026351713249295287,0.0,0.0,1,6,0.0,Timi,1.0,1,0,0,1,0,2021-04-04 23:45:12,2021-04-05 14:36:58,Peripheral learner,,0
31071,0,1,0,1,0.00010101914977139124,0.00026351713249295287,0.0,0.0,1,6,0.0,AlonsoLo,3.0,1,0,0,0,0,2020-10-29 15:01:39,2020-10-29 15:01:39,Peripheral learner,,0
31073,0,1,0,1,0.00010101914977139124,0.00026351713249295287,0.0,0.0,1,6,0.0,Consuelaziza,1.0,1,0,0,0,0,2020-11-03 09:57:39,2020-11-03 09:57:39,Peripheral learner,,0
31085,0,1,0,1,0.00010101914977139124,0.00026351713249295287,0.0,0.0,1,6,0.0,VVS232,3.0,1,0,0,1,0,2020-10-31 15:47:50,2020-11-01 12:57:21,Peripheral learner,,0
31166,0,1,0,1,0.00010101914977139124,0.00026351713249295287,0.0,0.0,1,6,0.0,hudsonmae,1.0,1,0,0,0,0,2020-11-10 16:30:12,2020-11-10 16:30:12,Peripheral learner,,0
31227,0,2,0,3,0.00010101914977139124,0.00028079709265096963,3.4532790737296294e-05,0.0,2,6,0.0,nmn,3.0,2,0,0,2,0,2020-11-20 17:17:00,2020-11-25 13:19:32,Peripheral learner,,0
31543,0,1,0,1,0.00010101914977139124,0.00026351713249295287,0.0,0.0,1,6,0.0,Jason Tan,1.0,1,0,0,0,0,2021-01-02 18:07:33,2021-01-02 18:07:33,Peripheral learner,,0
31667,0,1,0,1,0.00010101914977139124,0.00026351713249295287,0.0,0.0,1,6,0.0,Khulit,3.0,1,0,0,1,0,2021-01-17 04:28:44,2021-01-17 05:15:14,Peripheral learner,,0
31691,0,1,0,2,0.00010101914977139124,0.0002742597609642559,0.0,0.0,1,6,0.0,Stuey17,103.0,1,0,0,2,0,2021-03-04 13:00:46,2021-03-08 17:40:29,Peripheral learner,,0
31708,0,1,0,2,0.00010101914977139124,0.0002742597609642559,0.0,0.0,1,6,0.0,Matt Shirvan,1.0,1,0,0,1,0,2021-01-23 03:39:36,2021-01-24 14:23:46,Peripheral learner,,0
28311,0,1,0,1,0.00010101914977139124,0.0002574849588985157,0.0,0.0,1,0,0.0,Maty,1.0,1,0,0,1,0,2020-05-20 22:23:15,2020-05-21 01:34:09,Peripheral learner,,0
28325,0,6,0,7,0.00010101914977139124,0.0005543116780751075,0.001531390777258193,0.26666666666666666,4,12,0.6666666666666666,catshat ,7.0,5,0,0,1,0,2020-05-21 18:01:09,2021-01-06 22:02:10,Peripheral learner,,0
28328,0,2,0,2,0.00010101914977139124,0.00033355175988781377,0.0003708539519615978,0.0,2,8,0.5,ZeevKeane,5.0,2,0,0,2,0,2020-05-21 19:41:46,2020-06-13 13:43:02,Peripheral learner,,0
28648,0,2,0,2,0.00010101914977139124,0.0004755196745747232,0.0003250048248317546,0.0,1,8,0.0,Grisu,3.0,2,1,0,0,0,2020-06-09 14:44:52,2020-10-06 12:54:59,Peripheral learner,3,1
28747,0,1,0,1,0.00010101914977139124,0.00029975164619967614,0.0,0.0,1,4,0.0,Daniela Segura,11.0,1,0,0,0,0,2020-06-16 00:43:19,2020-06-16 00:43:19,Peripheral learner,,0
28169,0,6,0,10,0.00010101914977139124,0.0007286463497597108,0.0004843936310615719,0.4,5,4,0.6666666666666666,Dave,23.0,3,1,0,4,1,2020-05-13 11:41:49,2020-06-20 05:20:42,Peripheral learner,2,1
28170,0,3,0,4,0.00010101914977139124,0.0004806648705643562,0.0003250048248317546,0.3333333333333333,2,0,0.4444444444444444,EdCase,7.0,3,0,0,2,0,2020-08-26 15:48:58,2020-12-10 15:10:21,Peripheral learner,,0
28381,0,1,0,1,0.00010101914977139124,0.0002574849588985157,0.0,0.0,1,0,0.0,user28381,1.0,1,0,0,1,0,2020-05-30 22:47:50,2020-05-31 14:54:33,Peripheral learner,,0
28390,0,1,0,2,0.00010101914977139124,0.0002621954137753815,0.0,0.0,1,0,0.0,Mars,3.0,1,0,0,2,0,2020-05-25 05:04:08,2020-05-26 07:03:40,Peripheral learner,,0
28424,0,4,0,4,0.00010101914977139124,0.0005051899057643721,2.669514247098076e-05,0.5,4,4,0.625,jesal,23.0,3,2,1,1,1,2020-05-27 04:34:40,2020-06-21 03:12:43,Peripheral learner,15,2
28442,0,2,0,3,0.00010101914977139124,0.0002650830087452174,0.0,1.0,2,0,0.5,atr1,3.0,1,0,0,2,0,2020-05-28 04:05:24,2020-05-28 06:40:58,Peripheral learner,,0
28455,0,1,0,1,0.00010101914977139124,0.0002574849588985157,0.0,0.0,1,0,0.0,Seun Adeyemo,11.0,1,0,0,0,0,2020-05-29 00:23:08,2020-05-29 00:23:08,Peripheral learner,,0
28462,0,3,0,3,0.00010101914977139124,0.00026850184431471415,0.00020717328454397034,0.6666666666666666,3,4,0.6666666666666667,reignnz,3.0,3,0,0,0,0,2020-05-29 12:45:08,2020-06-27 09:22:03,Peripheral learner,,0
28469,0,1,0,1,0.00010101914977139124,0.0002574849588985157,0.0,0.0,1,0,0.0,sugarsaab,1.0,1,0,0,0,0,2020-06-07 22:39:08,2020-06-07 22:39:08,Peripheral learner,,0
28481,0,1,0,1,0.00010101914977139124,0.0002574849588985157,0.0,0.0,1,0,0.0,beanbanx,1.0,1,0,0,0,0,2020-05-30 19:02:43,2020-05-30 19:02:43,Peripheral learner,,0
31776,0,1,0,2,0.00010101914977139124,0.0002742597609642559,0.0,0.0,1,6,0.0,yatoe,3.0,1,0,0,2,0,2021-02-14 20:16:14,2021-02-15 14:24:30,Peripheral learner,,0
31830,0,1,0,1,0.00010101914977139124,0.00026351713249295287,0.0,0.0,1,6,0.0,Olivia WU,3.0,1,0,0,0,0,2021-02-07 14:46:05,2021-02-07 14:46:05,Peripheral learner,,0
31860,0,1,0,1,0.00010101914977139124,0.00026351713249295287,0.0,0.0,1,6,0.0,Jónas Rafnsson,1.0,1,1,1,1,0,2021-02-13 14:55:42,2021-02-13 16:13:10,Peripheral learner,1,1
32041,0,1,0,1,0.00010101914977139124,0.00026351713249295287,0.0,0.0,1,6,0.0,Parth Shrivastava,1.0,1,0,0,0,0,2021-03-27 06:50:18,2021-03-27 06:50:18,Peripheral learner,,0
28288,0,2,0,2,0.00010101914977139124,0.0002597281616185194,0.0,1.0,2,11,0.5,PRADEEP,3.0,2,0,0,1,0,2020-05-19 15:46:59,2020-05-22 06:16:47,Peripheral learner,,0
28295,0,4,0,11,0.00010101914977139124,0.0005435759203236235,8.375136756426366e-05,0.6666666666666666,4,4,0.625,Sebastian Lares,7.0,5,0,0,8,0,2020-05-20 02:10:49,2020-07-01 15:18:09,Peripheral learner,,0
28302,0,2,0,2,0.00010101914977139124,0.0002603725538683516,0.0,1.0,2,4,0.5,hh1265,3.0,1,0,0,1,0,2020-05-28 20:58:41,2020-05-28 22:16:08,Peripheral learner,,0
28249,0,2,0,2,0.00010101914977139124,0.0005751880074632683,0.0003250048248317546,0.0,1,39,0.0,Zach,1.0,1,0,0,0,0,2020-05-17 07:25:31,2020-05-17 07:25:31,Peripheral learner,,0
28274,0,1,0,2,0.00010101914977139124,0.00039606939444014697,0.0,0.0,1,5,0.0,brenrad,1.0,1,0,0,1,0,2020-05-18 18:20:47,2020-05-18 20:55:00,Peripheral learner,,0
27857,0,1,0,1,0.00010101914977139124,0.00046771683964939555,0.0,0.0,1,69,0.0,Anum Rehman,1.0,1,0,0,0,0,2020-04-29 10:31:57,2020-04-29 10:31:57,Peripheral learner,,0
28087,0,2,0,2,0.00010101914977139124,0.00037500064568806737,1.3268720433829466e-06,0.0,2,6,0.5,James Lee,3.0,1,0,0,3,0,2020-05-09 14:17:42,2020-05-12 18:11:14,Peripheral learner,,0
28091,0,1,0,1,0.00010101914977139124,0.0003791944166642668,0.0,0.0,1,11,0.0,Najaaz,101.0,2,0,0,1,0,2020-05-09 18:47:00,2020-05-15 09:51:18,Peripheral learner,,0
28131,0,1,0,2,0.00010101914977139124,0.00028228445172673924,0.0,0.0,1,4,0.0,Mathew Olajide,1.0,1,0,0,1,0,2020-05-11 19:34:47,2020-05-12 01:26:59,Peripheral learner,,0
28201,0,1,0,1,0.00010101914977139124,0.0002675294778741946,0.0,0.0,1,4,0.0,Z. Grinacoff,3.0,1,0,0,0,0,2020-05-14 21:46:04,2020-05-14 21:46:04,Peripheral learner,,0
28154,0,1,0,1,0.00010101914977139124,0.00026841440767290186,0.0,0.0,1,4,0.0,ElektrikOx,3.0,1,0,0,0,0,2020-05-12 14:31:54,2020-05-12 14:31:54,Peripheral learner,,0
28232,0,1,0,1,0.00010101914977139124,0.00026841440767290186,0.0,0.0,1,4,0.0,Spaceuserm,1.0,1,0,0,0,0,2020-05-16 12:12:10,2020-05-16 12:12:10,Peripheral learner,,0
28287,0,1,0,5,0.00010101914977139124,0.0003309740222779097,0.0,0.0,1,4,0.0,Garthy,1.0,1,0,0,4,0,2020-05-19 15:46:00,2020-05-19 19:12:55,Peripheral learner,,0
27924,0,1,0,1,0.00010101914977139124,0.0002850126179196281,0.0,0.0,1,7,0.0,Ali Uyanık,1.0,1,1,0,0,-2,2020-05-02 18:20:53,2020-05-02 19:59:31,Peripheral learner,2,1
34550,0,1,0,3,0.00010101914977139124,0.0003494888457155846,0.0,0.0,1,7,0.0,Aldo Rodriguez,1.0,1,0,0,1,0,2021-10-27 04:52:19,2021-10-30 18:24:54,Peripheral learner,,0
34637,0,2,0,3,0.00010101914977139124,0.0004247218996314791,0.0006500519210799584,0.0,1,7,0.0,Sumith,5.0,2,0,0,0,0,2021-11-11 14:54:27,2021-11-20 09:40:21,Peripheral learner,,0
27941,0,1,0,1,0.00010101914977139124,0.0002605773389469775,0.0,0.0,1,8,0.0,mraabhijit,3.0,1,0,0,0,0,2020-05-03 11:46:26,2020-05-03 11:46:26,Peripheral learner,,0
28071,0,1,0,1,0.00010101914977139124,0.0002605773389469775,0.0,0.0,1,8,0.0,Sajid Ansari,3.0,1,0,0,0,0,2020-05-08 21:46:40,2020-05-08 21:46:40,Peripheral learner,,0
28404,0,1,0,1,0.00010101914977139124,0.0002605773389469775,0.0,0.0,1,8,0.0,Hideo,21.0,1,0,0,0,0,2020-05-25 18:58:08,2020-05-25 18:58:08,Peripheral learner,,0
28660,0,1,0,1,0.00010101914977139124,0.0002605773389469775,0.0,0.0,1,8,0.0,elizaponsm,3.0,1,0,0,1,0,2020-06-10 21:28:21,2020-06-10 22:17:33,Peripheral learner,,0
28177,0,5,0,13,0.00010101914977139124,0.0003219308954347759,0.000431379776917453,0.4,5,0,0.5599999999999999,Nick,7.0,4,0,0,10,0,2020-05-13 16:32:01,2020-06-16 20:49:03,Peripheral learner,,0
28178,0,1,0,1,0.00010101914977139124,0.0002574849588985157,0.0,0.0,1,0,0.0,user28178,3.0,1,0,0,0,0,2020-05-13 17:19:50,2020-05-13 17:19:50,Peripheral learner,,0
28185,0,1,0,2,0.00010101914977139124,0.0002621954137753815,0.0,0.0,1,0,0.0,E V,3.0,1,0,0,1,0,2020-05-14 04:47:11,2020-05-14 05:14:28,Peripheral learner,,0
28199,0,1,0,1,0.00010101914977139124,0.0002574849588985157,0.0,0.0,1,0,0.0,Robert Harbuck,1.0,1,1,0,0,0,2020-05-14 19:27:46,2020-05-14 20:16:45,Peripheral learner,4,1
28209,0,3,0,6,0.00010101914977139124,0.0002966403710147307,0.0,1.0,3,4,0.4444444444444444,dubflicker,19.0,4,0,0,5,0,2020-05-15 13:15:42,2020-07-28 06:58:56,Peripheral learner,,0
28233,0,3,0,4,0.00010101914977139124,0.0004769136999662687,0.0012585669781931459,0.3333333333333333,2,11,0.4444444444444444,snowboly,3.0,3,0,0,4,0,2020-05-16 12:34:19,2020-06-18 21:32:40,Peripheral learner,,0
28236,0,1,0,2,0.00010101914977139124,0.0002621954137753815,0.0,0.0,1,0,0.0,Tii,103.0,1,0,0,1,0,2020-05-30 16:46:31,2020-05-31 08:47:40,Peripheral learner,,0
28251,0,1,0,1,0.00010101914977139124,0.0002574849588985157,0.0,0.0,1,0,0.0,Vishal verma,1.0,1,0,0,0,0,2020-05-17 12:46:56,2020-05-17 12:46:56,Peripheral learner,,0
28268,0,4,0,5,0.00010101914977139124,0.00027568447507673685,0.00026024672103012585,0.5,4,4,0.625,HoopsLoops,7.0,3,0,0,7,0,2020-05-19 06:48:11,2020-06-08 04:11:28,Peripheral learner,,0
28962,0,1,0,1,0.00010101914977139124,0.0002605773389469775,0.0,0.0,1,8,0.0,DudeManPerson,1.0,1,0,0,0,0,2020-07-01 11:09:02,2020-07-01 11:09:02,Peripheral learner,,0
28982,0,1,0,1,0.00010101914977139124,0.0002605773389469775,0.0,0.0,1,8,0.0,Antônio Gabriel Zeni Landim,3.0,1,0,0,1,0,2020-07-02 20:19:43,2020-07-02 20:52:14,Peripheral learner,,0
29025,0,1,0,1,0.00010101914977139124,0.0002605773389469775,0.0,0.0,1,8,0.0,Christine,1.0,1,0,0,1,0,2020-07-06 00:54:43,2020-07-07 23:21:56,Peripheral learner,,0
29045,0,1,0,1,0.00010101914977139124,0.0002605773389469775,0.0,0.0,1,8,0.0,Sajeeb,11.0,1,0,0,1,0,2020-07-07 21:20:09,2020-07-07 22:41:23,Peripheral learner,,0
29288,0,1,0,1,0.00010101914977139124,0.0002605773389469775,0.0,0.0,1,8,0.0,Sandro Docanto,1.0,1,0,0,0,0,2020-07-28 19:43:44,2020-07-28 19:43:44,Peripheral learner,,0
28631,0,2,0,4,0.00010101914977139124,0.0010062949192906306,0.0003250259605399792,0.0,1,13,0.0,Riko,1.0,1,1,0,1,0,2020-06-08 14:02:32,2020-06-09 15:51:21,Peripheral learner,2,1
28099,0,1,0,1,0.00010101914977139124,0.0008332617386688514,0.0,0.0,1,26,0.0,luk020,23.0,1,0,0,1,0,2020-05-23 22:08:04,2020-05-25 00:33:42,Peripheral learner,,0
24095,0,1,0,1,0.00010101914977139124,0.00046771683964939555,0.0,0.0,1,70,0.0,Ali Shehzad,101.0,1,1,1,1,0,2019-11-07 08:48:59,2020-05-25 06:57:47,Peripheral learner,0,1
32286,0,1,0,1,0.00010101914977139124,0.0002574849588985157,0.0,0.0,1,0,0.0,wakanda_official_tourism,3.0,1,0,0,0,0,2021-04-16 22:47:42,2021-04-16 22:47:42,Peripheral learner,,0
32301,0,2,0,3,0.00010101914977139124,0.0002751342454665489,0.0,1.0,2,10,0.5,orangecat94,25.0,2,0,0,4,0,2021-04-20 08:22:48,2021-05-06 04:36:45,Peripheral learner,,0
32327,0,10,0,28,0.00010101914977139124,0.0015215600805867082,0.003581452027069453,0.17777777777777778,4,1,0.6599999999999999,Splendid Digital Solutions,77.0,22,6,1,12,1,2021-07-23 05:34:14,2022-02-08 09:56:01,Peripheral learner,8,5
32356,0,1,0,1,0.00010101914977139124,0.0002574849588985157,0.0,0.0,1,0,0.0,esma hancer,3.0,1,0,0,1,0,2021-06-16 07:27:29,2021-06-17 09:43:35,Peripheral learner,,0
32363,0,5,0,10,0.00010101914977139124,0.0003774470821334639,0.0016481446365161098,0.4,4,11,0.72,Matrix,67.0,7,3,0,11,4,2021-05-06 09:51:55,2022-12-05 10:53:34,Peripheral learner,2,2
34064,0,1,0,1,0.00010101914977139124,0.0002574849588985157,0.0,0.0,1,0,0.0,Eyvie,3.0,1,0,0,0,0,2021-08-17 20:39:34,2021-08-17 20:39:34,Peripheral learner,,0
34073,0,1,0,1,0.00010101914977139124,0.0002574849588985157,0.0,0.0,1,0,0.0,hawki2sl,3.0,2,1,0,1,0,2021-08-18 19:19:15,2021-12-06 14:37:01,Peripheral learner,0,1
34088,0,1,0,1,0.00010101914977139124,0.0002574849588985157,0.0,0.0,1,0,0.0,anonymous,3.0,1,0,0,1,0,2021-08-22 19:41:43,2021-08-23 08:49:45,Peripheral learner,,0
34145,0,2,0,2,0.00010101914977139124,0.0004724272945262613,0.0003250259605399792,0.0,1,0,0.0,yusuf mostafa,1.0,1,0,0,0,0,2021-08-31 11:28:08,2021-08-31 11:28:08,Peripheral learner,,0
34155,0,1,0,1,0.00010101914977139124,0.0002574849588985157,0.0,0.0,1,0,0.0,jaslyn lxt,3.0,1,0,0,0,0,2021-09-02 04:18:13,2021-09-02 04:18:13,Peripheral learner,,0
34160,0,1,0,1,0.00010101914977139124,0.0002574849588985157,0.0,0.0,1,0,0.0,Marco Toccoli,1.0,1,0,0,0,0,2021-09-02 20:06:48,2021-09-02 20:06:48,Peripheral learner,,0
34161,0,2,0,3,0.00010101914977139124,0.00031693507655476336,0.0,1.0,2,0,0.5,aksharrastogi,15.0,3,1,0,1,0,2021-09-03 02:12:33,2021-10-04 10:15:09,Peripheral learner,3,1
34247,0,1,0,1,0.00010101914977139124,0.0002574849588985157,0.0,0.0,1,0,0.0,Isabel García,3.0,1,0,0,1,0,2021-09-16 21:47:17,2021-09-18 21:47:47,Peripheral learner,,0
34258,0,1,0,2,0.00010101914977139124,0.0002621954137753815,0.0,0.0,1,0,0.0,Naufal Alfa,1.0,1,0,0,0,0,2021-09-17 07:54:31,2021-09-17 07:54:31,Peripheral learner,,0
32616,0,2,0,4,0.00010101914977139124,0.0005182016878521556,0.0,1.0,2,0,0.0,user16108583,3.0,1,0,0,3,0,2021-06-03 17:35:30,2021-06-09 06:19:12,Peripheral learner,,0
32655,0,1,0,3,0.00010101914977139124,0.00026690586865224725,0.0,0.0,1,0,0.0,David S,103.0,2,1,0,3,0,2021-06-10 01:09:40,2022-07-24 18:53:23,Peripheral learner,14,1
29619,0,1,0,1,0.00010101914977139124,0.0004252858289131233,0.0,0.0,1,12,0.0,mohammed shajahan,3.0,1,0,0,0,0,2020-10-18 15:41:57,2020-10-18 15:41:57,Peripheral learner,,0
29805,0,1,0,1,0.00010101914977139124,0.0004252858289131233,0.0,0.0,1,12,0.0,fer 545,11.0,1,1,0,1,0,2020-09-23 14:51:23,2020-09-23 19:12:27,Peripheral learner,2,1
37196,0,1,0,1,0.00010101914977139124,0.0006627713383911045,0.0,0.0,1,0,0.0,ManveerD,1.0,1,0,0,0,0,2022-10-23 16:40:15,2022-10-23 16:40:15,Peripheral learner,,0
27252,0,2,0,4,0.00010101914977139124,0.000295307947659312,0.00019078762755571964,0.0,2,4,0.5,Maria Eduarda Silveira,3.0,2,0,0,4,0,2020-04-19 03:46:18,2020-04-19 14:39:07,Peripheral learner,,0
27368,0,3,0,5,0.00010101914977139124,0.00029806993132743226,0.0002383506335083594,0.6666666666666666,3,5,0.6666666666666667,MatStac,3.0,2,0,0,4,0,2020-04-05 15:33:05,2020-04-08 12:30:38,Peripheral learner,,0
27375,0,1,0,1,0.00010101914977139124,0.00026696688067019063,0.0,0.0,1,5,0.0,dantecostabile,11.0,1,0,0,0,0,2020-04-05 23:13:39,2020-04-05 23:13:39,Peripheral learner,,0
27616,0,1,0,1,0.00010101914977139124,0.00026696688067019063,0.0,0.0,1,5,0.0,senator,1.0,1,0,0,0,0,2020-04-18 21:08:05,2020-04-18 21:08:05,Peripheral learner,,0
27617,0,2,0,6,0.00010101914977139124,0.00028140485551937015,9.044015792350359e-05,0.0,2,4,0.5,reillyderrick,3.0,2,0,0,4,0,2020-04-18 23:58:34,2020-05-27 22:27:38,Peripheral learner,,0
27891,0,1,0,1,0.00010101914977139124,0.00026696688067019063,0.0,0.0,1,5,0.0,Peter Heri,3.0,1,0,0,0,0,2020-04-30 13:32:55,2020-04-30 13:32:55,Peripheral learner,,0
27970,0,1,0,1,0.00010101914977139124,0.00026696688067019063,0.0,0.0,1,5,0.0,Eleandro Duzentos,101.0,1,0,0,0,0,2021-08-30 21:29:41,2021-08-30 21:29:41,Peripheral learner,,0
28053,0,1,0,1,0.00010101914977139124,0.00026696688067019063,0.0,0.0,1,5,0.0,kcoak1,3.0,1,0,0,0,0,2020-05-13 01:22:06,2020-05-13 01:22:06,Peripheral learner,,0
28161,0,2,0,2,0.00010101914977139124,0.0002704940018314197,0.0,1.0,2,5,0.5,Izzy Muse,3.0,1,0,0,0,0,2020-05-12 17:45:57,2020-05-12 17:45:57,Peripheral learner,,0
28459,0,2,0,2,0.00010101914977139124,0.00026985447564002653,9.044015792350359e-05,0.0,2,4,0.5,josh8011,3.0,1,0,0,1,0,2020-06-18 06:28:04,2020-06-18 07:34:59,Peripheral learner,,0
28168,0,1,0,1,0.00010101914977139124,0.0003288413050109481,0.0,0.0,1,8,0.0,Felix Kioe,11.0,1,0,0,0,0,2020-05-13 09:58:56,2020-05-13 09:58:56,Peripheral learner,,0
28690,0,1,0,1,0.00010101914977139124,0.0002605773389469775,0.0,0.0,1,8,0.0,Jamie Walker,1.0,2,1,0,1,0,2020-06-12 15:49:27,2020-06-24 20:28:04,Peripheral learner,1,1
28774,0,1,0,1,0.00010101914977139124,0.0002605773389469775,0.0,0.0,1,8,0.0,PaintingPlanes,3.0,1,0,0,0,0,2020-06-18 07:59:23,2020-06-18 07:59:23,Peripheral learner,,0
28822,0,1,0,1,0.00010101914977139124,0.0002605773389469775,0.0,0.0,1,8,0.0,jeekchicken,3.0,1,0,0,1,0,2020-06-21 08:30:19,2020-06-24 02:51:29,Peripheral learner,,0
28949,0,1,0,1,0.00010101914977139124,0.0002605773389469775,0.0,0.0,1,8,0.0,Oskar Olsson,3.0,1,0,0,0,0,2020-07-01 09:30:03,2020-07-01 09:30:03,Peripheral learner,,0
28951,0,1,0,1,0.00010101914977139124,0.0002605773389469775,0.0,0.0,1,8,0.0,Michael_Epstein,3.0,1,0,0,1,0,2020-06-30 15:13:04,2020-06-30 15:53:20,Peripheral learner,,0
28529,0,4,0,4,0.00010101914977139124,0.0011002300693373414,0.0022326064382139146,0.0,1,11,0.0,The GRAPKE,141.0,1,0,0,0,0,2020-06-02 06:49:20,2020-06-02 06:49:20,Peripheral learner,,0
28669,0,1,0,1,0.00010101914977139124,0.0003799844513811382,0.0,0.0,1,11,0.0,Jonathan Simon,3.0,1,0,0,0,0,2020-06-11 12:15:16,2020-06-11 12:15:16,Peripheral learner,,0
28902,0,1,0,1,0.00010101914977139124,0.0006545056046489053,0.0,0.0,1,31,0.0,Mahesh B,1.0,1,0,0,0,0,2020-06-26 16:11:57,2020-06-26 16:11:57,Peripheral learner,,0
27923,0,1,0,1,0.00010101914977139124,0.0002574849588985157,0.0,0.0,1,0,0.0,Sergei Maslovskiy,3.0,1,0,0,1,0,2020-05-02 16:40:09,2020-05-03 07:34:04,Peripheral learner,,0
27928,0,1,0,1,0.00010101914977139124,0.0002574849588985157,0.0,0.0,1,0,0.0,Ian,3.0,1,0,0,1,0,2020-05-02 22:49:24,2020-05-02 23:46:12,Peripheral learner,,0
27933,0,2,0,6,0.00010101914977139124,0.0002834011235762692,0.0,1.0,2,0,0.5,Mohamed Fakhr,3.0,2,0,0,6,0,2020-05-03 05:50:43,2020-05-14 05:50:18,Peripheral learner,,0
27963,0,2,0,2,0.00010101914977139124,0.0002603725538683516,0.0,1.0,2,4,0.5,Aahaan Sachin,3.0,2,0,0,1,0,2020-05-09 09:05:31,2020-06-05 17:15:37,Peripheral learner,,0
27998,0,4,0,8,0.00010101914977139124,0.00031380283018589894,0.0004605236830458044,0.5,4,3,0.75,mikeli,7.0,3,0,0,8,0,2020-05-06 17:00:11,2020-05-08 00:27:53,Peripheral learner,,0
28000,0,2,0,2,0.00010101914977139124,0.0002610120800597448,0.0,1.0,2,1,0.5,Dhruv,1.0,1,0,0,0,0,2020-05-05 15:43:34,2020-05-05 15:43:34,Peripheral learner,,0
26000,0,1,0,1,0.00010101914977139124,0.0003288413050109481,0.0,0.0,1,8,0.0,Duncan Wan,1.0,1,0,0,0,0,2020-06-06 15:18:18,2020-06-06 15:18:18,Peripheral learner,,0
26028,0,2,0,3,0.00010101914977139124,0.00029261853045105246,0.0,1.0,2,5,0.5,Afrah Saleem,5.0,2,0,0,2,0,2020-02-28 06:18:34,2020-04-01 18:34:25,Peripheral learner,,0
26145,0,1,0,1,0.00010101914977139124,0.00026696688067019063,0.0,0.0,1,5,0.0,Hoang Phung,3.0,1,0,0,1,0,2020-03-20 02:27:44,2020-03-20 02:38:28,Peripheral learner,,0
26176,0,3,0,4,0.00010101914977139124,0.0002878470635562433,0.0,1.0,3,0,0.6666666666666667,Pete,11.0,2,0,0,3,0,2020-03-23 20:49:16,2020-03-26 15:33:33,Peripheral learner,,0
26203,0,4,0,5,0.00010101914977139124,0.0003081037056907454,0.00035168502012852685,0.0,4,4,0.375,roman465,113.0,3,0,0,2,0,2020-04-05 22:35:09,2021-10-31 19:58:05,Peripheral learner,,0
28065,0,3,0,7,0.00010101914977139124,0.00031695396362348247,0.0,1.0,3,4,0.4444444444444444,Beth Burroughs,3.0,1,0,0,7,0,2020-05-12 14:40:48,2020-05-13 11:19:51,Peripheral learner,,0
28066,0,1,0,1,0.00010101914977139124,0.0002574849588985157,0.0,0.0,1,0,0.0,Savage,1.0,1,0,0,0,0,2020-05-08 18:19:32,2020-05-08 18:19:32,Peripheral learner,,0
28090,0,1,0,2,0.00010101914977139124,0.0002621954137753815,0.0,0.0,1,0,0.0,Rafe ,3.0,1,0,0,1,0,2020-05-09 15:39:45,2020-05-10 15:37:51,Peripheral learner,,0
28098,0,2,0,2,0.00010101914977139124,0.00038390487154113247,0.0018507038922071278,0.0,2,11,0.5,AwesomeRAG7,15.0,2,0,0,3,0,2020-05-10 07:07:55,2020-05-16 04:41:57,Peripheral learner,,0
28133,0,1,0,1,0.00010101914977139124,0.0002574849588985157,0.0,0.0,1,0,0.0,DaveS,3.0,1,0,0,1,0,2020-05-11 20:28:18,2020-05-13 03:01:27,Peripheral learner,,0
28134,0,1,0,1,0.00010101914977139124,0.0002574849588985157,0.0,0.0,1,0,0.0,Nate,13.0,2,0,0,1,0,2020-05-11 21:43:01,2020-05-13 16:46:57,Peripheral learner,,0
28836,0,2,0,2,0.00010101914977139124,0.0004879872911591509,0.0012585669781931467,0.0,1,0,0.0,Mike,121.0,1,1,1,1,1,2020-06-22 09:23:20,2020-07-02 20:23:19,Peripheral learner,0,1
28863,0,7,0,7,0.00010101914977139124,0.0025038048529888155,0.0051652021042754665,0.0,2,10,0.24489795918367352,switchblade,29.0,1,0,0,0,0,2020-06-23 17:26:31,2020-06-23 17:26:31,Peripheral learner,,0
28868,0,1,0,1,0.00010101914977139124,0.00027304495553140526,0.0,0.0,1,0,0.0,DZV31,1.0,1,0,0,1,0,2020-06-25 04:00:15,2020-06-25 14:10:45,Peripheral learner,,0
29607,0,1,0,1,0.00010101914977139124,0.00046771683964939555,0.0,0.0,1,71,0.0,piotrektnw,1.0,1,0,0,0,0,2020-10-01 10:42:52,2020-10-01 10:42:52,Peripheral learner,,0
29219,0,2,0,3,0.00010101914977139124,0.00038380231958951266,1.771605188012252e-05,0.0,2,12,0.0,larsfoldager,3.0,1,0,0,1,0,2020-07-22 08:17:22,2020-07-23 11:14:14,Peripheral learner,,0
29392,0,1,0,1,0.00010101914977139124,0.00026455282789864486,0.0,0.0,1,12,0.0,Anti-Entropy,1.0,1,0,0,0,0,2020-08-07 13:43:04,2020-08-07 13:43:04,Peripheral learner,,0
28818,0,1,0,1,0.00010101914977139124,0.00028278369941942314,0.0,0.0,1,8,0.0,David,11.0,2,2,2,0,1,2020-06-21 03:22:36,2020-07-01 17:45:57,Peripheral learner,1,2
29138,0,1,0,1,0.00010101914977139124,0.00028278369941942314,0.0,0.0,1,8,0.0,Ashley Hames,21.0,1,0,0,0,0,2020-07-14 17:13:30,2020-07-14 17:13:30,Peripheral learner,,0
28216,0,1,0,1,0.00010101914977139124,0.00046771683964939555,0.0,0.0,1,72,0.0,gfrema,1.0,1,0,0,0,0,2020-05-15 20:31:53,2020-05-15 20:31:53,Peripheral learner,,0
27297,0,1,0,1,0.00010101914977139124,0.00046771683964939555,0.0,0.0,1,73,0.0,Bonnie Zerbato,1.0,1,0,0,0,0,2020-04-02 13:18:32,2020-04-02 13:18:32,Peripheral learner,,0
29883,0,1,0,1,0.00010101914977139124,0.0003147764819106288,0.0,0.0,1,6,0.0,Javier Garza Suarez,1.0,1,0,0,0,0,2020-10-03 04:33:54,2020-10-03 04:33:54,Peripheral learner,,0
29250,0,1,0,2,0.00010101914977139124,0.00039606939444014697,0.0,0.0,1,40,0.0,Gaza,1.0,1,0,0,2,0,2020-07-25 00:36:45,2020-07-26 17:05:43,Peripheral learner,,0
31942,0,3,0,4,0.00010101914977139124,0.00048488657210208155,0.0015005721398793743,0.0,2,7,0.4444444444444444,João Victor Schiavon,13.0,2,0,0,2,0,2021-02-26 01:42:05,2021-03-03 20:50:58,Peripheral learner,,0
31945,0,2,0,2,0.00010101914977139124,0.0002682275873698187,0.0,1.0,2,6,0.5,ramon chacon,1.0,1,1,0,1,0,2021-02-25 16:13:11,2021-02-26 01:46:14,Peripheral learner,3,1
31951,0,1,0,3,0.00010101914977139124,0.00026690586865224725,0.0,0.0,1,0,0.0,Furkan Edizkan,1.0,1,1,0,2,0,2021-02-27 23:57:28,2021-02-28 02:22:52,Peripheral learner,8,1
31960,0,1,0,1,0.00010101914977139124,0.0002574849588985157,0.0,0.0,1,0,0.0,Pedro Bogdanovich,3.0,1,0,0,1,0,2021-03-01 06:31:10,2021-03-01 07:56:16,Peripheral learner,,0
31964,0,1,0,3,0.00010101914977139124,0.00026690586865224725,0.0,0.0,1,0,0.0,user31964,3.0,1,0,0,2,0,2021-03-12 07:41:49,2021-03-12 09:58:36,Peripheral learner,,0
32714,0,3,0,3,0.00010101914977139124,0.00031127968810403266,0.00031178094495867365,0.3333333333333333,3,2,0.6666666666666667,shaneinei,5.0,3,0,0,0,0,2021-06-16 10:43:26,2022-05-28 17:07:01,Peripheral learner,,0
32759,0,1,0,2,0.00010101914977139124,0.0002621954137753815,0.0,0.0,1,0,0.0,oms_CS50,3.0,1,0,0,1,0,2021-06-24 19:44:41,2021-06-26 00:56:30,Peripheral learner,,0
32786,0,1,0,1,0.00010101914977139124,0.0002574849588985157,0.0,0.0,1,0,0.0,DarthVader,3.0,1,0,0,1,0,2021-06-28 19:51:07,2021-07-03 19:05:14,Peripheral learner,,0
32814,0,1,0,1,0.00010101914977139124,0.0002574849588985157,0.0,0.0,1,0,0.0,cheesecake,3.0,2,1,0,1,0,2021-07-04 12:06:41,2021-07-14 05:28:46,Peripheral learner,4,1
32894,0,2,0,5,0.00010101914977139124,0.00027514344469034216,0.0,1.0,2,0,0.5,Amie,3.0,2,1,1,4,0,2021-07-16 18:38:37,2021-08-11 16:58:44,Peripheral learner,6,1
32902,0,1,0,1,0.00010101914977139124,0.0002574849588985157,0.0,0.0,1,0,0.0,bob saget,1.0,1,0,0,0,0,2021-07-18 18:47:51,2021-07-18 18:47:51,Peripheral learner,,0
33974,0,1,0,1,0.00010101914977139124,0.0002574849588985157,0.0,0.0,1,0,0.0,Shaun,13.0,1,0,0,1,0,2021-07-31 12:49:10,2021-07-31 14:45:50,Peripheral learner,,0
32137,0,3,0,5,0.00010101914977139124,0.000281999011487607,0.00024200516168623008,0.6666666666666666,3,7,0.4444444444444444,White fire,1.0,1,0,0,4,0,2021-03-30 00:35:06,2021-04-15 02:01:47,Peripheral learner,,0
32192,0,1,0,1,0.00010101914977139124,0.0002574849588985157,0.0,0.0,1,0,0.0,EMDIPablo,1.0,1,0,0,1,0,2021-04-05 09:14:58,2021-04-05 16:43:12,Peripheral learner,,0
29322,0,1,0,1,0.00010101914977139124,0.0003602456718355227,0.0,0.0,1,41,0.0,stuttard,3.0,1,0,0,0,0,2020-08-01 12:31:45,2020-08-01 12:31:45,Peripheral learner,,0
31158,0,1,0,1,0.00010101914977139124,0.00036302236723834245,0.0,0.0,1,6,0.0,Sama_san,1.0,1,0,0,1,0,2020-11-09 17:23:05,2020-11-10 09:10:43,Peripheral learner,,0
28029,0,1,0,1,0.00010101914977139124,0.0002574849588985157,0.0,0.0,1,0,0.0,anonymous,1.0,1,0,0,1,0,2020-05-07 01:22:48,2020-05-07 02:17:11,Peripheral learner,,0
28041,0,1,0,1,0.00010101914977139124,0.0002574849588985157,0.0,0.0,1,0,0.0,abcslayer,1.0,1,0,0,0,0,2020-05-07 16:08:41,2020-05-07 16:08:41,Peripheral learner,,0
28063,0,2,0,3,0.00010101914977139124,0.00036495612671238846,0.0004355088976929198,0.0,2,37,0.5,funprog31,3.0,2,0,0,4,0,2020-05-08 11:15:18,2020-05-10 11:44:02,Peripheral learner,,0
29432,0,1,0,1,0.00010101914977139124,0.00036627014507019547,0.0,0.0,1,0,0.0,Hasan,1.0,1,0,0,0,0,2020-08-11 15:49:15,2020-08-11 15:49:15,Peripheral learner,,0
29343,0,5,0,5,0.00010101914977139124,0.0013274861821603783,5.538248528902734e-06,0.0,1,19,0.0,Ysoni18,47.0,1,1,1,2,2,2020-08-03 18:22:43,2020-08-16 19:03:00,Peripheral learner,0,1
29317,0,1,0,1,0.00010101914977139124,0.00046771683964939555,0.0,0.0,1,74,0.0,Aman Singh,21.0,1,0,0,1,0,2020-08-01 04:00:13,2020-08-11 05:29:06,Peripheral learner,,0
29396,0,2,0,2,0.00010101914977139124,0.0004021455287158513,4.4049412342939495e-06,0.0,2,2,0.5,Edwin Thomas,81.0,1,1,0,0,4,2020-08-07 18:28:03,2020-08-07 19:29:37,Peripheral learner,0,1
27596,0,4,0,9,0.00010101914977139124,0.0004090240982422335,0.00012477721854608774,0.5,4,4,0.625,IDK,7.0,5,0,0,5,0,2020-05-02 16:37:35,2020-06-04 14:01:30,Peripheral learner,,0
27620,0,1,0,1,0.00010101914977139124,0.0002574849588985157,0.0,0.0,1,0,0.0,Daniel Cloud,1.0,1,0,0,1,0,2020-04-19 01:47:08,2020-04-19 06:15:29,Peripheral learner,,0
27672,0,1,0,1,0.00010101914977139124,0.0002574849588985157,0.0,0.0,1,0,0.0,c_c,103.0,1,0,0,1,0,2020-04-21 14:31:18,2020-04-21 20:15:36,Peripheral learner,,0
27674,0,1,0,1,0.00010101914977139124,0.0002574849588985157,0.0,0.0,1,0,0.0,djack109,103.0,1,0,0,1,0,2020-04-21 17:08:34,2020-04-21 18:51:18,Peripheral learner,,0
27727,0,1,0,2,0.00010101914977139124,0.0002621954137753815,0.0,0.0,1,0,0.0,cook,11.0,2,1,0,1,1,2020-04-23 20:40:02,2020-04-30 21:49:59,Peripheral learner,2,1
29081,0,2,0,2,0.00010101914977139124,0.0004794951635263905,0.0003250259605399792,0.0,1,12,0.0,4RZG4,1.0,1,0,0,1,0,2020-07-10 18:37:14,2020-07-16 07:10:53,Peripheral learner,,0
29216,0,1,0,1,0.00010101914977139124,0.0003602456718355227,0.0,0.0,1,1,0.0,Akram Bouaziz,1.0,1,0,0,0,0,2020-07-22 10:34:34,2020-07-22 10:34:34,Peripheral learner,,0
29060,0,1,0,1,0.00010101914977139124,0.00026455282789864486,0.0,0.0,1,12,0.0,David Sampson,1.0,1,0,0,1,0,2020-07-09 12:29:39,2020-07-10 14:15:06,Peripheral learner,,0
27812,0,1,0,1,0.00010101914977139124,0.0002574849588985157,0.0,0.0,1,0,0.0,sclemson,3.0,1,0,0,2,0,2020-04-27 17:59:15,2020-04-28 14:19:58,Peripheral learner,,0
27815,0,4,0,5,0.00010101914977139124,0.00027545550191158366,0.00042831079495850354,0.5,4,11,0.75,MarkB,7.0,3,0,0,4,0,2020-04-27 19:17:24,2020-05-08 18:39:48,Peripheral learner,,0
27821,0,2,0,2,0.00010101914977139124,0.00026357976349890945,0.0,1.0,2,7,0.5,MOMarty,1.0,2,1,0,1,0,2020-05-28 20:22:00,2021-02-10 18:57:31,Peripheral learner,0,1
27851,0,6,0,19,0.00010101914977139124,0.0006062684929413242,0.0014427377045252013,0.26666666666666666,5,0,0.7222222222222222,Rayray94,9.0,7,1,1,19,0,2020-04-29 07:19:47,2020-05-19 21:09:26,Peripheral learner,0,1
27870,0,1,0,1,0.00010101914977139124,0.0002574849588985157,0.0,0.0,1,0,0.0,zeynal,1.0,1,0,0,0,0,2020-04-29 19:00:35,2020-04-29 19:00:35,Peripheral learner,,0
27875,0,1,0,2,0.00010101914977139124,0.0002621954137753815,0.0,0.0,1,0,0.0,meiam,3.0,1,0,0,2,0,2020-04-29 21:39:59,2020-04-29 23:10:32,Peripheral learner,,0
27896,0,3,0,4,0.00010101914977139124,0.00027912341349406575,2.2445555811950385e-05,0.6666666666666666,3,4,0.4444444444444444,mimi,5.0,3,0,0,0,0,2020-04-30 16:08:45,2020-05-25 13:12:11,Peripheral learner,,0
29493,0,1,0,1,0.00010101914977139124,0.00046771683964939555,0.0,0.0,1,75,0.0,goodmagnus,3.0,1,0,0,0,0,2020-08-17 08:48:05,2020-08-17 08:48:05,Peripheral learner,,0
29598,0,2,0,4,0.00010101914977139124,0.000521452423556332,1.26918195454021e-06,0.0,2,8,0.0,zeek,1.0,1,0,0,1,0,2020-08-29 05:48:17,2020-08-30 04:53:36,Peripheral learner,,0
29525,0,1,0,1,0.00010101914977139124,0.00027710324303470847,0.0,0.0,1,0,0.0,Rachel Pospíšil,11.0,1,0,0,0,0,2020-08-20 17:47:53,2020-08-20 17:47:53,Peripheral learner,,0
29571,0,1,0,1,0.00010101914977139124,0.00027710324303470847,0.0,0.0,1,0,0.0,aidan,1.0,1,0,0,1,0,2020-08-26 16:23:46,2020-09-02 18:22:54,Peripheral learner,,0
29505,0,1,0,1,0.00010101914977139124,0.0003602456718355227,0.0,0.0,1,0,0.0,Krasimir Yankov Kolev,1.0,1,0,0,2,0,2020-08-18 12:10:57,2020-08-25 18:18:55,Peripheral learner,,0
29553,0,1,0,1,0.00010101914977139124,0.0004778708646221582,0.0,0.0,1,12,0.0,Aishwarya Gade,1.0,1,0,0,1,0,2020-08-24 05:59:24,2020-08-27 05:23:14,Peripheral learner,,0
29304,0,1,0,1,0.00010101914977139124,0.0006688397009192831,0.0,0.0,1,0,0.0,Ian Samir Yep Manzano,11.0,1,0,0,0,0,2020-07-30 18:04:28,2020-07-30 18:04:28,Peripheral learner,,0
29319,0,1,0,1,0.00010101914977139124,0.0002574849588985157,0.0,0.0,1,0,0.0,Yash Patel,1.0,1,0,0,0,0,2020-08-01 07:11:28,2020-08-01 07:11:28,Peripheral learner,,0
29335,0,1,0,1,0.00010101914977139124,0.0002574849588985157,0.0,0.0,1,0,0.0,J Sim,3.0,1,0,0,0,0,2020-08-02 18:57:50,2020-08-02 18:57:50,Peripheral learner,,0
25537,0,3,0,3,0.00010101914977139124,0.00041346395571420416,0.0010189680991275483,0.0,2,3,0.6666666666666667,kamil,23.0,1,0,0,0,0,2019-11-12 23:35:35,2019-11-12 23:35:35,Peripheral learner,,0
25546,0,1,0,2,0.00010101914977139124,0.0002811592573187313,0.0,0.0,1,5,0.0,Cris Gonzalez,33.0,1,0,0,1,0,2019-11-15 13:53:51,2019-11-17 23:47:52,Peripheral learner,,0
25551,0,1,0,1,0.00010101914977139124,0.00026696688067019063,0.0,0.0,1,5,0.0,Igor Rocha,2.0,1,0,0,0,0,2019-11-17 01:16:57,2019-11-17 01:16:57,Peripheral learner,,0
25686,0,6,0,10,0.00010101914977139124,0.0007478370852551789,0.002212321383559505,0.13333333333333333,4,3,0.6666666666666666,Katie Melosto,135.0,10,2,0,2,0,2019-12-19 19:03:27,2021-06-15 18:23:03,Peripheral learner,17,2
25826,0,1,0,1,0.00010101914977139124,0.00026696688067019063,0.0,0.0,1,5,0.0,Gaunish garg,1.0,1,0,0,1,0,2020-01-17 12:52:13,2020-01-21 13:55:18,Peripheral learner,,0
25829,0,2,0,4,0.00010101914977139124,0.00028109824530078795,0.0,1.0,2,0,0.5,Gil Ong,1.0,3,2,1,3,0,2020-01-17 23:29:57,2020-03-20 20:11:25,Peripheral learner,13,2
25847,0,5,0,7,0.00010101914977139124,0.0006270704883109892,0.0018799607310735732,0.3,3,5,0.6399999999999999,speedy_catch,5.0,4,0,0,6,0,2020-01-21 01:39:14,2020-01-28 09:35:06,Peripheral learner,,0
25855,0,1,0,1,0.00010101914977139124,0.00026696688067019063,0.0,0.0,1,5,0.0,Lan,3.0,1,0,0,0,0,2020-01-23 17:22:34,2020-01-23 17:22:34,Peripheral learner,,0
25865,0,1,0,1,0.00010101914977139124,0.00026696688067019063,0.0,0.0,1,5,0.0,jlsandre,1.0,1,0,0,1,0,2020-01-27 23:52:46,2020-01-28 22:53:57,Peripheral learner,,0
27789,0,1,0,3,0.00010101914977139124,0.00026690586865224725,0.0,0.0,1,0,0.0,sumer fattoum,13.0,2,0,0,3,0,2020-06-01 12:14:05,2020-12-08 01:08:42,Peripheral learner,,0
27804,0,2,0,2,0.00010101914977139124,0.0004724272945262613,0.0012594803179780676,0.0,1,0,0.0,omartarek102,1.0,1,0,0,1,0,2020-04-27 09:14:03,2020-04-29 07:18:48,Peripheral learner,,0
27719,0,2,0,2,0.00010101914977139124,0.0005107053067749447,0.0012585669781931446,0.0,1,11,0.0,Jon Merladet,31.0,1,0,0,0,0,2020-04-23 12:27:33,2020-04-23 12:27:33,Peripheral learner,,0
29504,0,1,0,2,0.00010101914977139124,0.0002621954137753815,0.0,0.0,1,0,0.0,needhelp32,13.0,1,0,0,2,0,2020-08-18 11:51:49,2020-08-19 07:26:05,Peripheral learner,,0
29508,0,2,0,2,0.00010101914977139124,0.0002610120800597448,0.0,1.0,2,1,0.5,KP.cs50ai,1.0,2,0,0,1,0,2020-08-18 13:39:04,2020-10-11 18:46:10,Peripheral learner,,0
29524,0,3,0,10,0.00010101914977139124,0.00029815592845324574,0.00017868063365064616,0.6666666666666666,3,0,0.6666666666666667,Mika-Anne Reha,15.0,6,0,0,6,0,2020-08-20 14:44:44,2020-12-03 23:04:48,Peripheral learner,,0
29528,0,3,0,3,0.00010101914977139124,0.0002812045236437188,0.0003624283418404675,0.3333333333333333,3,12,0.4444444444444444,Emily Rose,5.0,2,0,0,2,0,2020-08-21 03:28:49,2020-09-03 04:21:28,Peripheral learner,,0
29531,0,2,0,3,0.00010101914977139124,0.00048517038038269067,0.0,1.0,2,0,0.0,Vladimir Briceño,1.0,2,0,0,0,0,2020-08-22 15:57:26,2020-09-02 02:35:09,Peripheral learner,,0
29543,0,1,0,1,0.00010101914977139124,0.0002574849588985157,0.0,0.0,1,0,0.0,user7968702,1.0,1,0,0,1,0,2020-08-23 11:59:24,2020-09-05 15:18:34,Peripheral learner,,0
29003,0,2,0,2,0.00010101914977139124,0.0004724272945262613,0.0003250048248317546,0.0,1,0,0.0,ddinh9978,13.0,2,0,0,2,0,2020-07-04 06:49:46,2020-08-08 19:09:36,Peripheral learner,,0
29051,0,2,0,2,0.00010101914977139124,0.0002610120800597448,0.0,1.0,2,1,0.5,Divyanshi Rawat,3.0,1,0,0,1,0,2020-07-08 16:17:18,2020-07-10 04:39:35,Peripheral learner,,0
29058,0,2,0,6,0.00010101914977139124,0.00028722199337976836,0.0,1.0,2,0,0.5,SirenLu,17.0,4,0,0,6,0,2020-07-09 20:37:16,2021-01-04 14:28:09,Peripheral learner,,0
29063,0,2,0,2,0.00010101914977139124,0.0002610120800597448,0.0,1.0,2,1,0.5,Jentw,1.0,1,0,0,0,0,2020-07-09 15:55:19,2020-07-09 15:55:19,Peripheral learner,,0
29067,0,1,0,2,0.00010101914977139124,0.0002621954137753815,0.0,0.0,1,0,0.0,Patrick,3.0,1,0,0,2,0,2020-07-09 20:17:42,2020-07-11 14:28:52,Peripheral learner,,0
29086,0,2,0,5,0.00010101914977139124,0.0002756350084903918,0.0,1.0,2,0,0.5,slugovoy,1.0,1,0,0,4,0,2020-07-13 01:16:38,2020-07-14 00:36:34,Peripheral learner,,0
29315,0,1,0,1,0.00010101914977139124,0.0002574849588985157,0.0,0.0,1,0,0.0,chlyde,1.0,1,0,0,0,0,2020-09-12 00:18:12,2020-09-12 00:18:12,Peripheral learner,,0
27398,0,1,0,1,0.00010101914977139124,0.0002574849588985157,0.0,0.0,1,0,0.0,LZR789,3.0,1,0,0,0,0,2020-04-06 22:35:18,2020-04-06 22:35:18,Peripheral learner,,0
27419,0,1,0,1,0.00010101914977139124,0.0002574849588985157,0.0,0.0,1,0,0.0,julia marçal,3.0,1,0,0,0,0,2020-04-08 13:26:53,2020-04-08 13:26:53,Peripheral learner,,0
25868,0,3,0,3,0.00010101914977139124,0.0002824448387637905,0.00025440753730054526,0.3333333333333333,3,8,0.6666666666666667,aegis301,1.0,1,0,0,0,0,2020-01-27 20:27:06,2020-01-27 20:27:06,Peripheral learner,,0
25892,0,1,0,2,0.00010101914977139124,0.0002811592573187313,0.0,0.0,1,5,0.0,Mateus Messias,3.0,1,0,0,1,0,2020-01-31 22:08:08,2020-02-02 23:12:18,Peripheral learner,,0
25898,0,2,0,2,0.00010101914977139124,0.00048190921629793625,0.0003250048248317546,0.0,1,5,0.0,Crissvictor,1.0,1,0,0,0,0,2020-02-02 03:08:14,2020-02-02 03:08:14,Peripheral learner,,0
25993,0,1,0,1,0.00010101914977139124,0.00026696688067019063,0.0,0.0,1,5,0.0,joe.,3.0,1,0,0,0,0,2020-02-22 04:50:35,2020-02-22 04:50:35,Peripheral learner,,0
31190,0,1,0,1,0.00010101914977139124,0.0003299753400365378,0.0,0.0,1,6,0.0,Abhishek Gokal,1.0,1,0,0,0,0,2020-11-14 09:33:11,2020-11-14 09:33:11,Peripheral learner,,0
29863,0,1,0,2,0.00010101914977139124,0.000517917694113299,0.0,0.0,1,8,0.0,DaitoCode,1.0,1,0,0,1,0,2020-09-30 14:52:02,2020-09-30 16:03:05,Peripheral learner,,0
31678,0,3,0,4,0.00010101914977139124,0.0002667824039409776,0.00013620548405598657,0.6666666666666666,3,1,0.6666666666666667,Amos Ting,9.0,4,0,0,0,0,2021-01-18 08:39:22,2021-02-10 05:44:30,Peripheral learner,,0
31692,0,2,0,2,0.00010101914977139124,0.0002682275873698187,0.0,1.0,2,6,0.5,nicolasalouf,3.0,1,0,0,0,0,2021-01-20 14:43:05,2021-01-20 14:43:05,Peripheral learner,,0
31696,0,2,0,6,0.00010101914977139124,0.0002851902824534285,0.0,1.0,2,7,0.5,cs50studnt2021,3.0,3,0,0,1,0,2021-01-21 04:25:17,2021-01-31 05:03:39,Peripheral learner,,0
31743,0,4,0,11,0.00010101914977139124,0.00030570386975475015,0.00043276884673607485,0.6666666666666666,4,0,0.75,Sakib Arifin,125.0,7,1,1,7,0,2021-01-27 14:30:27,2023-12-10 22:56:23,Peripheral learner,4,1
32392,0,1,0,1,0.00010101914977139124,0.0002574849588985157,0.0,0.0,1,0,0.0,braninpodolski,3.0,1,0,0,1,0,2021-05-01 04:23:25,2021-05-01 15:12:33,Peripheral learner,,0
32416,0,2,0,4,0.00010101914977139124,0.00027573051193626385,0.0,1.0,2,0,0.5,1598523,3.0,1,0,0,1,0,2021-05-04 12:38:55,2021-05-06 14:25:57,Peripheral learner,,0
32417,0,1,0,2,0.00010101914977139124,0.0002621954137753815,0.0,0.0,1,0,0.0,Mana Tahir,3.0,1,0,0,2,0,2021-05-04 14:13:45,2021-05-06 09:30:29,Peripheral learner,,0
32429,0,1,0,2,0.00010101914977139124,0.0002621954137753815,0.0,0.0,1,0,0.0,Ansar Sherkhanov,3.0,1,0,0,2,0,2021-05-27 05:48:05,2021-05-28 19:28:50,Peripheral learner,,0
32487,0,1,0,1,0.00010101914977139124,0.0002574849588985157,0.0,0.0,1,0,0.0,SeraphinaGG,13.0,1,0,0,0,0,2021-05-16 17:42:35,2021-05-16 17:42:35,Peripheral learner,,0
32547,0,1,0,1,0.00010101914977139124,0.0002574849588985157,0.0,0.0,1,0,0.0,Richard Cui,3.0,1,0,0,0,0,2021-05-26 00:08:08,2021-05-26 00:08:08,Peripheral learner,,0
32569,0,1,0,1,0.00010101914977139124,0.0002574849588985157,0.0,0.0,1,0,0.0,Daniel Chettiar,101.0,1,0,0,0,0,2021-05-28 09:33:43,2021-05-28 09:33:43,Peripheral learner,,0
32574,0,2,0,8,0.00010101914977139124,0.0002892748093209395,0.0,1.0,2,0,0.5,Rachel D,7.0,3,0,0,8,0,2021-05-28 22:19:12,2021-08-01 23:25:34,Peripheral learner,,0
32610,0,5,0,24,0.00010101914977139124,0.0004347970863124549,0.001272969786054056,0.5,4,7,0.72,Mohamed Hassan,17.0,12,2,1,37,0,2021-06-03 13:33:52,2022-03-09 05:03:14,Peripheral learner,0,2
31856,0,1,0,1,0.00010101914977139124,0.0002574849588985157,0.0,0.0,1,0,0.0,parapuffer,3.0,1,1,0,1,0,2021-02-12 16:44:48,2021-02-13 06:47:54,Peripheral learner,5,1
31915,0,3,0,4,0.00010101914977139124,0.00027431656882462145,2.805876693670306e-05,0.6666666666666666,3,0,0.6666666666666667,Tim Swinn,7.0,3,0,0,3,0,2021-02-21 19:59:58,2021-04-08 22:33:33,Peripheral learner,,0
27823,0,1,0,1,0.00010101914977139124,0.00035667387616510017,0.0,0.0,1,1,0.0,WelfareWarrior,1.0,1,0,0,0,0,2020-04-28 02:34:46,2020-04-28 02:34:46,Peripheral learner,,0
29926,0,1,0,1,0.00010101914977139124,0.0003622538295804136,0.0,0.0,1,0,0.0,Flose,101.0,2,1,1,0,0,2020-10-08 11:39:09,2020-10-12 11:22:23,Peripheral learner,9,1
20307,0,1,0,2,0.00010101914977139124,0.00046771683964939555,0.0,0.0,1,76,0.0,unacorn,101.0,1,1,0,1,0,2021-01-09 16:17:59,2021-02-21 08:17:49,Peripheral learner,1,1
31280,0,1,0,1,0.00010101914977139124,0.000479564728627394,0.0,0.0,1,11,0.0,ron_g,99.0,1,0,0,0,0,2020-11-29 08:13:55,2020-11-29 08:13:55,Peripheral learner,,0
28025,0,1,0,1,0.00010101914977139124,0.0002593118357083637,0.0,0.0,1,6,0.0,Angie,3.0,1,0,0,0,0,2020-10-28 12:51:42,2020-10-28 12:51:42,Peripheral learner,,0
31100,0,1,0,2,0.00010101914977139124,0.0002658491673950775,0.0,0.0,1,6,0.0,Le Thai Mai,3.0,1,1,0,0,0,2020-11-02 13:29:53,2020-11-03 09:25:27,Peripheral learner,2,1
31107,0,1,0,1,0.00010101914977139124,0.0002593118357083637,0.0,0.0,1,6,0.0,gvw,1.0,1,1,1,0,0,2020-11-03 04:44:46,2020-11-03 18:37:15,Peripheral learner,2,1
31121,0,1,0,1,0.00010101914977139124,0.0002593118357083637,0.0,0.0,1,6,0.0,isabellaz,1.0,1,0,0,0,0,2020-11-04 18:19:40,2020-11-04 18:19:40,Peripheral learner,,0
31203,0,1,0,1,0.00010101914977139124,0.0002593118357083637,0.0,0.0,1,6,0.0,Moose,1.0,1,0,0,0,0,2020-11-17 00:10:58,2020-11-17 00:10:58,Peripheral learner,,0
31284,0,1,0,2,0.00010101914977139124,0.0002658491673950775,0.0,0.0,1,6,0.0,exdeval,1.0,1,1,0,2,0,2020-11-29 18:24:55,2020-12-01 19:02:50,Peripheral learner,1,1
31286,0,1,0,1,0.00010101914977139124,0.0002593118357083637,0.0,0.0,1,6,0.0,Ansar Sherkhanov,3.0,1,0,0,0,0,2020-11-30 01:27:24,2020-11-30 01:27:24,Peripheral learner,,0
31289,0,1,0,1,0.00010101914977139124,0.0002593118357083637,0.0,0.0,1,6,0.0,James Olivier,3.0,1,0,0,0,0,2020-11-30 05:30:26,2020-11-30 05:30:26,Peripheral learner,,0
31323,0,1,0,2,0.00010101914977139124,0.0002658491673950775,0.0,0.0,1,6,0.0,Bob Tan,5.0,3,1,0,2,0,2020-12-04 07:15:00,2020-12-10 05:43:35,Peripheral learner,2,1
31401,0,1,0,3,0.00010101914977139124,0.0002723864990817913,0.0,0.0,1,6,0.0,InfinitumGFX,3.0,1,0,0,1,0,2020-12-14 19:24:27,2020-12-15 00:05:28,Peripheral learner,,0
31446,0,1,0,1,0.00010101914977139124,0.0002593118357083637,0.0,0.0,1,6,0.0,Sush48,3.0,1,0,0,0,0,2020-12-20 18:22:32,2020-12-20 18:22:32,Peripheral learner,,0
31470,0,3,0,3,0.00010101914977139124,0.0005837334968948731,0.0012602976808584287,0.0,2,6,0.4444444444444444,Labritzky,3.0,1,0,0,2,0,2020-12-23 18:50:14,2020-12-24 20:16:00,Peripheral learner,,0
31159,0,2,0,2,0.00010101914977139124,0.0007673127729389313,0.0003250048248317546,0.0,1,6,0.0,p-lamiche,11.0,1,0,0,0,0,2020-11-10 08:25:44,2020-11-10 08:25:44,Peripheral learner,,0
31610,0,2,0,4,0.00010101914977139124,0.00048600125345057683,0.0003250259605399792,0.0,1,7,0.0,Moavia Adeel Sheikh,19.0,2,0,0,0,0,2021-01-07 17:08:31,2021-01-16 12:51:24,Peripheral learner,,0
31628,0,1,0,2,0.00010101914977139124,0.0002649641132224374,0.0,0.0,1,7,0.0,Paul Merceur,3.0,1,0,0,3,0,2021-01-10 10:33:28,2021-01-10 12:57:53,Peripheral learner,,0
27429,0,4,0,13,0.00010101914977139124,0.0011119380086148213,0.0007527419159085399,0.5,3,0,0.625,Rob Watt,33.0,8,0,0,13,0,2020-04-09 01:50:52,2020-09-10 02:30:33,Peripheral learner,,0
27442,0,3,0,6,0.00010101914977139124,0.0003767208239117125,0.0008231889884225328,0.3333333333333333,2,37,0.6666666666666667,Willis0,9.0,4,0,0,3,0,2020-04-09 14:32:28,2020-05-04 19:51:09,Peripheral learner,,0
27447,0,2,0,7,0.00010101914977139124,0.00028338102072843706,0.0,1.0,2,0,0.5,user8507808,7.0,3,0,0,4,0,2020-04-10 01:42:10,2020-04-20 18:58:46,Peripheral learner,,0
27453,0,1,0,2,0.00010101914977139124,0.0002621954137753815,0.0,0.0,1,0,0.0,MPimk,1.0,1,0,0,2,0,2021-06-20 21:38:54,2021-06-22 07:23:33,Peripheral learner,,0
27461,0,3,0,5,0.00010101914977139124,0.00027149285881784336,0.00013620548405598657,0.6666666666666666,3,1,0.6666666666666667,janecrager,1.0,2,0,0,4,0,2020-04-13 15:49:27,2020-04-28 21:35:52,Peripheral learner,,0
27481,0,5,0,10,0.00010101914977139124,0.000527967346387597,0.0016330707717954508,0.3,4,4,0.5599999999999999,michael,11.0,6,0,0,8,0,2020-04-11 22:26:12,2020-05-04 21:19:26,Peripheral learner,,0
27489,0,2,0,4,0.00010101914977139124,0.00027717494228532023,0.0,1.0,2,4,0.5,Pokojd,1.0,1,0,0,2,0,2020-04-12 15:38:33,2020-04-12 20:34:03,Peripheral learner,,0
27503,0,1,0,2,0.00010101914977139124,0.0002621954137753815,0.0,0.0,1,0,0.0,lurch101,3.0,1,0,0,1,0,2020-04-15 22:28:44,2020-04-16 13:54:26,Peripheral learner,,0
27533,0,5,0,9,0.00010101914977139124,0.0007156295822773529,0.0026600396983278195,0.2,3,0,0.5599999999999999,Keith,15.0,3,0,0,2,0,2020-04-15 10:33:13,2020-05-29 10:13:18,Peripheral learner,,0
27547,0,2,0,2,0.00010101914977139124,0.0002649747231534851,0.0,1.0,2,4,0.5,Liselotte Girke,3.0,2,0,0,3,0,2020-04-15 22:42:56,2020-05-08 10:26:14,Peripheral learner,,0
27549,0,1,0,2,0.00010101914977139124,0.0002621954137753815,0.0,0.0,1,0,0.0,ntm52,5.0,3,1,0,1,0,2020-04-16 03:26:07,2020-05-28 03:11:57,Peripheral learner,1,1
27575,0,1,0,1,0.00010101914977139124,0.0002574849588985157,0.0,0.0,1,0,0.0,MangaMole,3.0,1,0,0,0,0,2020-04-28 21:29:56,2020-04-28 21:29:56,Peripheral learner,,0
31136,0,1,0,3,0.00010101914977139124,0.00044227679523731927,0.0,0.0,1,10,0.0,kenn92,3.0,1,0,0,2,0,2020-11-06 02:41:15,2020-11-07 17:52:07,Peripheral learner,,0
31882,0,1,0,1,0.00010101914977139124,0.0002588693086220436,0.0,0.0,1,7,0.0,bobuhito,103.0,1,0,0,0,0,2021-02-16 17:47:31,2021-02-16 17:47:31,Peripheral learner,,0
31900,0,1,0,1,0.00010101914977139124,0.0002588693086220436,0.0,0.0,1,7,0.0,Keiyeung Law,11.0,1,0,0,1,0,2021-02-18 12:00:10,2021-02-18 12:01:38,Peripheral learner,,0
31970,0,2,0,3,0.00010101914977139124,0.0002709904636712836,2.8030708169766356e-05,0.0,2,7,0.5,user13641095,23.0,2,0,0,2,0,2021-03-03 12:05:50,2021-04-20 15:38:18,Peripheral learner,,0
32177,0,2,0,3,0.00010101914977139124,0.0002713285861978639,0.0,1.0,2,7,0.0,Marina Scalerandi,3.0,2,0,0,1,0,2021-04-03 14:26:10,2021-04-24 14:17:58,Peripheral learner,,0
32187,0,1,0,1,0.00010101914977139124,0.0002588693086220436,0.0,0.0,1,7,0.0,Moamen elafifi,3.0,1,0,0,0,0,2021-04-05 17:04:17,2021-04-05 17:04:17,Peripheral learner,,0
28710,0,2,0,2,0.00010101914977139124,0.00047381164424978924,0.0012585669781931463,0.0,1,7,0.0,David,1.0,1,0,0,0,0,2021-03-13 09:55:41,2021-03-13 09:55:41,Peripheral learner,,0
31569,0,1,0,3,0.00010101914977139124,0.0002710589178228311,0.0,0.0,1,7,0.0,Oldnewbee,1.0,1,1,0,1,0,2021-01-07 19:53:00,2021-01-08 17:08:07,Peripheral learner,0,1
31604,0,1,0,1,0.00010101914977139124,0.0002588693086220436,0.0,0.0,1,7,0.0,ivan corniel,1.0,1,0,0,1,0,2021-01-06 19:56:58,2021-01-07 17:15:06,Peripheral learner,,0
31103,0,2,0,2,0.00010101914977139124,0.0010204372058162808,3.461405330564209e-07,0.0,1,23,0.0,Hellbartonio,1.0,1,0,0,0,0,2020-11-02 21:00:41,2020-11-02 21:00:41,Peripheral learner,,0
23418,0,1,0,1,0.00010101914977139124,0.00025900414280956004,0.0,0.0,1,7,0.0,John Doe,1.0,1,0,0,0,0,2021-02-11 01:49:17,2021-02-11 01:49:17,Peripheral learner,,0
31647,0,1,0,1,0.00010101914977139124,0.0002588693086220436,0.0,0.0,1,7,0.0,Enigma Frixion,3.0,1,0,0,1,0,2021-01-13 15:35:27,2021-01-13 17:42:22,Peripheral learner,,0
31648,0,2,0,2,0.00010101914977139124,0.00047381164424978924,0.0003250259605399792,0.0,1,7,0.0,Hunter,1.0,1,0,0,0,0,2021-01-13 15:44:40,2021-01-13 15:44:40,Peripheral learner,,0
31650,0,1,0,1,0.00010101914977139124,0.0002588693086220436,0.0,0.0,1,7,0.0,Martin Birkeland,11.0,1,1,1,1,1,2021-01-13 17:26:42,2021-01-13 20:45:00,Peripheral learner,0,1
31652,0,1,0,1,0.00010101914977139124,0.0002588693086220436,0.0,0.0,1,7,0.0,benjabit,3.0,1,0,0,0,0,2021-01-14 07:57:17,2021-01-14 07:57:17,Peripheral learner,,0
31658,0,1,0,2,0.00010101914977139124,0.0002649641132224374,0.0,0.0,1,7,0.0,user14494384,3.0,1,0,0,2,0,2021-01-15 18:22:52,2021-01-16 14:29:01,Peripheral learner,,0
31662,0,1,0,1,0.00010101914977139124,0.0002588693086220436,0.0,0.0,1,7,0.0,ZeiT,3.0,1,0,0,0,0,2021-01-16 07:47:08,2021-01-16 07:47:08,Peripheral learner,,0
31389,0,2,0,2,0.00010101914977139124,0.0002597281616185194,0.0,1.0,2,11,0.5,Freko,1.0,1,0,0,0,0,2020-12-13 11:48:42,2020-12-13 11:48:42,Peripheral learner,,0
31404,0,1,0,1,0.00010101914977139124,0.0002574849588985157,0.0,0.0,1,0,0.0,Angela Stoddard,3.0,1,0,0,1,0,2020-12-15 06:20:28,2020-12-15 13:56:57,Peripheral learner,,0
31408,0,3,0,4,0.00010101914977139124,0.0002667824039409776,0.00013620548405598657,0.6666666666666666,3,1,0.6666666666666667,laurens_noone,3.0,2,0,0,3,0,2020-12-15 12:30:20,2021-02-12 17:20:35,Peripheral learner,,0
31418,0,3,0,3,0.00010101914977139124,0.0003671993294323922,0.00011365564078015037,0.3333333333333333,2,11,0.4444444444444444,bw1968,5.0,2,0,0,1,0,2020-12-16 16:07:06,2020-12-29 02:30:09,Peripheral learner,,0
31449,0,1,0,1,0.00010101914977139124,0.0002574849588985157,0.0,0.0,1,0,0.0,E-Lian,3.0,1,0,0,1,0,2020-12-25 03:26:38,2020-12-25 06:43:13,Peripheral learner,,0
31966,0,1,0,1,0.00010101914977139124,0.0002574849588985157,0.0,0.0,1,0,0.0,Nick,3.0,1,0,0,0,0,2021-03-02 22:17:13,2021-03-02 22:17:13,Peripheral learner,,0
32002,0,3,0,9,0.00010101914977139124,0.00030360953044212603,0.00024200516168623008,0.6666666666666666,3,7,0.4444444444444444,l_b,7.0,4,0,0,13,0,2021-03-08 11:17:56,2021-04-07 13:40:31,Peripheral learner,,0
32011,0,2,0,5,0.00010101914977139124,0.0002777111281295067,0.0,1.0,2,0,0.5,Mohamed Shawky,13.0,2,1,1,3,0,2021-03-10 20:36:23,2021-03-15 10:13:27,Peripheral learner,2,1
32053,0,2,0,2,0.00010101914977139124,0.00026371459768642576,0.00024224740909532542,0.0,2,7,0.5,Daniel Siman,13.0,1,0,0,2,0,2021-03-16 01:23:27,2021-03-16 12:13:40,Peripheral learner,,0
32057,0,1,0,1,0.00010101914977139124,0.0002574849588985157,0.0,0.0,1,0,0.0,Plinio José Amann,3.0,1,0,0,1,0,2021-03-16 20:29:44,2021-03-18 23:36:06,Peripheral learner,,0
32081,0,1,0,1,0.00010101914977139124,0.0002574849588985157,0.0,0.0,1,0,0.0,Sachit Bansal,3.0,1,0,0,1,0,2021-03-22 08:31:56,2021-03-22 09:59:03,Peripheral learner,,0
32120,0,1,0,1,0.00010101914977139124,0.0002574849588985157,0.0,0.0,1,0,0.0,rio,3.0,1,0,0,1,0,2021-03-27 17:17:04,2021-03-28 18:07:30,Peripheral learner,,0
32122,0,1,0,1,0.00010101914977139124,0.0002574849588985157,0.0,0.0,1,0,0.0,Matthew Wong,1.0,1,0,0,0,0,2021-03-28 01:27:36,2021-03-28 01:27:36,Peripheral learner,,0
31642,0,1,0,2,0.00010101914977139124,0.0002621954137753815,0.0,0.0,1,0,0.0,blancei,13.0,1,0,0,2,0,2021-01-12 21:54:49,2021-01-14 15:49:52,Peripheral learner,,0
31674,0,2,0,3,0.00010101914977139124,0.00026829021837577517,0.0,1.0,2,0,0.5,frostyf33t,5.0,2,0,0,2,0,2021-01-18 00:46:42,2021-02-02 04:09:00,Peripheral learner,,0
31671,0,1,0,4,0.00010101914977139124,0.0002771537224232249,0.0,0.0,1,7,0.0,troycramer,3.0,1,0,0,4,0,2021-01-17 17:47:10,2021-02-05 19:08:35,Peripheral learner,,0
31672,0,1,0,1,0.00010101914977139124,0.0002588693086220436,0.0,0.0,1,7,0.0,kwesty,3.0,1,0,0,1,0,2021-01-17 18:03:17,2021-01-17 18:18:19,Peripheral learner,,0
31725,0,3,0,6,0.00010101914977139124,0.0005057250464312722,3.894080996884735e-06,0.3333333333333333,3,7,0.0,Aya Othman,35.0,6,0,0,3,0,2021-01-25 19:57:48,2021-04-03 21:27:08,Peripheral learner,,0
31820,0,1,0,2,0.00010101914977139124,0.0002649641132224374,0.0,0.0,1,7,0.0,arianwww,3.0,1,0,0,1,0,2021-02-05 18:43:23,2021-02-05 19:16:45,Peripheral learner,,0
31837,0,1,0,7,0.00010101914977139124,0.0002954381362244061,0.0,0.0,1,7,0.0,Reba Philip,11.0,5,0,0,5,0,2021-02-08 18:21:41,2021-03-03 17:58:24,Peripheral learner,,0
32251,0,1,0,1,0.00010101914977139124,0.00025900414280956004,0.0,0.0,1,7,0.0,Ali Kocak,3.0,1,0,0,1,0,2021-04-11 10:19:11,2021-04-11 16:35:40,Peripheral learner,,0
32599,0,1,0,1,0.00010101914977139124,0.00025900414280956004,0.0,0.0,1,7,0.0,Ray,101.0,1,0,0,0,0,2021-06-01 21:27:27,2021-06-01 21:27:27,Peripheral learner,,0
28428,0,1,0,1,0.00010101914977139124,0.00046771683964939555,0.0,0.0,1,77,0.0,user28428,1.0,1,0,0,0,0,2020-05-27 10:38:49,2020-05-27 10:38:49,Peripheral learner,,0
32213,0,1,0,1,0.00010101914977139124,0.0002588693086220436,0.0,0.0,1,7,0.0,K_lash96,3.0,1,0,0,1,0,2021-04-09 03:26:00,2021-04-09 18:13:39,Peripheral learner,,0
32517,0,1,0,1,0.00010101914977139124,0.0002588693086220436,0.0,0.0,1,7,0.0,Israel Udofia,1.0,1,0,0,0,0,2021-05-21 10:15:01,2021-05-21 10:15:01,Peripheral learner,,0
32617,0,1,0,1,0.00010101914977139124,0.0002588693086220436,0.0,0.0,1,7,0.0,PeterWolfe,3.0,1,0,0,1,0,2021-06-03 18:52:20,2021-06-05 17:24:05,Peripheral learner,,0
32711,0,1,0,1,0.00010101914977139124,0.0002588693086220436,0.0,0.0,1,7,0.0,Faustino Aguilera,1.0,1,0,0,0,0,2021-06-16 04:13:09,2021-06-16 04:13:09,Peripheral learner,,0
32774,0,1,0,1,0.00010101914977139124,0.0002588693086220436,0.0,0.0,1,7,0.0,shahrukh,1.0,1,0,0,0,0,2021-06-27 19:19:59,2021-06-27 19:19:59,Peripheral learner,,0
32780,0,1,0,2,0.00010101914977139124,0.0002649641132224374,0.0,0.0,1,7,0.0,Yash Khandelwal,11.0,1,0,0,1,0,2021-06-28 10:38:55,2021-07-22 06:41:09,Peripheral learner,,0
32804,0,1,0,1,0.00010101914977139124,0.0002588693086220436,0.0,0.0,1,7,0.0,user32804,3.0,1,0,0,0,0,2021-07-02 07:59:36,2021-07-02 07:59:36,Peripheral learner,,0
32921,0,1,0,1,0.00010101914977139124,0.0002588693086220436,0.0,0.0,1,7,0.0,Felix Chen,11.0,1,0,0,0,0,2021-07-22 16:18:42,2021-07-22 16:18:42,Peripheral learner,,0
33964,0,1,0,1,0.00010101914977139124,0.0002588693086220436,0.0,0.0,1,7,0.0,dh45r,1.0,1,0,0,0,0,2021-07-30 12:35:26,2021-07-30 12:35:26,Peripheral learner,,0
33965,0,2,0,2,0.00010101914977139124,0.00047381164424978924,0.0003250259605399792,0.0,1,7,0.0,Alae,1.0,1,0,0,0,0,2021-07-30 13:54:32,2021-07-30 13:54:32,Peripheral learner,,0
25427,0,5,0,6,0.00010101914977139124,0.0013829140243344815,0.0013656223532900482,0.1,2,5,0.5599999999999999,Budi Salah,123.0,3,0,0,3,0,2019-10-23 16:00:04,2019-11-09 10:25:18,Peripheral learner,,0
25430,0,3,0,3,0.00010101914977139124,0.000589380384111809,0.0013246272211460241,0.0,2,5,0.0,JasonTheMarketer,13.0,1,0,0,0,0,2019-10-23 19:38:20,2019-10-23 19:38:20,Peripheral learner,,0
25458,0,2,0,2,0.00010101914977139124,0.00027167733554705635,0.0,1.0,2,5,0.5,Julk,1.0,1,0,0,1,0,2019-10-26 04:36:29,2019-11-01 14:15:07,Peripheral learner,,0
25496,0,2,0,5,0.00010101914977139124,0.00028107536531510704,0.0,1.0,2,1,0.5,rajacs50,25.0,4,1,1,5,0,2019-11-03 12:35:50,2020-05-11 03:08:33,Peripheral learner,6,1
25511,0,1,0,1,0.00010101914977139124,0.00026696688067019063,0.0,0.0,1,5,0.0,Rìan Copeland,3.0,1,0,0,0,0,2019-11-17 19:35:17,2019-11-17 19:35:17,Peripheral learner,,0
32089,0,1,0,1,0.00010101914977139124,0.00046771683964939555,0.0,0.0,1,78,0.0,Pierre Catala,1.0,1,0,0,0,0,2021-03-22 14:02:51,2021-03-22 14:02:51,Peripheral learner,,0
32302,0,1,0,1,0.00010101914977139124,0.0002588008544704961,0.0,0.0,1,10,0.0,HAPPY DUMMY,1.0,1,0,0,0,0,2021-04-20 09:11:01,2021-04-20 09:11:01,Peripheral learner,,0
31388,0,1,0,1,0.00010101914977139124,0.00025900414280956004,0.0,0.0,1,7,0.0,YMeng,23.0,2,1,0,1,2,2021-02-26 04:42:12,2021-03-06 21:01:48,Peripheral learner,2,1
31432,0,2,0,2,0.00010101914977139124,0.0002650304932584062,1.1077807235647319e-05,0.0,2,7,0.5,Raghav Gupta,11.0,1,0,0,1,0,2021-04-05 16:47:24,2021-04-22 09:54:44,Peripheral learner,,0
31983,0,1,0,2,0.00010101914977139124,0.00026523378159747015,0.0,0.0,1,7,0.0,sevo,3.0,2,1,1,1,0,2021-03-05 17:02:39,2021-04-19 18:19:53,Peripheral learner,8,1
32006,0,1,0,1,0.00010101914977139124,0.00025900414280956004,0.0,0.0,1,7,0.0,nick_57,1.0,1,0,0,0,0,2021-03-16 17:32:17,2021-03-16 17:32:17,Peripheral learner,,0
32009,0,1,0,1,0.00010101914977139124,0.00025900414280956004,0.0,0.0,1,7,0.0,Ronny Groin,1.0,1,0,0,1,0,2021-03-10 15:38:15,2021-03-11 09:24:40,Peripheral learner,,0
32128,0,1,0,2,0.00010101914977139124,0.00026523378159747015,0.0,0.0,1,7,0.0,phomein,3.0,1,0,0,1,0,2021-03-28 21:15:31,2021-03-29 02:39:41,Peripheral learner,,0
32234,0,1,0,1,0.00010101914977139124,0.00025900414280956004,0.0,0.0,1,7,0.0,NIKOLAOS ILIOPOULOS,1.0,1,0,0,0,0,2021-04-08 13:16:06,2021-04-08 13:16:06,Peripheral learner,,0
23702,0,1,0,1,0.00010101914977139124,0.0002574849588985157,0.0,0.0,1,0,0.0,JulieG,3.0,1,0,0,1,0,2019-06-12 12:27:03,2019-06-13 05:59:52,Peripheral learner,,0
26216,0,1,0,1,0.00010101914977139124,0.0002574849588985157,0.0,0.0,1,0,0.0,pri,3.0,1,0,0,0,0,2020-03-27 22:06:23,2020-03-27 22:06:23,Peripheral learner,,0
26223,0,1,0,1,0.00010101914977139124,0.0002574849588985157,0.0,0.0,1,0,0.0,MHH,1.0,1,0,0,0,0,2020-03-26 22:30:50,2020-03-26 22:30:50,Peripheral learner,,0
26237,0,3,0,5,0.00010101914977139124,0.00028454637860312714,0.0038614395453353757,0.3333333333333333,2,1,0.6666666666666667,Sorphil,27.0,4,1,1,4,2,2020-03-27 17:02:58,2020-04-22 01:56:41,Peripheral learner,10,1
26239,0,2,0,2,0.00010101914977139124,0.00026894423203083684,0.0,1.0,2,3,0.5,riemann_lebesgue,105.0,2,0,0,0,0,2020-03-27 19:35:24,2020-04-09 23:38:55,Peripheral learner,,0
27265,0,2,0,4,0.00010101914977139124,0.0002927888587859564,0.002981925937469844,0.0,2,14,0.5,jinmeadow,1.0,1,0,0,4,0,2020-03-29 18:22:37,2020-03-30 16:51:02,Peripheral learner,,0
25272,0,2,0,6,0.00010101914977139124,0.00030000107682619443,0.0,1.0,2,0,0.5,Somit Jain,5.0,2,0,0,5,0,2019-09-21 13:04:37,2019-09-22 06:00:58,Peripheral learner,,0
25275,0,2,0,6,0.00010101914977139124,0.00032597958998435716,7.293072008117171e-05,0.0,2,5,0.5,Jovanovic,5.0,2,0,0,3,0,2019-09-21 21:57:18,2021-06-25 18:27:11,Peripheral learner,,0
25284,0,1,0,1,0.00010101914977139124,0.00026696688067019063,0.0,0.0,1,5,0.0,Chris,113.0,1,0,0,0,0,2019-09-23 16:42:42,2019-09-23 16:42:42,Peripheral learner,,0
25306,0,1,0,1,0.00010101914977139124,0.00026696688067019063,0.0,0.0,1,5,0.0,Kuti Anuoluwapo Obafetgo,1.0,1,0,0,0,0,2019-09-28 06:34:27,2019-09-28 06:34:27,Peripheral learner,,0
25390,0,3,0,3,0.00010101914977139124,0.0008286682757905539,0.00034723700677909234,0.0,2,5,0.0,Terry Hu,1.0,2,0,0,1,0,2019-10-15 14:57:56,2019-10-16 03:41:38,Peripheral learner,,0
25406,0,1,0,1,0.00010101914977139124,0.00026696688067019063,0.0,0.0,1,5,0.0,JPearl,1.0,1,0,0,0,0,2019-10-20 02:21:17,2019-10-20 02:21:17,Peripheral learner,,0
25408,0,3,0,5,0.00010101914977139124,0.0005162870356948998,0.0003250048248317546,0.3333333333333333,2,3,0.4444444444444444,Talim,17.0,5,2,0,2,1,2019-10-28 10:48:42,2019-12-06 15:22:17,Peripheral learner,12,2
25411,0,6,0,23,0.00010101914977139124,0.0007915301476431727,0.0011835063242069336,0.4,5,3,0.7777777777777777,Musical_Ant,51.0,13,1,0,16,0,2019-10-21 13:29:50,2020-05-04 07:08:58,Peripheral learner,13,1
27395,0,1,0,3,0.00010101914977139124,0.00026690586865224725,0.0,0.0,1,0,0.0,Eric Koenig,1.0,1,0,0,3,0,2020-04-06 16:46:58,2020-04-06 19:46:55,Peripheral learner,,0
32605,0,1,0,1,0.00010101914977139124,0.00046771683964939555,0.0,0.0,1,79,0.0,Sakamoto Alderson,11.0,1,0,0,0,0,2021-06-02 14:23:47,2021-06-02 14:23:47,Peripheral learner,,0
29131,0,1,0,1,0.00010101914977139124,0.00046771683964939555,0.0,0.0,1,80,0.0,Des,101.0,1,1,0,0,0,2020-07-14 05:47:00,2020-07-14 06:28:48,Peripheral learner,2,1
32647,0,1,0,1,0.00010101914977139124,0.0004717331551391772,0.0,0.0,1,0,0.0,kostas,1.0,1,0,0,0,0,2021-06-09 09:07:56,2021-06-09 09:07:56,Peripheral learner,,0
34332,0,1,0,1,0.00010101914977139124,0.0002924667177520395,0.0,0.0,1,1,0.0,Marie,3.0,1,0,0,0,0,2021-09-28 08:37:02,2021-09-28 08:37:02,Peripheral learner,,0
34873,0,1,0,1,0.00010101914977139124,0.0002924667177520395,0.0,0.0,1,1,0.0,Programming 55,21.0,1,0,0,0,0,2021-12-26 02:49:33,2021-12-26 02:49:33,Peripheral learner,,0
35161,0,2,0,2,0.00010101914977139124,0.0003999378855659123,1.076881658397754e-06,0.0,2,1,0.0,Tybirk,1.0,1,0,0,1,0,2022-02-05 09:35:29,2022-02-07 16:28:12,Peripheral learner,,0
32344,0,1,0,2,0.00010101914977139124,0.00026482720491934227,0.0,0.0,1,10,0.0,Towls,11.0,1,0,0,0,0,2021-04-26 11:46:22,2021-04-26 11:46:22,Peripheral learner,,0
32348,0,1,0,1,0.00010101914977139124,0.0002588008544704961,0.0,0.0,1,10,0.0,Jodie Lauren Caston,1.0,1,0,0,0,0,2021-04-26 15:59:44,2021-04-26 15:59:44,Peripheral learner,,0
32472,0,1,0,1,0.00010101914977139124,0.0002588008544704961,0.0,0.0,1,10,0.0,Nancy Savchenko,1.0,1,0,0,0,0,2021-05-14 12:27:45,2021-05-14 12:27:45,Peripheral learner,,0
32824,0,1,0,2,0.00010101914977139124,0.0006504892891591236,0.0,0.0,1,42,0.0,qwerty101,11.0,1,0,0,0,0,2021-07-05 17:22:19,2021-07-05 17:22:19,Peripheral learner,,0
32872,0,1,0,2,0.00010101914977139124,0.00033143813734981217,0.0,0.0,1,7,0.0,Vedant ,1.0,1,0,0,1,0,2021-07-13 08:45:31,2021-07-15 11:56:17,Peripheral learner,,0
32887,0,1,0,1,0.00010101914977139124,0.00029210632068573105,0.0,0.0,1,7,0.0,Nancy Mills,1.0,1,0,0,1,0,2021-07-16 12:52:47,2021-07-18 17:42:32,Peripheral learner,,0
31260,0,1,0,1,0.00010101914977139124,0.00046771683964939555,0.0,0.0,1,82,0.0,squiggles,11.0,1,0,0,0,0,2020-11-25 07:46:55,2020-11-25 07:46:55,Peripheral learner,,0
34021,0,1,0,1,0.00010101914977139124,0.00034729089772566376,0.0,0.0,1,7,0.0,user16521419,1.0,1,0,0,0,0,2021-08-09 10:34:28,2021-08-09 10:34:28,Peripheral learner,,0
27282,0,2,0,2,0.00010101914977139124,0.0002610120800597448,0.0,1.0,2,1,0.5,naju,3.0,1,0,0,0,0,2020-03-30 16:16:51,2020-03-30 16:16:51,Peripheral learner,,0
27283,0,5,0,12,0.00010101914977139124,0.0004066833707982929,4.6158901589353374e-05,0.3,4,4,0.6399999999999999,GFitzP,19.0,6,2,0,11,1,2020-03-30 16:44:54,2020-10-07 20:50:08,Peripheral learner,10,2
27287,0,1,0,1,0.00010101914977139124,0.0002574849588985157,0.0,0.0,1,0,0.0,wanjo,3.0,1,0,0,1,0,2020-03-30 21:52:59,2020-04-08 00:27:20,Peripheral learner,,0
31129,0,3,0,4,0.00010101914977139124,0.00032246832936903163,1.2820019742830404e-06,0.6666666666666666,3,0,0.6666666666666667,Cooldude,3.0,3,0,0,7,0,2020-11-05 11:00:21,2020-11-25 06:54:13,Peripheral learner,,0
31142,0,9,0,15,0.00010101914977139124,0.0011402840682088495,0.0009843145397543747,0.2222222222222222,4,0,0.7901234567901234,Anastasia Toska,1.0,7,0,0,6,0,2020-11-07 15:50:57,2020-11-15 19:42:17,Peripheral learner,,0
31185,0,2,0,2,0.00010101914977139124,0.0002610120800597448,0.0,1.0,2,1,0.5,gudge_on,1.0,1,1,0,2,0,2020-11-13 16:16:29,2020-11-15 08:29:04,Peripheral learner,7,1
31189,0,4,0,12,0.00010101914977139124,0.0005227430698282952,0.00042038358685569883,0.3333333333333333,3,0,0.625,Dre Johnson,17.0,9,0,0,8,0,2020-11-14 02:40:13,2021-07-27 17:43:35,Peripheral learner,,0
31744,0,3,0,3,0.00010101914977139124,0.0003399427350851546,2.05761316872428e-06,0.6666666666666666,3,10,0.6666666666666667,Seamus McGill,21.0,2,0,0,2,0,2021-01-27 19:35:28,2021-05-03 00:09:49,Peripheral learner,,0
31758,0,1,0,4,0.00010101914977139124,0.00027161632352911303,0.0,0.0,1,0,0.0,D3sl0nG3r,3.0,1,1,0,9,0,2021-01-28 12:52:07,2021-01-30 12:11:43,Peripheral learner,3,1
31773,0,1,0,1,0.00010101914977139124,0.0002574849588985157,0.0,0.0,1,0,0.0,JanQuadrantVincent,11.0,1,1,0,0,1,2021-01-29 23:46:22,2021-01-29 23:53:05,Peripheral learner,7,1
31775,0,1,0,2,0.00010101914977139124,0.0002621954137753815,0.0,0.0,1,0,0.0,Marcelo,3.0,1,0,0,3,0,2021-01-30 17:55:55,2021-01-31 23:16:47,Peripheral learner,,0
31779,0,2,0,5,0.00010101914977139124,0.00027514344469034216,0.0,1.0,2,0,0.5,Summer Ng,5.0,2,0,0,4,0,2021-01-31 07:06:24,2021-02-07 17:17:03,Peripheral learner,,0
31792,0,7,0,12,0.00010101914977139124,0.0007227212943029609,0.0021129727305272406,0.2857142857142857,4,7,0.8163265306122449,bobthebuilder,5.0,4,0,0,12,0,2021-02-01 18:21:11,2021-03-19 14:17:16,Peripheral learner,,0
31824,0,1,0,1,0.00010101914977139124,0.0002574849588985157,0.0,0.0,1,0,0.0,highpointer,3.0,1,0,0,1,0,2021-02-06 08:22:24,2021-02-06 10:55:44,Peripheral learner,,0
31834,0,4,0,8,0.00010101914977139124,0.00048757479618339445,0.0011269384690851289,0.3333333333333333,3,7,0.625,c_dinosaur,27.0,5,0,0,4,0,2021-02-07 21:27:59,2021-03-02 22:55:47,Peripheral learner,,0
31843,0,1,0,1,0.00010101914977139124,0.0002574849588985157,0.0,0.0,1,0,0.0,Schmorris,1.0,1,0,0,0,0,2021-02-10 20:29:47,2021-02-10 20:29:47,Peripheral learner,,0
31355,0,1,0,1,0.00010101914977139124,0.0002574849588985157,0.0,0.0,1,0,0.0,chaud,3.0,1,0,0,0,0,2020-12-08 00:31:03,2020-12-08 00:31:03,Peripheral learner,,0
31380,0,1,0,2,0.00010101914977139124,0.0002621954137753815,0.0,0.0,1,0,0.0,Harry,5.0,2,0,0,0,0,2020-12-11 01:47:39,2021-01-12 01:47:18,Peripheral learner,,0
27313,0,4,0,5,0.00010101914977139124,0.0006944439753242973,0.0006500096496635092,0.16666666666666666,2,4,0.375,Andrewoca,5.0,3,0,0,2,0,2020-04-01 14:11:43,2020-04-07 13:44:50,Peripheral learner,,0
27352,0,4,0,7,0.00010101914977139124,0.002275920035026686,0.0015953992137304716,0.3333333333333333,4,4,0.625,Mark,7.0,5,0,0,3,0,2020-04-04 09:58:01,2020-05-01 06:37:02,Peripheral learner,,0
27361,0,5,0,7,0.00010101914977139124,0.0007086818695655295,0.0017619274318507161,0.2,3,6,0.5599999999999999,Michael Weiser,55.0,4,1,0,6,4,2020-04-05 00:34:19,2020-12-20 06:28:14,Peripheral learner,2,1
27373,0,2,0,2,0.00010101914977139124,0.0002610120800597448,0.0,1.0,2,1,0.5,Jared Kaltenbaugh,1.0,1,0,0,0,0,2020-04-05 20:25:53,2020-04-05 20:25:53,Peripheral learner,,0
27389,0,2,0,2,0.00010101914977139124,0.0002853568297244293,0.0,1.0,2,4,0.5,Tan Yi Peng,3.0,1,0,0,0,0,2020-04-06 12:32:34,2020-04-06 12:32:34,Peripheral learner,,0
34560,0,1,0,1,0.00010101914977139124,0.00046771683964939555,0.0,0.0,1,83,0.0,Mukut Das,1.0,1,0,0,0,0,2021-10-28 12:15:48,2021-10-28 12:15:48,Peripheral learner,,0
34130,0,1,0,1,0.00010101914977139124,0.00027299870570436635,0.0,0.0,1,10,0.0,fried fish,1.0,1,0,0,0,0,2021-11-09 14:55:10,2021-11-09 14:55:10,Peripheral learner,,0
34628,0,1,0,1,0.00010101914977139124,0.00027299870570436635,0.0,0.0,1,10,0.0,aw_codes,1.0,1,0,0,0,0,2021-11-10 00:10:06,2021-11-10 00:10:06,Peripheral learner,,0
34658,0,1,0,1,0.00010101914977139124,0.00027299870570436635,0.0,0.0,1,10,0.0,Mainlander,1.0,1,0,0,0,0,2021-11-15 02:05:52,2021-11-15 02:05:52,Peripheral learner,,0
26184,0,5,0,8,0.00010101914977139124,0.0007515963435852739,0.0006500096496635092,0.4,3,6,0.5599999999999999,hrithikbansal,33.0,4,0,0,5,0,2020-05-05 18:26:17,2021-07-07 08:40:43,Peripheral learner,,0
23579,0,2,0,2,0.00010101914977139124,0.00026894423203083684,0.0,1.0,2,3,0.5,lee3061,1.0,1,0,0,1,0,2019-05-17 03:08:07,2019-05-18 00:42:34,Peripheral learner,,0
23581,0,3,0,4,0.00010101914977139124,0.00049261333802523,8.654750780053651e-06,0.6666666666666666,2,0,0.4444444444444444,n1coii,1.0,1,0,0,2,0,2019-05-17 20:40:57,2019-05-19 01:18:42,Peripheral learner,,0
23587,0,2,0,2,0.00010101914977139124,0.0002597281616185194,0.0,1.0,2,11,0.5,Deadward,13.0,2,0,0,1,0,2019-05-23 02:02:48,2019-06-11 00:53:41,Peripheral learner,,0
23597,0,2,0,2,0.00010101914977139124,0.0002649747231534851,0.0,1.0,2,4,0.5,haidang dang vu,1.0,1,0,0,0,0,2020-04-27 09:02:00,2020-04-27 09:02:00,Peripheral learner,,0
31921,0,1,0,1,0.00010101914977139124,0.00046771683964939555,0.0,0.0,1,81,0.0,Donal,1.0,1,0,0,0,0,2021-02-22 22:04:07,2021-02-22 22:04:07,Peripheral learner,,0
32871,0,1,0,2,0.00010101914977139124,0.00033143813734981217,0.0,0.0,1,7,0.0,Richard210363,101.0,1,0,0,1,0,2021-07-13 09:16:26,2021-07-14 13:31:26,Peripheral learner,,0
23675,0,7,0,7,0.00010101914977139124,0.002015799133400723,0.004926829028985684,0.047619047619047616,2,8,0.44897959183673464,thunderbirds1414,43.0,3,1,0,0,3,2019-06-07 22:08:21,2020-08-31 21:14:45,Peripheral learner,17,1
23678,0,1,0,1,0.00010101914977139124,0.0002574849588985157,0.0,0.0,1,0,0.0,George Kubai,1.0,1,0,0,0,0,2019-06-07 23:38:48,2019-06-07 23:38:48,Peripheral learner,,0
23681,0,1,0,2,0.00010101914977139124,0.0002621954137753815,0.0,0.0,1,0,0.0,Anirudh,3.0,1,0,0,2,0,2019-06-10 18:01:40,2019-06-12 17:11:05,Peripheral learner,,0
23685,0,1,0,1,0.00010101914977139124,0.0002574849588985157,0.0,0.0,1,0,0.0,js94,3.0,1,0,0,1,0,2019-06-09 21:41:56,2019-06-10 17:04:25,Peripheral learner,,0
23693,0,1,0,1,0.00010101914977139124,0.0002574849588985157,0.0,0.0,1,0,0.0,Eric Forman,3.0,1,0,0,1,0,2019-07-01 05:05:54,2019-07-01 05:42:18,Peripheral learner,,0
34687,0,1,0,1,0.00010101914977139124,0.0003602456718355227,0.0,0.0,1,7,0.0,Liliana,1.0,1,0,0,0,0,2021-11-20 14:48:47,2021-11-20 14:48:47,Peripheral learner,,0
34773,0,1,0,1,0.00010101914977139124,0.00046771683964939555,0.0,0.0,1,84,0.0,Qusay Abu Auda,3.0,1,0,0,0,0,2021-12-12 18:18:10,2021-12-12 18:18:10,Peripheral learner,,0
34664,0,1,0,1,0.00010101914977139124,0.00028631673608097775,0.0,0.0,1,9,0.0,sulloa,1.0,1,0,0,0,0,2021-11-15 23:10:09,2021-11-15 23:10:09,Peripheral learner,,0
36576,0,1,0,1,0.00010101914977139124,0.000592543670862608,0.0,0.0,1,34,0.0,Max Scialabba,11.0,1,0,0,0,0,2022-08-15 14:42:53,2022-08-15 14:42:53,Peripheral learner,,0
34257,0,2,0,2,0.00010101914977139124,0.0006826591752771412,3.461405330564209e-07,0.0,1,43,0.0,Oris,1.0,1,1,0,0,0,2021-09-17 05:40:11,2021-09-17 07:47:20,Peripheral learner,18,1
37222,0,3,0,4,0.00010101914977139124,0.0006090967384010775,0.0003267105111341872,0.0,2,9,0.0,Walter Black,3.0,2,0,0,1,0,2022-10-26 10:53:00,2023-03-12 10:10:28,Peripheral learner,,0
37263,0,1,0,3,0.00010101914977139124,0.0003534012001996334,0.0,0.0,1,9,0.0,Bharath V,23.0,1,0,0,2,0,2022-10-30 15:44:08,2022-10-31 07:07:12,Peripheral learner,,0
23982,0,3,0,3,0.00010101914977139124,0.00028195327496374084,0.00023453033060956286,0.6666666666666666,3,5,0.6666666666666667,Gabriel Saul,15.0,3,0,0,4,0,2019-07-26 23:11:03,2020-02-25 19:47:01,Peripheral learner,,0
24028,0,1,0,1,0.00010101914977139124,0.00026696688067019063,0.0,0.0,1,5,0.0,Chintan,103.0,1,0,0,0,0,2019-08-04 06:01:19,2019-08-04 06:01:19,Peripheral learner,,0
24033,0,2,0,3,0.00010101914977139124,0.0003080270492721995,0.00030728870525503115,0.0,2,5,0.5,razor0184,1.0,1,0,0,2,0,2019-08-04 14:05:42,2019-08-04 23:44:44,Peripheral learner,,0
24044,0,8,0,25,0.00010101914977139124,0.0011701898593461755,0.002192516406021397,0.17857142857142858,4,5,0.5625,Ryan Hinchliffe,41.0,13,0,0,8,0,2019-08-06 22:22:39,2019-11-17 18:47:51,Peripheral learner,,0
24045,0,2,0,2,0.00010101914977139124,0.00027167733554705635,0.0,1.0,2,5,0.5,Leah,3.0,1,0,0,1,0,2019-08-07 00:20:42,2019-08-07 01:42:52,Peripheral learner,,0
24053,0,1,0,1,0.00010101914977139124,0.00026696688067019063,0.0,0.0,1,5,0.0,harshit,1.0,1,0,0,0,0,2019-08-08 18:28:13,2019-08-08 18:28:13,Peripheral learner,,0
24105,0,3,0,3,0.00010101914977139124,0.00040087655756777677,0.0007314770994326938,0.0,2,11,0.6666666666666667,Suhas Thalanki,1.0,3,0,0,2,0,2019-08-19 08:17:32,2020-05-11 05:11:22,Peripheral learner,,0
23610,0,2,0,2,0.00010101914977139124,0.00026894423203083684,0.0,1.0,2,3,0.5,Arpita Deshmukh,1.0,1,0,0,0,0,2019-05-22 09:08:02,2019-05-22 09:08:02,Peripheral learner,,0
23618,0,2,0,2,0.00010101914977139124,0.00039796147921228385,0.0,1.0,2,3,0.5,John Allison,111.0,1,0,0,1,0,2019-05-23 21:16:34,2019-05-24 04:14:40,Peripheral learner,,0
23639,0,2,0,3,0.00010101914977139124,0.000280403505163158,0.0,1.0,2,3,0.5,Sam H. Merhi,3.0,1,0,0,4,0,2019-06-11 18:42:55,2019-06-12 14:51:25,Peripheral learner,,0
23640,0,1,0,5,0.00010101914977139124,0.0002763267784059788,0.0,0.0,1,0,0.0,bbeckca,5.0,2,0,0,4,0,2019-06-07 22:29:46,2019-06-10 06:14:50,Peripheral learner,,0
23662,0,2,0,3,0.00010101914977139124,0.000280403505163158,0.0,1.0,2,3,0.5,Adri,5.0,2,0,0,2,0,2019-08-20 16:01:04,2019-09-14 13:18:37,Peripheral learner,,0
24226,0,2,0,8,0.00010101914977139124,0.000309421986579926,0.0,1.0,2,0,0.5,LippStick,9.0,4,0,0,8,0,2019-09-10 21:13:24,2019-10-14 15:05:58,Peripheral learner,,0
25259,0,1,0,1,0.00010101914977139124,0.00026696688067019063,0.0,0.0,1,5,0.0,cotieno,1.0,1,0,0,2,0,2019-09-17 20:32:12,2019-09-19 07:38:50,Peripheral learner,,0
37340,0,1,0,3,0.00010101914977139124,0.0003534012001996334,0.0,0.0,1,9,0.0,Julian Rodrigues,11.0,1,0,0,2,0,2022-11-26 12:24:36,2022-11-27 11:09:50,Peripheral learner,,0
37615,0,1,0,1,0.00010101914977139124,0.00028631673608097775,0.0,0.0,1,9,0.0,Shashidhar Nagaraj,3.0,1,0,0,0,0,2022-12-06 17:27:59,2022-12-06 17:27:59,Peripheral learner,,0
37652,0,1,0,2,0.00010101914977139124,0.00031985896814030557,0.0,0.0,1,9,0.0,Josh Eleazar,3.0,1,0,0,1,0,2023-02-19 12:12:16,2023-02-19 21:14:47,Peripheral learner,,0
37997,0,1,0,1,0.00010101914977139124,0.00028631673608097775,0.0,0.0,1,9,0.0,Mladen Kajasa,23.0,1,0,0,1,0,2023-01-20 20:28:39,2023-01-23 21:55:30,Peripheral learner,,0
38039,0,1,0,2,0.00010101914977139124,0.00031985896814030557,0.0,0.0,1,9,0.0,tkk,3.0,1,0,0,2,0,2023-01-26 12:58:50,2023-01-27 18:20:19,Peripheral learner,,0
38076,0,1,0,1,0.00010101914977139124,0.00028631673608097775,0.0,0.0,1,9,0.0,Michael Giacomini,1.0,1,1,0,0,0,2023-01-30 14:53:56,2023-01-30 15:14:57,Peripheral learner,14,1
38088,0,1,0,4,0.00010101914977139124,0.0003869434322589612,0.0,0.0,1,9,0.0,Sanu Raj,1.0,1,0,0,1,0,2023-01-31 18:56:31,2023-02-02 14:10:36,Peripheral learner,,0
38129,0,1,0,3,0.00010101914977139124,0.0003534012001996334,0.0,0.0,1,9,0.0,Tuhin,13.0,1,0,0,3,0,2023-02-06 11:23:19,2023-02-06 16:12:40,Peripheral learner,,0
38224,0,3,0,3,0.00010101914977139124,0.0006373880390305973,0.0003250048248317546,0.3333333333333333,2,9,0.0,Kiki McArron,23.0,1,0,0,0,0,2023-02-16 23:15:20,2023-02-16 23:15:20,Peripheral learner,,0
25316,0,2,0,2,0.00010101914977139124,0.0006866754907669228,0.0003250048248317546,0.0,1,35,0.0,M Imam Pratama,97.0,1,1,0,1,-1,2019-09-30 14:49:39,2021-12-21 08:51:13,Peripheral learner,0,1
31014,0,1,0,1,0.00010101914977139124,0.0002574849588985157,0.0,0.0,1,0,0.0,athina.ap,3.0,1,0,0,0,0,2020-10-22 12:14:03,2020-10-22 12:14:03,Peripheral learner,,0
31019,0,1,0,1,0.00010101914977139124,0.0002574849588985157,0.0,0.0,1,0,0.0,Adam Mann,3.0,1,0,0,1,0,2020-10-22 19:36:12,2020-10-22 20:11:49,Peripheral learner,,0
31032,0,2,0,3,0.00010101914977139124,0.0010921506341503159,0.0,1.0,2,6,0.5,Tanya Pleau,15.0,2,0,0,1,0,2020-10-24 07:31:48,2020-10-28 03:25:09,Peripheral learner,,0
31034,0,1,0,2,0.00010101914977139124,0.0002621954137753815,0.0,0.0,1,0,0.0,otter.spotter,3.0,1,0,0,0,0,2020-10-24 11:58:17,2020-10-24 11:58:17,Peripheral learner,,0
31466,0,1,0,1,0.00010101914977139124,0.0002574849588985157,0.0,0.0,1,0,0.0,Devplayer,3.0,1,0,0,1,0,2020-12-23 02:37:58,2020-12-23 11:17:38,Peripheral learner,,0
31487,0,1,0,1,0.00010101914977139124,0.0002574849588985157,0.0,0.0,1,0,0.0,Raphael Schneider,3.0,1,0,0,1,0,2020-12-28 01:40:50,2020-12-28 15:58:32,Peripheral learner,,0
31490,0,1,0,1,0.00010101914977139124,0.0002574849588985157,0.0,0.0,1,0,0.0,Bon,1.0,1,0,0,1,0,2020-12-28 08:06:28,2020-12-31 13:28:23,Peripheral learner,,0
31505,0,2,0,2,0.00010101914977139124,0.0002610120800597448,0.0,1.0,2,1,0.5,user31505,5.0,2,0,0,5,0,2020-12-29 11:15:18,2020-12-30 20:50:10,Peripheral learner,,0
31517,0,2,0,3,0.00010101914977139124,0.00026572253493661055,0.0,1.0,2,0,0.5,Lovely Locs,13.0,2,1,0,2,0,2021-01-09 03:17:46,2021-01-09 23:39:42,Peripheral learner,0,1
31588,0,1,0,1,0.00010101914977139124,0.0002574849588985157,0.0,0.0,1,0,0.0,nemethv,1.0,1,1,0,1,0,2021-01-06 07:40:36,2021-01-06 09:54:08,Peripheral learner,0,1
31589,0,1,0,1,0.00010101914977139124,0.0002574849588985157,0.0,0.0,1,0,0.0,molekh,1.0,1,0,0,0,0,2021-01-05 22:42:37,2021-01-05 22:42:37,Peripheral learner,,0
31634,0,2,0,2,0.00010101914977139124,0.0002682275873698187,0.0,1.0,2,6,0.5,curious_kat,5.0,2,0,0,1,0,2021-01-11 06:48:09,2021-01-14 01:55:35,Peripheral learner,,0
31110,0,1,0,2,0.00010101914977139124,0.0002621954137753815,0.0,0.0,1,0,0.0,Sarah,3.0,1,0,0,1,0,2020-11-03 14:12:42,2020-11-03 21:19:16,Peripheral learner,,0
34881,0,1,0,1,0.00010101914977139124,0.00028631673608097775,0.0,0.0,1,9,0.0,itsme,1.0,1,0,0,0,0,2021-12-26 23:11:31,2021-12-26 23:11:31,Peripheral learner,,0
35455,0,1,0,2,0.00010101914977139124,0.00031985896814030557,0.0,0.0,1,9,0.0,Cyrus,1.0,1,0,0,1,0,2022-04-07 12:59:27,2022-04-14 00:05:54,Peripheral learner,,0
35698,0,6,0,7,0.00010101914977139124,0.001577343095788762,0.0019501557632398752,0.0,1,9,0.0,shiva kharbanda,39.0,1,1,0,3,3,2022-05-05 11:39:46,2022-05-05 16:10:44,Peripheral learner,0,1
36836,0,1,0,1,0.00010101914977139124,0.00028631673608097775,0.0,0.0,1,9,0.0,Murugeshwari Ravi,1.0,1,0,0,1,0,2022-09-12 22:09:17,2022-09-21 21:42:09,Peripheral learner,,0
37155,0,1,0,1,0.00010101914977139124,0.00028631673608097775,0.0,0.0,1,9,0.0,pythonlover20,3.0,1,0,0,1,0,2022-10-20 03:20:13,2022-10-30 04:15:31,Peripheral learner,,0
42939,0,2,0,7,0.00010101914977139124,0.00032419496513984335,0.0,1.0,2,2,0.5,Lucas,1.0,3,0,0,3,0,2024-05-26 22:08:18,2024-09-03 01:40:34,Peripheral learner,,0
44325,0,1,0,1,0.00010101914977139124,0.00028631673608097775,0.0,0.0,1,9,0.0,Margarita,1.0,1,0,0,1,0,2025-02-01 22:25:17,2025-02-05 16:14:03,Peripheral learner,,0
44642,0,1,0,1,0.00010101914977139124,0.00028631673608097775,0.0,0.0,1,9,0.0,Kevin,1.0,1,0,0,0,0,2025-04-24 23:55:57,2025-04-24 23:55:57,Peripheral learner,,0
46020,0,2,0,2,0.00010101914977139124,0.0002871839354808853,0.0,1.0,2,9,0.5,Fred,1.0,2,1,1,1,0,2025-07-01 09:12:11,2025-08-07 09:39:16,Peripheral learner,0,1
46073,0,2,0,2,0.00010101914977139124,0.0002871839354808853,0.0,1.0,2,9,0.5,MSJ,1.0,1,0,0,0,0,2025-07-07 13:25:56,2025-07-07 13:25:56,Peripheral learner,,0
46261,0,1,0,1,0.00010101914977139124,0.00028631673608097775,0.0,0.0,1,9,0.0,user1605981,5.0,1,0,0,0,0,2025-08-15 00:03:34,2025-08-15 00:03:34,Peripheral learner,,0
35125,0,1,0,1,0.00010101914977139124,0.000314530236566722,0.0,0.0,1,10,0.0,Ricardo Morim,1.0,1,0,0,1,0,2022-01-30 16:46:27,2022-08-16 16:03:11,Peripheral learner,,0
35291,0,2,0,2,0.00010101914977139124,0.0005294725721944676,0.0003250259605399792,0.0,1,10,0.0,Acetaminophen,21.0,1,1,0,0,2,2022-02-25 02:29:28,2022-02-25 02:55:59,Peripheral learner,7,1
35014,0,1,0,1,0.00010101914977139124,0.0003602456718355227,0.0,0.0,1,1,0.0,Aaron Tan,1.0,1,0,0,2,0,2022-01-13 02:22:49,2022-01-14 15:49:06,Peripheral learner,,0
24113,0,4,0,7,0.00010101914977139124,0.00035037174552520346,0.00029777873101613343,0.3333333333333333,3,5,0.75,hli,3.0,5,0,0,3,0,2019-08-20 15:22:22,2019-10-26 08:07:27,Peripheral learner,,0
24122,0,1,0,3,0.00010101914977139124,0.000295351633967272,0.0,0.0,1,5,0.0,Tory,1.0,2,0,0,3,0,2019-08-21 19:19:31,2019-10-21 12:26:11,Peripheral learner,,0
24204,0,2,0,3,0.00010101914977139124,0.0002763877904239222,0.0,1.0,2,0,0.5,Ada,35.0,2,0,0,2,0,2019-09-06 23:26:53,2020-02-05 00:50:58,Peripheral learner,,0
24214,0,3,0,3,0.00010101914977139124,0.00028313660867937754,0.0,1.0,3,5,0.6666666666666667,Pierre,107.0,4,1,0,2,0,2019-09-24 08:18:46,2019-10-16 10:38:29,Peripheral learner,12,1
24219,0,1,0,2,0.00010101914977139124,0.0002811592573187313,0.0,0.0,1,5,0.0,pidgetwitter,3.0,2,1,1,1,0,2019-11-15 00:52:54,2019-11-22 03:03:29,Peripheral learner,0,1
29195,0,1,0,3,0.00010101914977139124,0.00026690586865224725,0.0,0.0,1,0,0.0,echorashmi,3.0,2,0,0,1,0,2020-07-20 03:22:02,2020-07-21 02:07:43,Peripheral learner,,0
35381,0,1,0,1,0.00010101914977139124,0.00046771683964939555,0.0,0.0,1,86,0.0,Naveen sharma,13.0,1,0,0,0,0,2022-03-11 08:11:27,2022-03-11 08:11:27,Peripheral learner,,0
35788,0,1,0,1,0.00010101914977139124,0.001459804355023677,0.0,0.0,1,9,0.0,someone,1.0,1,0,0,0,0,2022-06-18 09:46:44,2022-06-18 09:46:44,Peripheral learner,,0
35956,0,2,0,2,0.00010101914977139124,0.0006826591752771412,3.461405330564209e-07,0.0,1,44,0.0,Quach Tu,1.0,1,0,0,1,0,2022-06-03 05:45:19,2022-06-03 08:41:39,Peripheral learner,,0
25893,0,1,0,1,0.00010101914977139124,0.0002574849588985157,0.0,0.0,1,0,0.0,Thomas S.,1.0,1,0,0,0,0,2020-01-31 23:58:32,2020-01-31 23:58:32,Peripheral learner,,0
25915,0,3,0,21,0.00010101914977139124,0.0004426275108652968,0.00023453033060956286,0.6666666666666666,3,3,0.6666666666666667,Mahmoud Mohamed,49.0,13,1,0,11,0,2020-02-04 10:18:54,2020-05-19 22:07:10,Peripheral learner,0,1
25933,0,1,0,1,0.00010101914977139124,0.0002574849588985157,0.0,0.0,1,0,0.0,sociallyinept,3.0,1,0,0,1,0,2020-02-08 21:30:38,2020-02-08 23:24:29,Peripheral learner,,0
25940,0,5,0,6,0.00010101914977139124,0.0003664604453246892,0.00025266047313775476,0.6,5,4,0.72,monkey king,105.0,3,0,0,2,0,2020-02-09 22:19:19,2020-04-08 21:45:30,Peripheral learner,,0
25947,0,2,0,6,0.00010101914977139124,0.00030803250630466613,0.0,1.0,2,3,0.5,Matheus Lourenço,7.0,3,0,0,10,0,2020-02-11 06:11:38,2020-04-03 00:43:15,Peripheral learner,,0
25995,0,1,0,1,0.00010101914977139124,0.0002574849588985157,0.0,0.0,1,0,0.0,Endy Sun,1.0,1,0,0,0,0,2020-02-20 12:03:00,2020-02-20 12:03:00,Peripheral learner,,0
26041,0,4,0,8,0.00010101914977139124,0.0003150110084613717,0.00027087280939165024,0.6666666666666666,4,4,0.75,JackJack,11.0,6,0,0,2,0,2020-03-15 21:29:08,2020-08-03 20:28:05,Peripheral learner,,0
38538,0,2,0,2,0.00010101914977139124,0.0005019920694656858,2.4806738202376827e-06,0.0,2,9,0.0,Jack Maxwell,11.0,1,0,0,0,0,2023-03-24 11:35:43,2023-03-24 11:35:43,Peripheral learner,,0
39111,0,1,0,1,0.00010101914977139124,0.00028631673608097775,0.0,0.0,1,9,0.0,pietrosh,1.0,1,0,0,0,0,2023-05-25 09:23:37,2023-05-25 09:23:37,Peripheral learner,,0
39277,0,1,0,1,0.00010101914977139124,0.00028631673608097775,0.0,0.0,1,9,0.0,Pran,11.0,1,0,0,0,0,2023-06-12 20:01:59,2023-06-12 20:01:59,Peripheral learner,,0
42606,0,1,0,1,0.00010101914977139124,0.00028631673608097775,0.0,0.0,1,9,0.0,Maciej Zamojski,11.0,1,1,0,1,1,2024-04-06 13:49:37,2024-04-07 10:57:06,Peripheral learner,0,1
35188,0,1,0,1,0.00010101914977139124,0.00037153149615872557,0.0,0.0,1,10,0.0,Akash,1.0,1,0,0,0,0,2022-02-09 14:12:33,2022-02-09 14:12:33,Peripheral learner,,0
29338,0,1,0,1,0.00010101914977139124,0.0002574849588985157,0.0,0.0,1,0,0.0,Arrhan BHATIA,1.0,1,0,0,0,0,2020-08-03 07:31:33,2020-08-03 07:31:33,Peripheral learner,,0
29341,0,4,0,7,0.00010101914977139124,0.0006183585659837901,0.0028404292142609894,0.16666666666666666,2,0,0.0,Lakshya Dugar,37.0,5,0,0,4,0,2020-08-03 12:55:50,2020-09-02 14:23:52,Peripheral learner,,0
29347,0,1,0,2,0.00010101914977139124,0.0002621954137753815,0.0,0.0,1,0,0.0,Avaneesh Tisgaonkar,11.0,1,0,0,2,0,2020-08-03 23:01:23,2020-08-04 04:52:49,Peripheral learner,,0
29364,0,1,0,2,0.00010101914977139124,0.0002621954137753815,0.0,0.0,1,0,0.0,111,5.0,2,0,0,0,0,2020-08-06 17:20:58,2020-08-27 16:57:27,Peripheral learner,,0
29391,0,1,0,1,0.00010101914977139124,0.0002574849588985157,0.0,0.0,1,0,0.0,Rishabh Chakraborty,3.0,1,0,0,0,0,2020-09-07 15:01:22,2020-09-07 15:01:22,Peripheral learner,,0
29398,0,1,0,1,0.00010101914977139124,0.0002574849588985157,0.0,0.0,1,0,0.0,Manav Dubey,103.0,1,0,0,0,0,2020-08-07 20:11:19,2020-08-07 20:11:19,Peripheral learner,,0
29417,0,2,0,5,0.00010101914977139124,0.00040077984931701275,0.00028983067751279384,0.0,2,54,0.5,ac743,3.0,2,0,0,2,0,2020-08-09 22:08:46,2020-08-18 00:43:53,Peripheral learner,,0
29446,0,6,0,11,0.00010101914977139124,0.0008975615902289738,0.0004057905108470494,0.4,3,0,0.5,333PPP,29.0,5,1,0,9,0,2020-08-12 20:15:48,2020-08-23 14:12:07,Peripheral learner,3,1
29459,0,4,0,16,0.00010101914977139124,0.0003661600690687105,1.8837104804669404e-06,0.8333333333333334,4,6,0.625,Leonidas Smiley,9.0,7,0,0,17,0,2020-08-18 14:20:58,2020-10-27 20:50:41,Peripheral learner,,0
29464,0,1,0,1,0.00010101914977139124,0.0002574849588985157,0.0,0.0,1,0,0.0,adfelly,3.0,1,0,0,1,0,2020-08-14 20:17:46,2020-08-15 19:24:26,Peripheral learner,,0
29469,0,1,0,1,0.00010101914977139124,0.0002574849588985157,0.0,0.0,1,0,0.0,xxtan1,13.0,1,0,0,1,0,2020-08-15 10:05:57,2020-08-17 07:58:23,Peripheral learner,,0
29478,0,1,0,1,0.00010101914977139124,0.0002574849588985157,0.0,0.0,1,0,0.0,Jason Aravanis,3.0,1,0,0,1,0,2020-08-16 10:09:52,2020-08-17 04:15:26,Peripheral learner,,0
29176,0,1,0,1,0.00010101914977139124,0.0002574849588985157,0.0,0.0,1,0,0.0,Schwanendreher,3.0,1,0,0,0,0,2020-07-19 00:00:17,2020-07-19 00:00:17,Peripheral learner,,0
29186,0,2,0,4,0.00010101914977139124,0.000270924553613526,0.0,1.0,2,0,0.5,Kenneth Flugrad,2.0,2,0,0,2,0,2020-07-19 17:38:34,2020-07-31 01:24:04,Peripheral learner,,0
26043,0,1,0,1,0.00010101914977139124,0.0002574849588985157,0.0,0.0,1,0,0.0,Asmat Ullah Khan,3.0,1,0,0,1,0,2020-03-14 16:50:22,2020-03-15 15:43:48,Peripheral learner,,0
26069,0,2,0,2,0.00010101914977139124,0.00026894423203083684,0.0,1.0,2,3,0.5,cs50fan,5.0,2,0,0,2,0,2020-03-05 04:25:48,2020-03-10 02:37:31,Peripheral learner,,0
26082,0,1,0,1,0.00010101914977139124,0.0002574849588985157,0.0,0.0,1,0,0.0,Shaz,3.0,1,1,0,1,0,2020-03-11 01:26:04,2020-03-12 19:25:45,Peripheral learner,0,1
26115,0,1,0,2,0.00010101914977139124,0.0002621954137753815,0.0,0.0,1,0,0.0,PedroBinotto,3.0,1,0,0,2,0,2020-03-15 21:57:00,2020-03-16 00:25:59,Peripheral learner,,0
26123,0,2,0,5,0.00010101914977139124,0.00027514344469034216,0.0,1.0,2,0,0.5,achal shetty,1.0,1,0,0,5,0,2020-03-17 08:21:06,2020-03-19 15:22:47,Peripheral learner,,0
26141,0,2,0,5,0.00010101914977139124,0.00030332205142780035,0.0,1.0,2,3,0.5,Fermin Bereciartua,7.0,3,0,0,3,0,2020-03-19 15:16:46,2020-04-03 13:30:03,Peripheral learner,,0
26158,0,1,0,5,0.00010101914977139124,0.0002763267784059788,0.0,0.0,1,0,0.0,HumbleCauchyServant,3.0,2,0,0,3,0,2020-03-30 21:28:20,2020-05-15 22:58:25,Peripheral learner,,0
26159,0,2,0,2,0.00010101914977139124,0.0002610120800597448,0.0,1.0,2,1,0.5,RK99,3.0,2,0,0,1,0,2020-03-21 21:48:12,2020-03-24 17:26:48,Peripheral learner,,0
35627,0,3,0,3,0.00010101914977139124,0.001173868064257873,0.0013000192993270184,0.0,1,9,0.0,Tamz Hamz,1.0,1,1,0,0,0,2022-04-23 15:00:58,2022-07-26 02:06:52,Peripheral learner,0,1
36171,0,1,0,1,0.00010101914977139124,0.0004717331551391772,0.0,0.0,1,0,0.0,w1llp0wd3r,1.0,1,0,0,0,0,2022-06-28 12:46:48,2022-06-28 12:46:48,Peripheral learner,,0
36961,0,1,0,1,0.00010101914977139124,0.00046771683964939555,0.0,0.0,1,87,0.0,Nicole Horan,1.0,1,0,0,0,0,2022-09-26 18:43:13,2022-09-26 18:43:13,Peripheral learner,,0
35101,0,1,0,1,0.00010101914977139124,0.00046771683964939555,0.0,0.0,1,85,0.0,gabrielwu123,1.0,1,1,0,3,0,2022-01-27 05:34:24,2022-01-27 09:03:09,Peripheral learner,7,1
25541,0,1,0,1,0.00010101914977139124,0.0002574849588985157,0.0,0.0,1,0,0.0,silencefog,3.0,1,0,0,1,0,2019-11-13 20:33:38,2019-11-13 21:52:05,Peripheral learner,,0
25609,0,2,0,2,0.00010101914977139124,0.00026894423203083684,0.0,1.0,2,3,0.5,TheSaxo,1.0,2,0,0,1,0,2019-11-27 11:11:04,2019-12-05 09:12:45,Peripheral learner,,0
25630,0,2,0,4,0.00010101914977139124,0.00038434546065784,9.77137478349084e-05,0.0,2,0,0.5,owwix,5.0,2,0,0,3,0,2019-12-04 01:13:28,2019-12-05 00:57:39,Peripheral learner,,0
25673,0,1,0,1,0.00010101914977139124,0.0002574849588985157,0.0,0.0,1,0,0.0,Mamba808,3.0,1,0,0,1,0,2019-12-16 06:31:51,2019-12-16 17:47:17,Peripheral learner,,0
35038,0,1,0,1,0.00010101914977139124,0.00046771683964939555,0.0,0.0,1,88,0.0,madmonkey,11.0,1,0,0,0,0,2022-01-16 06:46:54,2022-01-16 06:46:54,Peripheral learner,,0
36042,0,3,0,3,0.00010101914977139124,0.00046351740547146325,8.162646055871883e-06,0.0,3,2,0.0,Jiwon LEE,1.0,1,0,0,0,0,2022-06-13 03:27:13,2022-06-13 03:27:13,Peripheral learner,,0
36176,0,1,0,1,0.00010101914977139124,0.00036462848620378576,0.0,0.0,1,2,0.0,Kh12769,1.0,1,0,0,0,0,2022-07-11 19:42:34,2022-07-11 19:42:34,Peripheral learner,,0
35864,0,1,0,1,0.00010101914977139124,0.00046771683964939555,0.0,0.0,1,89,0.0,Maria,21.0,1,1,1,1,1,2022-05-25 16:33:02,2022-06-17 08:28:32,Peripheral learner,0,1
30957,0,4,0,5,0.00010101914977139124,0.00041819032762092337,0.00029325857123106935,0.3333333333333333,3,0,0.625,Valerie Bryant,5.0,3,0,0,2,0,2020-10-13 18:35:30,2021-04-09 23:18:10,Peripheral learner,,0
30961,0,3,0,4,0.00010101914977139124,0.000274827550062489,9.52833832619204e-05,0.6666666666666666,3,0,0.6666666666666667,Roshan Lamichhane,5.0,5,1,0,1,0,2020-10-14 15:52:59,2021-04-01 21:59:13,Peripheral learner,17,1
30972,0,1,0,2,0.00010101914977139124,0.0002621954137753815,0.0,0.0,1,0,0.0,pawa309,3.0,1,0,0,1,0,2020-10-15 22:05:13,2020-10-16 08:53:32,Peripheral learner,,0
30997,0,2,0,3,0.00010101914977139124,0.0002705596222719433,0.0,1.0,2,6,0.5,AnishGhule-Technogeek,1.0,1,0,0,2,0,2020-10-19 19:15:23,2020-10-21 05:23:47,Peripheral learner,,0
31005,0,1,0,1,0.00010101914977139124,0.0002574849588985157,0.0,0.0,1,0,0.0,ANUPAMA T.M,1.0,1,0,0,0,0,2020-10-20 17:52:42,2020-10-20 17:52:42,Peripheral learner,,0
31192,0,2,0,2,0.00010101914977139124,0.0002640222905852295,0.0,1.0,2,6,0.5,ys-cao,1.0,1,0,0,1,0,2020-11-14 15:12:36,2020-11-16 13:38:01,Peripheral learner,,0
31205,0,2,0,2,0.00010101914977139124,0.0002682275873698187,0.0,1.0,2,6,0.5,patriciajlim,3.0,2,0,0,1,0,2020-11-17 14:40:08,2020-12-02 14:20:29,Peripheral learner,,0
31212,0,1,0,2,0.00010101914977139124,0.0002621954137753815,0.0,0.0,1,0,0.0,YoussefSaeed,3.0,1,0,0,1,0,2020-11-18 11:49:57,2020-11-19 12:00:19,Peripheral learner,,0
31216,0,5,0,12,0.00010101914977139124,0.0006165025201122098,0.001464190531621603,0.3,3,1,0.5599999999999999,Mazen,5.0,5,2,0,14,0,2020-11-18 20:51:43,2020-12-30 12:31:14,Peripheral learner,1,2
31251,0,1,0,2,0.00010101914977139124,0.0002621954137753815,0.0,0.0,1,0,0.0,Eduardo Moraes,3.0,1,0,0,3,0,2020-11-23 22:57:10,2020-11-24 18:09:48,Peripheral learner,,0
31301,0,1,0,1,0.00010101914977139124,0.0002574849588985157,0.0,0.0,1,0,0.0,Agam Ario Wicaksono,3.0,1,0,0,1,0,2020-12-02 06:35:27,2020-12-02 09:45:12,Peripheral learner,,0
31311,0,1,0,1,0.00010101914977139124,0.0002574849588985157,0.0,0.0,1,0,0.0,Meet Purandare,1.0,1,0,0,0,0,2020-12-02 17:17:26,2020-12-02 17:17:26,Peripheral learner,,0
31326,0,5,0,12,0.00010101914977139124,0.0007969530542367159,0.0003250048248317546,0.6,4,6,0.5599999999999999,Lim Yee Wee,13.0,6,0,0,8,0,2020-12-04 15:39:31,2021-01-23 13:38:23,Peripheral learner,,0
31344,0,3,0,3,0.00010101914977139124,0.0002747649190565325,3.4532790737296294e-05,0.6666666666666666,3,6,0.4444444444444444,AJ-Williams1,1.0,1,1,1,1,0,2020-12-07 05:26:59,2020-12-08 01:19:04,Peripheral learner,1,1
31360,0,4,0,5,0.00010101914977139124,0.0007064977157482896,0.0006519036226449993,0.0,2,6,0.375,Razu,13.0,2,0,0,0,0,2020-12-08 17:12:54,2020-12-17 10:52:54,Peripheral learner,,0
35000,0,1,0,1,0.00010101914977139124,0.0003602456718355227,0.0,0.0,1,5,0.0,monkdogz,11.0,1,1,0,0,1,2022-01-17 20:16:27,2022-01-17 22:19:05,Peripheral learner,18,1
35866,0,2,0,2,0.00010101914977139124,0.0004745712247171931,0.0003250048248317546,0.0,1,2,0.0,krexaim,1.0,1,0,0,0,0,2022-05-25 18:51:14,2022-05-25 18:51:14,Peripheral learner,,0
23896,0,1,0,2,0.00010101914977139124,0.0002811592573187313,0.0,0.0,1,5,0.0,perucoder,5.0,1,0,0,2,0,2019-07-16 22:23:17,2019-07-17 01:39:05,Peripheral learner,,0
23901,0,2,0,2,0.00010101914977139124,0.00027167733554705635,0.0,1.0,2,5,0.5,DeemoAH,3.0,2,0,0,0,0,2019-07-12 20:28:11,2019-07-20 06:55:02,Peripheral learner,,0
23906,0,4,0,7,0.00010101914977139124,0.00032104154923757013,0.00023429580027895327,0.8333333333333334,4,3,0.75,Joe Gancher,13.0,5,3,0,9,1,2019-07-03 06:36:26,2019-07-13 23:57:14,Peripheral learner,17,1
23911,0,3,0,5,0.00010101914977139124,0.0002925575184331091,0.0,1.0,3,0,0.6666666666666667,Vladimír Ondrášek,16.0,4,0,0,4,0,2019-07-14 15:50:28,2019-08-20 16:20:45,Peripheral learner,,0
23924,0,1,0,1,0.00010101914977139124,0.00026696688067019063,0.0,0.0,1,5,0.0,Oleg Riabov,13.0,1,0,0,0,0,2019-07-16 19:58:07,2019-07-16 19:58:07,Peripheral learner,,0
23929,0,2,0,2,0.00010101914977139124,0.00027167733554705635,0.0,1.0,2,5,0.5,CSpadawan,1.0,1,0,0,2,0,2019-07-17 23:38:14,2019-07-18 18:58:53,Peripheral learner,,0
23936,0,1,0,1,0.00010101914977139124,0.00026696688067019063,0.0,0.0,1,5,0.0,firechip,3.0,1,0,0,1,0,2019-07-19 01:24:59,2019-07-19 02:05:56,Peripheral learner,,0
23943,0,3,0,3,0.00010101914977139124,0.0005065283553453031,5.140382433563467e-06,0.6666666666666666,3,0,0.4444444444444444,GuillaumeRbt,11.0,2,0,0,3,0,2019-07-19 19:14:56,2019-07-25 10:45:14,Peripheral learner,,0
23956,0,1,0,1,0.00010101914977139124,0.00026696688067019063,0.0,0.0,1,5,0.0,Mary91gr,3.0,1,0,0,1,0,2019-08-05 12:19:34,2019-08-06 12:44:18,Peripheral learner,,0
23964,0,1,0,1,0.00010101914977139124,0.00026696688067019063,0.0,0.0,1,5,0.0,Student1,13.0,1,0,0,1,0,2019-07-22 21:42:21,2019-07-24 01:19:17,Peripheral learner,,0
23968,0,2,0,3,0.00010101914977139124,0.0002898854269348329,0.0,1.0,2,3,0.5,Abhiram M V,1.0,2,0,0,1,0,2019-07-29 04:34:39,2019-08-11 17:41:47,Peripheral learner,,0
23969,0,1,0,1,0.00010101914977139124,0.00026696688067019063,0.0,0.0,1,5,0.0,PresterJohn,3.0,1,0,0,1,0,2019-07-23 19:13:39,2019-07-31 16:40:21,Peripheral learner,,0
36801,0,1,0,1,0.00010101914977139124,0.0002977445899431503,0.0,0.0,1,2,0.0,abdulrehman Shoaib,1.0,1,0,0,1,0,2022-09-09 08:39:21,2022-09-09 13:37:58,Peripheral learner,,0
36702,0,1,0,2,0.00010101914977139124,0.00046771683964939555,0.0,0.0,1,91,0.0,ITz_tact1cz,11.0,1,0,0,1,0,2022-08-29 09:50:45,2022-10-12 16:44:38,Peripheral learner,,0
25685,0,3,0,3,0.00010101914977139124,0.0004172108465173069,9.598957037897856e-05,0.6666666666666666,3,1,0.4444444444444444,cmk273,3.0,2,0,0,1,0,2019-12-19 01:51:16,2020-01-25 19:57:15,Peripheral learner,,0
25708,0,9,0,28,0.00010101914977139124,0.0021600671279478545,0.001956147000267376,0.19444444444444445,4,1,0.5185185185185186,saquiel,153.0,12,2,0,23,0,2020-01-07 16:26:06,2021-01-20 07:57:57,Peripheral learner,6,1
25743,0,2,0,2,0.00010101914977139124,0.0002610120800597448,0.0,1.0,2,1,0.5,Rusty,1.0,1,0,0,3,0,2020-01-02 10:43:43,2020-01-05 12:16:12,Peripheral learner,,0
25768,0,2,0,4,0.00010101914977139124,0.000270232783697939,0.0,1.0,2,8,0.5,Chirag Khosla,3.0,1,0,0,1,0,2020-01-06 22:43:41,2020-01-06 23:29:37,Peripheral learner,,0
25783,0,3,0,4,0.00010101914977139124,0.0003590248453628289,0.0001321607815131961,0.6666666666666666,2,21,0.6666666666666667,CTK2019,7.0,3,0,0,3,0,2020-02-21 17:51:08,2020-03-19 07:36:57,Peripheral learner,,0
25818,0,3,0,10,0.00010101914977139124,0.0005030109312473675,0.001259480317978068,0.3333333333333333,2,1,0.4444444444444444,Rowan,103.0,3,0,0,7,0,2020-01-15 21:43:02,2020-03-12 17:17:09,Peripheral learner,,0
25836,0,5,0,5,0.00010101914977139124,0.00030641345470492384,0.0004226074576115807,0.4,5,4,0.5599999999999999,lucidcloud,5.0,2,0,0,2,0,2020-01-19 22:02:36,2020-05-12 07:14:25,Peripheral learner,,0
25842,0,2,0,6,0.00010101914977139124,0.0002849849199987859,0.0,1.0,2,10,0.5,docnocturnal,7.0,3,0,0,6,0,2020-01-24 17:49:07,2021-04-14 18:39:40,Peripheral learner,,0
25844,0,9,0,16,0.00010101914977139124,0.0007207554231681013,0.0026365491730081956,0.25,5,3,0.6172839506172839,yoyo Ahmed,33.0,8,0,0,8,0,2020-01-21 01:52:58,2020-05-23 13:04:28,Peripheral learner,,0
25890,0,2,0,2,0.00010101914977139124,0.00026894423203083684,0.0,1.0,2,3,0.5,Niall,3.0,1,0,0,2,0,2020-01-30 20:40:50,2020-02-02 03:36:55,Peripheral learner,,0
25891,0,2,0,2,0.00010101914977139124,0.0002610120800597448,0.0,1.0,2,1,0.5,BadVariableName,3.0,1,0,0,0,0,2020-01-31 21:04:47,2020-01-31 21:04:47,Peripheral learner,,0
23975,0,2,0,2,0.00010101914977139124,0.00027167733554705635,0.0,1.0,2,5,0.5,user23975,3.0,1,0,0,0,0,2019-07-25 23:13:38,2019-07-25 23:13:38,Peripheral learner,,0
37469,0,2,0,2,0.00010101914977139124,0.0004842508654669145,0.0012585669781931485,0.0,1,15,0.0,Gabriel Tierra,1.0,1,0,0,0,0,2022-11-18 15:04:51,2022-11-18 15:04:51,Peripheral learner,,0
37623,0,1,0,1,0.00010101914977139124,0.00026930852983916875,0.0,0.0,1,15,0.0,Sutherine,1.0,1,0,0,0,0,2022-12-08 01:00:07,2022-12-08 01:00:07,Peripheral learner,,0
25301,0,1,0,3,0.00010101914977139124,0.00026690586865224725,0.0,0.0,1,0,0.0,GAXY,1.0,1,0,0,2,0,2019-09-26 21:44:07,2019-09-27 05:30:34,Peripheral learner,,0
25307,0,1,0,1,0.00010101914977139124,0.0002574849588985157,0.0,0.0,1,0,0.0,Gerald,1.0,1,0,0,0,0,2019-09-28 08:11:34,2019-09-28 08:11:34,Peripheral learner,,0
25320,0,2,0,2,0.00010101914977139124,0.00026894423203083684,0.0,1.0,2,3,0.5,Niche Rockstar,1.0,1,0,0,0,0,2019-10-01 12:44:21,2019-10-01 12:44:21,Peripheral learner,,0
25321,0,1,0,4,0.00010101914977139124,0.00027161632352911303,0.0,0.0,1,0,0.0,Nic Moe,15.0,2,0,0,2,0,2019-10-01 17:05:43,2019-11-11 22:24:09,Peripheral learner,,0
25323,0,2,0,3,0.00010101914977139124,0.00030044076425617735,0.0,1.0,2,0,0.5,Lyle Boc,3.0,3,0,0,1,0,2019-10-03 02:31:42,2019-11-11 20:40:21,Peripheral learner,,0
41328,0,2,0,3,0.00010101914977139124,0.00030842773616764204,0.0,1.0,2,2,0.0,Dallas Vienneau,21.0,1,0,0,1,0,2024-02-22 00:43:07,2024-03-02 20:56:31,Peripheral learner,,0
36574,0,1,0,1,0.00010101914977139124,0.00046771683964939555,0.0,0.0,1,90,0.0,Dulshan,1.0,1,0,0,0,0,2022-08-15 06:12:34,2022-08-15 06:12:34,Peripheral learner,,0
36589,0,1,0,1,0.00010101914977139124,0.0004717331551391772,0.0,0.0,1,0,0.0,userDD,1.0,1,0,0,1,0,2022-08-16 17:49:11,2022-08-20 19:05:18,Peripheral learner,,0
36622,0,2,0,2,0.00010101914977139124,0.0006906918062567047,0.0003250259605399792,0.0,1,0,0.0,sage7major16,1.0,1,0,0,0,0,2022-08-19 10:19:05,2022-08-19 10:19:05,Peripheral learner,,0
25489,0,1,0,5,0.00010101914977139124,0.0002763267784059788,0.0,0.0,1,0,0.0,Akarsh,5.0,2,0,0,2,0,2019-10-31 15:10:29,2020-06-12 01:26:19,Peripheral learner,,0
25492,0,2,0,2,0.00010101914977139124,0.00030084095798271185,0.00015520812768517832,0.0,2,13,0.5,Casper,1.0,1,0,0,0,0,2019-11-06 14:34:13,2019-11-06 14:34:13,Peripheral learner,,0
25506,0,1,0,1,0.00010101914977139124,0.0002574849588985157,0.0,0.0,1,0,0.0,thepaperrose,3.0,1,0,0,0,0,2019-11-06 03:15:26,2019-11-06 03:15:26,Peripheral learner,,0
25527,0,2,0,2,0.00010101914977139124,0.0003900565539443402,0.00024277864537466527,0.0,2,5,0.5,Xavier LeVin,1.0,1,0,0,2,0,2019-11-11 21:09:52,2019-11-12 17:15:37,Peripheral learner,,0
35475,0,1,0,1,0.00010101914977139124,0.00046771683964939555,0.0,0.0,1,94,0.0,J.Wallwork,3.0,1,0,0,0,0,2022-03-27 03:18:56,2022-03-27 03:18:56,Peripheral learner,,0
37656,0,1,0,1,0.00010101914977139124,0.00048066874975935916,0.0,0.0,1,1,0.0,rasmusschaal,3.0,1,0,0,0,0,2022-12-11 07:38:32,2022-12-11 07:38:32,Peripheral learner,,0
31561,0,2,0,3,0.00010101914977139124,0.0006826591752771412,0.0,0.0,1,46,0.0,Pratham Dave,1.0,1,0,0,0,0,2021-01-03 12:27:19,2021-01-03 12:27:19,Peripheral learner,,0
37750,0,1,0,1,0.00010101914977139124,0.0008054948701885352,0.0,0.0,1,27,0.0,Youssef Joseph,11.0,1,0,0,0,0,2022-12-20 22:52:26,2022-12-20 22:52:26,Peripheral learner,,0
36930,0,2,0,2,0.00010101914977139124,0.0006826591752771412,3.461405330564209e-07,0.0,1,45,0.0,parmer_110,101.0,1,1,1,2,0,2023-03-04 15:55:52,2023-03-04 20:30:00,Peripheral learner,12,1
36861,0,1,0,1,0.00010101914977139124,0.00046771683964939555,0.0,0.0,1,92,0.0,mr_c00per,1.0,1,0,0,0,0,2022-09-14 23:18:09,2022-09-14 23:18:09,Peripheral learner,,0
28221,0,1,0,1,0.00010101914977139124,0.00046771683964939555,0.0,0.0,1,93,0.0,nilajawill,1.0,1,1,0,0,0,2020-05-16 02:36:39,2020-05-17 15:15:51,Peripheral learner,0,1
37205,0,1,0,1,0.00010101914977139124,0.00026930852983916875,0.0,0.0,1,15,0.0,mario alberto ortiz salazar,1.0,1,0,0,0,0,2022-10-24 22:58:10,2022-10-24 22:58:10,Peripheral learner,,0
37425,0,1,0,1,0.00010101914977139124,0.00026930852983916875,0.0,0.0,1,15,0.0,LKizza,1.0,1,0,0,1,0,2022-11-14 21:47:51,2022-12-29 22:57:04,Peripheral learner,,0
23566,0,5,0,49,0.00010101914977139124,0.0007414723680050478,0.0011873875506368484,0.5,4,3,0.7999999999999999,grggthwrth,43.0,20,0,0,41,0,2019-05-16 03:26:56,2019-09-20 03:06:03,Peripheral learner,,0
23577,0,2,0,4,0.00010101914977139124,0.00030681090709959316,0.0,1.0,2,5,0.5,ian_b,13.0,1,0,0,4,0,2019-05-16 14:59:17,2019-05-16 20:06:50,Peripheral learner,,0
23629,0,2,0,2,0.00010101914977139124,0.0004074434009839588,0.0,1.0,2,5,0.5,LisaGraf,1.0,1,0,0,0,0,2019-05-27 17:59:00,2019-05-27 17:59:00,Peripheral learner,,0
23690,0,2,0,2,0.00010101914977139124,0.00027167733554705635,0.0,1.0,2,5,0.5,patrickw,15.0,2,0,0,2,0,2019-06-10 21:53:18,2019-06-19 10:47:54,Peripheral learner,,0
23710,0,2,0,2,0.00010101914977139124,0.00027842615380251176,0.0,1.0,2,5,0.5,BobbyB,1.0,2,0,0,0,0,2019-06-13 00:43:10,2019-06-27 18:35:11,Peripheral learner,,0
23715,0,1,0,4,0.00010101914977139124,0.0003095440106158126,0.0,0.0,1,5,0.0,Henry,3.0,1,0,0,2,0,2019-08-05 14:58:09,2019-08-06 12:04:11,Peripheral learner,,0
23743,0,3,0,13,0.00010101914977139124,0.0003816664810456458,0.0,1.0,3,5,0.6666666666666667,Omi11,9.0,10,2,0,9,0,2019-06-18 18:56:08,2019-11-28 15:30:07,Peripheral learner,6,2
23789,0,1,0,3,0.00010101914977139124,0.000295351633967272,0.0,0.0,1,5,0.0,Sherri,1.0,1,0,0,3,0,2019-06-25 23:55:53,2019-06-27 21:58:30,Peripheral learner,,0
25329,0,1,0,1,0.00010101914977139124,0.0002574849588985157,0.0,0.0,1,0,0.0,Nerdikon,3.0,1,0,0,0,0,2019-10-24 14:29:34,2019-10-24 14:29:34,Peripheral learner,,0
25333,0,2,0,5,0.00010101914977139124,0.00028307559666143416,0.0,1.0,2,0,0.5,Spazcool,1.0,3,0,0,5,0,2019-10-03 23:50:24,2019-12-11 18:24:24,Peripheral learner,,0
29829,0,1,0,1,0.00010101914977139124,0.0002574849588985157,0.0,0.0,1,0,0.0,nadasamy,1.0,1,0,0,0,0,2020-09-27 18:11:30,2020-09-27 18:11:30,Peripheral learner,,0
29830,0,1,0,2,0.00010101914977139124,0.0002621954137753815,0.0,0.0,1,0,0.0,Sahil Tuladhar,3.0,1,0,0,2,0,2020-09-27 18:41:22,2020-09-28 13:55:44,Peripheral learner,,0
29832,0,3,0,5,0.00010101914977139124,0.0004966071482410777,2.823869213623454e-06,0.6666666666666666,2,0,0.4444444444444444,AbbiePBC,3.0,3,0,0,4,0,2020-09-27 19:22:19,2021-02-02 16:11:07,Peripheral learner,,0
29869,0,2,0,11,0.00010101914977139124,0.0007172118904162079,0.0,1.0,2,0,0.5,Carl Singleton,27.0,4,1,0,8,0,2020-10-01 21:59:54,2020-10-24 17:38:32,Peripheral learner,3,1
31043,0,2,0,2,0.00010101914977139124,0.0002640222905852295,0.0,1.0,2,6,0.5,cetins,5.0,2,0,0,2,0,2020-10-27 10:52:27,2020-10-29 08:47:13,Peripheral learner,,0
31050,0,1,0,2,0.00010101914977139124,0.0002621954137753815,0.0,0.0,1,0,0.0,Lisa,5.0,2,0,0,2,0,2020-10-27 11:06:38,2020-10-31 21:44:40,Peripheral learner,,0
31058,0,1,0,1,0.00010101914977139124,0.0002574849588985157,0.0,0.0,1,0,0.0,Sean Synnott,3.0,1,0,0,1,0,2020-10-27 19:16:07,2020-10-27 19:32:00,Peripheral learner,,0
31061,0,1,0,1,0.00010101914977139124,0.0002574849588985157,0.0,0.0,1,0,0.0,Alejandro Escobar,3.0,1,0,0,0,0,2020-10-28 04:39:45,2020-10-28 04:39:45,Peripheral learner,,0
31063,0,2,0,4,0.00010101914977139124,0.00027438502297616896,0.0,1.0,2,7,0.5,Nomad,5.0,3,0,0,3,0,2020-10-28 14:48:25,2021-03-01 14:38:49,Peripheral learner,,0
31064,0,2,0,2,0.00010101914977139124,0.0002682275873698187,0.0,1.0,2,6,0.5,Tahera Rouf,1.0,1,0,0,0,0,2020-10-28 22:28:14,2020-10-28 22:28:14,Peripheral learner,,0
31093,0,1,0,2,0.00010101914977139124,0.0002621954137753815,0.0,0.0,1,0,0.0,sub2600,3.0,1,0,0,3,0,2021-09-12 07:27:38,2021-09-13 16:07:50,Peripheral learner,,0
31094,0,2,0,2,0.00010101914977139124,0.0002640222905852295,0.0,1.0,2,6,0.5,Abdiel Lopez,1.0,2,1,0,0,-1,2020-11-01 23:48:41,2020-11-02 18:51:58,Peripheral learner,2,1
31104,0,1,0,1,0.00010101914977139124,0.0002574849588985157,0.0,0.0,1,0,0.0,Voices_,1.0,1,0,0,0,0,2020-11-02 22:48:37,2020-11-02 22:48:37,Peripheral learner,,0
29948,0,1,0,1,0.00010101914977139124,0.0002574849588985157,0.0,0.0,1,0,0.0,vijay gopal,3.0,1,0,0,1,0,2020-10-12 16:39:11,2020-10-12 18:18:36,Peripheral learner,,0
30953,0,1,0,13,0.00010101914977139124,0.0003140104174209051,0.0,0.0,1,0,0.0,Hamster1303,31.0,10,0,0,11,0,2020-10-13 04:57:51,2023-07-02 17:25:18,Peripheral learner,,0
25376,0,1,0,2,0.00010101914977139124,0.0002621954137753815,0.0,0.0,1,0,0.0,S Huzaifa,1.0,1,0,0,1,0,2019-10-12 11:12:17,2019-10-21 12:10:47,Peripheral learner,,0
25402,0,1,0,1,0.00010101914977139124,0.0002574849588985157,0.0,0.0,1,0,0.0,Matt Stimpson,3.0,1,0,0,0,0,2019-10-18 07:07:38,2019-10-18 07:07:38,Peripheral learner,,0
25416,0,1,0,1,0.00010101914977139124,0.0002574849588985157,0.0,0.0,1,0,0.0,Nexus,3.0,1,0,0,1,0,2019-10-31 11:26:33,2019-10-31 20:41:45,Peripheral learner,,0
25435,0,2,0,2,0.00010101914977139124,0.00030084095798271185,0.00015536349117635466,0.0,2,13,0.5,Bryan Tay,3.0,2,0,0,0,0,2019-10-24 16:13:58,2019-10-29 13:49:14,Peripheral learner,,0
25488,0,4,0,5,0.00010101914977139124,0.00038465297588280455,0.0008152768579357858,0.3333333333333333,3,0,0.625,Chesny,27.0,4,0,0,1,0,2019-10-31 17:52:06,2020-06-20 11:39:06,Peripheral learner,,0
23877,0,2,0,2,0.00010101914977139124,0.0002704940018314197,0.0,1.0,2,5,0.5,westjoel,5.0,2,0,0,0,0,2019-07-10 14:53:47,2019-07-11 21:33:54,Peripheral learner,,0
23883,0,2,0,2,0.00010101914977139124,0.00027167733554705635,0.0,1.0,2,5,0.5,mdisandro2,3.0,2,0,0,2,0,2019-07-11 06:10:06,2019-09-15 06:26:35,Peripheral learner,,0
23893,0,5,0,7,0.00010101914977139124,0.000944918838990214,2.064554110714606e-06,0.4,3,5,0.5599999999999999,agraffe,101.0,1,0,0,2,0,2019-07-11 20:57:54,2019-07-11 21:36:42,Peripheral learner,,0
37902,0,1,0,1,0.00010101914977139124,0.00046771683964939555,0.0,0.0,1,95,0.0,spacemonkey,1.0,1,1,0,0,0,2023-01-11 14:58:41,2023-01-11 15:35:44,Peripheral learner,0,1
38255,0,1,0,1,0.00010101914977139124,0.0004717331551391772,0.0,0.0,1,0,0.0,DRSR,1.0,1,0,0,1,0,2023-02-21 23:46:45,2023-02-22 01:22:08,Peripheral learner,,0
37776,0,2,0,4,0.00010101914977139124,0.0005751880074632683,0.0012585669781931463,0.0,1,9,0.0,Brian,3.0,1,0,0,0,0,2022-12-23 19:53:19,2022-12-23 19:53:19,Peripheral learner,,0
37973,0,2,0,2,0.00010101914977139124,0.0006665742322181324,0.0012585669781931459,0.0,1,28,0.0,mdc690,1.0,1,0,0,0,0,2023-01-25 19:32:31,2023-01-25 19:32:31,Peripheral learner,,0
37513,0,2,0,2,0.00010101914977139124,0.0006826591752771412,0.0,0.0,1,47,0.0,Keshav,1.0,1,0,0,0,0,2022-11-22 22:44:07,2022-11-22 22:44:07,Peripheral learner,,0
37917,0,1,0,1,0.00010101914977139124,0.00047069537118945616,0.0,0.0,1,1,0.0,Ejay,1.0,1,1,0,1,0,2023-01-12 22:52:17,2023-01-13 02:56:54,Peripheral learner,0,1
32792,0,1,0,1,0.00010101914977139124,0.00046771683964939555,0.0,0.0,1,97,0.0,Osama Omar,1.0,1,1,0,0,0,2021-06-30 13:31:25,2021-07-01 11:25:45,Peripheral learner,7,1
37703,0,1,0,1,0.00010101914977139124,0.0003602456718355227,0.0,0.0,1,48,0.0,Sarmen Ter-oganesyan,1.0,1,0,0,0,0,2022-12-15 19:18:31,2022-12-15 19:18:31,Peripheral learner,,0
38087,0,1,0,1,0.00010101914977139124,0.0003602456718355227,0.0,0.0,1,48,0.0,Lacept,11.0,1,0,0,0,0,2023-01-31 14:33:12,2023-01-31 14:33:12,Peripheral learner,,0
38468,0,2,0,2,0.00010101914977139124,0.0006826591752771412,3.461405330564209e-07,0.0,1,49,0.0,Mailbox,111.0,1,0,0,0,0,2023-03-21 02:01:59,2023-03-21 02:01:59,Peripheral learner,,0
38158,0,2,0,2,0.00010101914977139124,0.0006826591752771412,0.0,0.0,1,50,0.0,Ziad Ayman,11.0,1,0,0,2,0,2023-02-10 23:47:56,2023-07-22 04:12:27,Peripheral learner,,0
38587,0,2,0,2,0.00010101914977139124,0.0003133644729963838,3.2801596203003836e-05,0.0,2,2,0.0,Shah Hassan,1.0,1,0,0,0,0,2023-03-30 07:43:41,2023-03-30 07:43:41,Peripheral learner,,0
24173,0,2,0,3,0.00010101914977139124,0.000280403505163158,0.0,1.0,2,3,0.5,bumblehumble,5.0,2,0,0,1,0,2019-08-31 15:37:31,2019-09-05 15:03:08,Peripheral learner,,0
24183,0,4,0,13,0.00010101914977139124,0.0005992723307511287,0.000337523884330738,0.3333333333333333,2,0,0.625,ox0o,33.0,9,0,0,9,0,2019-09-02 01:23:31,2019-09-22 09:21:27,Peripheral learner,,0
24186,0,1,0,1,0.00010101914977139124,0.0002574849588985157,0.0,0.0,1,0,0.0,Andy Cheese,11.0,2,0,0,1,0,2019-11-06 09:58:07,2019-11-29 15:18:17,Peripheral learner,,0
24188,0,1,0,1,0.00010101914977139124,0.0002574849588985157,0.0,0.0,1,0,0.0,Paawan Angra,3.0,1,0,0,0,0,2019-09-03 01:24:55,2019-09-03 01:24:55,Peripheral learner,,0
23791,0,3,0,4,0.00010101914977139124,0.00032922571127979325,0.00020369099812807086,0.3333333333333333,3,5,0.6666666666666667,Hussein Saad,3.0,1,0,0,2,0,2019-06-26 20:32:57,2019-06-26 21:31:23,Peripheral learner,,0
23802,0,1,0,1,0.00010101914977139124,0.00026696688067019063,0.0,0.0,1,5,0.0,tparadis,3.0,1,0,0,1,0,2019-06-27 22:15:25,2019-06-27 23:08:29,Peripheral learner,,0
23837,0,1,0,1,0.00010101914977139124,0.00026696688067019063,0.0,0.0,1,5,0.0,francis,3.0,1,0,0,0,0,2019-07-02 18:04:23,2019-07-02 18:04:23,Peripheral learner,,0
23838,0,1,0,1,0.00010101914977139124,0.00026696688067019063,0.0,0.0,1,5,0.0,Sigust,1.0,1,0,0,1,0,2019-07-02 19:29:46,2019-07-03 07:10:47,Peripheral learner,,0
24217,0,2,0,2,0.00010101914977139124,0.0006278017862912369,9.975263112307118e-05,0.0,2,3,0.5,roy_t,3.0,1,0,0,1,0,2019-09-08 20:16:11,2019-09-08 21:37:35,Peripheral learner,,0
25235,0,1,0,1,0.00010101914977139124,0.0002574849588985157,0.0,0.0,1,0,0.0,Trvl4fun,3.0,1,0,0,1,0,2019-09-13 01:52:24,2019-09-15 19:28:17,Peripheral learner,,0
25248,0,1,0,1,0.00010101914977139124,0.0002574849588985157,0.0,0.0,1,0,0.0,mollie8,3.0,1,0,0,1,0,2019-09-14 11:48:05,2019-09-14 21:46:45,Peripheral learner,,0
25250,0,1,0,1,0.00010101914977139124,0.0002574849588985157,0.0,0.0,1,0,0.0,Guy Natan,1.0,1,0,0,0,0,2019-09-15 15:18:36,2019-09-15 15:18:36,Peripheral learner,,0
25261,0,1,0,1,0.00010101914977139124,0.0002574849588985157,0.0,0.0,1,0,0.0,royloth,3.0,1,0,0,1,0,2019-09-19 00:58:35,2019-09-20 01:58:10,Peripheral learner,,0
25271,0,1,0,1,0.00010101914977139124,0.0002574849588985157,0.0,0.0,1,0,0.0,IVO PETROV,3.0,1,0,0,1,0,2019-09-21 07:31:51,2019-09-21 14:12:10,Peripheral learner,,0
25280,0,1,0,1,0.00010101914977139124,0.0002574849588985157,0.0,0.0,1,0,0.0,pea23,3.0,1,0,0,0,0,2019-09-22 19:37:22,2019-09-22 19:37:22,Peripheral learner,,0
25286,0,2,0,3,0.00010101914977139124,0.0002736546869077026,0.0,1.0,2,0,0.5,杨琳玲,1.0,2,0,0,2,0,2019-09-23 21:07:02,2019-10-03 20:23:04,Peripheral learner,,0
38682,0,1,0,5,0.00010101914977139124,0.00028704642936063754,0.0,0.0,1,2,0.0,Asif Dawood,21.0,2,0,0,2,0,2023-04-10 20:34:17,2023-04-29 17:57:34,Peripheral learner,,0
38744,0,1,0,1,0.00010101914977139124,0.0002596288890894474,0.0,0.0,1,2,0.0,Hussien.Abdelbaky,1.0,1,0,0,0,0,2023-04-15 13:37:55,2023-04-15 13:37:55,Peripheral learner,,0
38785,0,1,0,1,0.00010101914977139124,0.0002596288890894474,0.0,0.0,1,2,0.0,Abhi,1.0,1,0,0,0,0,2023-04-22 04:18:15,2023-04-22 04:18:15,Peripheral learner,,0
43157,0,2,0,2,0.00010101914977139124,0.000260496088489355,0.0,1.0,2,2,0.0,shiva,1.0,1,0,0,0,0,2024-07-02 12:30:37,2024-07-02 12:30:37,Peripheral learner,,0
39100,0,1,0,1,0.00010101914977139124,0.0003602456718355227,0.0,0.0,1,0,0.0,Mo'men,1.0,1,0,0,0,0,2023-05-23 23:37:13,2023-05-23 23:37:13,Peripheral learner,,0
37789,0,1,0,1,0.00010101914977139124,0.00046771683964939555,0.0,0.0,1,96,0.0,warand rule,1.0,1,0,0,0,0,2023-01-05 17:30:47,2023-01-05 17:30:47,Peripheral learner,,0
39670,0,1,0,1,0.00010101914977139124,0.000368125909718707,0.0,0.0,1,0,0.0,Devis Ritzler,1.0,1,0,0,0,0,2023-07-18 14:27:16,2023-07-18 14:27:16,Peripheral learner,,0
24213,0,8,0,23,0.00010101914977139124,0.0006968625766898045,0.0014791369676032844,0.35714285714285715,5,1,0.78125,Varun Beluguli,51.0,13,1,0,24,0,2019-09-08 14:27:00,2020-09-26 04:29:21,Peripheral learner,13,1
29217,0,1,0,1,0.00010101914977139124,0.0002574849588985157,0.0,0.0,1,0,0.0,sar2082,3.0,1,0,0,1,0,2020-07-22 01:04:29,2020-07-22 15:22:11,Peripheral learner,,0
29225,0,3,0,3,0.00010101914977139124,0.0002770661177008383,8.10090190973569e-06,0.6666666666666666,3,12,0.6666666666666667,Anon,5.0,3,1,0,2,0,2020-07-23 00:47:54,2021-02-17 01:30:38,Peripheral learner,10,1
29227,0,1,0,1,0.00010101914977139124,0.0002574849588985157,0.0,0.0,1,0,0.0,Natiloon,3.0,1,0,0,0,0,2020-07-30 20:55:34,2020-07-30 20:55:34,Peripheral learner,,0
29228,0,1,0,1,0.00010101914977139124,0.0002574849588985157,0.0,0.0,1,0,0.0,king2lc,3.0,1,0,0,1,0,2020-07-22 21:31:39,2020-07-22 21:50:49,Peripheral learner,,0
29229,0,1,0,2,0.00010101914977139124,0.0002621954137753815,0.0,0.0,1,0,0.0,patrick sandoval,3.0,1,0,0,1,0,2020-07-22 22:40:49,2020-07-23 21:06:25,Peripheral learner,,0
29247,0,1,0,1,0.00010101914977139124,0.0002574849588985157,0.0,0.0,1,0,0.0,Louie Dichoso,3.0,1,0,0,0,0,2020-08-31 04:16:07,2020-08-31 04:16:07,Peripheral learner,,0
29261,0,2,0,2,0.00010101914977139124,0.00036495612671238846,0.0015829006576670121,0.0,1,41,0.5,ayushed,3.0,1,0,0,2,0,2020-07-26 06:17:17,2020-07-27 03:35:32,Peripheral learner,,0
29271,0,4,0,8,0.00010101914977139124,0.0005378354651096517,0.0006715888878958467,0.16666666666666666,2,0,0.625,user29271,5.0,7,1,0,1,0,2020-07-27 01:05:06,2020-10-14 15:25:16,Peripheral learner,8,1
29277,0,2,0,2,0.00010101914977139124,0.0005484979038771298,0.0,1.0,2,12,0.5,Reeman,3.0,1,0,0,1,0,2020-07-28 01:19:38,2020-07-28 13:06:53,Peripheral learner,,0
29279,0,1,0,2,0.00010101914977139124,0.0002621954137753815,0.0,0.0,1,0,0.0,jaxk,3.0,1,0,0,2,0,2020-07-28 05:12:48,2020-07-28 19:27:51,Peripheral learner,,0
29298,0,5,0,6,0.00010101914977139124,0.0008667575347621763,0.000605121700467867,0.5,4,12,0.5599999999999999,Kelvin Winspinger,15.0,4,1,1,3,0,2020-08-02 16:25:05,2020-08-26 01:41:19,Peripheral learner,15,1
42938,0,1,0,1,0.00010101914977139124,0.0004787280021690197,0.0,0.0,1,0,0.0,Meagan,1.0,1,0,0,1,0,2024-05-26 17:21:18,2024-05-26 18:32:27,Peripheral learner,,0
43509,0,1,0,1,0.00010101914977139124,0.0002596288890894474,0.0,0.0,1,2,0.0,Marcela García,1.0,1,0,0,1,0,2024-08-27 13:27:55,2024-08-30 14:13:54,Peripheral learner,,0
43798,0,2,0,4,0.00010101914977139124,0.00026821767295706004,0.0,1.0,2,2,0.0,dustblackrose,1.0,1,0,0,1,0,2024-10-20 14:04:00,2024-10-21 15:12:34,Peripheral learner,,0
46831,0,1,0,1,0.00010101914977139124,0.0002596288890894474,0.0,0.0,1,2,0.0,Luke,1.0,1,0,0,0,0,2025-11-21 18:57:48,2025-11-21 18:57:48,Peripheral learner,,0
46840,0,1,0,1,0.00010101914977139124,0.0002596288890894474,0.0,0.0,1,2,0.0,Gabriel Sawicki,1.0,1,0,0,1,0,2025-11-22 17:00:39,2025-12-19 00:48:24,Peripheral learner,,0
38308,0,2,0,2,0.00010101914977139124,0.0006826591752771412,0.0,0.0,1,51,0.0,Tristan Wiese,1.0,1,0,0,1,0,2023-02-27 14:34:23,2023-02-27 14:35:50,Peripheral learner,,0
39069,0,1,0,1,0.00010101914977139124,0.00046771683964939555,0.0,0.0,1,98,0.0,Precious,1.0,1,0,0,0,0,2023-05-19 19:49:55,2023-05-19 19:49:55,Peripheral learner,,0
39412,0,1,0,1,0.00010101914977139124,0.00030651008792858625,0.0,0.0,1,2,0.0,Newbie_Coding,1.0,1,0,0,0,0,2023-06-22 06:18:46,2023-06-22 06:18:46,Peripheral learner,,0
39501,0,1,0,1,0.00010101914977139124,0.00030651008792858625,0.0,0.0,1,2,0.0,Engineer Sahoor,1.0,1,0,0,1,0,2023-07-01 14:37:19,2023-07-11 15:36:23,Peripheral learner,,0
29615,0,1,0,1,0.00010101914977139124,0.0002574849588985157,0.0,0.0,1,0,0.0,Diniz,1.0,1,0,0,1,0,2020-08-31 13:50:41,2020-08-31 16:55:30,Peripheral learner,,0
41047,0,3,0,3,0.00010101914977139124,0.00048069430743502074,0.000560797148519311,0.0,2,2,0.4444444444444444,GitToSteppin,1.0,1,0,0,0,0,2024-01-09 20:24:41,2024-01-09 20:24:41,Peripheral learner,,0
41048,0,2,0,5,0.00010101914977139124,0.0002645103145300395,1.5848485501462564e-05,0.0,2,2,0.0,zekaistic,1.0,1,0,0,0,0,2024-01-10 07:21:44,2024-01-10 07:21:44,Peripheral learner,,0
41049,0,4,0,5,0.00010101914977139124,0.0004846382920374833,0.0003212305301718598,0.3333333333333333,3,2,0.375,Craig D'Silva,35.0,2,0,0,0,0,2024-01-10 10:40:14,2024-01-17 19:30:24,Peripheral learner,,0
41110,0,2,0,2,0.00010101914977139124,0.00026456863809163847,0.00012657777121483289,0.0,2,2,0.5,Bryan Tamrin,1.0,1,0,0,0,0,2024-01-21 08:45:45,2024-01-21 08:45:45,Peripheral learner,,0
31007,0,3,0,3,0.00010101914977139124,0.00027175470853104777,0.0,1.0,3,6,0.6666666666666667,Aakash Malviya,1.0,2,0,0,0,0,2020-10-21 08:28:46,2021-03-27 04:57:10,Peripheral learner,,0
47412,0,1,0,1,0.00010101914977139124,0.00026696688067019063,0.0,0.0,1,5,0.0,Stella,3.0,1,0,0,1,0,2026-04-03 13:36:49,2026-04-04 14:11:53,Peripheral learner,,0
23782,0,3,0,3,0.00010101914977139124,0.0004981117527640929,0.0017994341782070049,0.0,2,3,0.4444444444444444,demo2019,11.0,1,0,0,0,0,2019-06-25 05:20:06,2019-06-25 05:20:06,Peripheral learner,,0
25676,0,3,0,3,0.00010101914977139124,0.00029462869026866835,0.000962575970396198,0.0,2,3,0.4444444444444444,Frank,1.0,3,0,0,0,0,2019-12-17 07:40:45,2020-01-08 07:03:57,Peripheral learner,,0
25732,0,3,0,11,0.00010101914977139124,0.0005054102969860482,0.000333141937167001,0.3333333333333333,2,3,0.4444444444444444,mann__10,7.0,5,0,0,12,0,2019-12-30 12:47:22,2020-01-19 11:05:27,Peripheral learner,,0
28024,0,1,0,1,0.00010101914977139124,0.0002796422959751181,0.0,0.0,1,3,0.0,DanielDances,11.0,1,0,0,1,0,2020-05-06 18:50:04,2020-05-07 01:41:21,Peripheral learner,,0
34893,0,1,0,1,0.00010101914977139124,0.0002796422959751181,0.0,0.0,1,3,0.0,Selena H.,3.0,1,0,0,1,0,2021-12-27 18:41:12,2021-12-27 21:03:23,Peripheral learner,,0
24102,0,4,0,11,0.00010101914977139124,0.0007558661120557114,0.0004339332163656301,0.16666666666666666,3,5,0.625,Criticalll,5.0,5,1,1,8,0,2019-08-18 19:21:44,2019-08-28 10:30:28,Peripheral learner,11,1
43362,0,1,0,1,0.00010101914977139124,0.00046771683964939555,0.0,0.0,1,55,0.0,Katya Timchenko,1.0,1,0,0,0,0,2024-08-02 13:44:52,2024-08-02 13:44:52,Peripheral learner,,0
29803,0,3,0,4,0.00010101914977139124,0.0005971823453251808,4.899056112103606e-05,0.3333333333333333,3,6,0.4444444444444444,Vladimir Khudokormov,5.0,2,0,0,4,0,2020-10-05 11:03:04,2020-11-22 07:47:39,Peripheral learner,,0
29822,0,1,0,1,0.00010101914977139124,0.0002574849588985157,0.0,0.0,1,0,0.0,Arnaldo,3.0,1,0,0,1,0,2020-09-25 20:44:14,2020-09-26 11:31:37,Peripheral learner,,0
25698,0,1,0,1,0.00010101914977139124,0.00046771683964939555,0.0,0.0,1,99,0.0,cs50Student,1.0,1,0,0,2,0,2019-12-22 19:31:02,2019-12-24 05:00:47,Peripheral learner,,0
38193,0,1,0,1,0.00010101914977139124,0.00046771683964939555,0.0,0.0,1,100,0.0,Francois,1.0,1,0,0,0,0,2023-02-13 12:14:01,2023-02-13 12:14:01,Peripheral learner,,0
24191,0,1,0,5,0.00010101914977139124,0.0002763267784059788,0.0,0.0,1,0,0.0,AvisTai,5.0,2,0,0,2,0,2019-09-03 12:14:01,2019-09-22 02:58:37,Peripheral learner,,0
24210,0,1,0,1,0.00010101914977139124,0.0002574849588985157,0.0,0.0,1,0,0.0,Emily,3.0,1,0,0,0,0,2019-09-07 23:10:31,2019-09-07 23:10:31,Peripheral learner,,0
39665,0,2,0,4,0.00010101914977139124,0.0004710514356060807,0.0,1.0,2,2,0.0,SomeMedtnerGuy,1.0,1,0,0,1,0,2023-07-18 09:26:15,2023-08-14 08:15:59,Peripheral learner,,0
39701,0,1,0,1,0.00010101914977139124,0.00046771683964939555,0.0,0.0,1,101,0.0,user1576396,101.0,1,0,0,0,0,2023-07-20 16:41:46,2023-07-20 16:41:46,Peripheral learner,,0
37629,0,1,0,1,0.00010101914977139124,0.00046771683964939555,0.0,0.0,1,102,0.0,Aleksey Tsalolikhin,111.0,3,2,0,0,1,2022-12-09 16:32:59,2023-01-29 02:24:49,Peripheral learner,0,1
39398,0,1,0,1,0.00010101914977139124,0.00046771683964939555,0.0,0.0,1,103,0.0,Chris,21.0,1,1,1,0,2,2023-06-20 22:35:30,2023-06-21 12:18:42,Peripheral learner,6,1
37443,0,1,0,1,0.00010101914977139124,0.00046771683964939555,0.0,0.0,1,104,0.0,Praise Olusomiji,11.0,1,0,0,0,0,2022-11-16 16:35:12,2022-11-16 16:35:12,Peripheral learner,,0
37803,0,1,0,2,0.00010101914977139124,0.00046771683964939555,0.0,0.0,1,105,0.0,Sneha Gorla,1.0,1,0,0,0,0,2022-12-27 21:40:51,2022-12-27 21:40:51,Peripheral learner,,0
1596,0,1,0,2,0.00010101914977139124,0.000254508902821465,0.0,0.0,1,2,0.0,rss81,39.0,1,0,0,2,0,2023-09-13 20:29:50,2023-09-14 14:52:57,Peripheral learner,,0
35546,0,1,0,1,0.00010101914977139124,0.0002536417034215574,0.0,0.0,1,2,0.0,melbel,21.0,1,1,0,0,1,2024-04-04 15:47:09,2024-04-04 15:54:57,Peripheral learner,0,1
38686,0,1,0,1,0.00010101914977139124,0.0002536417034215574,0.0,0.0,1,2,0.0,Shahin Karimli,1.0,1,0,0,0,0,2023-12-22 11:13:18,2023-12-22 11:13:18,Peripheral learner,,0
39785,0,1,0,1,0.00010101914977139124,0.0002536417034215574,0.0,0.0,1,2,0.0,Chen Avery,21.0,1,0,0,0,0,2023-07-29 08:45:20,2023-07-29 08:45:20,Peripheral learner,,0
39917,0,1,0,1,0.00010101914977139124,0.0002536417034215574,0.0,0.0,1,2,0.0,bop,1.0,1,1,0,0,0,2023-08-15 11:39:16,2023-08-15 15:39:33,Peripheral learner,0,1
39951,0,1,0,2,0.00010101914977139124,0.000254508902821465,0.0,0.0,1,2,0.0,esqflowne,1.0,1,0,0,0,0,2023-08-20 17:33:43,2023-08-20 17:33:43,Peripheral learner,,0
39956,0,1,0,2,0.00010101914977139124,0.000254508902821465,0.0,0.0,1,2,0.0,Caolan,1.0,1,0,0,0,0,2023-08-21 20:33:29,2023-08-21 20:33:29,Peripheral learner,,0
39963,0,1,0,11,0.00010101914977139124,0.00026231369742063304,0.0,0.0,1,2,0.0,MarkIII,1.0,1,0,0,7,0,2023-08-23 06:40:14,2023-09-13 05:48:22,Peripheral learner,,0
39977,0,1,0,1,0.00010101914977139124,0.0002536417034215574,0.0,0.0,1,2,0.0,Mateus Machado,1.0,1,0,0,0,0,2023-08-24 15:55:53,2023-08-24 15:55:53,Peripheral learner,,0
39984,0,2,0,3,0.00010101914977139124,0.00046945123844921075,0.0003250048248317546,0.0,1,2,0.0,WickleTim,1.0,1,0,0,0,0,2023-08-25 12:17:35,2023-08-25 12:17:35,Peripheral learner,,0
40021,0,2,0,2,0.00010101914977139124,0.0008088130238165386,9.363151224995579e-05,0.0,2,2,0.0,santiago gordillo,11.0,1,0,0,0,0,2023-08-30 01:34:36,2023-08-30 01:34:36,Peripheral learner,,0
40023,0,4,0,4,0.00010101914977139124,0.0007909975424909216,0.004099634421545119,0.0,1,2,0.0,Namdroidd,21.0,1,0,0,0,0,2023-08-30 10:45:44,2023-08-30 10:45:44,Peripheral learner,,0
40028,0,1,0,7,0.00010101914977139124,0.0002588448998210028,0.0,0.0,1,2,0.0,Berra Eylül Toprak,11.0,2,0,0,1,0,2023-08-31 11:57:14,2023-09-01 19:40:56,Peripheral learner,,0
40055,0,1,0,2,0.00010101914977139124,0.000254508902821465,0.0,0.0,1,2,0.0,Sci-tech,1.0,1,0,0,0,0,2023-09-03 18:46:48,2023-09-03 18:46:48,Peripheral learner,,0
40057,0,2,0,2,0.00010101914977139124,0.00046858403904930304,0.0003250259605399792,0.0,1,2,0.0,jacajaca2008,1.0,1,0,0,0,0,2023-09-04 11:20:22,2023-09-04 11:20:22,Peripheral learner,,0
40093,0,1,0,3,0.00010101914977139124,0.00025537610222137256,0.0,0.0,1,2,0.0,Sam Lehmann,13.0,1,0,0,1,0,2023-09-07 17:33:32,2023-09-11 17:15:07,Peripheral learner,,0
23993,0,1,0,2,0.00010101914977139124,0.0002621954137753815,0.0,0.0,1,0,0.0,iKevin090,3.0,1,0,0,1,0,2019-07-29 17:46:18,2019-07-29 18:44:57,Peripheral learner,,0
24002,0,2,0,2,0.00010101914977139124,0.00026894423203083684,0.0,1.0,2,3,0.5,asaf,3.0,2,0,0,1,0,2019-07-30 13:57:48,2019-08-05 22:06:35,Peripheral learner,,0
24016,0,1,0,1,0.00010101914977139124,0.0002574849588985157,0.0,0.0,1,0,0.0,Erin Bailey,1.0,1,0,0,0,0,2019-08-01 23:11:56,2019-08-01 23:11:56,Peripheral learner,,0
24024,0,1,0,2,0.00010101914977139124,0.0002621954137753815,0.0,0.0,1,0,0.0,philnikolo,5.0,2,0,0,3,0,2019-08-03 10:58:13,2019-08-07 17:16:06,Peripheral learner,,0
24026,0,2,0,6,0.00010101914977139124,0.00029453486979375535,0.0,1.0,2,0,0.5,Lim Dion,3.0,4,0,0,2,0,2019-08-03 15:48:33,2019-08-06 01:48:32,Peripheral learner,,0
24031,0,2,0,2,0.00010101914977139124,0.0002610120800597448,0.0,1.0,2,1,0.5,theberzi,113.0,2,0,0,0,0,2019-08-04 13:14:01,2020-04-26 11:51:06,Peripheral learner,,0
24058,0,3,0,3,0.00010101914977139124,0.000687369630154007,0.0006500519210799584,0.0,1,29,0.4444444444444444,Sayed Murad,3.0,1,0,0,0,0,2019-08-09 21:47:03,2019-08-09 21:47:03,Peripheral learner,,0
24063,0,1,0,1,0.00010101914977139124,0.0002574849588985157,0.0,0.0,1,0,0.0,Ahmed Ibrahim,3.0,1,0,0,0,0,2019-08-10 22:10:57,2019-08-10 22:10:57,Peripheral learner,,0
24072,0,5,0,11,0.00010101914977139124,0.0005529905633826434,0.0006367069247090924,0.2,3,0,0.7999999999999999,user11913821,1.0,9,1,0,1,0,2019-08-12 14:45:21,2019-11-04 19:23:36,Peripheral learner,17,1
24080,0,1,0,1,0.00010101914977139124,0.0002574849588985157,0.0,0.0,1,0,0.0,Nicholas_,1.0,1,0,0,0,0,2019-08-13 14:46:22,2019-08-13 14:46:22,Peripheral learner,,0
24107,0,1,0,1,0.00010101914977139124,0.0002574849588985157,0.0,0.0,1,0,0.0,Onion,1.0,1,0,0,1,0,2019-08-19 13:51:10,2019-08-20 06:52:59,Peripheral learner,,0
24110,0,3,0,5,0.00010101914977139124,0.0002978891287443254,0.00011921899939211764,0.6666666666666666,3,3,0.6666666666666667,Alex,115.0,3,0,0,3,0,2019-09-18 13:35:04,2020-03-17 10:33:18,Peripheral learner,,0
24138,0,1,0,1,0.00010101914977139124,0.0002574849588985157,0.0,0.0,1,0,0.0,Sviatoslav Pechurytsia,3.0,1,0,0,3,0,2019-08-24 15:18:19,2019-08-26 12:26:35,Peripheral learner,,0
24140,0,3,0,3,0.00010101914977139124,0.000687369630154007,0.0015841386557897455,0.0,1,30,0.4444444444444444,DylieWylie,3.0,1,0,0,0,0,2019-08-24 22:51:00,2019-08-24 22:51:00,Peripheral learner,,0
24150,0,1,0,1,0.00010101914977139124,0.0002574849588985157,0.0,0.0,1,0,0.0,Eduardo Cardoso,3.0,1,0,0,1,0,2019-08-27 17:14:53,2019-08-29 01:22:34,Peripheral learner,,0
24163,0,1,0,2,0.00010101914977139124,0.0002621954137753815,0.0,0.0,1,0,0.0,Yosef Hesham,1.0,1,0,0,1,0,2019-09-28 20:03:46,2019-09-28 20:52:12,Peripheral learner,,0
40131,0,1,0,4,0.00010101914977139124,0.0002562433016212801,0.0,0.0,1,2,0.0,Abhisehk_lp,1.0,1,0,0,1,0,2023-09-11 07:13:43,2023-09-14 05:58:41,Peripheral learner,,0
40132,0,1,0,2,0.00010101914977139124,0.000254508902821465,0.0,0.0,1,2,0.0,انس رفعت OR. ANAS REFAT,1.0,1,0,0,1,0,2023-09-11 08:30:16,2023-09-17 07:39:17,Peripheral learner,,0
40166,0,1,0,2,0.00010101914977139124,0.000254508902821465,0.0,0.0,1,2,0.0,Edward Burroughs,1.0,1,0,0,0,0,2023-09-14 23:17:00,2023-09-14 23:17:00,Peripheral learner,,0
40306,0,2,0,2,0.00010101914977139124,0.0002843477513683782,3.8698579608357e-06,0.0,2,2,0.0,Paul McCormick,11.0,1,1,0,0,1,2023-09-27 15:19:41,2023-09-27 16:08:05,Peripheral learner,0,1
40376,0,2,0,2,0.00010101914977139124,0.0003611128712354303,9.363151224995579e-05,0.0,2,2,0.0,Zeger Bleyen,1.0,1,0,0,0,0,2023-10-05 17:58:59,2023-10-05 17:58:59,Peripheral learner,,0
40474,0,2,0,2,0.00010101914977139124,0.0002843477513683782,3.865988102874864e-06,0.0,2,2,0.0,Dragan Cvetkovic,1.0,1,0,0,0,0,2023-10-21 07:35:45,2023-10-21 07:35:45,Peripheral learner,,0
40480,0,1,0,3,0.00010101914977139124,0.00025537610222137256,0.0,0.0,1,2,0.0,blindcoder,1.0,1,0,0,1,0,2023-10-22 04:22:49,2023-10-24 21:50:50,Peripheral learner,,0
40544,0,1,0,3,0.00010101914977139124,0.00025537610222137256,0.0,0.0,1,2,0.0,Xenoshell,11.0,1,1,1,3,1,2023-12-14 16:08:11,2024-03-13 15:05:42,Peripheral learner,6,1
40597,0,1,0,1,0.00010101914977139124,0.0002536417034215574,0.0,0.0,1,2,0.0,David Lau,1.0,1,0,0,0,0,2023-11-07 02:30:05,2023-11-07 02:30:05,Peripheral learner,,0
40633,0,1,0,1,0.00010101914977139124,0.0002536417034215574,0.0,0.0,1,2,0.0,Marco Panichi,111.0,1,0,0,0,0,2023-11-12 14:39:21,2023-11-12 14:39:21,Peripheral learner,,0
40656,0,1,0,1,0.00010101914977139124,0.0002536417034215574,0.0,0.0,1,2,0.0,Kik,1.0,1,0,0,0,0,2023-11-17 03:46:07,2023-11-17 03:46:07,Peripheral learner,,0
40670,0,1,0,1,0.00010101914977139124,0.0002536417034215574,0.0,0.0,1,2,0.0,Omer Matin,1.0,1,0,0,0,0,2023-11-18 15:48:15,2023-11-18 15:48:15,Peripheral learner,,0
40741,0,1,0,4,0.00010101914977139124,0.0002562433016212801,0.0,0.0,1,2,0.0,Nana,1.0,1,0,0,2,0,2023-11-28 15:51:28,2023-12-04 04:05:28,Peripheral learner,,0
40743,0,1,0,1,0.00010101914977139124,0.0002536417034215574,0.0,0.0,1,2,0.0,Judeakpah,1.0,1,0,0,0,0,2023-11-29 00:13:48,2023-11-29 00:13:48,Peripheral learner,,0
40746,0,2,0,3,0.00010101914977139124,0.00046945123844921075,0.0003250259605399792,0.0,1,2,0.0,Jarret,1.0,1,0,0,0,0,2023-11-29 07:16:11,2023-11-29 07:16:11,Peripheral learner,,0
40754,0,1,0,5,0.00010101914977139124,0.0002571105010211877,0.0,0.0,1,2,0.0,Horace,1.0,1,1,0,2,0,2023-11-30 13:59:57,2023-12-02 15:05:27,Peripheral learner,14,1
40770,0,1,0,3,0.00010101914977139124,0.00025537610222137256,0.0,0.0,1,2,0.0,Neevraj Kumarpal Bokria,1.0,1,0,0,2,0,2023-12-03 07:05:24,2023-12-06 20:03:32,Peripheral learner,,0
15282,0,3,0,5,0.00010101914977139124,0.00028462536646201703,0.0,1.0,3,0,0.6666666666666667,stephen Ong,35.0,4,0,0,1,0,2019-08-15 21:06:41,2019-11-29 21:26:00,Peripheral learner,,0
17327,0,6,0,16,0.00010101914977139124,0.000547168770834991,0.0009528416089714209,0.4,4,0,0.6666666666666666,Joel Banks,75.0,7,0,0,7,0,2019-05-19 20:48:17,2020-06-20 00:35:00,Peripheral learner,,0
20853,0,4,0,6,0.00010101914977139124,0.000300632057052289,0.0005334544031269753,0.3333333333333333,4,11,0.75,James,25.0,4,0,0,4,0,2019-06-03 15:19:04,2019-11-04 23:05:03,Peripheral learner,,0
21377,0,1,0,6,0.00010101914977139124,0.00033792876391289413,0.0,0.0,1,5,0.0,MikaelH,15.0,2,0,0,7,0,2019-07-10 20:38:45,2019-07-23 02:02:06,Peripheral learner,,0
21510,0,2,0,8,0.00010101914977139124,0.0003556482617226639,0.0,1.0,2,5,0.5,John,7.0,4,1,0,6,0,2019-05-19 03:27:41,2019-07-18 02:49:11,Peripheral learner,12,1
21967,0,1,0,1,0.00010101914977139124,0.00026696688067019063,0.0,0.0,1,5,0.0,Sheikh Munawar,11.0,1,0,0,0,0,2020-02-03 00:48:42,2020-02-03 00:48:42,Peripheral learner,,0
23178,0,3,0,3,0.00010101914977139124,0.00028313660867937754,0.0,1.0,3,5,0.6666666666666667,borebot,5.0,2,1,0,2,0,2019-06-12 12:53:55,2020-03-12 22:18:32,Peripheral learner,0,1
42824,0,1,0,2,0.00010101914977139124,0.000254508902821465,0.0,0.0,1,2,0.0,Rishav Jain,1.0,1,0,0,0,0,2024-06-08 15:32:19,2024-06-08 15:32:19,Peripheral learner,,0
23228,0,2,0,2,0.00010101914977139124,0.00027842615380251176,0.0,1.0,2,5,0.5,AutodidAce,5.0,2,0,0,0,0,2019-05-18 20:06:59,2019-06-12 23:03:05,Peripheral learner,,0
23380,0,4,0,5,0.00010101914977139124,0.0005083548837238077,0.0014928627784721032,0.3333333333333333,3,3,0.625,Dawienchi,19.0,4,0,0,1,0,2019-05-14 17:59:57,2019-06-18 21:04:58,Peripheral learner,,0
23553,0,1,0,2,0.00010101914977139124,0.0002811592573187313,0.0,0.0,1,5,0.0,Deku,3.0,1,0,0,1,0,2019-05-13 20:00:10,2019-05-14 04:48:32,Peripheral learner,,0
40780,0,1,0,2,0.00010101914977139124,0.000254508902821465,0.0,0.0,1,2,0.0,willmo,1.0,1,1,0,1,0,2023-12-04 15:57:44,2023-12-06 16:19:24,Peripheral learner,9,1
40781,0,1,0,1,0.00010101914977139124,0.0002536417034215574,0.0,0.0,1,2,0.0,rushil_01,1.0,1,0,0,0,0,2023-12-04 17:43:53,2023-12-04 17:43:53,Peripheral learner,,0
40782,0,1,0,4,0.00010101914977139124,0.0002562433016212801,0.0,0.0,1,2,0.0,Opie Taylor,1.0,1,0,0,2,0,2023-12-04 19:38:38,2023-12-12 23:21:55,Peripheral learner,,0
40829,0,1,0,11,0.00010101914977139124,0.00026231369742063304,0.0,0.0,1,2,0.0,Leyzer,13.0,1,0,0,6,0,2023-12-12 16:43:59,2023-12-24 03:22:45,Peripheral learner,,0
40838,0,1,0,3,0.00010101914977139124,0.00025537610222137256,0.0,0.0,1,2,0.0,Belasco,13.0,1,0,0,1,0,2023-12-13 11:38:31,2023-12-14 20:16:20,Peripheral learner,,0
40841,0,1,0,4,0.00010101914977139124,0.0002562433016212801,0.0,0.0,1,2,0.0,Alkir man,13.0,1,0,0,2,0,2023-12-13 18:35:21,2023-12-15 07:31:43,Peripheral learner,,0
40886,0,1,0,2,0.00010101914977139124,0.000254508902821465,0.0,0.0,1,2,0.0,Watunki,1.0,1,0,0,3,0,2023-12-19 17:28:55,2023-12-20 22:04:52,Peripheral learner,,0
40909,0,2,0,3,0.00010101914977139124,0.0002852149507682858,3.865988102874864e-06,0.0,2,2,0.0,Hagan,1.0,1,0,0,0,0,2023-12-22 11:09:25,2023-12-22 11:09:25,Peripheral learner,,0
40927,0,1,0,1,0.00010101914977139124,0.0002536417034215574,0.0,0.0,1,2,0.0,ChubDubDub,1.0,1,0,0,0,0,2023-12-23 20:50:45,2023-12-23 20:50:45,Peripheral learner,,0
40941,0,1,0,1,0.00010101914977139124,0.0002536417034215574,0.0,0.0,1,2,0.0,Elij,21.0,1,1,0,0,1,2023-12-27 16:33:39,2023-12-27 16:46:05,Peripheral learner,5,1
40957,0,1,0,1,0.00010101914977139124,0.0002536417034215574,0.0,0.0,1,2,0.0,pinkmonster,1.0,1,0,0,0,0,2023-12-28 16:27:50,2023-12-28 16:27:50,Peripheral learner,,0
46123,0,1,0,1,0.00010101914977139124,0.0002536417034215574,0.0,0.0,1,2,0.0,Dre Lehlaha,1.0,1,0,0,0,0,2025-07-13 20:59:02,2025-07-13 20:59:02,Peripheral learner,,0
40999,0,1,0,1,0.00010101914977139124,0.0002536417034215574,0.0,0.0,1,2,0.0,Ivan Torres,13.0,1,0,0,0,0,2024-01-04 03:23:29,2024-01-04 03:23:29,Peripheral learner,,0
41067,0,1,0,2,0.00010101914977139124,0.000254508902821465,0.0,0.0,1,2,0.0,NawafBRQ,1.0,1,0,0,0,0,2024-02-03 03:07:00,2024-02-03 03:07:00,Peripheral learner,,0
41105,0,1,0,1,0.00010101914977139124,0.0002536417034215574,0.0,0.0,1,2,0.0,binhsuy,1.0,1,0,0,0,0,2024-01-20 08:13:41,2024-01-20 08:13:41,Peripheral learner,,0
41111,0,1,0,1,0.00010101914977139124,0.0002536417034215574,0.0,0.0,1,2,0.0,Loves Mathematics,11.0,1,0,0,0,0,2024-01-21 14:32:44,2024-01-21 14:32:44,Peripheral learner,,0
41115,0,1,0,13,0.00010101914977139124,0.00026404809622044813,0.0,0.0,1,2,0.0,faarn,13.0,2,1,0,9,0,2024-01-22 13:24:56,2024-04-01 19:53:51,Peripheral learner,6,1
41196,0,2,0,8,0.00010101914977139124,0.00036631606763487567,0.001582900657667013,0.0,1,2,0.0,Athi,33.0,4,3,0,3,2,2024-02-01 16:45:45,2024-05-24 04:52:45,Peripheral learner,0,3
41213,0,1,0,3,0.00010101914977139124,0.00025537610222137256,0.0,0.0,1,2,0.0,DevloperOso,1.0,1,1,0,1,0,2024-02-04 18:08:45,2024-02-05 18:18:13,Peripheral learner,14,1
41297,0,1,0,1,0.00010101914977139124,0.0002536417034215574,0.0,0.0,1,2,0.0,OnAnd17,1.0,1,0,0,0,0,2024-02-15 21:16:08,2024-02-15 21:16:08,Peripheral learner,,0
41331,0,1,0,1,0.00010101914977139124,0.0002536417034215574,0.0,0.0,1,2,0.0,IsaacChrist Ikpe,3.0,1,0,0,1,0,2024-02-22 13:18:13,2024-02-23 12:37:27,Peripheral learner,,0
42413,0,1,0,1,0.00010101914977139124,0.0002536417034215574,0.0,0.0,1,2,0.0,Vaidik Rungta,1.0,1,1,0,1,0,2024-04-21 14:07:57,2024-04-24 19:03:35,Peripheral learner,0,1
40191,0,3,0,3,0.00010101914977139124,0.000265435837491546,0.00014242625671629595,0.3333333333333333,3,2,0.4444444444444444,Marco Raafat,1.0,1,0,0,0,0,2023-09-18 11:48:57,2023-09-18 11:48:57,Peripheral learner,,0
42452,0,1,0,1,0.00010101914977139124,0.0002536417034215574,0.0,0.0,1,2,0.0,if_indeed,11.0,1,0,0,0,0,2024-03-12 15:34:04,2024-03-12 15:34:04,Peripheral learner,,0
42539,0,1,0,3,0.00010101914977139124,0.00025537610222137256,0.0,0.0,1,2,0.0,theparanormal22,1.0,1,1,0,0,0,2024-03-27 12:47:29,2024-03-27 15:40:49,Peripheral learner,0,1
42718,0,1,0,5,0.00010101914977139124,0.0002571105010211877,0.0,0.0,1,2,0.0,Ben Kovitz,113.0,1,0,0,1,0,2024-05-14 23:47:39,2024-05-16 03:38:56,Peripheral learner,,0
42806,0,1,0,3,0.00010101914977139124,0.00025537610222137256,0.0,0.0,1,2,0.0,TomasSadone,3.0,1,0,0,0,0,2024-05-07 15:40:24,2024-05-07 15:40:24,Peripheral learner,,0
23857,0,3,0,5,0.00010101914977139124,0.00028735716276002754,9.00223987108652e-05,0.6666666666666666,3,3,0.6666666666666667,Rohit Jain,9.0,4,0,0,4,0,2019-07-06 19:00:25,2019-07-15 17:24:24,Peripheral learner,,0
42840,0,1,0,2,0.00010101914977139124,0.000254508902821465,0.0,0.0,1,2,0.0,Paul Hamoen,1.0,1,0,0,1,0,2024-05-12 10:34:15,2024-05-14 18:58:24,Peripheral learner,,0
42870,0,1,0,3,0.00010101914977139124,0.00025537610222137256,0.0,0.0,1,2,0.0,Manny,13.0,1,0,0,2,0,2024-05-16 17:23:57,2024-05-16 17:50:45,Peripheral learner,,0
42945,0,1,0,2,0.00010101914977139124,0.000254508902821465,0.0,0.0,1,2,0.0,user20158741,1.0,1,0,0,1,0,2024-05-28 16:55:46,2024-05-29 15:02:33,Peripheral learner,,0
42962,0,1,0,1,0.00010101914977139124,0.0002536417034215574,0.0,0.0,1,2,0.0,Abhiram H N,1.0,1,0,0,0,0,2024-05-29 09:11:35,2024-05-29 09:11:35,Peripheral learner,,0
43212,0,1,0,1,0.00010101914977139124,0.0002536417034215574,0.0,0.0,1,2,0.0,Tarek -Gamez,3.0,1,0,0,0,0,2024-07-14 19:26:59,2024-07-14 19:26:59,Peripheral learner,,0
43411,0,1,0,1,0.00010101914977139124,0.0002536417034215574,0.0,0.0,1,2,0.0,Dina Mohamed,3.0,1,0,0,0,0,2024-08-27 13:18:00,2024-08-27 13:18:00,Peripheral learner,,0
43474,0,1,0,7,0.00010101914977139124,0.0002588448998210028,0.0,0.0,1,2,0.0,Quốc Trí Nguyễn,13.0,1,0,0,3,0,2024-08-22 13:36:55,2024-08-23 05:20:18,Peripheral learner,,0
43500,0,1,0,1,0.00010101914977139124,0.0002536417034215574,0.0,0.0,1,2,0.0,SPDS,1.0,1,1,0,0,0,2024-08-27 08:43:42,2024-08-27 11:19:41,Peripheral learner,5,1
43557,0,1,0,9,0.00010101914977139124,0.0002605792986208179,0.0,0.0,1,2,0.0,Oliver Mai,3.0,1,0,0,2,0,2024-09-06 02:48:20,2024-09-10 15:53:24,Peripheral learner,,0
43725,0,1,0,1,0.00010101914977139124,0.0002536417034215574,0.0,0.0,1,2,0.0,Andy Foelsche,1.0,1,1,0,0,0,2024-10-07 22:00:25,2024-10-08 01:02:32,Peripheral learner,0,1
43755,0,1,0,3,0.00010101914977139124,0.00025537610222137256,0.0,0.0,1,2,0.0,MintJungle,25.0,2,1,1,2,0,2024-10-14 00:47:01,2024-12-06 22:29:19,Peripheral learner,6,1
43820,0,2,0,3,0.00010101914977139124,0.00046945123844921075,0.0012594803179780685,0.0,1,2,0.0,Angel,1.0,1,0,0,1,0,2024-10-24 11:01:46,2024-10-26 17:43:40,Peripheral learner,,0
43920,0,1,0,2,0.00010101914977139124,0.000254508902821465,0.0,0.0,1,2,0.0,AAQIL AHMED KULLDIK MANEGAR,1.0,1,0,0,0,0,2024-11-15 12:09:55,2024-11-15 12:09:55,Peripheral learner,,0
44132,0,1,0,2,0.00010101914977139124,0.000254508902821465,0.0,0.0,1,2,0.0,TrN,3.0,1,0,0,1,0,2024-12-31 05:39:59,2025-01-02 14:55:14,Peripheral learner,,0
23991,0,3,0,3,0.00010101914977139124,0.00048388656765858246,0.0003250048248317546,0.3333333333333333,2,3,0.4444444444444444,Bolbis,3.0,2,0,0,0,0,2019-07-28 20:57:59,2020-03-03 05:55:15,Peripheral learner,,0
40082,0,1,0,1,0.00010101914977139124,0.0003602456718355227,0.0,0.0,1,2,0.0,Ankur,1.0,1,0,0,0,0,2023-09-06 11:40:16,2023-09-06 11:40:16,Peripheral learner,,0
47276,0,1,0,1,0.00010101914977139124,0.0002536417034215574,0.0,0.0,1,2,0.0,Arsany Amir,1.0,1,0,0,0,0,2026-02-25 00:54:01,2026-02-25 00:54:01,Peripheral learner,,0
47732,0,1,0,2,0.00010101914977139124,0.000254508902821465,0.0,0.0,1,2,0.0,Rifat Piantumu,11.0,1,0,0,0,0,2026-05-19 15:06:18,2026-05-19 15:06:18,Peripheral learner,,0
39851,0,1,0,1,0.00010101914977139124,0.00046771683964939555,0.0,0.0,1,106,0.0,sajwan,11.0,1,0,0,0,0,2023-08-06 11:55:50,2023-08-06 11:55:50,Peripheral learner,,0
37193,0,1,0,1,0.00010101914977139124,0.00046771683964939555,0.0,0.0,1,107,0.0,Cosmic,1.0,1,0,0,1,0,2022-10-23 11:17:01,2023-11-21 22:29:26,Peripheral learner,,0
40044,0,1,0,1,0.00010101914977139124,0.00046771683964939555,0.0,0.0,1,108,0.0,Youssef Hamoda,3.0,1,0,0,0,0,2023-09-02 05:06:26,2023-09-02 05:06:26,Peripheral learner,,0
23816,0,1,0,2,0.00010101914977139124,0.0002621954137753815,0.0,0.0,1,0,0.0,Nealo888,3.0,1,0,0,2,0,2019-07-07 14:37:53,2019-07-09 00:43:08,Peripheral learner,,0
23830,0,1,0,1,0.00010101914977139124,0.0002574849588985157,0.0,0.0,1,0,0.0,Hans,1.0,1,0,0,0,0,2019-07-12 05:36:59,2019-07-12 05:36:59,Peripheral learner,,0
23835,0,3,0,4,0.00010101914977139124,0.0002679657376566143,0.00013634182588186846,0.6666666666666666,3,0,0.6666666666666667,Ethan Blackthorn,7.0,3,0,0,1,0,2019-07-02 13:51:07,2019-12-24 17:04:42,Peripheral learner,,0
41022,0,2,0,2,0.00010101914977139124,0.0006826591752771412,0.0,0.0,1,52,0.0,Arrianne,11.0,1,0,0,1,0,2024-01-06 11:36:12,2024-01-10 04:29:04,Peripheral learner,,0
39447,0,1,0,1,0.00010101914977139124,0.00046771683964939555,0.0,0.0,1,110,0.0,mikikop,1.0,1,0,0,0,0,2023-07-02 15:13:40,2023-07-02 15:13:40,Peripheral learner,,0
43162,0,2,0,2,0.00010101914977139124,0.00047598385255815496,0.0003250048248317546,0.0,1,2,0.0,Ankur,1.0,1,0,0,0,0,2024-07-03 11:22:50,2024-07-03 11:22:50,Peripheral learner,,0
23859,0,1,0,1,0.00010101914977139124,0.0002574849588985157,0.0,0.0,1,0,0.0,Nga Vũ,3.0,1,0,0,1,0,2019-07-11 20:31:16,2019-07-16 12:41:34,Peripheral learner,,0
23885,0,6,0,10,0.00010101914977139124,0.0007072086159510296,0.0001411566202051451,0.4666666666666667,4,3,0.6111111111111112,Tanishq Kumar,107.0,6,0,0,1,0,2019-07-11 11:43:42,2019-09-01 16:48:09,Peripheral learner,,0
23891,0,2,0,2,0.00010101914977139124,0.00030451040593025927,0.0,1.0,2,3,0.5,William Gozali,1.0,1,0,0,0,0,2019-07-11 18:01:46,2019-07-11 18:01:46,Peripheral learner,,0
23908,0,3,0,7,0.00010101914977139124,0.0004449417732998684,0.00016846662301681032,0.6666666666666666,3,3,0.4444444444444444,Amit Rajaraman,109.0,4,0,0,4,0,2019-07-15 12:57:53,2019-07-31 14:21:26,Peripheral learner,,0
23910,0,1,0,2,0.00010101914977139124,0.0002621954137753815,0.0,0.0,1,0,0.0,rxndosiel,3.0,2,0,0,1,0,2019-07-14 15:06:43,2020-05-01 00:39:17,Peripheral learner,,0
23965,0,1,0,3,0.00010101914977139124,0.00026690586865224725,0.0,0.0,1,0,0.0,dino,3.0,1,0,0,1,0,2019-07-22 22:19:33,2019-07-22 23:18:59,Peripheral learner,,0
40604,0,2,0,2,0.00010101914977139124,0.0002619087163303169,1.5848485501462564e-05,0.0,2,2,0.0,FSZer0,3.0,1,0,0,1,0,2023-11-07 13:47:30,2023-11-08 02:06:53,Peripheral learner,,0
40824,0,2,0,2,0.00010101914977139124,0.0002619087163303169,1.5848485501462564e-05,0.0,2,2,0.0,Shimul Das,1.0,1,0,0,0,0,2023-12-11 06:27:03,2023-12-11 06:27:03,Peripheral learner,,0
40843,0,2,0,4,0.00010101914977139124,0.00026364311513013203,1.586434985131388e-05,0.0,2,2,0.0,Ahmed Hussien,13.0,1,0,0,1,0,2023-12-14 01:16:38,2023-12-16 10:56:00,Peripheral learner,,0
40954,0,3,0,3,0.00010101914977139124,0.000265435837491546,0.0001425688255418378,0.3333333333333333,3,2,0.4444444444444444,Ingrid ,1.0,1,0,0,0,0,2023-12-28 13:59:37,2023-12-28 13:59:37,Peripheral learner,,0
41019,0,2,0,4,0.00010101914977139124,0.00026364311513013203,1.5848485501462564e-05,0.0,2,2,0.0,user41019,1.0,1,0,0,2,0,2024-01-06 07:41:09,2024-01-08 19:30:52,Peripheral learner,,0
41027,0,2,0,2,0.00010101914977139124,0.0002619087163303169,1.5848485501462564e-05,0.0,2,2,0.0,Bijal Shrestha,1.0,1,0,0,0,0,2024-01-07 01:47:51,2024-01-07 01:47:51,Peripheral learner,,0
43302,0,1,0,1,0.00010101914977139124,0.0003889034713435239,0.0,0.0,1,9,0.0,BUSHRA AHMED,1.0,1,0,0,0,0,2024-07-25 15:04:45,2024-07-25 15:04:45,Peripheral learner,,0
29145,0,1,0,2,0.00010101914977139124,0.0002621954137753815,0.0,0.0,1,0,0.0,rdauncey,13.0,1,0,0,1,0,2020-07-15 19:51:53,2020-07-16 09:52:00,Peripheral learner,,0
29167,0,1,0,5,0.00010101914977139124,0.0002763267784059788,0.0,0.0,1,0,0.0,Liz-Sod497,7.0,3,0,0,2,0,2020-07-17 20:38:21,2020-09-25 18:56:05,Peripheral learner,,0
29172,0,1,0,1,0.00010101914977139124,0.0002574849588985157,0.0,0.0,1,0,0.0,math_guru,1.0,1,0,0,0,0,2020-07-18 18:58:17,2020-07-18 18:58:17,Peripheral learner,,0
34278,0,2,0,3,0.00010101914977139124,0.0002704624266841409,0.00023600719517450724,0.0,2,0,0.5,Michael Puckett,13.0,2,0,0,1,0,2021-10-14 20:31:12,2021-10-18 15:44:10,Peripheral learner,,0
43364,0,1,0,1,0.00010101914977139124,0.00046771683964939555,0.0,0.0,1,113,0.0,wgrn98,1.0,1,0,0,0,0,2024-08-02 14:41:51,2024-08-02 14:41:51,Peripheral learner,,0
38151,0,1,0,1,0.00010101914977139124,0.00046771683964939555,0.0,0.0,1,109,0.0,Happy Rabbit44,1.0,1,0,0,0,0,2023-02-19 04:11:22,2023-02-19 04:11:22,Peripheral learner,,0
42457,0,2,0,3,0.00010101914977139124,0.00026277591573022443,1.5848485501462564e-05,0.0,2,2,0.0,OMAB2infinity,1.0,1,0,0,0,0,2024-03-13 08:30:48,2024-03-13 08:30:48,Peripheral learner,,0
40244,0,4,0,5,0.00010101914977139124,0.00033252030161020165,0.00017578748761101195,0.5,3,9,0.625,domionico,1.0,2,0,0,0,0,2023-09-21 22:15:24,2023-09-29 17:49:19,Peripheral learner,,0
32709,0,1,0,2,0.00010101914977139124,0.0004783054243572444,0.0,0.0,1,2,0.0,David Mertz,1.0,1,1,0,0,0,2021-06-15 18:24:24,2021-06-15 20:45:14,Peripheral learner,8,1
46022,0,1,0,1,0.00010101914977139124,0.00046771683964939555,0.0,0.0,1,115,0.0,Lubette van Olffen,11.0,1,0,0,0,0,2025-07-01 13:37:10,2025-07-01 13:37:10,Peripheral learner,,0
44278,0,1,0,1,0.00010101914977139124,0.00026104151693040934,0.0,0.0,1,2,0.0,ConorNE,1.0,1,1,0,0,0,2025-01-23 15:55:58,2025-01-23 16:22:28,Peripheral learner,2,1
29876,0,1,0,1,0.00010101914977139124,0.0002574849588985157,0.0,0.0,1,0,0.0,human-tech,3.0,1,0,0,1,0,2020-10-02 11:04:05,2020-10-03 19:33:26,Peripheral learner,,0
29898,0,1,0,1,0.00010101914977139124,0.0002574849588985157,0.0,0.0,1,0,0.0,user29898,1.0,1,0,0,1,0,2020-10-05 18:24:30,2020-10-06 02:51:23,Peripheral learner,,0
29903,0,2,0,2,0.00010101914977139124,0.0002640222905852295,0.0,1.0,2,6,0.5,m.ravetch,13.0,2,1,0,1,0,2020-10-06 04:21:59,2020-11-17 00:17:08,Peripheral learner,8,1
29909,0,1,0,1,0.00010101914977139124,0.0002574849588985157,0.0,0.0,1,0,0.0,NENENE,3.0,2,1,0,1,0,2020-10-06 15:20:52,2020-10-24 00:45:32,Peripheral learner,15,1
29914,0,1,0,2,0.00010101914977139124,0.0002621954137753815,0.0,0.0,1,0,0.0,lChen,1.0,1,0,0,0,0,2020-10-07 15:06:44,2020-10-07 15:06:44,Peripheral learner,,0
29939,0,1,0,1,0.00010101914977139124,0.0002574849588985157,0.0,0.0,1,0,0.0,zachary0994,1.0,1,0,0,0,0,2020-10-11 04:28:26,2020-10-11 04:28:26,Peripheral learner,,0
29942,0,2,0,2,0.00010101914977139124,0.0003704617079722006,0.0,1.0,2,0,0.0,Catherine Mules,3.0,1,0,0,0,0,2020-10-12 03:34:55,2020-10-12 03:34:55,Peripheral learner,,0
29943,0,1,0,1,0.00010101914977139124,0.0002574849588985157,0.0,0.0,1,0,0.0,tinomutendaishe msakwa,3.0,1,0,0,1,0,2020-10-12 05:57:44,2020-10-12 13:44:35,Peripheral learner,,0
29947,0,1,0,1,0.00010101914977139124,0.0002574849588985157,0.0,0.0,1,0,0.0,mich,1.0,1,0,0,0,0,2020-10-12 13:50:27,2020-10-12 13:50:27,Peripheral learner,,0
29602,0,2,0,8,0.00010101914977139124,0.0003032462807055124,0.0,1.0,2,6,0.5,Jaime,15.0,3,0,0,6,0,2020-08-29 19:32:22,2020-11-26 02:43:02,Peripheral learner,,0
29608,0,3,0,5,0.00010101914977139124,0.0004893916409310037,2.5734085962538724e-05,0.6666666666666666,2,0,0.4444444444444444,Ciaran Egan,3.0,4,0,0,5,0,2020-08-30 16:05:48,2020-09-07 12:02:47,Peripheral learner,,0
23953,0,1,0,1,0.00010101914977139124,0.0002574849588985157,0.0,0.0,1,0,0.0,bbNicky,11.0,1,1,0,1,1,2019-07-21 02:47:09,2019-07-21 05:00:44,Peripheral learner,9,1
43554,0,3,0,3,0.00010101914977139124,0.0002666191712071827,0.0002516196734807956,0.3333333333333333,3,2,0.4444444444444444,Ziyankhan Pathan,11.0,1,1,0,0,1,2024-09-05 13:24:12,2024-09-05 14:46:07,Peripheral learner,1,1
