source_user,target_user,type,id,parent_post_id,created_at
48554.0,43820.0,answer,45574,45343,1787635184
1090.0,47412.0,answer,45528,45527,1775257778
4847.0,47311.0,answer,45525,45524,1772875691
4847.0,47251.0,answer,45520,45517,1771475075
47251.0,45886.0,answer,45519,45455,1771467274
38661.0,46831.0,answer,45500,45492,1765985021
4847.0,46850.0,answer,45495,45494,1764163148
46816.0,46702.0,answer,45490,45483,1763468005
4847.0,46809.0,answer,45488,45487,1763249231
1090.0,46460.0,answer,45480,45474,1758752921
1090.0,37131.0,answer,45479,45478,1758752833
34912.0,46261.0,answer,45472,45471,1755453463
34912.0,46020.0,answer,45470,45469,1755205177
39838.0,46123.0,answer,45465,45462,1753128367
34912.0,46073.0,answer,45467,45459,1753646074
46023.0,46022.0,answer,45453,45452,1751391426
4847.0,45886.0,answer,45446,45445,1751003270
4847.0,45952.0,answer,45441,45440,1750189243
1090.0,45794.0,answer,45432,45431,1748246002
10074.0,40623.0,answer,45428,45419,1746553615
4847.0,44707.0,answer,45426,45425,1746203329
34912.0,44642.0,answer,45422,45420,1745798886
10074.0,44599.0,answer,45417,45416,1744890541
4847.0,44541.0,answer,45412,45409,1743449730
4847.0,44542.0,answer,45411,45410,1743449278
4847.0,44420.0,answer,45400,45399,1740256493
39838.0,44292.0,answer,45392,45384,1738879001
39838.0,44281.0,answer,45391,45382,1738877150
4847.0,44292.0,answer,45390,45384,1738584935
34912.0,44281.0,answer,45385,45382,1738072097
10074.0,44281.0,answer,45383,45382,1737806070
39838.0,43920.0,answer,45379,45356,1736954858
10074.0,40623.0,answer,45377,45376,1736347504
39838.0,44132.0,answer,45375,45374,1735679707
10074.0,40623.0,answer,45373,45372,1735079067
4847.0,44058.0,answer,45370,45369,1734734488
4847.0,42976.0,answer,45350,45349,1730413190
38661.0,42976.0,answer,45351,45349,1730432565
4847.0,43782.0,answer,45348,45347,1729890552
39838.0,43820.0,answer,45346,45343,1729879670
39838.0,43798.0,answer,45342,45339,1729525822
38661.0,34793.0,answer,45340,45337,1729456856
10074.0,43774.0,answer,45341,45336,1729501935
39838.0,43774.0,answer,45334,45333,1729099532
39838.0,43755.0,answer,45332,45331,1729011463
39838.0,43700.0,answer,45327,45324,1728063802
1090.0,43700.0,answer,45326,45324,1727909650
1090.0,43678.0,answer,45323,45318,1727674458
1090.0,43679.0,answer,45322,45319,1727674276
43670.0,43668.0,answer,45317,45316,1727325465
39838.0,37553.0,answer,45311,45308,1726588136
1861.0,43362.0,answer,45306,45254,1726046821
43584.0,43364.0,answer,45305,45255,1725955074
39838.0,43557.0,answer,45303,45302,1725660454
34912.0,42939.0,answer,45296,45292,1725289467
34912.0,43367.0,answer,45298,45282,1725381866
39838.0,43500.0,answer,45299,45284,1725383007
34912.0,43367.0,answer,45295,45282,1725154259
4847.0,43484.0,answer,45294,45293,1725151947
39838.0,43411.0,answer,45288,45286,1724791540
43367.0,28527.0,answer,45283,45269,1724623443
39838.0,43474.0,answer,45278,45277,1724346515
4847.0,43468.0,answer,45276,45275,1724268174
4847.0,43457.0,answer,45273,45272,1724097526
34912.0,40828.0,answer,45267,45261,1723566484
39838.0,28527.0,answer,45268,45265,1723652098
39838.0,40828.0,answer,45262,45261,1723226769
10074.0,28527.0,answer,45266,45265,1723542937
39838.0,43287.0,answer,45264,45263,1723494645
39838.0,42939.0,answer,45260,45259,1723150898
43367.0,43302.0,answer,45256,45246,1722793436
39838.0,37131.0,answer,45251,45232,1722263483
39838.0,35537.0,answer,45250,45231,1722263168
43286.0,43162.0,answer,45238,45222,1721822445
4847.0,43251.0,answer,45234,45233,1721437855
39838.0,42501.0,answer,45229,45226,1721080346
39838.0,43212.0,answer,45228,45227,1721076050
10074.0,43160.0,answer,45224,45221,1720435010
43990.0,40890.0,answer,45361,44930,1733244549
39838.0,41297.0,answer,44935,44934,1708099442
39838.0,41328.0,answer,44951,44942,1708632281
39838.0,42452.0,answer,44986,44981,1710345957
39838.0,42457.0,answer,44987,44984,1710346716
39838.0,42442.0,answer,44988,44985,1710349756
39838.0,41036.0,answer,44990,44989,1710530597
39838.0,37699.0,answer,45091,45090,1713893318
39838.0,42807.0,answer,45122,45115,1715370747
39838.0,41202.0,answer,45164,45152,1716924760
39838.0,42962.0,answer,45170,45165,1717098053
39838.0,43157.0,answer,45225,45220,1720537310
4847.0,43139.0,answer,45215,45214,1719767464
4847.0,42501.0,answer,45210,45209,1719508799
4847.0,42937.0,answer,45201,45200,1718836089
39838.0,42442.0,answer,45192,45191,1718049120
4847.0,42988.0,answer,45187,45186,1717685756
39838.0,40623.0,answer,45185,45182,1717622402
4847.0,42979.0,answer,45181,45179,1717349459
10074.0,42978.0,answer,45180,45177,1717347914
39838.0,42939.0,answer,45163,45156,1716924512
10074.0,42937.0,answer,45157,45154,1716805835
42937.0,42938.0,answer,45155,45153,1716744818
39838.0,41196.0,answer,45150,45149,1716482742
39838.0,42870.0,answer,45138,45136,1715881024
39838.0,42718.0,answer,45137,45134,1715880462
4847.0,42856.0,answer,45133,45132,1715677901
4847.0,42849.0,answer,45131,45130,1715674605
4847.0,42849.0,answer,45126,45125,1715605572
39838.0,42806.0,answer,45123,45114,1715372221
4847.0,42822.0,answer,45119,45117,1715249489
1090.0,42822.0,answer,45118,45117,1715248185
10074.0,42807.0,answer,45116,45115,1715163891
4847.0,42777.0,answer,45109,45106,1714792782
39838.0,42770.0,answer,45103,45102,1714597015
4847.0,42736.0,answer,45101,45100,1714342738
4847.0,42742.0,answer,45098,45097,1714193247
4847.0,42727.0,answer,45095,45094,1713918600
10074.0,40623.0,answer,45086,45085,1713432574
39838.0,42442.0,answer,45044,45042,1711912305
39838.0,42442.0,answer,45028,44985,1711652024
10074.0,42442.0,answer,45043,45042,1711878359
39838.0,42442.0,answer,45029,45025,1711653363
39838.0,41115.0,answer,45023,45019,1711549273
10074.0,40623.0,answer,45016,45014,1711273571
39838.0,42442.0,answer,45027,45025,1711586456
39838.0,42539.0,answer,45024,45022,1711550490
39838.0,42501.0,answer,45012,45011,1711047178
39838.0,41028.0,answer,45007,45004,1710774655
41036.0,41028.0,answer,45008,45004,1710777431
37484.0,42355.0,answer,44978,44959,1710122097
39838.0,42442.0,answer,44976,44974,1710101060
42443.0,42442.0,answer,44975,44974,1710020841
4847.0,42400.0,answer,44967,44966,1709518333
10074.0,42381.0,answer,44963,44960,1709294347
39838.0,41331.0,answer,44952,44948,1708633882
1090.0,41036.0,answer,44950,44949,1708628302
36540.0,41328.0,answer,44947,44942,1708606687
4847.0,34793.0,answer,44929,44928,1707558860
10074.0,41250.0,answer,44927,44926,1707526654
10074.0,41058.0,answer,44923,44921,1707483287
39838.0,40623.0,answer,44924,44922,1707492095
10074.0,41240.0,answer,44919,44917,1707345085
39838.0,40623.0,answer,44918,44916,1707322579
39838.0,41105.0,answer,44868,44857,1705938401
39838.0,41213.0,answer,44913,44911,1707144344
39838.0,40623.0,answer,44880,44878,1706112064
39838.0,40565.0,answer,44910,44905,1706987547
39838.0,41067.0,answer,44909,44906,1706984857
4847.0,41209.0,answer,44908,44907,1706955922
4847.0,41202.0,answer,44904,44903,1706863405
1090.0,40175.0,answer,44899,44895,1706737692
39838.0,40175.0,answer,44896,44895,1706713869
39838.0,41028.0,answer,44893,44889,1706545939
39838.0,41005.0,answer,44887,44886,1706382181
10074.0,40175.0,answer,44884,44877,1706299603
39838.0,41005.0,answer,44879,44876,1706109559
39838.0,41119.0,answer,44875,44869,1706025300
4847.0,41028.0,answer,44874,44871,1706014407
39838.0,41115.0,answer,44867,44865,1705937872
10074.0,41005.0,answer,44864,44863,1705881652
10074.0,41119.0,answer,44870,44869,1705957010
10074.0,41110.0,answer,44859,44858,1705839079
46071.0,41022.0,answer,45458,44811,1751888162
44377.0,40522.0,answer,45396,44605,1739463798
43636.0,40746.0,answer,45312,44673,1726972248
43287.0,41049.0,answer,45240,44847,1721824116
42383.0,41047.0,answer,44962,44823,1709252630
39838.0,41005.0,answer,44915,44828,1707243526
10074.0,41005.0,answer,44856,44855,1705706694
10074.0,40845.0,answer,44854,44853,1705673578
39838.0,41082.0,answer,44852,44848,1705598468
10074.0,41049.0,answer,44850,44847,1705546050
39838.0,41049.0,answer,44849,44847,1705544657
39838.0,41082.0,answer,44846,44844,1705507675
10074.0,40175.0,answer,44840,44839,1705403091
4847.0,41082.0,answer,44845,44844,1705466952
10074.0,41082.0,answer,44843,44842,1705433101
10074.0,38223.0,answer,44841,44807,1705426459
39838.0,41058.0,answer,44835,44830,1705079982
39838.0,41030.0,answer,44834,44831,1705074449
39838.0,41048.0,answer,44832,44824,1704997843
4847.0,41005.0,answer,44829,44828,1704937604
10074.0,41049.0,answer,44827,44825,1704922287
41039.0,41022.0,answer,44820,44811,1704745198
41030.0,41028.0,answer,44816,44813,1704630863
39838.0,41028.0,answer,44819,44813,1704727904
39838.0,41019.0,answer,44818,44810,1704727230
4847.0,41005.0,answer,44809,44808,1704493140
39838.0,40999.0,answer,44806,44802,1704383565
1090.0,40987.0,answer,44800,44797,1704260109
39838.0,38686.0,answer,44799,44766,1704220335
39838.0,40927.0,answer,44798,44771,1704218365
4847.0,39852.0,answer,44796,44794,1704140752
40980.0,40772.0,answer,44795,44694,1704123697
4847.0,39883.0,answer,44793,44792,1703988771
4847.0,39883.0,answer,44788,44784,1703807505
4847.0,40828.0,answer,44787,44786,1703799453
10074.0,40954.0,answer,44785,44781,1703791551
39838.0,40957.0,answer,44783,44782,1703782152
10074.0,40930.0,answer,44773,44772,1703456237
39838.0,40829.0,answer,44769,44731,1703352643
39838.0,40909.0,answer,44768,44765,1703348040
39838.0,40886.0,answer,44758,44754,1703019363
10074.0,40493.0,answer,44763,44760,1703162019
10074.0,40890.0,answer,44762,44759,1703159019
39838.0,40828.0,answer,44756,44755,1703013386
39838.0,40089.0,answer,44736,44730,1702483811
10074.0,40867.0,answer,44750,44749,1702717840
39838.0,40843.0,answer,44745,44741,1702589811
39838.0,40841.0,answer,44739,44738,1702496160
39838.0,40838.0,answer,44737,44735,1702484978
39838.0,40802.0,answer,44734,44715,1702419815
39838.0,40802.0,answer,44733,44732,1702419492
39838.0,39883.0,answer,44725,44721,1702327145
4847.0,40784.0,answer,44729,44728,1702379437
39838.0,40828.0,answer,44727,44726,1702327770
39838.0,40802.0,answer,44717,44711,1702051213
10074.0,40802.0,answer,44714,44713,1701995326
4847.0,40802.0,answer,44712,44711,1701955243
10074.0,40797.0,answer,44710,44708,1701944663
4847.0,40783.0,answer,44704,44701,1701762076
4847.0,40784.0,answer,44703,44702,1701761921
39838.0,40781.0,answer,44699,44697,1701718227
39838.0,40754.0,answer,44677,44676,1701360081
4847.0,40757.0,answer,44686,44682,1701397256
4847.0,40565.0,answer,44685,44683,1701396863
39838.0,40743.0,answer,44675,44672,1701286521
39838.0,40746.0,answer,44674,44673,1701286412
39838.0,40656.0,answer,44645,44642,1700260431
4847.0,40728.0,answer,44669,44668,1701131015
39838.0,40708.0,answer,44665,44657,1701100160
39838.0,40670.0,answer,44664,44646,1701099560
10074.0,40716.0,answer,44662,44661,1701050910
10074.0,40708.0,answer,44658,44657,1700875816
10074.0,40661.0,answer,44650,44644,1700484502
39838.0,40562.0,answer,44620,44619,1699019597
39838.0,40633.0,answer,44640,44636,1700149312
4847.0,39883.0,answer,44639,44638,1700116424
39838.0,40597.0,answer,44631,44622,1699628516
4847.0,40410.0,answer,44629,44628,1699399832
39838.0,40511.0,answer,44600,44598,1698268614
39838.0,40604.0,answer,44625,44623,1699369244
4847.0,39883.0,answer,44616,44615,1698715029
39838.0,40522.0,answer,44606,44605,1698420485
10074.0,40501.0,answer,44597,44594,1698232888
10074.0,40503.0,answer,44596,44595,1698232123
4847.0,40493.0,answer,44590,44589,1698121458
39838.0,38722.0,answer,44585,44584,1697908149
46971.0,40365.0,answer,45506,44512,1769287910
43442.0,40374.0,answer,45270,44518,1723734550
42628.0,39790.0,answer,45072,44294,1712703320
36540.0,40152.0,answer,44944,44446,1708605453
39838.0,40089.0,answer,44564,44561,1697471319
38672.0,40127.0,answer,44663,44432,1701089499
10074.0,40410.0,answer,44582,44581,1697851114
10074.0,40442.0,answer,44580,44577,1697747860
39838.0,40175.0,answer,44576,44575,1697725836
10074.0,38488.0,answer,44559,44557,1697385553
39838.0,40428.0,answer,44573,44571,1697554347
10074.0,40444.0,answer,44569,44567,1697501834
40437.0,39416.0,answer,44565,44516,1697480081
39838.0,40442.0,answer,44563,44562,1697468568
10074.0,40427.0,answer,44550,44547,1697222782
4847.0,40428.0,answer,44549,44548,1697216850
1090.0,39416.0,answer,44545,44516,1697189121
10074.0,40415.0,answer,44542,44540,1697081614
4847.0,40410.0,answer,44539,44538,1696976565
40401.0,40057.0,answer,44534,44409,1696921396
39838.0,40380.0,answer,44524,44522,1696607639
39838.0,40376.0,answer,44525,44521,1696608446
4847.0,40368.0,answer,44520,44514,1696521945
39838.0,40350.0,answer,44510,44507,1696263007
1090.0,40350.0,answer,44511,44507,1696275870
39838.0,39931.0,answer,44504,44501,1696184546
34912.0,40244.0,answer,44509,44500,1696262206
4847.0,39931.0,answer,44502,44501,1696101965
10074.0,36829.0,answer,44496,44495,1695775139
4847.0,40189.0,answer,44493,44491,1695723589
40273.0,39984.0,answer,44489,44379,1695621609
39838.0,40245.0,answer,44484,44481,1695398987
4847.0,40189.0,answer,44482,44468,1695355997
4847.0,40220.0,answer,44477,44475,1695284461
10074.0,40191.0,answer,44472,44469,1695049576
10074.0,39931.0,answer,44471,44470,1695049078
39838.0,40166.0,answer,44461,44460,1694797931
4847.0,40175.0,answer,44463,44462,1694912784
39838.0,38420.0,answer,44458,44455,1694705464
39838.0,40131.0,answer,44457,44435,1694704639
39838.0,39247.0,answer,44450,44445,1694617825
39838.0,39247.0,answer,44307,44303,1691161774
40072.0,40082.0,answer,44449,44415,1694611644
40072.0,40023.0,answer,44448,44394,1694610459
10074.0,40136.0,answer,44444,44443,1694544879
4847.0,40143.0,answer,44442,44439,1694508702
4847.0,40145.0,answer,44441,44440,1694508098
10074.0,40139.0,answer,44438,44437,1694469164
39838.0,40093.0,answer,44428,44423,1694206844
40127.0,40021.0,answer,44433,44393,1694395167
10074.0,38342.0,answer,44426,44425,1694113562
4847.0,40088.0,answer,44420,44419,1694069855
39838.0,39969.0,answer,44418,44410,1694014809
4847.0,40075.0,answer,44412,44411,1693976783
39838.0,38155.0,answer,44359,44357,1692303498
39838.0,40028.0,answer,44400,44398,1693582994
40046.0,40044.0,answer,44403,44402,1693642255
39838.0,40028.0,answer,44401,44395,1693583082
4847.0,40000.0,answer,44388,44387,1693170624
39838.0,39984.0,answer,44386,44379,1693154808
39838.0,39977.0,answer,44378,44377,1692902770
4847.0,39990.0,answer,44384,44381,1693123809
39838.0,39951.0,answer,44380,44369,1692972552
39838.0,36829.0,answer,44372,44371,1692641351
39838.0,39931.0,answer,44362,44358,1692306070
4847.0,39903.0,answer,44347,44345,1691886802
34912.0,39871.0,answer,44344,44331,1691852106
10074.0,39840.0,answer,44339,44336,1691809928
4847.0,39848.0,answer,44330,44329,1691542801
39838.0,39822.0,answer,44319,44316,1691253369
39838.0,39785.0,answer,44321,44284,1691255386
39838.0,37131.0,answer,44320,44315,1691254441
39838.0,38155.0,answer,44310,44298,1691165904
39838.0,39545.0,answer,44313,44264,1691167038
39838.0,39597.0,answer,44312,44282,1691166595
39838.0,39786.0,answer,44311,44285,1691166169
39838.0,39824.0,answer,44308,44301,1691164422
4847.0,39824.0,answer,44302,44301,1691097448
4847.0,39790.0,answer,44299,44294,1690939717
4847.0,39786.0,answer,44292,44291,1690761335
4847.0,39735.0,answer,44288,44287,1690712414
10074.0,39497.0,answer,44279,44276,1690537287
39773.0,39701.0,answer,44278,44262,1690530058
39722.0,39614.0,answer,44271,44270,1690096769
4847.0,39692.0,answer,44266,44260,1689900771
39672.0,39665.0,answer,44258,44253,1689705286
38342.0,39670.0,answer,44255,44254,1689695961
4847.0,39644.0,answer,44245,44244,1689541979
38661.0,38682.0,answer,43952,43945,1681377692
42513.0,39447.0,answer,45017,44199,1711302456
41058.0,39162.0,answer,44925,44096,1707515710
34912.0,39111.0,answer,44095,44087,1685709667
29807.0,38732.0,answer,44608,44046,1698498136
39838.0,39545.0,answer,44314,44214,1691167589
39810.0,39398.0,answer,44296,44154,1690897722
4847.0,39643.0,answer,44243,44242,1689494246
4847.0,39597.0,answer,44230,44228,1689147427
4847.0,38627.0,answer,44227,44226,1689077951
10074.0,39528.0,answer,44223,44207,1688865626
39424.0,39501.0,answer,44219,44196,1688657585
4847.0,39545.0,answer,44216,44214,1688604854
4847.0,39541.0,answer,44215,44213,1688596527
4847.0,39531.0,answer,44212,44211,1688512709
4847.0,39505.0,answer,44202,44200,1688335569
4847.0,30953.0,answer,44198,44197,1688275071
39360.0,39247.0,answer,44195,44168,1688147604
4847.0,38722.0,answer,44189,44188,1687893838
10074.0,39400.0,answer,44187,44155,1687812826
10074.0,39439.0,answer,44182,44179,1687716835
10074.0,35089.0,answer,44181,44180,1687688105
4847.0,39432.0,answer,44178,44176,1687648790
4847.0,38722.0,answer,44165,44163,1687483675
10074.0,39404.0,answer,44174,44158,1687529485
39424.0,39247.0,answer,44173,44169,1687527804
39424.0,39412.0,answer,44172,44162,1687527342
4847.0,39419.0,answer,44167,44166,1687487692
4847.0,39410.0,answer,44164,44161,1687483167
39386.0,38447.0,answer,44153,44101,1687255619
39360.0,39357.0,answer,44149,44146,1687097121
4847.0,39244.0,answer,44144,44143,1687048980
34912.0,39277.0,answer,44138,44127,1686839147
4847.0,39244.0,answer,44132,44130,1686708822
4847.0,39244.0,answer,44126,44125,1686473138
4847.0,39247.0,answer,44118,44116,1686374022
34912.0,36829.0,answer,44104,44097,1686092869
4847.0,39247.0,answer,44112,44111,1686326835
4847.0,38447.0,answer,44102,44101,1686026041
39060.0,38821.0,answer,44099,43996,1685751224
38258.0,39100.0,answer,44094,44083,1685649495
38258.0,37131.0,answer,44093,44090,1685648718
4847.0,37131.0,answer,44091,44090,1685492363
4847.0,36307.0,answer,44086,44085,1684989231
4847.0,39092.0,answer,44082,44081,1684821536
39056.0,39069.0,answer,44073,44072,1684536221
4847.0,34945.0,answer,44069,44068,1684366667
4847.0,38155.0,answer,44064,44063,1684206194
38994.0,38612.0,answer,44056,44003,1683947813
4847.0,38996.0,answer,44055,44053,1683928180
4847.0,38342.0,answer,44054,44052,1683927834
4847.0,37547.0,answer,44049,44047,1683856221
4847.0,38935.0,answer,44040,44039,1683548697
4847.0,36307.0,answer,44027,44026,1683117426
4847.0,38732.0,answer,44025,44022,1683093483
4847.0,38342.0,answer,44031,44029,1683151263
38342.0,38627.0,answer,44030,44028,1683138930
4847.0,38155.0,answer,44024,44023,1683093058
4847.0,37547.0,answer,44011,44010,1682630047
4847.0,38822.0,answer,44006,43997,1682563169
4847.0,38732.0,answer,44009,44008,1682594284
4847.0,38419.0,answer,44005,44004,1682562206
4847.0,38732.0,answer,44002,43994,1682496991
1090.0,38793.0,answer,44000,43981,1682478477
4847.0,38821.0,answer,43999,43996,1682472727
38661.0,38785.0,answer,43991,43973,1682380237
38661.0,38155.0,answer,43990,43969,1682372761
4847.0,38155.0,answer,43986,43984,1682312342
4847.0,38793.0,answer,43982,43981,1682235276
4847.0,38433.0,answer,43980,43979,1682223298
4847.0,38786.0,answer,43978,43974,1682213025
4847.0,38155.0,answer,43977,43976,1682211492
4847.0,38155.0,answer,43971,43969,1682116990
4847.0,38779.0,answer,43968,43967,1682036410
38661.0,38722.0,answer,43957,43953,1681583816
4847.0,38746.0,answer,43966,43965,1681682182
38661.0,38155.0,answer,43961,43960,1681628662
4847.0,38419.0,answer,43950,43949,1681337654
38661.0,38744.0,answer,43958,43956,1681584729
38661.0,38155.0,answer,43937,43933,1680806401
4847.0,38692.0,answer,43951,43948,1681368792
4847.0,38627.0,answer,43947,43944,1681195957
4847.0,22265.0,answer,43940,43939,1680897150
4847.0,38627.0,answer,43932,43930,1680645715
46508.0,38589.0,answer,45477,43910,1758482817
34912.0,37997.0,answer,43678,43673,1674418056
42729.0,38224.0,answer,45096,43784,1713941133
40935.0,38538.0,answer,44774,43903,1703586800
40346.0,38151.0,answer,44505,43794,1696211669
34912.0,38224.0,answer,43786,43784,1676646194
40108.0,38224.0,answer,44429,43784,1694214589
39059.0,36930.0,answer,44376,43839,1692840676
39798.0,37629.0,answer,44293,43698,1690783497
39782.0,38468.0,answer,44281,43895,1690583793
39702.0,38158.0,answer,44263,43751,1689877410
39635.0,38193.0,answer,44237,43765,1689358278
39424.0,38587.0,answer,44175,43912,1687530031
38799.0,38308.0,answer,43985,43827,1682306048
4847.0,38627.0,answer,43929,43926,1680561451
34912.0,38538.0,answer,43925,43903,1680455166
4847.0,38612.0,answer,43919,43917,1680295491
4847.0,38543.0,answer,43907,43906,1679729951
38524.0,38468.0,answer,43901,43895,1679583488
10074.0,36307.0,answer,43898,43897,1679432459
4847.0,38470.0,answer,43889,43887,1679135553
38467.0,38087.0,answer,43883,43716,1679079342
10074.0,38444.0,answer,43880,43873,1678978481
10074.0,38447.0,answer,43875,43874,1678884792
4847.0,38433.0,answer,43872,43871,1678742484
4847.0,38419.0,answer,43867,43861,1678614184
4847.0,37906.0,answer,43870,43869,1678651017
4847.0,38420.0,answer,43866,43862,1678612316
4847.0,38421.0,answer,43865,43863,1678612025
4847.0,38391.0,answer,43856,43855,1678304374
4847.0,38372.0,answer,43854,43848,1678223831
4847.0,38383.0,answer,43853,43852,1678220557
4847.0,36829.0,answer,43851,43850,1678149000
4847.0,38371.0,answer,43849,43847,1678145162
10074.0,38124.0,answer,43846,43844,1678037807
37292.0,36930.0,answer,43840,43839,1677947862
4847.0,38245.0,answer,43838,43837,1677908863
4847.0,38324.0,answer,43832,43831,1677702614
38314.0,37906.0,answer,43829,43828,1677618660
4847.0,38295.0,answer,43822,43819,1677399847
38296.0,38124.0,answer,43820,43790,1677394273
4847.0,38279.0,answer,43813,43811,1677233492
10074.0,38279.0,answer,43812,43811,1677233403
4847.0,38271.0,answer,43810,43809,1677142267
4847.0,38265.0,answer,43807,43806,1677109186
38256.0,38255.0,answer,43805,43804,1677026922
4847.0,38245.0,answer,43802,43801,1676934752
34912.0,37652.0,answer,43797,43795,1676830660
4847.0,38232.0,answer,43793,43791,1676762323
4847.0,38124.0,answer,43789,43787,1676718028
4847.0,37131.0,answer,43780,43779,1676498428
1090.0,35781.0,answer,43778,43772,1676491506
4847.0,38208.0,answer,43777,43775,1676488032
4847.0,38212.0,answer,43776,43773,1676487600
1090.0,38121.0,answer,43728,43727,1675570722
4847.0,38206.0,answer,43771,43768,1676447127
4847.0,38208.0,answer,43770,43769,1676405123
4847.0,38192.0,answer,43767,43764,1676326978
10074.0,38139.0,answer,43761,43757,1676231805
10074.0,38181.0,answer,43759,43758,1676218090
4847.0,38155.0,answer,43753,43750,1676077156
4847.0,38155.0,answer,43748,43747,1676022142
4847.0,38153.0,answer,43744,43743,1675985581
10074.0,38147.0,answer,43741,43740,1675961951
34912.0,37998.0,answer,43735,43733,1675810349
38127.0,37973.0,answer,43734,43689,1675787873
34912.0,38129.0,answer,43731,43730,1675697735
1090.0,38090.0,answer,43729,43720,1675570835
10074.0,36569.0,answer,43726,43723,1675531914
10074.0,37709.0,answer,43721,43718,1675248928
34912.0,38076.0,answer,43714,43711,1675092343
34912.0,38003.0,answer,43712,43708,1675091483
37871.0,37973.0,answer,43709,43689,1675081166
10074.0,38046.0,answer,43706,43705,1675026770
4847.0,38056.0,answer,43702,43700,1674958175
34912.0,38039.0,answer,43694,43690,1674838205
34912.0,37900.0,answer,43688,43687,1674660163
4847.0,37850.0,answer,43686,43685,1674565487
4847.0,37998.0,answer,43684,43683,1674529548
4847.0,37998.0,answer,43676,43675,1674298816
4847.0,30953.0,answer,43674,43672,1674252685
4847.0,30953.0,answer,43670,43669,1674179265
4847.0,37985.0,answer,43668,43667,1674132251
4847.0,37960.0,answer,43665,43653,1674086359
4847.0,37981.0,answer,43664,43663,1674083925
37978.0,37848.0,answer,43662,43652,1674080010
37978.0,37848.0,answer,43661,43652,1674078080
4847.0,37872.0,answer,43651,43650,1673921306
10074.0,37848.0,answer,43655,43652,1673981126
4847.0,37872.0,answer,43649,43648,1673641984
4847.0,37920.0,answer,43647,43646,1673604532
37879.0,37917.0,answer,43643,43642,1673568604
41258.0,34027.0,answer,44932,43392,1707858524
40637.0,37513.0,answer,44637,43400,1699854739
40500.0,37722.0,answer,44593,43519,1698179935
39814.0,37443.0,answer,44297,43367,1690906642
38467.0,37703.0,answer,43885,43510,1679089855
38306.0,37789.0,answer,43825,43609,1677500995
38042.0,37763.0,answer,43691,43626,1674760785
10074.0,36748.0,answer,43631,43630,1673434787
4847.0,37916.0,answer,43641,43640,1673563575
4847.0,37910.0,answer,43638,43636,1673496547
37896.0,37763.0,answer,43628,43626,1673365086
37890.0,36479.0,answer,43622,43590,1673277134
10074.0,37879.0,answer,43621,43620,1673264693
4847.0,37872.0,answer,43618,43617,1673216542
37877.0,37513.0,answer,43616,43400,1673186921
4847.0,37867.0,answer,43612,43611,1673078635
10074.0,37847.0,answer,43607,43603,1672882403
4847.0,37695.0,answer,43597,43596,1672764070
4847.0,37695.0,answer,43595,43594,1672689447
34912.0,36479.0,answer,43593,43590,1672581034
10074.0,37587.0,answer,43592,43591,1672579047
37722.0,37750.0,answer,43588,43531,1672487478
4847.0,37820.0,answer,43587,43585,1672443782
4847.0,37818.0,answer,43584,43583,1672377332
4847.0,37804.0,answer,43582,43580,1672335891
10074.0,37068.0,answer,43577,43566,1672267855
10074.0,37695.0,answer,43575,43573,1672245587
4847.0,36734.0,answer,43571,43569,1672171564
4847.0,37798.0,answer,43570,43568,1672168928
10074.0,37068.0,answer,43564,43559,1672070946
4847.0,37793.0,answer,43563,43562,1672066455
10074.0,37743.0,answer,43558,43528,1671911594
37779.0,37776.0,answer,43554,43552,1671831230
10074.0,37695.0,answer,43551,43550,1671805143
4847.0,37695.0,answer,43549,43548,1671789570
4847.0,37758.0,answer,43546,43545,1671737809
4847.0,37642.0,answer,43544,43543,1671737046
4847.0,37699.0,answer,43542,43537,1671733053
4847.0,37698.0,answer,43541,43538,1671732730
4847.0,37763.0,answer,43536,43535,1671709870
4847.0,37758.0,answer,43534,43532,1671696376
10074.0,37737.0,answer,43530,43527,1671552158
10074.0,37726.0,answer,43524,43523,1671373322
4847.0,37717.0,answer,43521,43517,1671364324
37484.0,37717.0,answer,43520,43517,1671321081
4847.0,37706.0,answer,43513,43512,1671184772
4847.0,37698.0,answer,43511,43508,1671140731
37700.0,37469.0,answer,43509,43382,1671126588
4847.0,37681.0,answer,43505,43503,1671046284
4847.0,37549.0,answer,43500,43497,1670883207
37068.0,37549.0,answer,43498,43497,1670855897
4847.0,37341.0,answer,43494,43491,1670818181
4847.0,37649.0,answer,43493,43486,1670817235
10074.0,37341.0,answer,43492,43491,1670799116
37644.0,37656.0,answer,43490,43487,1670790996
10074.0,37644.0,answer,43485,43484,1670652274
34912.0,37615.0,answer,43483,43468,1670616495
4847.0,37633.0,answer,43476,43475,1670541634
37484.0,37623.0,answer,43474,43469,1670526035
4847.0,36006.0,answer,43472,43471,1670484595
1090.0,37604.0,answer,43466,43457,1670268214
10074.0,37607.0,answer,43464,43460,1670258324
4847.0,37594.0,answer,43461,43449,1670237571
37484.0,37329.0,answer,43454,43434,1670197107
37484.0,37594.0,answer,43453,43449,1670196050
4847.0,37329.0,answer,43448,43434,1670123484
4847.0,37131.0,answer,43447,43439,1670122719
4847.0,37587.0,answer,43446,43444,1670122265
10074.0,37506.0,answer,43440,43438,1669932635
10074.0,37557.0,answer,43431,43430,1669676203
37484.0,37547.0,answer,43426,43423,1669605458
4847.0,37539.0,answer,43417,43415,1669489285
34912.0,37340.0,answer,43416,43414,1669470889
10074.0,36482.0,answer,43410,43408,1669384361
4847.0,35927.0,answer,43401,43398,1669162589
10074.0,28527.0,answer,43407,43405,1669300208
34912.0,34027.0,answer,43394,43392,1669066134
4847.0,35927.0,answer,43393,43391,1669063658
37484.0,37469.0,answer,43385,43382,1668909407
10074.0,37420.0,answer,43383,43374,1668825239
10074.0,28527.0,answer,43381,43378,1668774145
4847.0,37461.0,answer,43380,43377,1668755966
4847.0,37420.0,answer,43376,43374,1668727594
4847.0,37457.0,answer,43375,43373,1668721041
4847.0,37438.0,answer,43364,43363,1668591035
4847.0,37131.0,answer,43360,43358,1668470609
41258.0,37222.0,answer,44931,43292,1707660060
40918.0,36748.0,answer,44767,43115,1703295215
39992.0,37193.0,answer,44382,43286,1693077480
35814.0,36961.0,answer,43724,43199,1675472403
37484.0,37159.0,answer,43387,43275,1668921270
37484.0,37205.0,answer,43386,43291,1668920724
4847.0,37399.0,answer,43352,43351,1668203476
34912.0,37395.0,answer,43350,43345,1668198014
4847.0,37395.0,answer,43348,43345,1668194099
4847.0,37131.0,answer,43347,43346,1668193904
4847.0,37354.0,answer,43341,43340,1667943564
10074.0,37131.0,answer,43343,43342,1668016873
4847.0,37339.0,answer,43337,43335,1667725738
10074.0,37248.0,answer,43333,43332,1667645283
4847.0,37326.0,answer,43331,43330,1667594226
37312.0,36861.0,answer,43324,43161,1667501168
4847.0,37313.0,answer,43327,43326,1667509613
4847.0,37131.0,answer,43325,43321,1667503861
34912.0,37309.0,answer,43322,43320,1667479172
4847.0,37307.0,answer,43319,43318,1667457715
4847.0,37131.0,answer,43312,43311,1667327307
37268.0,28527.0,answer,43306,43303,1667152380
34912.0,37263.0,answer,43307,43304,1667177934
4847.0,37274.0,answer,43309,43308,1667190520
28527.0,37196.0,answer,43301,43288,1667019078
4847.0,37131.0,answer,43298,43297,1666905021
34912.0,37155.0,answer,43294,43276,1666815324
34912.0,37222.0,answer,43293,43292,1666813963
10074.0,37189.0,answer,43285,43284,1666437487
4847.0,28527.0,answer,43283,43282,1666413910
37134.0,37131.0,answer,43260,43258,1666011040
4847.0,37158.0,answer,43274,43273,1666209149
1090.0,37148.0,answer,43271,43269,1666148155
4847.0,37146.0,answer,43268,43265,1666117663
4847.0,37147.0,answer,43267,43266,1666117007
4847.0,37139.0,answer,43263,43262,1666059798
4847.0,37131.0,answer,43261,43258,1666036284
4847.0,36998.0,answer,43256,43255,1665948793
4847.0,36523.0,answer,43254,43253,1665873118
4847.0,37110.0,answer,43247,43246,1665697615
10074.0,35971.0,answer,43251,43250,1665757994
4847.0,37069.0,answer,43248,43240,1665698386
37094.0,36702.0,answer,43241,43096,1665496734
34912.0,36990.0,answer,43238,43225,1665360113
10074.0,37080.0,answer,43237,43234,1665354205
4847.0,37040.0,answer,43227,43226,1665078483
4847.0,37035.0,answer,43224,43223,1664911860
10074.0,36990.0,answer,43217,43212,1664535338
10074.0,36998.0,answer,43216,43215,1664535179
4847.0,34945.0,answer,43208,43207,1664434891
4847.0,36570.0,answer,43206,43205,1664412880
4847.0,36975.0,answer,43202,43201,1664388858
4847.0,36955.0,answer,43197,43196,1664174810
36951.0,36950.0,answer,43195,43189,1664168990
4847.0,36942.0,answer,43194,43187,1664148041
4847.0,36950.0,answer,43193,43189,1664146481
36951.0,36904.0,answer,43191,43175,1664123218
36951.0,36801.0,answer,43190,43138,1664122029
10074.0,36942.0,answer,43188,43187,1664045150
10074.0,36244.0,answer,43181,43180,1663863817
4847.0,36847.0,answer,43162,43160,1663220736
4847.0,36847.0,answer,43159,43158,1663116093
10074.0,36834.0,answer,43155,43152,1663022589
10074.0,36803.0,answer,43143,43142,1662759586
4847.0,36658.0,answer,43141,43140,1662741251
4847.0,36587.0,answer,43124,43122,1662402453
4847.0,36733.0,answer,43110,43109,1662053542
10074.0,36661.0,answer,43107,43089,1661994175
10074.0,36482.0,answer,43100,43098,1661875137
10074.0,36700.0,answer,43095,43091,1661766025
4847.0,36682.0,answer,43094,43093,1661764468
4847.0,36664.0,answer,43083,43082,1661503559
4847.0,36661.0,answer,43080,43077,1661415264
10074.0,36650.0,answer,43076,43075,1661351344
4847.0,36648.0,answer,43072,43071,1661277332
4847.0,36649.0,answer,43069,43068,1661241134
10074.0,36646.0,answer,43066,43065,1661201060
36642.0,36569.0,answer,43062,43043,1661107478
4847.0,28527.0,answer,43054,43053,1660882401
4847.0,36624.0,answer,43059,43057,1660926542
4847.0,36608.0,answer,43055,43048,1660883675
28527.0,36607.0,answer,43052,43047,1660874227
4847.0,36607.0,answer,43050,43047,1660873636
10074.0,34131.0,answer,43042,43041,1660749698
42925.0,35575.0,answer,45148,42766,1716465322
36540.0,36042.0,answer,44946,42803,1708605665
40610.0,35575.0,answer,44627,42766,1699381186
39945.0,35222.0,answer,44367,42805,1692424876
39866.0,35575.0,answer,44327,42766,1691499825
38507.0,36317.0,answer,43899,42970,1679446042
38111.0,36016.0,answer,43725,42814,1675508780
37780.0,36026.0,answer,43556,42799,1671832357
37003.0,36273.0,answer,43402,42939,1669221689
37120.0,35222.0,answer,43252,42805,1665855836
36951.0,32714.0,answer,43198,42749,1664175198
36951.0,36042.0,answer,43192,42803,1664128405
36911.0,36307.0,answer,43179,43026,1663790465
36554.0,28527.0,answer,43099,43024,1661841286
34131.0,36576.0,answer,43074,43029,1661298178
36624.0,36589.0,answer,43058,43039,1660926050
36584.0,36574.0,answer,43034,43028,1660610296
10074.0,36558.0,answer,43027,43014,1660509101
4847.0,36570.0,answer,43022,43021,1660441061
4847.0,36569.0,answer,43019,43018,1660427371
4847.0,35537.0,answer,43006,43005,1660067729
36491.0,36317.0,answer,43004,42970,1660018993
4847.0,36518.0,answer,43002,43001,1659981533
36514.0,35866.0,answer,43000,42738,1659931572
4847.0,36506.0,answer,42997,42994,1659914036
4847.0,36482.0,answer,42996,42990,1659913687
4847.0,31743.0,answer,42978,42977,1659335520
36491.0,34131.0,answer,42991,42979,1659706625
10074.0,36470.0,answer,42986,42983,1659538040
4847.0,36447.0,answer,42976,42975,1659258665
4847.0,34945.0,answer,42974,42973,1659251991
36422.0,35222.0,answer,42968,42805,1658918446
4847.0,36282.0,answer,42966,42963,1658857920
4847.0,36412.0,answer,42961,42960,1658813854
4847.0,36400.0,answer,42953,42952,1658723968
4847.0,36394.0,answer,42950,42949,1658696168
4847.0,32655.0,answer,42946,42945,1658618541
4847.0,36370.0,answer,42941,42940,1658448593
1090.0,36349.0,answer,42938,42937,1658274906
4847.0,35677.0,answer,42934,42933,1658102541
35955.0,36176.0,answer,42932,42903,1658089512
10074.0,36336.0,answer,42931,42930,1658076759
4847.0,36322.0,answer,42926,42925,1657972052
10074.0,36273.0,answer,42921,42920,1657909790
4847.0,36307.0,answer,42918,42917,1657829443
4847.0,36281.0,answer,42911,42909,1657750383
4847.0,31743.0,answer,42912,42910,1657751180
4847.0,31743.0,answer,42906,42905,1657582069
4847.0,36279.0,answer,42904,42901,1657568657
4847.0,36265.0,answer,42895,42891,1657523060
4847.0,36266.0,answer,42892,42890,1657492219
34912.0,36026.0,answer,42883,42873,1657312466
4847.0,23525.0,answer,42882,42880,1657224871
23525.0,36244.0,answer,42881,42874,1657223339
4847.0,36192.0,answer,42876,42875,1657147866
4847.0,36226.0,answer,42872,42870,1657059896
10074.0,36226.0,answer,42871,42870,1657015842
1090.0,36183.0,answer,42869,42853,1656978941
1090.0,23525.0,answer,42868,42865,1656977195
4847.0,36225.0,answer,42867,42866,1656973177
4847.0,36211.0,answer,42863,42862,1656892581
35755.0,36171.0,answer,42856,42846,1656598718
4847.0,36140.0,answer,42835,42832,1656124469
4847.0,35230.0,answer,42849,42843,1656460520
4847.0,36154.0,answer,42840,42839,1656371865
4847.0,36154.0,answer,42838,42837,1656295752
4847.0,35755.0,answer,42836,42833,1656128033
36114.0,35971.0,answer,42831,42829,1655963011
4847.0,36114.0,answer,42828,42825,1655757257
4847.0,36120.0,answer,42827,42826,1655756025
35553.0,35788.0,answer,42823,42822,1655613291
4847.0,36016.0,answer,42817,42814,1655353694
36071.0,36016.0,answer,42816,42814,1655350992
36075.0,36016.0,answer,42815,42814,1655331946
10074.0,35222.0,answer,42808,42805,1655205036
35955.0,36042.0,answer,42804,42803,1655100757
4847.0,36026.0,answer,42802,42799,1654982549
4847.0,36013.0,answer,42796,42793,1654897609
4847.0,36015.0,answer,42795,42794,1654841020
10074.0,36006.0,answer,42792,42791,1654775078
4847.0,35989.0,answer,42789,42788,1654663630
10074.0,35928.0,answer,42787,42781,1654626161
4847.0,35969.0,answer,42780,42779,1654468306
34912.0,35575.0,answer,42773,42766,1654288001
35574.0,35956.0,answer,42772,42770,1654265916
35954.0,35956.0,answer,42771,42770,1654237717
4847.0,35950.0,answer,42765,42764,1654204426
4847.0,35905.0,answer,42752,42751,1653854361
4847.0,35800.0,answer,42744,42743,1653596334
4847.0,35800.0,answer,42740,42739,1653513172
4847.0,35851.0,answer,42736,42733,1653418831
44646.0,35156.0,answer,45421,42431,1745600654
44413.0,35156.0,answer,45397,42431,1740044896
40710.0,31333.0,answer,44659,42548,1700925806
40160.0,35627.0,answer,44451,42632,1694626321
40079.0,34518.0,answer,44414,42680,1693990597
40079.0,34518.0,answer,44413,42680,1693988953
38642.0,34518.0,answer,43931,42680,1680636243
38291.0,32586.0,answer,43826,42728,1677502913
37745.0,35698.0,answer,43529,42661,1671547597
37580.0,35475.0,answer,43441,42576,1669954695
36829.0,35627.0,answer,43151,42632,1663004581
36643.0,32586.0,answer,43064,42728,1661158592
36561.0,35698.0,answer,43016,42661,1660340418
35623.0,35161.0,answer,42928,42434,1658012635
35072.0,34518.0,answer,42830,42680,1655927096
34912.0,32586.0,answer,42741,42728,1653518124
26147.0,35830.0,answer,42759,42724,1654053509
35705.0,35345.0,answer,42750,42627,1653815626
4847.0,35136.0,answer,42734,42732,1653417352
4847.0,35825.0,answer,42722,42721,1653166241
4847.0,35800.0,answer,42720,42719,1653006213
4847.0,35804.0,answer,42716,42715,1652915583
23988.0,35800.0,answer,42713,42711,1652891310
4847.0,35793.0,answer,42709,42707,1652818843
34912.0,35738.0,answer,42705,42700,1652707049
4847.0,34038.0,answer,42701,42698,1652563727
4847.0,35757.0,answer,42695,42694,1652407812
4847.0,35602.0,answer,42687,42686,1652226578
35738.0,34518.0,answer,42685,42680,1652118059
4847.0,35706.0,answer,42670,42667,1651879681
34912.0,35698.0,answer,42663,42661,1651776569
4847.0,35702.0,answer,42665,42664,1651788796
1090.0,35602.0,answer,42659,42656,1651622133
4847.0,35692.0,answer,42658,42657,1651620928
10074.0,35672.0,answer,42651,42649,1651310853
4847.0,28527.0,answer,42647,42646,1651025575
4847.0,35622.0,answer,42638,42630,1650791095
4847.0,35630.0,answer,42637,42634,1650790079
35633.0,35627.0,answer,42636,42632,1650783269
4847.0,35345.0,answer,42628,42627,1650402587
10074.0,28966.0,answer,42626,42625,1650366446
4847.0,35585.0,answer,42622,42620,1650054564
35585.0,35583.0,answer,42621,42619,1650051375
34912.0,35455.0,answer,42614,42603,1649795886
35575.0,35553.0,answer,42615,42610,1649839793
10074.0,35553.0,answer,42611,42610,1649613892
4847.0,35345.0,answer,42609,42608,1649524607
4847.0,35553.0,answer,42607,42606,1649430151
1090.0,35537.0,answer,42602,42600,1649221410
4847.0,35537.0,answer,42601,42600,1649218976
4847.0,35537.0,answer,42599,42598,1649186113
4847.0,35534.0,answer,42597,42596,1649177042
4847.0,35509.0,answer,42590,42588,1648840974
10074.0,35489.0,answer,42586,42583,1648656516
4847.0,35488.0,answer,42584,42582,1648616158
1090.0,35479.0,answer,42581,42580,1648531004
23988.0,35472.0,answer,42578,42575,1648375260
35337.0,35260.0,answer,42577,42509,1648352340
4847.0,35469.0,answer,42574,42573,1648262040
34945.0,35291.0,answer,42571,42515,1648175198
23988.0,35452.0,answer,42570,42569,1648109884
10074.0,35421.0,answer,42564,42562,1647814076
23988.0,35410.0,answer,42556,42555,1647498218
1090.0,31333.0,answer,42552,42548,1647464923
1090.0,35349.0,answer,42554,42528,1647465128
1090.0,35392.0,answer,42553,42545,1647465023
23988.0,35404.0,answer,42551,42549,1647421724
35394.0,35052.0,answer,42546,42523,1647261493
35382.0,35381.0,answer,42542,42539,1647005961
10074.0,32731.0,answer,42540,42537,1646996512
10074.0,34002.0,answer,42535,42532,1646737124
4847.0,35350.0,answer,42533,42529,1646678765
10074.0,35286.0,answer,42520,42513,1645871958
10074.0,35294.0,answer,42519,42518,1645871357
23988.0,35260.0,answer,42510,42509,1645532357
4847.0,28661.0,answer,42507,42506,1645428111
11300.0,35245.0,answer,42501,42498,1645306949
4847.0,35222.0,answer,42500,42488,1645214663
10074.0,35245.0,answer,42497,42496,1645201769
10074.0,35240.0,answer,42494,42493,1645098493
10074.0,35224.0,answer,42491,42489,1644953700
10074.0,35193.0,answer,42486,42484,1644860061
10074.0,34027.0,answer,42485,42483,1644859936
23988.0,34945.0,answer,42481,42479,1644828933
23988.0,35213.0,answer,42480,42478,1644826311
10074.0,35193.0,answer,42475,42474,1644682582
35190.0,35188.0,answer,42459,42457,1644433304
23988.0,35204.0,answer,42473,42472,1644575732
35036.0,35195.0,answer,42470,42466,1644533829
10074.0,35195.0,answer,42469,42466,1644533312
10074.0,35202.0,answer,42468,42467,1644533090
23988.0,35190.0,answer,42465,42462,1644494207
10074.0,32327.0,answer,42463,42455,1644437598
35190.0,35136.0,answer,42460,42451,1644434671
23988.0,35178.0,answer,42454,42452,1644310904
23988.0,35173.0,answer,42453,42449,1644310782
10074.0,35171.0,answer,42448,42446,1644235998
1090.0,35158.0,answer,42445,42433,1644217472
1090.0,35164.0,answer,42444,42439,1644217376
32678.0,35161.0,answer,42442,42434,1644162316
10074.0,35165.0,answer,42441,42440,1644146250
4847.0,35155.0,answer,42438,42430,1644131427
23988.0,35156.0,answer,42437,42431,1644085523
10074.0,32327.0,answer,42436,42429,1644058137
10074.0,35157.0,answer,42435,42432,1644057851
39291.0,35009.0,answer,44131,42376,1686666236
37003.0,34811.0,answer,43482,42231,1670607317
37455.0,34437.0,answer,43371,42282,1668697161
37141.0,35028.0,answer,43264,42346,1666070110
23988.0,35106.0,answer,42412,42404,1643366668
34945.0,35125.0,answer,42982,42418,1659485637
4847.0,35128.0,answer,42860,42421,1656800373
27916.0,34878.0,answer,42692,42267,1652346737
35718.0,35111.0,answer,42674,42406,1651951378
35194.0,34642.0,answer,42464,42148,1644484074
10074.0,32327.0,answer,42428,42425,1643912849
10074.0,32868.0,answer,42427,42426,1643912578
4847.0,35048.0,answer,42414,42407,1643439295
23988.0,35108.0,answer,42410,42405,1643362619
23988.0,35048.0,answer,42409,42407,1643354286
35100.0,35101.0,answer,42401,42400,1643263184
32678.0,34873.0,answer,42396,42265,1643227873
10074.0,35089.0,answer,42395,42393,1643157912
35036.0,28998.0,answer,42391,42362,1643121728
35036.0,35055.0,answer,42388,42372,1643045172
10074.0,35076.0,answer,42385,42384,1642886998
35036.0,35032.0,answer,42383,42375,1642809246
35036.0,32327.0,answer,42382,42361,1642805255
10074.0,34002.0,answer,42381,42380,1642759380
23988.0,35009.0,answer,42378,42376,1642583885
23988.0,35055.0,answer,42377,42372,1642577219
4847.0,35055.0,answer,42374,42373,1642527327
4847.0,35049.0,answer,42371,42369,1642488685
10074.0,35048.0,answer,42368,42365,1642458863
10074.0,28998.0,answer,42364,42362,1642437907
10074.0,35041.0,answer,42356,42355,1642352880
34945.0,35032.0,answer,42351,42348,1642304779
23988.0,35032.0,answer,42350,42348,1642247498
23988.0,35028.0,answer,42347,42346,1642190480
35018.0,32327.0,answer,42340,42330,1642084376
35018.0,35014.0,answer,42339,42333,1642084035
10074.0,35017.0,answer,42336,42335,1642069711
10074.0,34717.0,answer,42332,42329,1642021860
10074.0,34829.0,answer,42331,42326,1641985624
1090.0,34995.0,answer,42325,42322,1641935955
4847.0,34996.0,answer,42324,42323,1641893025
10074.0,34983.0,answer,42319,42318,1641656029
10074.0,34923.0,answer,42314,42313,1641315729
4847.0,34437.0,answer,42312,42311,1641257714
34912.0,32928.0,answer,42300,42291,1640999707
34681.0,34437.0,answer,42303,42282,1641021700
34681.0,34810.0,answer,42302,42266,1641020720
34913.0,34437.0,answer,42298,42295,1640909748
34912.0,34881.0,answer,42296,42269,1640894119
4847.0,34903.0,answer,42290,42284,1640822561
4847.0,34850.0,answer,42289,42286,1640822299
34912.0,34664.0,answer,42288,42156,1640820654
34913.0,32327.0,answer,42287,42285,1640802639
10074.0,34895.0,answer,42281,42280,1640711734
1161.0,34893.0,answer,42277,42276,1640636525
4847.0,34869.0,answer,42264,42262,1640484854
10074.0,32327.0,answer,42257,42256,1640262108
10074.0,34850.0,answer,42254,42253,1640195913
10074.0,34002.0,answer,42250,42248,1640083139
10074.0,34437.0,answer,42247,42245,1640018292
4847.0,34829.0,answer,42246,42243,1639945008
10074.0,34823.0,answer,42240,42236,1639824400
10074.0,34814.0,answer,42234,42233,1639650838
10074.0,34810.0,answer,42232,42230,1639604742
34792.0,34773.0,answer,42227,42226,1639342123
4847.0,34777.0,answer,42214,42212,1639009220
10074.0,34058.0,answer,42213,42209,1639006428
4847.0,34315.0,answer,42211,42210,1638994175
10074.0,34762.0,answer,42205,42203,1638740095
10074.0,34396.0,answer,42200,42197,1638568688
34681.0,34130.0,answer,42194,42136,1638431461
34681.0,34628.0,answer,42193,42138,1638431217
34681.0,34137.0,answer,42192,42149,1638430494
34681.0,34381.0,answer,42162,42153,1637296490
10074.0,27663.0,answer,42182,42181,1638016709
10074.0,34138.0,answer,42191,42189,1638376263
10074.0,34745.0,answer,42190,42187,1638357931
10074.0,34715.0,answer,42179,42178,1637956220
4847.0,34707.0,answer,42177,42176,1637796419
10074.0,34701.0,answer,42174,42173,1637684781
4847.0,34692.0,answer,42172,42171,1637535534
34689.0,34637.0,answer,42170,42165,1637483165
34689.0,34687.0,answer,42169,42167,1637458464
28531.0,34637.0,answer,42163,42144,1637309430
34681.0,34658.0,answer,42161,42155,1637295730
10074.0,34592.0,answer,42157,42154,1637069400
10074.0,34638.0,answer,42147,42146,1636651802
10074.0,34538.0,answer,42142,42141,1636630626
10074.0,34626.0,answer,42135,42134,1636460972
39794.0,34178.0,answer,44289,41875,1690721703
35705.0,34126.0,answer,42727,41883,1653349762
10074.0,31584.0,answer,42126,42124,1636373225
4847.0,34605.0,answer,42120,42119,1636161591
1090.0,26203.0,answer,42116,42101,1635980009
10074.0,34002.0,answer,42114,42112,1635965636
1090.0,34590.0,answer,42113,42106,1635882937
4847.0,34592.0,answer,42110,42109,1635877274
4847.0,34137.0,answer,42108,42105,1635876377
34590.0,34137.0,answer,42107,42105,1635875730
4847.0,34437.0,answer,42104,42103,1635795666
34578.0,34546.0,answer,42102,42072,1635715613
4847.0,34570.0,answer,42100,42097,1635700912
34574.0,34002.0,answer,42099,42085,1635677191
34574.0,32678.0,answer,42098,42069,1635676583
10074.0,34570.0,answer,42096,42095,1635627138
34561.0,34560.0,answer,42093,42081,1635581927
28531.0,34137.0,answer,42090,42089,1635519282
11300.0,34002.0,answer,42086,42085,1635457295
4847.0,34558.0,answer,42084,42079,1635446002
4847.0,34549.0,answer,42083,42074,1635440667
11300.0,34546.0,answer,42078,42072,1635345959
10074.0,32678.0,answer,42070,42069,1635256547
10074.0,32729.0,answer,42068,42067,1635247480
4847.0,32327.0,answer,42064,42063,1635144203
4847.0,34518.0,answer,42060,42059,1634967888
4847.0,32327.0,answer,42052,42051,1634731400
4847.0,32327.0,answer,42048,42046,1634630721
4847.0,32610.0,answer,42047,42045,1634630428
4847.0,34278.0,answer,42044,42043,1634533109
34464.0,34257.0,answer,42041,41915,1634461954
34453.0,34437.0,answer,42038,42030,1634292445
4847.0,34447.0,answer,42036,42034,1634255408
4847.0,34377.0,answer,42027,42025,1634173205
32678.0,32610.0,answer,42024,42022,1634135035
4847.0,34377.0,answer,42021,42020,1634084567
32678.0,34396.0,answer,42017,41997,1633949239
4847.0,34412.0,answer,42015,42014,1633932070
10074.0,34415.0,answer,42013,42011,1633900669
11300.0,34412.0,answer,42012,42010,1633896816
4847.0,34412.0,answer,42009,42008,1633880352
4847.0,34409.0,answer,42007,42005,1633835522
32678.0,34381.0,answer,42006,42001,1633830066
4847.0,34002.0,answer,42004,42003,1633773181
10074.0,34377.0,answer,42002,42000,1633730932
4847.0,34300.0,answer,41992,41991,1633503010
4847.0,34377.0,answer,41990,41987,1633473699
4847.0,34381.0,answer,41989,41988,1633473076
10074.0,32678.0,answer,41984,41982,1633347966
4847.0,34360.0,answer,41980,41976,1633213730
10074.0,34361.0,answer,41979,41978,1633179510
34254.0,32327.0,answer,41974,41972,1633106638
4847.0,34161.0,answer,41970,41968,1632912257
10074.0,34338.0,answer,41969,41966,1632911110
10074.0,32327.0,answer,41965,41960,1632833911
32678.0,34332.0,answer,41964,41961,1632829432
4847.0,34330.0,answer,41959,41958,1632806733
32678.0,34300.0,answer,41955,41947,1632663690
4847.0,34314.0,answer,41954,41951,1632630011
32678.0,34314.0,answer,41952,41951,1632578670
10074.0,34307.0,answer,41950,41946,1632575127
10074.0,32363.0,answer,41948,41943,1632569069
10074.0,31584.0,answer,41936,41927,1632240150
10074.0,32729.0,answer,41935,41934,1632216597
4847.0,32280.0,answer,41932,41926,1632178549
10074.0,32610.0,answer,41931,41929,1632177945
4847.0,34161.0,answer,41930,41923,1632177575
10074.0,32327.0,answer,41922,41921,1631961352
10074.0,34260.0,answer,41920,41919,1631903854
4847.0,34258.0,answer,41918,41917,1631868806
4847.0,34247.0,answer,41914,41913,1631844608
4847.0,31225.0,answer,41902,41897,1631486415
4847.0,31093.0,answer,41899,41898,1631438570
10074.0,32327.0,answer,41894,41891,1631278175
10074.0,31660.0,answer,41893,41890,1631192236
10074.0,32729.0,answer,41885,41884,1631022063
10074.0,34189.0,answer,41888,41879,1631130700
10074.0,34126.0,answer,41886,41883,1631030239
10074.0,34178.0,answer,41882,41875,1630944914
10074.0,34166.0,answer,41877,41872,1630872877
10074.0,32678.0,answer,41866,41865,1630612951
14028.0,34161.0,answer,41870,41869,1630658137
4847.0,34160.0,answer,41868,41867,1630620143
4847.0,34155.0,answer,41862,41861,1630561413
10074.0,34144.0,answer,41859,41857,1630436619
31598.0,32921.0,answer,41717,41708,1627053013
40177.0,26184.0,answer,44466,41635,1694962826
40049.0,32729.0,answer,44405,41646,1693682827
39354.0,34013.0,answer,44142,41783,1687017641
36163.0,32868.0,answer,42847,41645,1656420784
1090.0,34095.0,answer,41856,41839,1630370329
1090.0,34137.0,answer,41855,41851,1630370216
1090.0,27970.0,answer,41854,41853,1630370134
4847.0,34088.0,answer,41838,41837,1629663251
31598.0,32327.0,answer,41834,41831,1629460661
31920.0,32327.0,answer,41833,41832,1629441954
4847.0,34073.0,answer,41830,41829,1629315366
4847.0,34064.0,answer,41828,41827,1629247785
34027.0,34054.0,answer,41826,41824,1629208210
34061.0,26184.0,answer,41825,41635,1629204450
34059.0,32886.0,answer,41823,41666,1629187188
4847.0,34058.0,answer,41821,41820,1629160802
4847.0,17323.0,answer,41819,41815,1629138553
4847.0,34054.0,answer,41818,41817,1629138296
34027.0,32327.0,answer,41816,41814,1629096147
4847.0,34034.0,answer,41811,41808,1628817138
34027.0,34021.0,answer,41807,41794,1628761678
33976.0,32327.0,answer,41802,41771,1628674654
10074.0,32716.0,answer,41799,41797,1628616179
4847.0,32943.0,answer,41795,41793,1628507676
10074.0,34020.0,answer,41792,41791,1628459989
4847.0,32943.0,answer,41790,41788,1628436446
4847.0,32895.0,answer,41786,41785,1628390289
4847.0,34013.0,answer,41784,41783,1628385654
31598.0,32327.0,answer,41772,41771,1628180126
1090.0,34002.0,answer,41774,41773,1628225185
4847.0,33994.0,answer,41770,41769,1628105100
32944.0,32197.0,answer,41766,41765,1628070820
4847.0,33981.0,answer,41762,41761,1627960975
10074.0,32574.0,answer,41756,41750,1627842411
32775.0,33965.0,answer,41753,41748,1627754974
4847.0,33974.0,answer,41752,41751,1627738911
33970.0,31333.0,answer,41749,41702,1627677010
31598.0,33964.0,answer,41747,41746,1627652607
32197.0,32824.0,answer,41743,41631,1627612895
4847.0,31189.0,answer,41738,41735,1627413599
4847.0,30953.0,answer,41737,41736,1627409871
4847.0,32943.0,answer,41734,41733,1627372734
4847.0,32943.0,answer,41732,41731,1627359481
31598.0,32943.0,answer,41729,41728,1627310495
4847.0,32327.0,answer,41714,41713,1627031734
10074.0,32928.0,answer,41721,41716,1627126441
4847.0,30953.0,answer,41715,41707,1627033261
10074.0,32729.0,answer,41703,41699,1626885724
4847.0,32902.0,answer,41695,41692,1626644155
10074.0,32883.0,answer,41694,41690,1626635841
10074.0,32873.0,answer,41693,41691,1626635001
4847.0,32661.0,answer,41688,41687,1626553706
4847.0,32894.0,answer,41681,41678,1626484167
4847.0,32895.0,answer,41680,41679,1626482653
32873.0,32887.0,answer,41676,41675,1626445782
10074.0,32888.0,answer,41674,41667,1626429659
4847.0,31584.0,answer,41673,41672,1626412595
1090.0,32889.0,answer,41670,41668,1626394351
31598.0,32676.0,answer,41663,41661,1626285184
1090.0,32729.0,answer,41658,41646,1626222060
1090.0,32873.0,answer,41657,41650,1626221909
4847.0,32814.0,answer,41656,41654,1626215059
10074.0,32678.0,answer,41655,41652,1626207223
32873.0,32872.0,answer,41653,41649,1626198285
10074.0,32868.0,answer,41648,41645,1626123869
10074.0,32022.0,answer,41647,41642,1626122138
31598.0,32676.0,answer,41644,41643,1626002133
10074.0,32610.0,answer,41627,41623,1625495903
31598.0,32804.0,answer,41620,41619,1625219738
4847.0,32786.0,answer,41617,41600,1625191665
10074.0,32610.0,answer,41615,41613,1625149134
31598.0,32610.0,answer,41611,41610,1625090750
31598.0,32610.0,answer,41608,41607,1625047187
31598.0,32780.0,answer,41599,41598,1624877531
31598.0,32676.0,answer,41590,41589,1624725509
31598.0,32774.0,answer,41595,41594,1624822031
23988.0,32714.0,answer,41581,41580,1624625592
31598.0,32729.0,answer,41588,41586,1624706903
11300.0,25275.0,answer,41583,41582,1624656221
4847.0,32759.0,answer,41579,41578,1624571790
42976.0,32709.0,answer,45213,41537,1719716511
34189.0,32548.0,answer,41880,41408,1630936366
14028.0,31338.0,answer,41789,41367,1628433889
14028.0,32690.0,answer,41782,41520,1628343239
4847.0,32729.0,answer,41577,41576,1624515960
11300.0,32668.0,answer,41575,41574,1624482555
31598.0,32729.0,answer,41572,41571,1624383539
4847.0,30953.0,answer,41570,41569,1624344907
4847.0,32676.0,answer,41565,41561,1624244507
4847.0,30953.0,answer,41564,41560,1624243591
31598.0,32729.0,answer,41557,41554,1624125104
31598.0,32731.0,answer,41556,41555,1624117162
4847.0,31189.0,answer,41553,41552,1624079423
4847.0,32714.0,answer,41546,41543,1623876955
4847.0,32356.0,answer,41548,41541,1623878369
10074.0,32676.0,answer,41547,41545,1623877613
31598.0,32711.0,answer,41544,41540,1623842173
32708.0,25686.0,answer,41535,41440,1623776515
4847.0,32692.0,answer,41531,41523,1623706723
4847.0,32574.0,answer,41530,41529,1623703369
1090.0,32520.0,answer,41519,41515,1623613479
1090.0,32689.0,answer,41518,41517,1623612893
4847.0,32678.0,answer,41512,41511,1623456619
4847.0,32676.0,answer,41509,41507,1623443120
4847.0,32668.0,answer,41505,41502,1623379882
1090.0,32280.0,answer,41504,41487,1623377154
4847.0,32625.0,answer,41500,41496,1623365320
4847.0,32667.0,answer,41499,41498,1623365118
32625.0,32647.0,answer,41497,41488,1623345667
4847.0,32655.0,answer,41492,41491,1623288660
10074.0,32649.0,answer,41490,41489,1623235675
4847.0,32610.0,answer,41486,41482,1623104255
4847.0,31225.0,answer,41484,41481,1623032277
32600.0,32605.0,answer,41483,41455,1623015559
4847.0,32610.0,answer,41480,41477,1622953914
1090.0,32549.0,answer,41479,41475,1622949568
31897.0,32599.0,answer,41478,41452,1622945060
32549.0,32616.0,answer,41474,41464,1622909622
1090.0,32591.0,answer,41473,41450,1622875351
4847.0,32549.0,answer,41472,41471,1622837720
31598.0,32610.0,answer,41470,41459,1622807050
4847.0,32616.0,answer,41467,41464,1622751340
31598.0,32617.0,answer,41466,41465,1622748863
10074.0,32562.0,answer,41463,41456,1622734879
10074.0,32614.0,answer,41462,41460,1622733706
32027.0,32363.0,answer,41458,41457,1622723229
10074.0,32601.0,answer,41454,41453,1622637076
32585.0,31189.0,answer,41445,41358,1622462299
23988.0,32562.0,answer,41444,41442,1622460127
12099.0,32419.0,answer,41439,41436,1622386999
11300.0,32575.0,answer,41434,41430,1622282051
10074.0,32422.0,answer,41435,41427,1622284537
23988.0,32576.0,answer,41433,41432,1622259771
4847.0,32574.0,answer,41431,41428,1622243565
4847.0,32569.0,answer,41429,41422,1622242823
10074.0,32022.0,answer,41423,41419,1622204668
23988.0,32567.0,answer,41421,41420,1622184172
4847.0,32429.0,answer,41417,41416,1622102688
4847.0,32549.0,answer,41410,41409,1621994109
4847.0,32547.0,answer,41411,41407,1621994627
10074.0,31739.0,answer,41405,41403,1621941798
23988.0,29032.0,answer,41394,41391,1621755458
4847.0,32363.0,answer,41393,41392,1621738996
32529.0,32280.0,answer,41390,41288,1621699053
31598.0,32517.0,answer,41386,41385,1621595885
10074.0,32123.0,answer,41378,41366,1621423654
4847.0,32445.0,answer,41365,41354,1621190641
4847.0,32487.0,answer,41362,41361,1621190017
32445.0,32476.0,answer,41356,41350,1621106406
32445.0,32280.0,answer,41355,41353,1621106308
11300.0,32476.0,answer,41352,41350,1621090179
10074.0,31614.0,answer,41351,41346,1621079106
32085.0,32472.0,answer,41345,41344,1621006830
11300.0,32280.0,answer,41343,41342,1620838814
11300.0,31271.0,answer,41341,41340,1620827353
28078.0,32363.0,answer,41336,41335,1620567339
10074.0,31739.0,answer,41328,41326,1620336324
11300.0,32363.0,answer,41325,41324,1620296465
4847.0,32417.0,answer,41322,41317,1620239342
4847.0,32416.0,answer,41320,41315,1620169385
4847.0,32301.0,answer,41319,41318,1620168743
23988.0,32316.0,answer,41316,41314,1620133248
10074.0,32145.0,answer,41313,41309,1620067400
4847.0,32392.0,answer,41304,41303,1619844767
23988.0,32110.0,answer,41301,41300,1619767808
23988.0,31744.0,answer,41299,41297,1619765484
4847.0,31744.0,answer,41298,41297,1619765022
1090.0,31614.0,answer,41296,41292,1619730988
23988.0,32280.0,answer,41289,41288,1619617407
1090.0,32357.0,answer,41287,41285,1619577822
32085.0,32145.0,answer,41282,41281,1619500522
32085.0,32348.0,answer,41280,41279,1619454725
10074.0,32346.0,answer,41278,41277,1619446251
32085.0,32344.0,answer,41276,41275,1619441063
23988.0,32335.0,answer,41271,41268,1619379678
31897.0,32335.0,answer,41270,41268,1619379252
23988.0,32145.0,answer,41269,41267,1619378750
31897.0,32177.0,answer,41265,41255,1619371354
10074.0,32334.0,answer,41264,41263,1619371240
23988.0,32145.0,answer,41261,41260,1619290890
32085.0,32280.0,answer,41258,41256,1619281239
32085.0,32280.0,answer,41249,41248,1619107611
23988.0,32316.0,answer,41247,41245,1619086889
23988.0,32110.0,answer,41246,41243,1619085898
23988.0,32301.0,answer,41240,41234,1619003972
32085.0,32302.0,answer,41242,41235,1619026349
32085.0,31970.0,answer,41241,41236,1619007418
1090.0,32304.0,answer,41239,41237,1618961105
1090.0,32294.0,answer,41238,41232,1618953093
31897.0,31983.0,answer,41233,41229,1618851820
4847.0,32145.0,answer,41231,41230,1618775165
32085.0,32145.0,answer,41228,41224,1618745694
23988.0,32145.0,answer,41227,41224,1618745493
28078.0,29563.0,answer,41226,41225,1618728810
4847.0,32145.0,answer,41223,41222,1618681817
4847.0,32286.0,answer,41221,41220,1618616275
10074.0,32273.0,answer,41217,41216,1618494014
10074.0,29563.0,answer,41215,41213,1618482496
4847.0,32221.0,answer,41212,41208,1618436150
1090.0,32221.0,answer,41211,41208,1618435900
32085.0,25842.0,answer,41210,41209,1618401071
32245.0,32110.0,answer,41206,41172,1618267621
31897.0,32234.0,answer,41205,41167,1618266943
32085.0,31432.0,answer,41199,41150,1618222054
32085.0,31915.0,answer,41198,41168,1618211027
4847.0,32221.0,answer,41192,41190,1618164090
32085.0,32221.0,answer,41191,41190,1618162341
11300.0,32252.0,answer,41197,41196,1618180805
31897.0,32251.0,answer,41189,41186,1618152745
10074.0,32250.0,answer,41188,41185,1618149523
10074.0,32246.0,answer,41183,41180,1618055463
10074.0,32243.0,answer,41182,41174,1618055158
10074.0,30957.0,answer,41181,41177,1618051752
31897.0,28691.0,answer,41178,41166,1618015336
31598.0,32213.0,answer,41173,41169,1617967684
31897.0,32002.0,answer,41165,41159,1617849459
4847.0,32221.0,answer,41164,41163,1617825071
4847.0,32221.0,answer,41162,41161,1617815137
32219.0,31909.0,answer,41160,41149,1617804442
23988.0,31909.0,answer,41155,41149,1617710795
31598.0,32187.0,answer,41152,41151,1617643071
4847.0,32192.0,answer,41147,41146,1617615078
28078.0,32186.0,answer,41145,41141,1617604632
31897.0,31725.0,answer,41143,41140,1617580878
31598.0,32177.0,answer,41139,41135,1617474543
31897.0,32177.0,answer,41137,41135,1617471637
31598.0,32145.0,answer,41132,41131,1617396381
31897.0,31716.0,answer,41130,41066,1617391666
28078.0,32160.0,answer,41126,41124,1617356241
4847.0,32145.0,answer,41122,41121,1617328049
4847.0,32002.0,answer,41119,41116,1617309681
10074.0,32152.0,answer,41117,41115,1617299734
1090.0,32145.0,answer,41112,41111,1617225709
31598.0,32145.0,answer,41105,41102,1617155414
31897.0,32145.0,answer,41104,41102,1617155404
31897.0,31909.0,answer,41101,41097,1617153911
31598.0,31668.0,answer,41094,41092,1617046450
28078.0,32022.0,answer,41091,41089,1616991579
31897.0,32128.0,answer,41090,41088,1616982445
4847.0,32120.0,answer,41086,41083,1616917840
4847.0,32122.0,answer,41085,41084,1616901032
10074.0,31007.0,answer,41082,41078,1616841070
28078.0,32041.0,answer,41081,41079,1616839475
31897.0,32110.0,answer,41076,41073,1616788520
31598.0,31725.0,answer,41071,41070,1616713648
32067.0,32089.0,answer,41064,41057,1616545603
4847.0,31895.0,answer,41063,41060,1616538666
31598.0,31895.0,answer,41062,41060,1616538635
31598.0,31895.0,answer,41056,41055,1616421250
31598.0,31895.0,answer,41047,41046,1616359908
4847.0,31895.0,answer,41054,41049,1616404463
4847.0,32081.0,answer,41053,41051,1616404054
4847.0,31895.0,answer,41052,41050,1616403690
31897.0,31895.0,answer,41048,41046,1616362011
4847.0,31792.0,answer,41039,41034,1616108959
31598.0,32002.0,answer,41037,41036,1616105608
4847.0,32002.0,answer,41038,41036,1616106575
28078.0,32064.0,answer,41022,41021,1615995813
28078.0,31716.0,answer,41030,41029,1616045608
4847.0,30961.0,answer,41028,41027,1616036313
4847.0,31792.0,answer,41026,41023,1616029582
1090.0,32066.0,answer,41025,41024,1616026043
31598.0,31895.0,answer,41020,41018,1615985897
4847.0,32057.0,answer,41015,41014,1615927340
36003.0,28710.0,answer,42790,40987,1654729961
35713.0,31942.0,answer,42671,40867,1651909374
32839.0,31921.0,answer,41636,40841,1625677393
32796.0,31105.0,answer,41612,40814,1625097183
32374.0,32022.0,answer,41291,40970,1619664405
31897.0,31725.0,answer,41040,40766,1616118423
31897.0,32006.0,answer,41016,41012,1615933514
10074.0,32038.0,answer,41013,40991,1615926220
31598.0,31909.0,answer,41011,41010,1615893825
4847.0,32053.0,answer,41008,41006,1615884075
31897.0,32053.0,answer,41007,41006,1615862353
4847.0,32011.0,answer,41005,41004,1615800947
10074.0,31909.0,answer,41001,41000,1615745582
31598.0,28710.0,answer,40988,40987,1615636784
1090.0,31421.0,answer,40983,40977,1615623272
4847.0,31964.0,answer,40976,40975,1615536263
31598.0,32022.0,answer,40971,40970,1615484025
28078.0,31996.0,answer,40969,40967,1615476074
31598.0,31996.0,answer,40968,40967,1615471173
31897.0,32009.0,answer,40961,40955,1615429232
31598.0,31895.0,answer,40958,40957,1615408085
10074.0,31716.0,answer,40950,40947,1615224438
4847.0,32002.0,answer,40949,40948,1615202891
1090.0,31998.0,answer,40946,40940,1615159085
1090.0,31895.0,answer,40945,40944,1615154558
31988.0,31972.0,answer,40943,40941,1615127922
10074.0,31972.0,answer,40942,40941,1615121480
31995.0,31834.0,answer,40939,40775,1615061164
4847.0,31988.0,answer,40937,40936,1615046208
4847.0,31895.0,answer,40934,40933,1614992532
31897.0,23418.0,answer,40932,40783,1614980070
31897.0,31983.0,answer,40931,40929,1614975936
31897.0,31388.0,answer,40930,40893,1614968238
28078.0,31691.0,answer,40926,40925,1614874234
31598.0,31837.0,answer,40922,40921,1614792418
31598.0,31837.0,answer,40924,40923,1614793517
31598.0,31970.0,answer,40920,40918,1614778374
31598.0,31915.0,answer,40919,40917,1614777308
4847.0,31966.0,answer,40916,40912,1614730796
4847.0,31834.0,answer,40915,40914,1614730187
31897.0,31725.0,answer,40913,40894,1614723938
1090.0,31716.0,answer,40911,40906,1614721614
31598.0,31895.0,answer,40910,40909,1614704983
4847.0,31834.0,answer,40903,40899,1614648667
31598.0,31895.0,answer,40901,40900,1614631441
4847.0,31960.0,answer,40897,40896,1614583674
31897.0,31942.0,answer,40895,40866,1614554021
31598.0,31895.0,answer,40888,40887,1614459068
4847.0,31951.0,answer,40890,40889,1614474626
28078.0,31716.0,answer,40885,40884,1614415117
31897.0,31725.0,answer,40883,40881,1614395580
31598.0,31895.0,answer,40882,40864,1614381019
31598.0,31063.0,answer,40879,40878,1614359739
31598.0,31837.0,answer,40877,40876,1614352011
31598.0,31837.0,answer,40875,40874,1614349638
4847.0,31942.0,answer,40873,40867,1614327138
31897.0,31942.0,answer,40868,40867,1614312404
4847.0,31945.0,answer,40865,40860,1614293382
28078.0,31945.0,answer,40862,40860,1614270191
28078.0,11246.0,answer,40861,40859,1614269890
28078.0,28875.0,answer,40858,40857,1614263638
10074.0,31384.0,answer,40856,40845,1614253939
31897.0,31384.0,answer,40854,40845,1614221184
10074.0,28875.0,answer,40853,40850,1614202534
31598.0,31792.0,answer,40852,40851,1614199650
31897.0,31384.0,answer,40846,40845,1614135779
4847.0,31895.0,answer,40843,40842,1614040838
4847.0,31915.0,answer,40838,40836,1613953592
4847.0,31660.0,answer,40837,40835,1613937682
10074.0,31894.0,answer,40831,40825,1613822956
10074.0,31716.0,answer,40830,40829,1613822262
31598.0,31716.0,answer,40824,40823,1613747722
31598.0,31900.0,answer,40822,40819,1613672650
31598.0,31653.0,answer,40821,40820,1613655546
31598.0,31882.0,answer,40812,40809,1613524789
1090.0,31384.0,answer,40808,40806,1613446032
4847.0,31384.0,answer,40807,40806,1613441034
28078.0,31776.0,answer,40804,40803,1613397471
28078.0,31860.0,answer,40800,40799,1613230229
4847.0,31856.0,answer,40795,40791,1613171180
4847.0,31408.0,answer,40794,40792,1613169085
11300.0,31408.0,answer,40793,40792,1613166839
31596.0,31501.0,answer,40788,40787,1613123994
4847.0,31834.0,answer,40786,40785,1613096113
4847.0,31843.0,answer,40782,40781,1612999851
11300.0,31678.0,answer,40778,40777,1612971940
31598.0,31834.0,answer,40776,40775,1612910585
31598.0,31837.0,answer,40774,40771,1612810819
31598.0,31189.0,answer,40773,40772,1612810321
31598.0,30961.0,answer,40770,40769,1612803780
28078.0,31830.0,answer,40765,40764,1612710761
4847.0,31779.0,answer,40763,40759,1612667226
4847.0,31824.0,answer,40762,40761,1612603949
31598.0,31820.0,answer,40758,40757,1612551369
10074.0,19863.0,answer,40754,40749,1612465066
10074.0,31811.0,answer,40752,40751,1612455932
39996.0,31561.0,answer,44385,40506,1693136257
37707.0,31561.0,answer,43514,40506,1671197372
35187.0,31610.0,answer,42458,40552,1644416115
31598.0,31696.0,answer,40750,40728,1612437906
32190.0,28325.0,answer,41144,40546,1617591012
31668.0,31792.0,answer,41093,40737,1617044595
31573.0,31744.0,answer,40847,40698,1614159407
29569.0,20307.0,answer,40839,40573,1613986929
1090.0,31790.0,answer,40755,40738,1612478988
31598.0,31384.0,answer,40747,40746,1612325407
4847.0,29832.0,answer,40745,40742,1612276441
28078.0,29832.0,answer,40743,40742,1612264118
4847.0,31674.0,answer,40740,40739,1612230856
28078.0,31743.0,answer,40734,40732,1612110391
31598.0,31743.0,answer,40733,40732,1612110102
4847.0,31779.0,answer,40731,40730,1612077688
31598.0,31696.0,answer,40729,40728,1612070301
4847.0,31775.0,answer,40727,40723,1612062028
1090.0,31660.0,answer,40726,40725,1612047225
31598.0,31653.0,answer,40718,40716,1611927724
31598.0,31739.0,answer,40695,40694,1611746205
4847.0,31660.0,answer,40713,40712,1611884227
4847.0,31660.0,answer,40710,40709,1611877451
4847.0,31716.0,answer,40708,40700,1611873688
4847.0,31758.0,answer,40707,40701,1611873271
4847.0,31696.0,answer,40706,40705,1611871734
1090.0,31748.0,answer,40704,40699,1611864747
1090.0,31761.0,answer,40703,40702,1611864645
31598.0,31743.0,answer,40697,40696,1611758072
10074.0,31333.0,answer,40692,40691,1611674592
31729.0,31725.0,answer,40688,40686,1611627899
10074.0,31678.0,answer,40685,40681,1611596773
4847.0,31189.0,answer,40684,40683,1611532214
10074.0,31225.0,answer,40682,40680,1611502869
28078.0,31708.0,answer,40677,40672,1611406563
28078.0,31326.0,answer,40676,40675,1611406335
4847.0,29832.0,answer,40671,40670,1611349203
10074.0,28493.0,answer,40669,40666,1611324146
10074.0,31693.0,answer,40668,40667,1611323646
10074.0,31347.0,answer,40664,40663,1611260553
31598.0,31671.0,answer,40643,40637,1610912839
4847.0,31696.0,answer,40661,40660,1611203723
4847.0,31692.0,answer,40659,40654,1611181702
10074.0,31678.0,answer,40657,40655,1611158577
4847.0,31678.0,answer,40648,40647,1610962455
4847.0,31674.0,answer,40645,40644,1610946371
31598.0,31668.0,answer,40642,40640,1610911292
31598.0,31672.0,answer,40639,40638,1610907396
28078.0,31667.0,answer,40635,40634,1610860203
4847.0,3439.0,answer,40633,40632,1610848537
31598.0,31610.0,answer,40629,40620,1610832482
31347.0,31326.0,answer,40628,40625,1610829292
10074.0,31326.0,answer,40627,40626,1610813580
31598.0,31662.0,answer,40621,40619,1610806069
31002.0,31512.0,answer,40617,40616,1610758416
31598.0,31660.0,answer,40614,40612,1610742371
10074.0,31660.0,answer,40613,40612,1610742141
31598.0,31658.0,answer,40610,40609,1610736170
31598.0,31653.0,answer,40608,40607,1610722877
31598.0,31653.0,answer,40605,40604,1610716857
28078.0,31653.0,answer,40606,40604,1610719069
31656.0,31648.0,answer,40603,40591,1610648861
31655.0,31581.0,answer,40602,40521,1610645763
11300.0,31653.0,answer,40601,40600,1610636643
31598.0,31652.0,answer,40599,40598,1610625773
4847.0,31634.0,answer,40597,40596,1610597056
1090.0,31574.0,answer,40520,40514,1609806508
31598.0,31648.0,answer,40593,40591,1610554425
31598.0,31647.0,answer,40592,40590,1610553035
4847.0,31642.0,answer,40589,40588,1610498794
4847.0,31380.0,answer,40584,40583,1610419028
28078.0,31634.0,answer,40582,40581,1610353957
31598.0,31628.0,answer,40579,40578,1610282062
4847.0,31517.0,answer,40576,40574,1610234516
10074.0,31618.0,answer,40570,40567,1610196424
28078.0,31614.0,answer,40572,40563,1610197179
28078.0,31598.0,answer,40569,40568,1610193986
4847.0,31517.0,answer,40566,40565,1610162448
10074.0,31614.0,answer,40564,40563,1610145153
31598.0,31569.0,answer,40557,40556,1610051741
31598.0,31610.0,answer,40554,40552,1610043773
10074.0,31581.0,answer,40553,40521,1610042953
31598.0,28664.0,answer,40551,40549,1610024306
31598.0,31116.0,answer,40550,40548,1610020876
1090.0,31271.0,answer,40547,40524,1609992612
31598.0,31604.0,answer,40545,40540,1609967570
4847.0,31598.0,answer,40544,40543,1609967371
10074.0,31534.0,answer,40537,40532,1609938721
4847.0,31588.0,answer,40534,40533,1609923690
4847.0,31589.0,answer,40531,40530,1609889987
31544.0,31271.0,answer,40526,40524,1609844583
10074.0,31573.0,answer,40519,40513,1609768191
4847.0,29058.0,answer,40516,40515,1609762958
4847.0,29486.0,answer,40512,40511,1609730685
28078.0,31543.0,answer,40509,40499,1609689040
1090.0,31544.0,answer,40503,40500,1609641606
10074.0,31501.0,answer,40498,40492,1609606787
31534.0,31333.0,answer,40497,40495,1609591820
10074.0,28078.0,answer,40496,40487,1609591198
10074.0,31271.0,answer,40493,40490,1609526219
31532.0,31271.0,answer,40491,40490,1609523102
28078.0,31421.0,answer,40489,40488,1609511676
4847.0,29058.0,answer,40486,40485,1609455393
10074.0,31505.0,answer,40482,40480,1609349831
42755.0,28664.0,answer,45146,40446,1716404904
40056.0,31105.0,answer,44408,40356,1693803424
32817.0,29683.0,answer,42202,40437,1638719501
32922.0,31260.0,answer,41709,40207,1626991326
32027.0,31501.0,answer,40978,40458,1615549659
32021.0,31105.0,answer,40966,40356,1615465884
3256.0,31360.0,answer,40952,40396,1615328328
31897.0,28997.0,answer,40892,40354,1614484197
1090.0,31512.0,answer,40471,40465,1609277472
1090.0,31501.0,answer,40470,40458,1609277338
4847.0,31216.0,answer,40469,40464,1609276977
4847.0,29058.0,answer,40467,40462,1609276251
4847.0,31505.0,answer,40466,40459,1609275651
31507.0,31358.0,answer,40460,40442,1609241535
4847.0,31418.0,answer,40457,40456,1609213751
4847.0,31189.0,answer,40455,40454,1609198449
27355.0,29683.0,answer,40452,40443,1609179863
4847.0,31490.0,answer,40451,40450,1609153752
31484.0,28664.0,answer,40449,40446,1609141938
4847.0,31487.0,answer,40448,40447,1609120777
31474.0,31470.0,answer,40433,40429,1608802214
4847.0,31449.0,answer,40439,40438,1608867470
31472.0,31470.0,answer,40432,40429,1608771492
31002.0,31470.0,answer,40430,40429,1608750800
10074.0,31326.0,answer,40426,40425,1608730137
4847.0,31466.0,answer,40424,40422,1608709912
10074.0,31326.0,answer,40417,40414,1608564578
10074.0,31115.0,answer,40415,40412,1608554842
31002.0,31446.0,answer,40410,40409,1608495751
31002.0,27361.0,answer,40408,40407,1608442245
10074.0,27361.0,answer,40405,40404,1608408399
4847.0,27361.0,answer,40401,40400,1608338296
10074.0,31423.0,answer,40398,40397,1608205520
11300.0,31418.0,answer,40393,40390,1608155526
31235.0,31347.0,answer,40392,40389,1608136862
31235.0,31418.0,answer,40391,40390,1608136088
10074.0,31408.0,answer,40385,40382,1608044777
28078.0,29576.0,answer,40383,40381,1608039427
4847.0,31404.0,answer,40379,40377,1608016468
28078.0,31105.0,answer,40378,40367,1608014429
31002.0,29576.0,answer,40376,40372,1607980317
31002.0,31401.0,answer,40375,40373,1607979575
31002.0,29576.0,answer,40374,40371,1607979124
4847.0,31389.0,answer,40363,40357,1607899017
11300.0,31393.0,answer,40361,40359,1607884574
11300.0,28997.0,answer,40360,40354,1607881544
11300.0,31389.0,answer,40358,40357,1607878646
4847.0,31380.0,answer,40350,40349,1607652356
4847.0,31189.0,answer,40348,40347,1607650377
31378.0,28170.0,answer,40343,40342,1607618958
31002.0,31323.0,answer,40336,40328,1607544874
31368.0,31360.0,answer,40331,40313,1607540359
10074.0,31368.0,answer,40329,40325,1607529317
10074.0,31369.0,answer,40324,40323,1607517874
10074.0,31333.0,answer,40321,40320,1607510497
31002.0,28130.0,answer,40319,40318,1607490962
4847.0,31358.0,answer,40315,40312,1607456319
31002.0,31360.0,answer,40314,40313,1607450672
4847.0,31355.0,answer,40308,40307,1607388708
4847.0,27789.0,answer,40306,40305,1607380652
28078.0,31310.0,answer,40303,40286,1607349158
31002.0,31323.0,answer,40299,40298,1607233868
1090.0,31337.0,answer,40297,40296,1607219052
4847.0,31269.0,answer,40295,40294,1607194175
31254.0,31280.0,answer,40291,40234,1607165352
31002.0,31072.0,answer,40289,40288,1607129709
4847.0,31326.0,answer,40287,40284,1607108950
10074.0,29524.0,answer,40280,40279,1607030801
10074.0,31318.0,answer,40281,40273,1607031181
31002.0,31317.0,answer,40278,40272,1607025828
31002.0,31072.0,answer,40277,40274,1607024868
10074.0,29524.0,answer,40276,40275,1607020298
4847.0,29524.0,answer,40271,40269,1606950669
31002.0,29524.0,answer,40270,40269,1606948589
4847.0,31311.0,answer,40268,40266,1606937771
4847.0,31225.0,answer,40267,40265,1606936991
4847.0,31301.0,answer,40262,40261,1606893669
4847.0,31205.0,answer,40259,40258,1606885209
4847.0,31254.0,answer,40257,40249,1606875650
28078.0,28829.0,answer,40256,40253,1606829703
31293.0,31287.0,answer,40251,40243,1606748132
10074.0,31214.0,answer,40248,40246,1606738963
31002.0,31289.0,answer,40245,40244,1606720332
31002.0,31286.0,answer,40242,40241,1606700729
31002.0,31284.0,answer,40240,40239,1606681417
10074.0,31281.0,answer,40238,40235,1606666933
10074.0,24171.0,answer,40237,40236,1606657384
31002.0,31189.0,answer,40232,40231,1606624314
4847.0,31072.0,answer,40230,40223,1606591319
31002.0,31072.0,answer,40229,40223,1606590993
4847.0,31269.0,answer,40228,40226,1606590957
10074.0,31269.0,answer,40221,40219,1606494657
31002.0,31115.0,answer,40211,40210,1606345000
31002.0,28997.0,answer,40218,40214,1606423435
10074.0,31116.0,answer,40215,40213,1606413706
31002.0,29602.0,answer,40212,40209,1606347519
10074.0,31257.0,answer,40208,40198,1606307188
31249.0,31129.0,answer,40204,40202,1606286241
28078.0,31227.0,answer,40197,40195,1606232535
4847.0,31251.0,answer,40192,40191,1606178956
39838.0,29784.0,answer,44309,39950,1691164871
36829.0,31142.0,answer,43150,40108,1663002088
32048.0,31103.0,answer,41003,40019,1615797676
31368.0,31142.0,answer,40335,40108,1607544742
31343.0,31159.0,answer,40301,40101,1607291369
31269.0,31142.0,answer,40224,40068,1606588242
31249.0,31216.0,answer,40206,40182,1606288265
31207.0,30957.0,answer,40189,40179,1606063928
31207.0,31225.0,answer,40187,40184,1606028454
31207.0,29803.0,answer,40186,40183,1606027773
31115.0,29803.0,answer,40185,40183,1606021321
31002.0,31227.0,answer,40178,40176,1605899252
31002.0,31225.0,answer,40177,40172,1605899107
10074.0,31226.0,answer,40174,40173,1605872136
4847.0,28325.0,answer,40170,40169,1605816835
31002.0,31216.0,answer,40166,40165,1605733803
4847.0,31212.0,answer,40164,40159,1605727367
31002.0,31214.0,answer,40161,40160,1605710456
31207.0,28875.0,answer,40156,39996,1605670601
31002.0,28997.0,answer,40132,40114,1605415885
28078.0,31205.0,answer,40155,40154,1605626139
29813.0,31190.0,answer,40153,40129,1605610896
29813.0,29211.0,answer,40152,40140,1605608635
29813.0,28097.0,answer,40149,40147,1605603912
31002.0,31115.0,answer,40136,40133,1605482633
31002.0,29903.0,answer,40145,40144,1605572625
31002.0,31203.0,answer,40143,40142,1605572203
31002.0,28325.0,answer,40141,40139,1605566272
31002.0,31192.0,answer,40131,40130,1605383433
4847.0,31189.0,answer,40128,40126,1605323671
11300.0,31186.0,answer,40123,40120,1605301046
31002.0,31186.0,answer,40122,40120,1605299619
4847.0,31142.0,answer,40121,40116,1605297395
4847.0,31063.0,answer,40113,40112,1605123561
28078.0,31166.0,answer,40111,40106,1605086320
31002.0,31072.0,answer,40107,40105,1605033093
31072.0,31159.0,answer,40103,40101,1605009546
28078.0,29575.0,answer,40100,40094,1604992644
31002.0,31072.0,answer,40099,40097,1604957268
31002.0,31115.0,answer,40098,40091,1604956117
4847.0,31142.0,answer,40095,40088,1604944981
31002.0,29602.0,answer,40090,40089,1604882460
4847.0,31115.0,answer,40087,40086,1604869997
28078.0,28493.0,answer,40085,40083,1604842307
28078.0,31145.0,answer,40084,40081,1604842062
31145.0,31142.0,answer,40082,40074,1604835577
31145.0,25735.0,answer,40080,40076,1604834240
25687.0,31142.0,answer,40077,40074,1604825170
4847.0,31143.0,answer,40073,40069,1604786553
4847.0,31142.0,answer,40071,40067,1604785482
31143.0,31142.0,answer,40070,40068,1604779691
31138.0,31136.0,answer,40064,40056,1604691520
31138.0,31116.0,answer,40062,40048,1604690123
10074.0,14636.0,answer,40051,40050,1604581271
10074.0,28493.0,answer,40058,40057,1604665635
10074.0,31089.0,answer,40007,40002,1604244767
1090.0,30994.0,answer,40055,40054,1604614765
4847.0,31129.0,answer,40053,40049,1604605694
31002.0,31121.0,answer,40043,40042,1604516324
4847.0,31115.0,answer,40036,40035,1604435642
4847.0,31110.0,answer,40033,40031,1604426006
28078.0,31073.0,answer,40030,40029,1604399766
31002.0,31107.0,answer,40027,40026,1604386387
31002.0,31100.0,answer,40025,40015,1604364810
4847.0,31105.0,answer,40024,40023,1604360445
4847.0,31104.0,answer,40022,40021,1604359279
4847.0,31094.0,answer,40020,40018,1604354704
31002.0,29268.0,answer,40014,40013,1604284868
31002.0,31094.0,answer,40011,40010,1604283284
4847.0,31050.0,answer,40001,39995,1604169026
4847.0,28875.0,answer,40000,39996,1604168561
28078.0,31085.0,answer,39999,39998,1604159848
28078.0,28875.0,answer,39997,39996,1604152151
28078.0,31072.0,answer,39994,39993,1604057564
4847.0,31064.0,answer,39988,39980,1603988839
10074.0,31069.0,answer,39983,39982,1603964971
28078.0,31071.0,answer,39987,39984,1603986881
28078.0,31072.0,answer,39986,39985,1603985900
31002.0,28025.0,answer,39981,39972,1603929151
10074.0,28706.0,answer,39979,39977,1603909657
4847.0,31063.0,answer,39976,39974,1603900482
4847.0,31043.0,answer,39975,39973,1603899921
4847.0,31061.0,answer,39970,39969,1603861107
31002.0,31043.0,answer,39968,39960,1603832548
4847.0,31058.0,answer,39967,39965,1603826842
4847.0,31032.0,answer,39966,39963,1603826682
4847.0,31050.0,answer,39964,39961,1603824803
4847.0,31034.0,answer,39959,39945,1603744783
10074.0,31038.0,answer,39958,39954,1603729942
10074.0,29640.0,answer,39957,39953,1603729076
31002.0,31027.0,answer,39955,39941,1603697407
4847.0,31020.0,answer,39952,39948,1603654436
28078.0,29867.0,answer,39947,39946,1603552358
29867.0,31032.0,answer,39944,39943,1603527024
47251.0,29938.0,answer,45518,39823,1771466992
39838.0,29784.0,answer,44599,39817,1698268347
34945.0,29867.0,answer,42476,39811,1644724602
31384.0,29867.0,answer,40827,39803,1613780705
31478.0,29867.0,answer,40501,39733,1609618186
28873.0,29607.0,answer,40444,39718,1609093223
31358.0,29885.0,answer,40384,39739,1608042918
31368.0,27283.0,answer,40337,39787,1607546448
31269.0,29942.0,answer,40225,39828,1606588473
31001.0,23317.0,answer,40059,39903,1604676253
29941.0,30970.0,answer,40032,39872,1604418855
29268.0,29941.0,answer,39978,39835,1603903733
31002.0,29867.0,answer,39956,39924,1603698178
4847.0,29869.0,answer,39938,39937,1603476080
4847.0,29869.0,answer,39933,39929,1603412102
4847.0,31019.0,answer,39931,39930,1603396666
4847.0,29867.0,answer,39928,39925,1603391654
4847.0,31014.0,answer,39927,39923,1603391147
4847.0,28997.0,answer,39926,39922,1603390291
4847.0,29305.0,answer,39921,39920,1603331903
4847.0,29869.0,answer,39918,39917,1603322869
31002.0,30961.0,answer,39916,39915,1603313774
4847.0,31007.0,answer,39914,39913,1603299840
31002.0,30997.0,answer,39911,39902,1603238670
31002.0,29867.0,answer,39912,39901,1603248568
4847.0,31005.0,answer,39910,39909,1603223204
31001.0,23317.0,answer,39905,39903,1603179471
28400.0,29619.0,answer,39900,39897,1603124978
30994.0,29867.0,answer,39899,39884,1603092096
4847.0,30953.0,answer,39898,39896,1603040770
4847.0,30953.0,answer,39895,39894,1602992233
4847.0,29867.0,answer,39878,39877,1602823982
4847.0,30972.0,answer,39875,39874,1602801053
1090.0,29305.0,answer,39865,39863,1602711734
4847.0,30961.0,answer,39864,39862,1602700076
4847.0,30957.0,answer,39860,39857,1602631726
30954.0,30957.0,answer,39858,39857,1602616753
30954.0,29926.0,answer,39856,39833,1602611938
28078.0,29459.0,answer,39852,39840,1602599665
10074.0,29941.0,answer,39851,39835,1602594098
28078.0,29271.0,answer,39848,39841,1602577221
4847.0,30953.0,answer,39847,39844,1602568369
4847.0,30954.0,answer,39846,39845,1602567336
4847.0,29836.0,answer,39843,39842,1602534654
4847.0,29947.0,answer,39839,39834,1602524285
4847.0,29948.0,answer,39838,39837,1602523133
4847.0,29943.0,answer,39831,39829,1602486314
4847.0,29942.0,answer,39830,39828,1602485810
4847.0,29508.0,answer,39827,39826,1602444555
4847.0,29939.0,answer,39825,39824,1602392920
28078.0,29867.0,answer,39821,39810,1602343569
28078.0,29867.0,answer,39820,39818,1602340772
28078.0,29784.0,answer,39819,39817,1602340440
28078.0,29867.0,answer,39816,39814,1602335456
4847.0,29867.0,answer,39812,39811,1602272174
10074.0,29459.0,answer,39807,39795,1602190681
4847.0,29867.0,answer,39797,39796,1602142912
4847.0,29867.0,answer,39794,39789,1602103285
4847.0,27283.0,answer,39793,39787,1602100906
4847.0,29914.0,answer,39792,39786,1602100767
1090.0,29910.0,answer,39791,39776,1602100331
28078.0,29867.0,answer,39785,39784,1602083145
28078.0,29867.0,answer,39783,39762,1602062377
4847.0,29867.0,answer,39781,39780,1602049338
4847.0,29909.0,answer,39778,39775,1602016054
4847.0,29910.0,answer,39777,39776,1602015897
4847.0,29903.0,answer,39771,39770,1601961591
28153.0,28648.0,answer,39773,39740,1601983290
10074.0,29594.0,answer,39772,39766,1601980607
29211.0,26184.0,answer,39768,39732,1601945483
29211.0,29883.0,answer,39767,39736,1601944622
4847.0,29867.0,answer,39765,39762,1601926019
4847.0,29803.0,answer,39764,39761,1601923043
4847.0,28400.0,answer,39760,39751,1601874986
4847.0,28400.0,answer,39757,39753,1601847386
4847.0,29867.0,answer,39756,39747,1601843149
28400.0,29867.0,answer,39755,39747,1601830871
28400.0,29867.0,answer,39754,39750,1601830033
28668.0,29867.0,answer,39749,39747,1601814363
4847.0,29784.0,answer,39746,39741,1601755370
10074.0,29885.0,answer,39745,39739,1601742443
10074.0,28400.0,answer,39744,39743,1601741990
28078.0,29871.0,answer,39737,39734,1601721938
4847.0,29867.0,answer,39731,39729,1601661627
4847.0,29876.0,answer,39730,39727,1601661266
26209.0,29867.0,answer,39725,39719,1601628865
4847.0,29869.0,answer,39723,39722,1601590222
29865.0,29863.0,answer,39714,39713,1601483134
10074.0,29860.0,answer,39712,39711,1601459223
4847.0,28823.0,answer,39709,39705,1601406859
4847.0,28400.0,answer,39708,39706,1601406117
28078.0,29841.0,answer,39703,39696,1601375778
28078.0,28527.0,answer,39702,39700,1601369097
1090.0,29714.0,answer,39699,39695,1601334834
1090.0,29841.0,answer,39698,39696,1601334617
4847.0,29830.0,answer,39689,39685,1601244603
4847.0,29829.0,answer,39688,39684,1601243846
4847.0,29822.0,answer,39682,39681,1601067236
42924.0,29437.0,answer,45147,39460,1716463966
42755.0,29598.0,answer,45144,39458,1716326061
37542.0,29437.0,answer,43419,39460,1669505468
31379.0,23675.0,answer,40345,39487,1607639449
31368.0,29575.0,answer,40339,39642,1607547608
31368.0,24213.0,answer,40332,39671,1607541080
29928.0,28400.0,answer,39813,39656,1602283717
29865.0,23675.0,answer,39717,39487,1601544472
4847.0,29479.0,answer,39680,39675,1601062106
4847.0,29167.0,answer,39679,39678,1601060843
28078.0,29211.0,answer,39670,39666,1600955619
28400.0,29805.0,answer,39667,39665,1600884206
4847.0,28527.0,answer,39660,39659,1600820267
4847.0,29798.0,answer,39658,39657,1600803894
4847.0,28527.0,answer,39654,39653,1600730571
10074.0,29594.0,answer,39648,39640,1600687295
10074.0,29780.0,answer,39639,39636,1600603316
28078.0,29575.0,answer,39647,39642,1600678323
28078.0,29575.0,answer,39646,39643,1600678198
4847.0,29734.0,answer,39638,39637,1600598570
10074.0,29776.0,answer,39634,39633,1600533369
4847.0,29591.0,answer,39631,39630,1600480066
4847.0,29139.0,answer,39625,39624,1600407364
4847.0,29761.0,answer,39623,39622,1600375419
4847.0,29578.0,answer,39621,39620,1600292962
4847.0,29591.0,answer,39619,39613,1600285007
28078.0,28723.0,answer,39616,39611,1600246219
4847.0,19664.0,answer,39615,39614,1600231105
10074.0,29735.0,answer,39609,39608,1600187531
4847.0,29524.0,answer,39605,39603,1600140236
10074.0,29576.0,answer,39595,39594,1600004782
4847.0,29578.0,answer,39592,39591,1599957297
4847.0,29315.0,answer,39583,39580,1599886702
4847.0,29510.0,answer,39582,39581,1599885181
4847.0,29578.0,answer,39579,39576,1599855829
12099.0,29695.0,answer,39574,39573,1599769279
10074.0,27429.0,answer,39569,39568,1599695044
4847.0,29616.0,answer,39566,39565,1599674511
10074.0,29683.0,answer,39563,39562,1599649487
4847.0,29674.0,answer,39558,39557,1599529040
4847.0,29391.0,answer,39556,39553,1599520846
10074.0,29608.0,answer,39554,39552,1599506587
4847.0,29594.0,answer,39545,39501,1599352077
4847.0,29608.0,answer,39544,39523,1599351450
4847.0,29657.0,answer,39543,39542,1599351018
29059.0,29656.0,answer,39539,39537,1599311105
10074.0,29211.0,answer,39534,39527,1599217054
26152.0,29575.0,answer,39533,39526,1599215934
26152.0,29647.0,answer,39532,39530,1599215103
4847.0,29632.0,answer,39515,39508,1599079356
4847.0,29647.0,answer,39531,39530,1599194767
4847.0,29591.0,answer,39529,39528,1599186318
1090.0,29634.0,answer,39522,39510,1599105066
4847.0,29640.0,answer,39521,39518,1599096689
4847.0,29528.0,answer,39520,39519,1599093387
4847.0,29459.0,answer,39517,39516,1599084589
4847.0,29341.0,answer,39513,39509,1599065175
4847.0,29578.0,answer,39512,39511,1599064306
10074.0,29624.0,answer,39505,39503,1598999239
29256.0,29608.0,answer,39504,39488,1598995488
4847.0,29256.0,answer,39496,39494,1598906996
10074.0,28799.0,answer,39492,39490,1598876081
4847.0,29247.0,answer,39486,39485,1598848455
4847.0,28527.0,answer,39484,39481,1598824369
4847.0,29608.0,answer,39482,39478,1598814792
10074.0,29437.0,answer,39462,39460,1598717190
29495.0,29563.0,answer,39475,39473,1598769622
4847.0,29486.0,answer,39474,39470,1598759090
4847.0,29566.0,answer,39472,39469,1598755254
10074.0,29566.0,answer,39471,39469,1598755241
4847.0,29602.0,answer,39466,39465,1598729884
29495.0,29598.0,answer,39463,39458,1598719704
4847.0,29594.0,answer,39455,39454,1598671114
4847.0,28170.0,answer,39453,39451,1598643395
4847.0,28668.0,answer,39450,39449,1598600140
4847.0,29587.0,answer,39448,39447,1598580165
4847.0,29561.0,answer,39445,39443,1598572822
29512.0,29561.0,answer,39444,39443,1598572043
29512.0,28997.0,answer,39442,39441,1598571173
4847.0,29583.0,answer,39439,39436,1598569627
29512.0,29583.0,answer,39438,39436,1598569595
29512.0,29571.0,answer,39437,39421,1598568381
4847.0,29575.0,answer,39435,39434,1598561896
4847.0,29364.0,answer,39431,39430,1598551820
9609.0,29562.0,answer,39428,39400,1598516580
9609.0,29567.0,answer,39427,39414,1598515600
4847.0,29575.0,answer,39426,39425,1598499752
4847.0,28170.0,answer,39424,39420,1598472085
4847.0,29341.0,answer,39423,39419,1598471243
9609.0,24213.0,answer,39418,39407,1598427544
4847.0,28875.0,answer,39417,39412,1598415412
4847.0,29566.0,answer,39416,39413,1598415289
9609.0,29298.0,answer,39415,39406,1598411618
4847.0,29524.0,answer,39405,39404,1598322505
4847.0,29563.0,answer,39398,39397,1598305435
4847.0,24213.0,answer,39396,39395,1598303173
46971.0,29396.0,answer,45503,39191,1768822765
42973.0,29271.0,answer,45174,39259,1717188681
32069.0,26107.0,answer,41032,39316,1616052120
29512.0,29486.0,answer,39440,39380,1598569970
29562.0,29553.0,answer,39411,39382,1598382700
4847.0,29536.0,answer,39403,39374,1598321279
4847.0,29543.0,answer,39402,39375,1598321108
28894.0,28799.0,answer,39401,39394,1598320588
10074.0,24213.0,answer,39393,39389,1598295847
29556.0,29341.0,answer,39392,39385,1598286645
29556.0,29505.0,answer,39391,39311,1598286126
10074.0,24213.0,answer,39387,39386,1598266875
4847.0,29531.0,answer,39373,39371,1598139242
29536.0,29446.0,answer,39369,39254,1598102562
29512.0,29446.0,answer,39366,39364,1598041504
29512.0,29341.0,answer,39365,39360,1598040350
29512.0,29032.0,answer,39368,39367,1598043158
29512.0,29525.0,answer,39358,39347,1597985609
9609.0,29528.0,answer,39357,39356,1597983416
4847.0,29459.0,answer,39353,39352,1597974639
4847.0,29446.0,answer,39349,39348,1597957131
4847.0,29524.0,answer,39346,39345,1597942093
4847.0,29446.0,answer,39341,39337,1597898736
29490.0,29446.0,answer,39340,39337,1597898096
29517.0,29446.0,answer,39334,39332,1597850082
10074.0,29446.0,answer,39333,39332,1597849109
29342.0,28706.0,answer,39331,39301,1597833683
29059.0,29490.0,answer,39329,39322,1597825394
29059.0,28325.0,answer,39305,39304,1597726135
25687.0,29510.0,answer,39328,39321,1597806994
9609.0,29484.0,answer,39317,39280,1597765194
4847.0,29504.0,answer,39319,39309,1597772459
10074.0,29459.0,answer,39318,39315,1597771780
9609.0,29490.0,answer,39308,39306,1597747038
4847.0,29417.0,answer,39303,39300,1597720527
4847.0,28706.0,answer,39302,39301,1597719930
10074.0,29490.0,answer,39299,39298,1597683785
29494.0,29493.0,answer,39297,39295,1597662246
4847.0,29490.0,answer,39293,39292,1597646185
4847.0,29481.0,answer,39290,39276,1597630053
4847.0,29486.0,answer,39289,39288,1597623211
29211.0,28997.0,answer,39287,39184,1597621938
4847.0,29136.0,answer,39284,39277,1597602030
4847.0,29478.0,answer,39283,39275,1597600579
4847.0,29141.0,answer,39282,39281,1597599798
9609.0,29460.0,answer,39274,39261,1597570895
9609.0,28706.0,answer,39273,39272,1597569111
4847.0,29107.0,answer,39271,39270,1597529657
4847.0,29469.0,answer,39267,39265,1597510989
10074.0,29467.0,answer,39266,39264,1597497671
4847.0,29464.0,answer,39263,39262,1597436405
4847.0,29271.0,answer,39260,39259,1597277286
4847.0,28575.0,answer,39258,39257,1597270017
4847.0,29446.0,answer,39255,39254,1597263560
29059.0,28602.0,answer,39252,39251,1597249480
10074.0,29434.0,answer,39250,39247,1597237881
4847.0,29271.0,answer,39246,39245,1597178917
29342.0,29432.0,answer,39243,39240,1597166635
29059.0,29298.0,answer,39242,39241,1597165196
27355.0,28769.0,answer,39239,39150,1597148809
27355.0,29418.0,answer,39238,39214,1597147978
27355.0,29203.0,answer,39237,39227,1597147783
27355.0,29427.0,answer,39236,39235,1597147540
29421.0,29203.0,answer,39232,39228,1597085455
4847.0,29203.0,answer,39231,39228,1597084315
10074.0,29336.0,answer,39229,39218,1597076342
27433.0,29022.0,answer,39226,39220,1597053632
27433.0,29358.0,answer,39224,39147,1597050784
27433.0,28664.0,answer,39223,39208,1597043680
27433.0,29378.0,answer,39222,39219,1597041335
27433.0,29313.0,answer,39221,39160,1597040130
29419.0,29396.0,answer,39217,39191,1597025493
29419.0,29417.0,answer,39216,39213,1597024777
4847.0,29107.0,answer,39204,39203,1596922282
29401.0,29003.0,answer,39201,39200,1596864087
4847.0,29398.0,answer,39199,39198,1596831974
4847.0,29167.0,answer,39194,39193,1596828039
4847.0,27675.0,answer,39192,39190,1596826923
29059.0,28862.0,answer,39189,39183,1596821551
29059.0,29392.0,answer,39188,39187,1596813607
29378.0,28862.0,answer,39185,39183,1596778316
10074.0,23007.0,answer,39181,39180,1596743449
4847.0,29364.0,answer,39179,39178,1596736613
10074.0,29377.0,answer,39175,39167,1596722799
10074.0,28335.0,answer,39172,39171,1596713328
4847.0,29378.0,answer,39169,39168,1596689842
4847.0,29342.0,answer,39166,39164,1596658113
4847.0,29121.0,answer,39161,39159,1596650426
10074.0,29059.0,answer,39154,39145,1596595519
1090.0,29363.0,answer,39152,39149,1596574485
10074.0,26041.0,answer,39144,39135,1596537659
4847.0,29305.0,answer,39141,39138,1596503771
4847.0,29347.0,answer,39140,39139,1596497772
29346.0,29343.0,answer,39137,39132,1596491329
4847.0,29241.0,answer,38966,38965,1595525395
40726.0,23007.0,answer,44667,38949,1701105953
32212.0,23007.0,answer,41156,38949,1617761850
34853.0,23007.0,answer,42255,38949,1640227115
31995.0,29305.0,answer,40981,39069,1615602927
31733.0,23007.0,answer,40693,38949,1611693920
31090.0,23007.0,answer,40003,38949,1604182640
29944.0,23675.0,answer,39832,38979,1602497921
25687.0,29257.0,answer,39326,38995,1597803766
29487.0,23675.0,answer,39291,38979,1597635105
29421.0,29219.0,answer,39225,38940,1597053542
29350.0,29317.0,answer,39142,39084,1596511934
4847.0,29342.0,answer,39131,39130,1596476647
4847.0,29341.0,answer,39129,39125,1596473873
4847.0,29109.0,answer,39128,39122,1596472968
4847.0,29338.0,answer,39127,39120,1596472534
29328.0,19863.0,answer,39113,39111,1596425963
1090.0,29330.0,answer,39118,39117,1596438160
1090.0,29328.0,answer,39119,39098,1596438380
4847.0,29273.0,answer,39116,39115,1596429814
4847.0,28350.0,answer,39114,39112,1596427346
10074.0,26041.0,answer,39109,39107,1596401220
4847.0,29335.0,answer,39106,39105,1596395195
4847.0,29298.0,answer,39104,39101,1596393252
4847.0,29174.0,answer,39103,39097,1596392521
29265.0,29298.0,answer,39102,39101,1596386604
29265.0,29330.0,answer,39100,39099,1596382931
4847.0,28769.0,answer,39096,39095,1596340372
4847.0,29211.0,answer,39091,39090,1596302939
29263.0,29322.0,answer,39089,39088,1596294444
4847.0,29319.0,answer,39086,39085,1596279101
4847.0,29305.0,answer,39081,39078,1596250771
10074.0,29075.0,answer,39075,39074,1596190650
4847.0,29227.0,answer,39073,39072,1596148052
29305.0,29304.0,answer,39071,39067,1596140279
4847.0,29305.0,answer,39070,39069,1596139658
4847.0,23007.0,answer,39066,39063,1596128103
29265.0,23007.0,answer,39064,39063,1596126867
23007.0,29265.0,answer,39062,39059,1596123860
29265.0,23007.0,answer,39061,39060,1596120972
10074.0,28769.0,answer,39058,39055,1596110355
10074.0,28761.0,answer,39057,39056,1596107306
1090.0,29300.0,answer,39054,39053,1596076933
4847.0,26041.0,answer,39051,39050,1596067566
4847.0,29271.0,answer,39049,39048,1596057139
10074.0,28769.0,answer,39047,39035,1596029834
29059.0,28668.0,answer,39044,39043,1596007064
4847.0,29186.0,answer,39042,39040,1595994759
4847.0,29271.0,answer,39039,39038,1595993504
4847.0,23007.0,answer,39037,39036,1595981679
4847.0,28866.0,answer,39034,39033,1595975678
28562.0,29288.0,answer,39032,39031,1595966070
10074.0,29280.0,answer,39030,39028,1595949891
4847.0,29279.0,answer,39027,39026,1595915622
4847.0,29277.0,answer,39025,39020,1595913139
4847.0,29265.0,answer,39024,39021,1595911909
29265.0,29277.0,answer,39022,39020,1595902489
4847.0,28209.0,answer,39019,39017,1595891532
28562.0,28875.0,answer,39016,39014,1595860647
25687.0,29269.0,answer,39012,39007,1595830080
4847.0,29271.0,answer,39011,39010,1595813561
10074.0,28769.0,answer,39004,39003,1595796475
29059.0,29265.0,answer,39001,39000,1595783594
29263.0,29261.0,answer,38999,38997,1595778591
4847.0,29261.0,answer,38998,38997,1595744813
27433.0,29236.0,answer,38992,38957,1595699214
10074.0,28335.0,answer,38985,38984,1595641382
29243.0,29250.0,answer,38991,38982,1595669476
29059.0,27362.0,answer,38990,38886,1595657335
4847.0,28527.0,answer,38988,38987,1595651648
28562.0,29225.0,answer,38981,38974,1595627548
10074.0,28602.0,answer,38980,38978,1595607312
29059.0,29225.0,answer,38976,38974,1595599500
10074.0,27429.0,answer,38975,38961,1595586845
4847.0,29035.0,answer,38973,38967,1595560299
28562.0,28400.0,answer,38972,38964,1595540861
27355.0,14636.0,answer,38959,38958,1595506713
4847.0,29225.0,answer,38955,38951,1595478066
29034.0,29216.0,answer,38952,38943,1595468236
1090.0,23007.0,answer,38950,38949,1595462644
4847.0,29229.0,answer,38948,38947,1595458082
4847.0,29228.0,answer,38946,38945,1595454440
29059.0,29219.0,answer,38944,38940,1595415491
10074.0,29213.0,answer,38932,38927,1595367190
25714.0,29220.0,answer,38942,38939,1595409885
25714.0,29220.0,answer,38941,38939,1595406131
4847.0,28527.0,answer,38938,38936,1595394791
29059.0,28527.0,answer,38937,38936,1595391241
4847.0,29217.0,answer,38935,38933,1595381727
4847.0,28997.0,answer,38931,38929,1595366796
10074.0,28640.0,answer,38930,38928,1595366740
29141.0,29203.0,answer,38925,38904,1595358858
25714.0,28875.0,answer,38923,38915,1595356063
4847.0,29075.0,answer,38911,38908,1595317568
4847.0,29195.0,answer,38906,38905,1595300959
4847.0,28997.0,answer,38902,38901,1595287838
29059.0,28400.0,answer,38897,38896,1595258472
29059.0,27362.0,answer,38895,38886,1595253643
25714.0,27362.0,answer,38890,38886,1595226262
25714.0,28997.0,answer,38891,38887,1595227038
4847.0,29195.0,answer,38889,38888,1595215753
1090.0,29192.0,answer,38885,38884,1595193646
25714.0,29186.0,answer,38879,38877,1595181434
4847.0,29186.0,answer,38881,38877,1595182368
25714.0,29180.0,answer,38880,38874,1595182067
25714.0,29180.0,answer,38878,38874,1595181022
25714.0,29180.0,answer,38875,38874,1595158674
25714.0,29106.0,answer,38873,38870,1595148669
25714.0,29177.0,answer,38872,38869,1595148192
25714.0,29177.0,answer,38871,38869,1595147830
4847.0,29176.0,answer,38867,38864,1595126822
25714.0,29141.0,answer,38846,38843,1594929146
29059.0,29060.0,answer,38707,38706,1594299943
28668.0,29130.0,answer,39507,38797,1599033167
23332.0,29010.0,answer,39076,38645,1596209896
29243.0,28543.0,answer,38977,38830,1595603799
29241.0,29121.0,answer,38969,38786,1595529630
29141.0,29138.0,answer,38926,38812,1595359064
4847.0,29174.0,answer,38865,38863,1595117861
4847.0,29172.0,answer,38862,38861,1595099184
4847.0,29167.0,answer,38859,38858,1595020951
4847.0,29141.0,answer,38857,38856,1595014376
29108.0,28668.0,answer,38855,38851,1595004871
10074.0,28668.0,answer,38852,38851,1594990704
4847.0,29108.0,answer,38849,38841,1594932777
25714.0,29141.0,answer,38847,38843,1594929522
25714.0,29108.0,answer,38845,38841,1594928536
29059.0,28862.0,answer,38837,38822,1594905973
4847.0,28997.0,answer,38836,38834,1594863477
4847.0,28794.0,answer,38835,38833,1594861352
4847.0,28997.0,answer,38832,38831,1594853535
4847.0,29145.0,answer,38829,38828,1594850176
25714.0,28862.0,answer,38827,38822,1594839094
25714.0,19863.0,answer,38826,38824,1594830305
4847.0,28933.0,answer,38821,38820,1594794511
25714.0,29141.0,answer,38819,38816,1594791498
4847.0,29136.0,answer,38811,38810,1594745003
10074.0,29118.0,answer,38807,38805,1594724722
10074.0,29132.0,answer,38808,38804,1594725621
1090.0,29124.0,answer,38800,38793,1594700814
4847.0,29127.0,answer,38795,38794,1594680336
28562.0,29121.0,answer,38792,38786,1594662973
29059.0,29121.0,answer,38791,38786,1594662302
25714.0,29104.0,answer,38783,38778,1594639511
10074.0,27362.0,answer,38782,38775,1594639348
10074.0,29116.0,answer,38781,38777,1594636744
25714.0,29104.0,answer,38780,38778,1594634507
25714.0,29086.0,answer,38776,38773,1594614183
4847.0,29086.0,answer,38774,38773,1594610259
29007.0,29081.0,answer,38771,38740,1594587284
25714.0,29109.0,answer,38769,38767,1594553610
4847.0,29001.0,answer,38768,38765,1594550477
4847.0,29108.0,answer,38764,38763,1594542511
25714.0,29107.0,answer,38762,38761,1594538249
4847.0,29106.0,answer,38760,38758,1594536862
25714.0,29022.0,answer,38757,38657,1594532584
25714.0,29106.0,answer,38759,38758,1594536353
4847.0,29101.0,answer,38756,38752,1594523390
4847.0,27362.0,answer,38755,38753,1594523002
4847.0,29063.0,answer,38751,38710,1594495963
4847.0,29095.0,answer,38749,38748,1594482446
29059.0,29081.0,answer,38747,38740,1594465448
28577.0,28483.0,answer,38744,38742,1594426617
28577.0,29073.0,answer,38743,38731,1594426466
4847.0,28668.0,answer,38739,38738,1594404224
10074.0,28210.0,answer,38735,38734,1594383453
4847.0,28657.0,answer,38733,38732,1594369788
4847.0,29067.0,answer,38728,38714,1594343238
4847.0,28655.0,answer,38727,38725,1594342176
4847.0,28209.0,answer,38726,38721,1594341897
10074.0,28997.0,answer,38722,38703,1594331689
28706.0,29052.0,answer,38723,38699,1594331900
28706.0,28804.0,answer,38720,38713,1594329365
28562.0,29068.0,answer,38719,38715,1594328773
28562.0,29058.0,answer,38718,38717,1594328492
29068.0,28804.0,answer,38716,38713,1594326959
4847.0,27329.0,answer,38712,38700,1594317614
4847.0,29051.0,answer,38702,38698,1594248952
28706.0,28804.0,answer,38691,38687,1594157994
28687.0,28668.0,answer,38697,38696,1594219409
25547.0,29044.0,answer,38694,38685,1594165566
4847.0,28804.0,answer,38693,38687,1594161704
28562.0,29045.0,answer,38692,38686,1594161257
10074.0,28911.0,answer,38683,38682,1594146993
27433.0,28668.0,answer,38680,38678,1594131408
28562.0,29025.0,answer,38676,38661,1594075518
29034.0,29028.0,answer,38675,38666,1594067207
10074.0,29028.0,answer,38672,38666,1594036649
10074.0,28657.0,answer,38671,38668,1594034036
4847.0,28794.0,answer,38659,38658,1593993133
11300.0,29021.0,answer,38655,38654,1593986428
4847.0,28539.0,answer,38656,38652,1593986669
10074.0,29019.0,answer,38651,38650,1593970171
23026.0,28485.0,answer,38649,38648,1593959169
4847.0,28995.0,answer,38646,38644,1593898247
4847.0,28911.0,answer,38643,38603,1593849620
4847.0,28716.0,answer,38642,38621,1593848566
4847.0,28997.0,answer,38641,38628,1593848166
4847.0,28998.0,answer,38640,38629,1593847755
4847.0,28999.0,answer,38639,38632,1593847375
4847.0,29003.0,answer,38638,38637,1593846463
23026.0,28995.0,answer,38631,38630,1593826962
27433.0,28794.0,answer,38619,38618,1593755379
4847.0,28972.0,answer,38617,38616,1593728554
28562.0,28982.0,answer,38614,38611,1593722419
11300.0,28974.0,answer,38609,38602,1593716952
10074.0,28335.0,answer,38607,38606,1593715602
4847.0,28972.0,answer,38601,38599,1593686293
37412.0,28875.0,answer,43357,38570,1668442524
34292.0,28665.0,answer,41937,38468,1632243078
32739.0,28863.0,answer,41562,38414,1624219352
32040.0,28863.0,answer,40995,38414,1615701826
31984.0,28863.0,answer,40928,38414,1614921117
29739.0,28863.0,answer,39612,38414,1600211586
28208.0,28204.0,answer,39344,38498,1597929325
29141.0,28818.0,answer,38919,38358,1595348749
28632.0,25488.0,answer,38705,38339,1594289203
28019.0,27967.0,answer,38662,38520,1593997854
28562.0,28962.0,answer,38610,38580,1593719040
4847.0,28655.0,answer,38598,38595,1593672856
4847.0,28335.0,answer,38597,38596,1593664827
10074.0,28683.0,answer,38593,38592,1593637391
28562.0,28949.0,answer,38591,38578,1593632328
10074.0,28541.0,answer,38587,38584,1593616706
11300.0,28911.0,answer,38588,38582,1593619209
28562.0,28145.0,answer,38583,38576,1593611766
10074.0,28508.0,answer,38581,38577,1593602607
10074.0,28955.0,answer,38579,38566,1593598980
25714.0,28527.0,answer,38575,38499,1593586834
4847.0,28295.0,answer,38574,38573,1593583410
4847.0,28956.0,answer,38572,38568,1593567028
4847.0,28875.0,answer,38571,38570,1593566863
28562.0,28875.0,answer,38569,38567,1593560461
28562.0,28951.0,answer,38564,38561,1593531554
28562.0,28527.0,answer,38563,38562,1593530711
27586.0,27362.0,answer,38560,38548,1593528192
10074.0,27566.0,answer,38559,38556,1593513125
4847.0,28655.0,answer,38552,38551,1593496338
4847.0,27362.0,answer,38549,38548,1593484935
4847.0,28938.0,answer,38547,38541,1593481349
4847.0,28608.0,answer,38546,38542,1593481077
28932.0,28862.0,answer,38544,38540,1593474914
10074.0,27861.0,answer,38539,38537,1593443799
28596.0,28768.0,answer,38535,38394,1593403836
11300.0,28790.0,answer,38532,38529,1593377451
11300.0,28790.0,answer,38531,38530,1593376603
28871.0,28862.0,answer,38527,38526,1593362876
11300.0,28907.0,answer,38525,38521,1593354564
25714.0,28915.0,answer,38524,38513,1593354130
25714.0,28918.0,answer,38523,38517,1593353728
4847.0,28915.0,answer,38514,38513,1593322385
11300.0,28910.0,answer,38510,38509,1593285591
25714.0,28527.0,answer,38508,38499,1593284276
10074.0,28204.0,answer,38506,38498,1593261712
4847.0,28462.0,answer,38505,38504,1593253038
28078.0,28665.0,answer,38503,38463,1593249506
25714.0,28527.0,answer,38500,38499,1593235479
4847.0,28900.0,answer,38497,38491,1593207486
4847.0,28903.0,answer,38496,38494,1593203741
28815.0,28902.0,answer,38495,38493,1593202370
4847.0,28210.0,answer,38490,38488,1593172965
4847.0,28895.0,answer,38489,38482,1593171267
28896.0,28204.0,answer,38487,38479,1593157523
4847.0,28794.0,answer,38481,38480,1593144601
4847.0,28892.0,answer,38478,38469,1593134554
4847.0,27429.0,answer,38476,38475,1593125487
4847.0,28723.0,answer,38474,38471,1593121857
28871.0,28723.0,answer,38473,38471,1593121397
10074.0,28665.0,answer,38472,38468,1593121208
11300.0,28887.0,answer,38470,38464,1593117531
28562.0,28887.0,answer,38465,38464,1593098862
25714.0,28881.0,answer,38458,38450,1593083737
28871.0,28868.0,answer,38454,38453,1593070171
4847.0,28881.0,answer,38451,38450,1593045930
1090.0,28823.0,answer,38449,38363,1593042706
4847.0,28875.0,answer,38448,38438,1593032624
4847.0,28722.0,answer,38447,38440,1593031915
28562.0,28794.0,answer,38445,38444,1593026917
28871.0,28875.0,answer,38439,38438,1592990293
4847.0,28872.0,answer,38437,38436,1592974282
23026.0,28722.0,answer,38435,38434,1592972519
4847.0,28862.0,answer,38433,38431,1592967997
4847.0,28769.0,answer,38430,38429,1592967267
28871.0,28863.0,answer,38428,38414,1592960729
4847.0,28866.0,answer,38427,38424,1592959322
4847.0,28867.0,answer,38426,38425,1592952194
28833.0,28794.0,answer,38419,38391,1592940229
28833.0,28400.0,answer,38418,38392,1592939379
4847.0,28862.0,answer,38413,38412,1592929769
4847.0,28860.0,answer,38411,38410,1592929064
27433.0,28844.0,answer,38407,38390,1592909695
25714.0,28400.0,answer,38406,38392,1592895139
25714.0,28527.0,answer,38405,38402,1592894831
4847.0,28527.0,answer,38404,38402,1592894509
25714.0,28778.0,answer,38403,38400,1592893459
28562.0,28794.0,answer,38399,38391,1592864747
28562.0,28822.0,answer,38397,38362,1592862794
27433.0,28400.0,answer,38396,38392,1592861809
25714.0,28838.0,answer,38386,38385,1592825879
28632.0,17327.0,answer,38382,38333,1592812929
4847.0,28834.0,answer,38379,38378,1592802482
28830.0,28829.0,answer,38376,38374,1592773326
23026.0,28790.0,answer,38373,38372,1592768625
10074.0,28825.0,answer,38370,38367,1592755843
28615.0,28493.0,answer,38369,38337,1592753288
4847.0,28823.0,answer,38366,38363,1592737565
4847.0,28815.0,answer,38359,38356,1592710598
4847.0,28608.0,answer,38354,38350,1592695869
4847.0,28180.0,answer,38353,38340,1592695356
28816.0,28815.0,answer,38352,38351,1592694439
28180.0,27362.0,answer,38349,38347,1592688534
11300.0,28813.0,answer,38348,38346,1592688406
10074.0,28180.0,answer,38345,38340,1592682009
33.0,28810.0,answer,38344,38343,1592680747
10074.0,28414.0,answer,38338,38335,1592649358
23026.0,28180.0,answer,38332,38331,1592609352
25714.0,28778.0,answer,38294,38292,1592470364
34912.0,28384.0,answer,43316,38179,1667392324
34027.0,28664.0,answer,41803,38100,1628680241
12099.0,28718.0,answer,41438,38188,1622376572
29035.0,28704.0,answer,38970,38161,1595538352
29141.0,28704.0,answer,38968,38161,1595529555
28983.0,28538.0,answer,38627,38090,1593807626
28833.0,28655.0,answer,38421,38114,1592941381
28766.0,28669.0,answer,38364,38103,1592736481
28787.0,25547.0,answer,38316,38301,1592527698
4847.0,28514.0,answer,38329,38326,1592594780
25714.0,28804.0,answer,38328,38327,1592593869
28562.0,28799.0,answer,38323,38322,1592578520
4847.0,28514.0,answer,38320,38319,1592549743
4847.0,28794.0,answer,38318,38317,1592531797
4847.0,28769.0,answer,38279,38277,1592424677
4847.0,28730.0,answer,38315,38313,1592514721
28562.0,28730.0,answer,38314,38313,1592513123
28562.0,28789.0,answer,38312,38307,1592509831
25714.0,28789.0,answer,38311,38307,1592509602
25714.0,28790.0,answer,38310,38308,1592509279
28562.0,28790.0,answer,38309,38308,1592509155
28562.0,28774.0,answer,38305,38291,1592508115
10074.0,28553.0,answer,38263,38260,1592392592
1090.0,28459.0,answer,38290,38287,1592465540
4847.0,28233.0,answer,38283,38280,1592428292
4847.0,28768.0,answer,38281,38273,1592425486
4847.0,28223.0,answer,38278,38276,1592423937
4847.0,28767.0,answer,38274,38268,1592420829
25714.0,28664.0,answer,38269,38210,1592418935
23026.0,28754.0,answer,38267,38256,1592414809
27433.0,28762.0,answer,38265,38259,1592409591
27752.0,28761.0,answer,38262,38258,1592392581
10074.0,28761.0,answer,38261,38258,1592390819
28562.0,19863.0,answer,38253,38248,1592335807
27433.0,28722.0,answer,38251,38245,1592333652
28759.0,28696.0,answer,38243,38152,1592318239
28562.0,14636.0,answer,38242,38240,1592317777
28755.0,28400.0,answer,38239,38045,1592310524
10074.0,27566.0,answer,38238,38237,1592306677
23026.0,28180.0,answer,38235,38219,1592296036
4847.0,28180.0,answer,38223,38219,1592257021
28180.0,28747.0,answer,38233,38231,1592275233
28562.0,19863.0,answer,38227,38226,1592264687
28180.0,27613.0,answer,38222,38221,1592256855
4847.0,19863.0,answer,38220,38218,1592256444
4847.0,28295.0,answer,38217,38208,1592250504
4847.0,28736.0,answer,38216,38209,1592250011
4847.0,28485.0,answer,38215,38214,1592247583
23026.0,28737.0,answer,38213,38211,1592243636
28709.0,28722.0,answer,38206,38192,1592224619
10074.0,28204.0,answer,38204,38200,1592214623
4847.0,28733.0,answer,38203,38202,1592203065
27433.0,28723.0,answer,38197,38194,1592156921
10074.0,28384.0,answer,38195,38179,1592154260
27433.0,28462.0,answer,38189,38187,1592141773
4847.0,28424.0,answer,38185,38184,1592119174
4847.0,28679.0,answer,38178,38167,1592094347
4847.0,28709.0,answer,38175,38173,1592086664
28709.0,28664.0,answer,38174,38100,1592085208
4847.0,28706.0,answer,38168,38166,1592074727
4847.0,28564.0,answer,38172,38170,1592083276
23026.0,28564.0,answer,38156,38154,1592026691
27433.0,28019.0,answer,38165,38159,1592069429
27433.0,28552.0,answer,38164,38163,1592068857
23026.0,28696.0,answer,38155,38152,1592026546
4847.0,28691.0,answer,38149,38143,1591997054
27433.0,28691.0,answer,38148,38143,1591990311
23026.0,28691.0,answer,38147,38143,1591985817
27433.0,28602.0,answer,38146,38140,1591984779
23026.0,28602.0,answer,38144,38140,1591980662
28562.0,28690.0,answer,38142,38141,1591980029
28395.0,28210.0,answer,38138,38136,1591968411
27433.0,28683.0,answer,38132,38130,1591943277
4847.0,28177.0,answer,38131,38129,1591933550
23026.0,28204.0,answer,38126,38125,1591927799
4847.0,25489.0,answer,38124,38123,1591920500
4847.0,28681.0,answer,38122,38121,1591919317
4847.0,28177.0,answer,38120,38115,1591915528
4847.0,28679.0,answer,38119,38118,1591914620
28539.0,28674.0,answer,38113,38111,1591904454
4847.0,28674.0,answer,38112,38111,1591898702
10074.0,28634.0,answer,38071,38069,1591735026
28663.0,28655.0,answer,38099,38078,1591848854
28663.0,28655.0,answer,38098,38078,1591847613
4847.0,28204.0,answer,38095,38094,1591838691
28562.0,28660.0,answer,38093,38092,1591826327
4847.0,28657.0,answer,38088,38087,1591807308
10074.0,28570.0,answer,38086,38082,1591796587
10074.0,28493.0,answer,38085,38083,1591796159
23026.0,28608.0,answer,38077,38075,1591759279
28562.0,28620.0,answer,38074,38052,1591743467
27433.0,28420.0,answer,38070,38058,1591733670
28562.0,28648.0,answer,38065,38063,1591714898
28615.0,28631.0,answer,38062,38044,1591713413
28562.0,28295.0,answer,38051,38047,1591664307
28618.0,28564.0,answer,38036,38034,1591566572
4847.0,28469.0,answer,38039,38037,1591571279
46473.0,28526.0,answer,45475,37898,1758102876
43345.0,28529.0,answer,45252,37908,1722475484
39257.0,28529.0,answer,44119,37908,1686400952
28078.0,28526.0,answer,37944,37916,1591197813
36167.0,28526.0,answer,42844,37916,1656392155
32908.0,28529.0,answer,41701,37908,1626810030
32076.0,28538.0,answer,41041,37933,1616169790
32044.0,28428.0,answer,40999,37778,1615740177
28562.0,28544.0,answer,38684,37926,1594154212
25714.0,28432.0,answer,38501,37781,1593236422
28766.0,28529.0,answer,38484,37908,1593149609
27752.0,27613.0,answer,38076,37870,1591758919
28620.0,26000.0,answer,38038,38011,1591570752
28332.0,28566.0,answer,38073,37961,1591742938
28142.0,28549.0,answer,38055,37929,1591677893
27752.0,28587.0,answer,38042,37987,1591614226
27752.0,26041.0,answer,38027,38019,1591519974
11300.0,19863.0,answer,38032,38030,1591537568
10074.0,27871.0,answer,38029,38026,1591530316
27752.0,28097.0,answer,38025,38020,1591516755
27433.0,27861.0,answer,38018,38009,1591474889
27433.0,28602.0,answer,38017,38010,1591471931
28604.0,28523.0,answer,38016,38013,1591467936
23659.0,28523.0,answer,38015,38013,1591467801
4847.0,28514.0,answer,38012,38006,1591465885
11300.0,28062.0,answer,37876,37874,1590953541
27355.0,28268.0,answer,38008,38005,1591440718
4847.0,28595.0,answer,38004,38001,1591411048
28597.0,19863.0,answer,38003,38000,1591403169
28594.0,28531.0,answer,37999,37988,1591389968
23026.0,27963.0,answer,37998,37994,1591382158
28593.0,27886.0,answer,37996,37995,1591378579
28078.0,28294.0,answer,37985,37984,1591336448
4847.0,28576.0,answer,37978,37976,1591304465
4847.0,28574.0,answer,37982,37972,1591310968
4847.0,28531.0,answer,37981,37970,1591310665
4847.0,27596.0,answer,37980,37968,1591310054
4847.0,28395.0,answer,37977,37973,1591303878
11300.0,27346.0,answer,37975,37974,1591296737
28078.0,23659.0,answer,37969,37963,1591275364
27433.0,28570.0,answer,37966,37965,1591265841
27433.0,28566.0,answer,37964,37961,1591262743
23026.0,26203.0,answer,37960,37957,1591256531
27433.0,28563.0,answer,37959,37956,1591251259
28078.0,28558.0,answer,37958,37950,1591250828
28183.0,17148.0,answer,37955,37932,1591233552
27433.0,28557.0,answer,37953,37949,1591220920
4847.0,28538.0,answer,37951,37947,1591210671
23098.0,28552.0,answer,37945,37943,1591197816
10074.0,27752.0,answer,37942,37938,1591184554
23026.0,27596.0,answer,37940,37937,1591181102
28078.0,28538.0,answer,37936,37933,1591173484
4847.0,28538.0,answer,37935,37933,1591167570
28078.0,28454.0,answer,37931,37928,1591159897
28078.0,28544.0,answer,37930,37926,1591159459
4847.0,28541.0,answer,37925,37923,1591123141
4847.0,28543.0,answer,37924,37922,1591122847
11300.0,28538.0,answer,37917,37915,1591107766
28078.0,28518.0,answer,37913,37901,1591103667
27433.0,28294.0,answer,37907,37904,1591079355
27433.0,28204.0,answer,37906,37903,1591078214
28097.0,28295.0,answer,37900,37855,1591051280
4847.0,28526.0,answer,37899,37898,1591049284
28067.0,28212.0,answer,37896,37895,1591048189
10074.0,28521.0,answer,37894,37888,1591042539
10074.0,28524.0,answer,37893,37892,1591041279
27433.0,23938.0,answer,37891,37890,1591036003
28078.0,28514.0,answer,37885,37883,1591011687
28078.0,28509.0,answer,37881,37880,1590997711
27433.0,28497.0,answer,37875,37872,1590951510
11300.0,28495.0,answer,37873,37871,1590938247
27433.0,28492.0,answer,37868,37867,1590916967
4847.0,28381.0,answer,37866,37864,1590882967
4847.0,28484.0,answer,37862,37860,1590876337
4847.0,28481.0,answer,37861,37854,1590875746
4847.0,28483.0,answer,37859,37858,1590874599
27433.0,28479.0,answer,37857,37853,1590872873
4847.0,28236.0,answer,37852,37851,1590858050
27433.0,28470.0,answer,37850,37842,1590841791
10074.0,28471.0,answer,37849,37843,1590837136
27997.0,28475.0,answer,37848,37846,1590836950
4847.0,28344.0,answer,37841,37831,1590792049
11300.0,28204.0,answer,37838,37837,1590788363
10074.0,9866.0,answer,37840,37839,1590789696
27433.0,28344.0,answer,37836,37831,1590782927
27433.0,27675.0,answer,37835,37832,1590781792
23026.0,28465.0,answer,37834,37833,1590777498
10074.0,28118.0,answer,37830,37822,1590758007
27355.0,27445.0,answer,37829,37824,1590757300
10074.0,28462.0,answer,37828,37827,1590756665
23026.0,28458.0,answer,37825,37823,1590741073
4847.0,28455.0,answer,37821,37820,1590713577
4847.0,28302.0,answer,37817,37815,1590700472
4847.0,27821.0,answer,37816,37813,1590699963
11300.0,27566.0,answer,37811,37803,1590692419
23026.0,28344.0,answer,37810,37806,1590686647
23026.0,27566.0,answer,37808,37803,1590683504
23026.0,28450.0,answer,37807,37805,1590683319
4847.0,28442.0,answer,37798,37795,1590647584
23026.0,28442.0,answer,37796,37795,1590640182
23026.0,27617.0,answer,37786,37785,1590613523
27433.0,28432.0,answer,37784,37781,1590607397
36181.0,25844.0,answer,42851,37689,1656509878
35623.0,28204.0,answer,42762,37657,1654174232
34681.0,28346.0,answer,42160,37681,1637295103
28833.0,28325.0,answer,38420,37646,1592940689
25714.0,27760.0,answer,38272,37555,1592420658
25714.0,27760.0,answer,38271,37555,1592420184
25714.0,27760.0,answer,38270,37555,1592419662
28530.0,28249.0,answer,38160,37552,1592045799
28562.0,27760.0,answer,38106,37555,1591892256
28562.0,28404.0,answer,38105,37749,1591890636
28142.0,27886.0,answer,38056,37654,1591678728
28620.0,28328.0,answer,38040,37649,1591571872
27981.0,25958.0,answer,37983,37692,1591314880
28078.0,28373.0,answer,37946,37712,1591198375
28067.0,28331.0,answer,37897,37651,1591048526
28078.0,17148.0,answer,37879,37659,1590993221
27433.0,28424.0,answer,37780,37775,1590588800
27433.0,27362.0,answer,37710,37705,1590313765
23026.0,27283.0,answer,37767,37746,1590505215
23026.0,28419.0,answer,37766,37765,1590502829
27433.0,28414.0,answer,37764,37763,1590493893
25831.0,28242.0,answer,37755,37750,1590454817
27355.0,27896.0,answer,37744,37743,1590415459
27355.0,28069.0,answer,37739,37720,1590403535
4847.0,28390.0,answer,37738,37733,1590390819
4847.0,28268.0,answer,37737,37731,1590390153
23026.0,27596.0,answer,37736,37734,1590390142
23026.0,28268.0,answer,37732,37731,1590382570
23026.0,28384.0,answer,37727,37726,1590364594
28103.0,28380.0,answer,37723,37716,1590344703
27355.0,28357.0,answer,37714,37713,1590327106
28371.0,28099.0,answer,37708,37702,1590308407
27433.0,28245.0,answer,37707,37706,1590304277
10074.0,28325.0,answer,37700,37646,1590261852
10074.0,26111.0,answer,37699,37696,1590261012
4847.0,28361.0,answer,37698,37695,1590259540
27355.0,28356.0,answer,37691,37688,1590238620
27355.0,25844.0,answer,37690,37689,1590238466
27433.0,28349.0,answer,37687,37683,1590227580
27433.0,28209.0,answer,37685,37684,1590218125
4847.0,28346.0,answer,37682,37681,1590185675
27433.0,28340.0,answer,37680,37671,1590180380
27355.0,28204.0,answer,37666,37657,1590142093
4847.0,27606.0,answer,37664,37662,1590134941
4847.0,17148.0,answer,37663,37659,1590132716
4847.0,28328.0,answer,37653,37652,1590099333
28332.0,28264.0,answer,37650,37634,1590092001
27433.0,28130.0,answer,37648,37635,1590088669
11300.0,28233.0,answer,37647,37644,1590086418
27433.0,28316.0,answer,37645,37637,1590079950
27433.0,27546.0,answer,37643,37642,1590078846
10074.0,25436.0,answer,37640,37636,1590073824
10074.0,27566.0,answer,37629,37625,1589985442
27355.0,28295.0,answer,37627,37614,1589982977
11300.0,28288.0,answer,37624,37623,1589976960
27355.0,28298.0,answer,37622,37617,1589963889
27355.0,28159.0,answer,37621,37620,1589963769
4847.0,28204.0,answer,37612,37611,1589939234
10074.0,25915.0,answer,37610,37609,1589928606
10074.0,27962.0,answer,37605,37596,1589912781
4847.0,27429.0,answer,37604,37602,1589912184
4847.0,28288.0,answer,37603,37600,1589911539
10074.0,28268.0,answer,37601,37595,1589904859
28234.0,28269.0,answer,37592,37580,1589864620
10074.0,27684.0,answer,37591,37590,1589859326
28234.0,28272.0,answer,37585,37581,1589829994
28276.0,28274.0,answer,37584,37583,1589829673
27433.0,28252.0,answer,37579,37562,1589803679
10074.0,28265.0,answer,37578,37573,1589802720
28265.0,27596.0,answer,37576,37560,1589795646
28265.0,25844.0,answer,37575,37556,1589795060
28263.0,28249.0,answer,37572,37552,1589757373
4847.0,28251.0,answer,37571,37559,1589754352
28218.0,27659.0,answer,37570,37569,1589748321
27355.0,28250.0,answer,37558,37557,1589718835
28120.0,28232.0,answer,37553,37538,1589703779
25831.0,28240.0,answer,37547,37546,1589674607
27355.0,27896.0,answer,37543,37542,1589639776
27480.0,28233.0,answer,37541,37539,1589639473
27433.0,27792.0,answer,37506,37501,1589522065
29154.0,28216.0,answer,38848,37524,1594929878
4847.0,27399.0,answer,37469,37468,1589396548
28562.0,27851.0,answer,38324,37499,1592585519
28562.0,28157.0,answer,38107,37431,1591892861
28562.0,28005.0,answer,38104,37409,1591889067
28620.0,28168.0,answer,38053,37452,1591669277
28562.0,28071.0,answer,38050,37344,1591662514
28562.0,28142.0,answer,37954,37421,1591224232
28406.0,28115.0,answer,37751,37397,1590437842
28103.0,27851.0,answer,37509,37499,1589537167
28276.0,27967.0,answer,37586,37366,1589831028
10074.0,28207.0,answer,37568,37519,1589740680
28244.0,27362.0,answer,37550,37295,1589689870
27355.0,28213.0,answer,37535,37520,1589622891
28223.0,28204.0,answer,37529,37522,1589611737
4847.0,26158.0,answer,37527,37526,1589582305
4847.0,28209.0,answer,37518,37512,1589561719
4847.0,28204.0,answer,37523,37522,1589569475
28103.0,28209.0,answer,37516,37512,1589560434
28103.0,28201.0,answer,37517,37495,1589561464
4847.0,28204.0,answer,37507,37503,1589522295
4847.0,27851.0,answer,37497,37496,1589497022
4847.0,27549.0,answer,37493,37489,1589487215
4847.0,28199.0,answer,37492,37491,1589486016
27433.0,28189.0,answer,37481,37478,1589447652
4847.0,28098.0,answer,37490,37479,1589481098
27355.0,27851.0,answer,37486,37472,1589452013
10074.0,28191.0,answer,37485,37483,1589451351
27433.0,28160.0,answer,37480,37470,1589445132
4847.0,26184.0,answer,37291,37288,1588709633
4847.0,28185.0,answer,37475,37474,1589431949
4847.0,28169.0,answer,37466,37453,1589393733
4847.0,28177.0,answer,37465,37459,1589391765
28120.0,28177.0,answer,37464,37459,1589391714
4847.0,28178.0,answer,37463,37461,1589391541
4847.0,27752.0,answer,37462,37460,1589390827
28120.0,28169.0,answer,37458,37453,1589384245
28103.0,28169.0,answer,37457,37453,1589383300
4847.0,28134.0,answer,37448,37437,1589350011
4847.0,27933.0,answer,37447,37446,1589349460
1090.0,28161.0,answer,37445,37436,1589346531
1090.0,28053.0,answer,37444,37440,1589346462
4847.0,27851.0,answer,37443,37441,1589341801
4847.0,28065.0,answer,37439,37430,1589313652
28120.0,25836.0,answer,37435,37419,1589304894
28103.0,25836.0,answer,37434,37419,1589300642
27433.0,28065.0,answer,37433,37430,1589300498
10074.0,27566.0,answer,37426,37424,1589291976
28120.0,28154.0,answer,37432,37428,1589297668
27355.0,25836.0,answer,37423,37419,1589288251
27657.0,27355.0,answer,37422,37273,1589282140
28115.0,28005.0,answer,37418,37409,1589244158
28103.0,28131.0,answer,37417,37411,1589236825
4847.0,28133.0,answer,37416,37413,1589236554
28103.0,28087.0,answer,37406,37359,1589216834
28120.0,28101.0,answer,37405,37404,1589199707
27355.0,28118.0,answer,37403,37401,1589181506
28106.0,28115.0,answer,37400,37397,1589173739
27433.0,28103.0,answer,37393,37391,1589130933
28102.0,28091.0,answer,37387,37370,1589116995
28102.0,28098.0,answer,37383,37376,1589114347
28102.0,27865.0,answer,37386,37377,1589116566
28102.0,24105.0,answer,37384,37360,1589114800
27433.0,28101.0,answer,37381,37379,1589110312
28103.0,28026.0,answer,37380,37308,1589109498
4847.0,27963.0,answer,37369,37357,1589047771
4847.0,28090.0,answer,37368,37363,1589047133
4847.0,28063.0,answer,37367,37365,1589046649
28088.0,28087.0,answer,37361,37359,1589036215
28088.0,28078.0,answer,37362,37351,1589037400
27355.0,28075.0,answer,37358,37350,1589019851
4847.0,28078.0,answer,37354,37351,1589004102
4847.0,27851.0,answer,37345,37342,1588975819
25436.0,27851.0,answer,37343,37342,1588973560
28069.0,28062.0,answer,37341,37332,1588969548
4847.0,28066.0,answer,37339,37336,1588968382
11300.0,27815.0,answer,37338,37337,1588965520
27929.0,28063.0,answer,37335,37333,1588945490
27355.0,28059.0,answer,37334,37331,1588942557
4847.0,27547.0,answer,37329,37327,1588893014
12099.0,27998.0,answer,37326,37325,1588876702
4847.0,28041.0,answer,37323,37322,1588871337
10074.0,28034.0,answer,37320,37317,1588852372
4847.0,28029.0,answer,37313,37312,1588817359
11300.0,27998.0,answer,37310,37309,1588802098
1161.0,28024.0,answer,37307,37306,1588794184
4847.0,27566.0,answer,37304,37297,1588786289
4847.0,27998.0,answer,37303,37302,1588785477
12099.0,27920.0,answer,37289,37287,1588706795
10074.0,27861.0,answer,37284,37280,1588694607
19664.0,27996.0,answer,37283,37279,1588694084
27433.0,27990.0,answer,37277,37274,1588677605
27827.0,27958.0,answer,37267,37255,1588626437
27827.0,27973.0,answer,37266,37258,1588625633
27975.0,27966.0,answer,37263,37249,1588613551
10074.0,27405.0,answer,37262,37257,1588611680
27355.0,27966.0,answer,37250,37249,1588596885
34717.0,4847.0,answer,42180,37065,1637980659
28531.0,27924.0,answer,42091,37219,1635520311
23988.0,4847.0,answer,41338,37065,1620753243
32027.0,27719.0,answer,40985,37025,1615625926
4847.0,27815.0,answer,37130,37125,1588024563
29941.0,27823.0,answer,39853,37134,1602602826
29102.0,27566.0,answer,38754,37157,1594519999
28192.0,27795.0,answer,38443,37102,1593019575
28826.0,25697.0,answer,38368,37083,1592744197
28766.0,27754.0,answer,38365,37068,1592737172
28562.0,27941.0,answer,38117,37233,1591908548
28618.0,27754.0,answer,38035,37068,1591566144
28447.0,27659.0,answer,37802,37209,1590655205
28082.0,27857.0,answer,37661,37156,1590130949
28313.0,27804.0,answer,37633,37115,1590018826
28282.0,27533.0,answer,37593,37241,1589865357
27606.0,27717.0,answer,37271,37023,1588636076
27827.0,27865.0,answer,37265,37163,1588625256
10074.0,27481.0,answer,37252,37240,1588598861
27355.0,27925.0,answer,37256,37216,1588599491
27355.0,27659.0,answer,37254,37209,1588599265
10074.0,27962.0,answer,37253,37247,1588599250
27355.0,27481.0,answer,37251,37240,1588598593
27957.0,27734.0,answer,37244,37044,1588570527
10074.0,25411.0,answer,37234,37231,1588514091
27929.0,27442.0,answer,37228,37222,1588464080
4847.0,27928.0,answer,37227,37226,1588460398
4847.0,27596.0,answer,37224,37213,1588449603
4847.0,27815.0,answer,37221,37220,1588448163
4847.0,27923.0,answer,37217,37214,1588443249
27433.0,27657.0,answer,37218,37207,1588443335
27433.0,27657.0,answer,37215,37205,1588440375
27921.0,27851.0,answer,37211,37200,1588431756
4847.0,27851.0,answer,37201,37200,1588375731
25697.0,27641.0,answer,37085,37078,1587918130
27399.0,27283.0,answer,37199,37121,1588364946
1090.0,27891.0,answer,37197,37183,1588309496
4847.0,23910.0,answer,37196,37195,1588295361
10074.0,27878.0,answer,37194,37174,1588290338
11300.0,27827.0,answer,37193,37191,1588287363
4847.0,27896.0,answer,37189,37187,1588263939
27433.0,27896.0,answer,37188,37187,1588263924
27433.0,27352.0,answer,37181,37179,1588245273
27433.0,27886.0,answer,37180,37175,1588244616
4847.0,25411.0,answer,37173,37164,1588200897
4847.0,27870.0,answer,37172,37165,1588200375
4847.0,27875.0,answer,37171,37169,1588197315
27876.0,27874.0,answer,37170,37167,1588197312
27827.0,27865.0,answer,37168,37163,1588196064
4847.0,27427.0,answer,37063,37061,1587777895
10074.0,27847.0,answer,37162,37150,1588172030
27433.0,27566.0,answer,37161,37157,1588168309
10074.0,27786.0,answer,37159,37093,1588163443
4847.0,27851.0,answer,37153,37152,1588147899
25436.0,27722.0,answer,37149,37118,1588113676
4847.0,27575.0,answer,37148,37147,1588111085
4847.0,27429.0,answer,37146,37145,1588105379
10074.0,27738.0,answer,37142,37051,1588070139
27433.0,27827.0,answer,37140,37138,1588057491
27794.0,27758.0,answer,37136,37070,1588043440
27795.0,27808.0,answer,37135,37120,1588042217
4847.0,27812.0,answer,37131,37123,1588024774
10074.0,27816.0,answer,37127,37126,1588020410
12099.0,4555.0,answer,37124,37122,1588010973
27433.0,23597.0,answer,37117,37114,1587986746
27433.0,27784.0,answer,37111,37088,1587974535
27795.0,27792.0,answer,37108,37099,1587974015
27795.0,27796.0,answer,37107,37103,1587970813
27355.0,27659.0,answer,37096,37086,1587943058
27355.0,27786.0,answer,37095,37093,1587942794
27355.0,27781.0,answer,37094,37087,1587942661
27355.0,27785.0,answer,37091,37089,1587941841
27355.0,27784.0,answer,37090,37088,1587941577
10074.0,27623.0,answer,37084,37032,1587918054
27433.0,27768.0,answer,37077,37071,1587881975
27355.0,27754.0,answer,37076,37068,1587866641
27355.0,27770.0,answer,37075,37072,1587866274
27355.0,27771.0,answer,37074,37073,1587866160
4847.0,25411.0,answer,37064,37057,1587778655
27355.0,27394.0,answer,37062,37055,1587767607
10074.0,26236.0,answer,37059,37058,1587763021
10074.0,25912.0,answer,37049,37036,1587736447
10074.0,27738.0,answer,37048,37047,1587734500
27433.0,27730.0,answer,37043,37041,1587708708
27433.0,27717.0,answer,37038,37023,1587677272
10074.0,27704.0,answer,37033,37028,1587671060
27557.0,27657.0,answer,37021,37002,1587629381
27557.0,27707.0,answer,37019,37017,1587628559
27675.0,27704.0,answer,37015,37014,1587595337
27433.0,27702.0,answer,37011,37010,1587585216
27433.0,27657.0,answer,37009,37002,1587574965
10074.0,27566.0,answer,37005,37004,1587561269
32928.0,27474.0,answer,42158,36978,1637145019
31368.0,27409.0,answer,40333,36832,1607542875
29128.0,27511.0,answer,38806,36838,1594723382
29037.0,27256.0,answer,38677,36973,1594109819
28766.0,23317.0,answer,38485,36836,1593149962
28766.0,27590.0,answer,38483,36901,1593148879
28020.0,27554.0,answer,37299,36869,1588771687
27946.0,23317.0,answer,37237,36837,1588518573
27427.0,27362.0,answer,37060,36964,1587765255
27681.0,27675.0,answer,36996,36992,1587502777
10074.0,27670.0,answer,37024,36980,1587640238
27557.0,27332.0,answer,37016,36985,1587600428
27433.0,27684.0,answer,37008,36999,1587573041
27433.0,27362.0,answer,37006,36964,1587568479
10074.0,27666.0,answer,36987,36977,1587484168
27362.0,27671.0,answer,36997,36982,1587503201
4847.0,27674.0,answer,36991,36990,1587490238
4847.0,27672.0,answer,36989,36983,1587486550
10074.0,25411.0,answer,36988,36984,1587485979
27433.0,27474.0,answer,36986,36978,1587483545
10074.0,27667.0,answer,36981,36976,1587477969
10074.0,26237.0,answer,36974,36972,1587467888
4847.0,27481.0,answer,36969,36963,1587445066
4847.0,27447.0,answer,36960,36959,1587403871
27433.0,27405.0,answer,36958,36957,1587377705
27433.0,27481.0,answer,36955,36952,1587368025
27433.0,27633.0,answer,36951,36949,1587316619
10074.0,27442.0,answer,36950,36945,1587315218
27433.0,27623.0,answer,36944,36941,1587297721
1090.0,27616.0,answer,36939,36927,1587269353
1090.0,27252.0,answer,36938,36935,1587269269
4847.0,27352.0,answer,36936,36917,1587268326
1090.0,27617.0,answer,36934,36929,1587267244
4847.0,27620.0,answer,36933,36932,1587266025
27433.0,27394.0,answer,36925,36923,1587237188
10074.0,27447.0,answer,36922,36921,1587229609
27394.0,27603.0,answer,36915,36912,1587198201
27433.0,27598.0,answer,36913,36905,1587194582
4847.0,27364.0,answer,36911,36910,1587184405
27553.0,23317.0,answer,36908,36813,1587179553
27594.0,27475.0,answer,36902,36839,1587143407
10074.0,27560.0,answer,36900,36874,1587120304
4847.0,27355.0,answer,36898,36895,1587111667
27433.0,27547.0,answer,36897,36858,1587110989
4847.0,27566.0,answer,36896,36880,1587110976
27433.0,27577.0,answer,36894,36891,1587104747
4847.0,26041.0,answer,36892,36890,1587081929
4847.0,26111.0,answer,36889,36884,1587075145
27433.0,27481.0,answer,36888,36887,1587071391
27433.0,24105.0,answer,36886,36871,1587061210
27570.0,27542.0,answer,36885,36854,1587056615
11300.0,26111.0,answer,36882,36878,1587050053
27565.0,23317.0,answer,36881,36837,1587049806
10074.0,27559.0,answer,36879,36873,1587049092
27433.0,27481.0,answer,36877,36862,1587045253
4847.0,27533.0,answer,36868,36845,1587014695
4847.0,27503.0,answer,36867,36857,1587014216
4847.0,27549.0,answer,36866,36864,1587010338
27550.0,27481.0,answer,36865,36862,1587009517
10074.0,26111.0,answer,36861,36860,1586994420
10074.0,27546.0,answer,36859,36856,1586992437
10074.0,27394.0,answer,36855,36846,1586985765
27433.0,27427.0,answer,36852,36847,1586966600
27427.0,26111.0,answer,36848,36788,1586957433
4847.0,19664.0,answer,36844,36843,1586925087
27433.0,27511.0,answer,36842,36838,1586919261
27362.0,25831.0,answer,36841,36831,1586914058
27433.0,25831.0,answer,36835,36831,1586807499
11300.0,27409.0,answer,36834,36832,1586806309
27355.0,27507.0,answer,36833,36828,1586804626
11300.0,27461.0,answer,36830,36829,1586794805
10074.0,27409.0,answer,36827,36820,1586782269
27433.0,26163.0,answer,36826,36825,1586769092
27433.0,26035.0,answer,36823,36822,1586761971
27433.0,27496.0,answer,36819,36818,1586723949
27355.0,27352.0,answer,36817,36814,1586706127
23317.0,27352.0,answer,36815,36814,1586697773
27433.0,27481.0,answer,36809,36808,1586661195
27433.0,27483.0,answer,36812,36810,1586683273
12099.0,27474.0,answer,36806,36802,1586635937
27355.0,26111.0,answer,36804,36801,1586628365
10074.0,23317.0,answer,36803,36799,1586625441
10074.0,27469.0,answer,36798,36794,1586613503
27355.0,27469.0,answer,36797,36794,1586612968
11300.0,25411.0,answer,36784,36781,1586514515
27355.0,27352.0,answer,36795,36793,1586605294
27433.0,27429.0,answer,36791,36790,1586592248
27433.0,26111.0,answer,36787,36786,1586554220
4847.0,27442.0,answer,36783,36775,1586507071
4847.0,26239.0,answer,36782,36776,1586500900
4847.0,27447.0,answer,36780,36777,1586500342
4847.0,27429.0,answer,36779,36778,1586499727
27433.0,27438.0,answer,36769,36765,1586454142
4847.0,27442.0,answer,36768,36767,1586451893
10074.0,26125.0,answer,36763,36759,1586433015
31127.0,27280.0,answer,40046,36620,1604567352
29929.0,27319.0,answer,39805,36660,1602175281
29660.0,27363.0,answer,39546,36688,1599355769
29161.0,27297.0,answer,38853,36665,1594995578
28142.0,26037.0,answer,38024,35592,1591508122
28386.0,27313.0,answer,37818,36730,1590701911
28336.0,27362.0,answer,37660,36687,1590130150
27328.0,27319.0,answer,36853,36660,1586980254
27500.0,27361.0,answer,36821,36685,1586755408
27468.0,25737.0,answer,36792,36728,1586601059
10074.0,25737.0,answer,36785,36736,1586527799
27433.0,27334.0,answer,36773,36671,1586458432
27433.0,26240.0,answer,36770,36675,1586456396
27433.0,27359.0,answer,36764,36683,1586434219
27433.0,27368.0,answer,36762,36737,1586431984
27433.0,27408.0,answer,36761,36738,1586430102
27433.0,27406.0,answer,36760,36744,1586427537
27433.0,27428.0,answer,36758,36750,1586419180
27433.0,27429.0,answer,36756,36754,1586417915
4847.0,27283.0,answer,36755,36752,1586411279
27423.0,25801.0,answer,36753,36751,1586396929
26129.0,25737.0,answer,36748,36736,1586366111
27355.0,27406.0,answer,36747,36731,1586364627
4847.0,27419.0,answer,36746,36743,1586361887
27423.0,25801.0,answer,36745,36735,1586360631
10074.0,27409.0,answer,36741,36739,1586347293
27355.0,27362.0,answer,36740,36687,1586337118
10074.0,25801.0,answer,36733,36716,1586277848
27399.0,25940.0,answer,36725,36636,1586225574
1090.0,27368.0,answer,36724,36691,1586225397
4847.0,19664.0,answer,36723,36721,1586223735
27399.0,27389.0,answer,36722,36708,1586223596
4847.0,27398.0,answer,36720,36719,1586214004
4847.0,27394.0,answer,36715,36710,1586204048
4847.0,27313.0,answer,36714,36706,1586202906
4847.0,27395.0,answer,36713,36711,1586200197
27384.0,27250.0,answer,36705,36601,1586168468
27355.0,27362.0,answer,36704,36687,1586165015
4847.0,27373.0,answer,36703,36695,1586159781
1090.0,27375.0,answer,36701,36699,1586142986
27374.0,27325.0,answer,36696,36664,1586121843
10074.0,27364.0,answer,36690,36689,1586096801
26242.0,27289.0,answer,36669,36668,1585876990
26242.0,27291.0,answer,36663,36659,1585821839
12099.0,27316.0,answer,36658,36657,1585778067
27314.0,27313.0,answer,36655,36654,1585753285
27311.0,26135.0,answer,36653,36652,1585749496
26242.0,27278.0,answer,36651,36648,1585746774
26242.0,27299.0,answer,36650,36646,1585744830
26242.0,23389.0,answer,36649,36644,1585737920
10074.0,26227.0,answer,36623,36613,1585567812
4847.0,25947.0,answer,36642,36639,1585639420
26242.0,27289.0,answer,36641,36637,1585639040
1090.0,26028.0,answer,36640,36638,1585638891
4847.0,27287.0,answer,36635,36633,1585605946
4847.0,26158.0,answer,36634,36632,1585605819
4847.0,26237.0,answer,36631,36626,1585594084
4847.0,27282.0,answer,36630,36627,1585592540
4847.0,27283.0,answer,36629,36628,1585591970
26242.0,26236.0,answer,36625,36624,1585575899
26242.0,27280.0,answer,36621,36620,1585566641
26242.0,27276.0,answer,36617,36614,1585545280
26242.0,27274.0,answer,36616,36611,1585544549
26242.0,27272.0,answer,36615,36610,1585544186
26242.0,27265.0,answer,36608,36607,1585506858
10074.0,26111.0,answer,36599,36597,1585417370
26242.0,27255.0,answer,36603,36602,1585475492
12099.0,26244.0,answer,36598,35593,1585416530
26242.0,26247.0,answer,35600,35599,1585402400
26242.0,26237.0,answer,35597,35577,1585394918
26242.0,26037.0,answer,35594,35592,1585390011
26242.0,25737.0,answer,35590,35588,1585381896
4847.0,26141.0,answer,35589,35576,1585367103
4847.0,26216.0,answer,35587,35583,1585366214
12099.0,26239.0,answer,35585,35582,1585351324
26222.0,26236.0,answer,35579,35578,1585331642
12099.0,26141.0,answer,35575,35562,1585309898
12099.0,24213.0,answer,35574,35559,1585309560
12099.0,26232.0,answer,35573,35572,1585306703
4847.0,26223.0,answer,35569,35566,1585270315
1090.0,26176.0,answer,35558,35557,1585185732
10074.0,26187.0,answer,35553,35551,1585134913
4847.0,26111.0,answer,35552,35550,1585105220
12099.0,19664.0,answer,35548,35545,1585059573
10074.0,24213.0,answer,35546,35544,1585056048
12099.0,26175.0,answer,35540,35536,1585003176
12099.0,26176.0,answer,35539,35537,1585002919
36476.0,23317.0,answer,42987,35535,1659550190
32933.0,25708.0,answer,41942,35304,1632464425
34124.0,25963.0,answer,41845,35291,1630160797
32027.0,23334.0,answer,40984,35338,1615625752
31306.0,25963.0,answer,40263,35291,1606898266
31138.0,26107.0,answer,40061,35454,1604685292
29202.0,26072.0,answer,38903,35405,1595288489
29094.0,23317.0,answer,38746,35535,1594464904
28738.0,23317.0,answer,38212,35535,1592242015
28567.0,25818.0,answer,37962,35445,1591258705
28072.0,23334.0,answer,37347,35338,1588978357
13477.0,25963.0,answer,37243,35291,1588560703
26002.0,25704.0,answer,36942,35409,1587293612
26222.0,26138.0,answer,35570,35515,1585292458
25436.0,25708.0,answer,35568,35532,1585266358
12099.0,26166.0,answer,35543,35527,1585005323
12099.0,25411.0,answer,35542,35531,1585003374
12099.0,25940.0,answer,35530,35529,1584919841
10074.0,26111.0,answer,35528,35526,1584910095
26138.0,26163.0,answer,35521,35520,1584882633
12099.0,25947.0,answer,35507,35503,1584735995
4847.0,26159.0,answer,35518,35517,1584828334
12099.0,26143.0,answer,35508,35500,1584739881
12099.0,25411.0,answer,35506,35504,1584735794
1090.0,26145.0,answer,35502,35501,1584671598
12099.0,26141.0,answer,35499,35498,1584631364
10074.0,25958.0,answer,35497,35491,1584619560
26039.0,24213.0,answer,35496,35495,1584617451
26138.0,25783.0,answer,35494,35493,1584600270
4847.0,26057.0,answer,35492,35490,1584575964
4847.0,26138.0,answer,35488,35487,1584551376
4847.0,26123.0,answer,35485,35477,1584509455
12099.0,26130.0,answer,35483,35481,1584467199
12099.0,26129.0,answer,35482,35480,1584466956
10074.0,15088.0,answer,35472,35463,1584369543
12099.0,25915.0,answer,35476,35474,1584395793
25816.0,23991.0,answer,35475,35389,1584389779
12099.0,24110.0,answer,35471,35470,1584359901
12099.0,26041.0,answer,35469,35464,1584354965
12099.0,26119.0,answer,35468,35467,1584352560
4847.0,26115.0,answer,35466,35465,1584311230
4847.0,26043.0,answer,35462,35461,1584224390
10074.0,26109.0,answer,35460,35457,1584148316
4847.0,25915.0,answer,35459,35458,1584141660
12099.0,26039.0,answer,35453,35444,1584096204
12099.0,26102.0,answer,35452,35451,1584080762
12099.0,23178.0,answer,35450,35440,1584046894
10074.0,25411.0,answer,35442,35441,1584011098
4847.0,25915.0,answer,35439,35437,1583956703
12099.0,26046.0,answer,35436,35433,1583927811
12099.0,25411.0,answer,35435,35434,1583924900
4847.0,26082.0,answer,35432,35431,1583913515
12099.0,26092.0,answer,35428,35425,1583840522
12099.0,26089.0,answer,35424,35423,1583747616
4847.0,26069.0,answer,35422,35421,1583737565
10074.0,26083.0,answer,35420,35417,1583705974
25897.0,25972.0,answer,35419,35418,1583700379
12099.0,25915.0,answer,35415,35413,1583610700
12099.0,19664.0,answer,35414,35412,1583607902
12099.0,25704.0,answer,35411,35409,1583487641
12099.0,25958.0,answer,35408,35407,1583435670
12099.0,26072.0,answer,35406,35405,1583430061
12099.0,26069.0,answer,35404,35403,1583398687
12099.0,25915.0,answer,35402,35401,1583345674
10074.0,26064.0,answer,35400,35398,1583333078
12099.0,26065.0,answer,35399,35396,1583329836
12099.0,26062.0,answer,35397,35394,1583321493
10074.0,25783.0,answer,35392,35391,1583240448
12099.0,25972.0,answer,35393,35390,1583240728
12099.0,26046.0,answer,35388,35387,1583171780
12099.0,26046.0,answer,35384,35383,1583096023
10074.0,26039.0,answer,35379,35378,1583015161
10074.0,26034.0,answer,35375,35374,1582978830
12099.0,26028.0,answer,35371,35370,1582879781
4847.0,25801.0,answer,35369,35368,1582855985
10074.0,25801.0,answer,35367,35366,1582846796
10074.0,26024.0,answer,35365,35364,1582826022
12099.0,26022.0,answer,35362,35360,1582815418
12099.0,26011.0,answer,35361,35357,1582812936
12099.0,26019.0,answer,35359,35358,1582801381
10074.0,23982.0,answer,35352,35351,1582659468
12099.0,25704.0,answer,35350,35341,1582641588
10074.0,26012.0,answer,35348,35343,1582639679
12099.0,17148.0,answer,35347,35346,1582627478
1090.0,25993.0,answer,35339,35336,1582489705
25436.0,19664.0,answer,35337,35333,1582409806
4847.0,25783.0,answer,35332,35330,1582315046
10074.0,25436.0,answer,35323,35306,1582213375
4847.0,25995.0,answer,35322,35321,1582201508
12099.0,25915.0,answer,35316,35315,1582135594
12099.0,25989.0,answer,35314,35311,1582126945
12099.0,24213.0,answer,35313,35312,1582125584
12099.0,25915.0,answer,35299,35296,1581937903
25436.0,25963.0,answer,35297,35291,1581908532
12099.0,25637.0,answer,35289,35288,1581614520
12099.0,25697.0,answer,35287,35284,1581606092
12099.0,25784.0,answer,35286,35285,1581603559
32778.0,25898.0,answer,41597,35206,1624864137
31666.0,25708.0,answer,40630,35148,1610844753
29380.0,25708.0,answer,39170,35148,1596690191
10074.0,25708.0,answer,35150,35148,1579987723
25714.0,25868.0,answer,38502,35158,1593236593
27405.0,25720.0,answer,36946,35146,1587303897
26093.0,25704.0,answer,35427,35118,1583833334
25825.0,24068.0,answer,35376,35065,1582985728
26031.0,24171.0,answer,35373,35255,1582942748
4847.0,25436.0,answer,35279,35278,1581490989
10074.0,25708.0,answer,35282,35281,1581533929
12099.0,25771.0,answer,35259,35258,1581348237
12099.0,25954.0,answer,35280,35277,1581504968
12099.0,23463.0,answer,35274,35273,1581433641
12099.0,25947.0,answer,35272,35269,1581417804
1090.0,25436.0,answer,35267,35264,1581376985
25436.0,25941.0,answer,35263,35262,1581361462
25436.0,25940.0,answer,35265,35253,1581374877
10074.0,24068.0,answer,35252,35251,1581282535
12099.0,25844.0,answer,35261,35260,1581350339
4847.0,24171.0,answer,35256,35255,1581307922
10074.0,25940.0,answer,35254,35253,1581290206
25936.0,25847.0,answer,35249,35112,1581210865
4847.0,25933.0,answer,35248,35247,1581198401
11300.0,25436.0,answer,35246,35244,1581191781
10074.0,25565.0,answer,35243,35242,1581173030
12099.0,25411.0,answer,35241,35239,1581077232
12099.0,23463.0,answer,35240,35238,1581076556
12099.0,25915.0,answer,35235,35234,1580988407
12099.0,25915.0,answer,35233,35232,1580916429
10074.0,25759.0,answer,35218,35210,1580739343
12099.0,25915.0,answer,35231,35230,1580902385
12099.0,25637.0,answer,35225,35223,1580832774
12099.0,25720.0,answer,35224,35222,1580830676
12099.0,25915.0,answer,35221,35220,1580822150
1090.0,25898.0,answer,35217,35206,1580699658
1090.0,24204.0,answer,35216,35211,1580699391
1090.0,21967.0,answer,35215,35213,1580699124
10074.0,25900.0,answer,35212,35208,1580690588
10074.0,25771.0,answer,35204,35203,1580582739
12099.0,25844.0,answer,35202,35200,1580564678
10074.0,25894.0,answer,35201,35198,1580561153
4847.0,25893.0,answer,35197,35196,1580517863
4847.0,25891.0,answer,35195,35192,1580512324
1090.0,25892.0,answer,35194,35193,1580509977
4847.0,25411.0,answer,35191,35190,1580462284
4847.0,25890.0,answer,35189,35187,1580420220
12099.0,25890.0,answer,35188,35187,1580420205
10074.0,25888.0,answer,35186,35181,1580410004
12099.0,25844.0,answer,35185,35184,1580400715
10074.0,25708.0,answer,35183,35182,1580389368
12099.0,25637.0,answer,35180,35178,1580380262
10074.0,25708.0,answer,35177,35176,1580333784
24127.0,25882.0,answer,35175,35174,1580324168
10074.0,25839.0,answer,35173,35172,1580220499
24068.0,25708.0,answer,35171,35170,1580218077
12099.0,25878.0,answer,35168,35167,1580205343
1090.0,25877.0,answer,35165,35164,1580175272
1090.0,25865.0,answer,35163,35162,1580172041
12099.0,25868.0,answer,35160,35158,1580163804
4847.0,25842.0,answer,35159,35142,1580158032
1090.0,25847.0,answer,35157,35153,1580149615
12099.0,25799.0,answer,35156,35155,1580146693
10074.0,25720.0,answer,35149,35146,1579975689
10074.0,25685.0,answer,35145,35144,1579963844
4847.0,25842.0,answer,35141,35139,1579904770
10074.0,25780.0,answer,35134,35120,1579815600
1090.0,25855.0,answer,35133,35132,1579811844
12099.0,25352.0,answer,35130,35129,1579789712
12099.0,25637.0,answer,35128,35122,1579764350
12099.0,25704.0,answer,35127,35121,1579764008
4847.0,25844.0,answer,35126,35125,1579757884
4847.0,25801.0,answer,35124,35123,1579755404
10074.0,25844.0,answer,35115,35113,1579611707
12099.0,25704.0,answer,35119,35118,1579679104
4847.0,25708.0,answer,35117,35116,1579665131
12099.0,25847.0,answer,35114,35112,1579609478
12099.0,25713.0,answer,35109,35108,1579539219
12099.0,25436.0,answer,35104,35101,1579513930
12099.0,25836.0,answer,35103,35102,1579511853
12099.0,25436.0,answer,35100,35098,1579435803
25436.0,25732.0,answer,35099,35091,1579428389
1090.0,25831.0,answer,35097,35093,1579408755
10074.0,15502.0,answer,35096,35095,1579385464
10074.0,25436.0,answer,35094,35092,1579375659
12099.0,25801.0,answer,35089,35086,1579340976
25801.0,25824.0,answer,35088,35087,1579327560
1090.0,25826.0,answer,35085,35075,1579311952
1090.0,25801.0,answer,35084,35081,1579308901
1090.0,25829.0,answer,35083,35082,1579308055
10074.0,25818.0,answer,35078,35076,1579293944
10074.0,25824.0,answer,35074,35071,1579260613
12172.0,25824.0,answer,35072,35071,1579245199
10074.0,25708.0,answer,35070,35069,1579198855
12099.0,25821.0,answer,35068,35067,1579185173
10074.0,25820.0,answer,35064,35063,1579174117
10074.0,25436.0,answer,35062,35059,1579137546
4847.0,25818.0,answer,35060,35058,1579136424
10074.0,25818.0,answer,35061,35058,1579136550
25813.0,25814.0,answer,35056,35054,1579105872
37821.0,25686.0,answer,43586,35027,1672396477
36295.0,25682.0,answer,42914,34895,1657800545
31899.0,24068.0,answer,40989,35052,1615641861
29941.0,24068.0,answer,39836,35052,1602513492
28805.0,25758.0,answer,38342,34992,1592670359
27767.0,25708.0,answer,37069,35036,1587848341
26046.0,14162.0,answer,35382,35025,1583084273
25877.0,25704.0,answer,35169,35010,1580211696
25801.0,25680.0,answer,35080,34947,1579299846
10074.0,25708.0,answer,35066,35036,1579181008
12099.0,25806.0,answer,35051,35049,1579032371
10074.0,24171.0,answer,35048,35045,1579002186
12099.0,24171.0,answer,35047,35045,1578994981
12099.0,25686.0,answer,35046,35044,1578994507
12099.0,25795.0,answer,35042,35039,1578909532
12099.0,25787.0,answer,35041,35040,1578905924
1090.0,25686.0,answer,35038,35037,1578859575
12099.0,25732.0,answer,35032,35031,1578736039
12099.0,25785.0,answer,35030,35029,1578654870
12099.0,25686.0,answer,35028,35027,1578642211
12099.0,14162.0,answer,35026,35025,1578495074
12099.0,25676.0,answer,35023,35022,1578474073
25779.0,25778.0,answer,35021,35020,1578445542
12099.0,25775.0,answer,35018,35017,1578422470
12099.0,25686.0,answer,35016,35009,1578418772
10074.0,25704.0,answer,35014,35010,1578417519
12099.0,25704.0,answer,35015,35010,1578417521
12099.0,25708.0,answer,35013,35011,1578417110
10074.0,25708.0,answer,35012,35011,1578417089
12099.0,25436.0,answer,35008,35007,1578407523
21816.0,25766.0,answer,35004,35000,1578356407
4847.0,25768.0,answer,35003,35002,1578352865
12099.0,25762.0,answer,34997,34995,1578304746
21816.0,25762.0,answer,34996,34995,1578286868
12099.0,25616.0,answer,34990,34989,1578154165
12099.0,25758.0,answer,34994,34992,1578181642
12099.0,25697.0,answer,34993,34991,1578174929
12099.0,25732.0,answer,34988,34987,1578046611
21816.0,25748.0,answer,34986,34985,1578012822
23447.0,25547.0,answer,34984,34964,1577988732
1161.0,25676.0,answer,34981,34970,1577940781
1161.0,25732.0,answer,34980,34973,1577940525
1161.0,25732.0,answer,34979,34978,1577940452
21912.0,25694.0,answer,34977,34965,1577805641
10074.0,25735.0,answer,34975,34972,1577740532
21816.0,25736.0,answer,34974,34971,1577737489
21816.0,21912.0,answer,34969,34968,1577641953
21816.0,25722.0,answer,34963,34957,1577489141
10074.0,25686.0,answer,34954,34953,1577368854
4847.0,25547.0,answer,34950,34949,1577275097
10074.0,23835.0,answer,34948,34946,1577215303
10074.0,25616.0,answer,34944,34942,1577110064
25687.0,25547.0,answer,34940,34935,1577075965
25699.0,25690.0,answer,34939,34916,1577068772
25699.0,25352.0,answer,34938,34934,1577065952
25699.0,25547.0,answer,34937,34935,1577064935
21816.0,25547.0,answer,34936,34935,1577064553
10074.0,25686.0,answer,34931,34928,1577039668
11300.0,25691.0,answer,34922,34921,1576946197
10074.0,25547.0,answer,34923,34920,1576947934
10074.0,25686.0,answer,34913,34912,1576785793
10074.0,25436.0,answer,34898,34896,1576694121
10074.0,25436.0,answer,34911,34909,1576759600
25436.0,25683.0,answer,34910,34897,1576758592
4847.0,25685.0,answer,34906,34905,1576726599
25436.0,25683.0,answer,34903,34897,1576710665
25436.0,25675.0,answer,34902,34875,1576707463
25436.0,25671.0,answer,34901,34890,1576707167
25436.0,25675.0,answer,34900,34891,1576695160
10074.0,25682.0,answer,34899,34895,1576694657
10074.0,23428.0,answer,34883,34878,1576594021
10074.0,25677.0,answer,34894,34880,1576673452
10074.0,25352.0,answer,34889,34887,1576619190
12099.0,25616.0,answer,34886,34876,1576604713
12099.0,25459.0,answer,34885,34874,1576603377
10074.0,23317.0,answer,34882,34879,1576590793
10074.0,25676.0,answer,34881,34877,1576589792
10074.0,25671.0,answer,34873,34864,1576524980
12099.0,17304.0,answer,34872,34870,1576514328
10074.0,25672.0,answer,34871,34867,1576505573
4847.0,25673.0,answer,34869,34868,1576481665
4847.0,23428.0,answer,34862,34861,1576372529
12099.0,25621.0,answer,34858,34857,1576232827
12099.0,25333.0,answer,34856,34855,1576147618
10074.0,25352.0,answer,34853,34852,1576069595
12099.0,14162.0,answer,34850,34846,1575911856
12099.0,25637.0,answer,34849,34848,1575908037
12099.0,25636.0,answer,34840,34839,1575651266
12099.0,25408.0,answer,34837,34835,1575644615
12099.0,25436.0,answer,34836,34834,1575643202
12099.0,25608.0,answer,34832,34831,1575563100
12099.0,15502.0,answer,34830,34829,1575543159
4847.0,25630.0,answer,34828,34827,1575505071
11300.0,25633.0,answer,34826,34825,1575503303
12099.0,25352.0,answer,34824,34822,1575494953
12099.0,25331.0,answer,34820,34819,1575470132
4847.0,25630.0,answer,34817,34816,1575423927
4847.0,25609.0,answer,34815,34814,1575415368
29620.0,24044.0,answer,39500,34644,1598951293
28020.0,24072.0,answer,37300,34677,1588772683
26150.0,25579.0,answer,35511,34765,1584783277
25744.0,25537.0,answer,34983,34720,1577984419
12099.0,25625.0,answer,34818,34812,1575440240
4847.0,25333.0,answer,34811,34810,1575321826
12099.0,25624.0,answer,34809,34808,1575300871
10074.0,25613.0,answer,34807,34806,1575224353
10074.0,25616.0,answer,34805,34803,1575152239
12099.0,25408.0,answer,34797,34795,1575047435
12099.0,25610.0,answer,34793,34792,1574948177
4847.0,24186.0,answer,34791,34790,1574901627
12099.0,25352.0,answer,34789,34787,1574883513
10074.0,25352.0,answer,34788,34787,1574883384
12099.0,15502.0,answer,34786,34785,1574865524
12099.0,25609.0,answer,34784,34783,1574855410
12099.0,25352.0,answer,34782,34780,1574850937
12099.0,23743.0,answer,34781,34778,1574849712
25478.0,25596.0,answer,34779,34777,1574807897
4847.0,25488.0,answer,34775,34772,1574545278
10074.0,25488.0,answer,34774,34772,1574545187
10074.0,21532.0,answer,34771,34769,1574515245
12099.0,21342.0,answer,34768,34767,1574437856
12099.0,25579.0,answer,34766,34765,1574374131
12099.0,23743.0,answer,34764,34761,1574333938
25574.0,25527.0,answer,34762,34709,1574301200
1090.0,24219.0,answer,34760,34748,1574286016
12099.0,10155.0,answer,34757,34756,1574170903
12099.0,25559.0,answer,34755,34752,1574152184
10074.0,19787.0,answer,34754,34751,1574113613
12099.0,25554.0,answer,34750,34749,1574082285
1090.0,25511.0,answer,34747,34746,1574028436
1090.0,24044.0,answer,34745,34743,1574014121
11300.0,25493.0,answer,34744,34741,1573999399
1090.0,25551.0,answer,34739,34738,1573957801
7209.0,25390.0,answer,34737,34580,1573943657
1090.0,25546.0,answer,34736,34733,1573942530
12099.0,25539.0,answer,34729,34727,1573752342
1090.0,25537.0,answer,34728,34720,1573701992
4847.0,25541.0,answer,34726,34725,1573680417
12099.0,25534.0,answer,34723,34719,1573651916
12099.0,10155.0,answer,34718,34717,1573581515
12099.0,25529.0,answer,34716,34714,1573556289
22307.0,25417.0,answer,34715,34605,1573525362
4847.0,25321.0,answer,34713,34712,1573510568
4847.0,25527.0,answer,34710,34709,1573507847
4847.0,25323.0,answer,34708,34707,1573506117
25451.0,25459.0,answer,34635,34633,1572340150
25483.0,25417.0,answer,34647,34605,1572482112
4847.0,25427.0,answer,34700,34699,1573334702
1090.0,25496.0,answer,34698,34696,1573157223
12099.0,10155.0,answer,34695,34694,1573129447
4847.0,25492.0,answer,34692,34686,1573067345
12099.0,25459.0,answer,34690,34688,1573061158
12099.0,25503.0,answer,34689,34687,1573060655
4847.0,25506.0,answer,34684,34682,1573022529
10074.0,23212.0,answer,34680,34626,1572958274
25436.0,25493.0,answer,34679,34664,1572950001
10074.0,25496.0,answer,34669,34666,1572870601
4847.0,25436.0,answer,34663,34659,1572722903
12099.0,25499.0,answer,34676,34674,1572882099
12099.0,24072.0,answer,34675,34673,1572880797
12099.0,24044.0,answer,34672,34629,1572876408
12099.0,25488.0,answer,34671,34652,1572873563
10074.0,20853.0,answer,34670,34658,1572871442
11300.0,20853.0,answer,34667,34665,1572809042
25436.0,25323.0,answer,34662,34646,1572708842
25436.0,25493.0,answer,34661,34656,1572707973
25436.0,10155.0,answer,34660,34657,1572706797
4847.0,25416.0,answer,34655,34649,1572549060
4847.0,25489.0,answer,34654,34650,1572548389
4847.0,25488.0,answer,34653,34651,1572547837
1090.0,24044.0,answer,34648,34644,1572491474
25478.0,24113.0,answer,34641,34620,1572382121
25478.0,25413.0,answer,34642,34602,1572383272
25478.0,25435.0,answer,34640,34637,1572381749
4847.0,25436.0,answer,34639,34638,1572374665
1090.0,25427.0,answer,34632,34627,1572307270
1090.0,25408.0,answer,34631,34628,1572303494
1090.0,25458.0,answer,34625,34622,1572208927
1090.0,24113.0,answer,34624,34623,1572206741
4847.0,25435.0,answer,34617,34614,1571946839
4847.0,25329.0,answer,34616,34613,1571946462
1090.0,25430.0,answer,34611,34610,1571860809
1090.0,25427.0,answer,34609,34607,1571858349
4847.0,25376.0,answer,34604,34569,1571682294
1090.0,25411.0,answer,34603,34601,1571679749
1090.0,20853.0,answer,34599,34595,1571600899
1090.0,25406.0,answer,34598,34593,1571600773
1090.0,24122.0,answer,34597,34596,1571600636
4847.0,25402.0,answer,34590,34588,1571418930
25331.0,25390.0,answer,34585,34580,1571244156
1090.0,24214.0,answer,34583,34578,1571182103
4847.0,23500.0,answer,34582,34577,1571178306
25283.0,25380.0,answer,34576,34571,1571083550
4847.0,24226.0,answer,34567,34566,1570728445
28806.0,25357.0,answer,40162,34558,1605711418
3439.0,25316.0,answer,40631,34519,1610847996
26138.0,7214.0,answer,35512,34555,1584791250
25885.0,25357.0,answer,35342,34558,1582609482
25352.0,24217.0,answer,34594,33387,1571557438
12099.0,25363.0,answer,34565,34563,1570638383
25365.0,25364.0,answer,34562,34561,1570629079
1090.0,25352.0,answer,34556,34554,1570394675
25341.0,25331.0,answer,34547,34545,1570254305
12099.0,25340.0,answer,34544,34542,1570203077
25341.0,24183.0,answer,34543,34476,1570167429
1090.0,23743.0,answer,34540,34533,1570138924
1090.0,25277.0,answer,34539,34538,1570138828
4847.0,25323.0,answer,34537,34536,1570083278
12099.0,25302.0,answer,34535,34530,1570058360
4847.0,25321.0,answer,34528,34527,1569950079
4847.0,25320.0,answer,34525,34523,1569942327
12099.0,23235.0,answer,34518,34515,1569831649
4847.0,15282.0,answer,34517,34516,1569790414
4847.0,24214.0,answer,34514,34513,1569783011
4847.0,24163.0,answer,34512,34511,1569702200
4847.0,25307.0,answer,34510,34505,1569700653
11300.0,24044.0,answer,34509,34506,1569695513
1090.0,25306.0,answer,34504,34503,1569654013
4847.0,25301.0,answer,34502,34500,1569597729
12099.0,25283.0,answer,34485,34484,1569243504
4847.0,24226.0,answer,34499,34498,1569515455
12099.0,24077.0,answer,34496,34495,1569430898
12099.0,25289.0,answer,34493,34491,1569333760
12099.0,24214.0,answer,34490,34489,1569323556
1090.0,25284.0,answer,34488,34486,1569298662
4847.0,25280.0,answer,34483,34480,1569187997
4847.0,24044.0,answer,34482,34481,1569187503
4847.0,25277.0,answer,34478,34477,1569157342
1090.0,25272.0,answer,34475,34472,1569113405
1090.0,25275.0,answer,34474,34471,1569113092
1090.0,24226.0,answer,34473,34470,1569112731
4847.0,25272.0,answer,34468,34467,1569072747
4847.0,25271.0,answer,34466,34463,1569065184
4847.0,24110.0,answer,34465,34464,1569064357
4847.0,15282.0,answer,34461,34460,1569016067
4847.0,24183.0,answer,34458,34457,1568994446
4847.0,25257.0,answer,34455,34454,1568924898
4847.0,24044.0,answer,34453,34452,1568894280
4847.0,25261.0,answer,34451,34450,1568859922
12099.0,24110.0,answer,34449,34448,1568820797
12099.0,23718.0,answer,34447,34444,1568794011
25257.0,24183.0,answer,34442,34438,1568742534
4847.0,24191.0,answer,34435,34422,1568629828
10074.0,25243.0,answer,34434,34420,1568602492
10074.0,25228.0,answer,34433,34405,1568590674
4847.0,24213.0,answer,34431,34428,1568564369
4847.0,25250.0,answer,34430,34429,1568562974
1090.0,23883.0,answer,34427,34425,1568511011
1090.0,23743.0,answer,34426,34424,1568509241
4847.0,25248.0,answer,34423,34421,1568489781
11300.0,25238.0,answer,34414,34413,1568378501
12099.0,24213.0,answer,34417,33384,1568387674
12099.0,24183.0,answer,34416,34411,1568385310
12099.0,23662.0,answer,34412,34410,1568367956
4847.0,24183.0,answer,34409,34406,1568340793
4847.0,25235.0,answer,34408,34407,1568340178
23526.0,24224.0,answer,34402,33399,1568209162
12099.0,24044.0,answer,34401,34400,1568203528
12099.0,23262.0,answer,34399,33396,1568195903
4847.0,24226.0,answer,33398,33397,1568156080
12099.0,11571.0,answer,33394,33382,1568043953
4847.0,24183.0,answer,33392,33391,1568005923
4847.0,24077.0,answer,33389,33385,1567981719
4847.0,24217.0,answer,33388,33387,1567978086
24077.0,23885.0,answer,33386,33352,1567967014
4847.0,24210.0,answer,33381,33380,1567899164
4847.0,24183.0,answer,33378,33377,1567852274
4847.0,24183.0,answer,33376,33375,1567818769
4847.0,24204.0,answer,33373,33372,1567812938
12099.0,24173.0,answer,33369,33368,1567685468
1090.0,23566.0,answer,33366,33364,1567544250
4847.0,24191.0,answer,33362,33361,1567515273
4847.0,23566.0,answer,33360,33359,1567484524
4847.0,24188.0,answer,33358,33357,1567479177
12099.0,24183.0,answer,33355,33353,1567426372
12099.0,23872.0,answer,33354,33344,1567412206
4847.0,24173.0,answer,33350,33347,1567303565
11300.0,24174.0,answer,33349,33348,1567279375
12099.0,24165.0,answer,33346,33345,1567176695
1090.0,1687.0,answer,33343,33342,1567106933
12099.0,24162.0,answer,33341,33340,1567095234
4847.0,24140.0,answer,33307,33306,1566687902
25574.0,24072.0,answer,34763,33269,1574301772
4847.0,24072.0,answer,33337,33323,1567031194
4847.0,24150.0,answer,33329,33328,1566942663
1687.0,24102.0,answer,33326,33325,1566916244
4847.0,24102.0,answer,33318,33316,1566851542
4847.0,23235.0,answer,33317,33313,1566849994
12099.0,24044.0,answer,33315,33314,1566825704
4847.0,24072.0,answer,33312,33310,1566762772
1090.0,24077.0,answer,33305,33301,1566683931
4847.0,24072.0,answer,33304,33300,1566680065
4847.0,24138.0,answer,33302,33299,1566677416
12099.0,24134.0,answer,33298,33295,1566653478
12099.0,23566.0,answer,33296,33274,1566652582
1090.0,24113.0,answer,33291,33290,1566512137
12099.0,23105.0,answer,33286,33285,1566463653
1090.0,24113.0,answer,33284,33283,1566429935
1090.0,24122.0,answer,33282,33281,1566425578
12099.0,23796.0,answer,33280,33279,1566400359
4847.0,23662.0,answer,33275,33267,1566353028
11300.0,24072.0,answer,33273,33272,1566326386
12099.0,23911.0,answer,33271,33268,1566319944
12099.0,24072.0,answer,33270,33269,1566319801
11300.0,24113.0,answer,33266,33265,1566315550
12099.0,24106.0,answer,33264,33263,1566302247
1090.0,23566.0,answer,33260,33259,1566279299
12099.0,24044.0,answer,33256,33255,1566220756
1090.0,24105.0,answer,33254,33253,1566203531
11300.0,24102.0,answer,33250,33249,1566162230
1090.0,23911.0,answer,33252,33245,1566176109
1090.0,15282.0,answer,33242,33240,1565912647
12099.0,24044.0,answer,33239,33237,1565872824
24076.0,24044.0,answer,33235,33230,1565842742
4847.0,23911.0,answer,33234,33233,1565823027
4847.0,24044.0,answer,33232,33230,1565815225
12099.0,23885.0,answer,33229,33228,1565777192
4847.0,24080.0,answer,33227,33224,1565722823
4847.0,24072.0,answer,33226,33225,1565718881
12099.0,24077.0,answer,33222,33220,1565689754
12099.0,23566.0,answer,33221,33219,1565688758
12099.0,24072.0,answer,33218,33217,1565627781
1090.0,23968.0,answer,33215,33214,1565554447
1090.0,23985.0,answer,33213,33209,1565501666
4847.0,24063.0,answer,33211,33210,1565477356
24061.0,24058.0,answer,33208,33206,1565456099
4847.0,24058.0,answer,33207,33206,1565388251
10074.0,23566.0,answer,33205,33203,1565300989
1090.0,24053.0,answer,33204,33202,1565291008
10074.0,23983.0,answer,33201,33200,1565259365
12099.0,24051.0,answer,33199,33198,1565255691
24049.0,24044.0,answer,33195,33194,1565212347
1090.0,23317.0,answer,33192,33191,1565157258
1090.0,23715.0,answer,33173,33172,1565038121
1090.0,24045.0,answer,33189,33187,1565137925
4847.0,24045.0,answer,33188,33187,1565137867
4847.0,24044.0,answer,33186,33182,1565136620
1687.0,24044.0,answer,33185,33182,1565134790
11300.0,24044.0,answer,33184,33182,1565134329
4847.0,24024.0,answer,33180,33179,1565120427
4847.0,24026.0,answer,33177,33176,1565058026
1090.0,23956.0,answer,33174,33171,1565038418
12099.0,24026.0,answer,33170,33169,1565000332
1090.0,24028.0,answer,33167,33157,1564957452
4847.0,23796.0,answer,33168,33159,1564962311
4847.0,24026.0,answer,33164,33161,1564955571
1090.0,23743.0,answer,33166,33163,1564955814
4847.0,24031.0,answer,33165,33158,1564955777
10074.0,23872.0,answer,33156,33145,1564878057
4847.0,24026.0,answer,33154,33149,1564862597
4847.0,23743.0,answer,33155,33153,1564871085
4847.0,24002.0,answer,33152,33148,1564860836
4847.0,24024.0,answer,33151,33147,1564860014
11300.0,23885.0,answer,33143,33142,1564758938
12099.0,24018.0,answer,33141,33140,1564738783
9609.0,23566.0,answer,33139,33129,1564714471
4847.0,24016.0,answer,33138,33137,1564704867
12099.0,24009.0,answer,33131,33130,1564652775
12099.0,18407.0,answer,33136,33133,1564672275
12099.0,24012.0,answer,33135,33134,1564667252
1090.0,7369.0,answer,33127,33124,1564603829
12099.0,23908.0,answer,33123,33122,1564560644
12099.0,24002.0,answer,33116,33115,1564501474
12099.0,23908.0,answer,33112,33111,1564472032
1090.0,23898.0,answer,33110,33109,1564447140
4847.0,23993.0,answer,33107,33104,1564424409
1687.0,23898.0,answer,33106,33105,1564424343
4847.0,23805.0,answer,32891,32890,1561745124
27659.0,23939.0,answer,37675,33044,1590170581
11300.0,23889.0,answer,33092,33090,1564255090
1090.0,23975.0,answer,33119,33082,1564529639
12099.0,23984.0,answer,33103,33102,1564405547
12099.0,23872.0,answer,33101,33098,1564391018
12099.0,23968.0,answer,33100,33099,1564389744
4847.0,23991.0,answer,33097,33096,1564349979
23931.0,23984.0,answer,33095,33091,1564316482
10074.0,23984.0,answer,33093,33091,1564258136
1090.0,23982.0,answer,33089,33088,1564218329
4847.0,23885.0,answer,33087,33086,1564177278
4847.0,23566.0,answer,33084,33083,1564111419
4847.0,23974.0,answer,33081,33080,1564086842
12099.0,23868.0,answer,33079,33078,1564046965
12099.0,23967.0,answer,33071,33070,1563897620
1090.0,23969.0,answer,33074,33072,1563922544
1090.0,23964.0,answer,33069,33065,1563840782
1090.0,21377.0,answer,33068,33020,1563840541
4847.0,23965.0,answer,33067,33066,1563835528
12099.0,23963.0,answer,33064,33063,1563812178
12099.0,23741.0,answer,33062,33061,1563809962
10074.0,23889.0,answer,33049,33048,1563621324
1090.0,23805.0,answer,33059,33058,1563772117
4847.0,23957.0,answer,33057,33055,1563737791
4847.0,23953.0,answer,33053,33052,1563677591
4847.0,23901.0,answer,33050,33047,1563648049
1090.0,23936.0,answer,33043,33042,1563501171
1090.0,1687.0,answer,33040,33039,1563491357
23920.0,23893.0,answer,33023,32984,1563287179
1090.0,23893.0,answer,32986,32984,1562880701
4847.0,23885.0,answer,33036,33033,1563385117
23805.0,23885.0,answer,33034,33033,1563382805
4847.0,23908.0,answer,33032,33031,1563347824
1090.0,23896.0,answer,33030,33029,1563324467
12099.0,23898.0,answer,33028,33025,1563314418
1090.0,23924.0,answer,33027,33026,1563310881
23920.0,23893.0,answer,33022,32984,1563284415
12099.0,23857.0,answer,33013,33012,1563193529
12099.0,23908.0,answer,33016,33014,1563208441
4847.0,23910.0,answer,33011,33007,1563123580
4847.0,23911.0,answer,33009,33008,1563122934
11300.0,23868.0,answer,33006,33005,1563048796
23903.0,23804.0,answer,33004,33002,1563027598
1090.0,23901.0,answer,33001,32999,1562974529
1090.0,23906.0,answer,33000,32963,1562972195
4847.0,23830.0,answer,32997,32996,1562913418
23805.0,23891.0,answer,32995,32978,1562900498
4847.0,23885.0,answer,32994,32976,1562895412
4847.0,23891.0,answer,32993,32978,1562894607
4847.0,23859.0,answer,32992,32983,1562894428
4847.0,23895.0,answer,32991,32990,1562894123
1090.0,23877.0,answer,32989,32987,1562885997
10074.0,22295.0,answer,32981,32977,1562876255
11300.0,23857.0,answer,32979,32975,1562870611
1090.0,21377.0,answer,32971,32969,1562809767
10074.0,23877.0,answer,32967,32966,1562778297
4847.0,23835.0,answer,32965,32964,1562764567
4847.0,23857.0,answer,32962,32961,1562730850
10074.0,23741.0,answer,32960,32956,1562673979
12099.0,22025.0,answer,32959,32951,1562662958
12099.0,23871.0,answer,32957,32952,1562658505
4847.0,23816.0,answer,32953,32942,1562653459
23825.0,17327.0,answer,32908,32902,1561994988
4847.0,23868.0,answer,32950,32949,1562621584
12099.0,23622.0,answer,32948,32946,1562598386
12099.0,23317.0,answer,32945,32944,1562577511
4847.0,23857.0,answer,32940,32938,1562446146
1090.0,21510.0,answer,32936,32935,1562369882
12099.0,23552.0,answer,32934,32933,1562319971
11300.0,23851.0,answer,32931,32930,1562269076
10074.0,23185.0,answer,32929,32927,1562240678
4847.0,23906.0,answer,32920,32919,1562144014
1090.0,23837.0,answer,32916,32914,1562104793
11300.0,23835.0,answer,32913,32912,1562077200
10074.0,23829.0,answer,32911,32909,1562070471
12099.0,23824.0,answer,32907,32906,1561990635
4847.0,23693.0,answer,32905,32904,1561958945
4847.0,17327.0,answer,32903,32902,1561944538
23805.0,23796.0,answer,32899,32897,1561832612
4847.0,23796.0,answer,32898,32897,1561831373
4847.0,23805.0,answer,32896,32895,1561778142
4847.0,23346.0,answer,32893,32892,1561754330
12099.0,23428.0,answer,32889,32887,1561706409
1090.0,23710.0,answer,32888,32882,1561703382
1090.0,23802.0,answer,32886,32885,1561676762
4847.0,23796.0,answer,32881,32879,1561657395
4847.0,23793.0,answer,32878,32877,1561594272
1090.0,23791.0,answer,32876,32875,1561582173
47615.0,23380.0,answer,45537,32773,1777867489
28283.0,23656.0,answer,37594,32768,1589866438
25663.0,23348.0,answer,34859,32669,1576285475
25508.0,23656.0,answer,34691,32768,1573066265
23805.0,23727.0,answer,33035,32815,1563383215
23833.0,23656.0,answer,32910,32768,1562056543
1090.0,23353.0,answer,32870,32869,1561518723
1090.0,23789.0,answer,32868,32867,1561508475
1161.0,23782.0,answer,32864,32860,1561495819
10074.0,23782.0,answer,32862,32860,1561459230
23520.0,23782.0,answer,32861,32860,1561443032
11300.0,22398.0,answer,32859,32857,1561414069
4847.0,23743.0,answer,32856,32855,1561401549
10074.0,23566.0,answer,32851,32845,1561214033
4847.0,23769.0,answer,32852,32850,1561227093
4847.0,23763.0,answer,32854,32853,1561242709
10074.0,20152.0,answer,32849,32848,1561205833
4847.0,23759.0,answer,32844,32843,1561062321
12099.0,23635.0,answer,32838,32837,1560947712
1090.0,23743.0,answer,32832,32831,1560888023
1090.0,23690.0,answer,32836,32835,1560897153
1090.0,23380.0,answer,32834,32833,1560894895
12099.0,23741.0,answer,32829,32828,1560873246
12099.0,23738.0,answer,32827,32826,1560849972
12099.0,17327.0,answer,32821,32820,1560786213
12099.0,23727.0,answer,32819,32815,1560754640
4847.0,23723.0,answer,32818,32816,1560746116
10074.0,23704.0,answer,32809,32799,1560429577
10074.0,17327.0,answer,32810,32745,1560429966
12099.0,23710.0,answer,32808,32803,1560416433
1090.0,23178.0,answer,32807,32798,1560391635
1090.0,23228.0,answer,32806,32802,1560391543
4847.0,23702.0,answer,32801,32796,1560360282
4847.0,23703.0,answer,32800,32797,1560357353
12099.0,23428.0,answer,32795,32793,1560341167
12099.0,23701.0,answer,32794,32792,1560340734
4847.0,23681.0,answer,32791,32781,1560296122
4847.0,23639.0,answer,32790,32788,1560287998
11300.0,23587.0,answer,32786,32784,1560261753
12099.0,23639.0,answer,32789,32788,1560279961
12099.0,23346.0,answer,32787,32785,1560271987
4847.0,23690.0,answer,32783,32782,1560205648
4847.0,23640.0,answer,32778,32777,1560131399
4847.0,23685.0,answer,32776,32775,1560117653
12099.0,23566.0,answer,32759,32758,1559893531
12099.0,23380.0,answer,32774,32773,1560094617
11300.0,23682.0,answer,32772,32771,1560084626
4847.0,17327.0,answer,32770,32769,1560026864
4847.0,23678.0,answer,32766,32764,1559956508
4847.0,23640.0,answer,32765,32761,1559955839
4847.0,23675.0,answer,32762,32760,1559948856
4847.0,23235.0,answer,32757,32756,1559865626
12099.0,23353.0,answer,32748,32746,1559547072
12099.0,23294.0,answer,32755,32754,1559664901
12099.0,21342.0,answer,32752,32749,1559647742
12099.0,20853.0,answer,32751,32750,1559576405
12099.0,23380.0,answer,32747,32741,1559544180
10074.0,23387.0,answer,32742,32740,1559414068
10074.0,17327.0,answer,32731,32728,1559216417
12099.0,23644.0,answer,32737,32735,1559284463
10074.0,23472.0,answer,32733,32697,1559217352
10074.0,23472.0,answer,32732,32730,1559216564
12099.0,23428.0,answer,32727,32722,1559137161
12099.0,21569.0,answer,32721,32720,1559033572
1090.0,23629.0,answer,32718,32717,1558985920
12099.0,23566.0,answer,32713,32712,1558933610
12099.0,23566.0,answer,32708,32706,1558782552
9609.0,17148.0,answer,32705,32701,1558709003
12099.0,14636.0,answer,32704,32703,1558692963
12099.0,23566.0,answer,32702,32699,1558687753
23353.0,23618.0,answer,32700,32696,1558673850
4847.0,23618.0,answer,32698,32696,1558670348
4847.0,23544.0,answer,32694,32693,1558619484
12099.0,23544.0,answer,32692,32691,1558590149
4847.0,23587.0,answer,32690,32689,1558578118
10074.0,23603.0,answer,32683,32678,1558440947
12099.0,23353.0,answer,32682,32672,1558430477
12099.0,23566.0,answer,32681,32679,1558429303
12099.0,23353.0,answer,32680,32677,1558428005
4847.0,17327.0,answer,32673,32671,1558315538
10074.0,23566.0,answer,32668,32665,1558263520
12099.0,23348.0,answer,32670,32669,1558295165
12099.0,23228.0,answer,32664,32663,1558219290
12099.0,18455.0,answer,32659,32657,1558082560
1090.0,23577.0,answer,32656,32655,1558034632
18455.0,23549.0,answer,32654,32653,1558017580
4847.0,23566.0,answer,32652,32651,1557985474
10074.0,23554.0,answer,32646,32633,1557866051
10074.0,23380.0,answer,32645,32644,1557863219
12099.0,23428.0,answer,32643,32642,1557844096
1090.0,23553.0,answer,32641,32639,1557781140
12099.0,23570.0,answer,32636,32630,1557772229
4847.0,23534.0,answer,32635,32634,1557764960
39838.0,47276.0,comment,46331,45521,1779314438
39838.0,47732.0,comment,46330,45538,1779314168
39838.0,47732.0,comment,46329,45538,1779314043
4847.0,47298.0,comment,46327,45523,1772487842
47298.0,4847.0,comment,46326,45523,1772480697
4847.0,47298.0,comment,46325,45523,1772335372
1090.0,46971.0,comment,46319,45502,1769627237
46840.0,38661.0,comment,46317,45493,1766105304
38661.0,46840.0,comment,46316,45493,1765985128
39838.0,46073.0,comment,46305,45459,1753127871
39838.0,45965.0,comment,46303,45442,1753127410
4847.0,45911.0,comment,46288,45436,1749399923
4847.0,44541.0,comment,46283,45409,1743449486
44325.0,34912.0,comment,46265,45389,1738772043
34912.0,44325.0,comment,46264,45389,1738617826
10074.0,44292.0,comment,46262,45384,1738252678
-1.0,44278.0,comment,46260,45380,1738085298
39838.0,43920.0,comment,46249,45356,1731949299
39838.0,38661.0,comment,46244,45354,1731450060
39838.0,42976.0,comment,46243,45349,1730944115
4847.0,43782.0,comment,46239,45345,1729891171
4847.0,43782.0,comment,46238,45345,1729891124
38661.0,43798.0,comment,46232,45339,1729524374
39838.0,43798.0,comment,46231,45339,1729523872
43798.0,38661.0,comment,46230,45339,1729523554
38661.0,43798.0,comment,46228,45339,1729445947
39838.0,43725.0,comment,46226,45328,1728685199
37553.0,4847.0,comment,46218,45308,1726229385
4847.0,37553.0,comment,46217,45308,1726229189
39838.0,43557.0,comment,46201,45302,1725658505
-1.0,43554.0,comment,46200,45300,1725584722
4847.0,43554.0,comment,46199,45300,1725544438
43484.0,4847.0,comment,46188,45293,1725147989
4847.0,43484.0,comment,46187,45293,1725146373
43509.0,38661.0,comment,46184,45287,1725027234
38661.0,43509.0,comment,46182,45287,1724795327
39838.0,43474.0,comment,46174,45277,1724358246
39838.0,28527.0,comment,46169,45269,1724343901
34912.0,40828.0,comment,46146,45261,1723565480
40828.0,34912.0,comment,46143,45261,1723560021
39838.0,42501.0,comment,46142,45257,1723484231
39838.0,42501.0,comment,46141,45257,1723484163
39838.0,42501.0,comment,46140,45257,1723484003
39838.0,42501.0,comment,46139,45257,1723483648
39838.0,42501.0,comment,46138,45257,1723483270
42501.0,39838.0,comment,46137,45257,1723252298
34912.0,40828.0,comment,46136,45261,1723227483
39838.0,42501.0,comment,46133,45257,1723150567
39838.0,42501.0,comment,46132,45257,1723150522
39838.0,42501.0,comment,46131,45257,1723146911
39838.0,42501.0,comment,46130,45257,1723146734
-1.0,43162.0,comment,46109,45222,1720104812
38661.0,43157.0,comment,46183,45220,1724940523
39838.0,42501.0,comment,46112,45209,1720536771
-1.0,42501.0,comment,46105,45209,1719538196
43075.0,41196.0,comment,46102,45139,1719080761
39838.0,42824.0,comment,46095,45190,1718047932
39838.0,42824.0,comment,46094,45190,1718047847
39838.0,42945.0,comment,46087,45161,1717005899
42945.0,39838.0,comment,46081,45161,1716994953
39838.0,41202.0,comment,46079,45152,1716924688
39838.0,42939.0,comment,46078,45156,1716924547
39838.0,42945.0,comment,46077,45161,1716924220
39838.0,42870.0,comment,46063,45136,1715884433
39838.0,42718.0,comment,46059,45134,1715880514
39838.0,42718.0,comment,46058,45134,1715880459
39838.0,42718.0,comment,46057,45134,1715880398
42718.0,39838.0,comment,46056,45134,1715830736
39838.0,42718.0,comment,46055,45134,1715793437
39838.0,42840.0,comment,46054,45124,1715793279
42840.0,39838.0,comment,46052,45124,1715713104
39838.0,42840.0,comment,46046,45124,1715622782
39838.0,42806.0,comment,46039,45114,1715371870
39838.0,42806.0,comment,46038,45114,1715370822
39838.0,42807.0,comment,46037,45115,1715370410
-1.0,42770.0,comment,46025,45102,1714692610
39838.0,42736.0,comment,46016,45100,1714403693
42742.0,4847.0,comment,46011,45097,1714170359
4847.0,42742.0,comment,46008,45097,1714102046
10074.0,42673.0,comment,45982,45084,1713466992
39838.0,41196.0,comment,45980,45079,1713394929
39838.0,41196.0,comment,45979,45079,1713394407
39838.0,42673.0,comment,45978,45084,1713394295
39838.0,42673.0,comment,45977,45084,1713394204
42442.0,39838.0,comment,45973,45025,1712690217
39838.0,42442.0,comment,45972,45025,1712690154
42442.0,39838.0,comment,45971,45025,1712689810
42442.0,39838.0,comment,45970,45025,1712689777
39838.0,42442.0,comment,45968,45025,1712689306
42442.0,39838.0,comment,45967,45025,1712688718
39838.0,42442.0,comment,45963,45025,1712680422
42442.0,39838.0,comment,45960,45025,1712674743
42606.0,34912.0,comment,45954,45062,1712425131
34912.0,42606.0,comment,45953,45062,1712415157
42442.0,39838.0,comment,45950,45025,1712353377
39838.0,39852.0,comment,45949,45002,1712330809
39838.0,39852.0,comment,45948,45002,1712330796
39838.0,42539.0,comment,45947,45022,1712330737
39838.0,42442.0,comment,45946,45025,1712330694
42442.0,39838.0,comment,45934,45042,1711980604
39838.0,42442.0,comment,45933,45042,1711980251
42442.0,39838.0,comment,45928,45042,1711913719
39838.0,42442.0,comment,45921,45042,1711911130
42442.0,39838.0,comment,45897,45025,1711832757
42442.0,39838.0,comment,45895,45025,1711744166
39838.0,41115.0,comment,45893,45019,1711736136
39838.0,42442.0,comment,45890,45025,1711662264
39838.0,42442.0,comment,45889,45025,1711662214
39838.0,41115.0,comment,45884,45019,1711661741
42442.0,39838.0,comment,45880,45025,1711657457
39838.0,42442.0,comment,45877,45025,1711652392
39838.0,42442.0,comment,45876,45025,1711652271
39838.0,42442.0,comment,45874,44985,1711650158
42442.0,39838.0,comment,45871,45025,1711638939
42442.0,39838.0,comment,45869,44985,1711638514
42442.0,39838.0,comment,45868,45025,1711638370
42442.0,39838.0,comment,45860,45025,1711631777
39838.0,42442.0,comment,45857,45025,1711586692
39838.0,41115.0,comment,45849,45019,1711548256
39838.0,34912.0,comment,45845,45002,1711116433
34912.0,39852.0,comment,45841,45002,1711024858
39838.0,39852.0,comment,45828,45002,1710774837
41036.0,10074.0,comment,45825,44989,1710591820
10074.0,41036.0,comment,45822,44989,1710537461
39838.0,41036.0,comment,45821,44989,1710529604
39838.0,41036.0,comment,45820,44989,1710529298
-1.0,39852.0,comment,45818,44973,1710434639
-1.0,42457.0,comment,45817,44984,1710434626
39838.0,42442.0,comment,45816,44985,1710349807
39838.0,42442.0,comment,45815,44985,1710349788
42442.0,39838.0,comment,45814,44985,1710347362
39838.0,42442.0,comment,45813,44985,1710347295
39838.0,42442.0,comment,45812,44985,1710347261
39838.0,42442.0,comment,45811,44985,1710347176
39838.0,42457.0,comment,45808,44984,1710346737
42450.0,10074.0,comment,45805,44980,1710314904
42442.0,39838.0,comment,45803,44977,1710273813
10074.0,42450.0,comment,45802,44980,1710240450
39838.0,42442.0,comment,45800,44977,1710171801
39838.0,39852.0,comment,45794,44973,1710099800
42442.0,10074.0,comment,45791,44974,1710003266
10074.0,42442.0,comment,45790,44974,1710002259
42381.0,10074.0,comment,45777,44960,1709246048
10074.0,42381.0,comment,45776,44960,1709237456
10074.0,42355.0,comment,45775,44959,1709033802
10074.0,39852.0,comment,44772,44953,1708771143
39852.0,10074.0,comment,44771,44953,1708763910
10074.0,39852.0,comment,44770,44953,1708729207
41315.0,39838.0,comment,44760,44940,1708559881
41315.0,10074.0,comment,44759,44940,1708559794
41304.0,10074.0,comment,44751,44937,1708452089
39838.0,41315.0,comment,44750,44940,1708445928
10074.0,41315.0,comment,44748,44940,1708429835
10074.0,41315.0,comment,44747,44940,1708429696
10074.0,41304.0,comment,44746,44937,1708275698
41304.0,10074.0,comment,44745,44937,1708257782
10074.0,41304.0,comment,44744,44937,1708217127
39838.0,10074.0,comment,44741,44930,1707755999
10074.0,40890.0,comment,44740,44930,1707666802
39838.0,41058.0,comment,44735,44921,1707488935
41058.0,39838.0,comment,44732,44921,1707469442
39838.0,41058.0,comment,44731,44921,1707431418
10074.0,41240.0,comment,44727,44917,1707325759
39838.0,41240.0,comment,44726,44917,1707324473
39838.0,41240.0,comment,44725,44917,1707323167
39838.0,41240.0,comment,44724,44917,1707323046
39838.0,41213.0,comment,44721,44911,1707143563
39838.0,41067.0,comment,44716,44906,1706987798
39838.0,41209.0,comment,44714,44907,1706984235
39838.0,41186.0,comment,44709,44897,1706887907
4847.0,41186.0,comment,44706,44897,1706734802
-1.0,41110.0,comment,44700,44858,1706636990
39838.0,41028.0,comment,44697,44889,1706546326
39838.0,40175.0,comment,44680,44877,1706290824
39838.0,40175.0,comment,44678,44877,1706290497
39838.0,40175.0,comment,44677,44877,1706290408
40175.0,39838.0,comment,44673,44877,1706286147
39838.0,40175.0,comment,44665,44877,1706205091
10074.0,40175.0,comment,44661,44877,1706185082
40175.0,39838.0,comment,44659,44877,1706114402
39838.0,40175.0,comment,44658,44877,1706110375
39838.0,41124.0,comment,44657,44872,1706107789
41124.0,39838.0,comment,44654,44872,1706032784
39838.0,41111.0,comment,44653,44860,1706027189
39838.0,41124.0,comment,44652,44872,1706026709
40385.0,40538.0,comment,45993,44611,1713972340
39838.0,41082.0,comment,44612,44848,1705598865
39838.0,41082.0,comment,44611,44848,1705596825
41082.0,39838.0,comment,44610,44848,1705591343
39838.0,41082.0,comment,44609,44848,1705544985
39838.0,41082.0,comment,44606,44848,1705544738
10074.0,38223.0,comment,44587,44807,1705187800
38223.0,10074.0,comment,44586,44807,1705120405
39838.0,41058.0,comment,44581,44830,1705075451
39838.0,41030.0,comment,44580,44831,1705075429
39838.0,41030.0,comment,44579,44831,1705074513
39838.0,41030.0,comment,44578,44831,1705072113
-1.0,41049.0,comment,44575,44825,1705020741
-1.0,41019.0,comment,44574,44810,1705020708
-1.0,41027.0,comment,44573,44812,1705020652
-1.0,41048.0,comment,44572,44824,1705020640
41030.0,39838.0,comment,44570,44831,1705019235
39838.0,41048.0,comment,44568,44824,1704996726
39838.0,41048.0,comment,44567,44824,1704996652
39838.0,41048.0,comment,44566,44824,1704996560
39838.0,41030.0,comment,44565,44831,1704996440
41005.0,4847.0,comment,44563,44828,1704985191
4847.0,41005.0,comment,44560,44828,1704937667
39838.0,40802.0,comment,44558,44822,1704837527
39838.0,40802.0,comment,44557,44822,1704837149
39838.0,40802.0,comment,44556,44822,1704837031
39838.0,40802.0,comment,44555,44822,1704836866
39838.0,40802.0,comment,44554,44822,1704836738
-1.0,41047.0,comment,44553,44823,1704836564
4847.0,41047.0,comment,44552,44823,1704836177
39838.0,41027.0,comment,44541,44812,1704727510
39838.0,41005.0,comment,44536,44808,1704476007
10074.0,38223.0,comment,44534,44807,1704455592
40073.0,40909.0,comment,44532,44765,1704417108
-1.0,40954.0,comment,44531,44781,1704417074
39838.0,39852.0,comment,44527,44794,1704217772
39838.0,40930.0,comment,44518,44772,1703782437
39838.0,40930.0,comment,44517,44772,1703782335
39838.0,40954.0,comment,44515,44781,1703782217
39838.0,40829.0,comment,44508,44731,1703354365
39838.0,40829.0,comment,44507,44731,1703353731
39838.0,40829.0,comment,44506,44731,1703348184
39838.0,40909.0,comment,44505,44765,1703347779
39838.0,40890.0,comment,44501,44759,1703200525
39838.0,40829.0,comment,44500,44731,1703200238
40829.0,39838.0,comment,44492,44731,1703082168
39838.0,40829.0,comment,44471,44731,1702657801
-1.0,40824.0,comment,44465,44722,1702603692
-1.0,40843.0,comment,44464,44741,1702603654
40073.0,40783.0,comment,44463,44701,1702603645
40544.0,39838.0,comment,44462,44742,1702595236
40829.0,39838.0,comment,44460,44731,1702593505
40829.0,39838.0,comment,44459,44731,1702593294
39838.0,40544.0,comment,44458,44742,1702590729
39838.0,40829.0,comment,44457,44731,1702589952
39838.0,40829.0,comment,44456,44731,1702589890
40829.0,39838.0,comment,44455,44731,1702588271
39838.0,40802.0,comment,44453,44732,1702588212
39838.0,40829.0,comment,44452,44731,1702587909
40829.0,39838.0,comment,44447,44731,1702582998
40802.0,39838.0,comment,44446,44732,1702573916
40802.0,39838.0,comment,44445,44732,1702506401
40784.0,-1.0,comment,44437,44728,1702495788
39838.0,40829.0,comment,44436,44731,1702485264
39838.0,40829.0,comment,44435,44731,1702484918
39838.0,40802.0,comment,44434,44732,1702484081
40802.0,39838.0,comment,44433,44732,1702483785
39838.0,40802.0,comment,44432,44732,1702481993
39838.0,40802.0,comment,44431,44732,1702481906
39838.0,40806.0,comment,44429,44720,1702481685
39838.0,40806.0,comment,44428,44720,1702481657
39838.0,40806.0,comment,44427,44720,1702481258
39838.0,40782.0,comment,44426,44700,1702481156
40802.0,39838.0,comment,44425,44732,1702475775
10074.0,40089.0,comment,44423,44730,1702460838
40806.0,39838.0,comment,44422,44720,1702444948
40782.0,39838.0,comment,44421,44700,1702423315
39838.0,40802.0,comment,44419,44732,1702420397
-1.0,40806.0,comment,44413,44720,1702418825
39838.0,40806.0,comment,44412,44720,1702418819
39838.0,40806.0,comment,44411,44720,1702418796
-1.0,40784.0,comment,44410,44728,1702418641
39838.0,40824.0,comment,44403,44722,1702325294
39838.0,31743.0,comment,44401,44684,1702268911
31743.0,39838.0,comment,44400,44684,1702248983
10074.0,40802.0,comment,44395,44715,1702030117
39838.0,40782.0,comment,44394,44700,1701979863
39838.0,40782.0,comment,44393,44700,1701979801
40782.0,39838.0,comment,44392,44700,1701962180
39838.0,40770.0,comment,44390,44693,1701909751
39838.0,40770.0,comment,44389,44693,1701909677
39838.0,40780.0,comment,44386,44696,1701909442
40770.0,39838.0,comment,44385,44693,1701893012
40780.0,39838.0,comment,44383,44696,1701879564
39838.0,40780.0,comment,44378,44696,1701791840
39838.0,40770.0,comment,44377,44693,1701791757
39838.0,40783.0,comment,44374,44701,1701789180
39838.0,40782.0,comment,44373,44700,1701789148
39838.0,10074.0,comment,44370,44694,1701717539
39838.0,40741.0,comment,44369,44670,1701717093
40741.0,39838.0,comment,44367,44670,1701662728
10074.0,40772.0,comment,44366,44694,1701650973
39838.0,40189.0,comment,44364,44688,1701545384
39838.0,31743.0,comment,44363,44684,1701545122
39838.0,40741.0,comment,44361,44670,1701544929
39838.0,40741.0,comment,44360,44670,1701544827
40189.0,10074.0,comment,44359,44688,1701534772
10074.0,40189.0,comment,44358,44688,1701532130
40741.0,39838.0,comment,44356,44670,1701452584
39838.0,40741.0,comment,44344,44670,1701360357
39838.0,40746.0,comment,44343,44673,1701285936
40728.0,10074.0,comment,44342,44668,1701163137
10074.0,40728.0,comment,44340,44668,1701127856
10074.0,40675.0,comment,44338,44648,1700705387
40675.0,10074.0,comment,44337,44648,1700698586
40675.0,10074.0,comment,44336,44648,1700698545
10074.0,40675.0,comment,44328,44648,1700495838
40675.0,40653.0,comment,44327,44649,1700494785
40653.0,10074.0,comment,44325,44649,1700479110
10074.0,40653.0,comment,44323,44649,1700423832
-1.0,40562.0,comment,44309,44619,1699390420
-1.0,40604.0,comment,44308,44623,1699390370
-1.0,40410.0,comment,44306,44628,1699390308
10074.0,40410.0,comment,44305,44628,1699383800
39838.0,40562.0,comment,44304,44619,1699018754
40519.0,10074.0,comment,44295,44602,1698679518
10074.0,40538.0,comment,44294,44611,1698677212
29807.0,10074.0,comment,44288,44603,1698427731
10074.0,29807.0,comment,44287,44603,1698405856
10074.0,40522.0,comment,44286,44605,1698405713
29807.0,10074.0,comment,44285,44603,1698405666
40073.0,40474.0,comment,44284,44583,1698366548
10074.0,29807.0,comment,44283,44603,1698357740
10074.0,40519.0,comment,44282,44602,1698345265
39838.0,40493.0,comment,44281,44589,1698340647
40493.0,39838.0,comment,44279,44589,1698334251
39838.0,40511.0,comment,44273,44598,1698268576
-1.0,40511.0,comment,44270,44598,1698268099
39838.0,40493.0,comment,44266,44589,1698244192
39838.0,40480.0,comment,44262,44586,1698242853
39838.0,40480.0,comment,44261,44586,1698242081
40480.0,39838.0,comment,44260,44586,1698184250
39838.0,40480.0,comment,44255,44586,1698071744
39838.0,40474.0,comment,44251,44583,1697907578
42980.0,39891.0,comment,46088,44337,1717344014
42587.0,40143.0,comment,45938,44485,1712169953
41097.0,40245.0,comment,44618,44481,1705621994
40792.0,40086.0,comment,44380,44527,1701856249
40622.0,40143.0,comment,44314,44485,1699638173
39838.0,40089.0,comment,44230,44561,1697465970
10074.0,39416.0,comment,44221,44516,1696930559
39416.0,10074.0,comment,44220,44516,1696893524
10074.0,40086.0,comment,44212,44527,1696720092
40086.0,10074.0,comment,44211,44527,1696698002
10074.0,40086.0,comment,44210,44527,1696696908
40086.0,10074.0,comment,44209,44527,1696696619
10074.0,40086.0,comment,44208,44527,1696696095
39838.0,40380.0,comment,44201,44522,1696605657
39838.0,40368.0,comment,44198,44514,1696605191
40385.0,40376.0,comment,44196,44521,1696592156
10074.0,40380.0,comment,44191,44522,1696561689
10074.0,39416.0,comment,44190,44516,1696561071
40368.0,39838.0,comment,44189,44514,1696555826
40073.0,40363.0,comment,44187,44515,1696553154
40073.0,40365.0,comment,44186,44512,1696553072
39416.0,10074.0,comment,44185,44516,1696536826
10074.0,39416.0,comment,44184,44516,1696521181
39838.0,40368.0,comment,44181,44514,1696517958
39838.0,40368.0,comment,44180,44514,1696517035
39838.0,40368.0,comment,44179,44514,1696453206
4847.0,40365.0,comment,44178,44512,1696439056
39838.0,40365.0,comment,44177,44512,1696432497
-1.0,40244.0,comment,44175,44500,1696356467
39838.0,39931.0,comment,44158,44501,1696263471
39838.0,40350.0,comment,44157,44507,1696262141
39838.0,40350.0,comment,44156,44507,1696261826
39838.0,40244.0,comment,44153,44500,1696185247
39838.0,39931.0,comment,44152,44501,1696184234
-1.0,40191.0,comment,44145,44469,1695947136
34912.0,40244.0,comment,44137,44480,1695739539
40245.0,40094.0,comment,44136,44424,1695702318
40094.0,40245.0,comment,44135,44424,1695677326
40245.0,40094.0,comment,44132,44424,1695589189
40094.0,39838.0,comment,44125,44424,1695380927
4847.0,40189.0,comment,44123,44468,1695356190
10074.0,40244.0,comment,44122,44480,1695344041
39838.0,40189.0,comment,44119,44468,1695066067
39838.0,40189.0,comment,44118,44468,1695066036
39838.0,40191.0,comment,44117,44469,1695064854
40132.0,39838.0,comment,44110,44436,1694936357
39838.0,40166.0,comment,44107,44460,1694798021
40170.0,39891.0,comment,44106,44337,1694782075
39838.0,40131.0,comment,44103,44435,1694703372
1596.0,39838.0,comment,44102,44452,1694703177
39838.0,40131.0,comment,44101,44435,1694703155
39838.0,40131.0,comment,44099,44435,1694703028
39838.0,1596.0,comment,44098,44452,1694702854
40131.0,39838.0,comment,44097,44435,1694671121
1596.0,39838.0,comment,44094,44452,1694640610
39838.0,1596.0,comment,44093,44452,1694638911
39838.0,40152.0,comment,44092,44446,1694617132
39838.0,39963.0,comment,44090,44374,1694616699
39838.0,39963.0,comment,44089,44374,1694616596
40152.0,40155.0,comment,44084,44446,1694601603
40155.0,40152.0,comment,44083,44446,1694600696
39963.0,39838.0,comment,44082,44374,1694584102
39963.0,39838.0,comment,44081,44374,1694584028
39838.0,40093.0,comment,44077,44423,1694455082
40093.0,39838.0,comment,44076,44423,1694452507
39838.0,40132.0,comment,44075,44436,1694444341
39838.0,40132.0,comment,44072,44436,1694443465
39838.0,40093.0,comment,44068,44423,1694363354
39838.0,40094.0,comment,44063,44424,1694206632
39838.0,40088.0,comment,44058,44419,1694098503
39838.0,39969.0,comment,44053,44410,1694014553
39838.0,40057.0,comment,44048,44409,1693922159
39838.0,40055.0,comment,44047,44406,1693921973
39838.0,40055.0,comment,44046,44406,1693921950
4847.0,39969.0,comment,44045,44410,1693872447
39838.0,40028.0,comment,44038,44398,1693668269
40036.0,40023.0,comment,44086,44394,1693550816
40030.0,40023.0,comment,44085,44394,1693502875
39838.0,40028.0,comment,44033,44395,1693496649
39838.0,40028.0,comment,44032,44395,1693496571
39838.0,40028.0,comment,44031,44395,1693493602
39838.0,40021.0,comment,44029,44393,1693406699
39838.0,40023.0,comment,44028,44394,1693405899
39838.0,39963.0,comment,44025,44374,1693231054
39963.0,39838.0,comment,44022,44374,1693172847
39838.0,39956.0,comment,44021,44373,1693172396
39838.0,39963.0,comment,44019,44374,1693172093
39838.0,39963.0,comment,44018,44374,1693171767
39838.0,39963.0,comment,44017,44374,1693171717
39963.0,39838.0,comment,44016,44374,1693160514
39838.0,39963.0,comment,44015,44374,1693153415
39963.0,39838.0,comment,44013,44374,1693114302
39838.0,38155.0,comment,44007,44357,1692985746
39838.0,39984.0,comment,44006,44379,1692971179
39838.0,39963.0,comment,44005,44374,1692970634
39963.0,39838.0,comment,44004,44374,1692934451
39838.0,39963.0,comment,44003,44374,1692903100
39963.0,39838.0,comment,44001,44374,1692854490
39952.0,39851.0,comment,44000,44324,1692838835
39838.0,39963.0,comment,43999,44374,1692814496
39838.0,39963.0,comment,43998,44374,1692814410
39838.0,39956.0,comment,43997,44373,1692717411
39838.0,39951.0,comment,43994,44369,1692641709
39838.0,38155.0,comment,43979,44357,1692304300
39838.0,39917.0,comment,43973,44350,1692109018
39838.0,39665.0,comment,43971,44253,1692106844
39838.0,39665.0,comment,43970,44253,1692106792
39665.0,39838.0,comment,43967,44253,1692000959
39871.0,34912.0,comment,43962,44331,1691833938
34912.0,39871.0,comment,43960,44331,1691782259
34912.0,39871.0,comment,43959,44331,1691782076
39891.0,4847.0,comment,43958,44337,1691770251
4847.0,39891.0,comment,43957,44337,1691759560
10074.0,39871.0,comment,43956,44331,1691713184
39871.0,10074.0,comment,43955,44331,1691669168
10074.0,39871.0,comment,43953,44331,1691665768
39838.0,39665.0,comment,43946,44253,1691257484
39838.0,39822.0,comment,43938,44316,1691253437
39790.0,4847.0,comment,43913,44294,1690888942
4847.0,39790.0,comment,43912,44294,1690842565
39838.0,38342.0,comment,44130,44045,1695575583
39838.0,37131.0,comment,43933,44205,1691170576
37131.0,39838.0,comment,43932,44205,1691170189
39838.0,37131.0,comment,43930,44205,1691168084
10074.0,39628.0,comment,43890,44235,1689375874
39628.0,10074.0,comment,43889,44235,1689301718
10074.0,39628.0,comment,43887,44235,1689300433
39597.0,4847.0,comment,43885,44228,1689146433
4847.0,39597.0,comment,43883,44228,1689123114
37131.0,10074.0,comment,43863,44159,1687827426
10074.0,37131.0,comment,43857,44159,1687538259
39404.0,10074.0,comment,43856,44158,1687525619
39404.0,10074.0,comment,43852,44158,1687485276
10074.0,39404.0,comment,43848,44158,1687366495
4847.0,39357.0,comment,43845,44146,1687084362
10074.0,39162.0,comment,43831,44096,1685958475
39132.0,10074.0,comment,43828,43941,1685362018
38994.0,7672.0,comment,43813,44051,1684272923
7672.0,38994.0,comment,43808,44051,1683982031
38672.0,38873.0,comment,43804,43941,1683548228
38661.0,38906.0,comment,43803,44032,1683462473
38661.0,38906.0,comment,43802,44032,1683462409
38910.0,4847.0,comment,43799,44033,1683387069
4847.0,38910.0,comment,43796,44033,1683323232
38910.0,4847.0,comment,43795,44033,1683308906
4847.0,38910.0,comment,43794,44033,1683283807
4847.0,38906.0,comment,43793,44032,1683283703
38873.0,38672.0,comment,43780,43941,1683030163
38612.0,10074.0,comment,43776,44003,1682713014
10074.0,38612.0,comment,43769,44003,1682602532
4847.0,38822.0,comment,43760,43997,1682495007
4847.0,38822.0,comment,43759,43997,1682472197
11300.0,38661.0,comment,43758,43970,1682413244
38661.0,11300.0,comment,43756,43970,1682378128
38661.0,11300.0,comment,43755,43970,1682377842
38661.0,11300.0,comment,43754,43970,1682375832
38155.0,4847.0,comment,43749,43976,1682210117
4847.0,38155.0,comment,43748,43976,1682208382
38661.0,38419.0,comment,43742,43949,1681586859
38672.0,10074.0,comment,43728,43941,1681263984
10074.0,38627.0,comment,43726,43944,1681131718
10074.0,38672.0,comment,43725,43941,1681129859
42634.0,37970.0,comment,45974,43657,1712768880
35600.0,37222.0,comment,44010,43868,1693031600
35600.0,37222.0,comment,44009,43868,1693011318
38158.0,38555.0,comment,43898,43751,1689999147
38668.0,38308.0,comment,43723,43827,1680876681
38661.0,38587.0,comment,43722,43912,1680815472
38555.0,38158.0,comment,43711,43751,1679800760
34912.0,37696.0,comment,43707,43891,1679430446
34912.0,37696.0,comment,43705,43891,1679350719
37696.0,10074.0,comment,43704,43891,1679346386
10074.0,37696.0,comment,43703,43891,1679310584
37696.0,10074.0,comment,43702,43891,1679262456
10074.0,37696.0,comment,43699,43891,1679251683
4847.0,38372.0,comment,43674,43848,1678144766
38282.0,4847.0,comment,43671,43814,1678027760
4847.0,38282.0,comment,43656,43814,1677264744
4847.0,38213.0,comment,43630,43774,1676491175
34912.0,38213.0,comment,43629,43774,1676473160
10074.0,38212.0,comment,43628,43773,1676458688
10074.0,35781.0,comment,43627,43772,1676458379
4847.0,38206.0,comment,43626,43768,1676398696
34912.0,37998.0,comment,43605,43733,1675809915
38129.0,34912.0,comment,43602,43730,1675693579
38129.0,34912.0,comment,43601,43730,1675693011
34912.0,38129.0,comment,43600,43730,1675691453
4847.0,38098.0,comment,43596,43722,1675570600
38098.0,10074.0,comment,43594,43722,1675351248
38098.0,10074.0,comment,43593,43722,1675351159
34912.0,38088.0,comment,43592,43717,1675350867
38088.0,34912.0,comment,43591,43717,1675347036
10074.0,38098.0,comment,43590,43722,1675305250
4847.0,37709.0,comment,43589,43718,1675220670
34912.0,38088.0,comment,43588,43717,1675205527
34912.0,38088.0,comment,43587,43717,1675203200
34912.0,38088.0,comment,43586,43717,1675201769
38039.0,34912.0,comment,43570,43690,1674776543
34912.0,38039.0,comment,43569,43690,1674761178
38021.0,10074.0,comment,43565,43682,1674602359
10074.0,38021.0,comment,43563,43682,1674559530
10074.0,38003.0,comment,43560,43677,1674321633
37970.0,34912.0,comment,43556,43657,1674265675
37982.0,4847.0,comment,43551,43666,1674214592
37982.0,4847.0,comment,43550,43666,1674214169
34912.0,37970.0,comment,43547,43657,1674147215
37970.0,10074.0,comment,43546,43657,1674143067
10074.0,37970.0,comment,43543,43657,1674125929
4847.0,37982.0,comment,43542,43666,1674106285
37970.0,10074.0,comment,43541,43657,1674098973
10074.0,37970.0,comment,43530,43657,1674043136
37960.0,4847.0,comment,43529,43653,1674030164
4847.0,37960.0,comment,43528,43653,1674025461
37960.0,4847.0,comment,43527,43653,1674021099
4847.0,37960.0,comment,43525,43653,1674000503
37848.0,10074.0,comment,43524,43652,1673985391
10074.0,37848.0,comment,43522,43652,1673978163
37848.0,10074.0,comment,43519,43652,1673965111
37848.0,10074.0,comment,43518,43652,1673964879
10074.0,37848.0,comment,43517,43652,1673963609
37848.0,10074.0,comment,43516,43652,1673960449
37848.0,10074.0,comment,43515,43652,1673959493
10074.0,37848.0,comment,43514,43652,1673957081
39838.0,34027.0,comment,44758,43392,1708535159
39827.0,37803.0,comment,43918,43572,1691048142
39827.0,37803.0,comment,43917,43572,1691048111
37131.0,4847.0,comment,43851,43629,1687442987
4847.0,37131.0,comment,43850,43629,1687394337
37131.0,4847.0,comment,43849,43629,1687394024
37131.0,4847.0,comment,43673,43629,1678140005
37131.0,4847.0,comment,43672,43629,1678139756
4847.0,37131.0,comment,43665,43629,1677709159
37131.0,4847.0,comment,43664,43629,1677708402
37980.0,37763.0,comment,43583,43626,1675088132
37763.0,37980.0,comment,43575,43626,1674850104
37980.0,37763.0,comment,43536,43626,1674081026
34912.0,36479.0,comment,43505,43608,1673542382
37908.0,37131.0,comment,43504,43623,1673479834
10074.0,37900.0,comment,43503,43632,1673440488
4847.0,37131.0,comment,43501,43629,1673393923
10074.0,37131.0,comment,43498,43623,1673302885
10074.0,36479.0,comment,43489,43608,1672938513
10074.0,37695.0,comment,43480,43594,1672689461
37425.0,37484.0,comment,43466,43359,1672354624
37810.0,10074.0,comment,43463,43576,1672314155
10074.0,37810.0,comment,43462,43576,1672275338
10074.0,37743.0,comment,43452,43528,1671911688
37743.0,10074.0,comment,43451,43528,1671893229
37780.0,37776.0,comment,43448,43552,1671831610
37780.0,37776.0,comment,43447,43552,1671831581
37780.0,37776.0,comment,43446,43552,1671831518
10074.0,37743.0,comment,43429,43528,1671552351
37669.0,4847.0,comment,43422,43499,1671128675
4847.0,37669.0,comment,43421,43499,1671078045
37669.0,4847.0,comment,43415,43499,1670933436
4847.0,37669.0,comment,43410,43499,1670883351
10074.0,37550.0,comment,43381,43442,1670088144
28527.0,10074.0,comment,43371,43418,1669514270
28527.0,10074.0,comment,43370,43418,1669514266
10074.0,28527.0,comment,43369,43418,1669513471
37484.0,37425.0,comment,43349,43359,1668917861
37420.0,10074.0,comment,43344,43374,1668798780
10074.0,37420.0,comment,43341,43374,1668724946
37420.0,10074.0,comment,43337,43356,1668521868
10074.0,37420.0,comment,43332,43356,1668463404
37420.0,10074.0,comment,43329,43356,1668428247
10074.0,37420.0,comment,43328,43356,1668427954
10074.0,37420.0,comment,43326,43356,1668383082
10074.0,37415.0,comment,43325,43355,1668356625
7672.0,36904.0,comment,43654,43175,1677116370
37669.0,36622.0,comment,43407,43056,1670864271
37484.0,37320.0,comment,43350,43329,1668918281
37484.0,37349.0,comment,43348,43338,1668917359
37400.0,10074.0,comment,43327,43353,1668385349
10074.0,37400.0,comment,43320,43353,1668254173
37349.0,10074.0,comment,43314,43338,1668045511
10074.0,37349.0,comment,43311,43338,1667833580
10074.0,37320.0,comment,43305,43329,1667645375
37326.0,4847.0,comment,43301,43330,1667627998
4847.0,37320.0,comment,43300,43329,1667595608
4847.0,37326.0,comment,43299,43330,1667593813
10074.0,37307.0,comment,43292,43318,1667471556
4847.0,37274.0,comment,43282,43308,1667186259
37131.0,37134.0,comment,43262,43258,1666376658
37134.0,37131.0,comment,43261,43258,1666310025
4847.0,37159.0,comment,43259,43275,1666225970
4847.0,37100.0,comment,43242,43244,1665697730
10074.0,37100.0,comment,43237,43244,1665568220
10074.0,37081.0,comment,43234,43236,1665353095
-1.0,37019.0,comment,43230,43221,1665167107
4847.0,37019.0,comment,43223,43221,1664744651
36990.0,10074.0,comment,43218,43212,1664509005
10074.0,36990.0,comment,43216,43212,1664483665
10074.0,36942.0,comment,43204,43187,1664045844
36942.0,10074.0,comment,43203,43187,1664041578
10074.0,36942.0,comment,43202,43187,1664040275
36942.0,10074.0,comment,43201,43187,1664029939
10074.0,36942.0,comment,43200,43187,1664018443
36836.0,34912.0,comment,43196,43154,1663796529
10074.0,36906.0,comment,43195,43176,1663763649
4847.0,36906.0,comment,43194,43176,1663700131
10074.0,36904.0,comment,43193,43175,1663689859
34912.0,36836.0,comment,43191,43154,1663440554
36778.0,34912.0,comment,43185,43133,1662988571
34912.0,10074.0,comment,43184,43133,1662987972
10074.0,36778.0,comment,43171,43133,1662545266
36479.0,10074.0,comment,43169,43120,1662394322
10074.0,36479.0,comment,43167,43120,1662385104
36744.0,10074.0,comment,43164,43114,1662340526
36744.0,10074.0,comment,43163,43114,1662333900
36748.0,10074.0,comment,43162,43115,1662319928
10074.0,36744.0,comment,43161,43114,1662241842
10074.0,36748.0,comment,43160,43115,1662241047
36661.0,10074.0,comment,43157,43089,1661978283
36700.0,4847.0,comment,43151,43091,1661820548
4847.0,36700.0,comment,43145,43091,1661761160
10074.0,36661.0,comment,43144,43089,1661725519
36682.0,10074.0,comment,43141,43084,1661680757
10074.0,36682.0,comment,43140,43084,1661658387
36632.0,36622.0,comment,43112,43056,1661007088
36604.0,10074.0,comment,43111,43044,1660959851
10074.0,36604.0,comment,43106,43044,1660817907
36595.0,10074.0,comment,43101,43040,1660697414
10074.0,36595.0,comment,43100,43040,1660696539
39945.0,39498.0,comment,43991,42805,1692424938
39498.0,35222.0,comment,43868,42805,1688179597
38661.0,35866.0,comment,43801,42738,1683422861
37780.0,36582.0,comment,43450,43033,1671832153
37780.0,36582.0,comment,43449,43033,1671832104
36554.0,28527.0,comment,43154,43024,1661840117
34945.0,36705.0,comment,43153,43035,1661824553
34945.0,36705.0,comment,43152,43035,1661824013
36705.0,34945.0,comment,43148,43035,1661808539
36554.0,10074.0,comment,43107,43012,1660826549
36582.0,10074.0,comment,43104,43033,1660791068
10074.0,36554.0,comment,43098,43012,1660665419
36554.0,10074.0,comment,43096,43012,1660639766
10074.0,36582.0,comment,43095,43033,1660608934
10074.0,36554.0,comment,43091,43012,1660510048
10074.0,36547.0,comment,43083,43008,1660219620
35630.0,10074.0,comment,43040,42894,1658270406
35630.0,10074.0,comment,43038,42894,1658175749
36317.0,4847.0,comment,43034,42923,1658070620
10074.0,35630.0,comment,43032,42894,1658000020
35630.0,10074.0,comment,43029,42894,1657983875
4847.0,36317.0,comment,43025,42923,1657948497
36317.0,4847.0,comment,43024,42923,1657929942
4847.0,36317.0,comment,43023,42923,1657929356
4847.0,36317.0,comment,43021,42923,1657925183
28527.0,10074.0,comment,43020,42922,1657918023
10074.0,28527.0,comment,43019,42922,1657917658
10074.0,36306.0,comment,43017,42916,1657880926
36306.0,10074.0,comment,43014,42916,1657827318
10074.0,36306.0,comment,43013,42916,1657826132
10074.0,35630.0,comment,43004,42894,1657557968
36265.0,4847.0,comment,43000,42891,1657514854
4847.0,36265.0,comment,42999,42891,1657492282
35864.0,36065.0,comment,42962,42737,1655454484
36065.0,35864.0,comment,42955,42737,1655285750
36013.0,4847.0,comment,42945,42793,1654846635
4847.0,36013.0,comment,42944,42793,1654841100
35955.0,4847.0,comment,42937,42769,1654402603
4847.0,35955.0,comment,42936,42769,1654380700
35955.0,4847.0,comment,42935,42769,1654367335
4847.0,35955.0,comment,42930,42769,1654291926
35928.0,35944.0,comment,42923,42758,1654185028
35928.0,35944.0,comment,42922,42758,1654183318
35944.0,35928.0,comment,42919,42758,1654129673
35899.0,10074.0,comment,42916,42748,1653893922
35899.0,10074.0,comment,42915,42748,1653883585
10074.0,35899.0,comment,42912,42748,1653853384
38481.0,35286.0,comment,43700,42513,1679258870
36634.0,35698.0,comment,43115,42661,1661074497
36282.0,35537.0,comment,43006,42600,1657595603
34912.0,34518.0,comment,42889,42680,1652199654
35706.0,4847.0,comment,42884,42667,1651816454
35706.0,4847.0,comment,42883,42667,1651816346
4847.0,35706.0,comment,42882,42667,1651814962
35698.0,34912.0,comment,42881,42661,1651766979
35698.0,34912.0,comment,42880,42661,1651765393
35698.0,34912.0,comment,42879,42661,1651764449
34912.0,35698.0,comment,42878,42661,1651759435
35689.0,35602.0,comment,42872,42624,1651535511
10074.0,35612.0,comment,42862,42629,1650474416
26193.0,35345.0,comment,42860,42627,1650371980
4847.0,35583.0,comment,42855,42619,1650054677
4847.0,35537.0,comment,42842,42600,1649218192
1090.0,35537.0,comment,42841,42600,1649209314
35268.0,10074.0,comment,42839,42589,1648851888
10074.0,35268.0,comment,42838,42589,1648847145
35268.0,10074.0,comment,42837,42589,1648847023
10074.0,35268.0,comment,42836,42589,1648846837
35488.0,4847.0,comment,42830,42582,1648614969
4847.0,35488.0,comment,42829,42582,1648591714
35452.0,4847.0,comment,42825,42569,1648109220
10074.0,35439.0,comment,42823,42567,1648077684
4847.0,35452.0,comment,42822,42569,1648069978
23988.0,35404.0,comment,42817,42549,1647421833
10074.0,35355.0,comment,42808,42531,1646737387
10074.0,35355.0,comment,42807,42531,1646737306
34912.0,32610.0,comment,42806,42527,1646660451
10074.0,35350.0,comment,42805,42529,1646595896
10074.0,35349.0,comment,42804,42528,1646595462
10074.0,32610.0,comment,42803,42527,1646476054
35052.0,10074.0,comment,42802,42523,1646229696
10074.0,35052.0,comment,42801,42523,1646220258
34945.0,10074.0,comment,42785,42503,1645409663
10074.0,34945.0,comment,42784,42503,1645390311
34945.0,10074.0,comment,42783,42503,1645379512
10074.0,34945.0,comment,42782,42503,1645350037
10074.0,35222.0,comment,42777,42488,1644941516
35212.0,23988.0,comment,42772,42477,1644861080
23988.0,35212.0,comment,42767,42477,1644829026
35198.0,35195.0,comment,42763,42466,1644512679
10074.0,35158.0,comment,42757,42433,1644164078
35158.0,10074.0,comment,42756,42433,1644161823
10074.0,35158.0,comment,42754,42433,1644056286
39838.0,34538.0,comment,43925,42141,1691163581
25723.0,34552.0,comment,43577,42175,1675010171
35958.0,35017.0,comment,43240,42335,1665632754
35920.0,35038.0,comment,42917,42353,1653973865
34945.0,23988.0,comment,42755,42398,1644117615
35111.0,10074.0,comment,42746,42406,1643439474
23988.0,34945.0,comment,42745,42398,1643397306
10074.0,35111.0,comment,42743,42406,1643367608
35089.0,10074.0,comment,42728,42393,1643142723
10074.0,35089.0,comment,42727,42393,1643141906
32327.0,10074.0,comment,42695,42330,1642032739
10074.0,32327.0,comment,42694,42330,1641985161
28531.0,34923.0,comment,42688,42305,1641475005
34912.0,34715.0,comment,42687,42217,1641393883
34715.0,34912.0,comment,42685,42217,1641375408
4847.0,32610.0,comment,42681,42307,1641179133
4847.0,34923.0,comment,42680,42305,1641179049
10074.0,32610.0,comment,42678,42307,1641157294
10074.0,34002.0,comment,42677,42309,1641157079
32928.0,34912.0,comment,42671,42291,1641126746
32928.0,34912.0,comment,42669,42291,1641039476
34912.0,32928.0,comment,42667,42291,1640996919
32928.0,34912.0,comment,42666,42291,1640990254
32928.0,34912.0,comment,42664,42291,1640989704
34912.0,34715.0,comment,42663,42217,1640966507
34912.0,32928.0,comment,42660,42291,1640906376
34912.0,32928.0,comment,42659,42291,1640898413
10074.0,34811.0,comment,42633,42231,1639605039
34552.0,10074.0,comment,42608,42175,1637887551
10074.0,34552.0,comment,42605,42175,1637784551
28531.0,34637.0,comment,42601,42144,1637309005
28531.0,34642.0,comment,42600,42148,1637308628
10074.0,34381.0,comment,42596,42153,1636906851
4847.0,34642.0,comment,42593,42148,1636674491
40792.0,34619.0,comment,44379,42128,1701853918
34945.0,34518.0,comment,43066,42059,1659486295
35818.0,34619.0,comment,42900,42128,1653050760
35066.0,34254.0,comment,42718,42050,1642683656
34619.0,10074.0,comment,42590,42130,1636501020
10074.0,34619.0,comment,42589,42130,1636460529
34619.0,10074.0,comment,42588,42128,1636409927
10074.0,34619.0,comment,42587,42128,1636407497
34619.0,10074.0,comment,42586,42128,1636396415
10074.0,34619.0,comment,42585,42128,1636391380
28531.0,10074.0,comment,42579,42075,1636094898
10074.0,28531.0,comment,42574,42075,1635966727
28531.0,34550.0,comment,42563,42075,1635780267
34574.0,34570.0,comment,42562,42097,1635677494
34574.0,34002.0,comment,42561,42085,1635676837
34550.0,28531.0,comment,42560,42075,1635618294
28531.0,34538.0,comment,42554,42065,1635526409
28531.0,34550.0,comment,42553,42075,1635526180
28531.0,34550.0,comment,42552,42075,1635525940
34559.0,4847.0,comment,42549,42080,1635467807
4847.0,34002.0,comment,42544,42085,1635456785
4847.0,34559.0,comment,42543,42080,1635446130
34551.0,10074.0,comment,42539,42076,1635341477
10074.0,34551.0,comment,42537,42076,1635330785
4847.0,34538.0,comment,42528,42065,1635152676
10074.0,34254.0,comment,42525,42050,1634845001
-1.0,34278.0,comment,42524,42035,1634810591
23988.0,34447.0,comment,42523,42034,1634810151
34454.0,4847.0,comment,42518,42039,1634665434
4847.0,34454.0,comment,42512,42039,1634379050
4847.0,34278.0,comment,42504,42035,1634258472
28531.0,34396.0,comment,42487,41997,1633943737
34396.0,32678.0,comment,42486,41997,1633941742
32678.0,34361.0,comment,42478,41995,1633831206
32678.0,34396.0,comment,42477,41997,1633830942
32678.0,34409.0,comment,42476,42005,1633827142
34361.0,10074.0,comment,42470,41995,1633691424
10074.0,34361.0,comment,42469,41995,1633611806
10074.0,32327.0,comment,42449,41972,1633093159
34300.0,32678.0,comment,42441,41947,1632594675
32678.0,34300.0,comment,42440,41947,1632587961
10074.0,31584.0,comment,42428,41927,1632177798
4847.0,34258.0,comment,42420,41917,1631867659
34228.0,10074.0,comment,42415,41901,1631495689
34228.0,10074.0,comment,42412,41901,1631494328
10074.0,34228.0,comment,42408,41901,1631481688
34216.0,10074.0,comment,42403,41892,1631284600
10074.0,34216.0,comment,42401,41892,1631277267
34189.0,10074.0,comment,42392,41879,1631122043
34198.0,10074.0,comment,42391,41887,1631051260
10074.0,34198.0,comment,42390,41887,1631048678
34198.0,10074.0,comment,42389,41887,1631045408
10074.0,34198.0,comment,42388,41887,1631045037
32873.0,34189.0,comment,42381,41879,1630942977
10074.0,34189.0,comment,42380,41879,1630942785
34178.0,10074.0,comment,42379,41875,1630859437
10074.0,34178.0,comment,42378,41875,1630853856
34178.0,10074.0,comment,42377,41875,1630845348
10074.0,34178.0,comment,42376,41875,1630839631
34151.0,34145.0,comment,42366,41858,1630452192
4847.0,34145.0,comment,42364,41858,1630445491
43351.0,32889.0,comment,46128,41668,1722534789
40177.0,26184.0,comment,44113,41635,1694960365
34099.0,10074.0,comment,42357,41842,1629955369
10074.0,34099.0,comment,42355,41842,1629916622
4847.0,34095.0,comment,42352,41839,1629781012
4847.0,34095.0,comment,42351,41839,1629780848
34054.0,31598.0,comment,42340,41824,1629199463
31598.0,34054.0,comment,42339,41824,1629196681
32676.0,32943.0,comment,42333,41764,1628858407
1090.0,34036.0,comment,42329,41809,1628813851
31598.0,34036.0,comment,42328,41809,1628796956
4847.0,10074.0,comment,42327,41808,1628776819
10074.0,34034.0,comment,42326,41808,1628776335
10074.0,33976.0,comment,42324,41801,1628704903
10074.0,32894.0,comment,42321,41800,1628686543
4847.0,33976.0,comment,42320,41801,1628683607
34014.0,10074.0,comment,42307,41787,1628451541
10074.0,34014.0,comment,42305,41787,1628438107
32943.0,32676.0,comment,42296,41764,1628416122
14028.0,32886.0,comment,42281,41666,1628289663
31598.0,32327.0,comment,42279,41713,1628253217
10074.0,32956.0,comment,42272,41739,1627840701
32956.0,10074.0,comment,42269,41739,1627831088
10074.0,32956.0,comment,42263,41739,1627662267
31598.0,33965.0,comment,42262,41748,1627657003
32956.0,10074.0,comment,42261,41739,1627652123
10074.0,32956.0,comment,42260,41739,1627642956
32197.0,32824.0,comment,42257,41631,1627606535
10074.0,31895.0,comment,42239,41718,1627126886
4847.0,31584.0,comment,42199,41672,1626411592
1090.0,10074.0,comment,42198,41667,1626390721
10074.0,32888.0,comment,42197,41667,1626368066
32873.0,32871.0,comment,42192,41651,1626273210
32871.0,32873.0,comment,42191,41651,1626269486
32873.0,31598.0,comment,42188,41650,1626216186
32873.0,31598.0,comment,42187,41650,1626214758
32873.0,31598.0,comment,42186,41650,1626207591
31598.0,32873.0,comment,42185,41650,1626206998
32873.0,32871.0,comment,42184,41651,1626205037
32808.0,10074.0,comment,42181,41622,1625758053
10074.0,32808.0,comment,42175,41622,1625325094
32808.0,10074.0,comment,42174,41622,1625259749
10074.0,32808.0,comment,42173,41622,1625251369
42976.0,32709.0,comment,46106,41537,1719716190
32744.0,10074.0,comment,42137,41566,1624366955
4847.0,27453.0,comment,42136,41563,1624348596
27453.0,4847.0,comment,42135,41563,1624346613
10074.0,32744.0,comment,42132,41566,1624301766
4847.0,27453.0,comment,42127,41563,1624244671
32620.0,10074.0,comment,42082,41469,1623137488
32610.0,4847.0,comment,42079,41477,1623079206
32610.0,4847.0,comment,42078,41482,1623071033
32610.0,4847.0,comment,42076,41477,1623059227
32610.0,4847.0,comment,42075,41482,1623059034
4847.0,32610.0,comment,42074,41482,1623031718
4847.0,32610.0,comment,42073,41477,1623021712
32610.0,4847.0,comment,42068,41477,1622949764
4847.0,32610.0,comment,42067,41477,1622932896
10074.0,32620.0,comment,42056,41469,1622840653
32610.0,31598.0,comment,42049,41459,1622804671
32610.0,31598.0,comment,42048,41459,1622804566
31598.0,32610.0,comment,42047,41459,1622801353
32610.0,31598.0,comment,42046,41459,1622797408
31598.0,32610.0,comment,41037,41459,1622736998
32610.0,31598.0,comment,41034,41459,1622732176
32610.0,31598.0,comment,41033,41459,1622730358
31598.0,32610.0,comment,41032,41459,1622727841
32363.0,28078.0,comment,41031,41457,1622726347
28078.0,32363.0,comment,41029,41457,1622718388
11300.0,32419.0,comment,41017,41436,1622329128
32548.0,10074.0,comment,40996,41408,1622044900
10074.0,32548.0,comment,40994,41408,1622029544
31739.0,28078.0,comment,40987,41403,1621944964
28078.0,31739.0,comment,40984,41403,1621941589
10074.0,32341.0,comment,40938,41321,1620246459
28078.0,32341.0,comment,40936,41321,1620232010
32417.0,4847.0,comment,40932,41317,1620200939
4847.0,32416.0,comment,40930,41315,1620169440
4847.0,32417.0,comment,40929,41317,1620168900
23988.0,32416.0,comment,40928,41315,1620132581
30970.0,10074.0,comment,40923,41295,1619992932
10074.0,30970.0,comment,40918,41295,1619870833
30970.0,10074.0,comment,40914,41295,1619810317
10074.0,30970.0,comment,40913,41295,1619789638
32085.0,32145.0,comment,40896,41281,1619500881
32085.0,32344.0,comment,40893,41275,1619439942
32341.0,32085.0,comment,40892,41273,1619433064
32085.0,32341.0,comment,40891,41273,1619428993
32341.0,32085.0,comment,40890,41273,1619424792
32085.0,32341.0,comment,40889,41273,1619424270
32085.0,32145.0,comment,40880,41260,1619326883
32294.0,31897.0,comment,40834,41232,1618887677
31897.0,32294.0,comment,40833,41232,1618861360
28078.0,29563.0,comment,40813,41213,1618464276
32137.0,31598.0,comment,40812,41095,1618452107
4847.0,32221.0,comment,40810,41204,1618436290
32221.0,31598.0,comment,40797,41208,1618355309
31598.0,32221.0,comment,40795,41208,1618354751
10074.0,32221.0,comment,40791,41204,1618314801
31598.0,32137.0,comment,40788,41095,1618280795
32137.0,31598.0,comment,40787,41095,1618280146
32110.0,32085.0,comment,40768,41172,1618166068
32085.0,32110.0,comment,40760,41172,1618162821
32245.0,31897.0,comment,40756,41179,1618135972
31897.0,32245.0,comment,40754,41179,1618099236
28078.0,32246.0,comment,40753,41180,1618053160
10074.0,31972.0,comment,40752,41170,1617998506
31972.0,10074.0,comment,40747,41170,1617987661
10074.0,31972.0,comment,40746,41170,1617966967
31598.0,32002.0,comment,40740,41159,1617806852
31897.0,31432.0,comment,40736,41150,1617755389
32189.0,28078.0,comment,40729,41142,1617633418
28078.0,32189.0,comment,40728,41142,1617620631
32186.0,28078.0,comment,40724,41141,1617546268
28078.0,32186.0,comment,40723,41141,1617546219
31598.0,32137.0,comment,40703,41095,1617231886
32137.0,31598.0,comment,40702,41095,1617230612
28078.0,31716.0,comment,40700,41106,1617196531
31716.0,28078.0,comment,40699,41106,1617181906
28078.0,31716.0,comment,40698,41106,1617180669
31897.0,32137.0,comment,40697,41095,1617156561
32137.0,31598.0,comment,40691,41095,1617077369
4847.0,32137.0,comment,40689,41095,1617064869
31598.0,32137.0,comment,40688,41095,1617064804
31598.0,32002.0,comment,40675,41036,1616775820
31072.0,28078.0,comment,40667,41067,1616692361
28078.0,31072.0,comment,40666,41067,1616687111
10074.0,32046.0,comment,40664,41061,1616580919
28078.0,32046.0,comment,40663,41061,1616574141
31716.0,28078.0,comment,40610,41031,1616142042
31792.0,28078.0,comment,40603,41034,1616089883
28078.0,31792.0,comment,40602,41034,1616080654
31072.0,28078.0,comment,40601,41033,1616079010
28078.0,31716.0,comment,40596,41031,1616074681
28078.0,31072.0,comment,40595,41033,1616074652
32064.0,28078.0,comment,40594,41021,1616064817
28078.0,32064.0,comment,40589,41021,1616045708
31598.0,32066.0,comment,40588,41024,1616019872
32046.0,10074.0,comment,40577,41002,1615837789
10074.0,32046.0,comment,40575,41002,1615806404
32011.0,4847.0,comment,40573,41004,1615800839
4847.0,32011.0,comment,40572,41004,1615800705
32011.0,4847.0,comment,40571,41004,1615799762
4847.0,32011.0,comment,40570,41004,1615798420
10074.0,31996.0,comment,40568,40993,1615745002
31996.0,10074.0,comment,40564,40993,1615705613
10074.0,31996.0,comment,40563,40993,1615692493
31598.0,31996.0,comment,40556,40967,1615470651
4847.0,32011.0,comment,40554,40959,1615440803
31598.0,32011.0,comment,40550,40959,1615409602
31598.0,32002.0,comment,40542,40948,1615215648
32002.0,31598.0,comment,40541,40948,1615207037
31598.0,32002.0,comment,40540,40948,1615205437
1090.0,31998.0,comment,40537,40940,1615176127
10074.0,31998.0,comment,40533,40940,1615121358
31691.0,28078.0,comment,40523,40925,1614872487
28078.0,31691.0,comment,40522,40925,1614866229
31895.0,1090.0,comment,40507,40904,1614737864
1090.0,31895.0,comment,40504,40904,1614721671
31895.0,31598.0,comment,40496,40900,1614641896
31895.0,31598.0,comment,40495,40900,1614631409
31895.0,31598.0,comment,40494,40900,1614631327
31895.0,31598.0,comment,40493,40900,1614630169
31895.0,31598.0,comment,40492,40900,1614629522
31598.0,31895.0,comment,40491,40900,1614628700
31895.0,31598.0,comment,40474,40864,1614378809
31895.0,31598.0,comment,40473,40864,1614378764
31063.0,31598.0,comment,40469,40878,1614356940
31598.0,31063.0,comment,40468,40878,1614356783
31598.0,31895.0,comment,40462,40864,1614292043
31906.0,1090.0,comment,40442,40828,1613859171
1090.0,31906.0,comment,40438,40828,1613797937
31875.0,31598.0,comment,40435,40805,1613753845
31716.0,31598.0,comment,40433,40823,1613747198
31716.0,31598.0,comment,40432,40823,1613746936
31598.0,31716.0,comment,40431,40823,1613737705
31598.0,31875.0,comment,40430,40805,1613672066
31105.0,28078.0,comment,40424,40814,1613610926
28078.0,31105.0,comment,40423,40814,1613571654
31776.0,28078.0,comment,40409,40803,1613394977
28078.0,31776.0,comment,40408,40803,1613389883
31501.0,31596.0,comment,40396,40787,1613118537
31596.0,31501.0,comment,40395,40787,1613118397
31598.0,27821.0,comment,40391,40779,1612980812
31837.0,31598.0,comment,40386,40771,1612810493
31598.0,31837.0,comment,40385,40771,1612808837
10074.0,31834.0,comment,40384,40767,1612753202
31834.0,31598.0,comment,40383,40767,1612733849
31598.0,31834.0,comment,40382,40767,1612733573
1090.0,10074.0,comment,40380,40760,1612674918
31779.0,10074.0,comment,40379,40759,1612664314
31779.0,4847.0,comment,40378,40759,1612664267
10074.0,31317.0,comment,40377,40760,1612628438
10074.0,31779.0,comment,40376,40759,1612612590
4847.0,31779.0,comment,40374,40759,1612603363
31598.0,31811.0,comment,40366,40751,1612461578
19863.0,10074.0,comment,40365,40749,1612459922
19863.0,10074.0,comment,40364,40749,1612459524
10074.0,19863.0,comment,40363,40749,1612455438
37707.0,31561.0,comment,43425,40506,1671197155
32110.0,31792.0,comment,40668,40737,1616750511
20307.0,29569.0,comment,40444,40573,1613895469
29569.0,20307.0,comment,40437,40573,1613765189
28924.0,28078.0,comment,40400,40504,1613139746
28924.0,28078.0,comment,40399,40504,1613139518
31596.0,31792.0,comment,40397,40737,1613124235
31790.0,10074.0,comment,40362,40738,1612342021
10074.0,31790.0,comment,40359,40738,1612310916
31790.0,10074.0,comment,40358,40738,1612297234
10074.0,31792.0,comment,40357,40737,1612295936
10074.0,31790.0,comment,40356,40738,1612295784
31790.0,10074.0,comment,40353,40738,1612274321
31792.0,10074.0,comment,40351,40737,1612264955
10074.0,31790.0,comment,40343,40738,1612230616
10074.0,31792.0,comment,40342,40737,1612228158
31792.0,10074.0,comment,40341,40737,1612212317
31598.0,31696.0,comment,40333,40728,1612094544
31775.0,4847.0,comment,40326,40723,1612042514
31775.0,4847.0,comment,40325,40723,1612042011
4847.0,31775.0,comment,40324,40723,1612035436
31716.0,10074.0,comment,40317,40700,1611932668
10074.0,31716.0,comment,40296,40700,1611843834
31225.0,28078.0,comment,40265,40680,1611489008
28078.0,31225.0,comment,40264,40680,1611487015
31326.0,31704.0,comment,40258,40675,1611408317
31704.0,31326.0,comment,40252,40675,1611398833
31679.0,10074.0,comment,40249,40653,1611326676
10074.0,31679.0,comment,40244,40653,1611265740
28078.0,31692.0,comment,40237,40654,1611159844
31598.0,31674.0,comment,40222,40644,1610932574
31598.0,31610.0,comment,40210,40620,1610806476
31598.0,31574.0,comment,40194,40514,1610580701
10074.0,31517.0,comment,40177,40574,1610222291
4847.0,31534.0,comment,40122,40532,1609902308
31581.0,28078.0,comment,40119,40521,1609834927
28078.0,31581.0,comment,40116,40521,1609819952
28924.0,28078.0,comment,40112,40504,1609751458
28078.0,28924.0,comment,40111,40504,1609749652
28924.0,28078.0,comment,40109,40504,1609741155
28078.0,28924.0,comment,40106,40504,1609693936
28924.0,28078.0,comment,40105,40504,1609691428
28078.0,28924.0,comment,40101,40504,1609653298
31534.0,31333.0,comment,40098,40495,1609591554
31533.0,28078.0,comment,40096,40487,1609523531
40056.0,31105.0,comment,44044,40356,1693803319
4847.0,31216.0,comment,43069,40201,1623882837
32543.0,31216.0,comment,43068,40201,1621950372
31928.0,31360.0,comment,40451,40396,1614043505
31928.0,31360.0,comment,40450,40396,1614043467
10074.0,31072.0,comment,40077,40463,1609328924
31368.0,31465.0,comment,40064,40421,1608989351
28664.0,10074.0,comment,40062,40440,1608979317
28664.0,10074.0,comment,40060,40440,1608929513
10074.0,28664.0,comment,40059,40440,1608928167
10074.0,31465.0,comment,40055,40421,1608811947
31465.0,10074.0,comment,40053,40421,1608773389
10074.0,31465.0,comment,40048,40421,1608727294
31216.0,10074.0,comment,40045,40416,1608585723
10074.0,31216.0,comment,40044,40416,1608582549
31216.0,10074.0,comment,40043,40416,1608581983
10074.0,31216.0,comment,40041,40416,1608580889
31216.0,10074.0,comment,40039,40416,1608579826
31216.0,10074.0,comment,40037,40416,1608578877
10074.0,31216.0,comment,40035,40416,1608564253
31216.0,10074.0,comment,40034,40416,1608562915
31216.0,10074.0,comment,40033,40416,1608562691
10074.0,31216.0,comment,40032,40416,1608561640
31347.0,10074.0,comment,40030,40406,1608500929
10074.0,31347.0,comment,40029,40406,1608485817
31105.0,28078.0,comment,40003,40367,1608005703
28078.0,31105.0,comment,39998,40367,1607956173
10074.0,28170.0,comment,39981,40342,1607615187
4847.0,31344.0,comment,39940,40302,1607339375
31002.0,31344.0,comment,39939,40302,1607325727
28078.0,31344.0,comment,39938,40302,1607323251
10074.0,31310.0,comment,39935,40286,1607181054
29524.0,4847.0,comment,39912,40269,1606947892
4847.0,29524.0,comment,39911,40269,1606947260
31254.0,11300.0,comment,39900,40249,1606816952
11300.0,31254.0,comment,39899,40249,1606816300
31254.0,11300.0,comment,39897,40249,1606794450
11300.0,31254.0,comment,39894,40249,1606762827
10074.0,31287.0,comment,39888,40243,1606739436
29602.0,31002.0,comment,39865,40209,1606351498
31002.0,29602.0,comment,39864,40209,1606347556
39838.0,29784.0,comment,43928,39950,1691164747
31895.0,31142.0,comment,40552,40116,1615436992
31883.0,31103.0,comment,40421,40019,1613545899
31368.0,29640.0,comment,39970,39953,1607545450
31368.0,29459.0,comment,39969,39962,1607545222
31368.0,31142.0,comment,39968,40109,1607544303
29268.0,31158.0,comment,39856,40093,1606273048
31216.0,29740.0,comment,39854,40182,1606260631
4847.0,29740.0,comment,39846,40182,1606090012
31129.0,31002.0,comment,39811,40066,1605533639
4847.0,31192.0,comment,39805,40130,1605395684
4847.0,31185.0,comment,39804,40119,1605394887
31185.0,10074.0,comment,39798,40119,1605285742
10074.0,31185.0,comment,39796,40119,1605285320
28078.0,31142.0,comment,39785,40109,1605072544
31115.0,31002.0,comment,39774,40091,1604953459
4847.0,31145.0,comment,39773,40092,1604945400
31145.0,28078.0,comment,39771,40092,1604914483
28078.0,31145.0,comment,39770,40092,1604897065
31002.0,31129.0,comment,39769,40066,1604894176
31002.0,31115.0,comment,39767,40091,1604890744
4847.0,31072.0,comment,39732,40052,1604604475
28078.0,31064.0,comment,39705,39980,1603946379
29459.0,4847.0,comment,39700,39962,1603831841
4847.0,29459.0,comment,39698,39962,1603824895
10074.0,29784.0,comment,39691,39950,1603635757
4847.0,31034.0,comment,39690,39945,1603564700
29867.0,31032.0,comment,39686,39943,1603526425
29867.0,29869.0,comment,39687,39929,1603527526
28608.0,28078.0,comment,39675,39919,1603400142
4847.0,29869.0,comment,39674,39929,1603398889
29869.0,4847.0,comment,39673,39929,1603398613
4847.0,29869.0,comment,39671,39929,1603395362
28078.0,28608.0,comment,39668,39919,1603356237
28078.0,31007.0,comment,39662,39913,1603298456
30997.0,4847.0,comment,39659,39902,1603257475
4847.0,30997.0,comment,39655,39902,1603136281
29628.0,4847.0,comment,39643,39876,1602903274
29867.0,27355.0,comment,39640,39879,1602831491
27355.0,29867.0,comment,39639,39879,1602829785
4847.0,29628.0,comment,39637,39876,1602820805
29459.0,28078.0,comment,39636,39866,1602803519
28078.0,29459.0,comment,39635,39866,1602769051
29459.0,28078.0,comment,39634,39866,1602767715
28078.0,29459.0,comment,39633,39866,1602748604
29938.0,10074.0,comment,39624,39823,1602608719
10074.0,29938.0,comment,39620,39823,1602594340
29459.0,28078.0,comment,39619,39840,1602589613
28078.0,29459.0,comment,39617,39840,1602577151
29867.0,10074.0,comment,39594,39808,1602304261
10074.0,29867.0,comment,39591,39808,1602276220
29867.0,10074.0,comment,39587,39806,1602219871
10074.0,29867.0,comment,39586,39806,1602189649
29459.0,28078.0,comment,39585,39795,1602169298
28078.0,29459.0,comment,39584,39795,1602143723
4847.0,29914.0,comment,39576,39786,1602100435
29896.0,29867.0,comment,39564,39762,1602031528
29867.0,29896.0,comment,39559,39762,1602008959
29896.0,29867.0,comment,39558,39762,1602002125
29898.0,4847.0,comment,39556,39763,1601952683
4847.0,29898.0,comment,39555,39763,1601922467
29867.0,29896.0,comment,39552,39762,1601913246
29896.0,29867.0,comment,39551,39762,1601912768
4847.0,28400.0,comment,39544,39753,1601845765
28400.0,4847.0,comment,39543,39753,1601843520
4847.0,28400.0,comment,39542,39753,1601842516
29863.0,29865.0,comment,39509,39713,1601481785
29865.0,29863.0,comment,39508,39713,1601480729
29716.0,28078.0,comment,39506,39683,1601414928
28078.0,29714.0,comment,39503,39695,1601310194
29836.0,29832.0,comment,39500,39686,1601281638
29832.0,4847.0,comment,39497,39686,1601278418
4847.0,29832.0,comment,39496,39686,1601244748
28078.0,29716.0,comment,39494,39683,1601211291
31368.0,29656.0,comment,39974,39537,1607548637
31027.0,29798.0,comment,39684,39657,1603492075
24213.0,28078.0,comment,39488,39671,1601094561
28078.0,24213.0,comment,39486,39671,1601033000
24213.0,28078.0,comment,39485,39671,1601030996
28078.0,24213.0,comment,39484,39671,1601028034
24213.0,28078.0,comment,39483,39671,1600966735
29211.0,28078.0,comment,39481,39666,1600964149
28078.0,24213.0,comment,39480,39671,1600960662
28078.0,29211.0,comment,39479,39666,1600934935
29591.0,4847.0,comment,39448,39613,1600267912
29591.0,4847.0,comment,39447,39613,1600267183
28078.0,29738.0,comment,39446,39610,1600260385
4847.0,29591.0,comment,39445,39613,1600234175
19664.0,10074.0,comment,39444,39593,1600128247
10074.0,19664.0,comment,39442,39593,1600015277
4847.0,29531.0,comment,39424,39506,1599351685
4847.0,29656.0,comment,39422,39537,1599332563
4847.0,29632.0,comment,39412,39508,1599202656
4847.0,29591.0,comment,39399,39528,1599180691
4847.0,29640.0,comment,39391,39518,1599096708
29640.0,4847.0,comment,39390,39518,1599096089
4847.0,29640.0,comment,39389,39518,1599093835
29459.0,4847.0,comment,39386,39516,1599084303
4847.0,29459.0,comment,39385,39516,1599081611
29634.0,10074.0,comment,39384,39510,1599072426
10074.0,29634.0,comment,39379,39510,1599062585
29635.0,29341.0,comment,39378,39509,1599062048
29632.0,29531.0,comment,39377,39506,1599045291
29615.0,4847.0,comment,39364,39493,1598892930
4847.0,29615.0,comment,39363,39493,1598892682
29578.0,4847.0,comment,39336,39432,1598570548
4847.0,29578.0,comment,39333,39432,1598564774
24213.0,9609.0,comment,39319,39407,1598423650
9609.0,24213.0,comment,39318,39407,1598413993
9609.0,29567.0,comment,39317,39414,1598413611
29298.0,10074.0,comment,39316,39406,1598406079
10074.0,29298.0,comment,39311,39406,1598354417
4847.0,29524.0,comment,39305,39404,1598322769
10074.0,29536.0,comment,39293,39374,1598188720
29059.0,29528.0,comment,39292,39356,1598179235
29508.0,10074.0,comment,39287,39313,1598118306
10074.0,29508.0,comment,39240,39313,1597760015
29211.0,28993.0,comment,39237,39146,1597691264
28664.0,4847.0,comment,39219,39208,1597516656
28664.0,4847.0,comment,39217,39208,1597515586
29419.0,29271.0,comment,39211,39259,1597439272
23007.0,10074.0,comment,39188,39230,1597097561
10074.0,23007.0,comment,39187,39230,1597096855
4847.0,29203.0,comment,39186,39227,1597084427
4847.0,28664.0,comment,39179,39208,1597000936
10074.0,28993.0,comment,39151,39146,1596594844
27362.0,10074.0,comment,39232,38983,1597620419
29174.0,4847.0,comment,39124,39097,1596389850
4847.0,29174.0,comment,39123,39097,1596347445
29174.0,4847.0,comment,39122,39097,1596345764
4847.0,29174.0,comment,39120,39097,1596345421
10074.0,27362.0,comment,39116,38983,1596293410
29203.0,1090.0,comment,39114,38904,1596285881
1090.0,29203.0,comment,39112,38904,1596266547
29203.0,1090.0,comment,39111,38904,1596261046
27362.0,10074.0,comment,39105,38983,1596237062
1090.0,29203.0,comment,39100,38904,1596163150
29203.0,1090.0,comment,39099,38904,1596162190
29305.0,4847.0,comment,39093,39069,1596136949
4847.0,29305.0,comment,39091,39069,1596135903
10074.0,27362.0,comment,39055,38983,1595855539
23824.0,10074.0,comment,39038,38993,1595743708
27362.0,10074.0,comment,39035,38983,1595719595
29035.0,19863.0,comment,44164,38960,1595717583
29035.0,19863.0,comment,44163,38960,1595716850
29035.0,19863.0,comment,44162,38960,1595716831
29035.0,19863.0,comment,44161,38960,1595716809
27362.0,10074.0,comment,39030,38983,1595711481
27362.0,10074.0,comment,39029,38983,1595711349
10074.0,23824.0,comment,39028,38993,1595711339
10074.0,27362.0,comment,39025,38983,1595694858
19863.0,29035.0,comment,44160,38960,1595653820
10074.0,23675.0,comment,39011,38979,1595606924
29035.0,19863.0,comment,44159,38960,1595539395
28761.0,10074.0,comment,39001,38956,1595521955
29141.0,19863.0,comment,44168,38960,1595521743
29141.0,19863.0,comment,44165,38960,1595518168
10074.0,28761.0,comment,38996,38956,1595514551
10074.0,28761.0,comment,38995,38956,1595503397
28640.0,29213.0,comment,38956,38927,1595364937
4847.0,28875.0,comment,38952,38915,1595347112
1090.0,29203.0,comment,38948,38904,1595324591
4847.0,29106.0,comment,38903,38870,1595137882
4847.0,29167.0,comment,38894,38858,1595020821
29167.0,4847.0,comment,38893,38858,1595020286
4847.0,29167.0,comment,38892,38858,1595018702
25714.0,29141.0,comment,38889,38856,1595012514
28997.0,4847.0,comment,38856,38834,1594863076
28997.0,4847.0,comment,38855,38834,1594862843
4847.0,28997.0,comment,38854,38834,1594862665
28997.0,4847.0,comment,38853,38834,1594862122
4847.0,28997.0,comment,38852,38834,1594861589
28543.0,10074.0,comment,38850,38701,1594846643
9609.0,29130.0,comment,38821,38797,1594704449
28210.0,29116.0,comment,38801,38777,1594636641
29001.0,4847.0,comment,38787,38634,1594536410
10074.0,28483.0,comment,38776,38742,1594423922
10074.0,29073.0,comment,38773,38731,1594405185
29073.0,10074.0,comment,38770,38731,1594401064
10074.0,29073.0,comment,38768,38731,1594392307
28997.0,10074.0,comment,38750,38703,1594319609
28357.0,10074.0,comment,38749,38674,1594319500
28997.0,10074.0,comment,38748,38703,1594316316
10074.0,28997.0,comment,38747,38703,1594315677
10074.0,29063.0,comment,38746,38710,1594314877
28997.0,10074.0,comment,38745,38703,1594311148
10074.0,28997.0,comment,38743,38703,1594305587
27329.0,4847.0,comment,38741,38700,1594292976
4847.0,27329.0,comment,38739,38700,1594265839
4847.0,27329.0,comment,38738,38700,1594265798
27329.0,4847.0,comment,38737,38700,1594265006
27329.0,4847.0,comment,38736,38700,1594264950
10074.0,29052.0,comment,38735,38699,1594259034
10074.0,28543.0,comment,38734,38701,1594257647
10074.0,28357.0,comment,38733,38674,1594257267
4847.0,27329.0,comment,38731,38700,1594251504
28357.0,10074.0,comment,38730,38674,1594242450
10074.0,29051.0,comment,38728,38698,1594237229
10074.0,28357.0,comment,38720,38674,1594137091
4847.0,28485.0,comment,38703,38648,1593986397
11300.0,28539.0,comment,38702,38652,1593977941
28976.0,4847.0,comment,38694,38604,1593882960
4847.0,28335.0,comment,38689,38613,1593849861
4847.0,28976.0,comment,38688,38604,1593849803
4847.0,29000.0,comment,38686,38633,1593846739
4847.0,29001.0,comment,38685,38634,1593846601
23026.0,29000.0,comment,38684,38633,1593837041
28335.0,10074.0,comment,38680,38613,1593795955
10074.0,28335.0,comment,38677,38613,1593785374
28335.0,10074.0,comment,38675,38613,1593753505
23026.0,28975.0,comment,38674,38605,1593737073
23026.0,28335.0,comment,38673,38613,1593737028
10074.0,28335.0,comment,38667,38613,1593722914
32085.0,28863.0,comment,40806,38414,1618421963
29826.0,28863.0,comment,39493,38414,1601207822
28967.0,10074.0,comment,38663,38594,1593700077
10074.0,28967.0,comment,38658,38594,1593688202
28120.0,28911.0,comment,38644,38582,1593616384
28655.0,4847.0,comment,38640,38555,1593575667
4847.0,28655.0,comment,38628,38555,1593501969
28655.0,4847.0,comment,38627,38555,1593501546
4847.0,28655.0,comment,38626,38555,1593501426
26184.0,10074.0,comment,38612,38545,1593480105
26184.0,10074.0,comment,38611,38545,1593479111
10074.0,26184.0,comment,38610,38545,1593477044
28790.0,28814.0,comment,38596,38372,1593369976
28896.0,28895.0,comment,38576,38482,1593162759
28871.0,28892.0,comment,38567,38469,1593119773
28871.0,28892.0,comment,38566,38469,1593118955
28892.0,28871.0,comment,38565,38469,1593117934
28871.0,28892.0,comment,38564,38469,1593117481
28866.0,28871.0,comment,38562,38424,1593095921
4847.0,28722.0,comment,38536,38434,1592970317
28836.0,28871.0,comment,38532,38383,1592964382
28871.0,28836.0,comment,38531,38383,1592961260
28871.0,28866.0,comment,38530,38424,1592959900
28814.0,28790.0,comment,38528,38372,1592938650
28833.0,27433.0,comment,38527,38377,1592938095
10074.0,27566.0,comment,38515,38387,1592834769
27433.0,28833.0,comment,38511,38377,1592806038
4847.0,28811.0,comment,38506,38341,1592696012
28608.0,23026.0,comment,38503,38350,1592693827
23026.0,28608.0,comment,38502,38350,1592691211
23026.0,28811.0,comment,38500,38341,1592684254
27355.0,28811.0,comment,38499,38341,1592676078
30992.0,28631.0,comment,39651,38044,1603089962
30992.0,28631.0,comment,39650,38044,1603088300
28570.0,27362.0,comment,38928,38082,1595211420
27362.0,28570.0,comment,38705,38082,1593990068
28169.0,23026.0,comment,38496,38330,1592630442
23026.0,28169.0,comment,38493,38330,1592608536
28169.0,23026.0,comment,38485,38330,1592600764
23026.0,28169.0,comment,38484,38330,1592599942
28562.0,28783.0,comment,38467,38298,1592506795
10074.0,28783.0,comment,38465,38298,1592497182
23026.0,28459.0,comment,38448,38287,1592465510
28664.0,4847.0,comment,38440,38210,1592417116
23026.0,28754.0,comment,38434,38256,1592394656
10074.0,28177.0,comment,38426,38249,1592339971
28177.0,10074.0,comment,38425,38249,1592339513
10074.0,28177.0,comment,38424,38249,1592339320
28177.0,10074.0,comment,38422,38249,1592339148
10074.0,28177.0,comment,38421,38249,1592338444
27355.0,28177.0,comment,38420,38249,1592335804
27355.0,9866.0,comment,38419,38252,1592335654
28180.0,28691.0,comment,38412,38143,1592277779
4847.0,28664.0,comment,38400,38210,1592249547
28665.0,10074.0,comment,38395,38196,1592236179
28709.0,28704.0,comment,38393,38161,1592226737
4847.0,28665.0,comment,38390,38196,1592172085
10074.0,28686.0,comment,38389,38135,1592167777
10074.0,28665.0,comment,38388,38196,1592166278
10074.0,28069.0,comment,38384,38177,1592136885
23026.0,28704.0,comment,38363,38161,1592063086
28530.0,28655.0,comment,38361,38114,1592042761
28696.0,23026.0,comment,38355,38152,1592024929
23026.0,28696.0,comment,38354,38152,1592020622
28691.0,23026.0,comment,38345,38143,1591985239
23026.0,28691.0,comment,38344,38143,1591984543
23026.0,28686.0,comment,38343,38135,1591980697
27355.0,28602.0,comment,38342,38140,1591976260
28395.0,27355.0,comment,38340,38133,1591969632
27355.0,28395.0,comment,38339,38133,1591967482
10074.0,28496.0,comment,38337,38089,1591959100
28177.0,23026.0,comment,38319,38115,1591909847
23026.0,28177.0,comment,38317,38115,1591908582
28294.0,27433.0,comment,38314,38108,1591902177
27433.0,28294.0,comment,38313,38108,1591900697
28496.0,10074.0,comment,38310,38089,1591889650
4847.0,28664.0,comment,38306,38100,1591855544
10074.0,28496.0,comment,38298,38089,1591820481
28655.0,28640.0,comment,38297,38078,1591819579
27752.0,28570.0,comment,38292,38082,1591808376
28570.0,27752.0,comment,38286,38082,1591791379
27752.0,28570.0,comment,38285,38082,1591790455
27752.0,28493.0,comment,38284,38083,1591789125
28640.0,28655.0,comment,38283,38078,1591764270
4847.0,28608.0,comment,38282,38075,1591759183
4847.0,28649.0,comment,38272,38064,1591728190
28649.0,28562.0,comment,38271,38064,1591727107
28649.0,28562.0,comment,38270,38064,1591726306
27355.0,28420.0,comment,38266,38058,1591716320
28562.0,28649.0,comment,38265,38064,1591715180
27752.0,28587.0,comment,38252,37987,1591614475
28587.0,27752.0,comment,38239,37987,1591547874
27433.0,28097.0,comment,38238,38020,1591530205
27752.0,28587.0,comment,38230,37987,1591427546
28587.0,27752.0,comment,38222,37987,1591381498
27752.0,28587.0,comment,38220,37987,1591377408
26203.0,27433.0,comment,38206,37957,1591299090
28183.0,28395.0,comment,38201,37973,1591292564
28078.0,27596.0,comment,38199,37968,1591284578
27596.0,28078.0,comment,38198,37968,1591279290
28078.0,27596.0,comment,38197,37968,1591275030
23026.0,28566.0,comment,38194,37961,1591258547
27433.0,26203.0,comment,38193,37957,1591250047
28544.0,11300.0,comment,38166,37926,1591157364
28538.0,4847.0,comment,38163,37915,1591152312
11300.0,28544.0,comment,38162,37926,1591134123
4847.0,28538.0,comment,38155,37915,1591122421
28078.0,28450.0,comment,38139,37805,1591082931
27433.0,28518.0,comment,38137,37901,1591079977
23026.0,28518.0,comment,38135,37901,1591069513
28518.0,23026.0,comment,38134,37901,1591065151
23026.0,28518.0,comment,38133,37901,1591061188
23026.0,28521.0,comment,38125,37888,1591031981
10074.0,28078.0,comment,38122,37884,1591024139
28078.0,10074.0,comment,38120,37884,1591021032
10074.0,27613.0,comment,38119,37870,1591012699
10074.0,28078.0,comment,38118,37884,1591012125
10074.0,28487.0,comment,38103,37863,1590941642
27355.0,28487.0,comment,38098,37863,1590918905
23026.0,28078.0,comment,38089,37847,1590862015
27433.0,28078.0,comment,38081,37847,1590843949
28078.0,27433.0,comment,38079,37847,1590843620
27433.0,28078.0,comment,38076,37847,1590837340
28475.0,10074.0,comment,38073,37846,1590835776
10074.0,28475.0,comment,38072,37846,1590834845
28245.0,28470.0,comment,38067,37842,1590807525
28344.0,4847.0,comment,38060,37831,1590788589
4847.0,28344.0,comment,38059,37831,1590770196
23026.0,28302.0,comment,38058,37815,1590769160
27355.0,28118.0,comment,38057,37822,1590757375
23026.0,28118.0,comment,38055,37822,1590742689
28438.0,27355.0,comment,38041,37787,1590658227
27355.0,28438.0,comment,38040,37787,1590657940
23026.0,27617.0,comment,38013,37785,1590613554
23026.0,27617.0,comment,38012,37785,1590613180
36453.0,28346.0,comment,43158,37681,1662005424
27816.0,27355.0,comment,38257,37673,1591625566
27981.0,25958.0,comment,38188,37692,1591228947
28097.0,21304.0,comment,38132,37777,1591052062
23026.0,21304.0,comment,38001,37777,1590573087
23026.0,28424.0,comment,38000,37775,1590566468
27283.0,23026.0,comment,37977,37746,1590504471
23026.0,27283.0,comment,37976,37746,1590503256
28357.0,10074.0,comment,37958,37694,1590423748
28395.0,23026.0,comment,37955,37740,1590415812
23026.0,28395.0,comment,37954,37740,1590412169
23026.0,28395.0,comment,37953,37740,1590411750
28395.0,23026.0,comment,37952,37740,1590411503
10074.0,28357.0,comment,37949,37694,1590406197
10074.0,28396.0,comment,37948,37741,1590405970
28390.0,4847.0,comment,37940,37733,1590389288
4847.0,28390.0,comment,37938,37733,1590383630
23026.0,28341.0,comment,37930,37670,1590366319
23026.0,25844.0,comment,37926,37689,1590360497
10074.0,28357.0,comment,37917,37694,1590335929
23026.0,28373.0,comment,37916,37712,1590335492
28357.0,10074.0,comment,37911,37694,1590322826
28352.0,27659.0,comment,37902,37569,1590262984
10074.0,28357.0,comment,37900,37694,1590250600
28344.0,10074.0,comment,37896,37676,1590236025
28344.0,10074.0,comment,37895,37676,1590235380
27355.0,27816.0,comment,37894,37673,1590227305
27659.0,28352.0,comment,37892,37569,1590220650
28352.0,27659.0,comment,37891,37569,1590198702
10074.0,28344.0,comment,37886,37676,1590178635
11300.0,28341.0,comment,37885,37670,1590174307
27433.0,28340.0,comment,37884,37671,1590170588
28341.0,27355.0,comment,37880,37670,1590157791
27355.0,28341.0,comment,37879,37670,1590154553
4847.0,17148.0,comment,37869,37659,1590127730
23026.0,28316.0,comment,37868,37637,1590118207
11300.0,28233.0,comment,37859,37644,1590091539
28097.0,27355.0,comment,37856,37626,1590090108
28316.0,27355.0,comment,37852,37637,1590077336
27355.0,28316.0,comment,37848,37637,1590071312
28316.0,27355.0,comment,37846,37637,1590068882
28316.0,27355.0,comment,37845,37637,1590068621
27355.0,28097.0,comment,37843,37626,1590063834
27355.0,28316.0,comment,37842,37637,1590063696
28097.0,27355.0,comment,37841,37626,1590060867
28316.0,27355.0,comment,37840,37637,1590050421
27355.0,28316.0,comment,37839,37637,1590026809
27355.0,28264.0,comment,37838,37634,1590025305
28311.0,4847.0,comment,37835,37632,1590024849
4847.0,28311.0,comment,37834,37632,1590018838
27355.0,28097.0,comment,37831,37626,1589983020
28295.0,27355.0,comment,37830,37614,1589980284
27355.0,28295.0,comment,37824,37614,1589952274
28120.0,28287.0,comment,37820,37599,1589942749
28287.0,28120.0,comment,37815,37599,1589915575
28120.0,28287.0,comment,37812,37599,1589913836
28287.0,28120.0,comment,37810,37599,1589911973
28120.0,28287.0,comment,37808,37599,1589908852
28287.0,28120.0,comment,37807,37599,1589908672
28120.0,28287.0,comment,37806,37599,1589908520
28287.0,28120.0,comment,37805,37599,1589908261
28120.0,28287.0,comment,37804,37599,1589907794
11300.0,17148.0,comment,37803,37598,1589894613
10074.0,28272.0,comment,37792,37581,1589818782
27355.0,28269.0,comment,37790,37580,1589810051
27355.0,28101.0,comment,37787,37577,1589804303
28101.0,27355.0,comment,37786,37577,1589800416
27355.0,28101.0,comment,37785,37577,1589799435
27355.0,28265.0,comment,37784,37573,1589797339
27433.0,28252.0,comment,37783,37562,1589796960
28120.0,25844.0,comment,37780,37556,1589734664
31074.0,28152.0,comment,39709,37427,1604001001
4847.0,28097.0,comment,38955,37375,1595364029
29141.0,28097.0,comment,38865,37375,1594921767
28730.0,28062.0,comment,38387,37332,1592162183
28210.0,28157.0,comment,38248,37431,1591605522
25436.0,28118.0,comment,37903,37401,1590272195
28035.0,28142.0,comment,37822,37421,1589947759
28142.0,28035.0,comment,37821,37421,1589944593
28035.0,28157.0,comment,37809,37431,1589910030
28035.0,28142.0,comment,37798,37421,1589872722
28203.0,28103.0,comment,37797,37502,1589839403
28103.0,28203.0,comment,37749,37502,1589561594
4847.0,28169.0,comment,37693,37453,1589393764
10074.0,28152.0,comment,37689,37427,1589386433
10074.0,28169.0,comment,37688,37453,1589383280
28103.0,28065.0,comment,37685,37430,1589357588
10074.0,28161.0,comment,37679,37436,1589308481
28065.0,28103.0,comment,37673,37430,1589302170
28065.0,28103.0,comment,37672,37430,1589302105
28103.0,28065.0,comment,37670,37430,1589300046
4847.0,25836.0,comment,37662,37419,1589274190
10074.0,28069.0,comment,37619,37340,1589065152
25496.0,10074.0,comment,37614,37356,1589035565
10074.0,25496.0,comment,37613,37356,1589033468
27355.0,28026.0,comment,37612,37308,1589033070
25496.0,10074.0,comment,37611,37356,1589028515
10074.0,25496.0,comment,37610,37356,1589024817
10074.0,28021.0,comment,37562,37301,1588793857
28021.0,10074.0,comment,37559,37301,1588787863
10074.0,27998.0,comment,37557,37302,1588785228
10074.0,28021.0,comment,37555,37301,1588779377
26184.0,4847.0,comment,37544,37288,1588705373
4847.0,26184.0,comment,37542,37288,1588705034
4847.0,28000.0,comment,37541,37282,1588699646
10074.0,28000.0,comment,37540,37282,1588694702
27861.0,10074.0,comment,37538,37280,1588693830
10074.0,27861.0,comment,37537,37280,1588692790
25801.0,27975.0,comment,37528,37261,1588616443
31789.0,27355.0,comment,40338,37230,1612180346
31249.0,4847.0,comment,39861,37065,1606288611
29577.0,27719.0,comment,39329,37025,1598540869
28006.0,27533.0,comment,38386,37001,1592158455
28005.0,27659.0,comment,38010,37209,1590588676
27659.0,28005.0,comment,38004,37209,1590581813
28005.0,27659.0,comment,38002,37209,1590575975
27659.0,28005.0,comment,37997,37209,1590556863
28005.0,27659.0,comment,37984,37209,1590524081
4847.0,10074.0,comment,37651,37065,1589222733
27685.0,27944.0,comment,37568,37236,1588831629
10074.0,4847.0,comment,37554,37065,1588765042
27933.0,27355.0,comment,37548,37230,1588715116
27670.0,25801.0,comment,37533,37067,1588659350
25801.0,27670.0,comment,37527,37067,1588615751
25801.0,4555.0,comment,37526,37082,1588614198
27355.0,27933.0,comment,37520,37230,1588598718
27355.0,27533.0,comment,37519,37241,1588596939
4847.0,27533.0,comment,37513,37241,1588556430
10074.0,27944.0,comment,37512,37236,1588542103
27670.0,10074.0,comment,37509,37177,1588522589
10074.0,27670.0,comment,37508,37177,1588520613
27670.0,10074.0,comment,37507,37177,1588520420
27670.0,10074.0,comment,37504,37177,1588518595
10074.0,27670.0,comment,37502,37177,1588512973
27596.0,4847.0,comment,37496,37213,1588448509
4847.0,27596.0,comment,37495,37213,1588444364
27670.0,10074.0,comment,37491,37177,1588398799
4847.0,26193.0,comment,37476,37198,1588361284
11300.0,4847.0,comment,37474,37198,1588360492
4847.0,26193.0,comment,37472,37198,1588359566
27873.0,10074.0,comment,37464,37166,1588319479
4847.0,27727.0,comment,37461,37192,1588285828
27878.0,10074.0,comment,37460,37174,1588283979
27727.0,4847.0,comment,37459,37192,1588283399
4847.0,27727.0,comment,37458,37192,1588281683
10074.0,27878.0,comment,37457,37174,1588268264
27878.0,10074.0,comment,37456,37174,1588267022
27878.0,27355.0,comment,37455,37174,1588266912
10074.0,27670.0,comment,37454,37177,1588253545
27670.0,10074.0,comment,37453,37177,1588252926
10074.0,27878.0,comment,37452,37174,1588252874
10074.0,27670.0,comment,37451,37177,1588252429
27355.0,27878.0,comment,37445,37174,1588217297
10074.0,27865.0,comment,37436,37163,1588194884
10074.0,25411.0,comment,37435,37164,1588194351
10074.0,27873.0,comment,37434,37166,1588194021
27847.0,10074.0,comment,37430,37150,1588169999
27427.0,4847.0,comment,37429,37061,1588169329
27427.0,4847.0,comment,37428,37061,1588168975
10074.0,27847.0,comment,37426,37150,1588153211
27804.0,4847.0,comment,37425,37115,1588144728
27738.0,10074.0,comment,37413,37051,1588067502
27815.0,27433.0,comment,37411,37125,1588067060
10074.0,27815.0,comment,37402,37125,1588024865
27433.0,27815.0,comment,37401,37125,1588021119
4847.0,23597.0,comment,37399,37114,1588005440
4847.0,27804.0,comment,37398,37115,1588005327
4555.0,10074.0,comment,37391,37082,1587966632
4847.0,27427.0,comment,37390,37061,1587960518
10074.0,4555.0,comment,37386,37082,1587932865
10074.0,27641.0,comment,37382,37078,1587913591
10074.0,24031.0,comment,37381,37079,1587913412
27768.0,27355.0,comment,37378,37071,1587889535
27355.0,27768.0,comment,37374,37071,1587866918
27751.0,10074.0,comment,37373,37066,1587853485
27751.0,10074.0,comment,37371,37066,1587850986
10074.0,27751.0,comment,37367,37066,1587820438
4847.0,27461.0,comment,37365,37050,1587781491
27744.0,10074.0,comment,37364,37056,1587780291
10074.0,27744.0,comment,37363,37056,1587764818
26236.0,10074.0,comment,37362,37053,1587755275
10074.0,26236.0,comment,37361,37053,1587755080
4847.0,27461.0,comment,37356,37050,1587744666
10074.0,27461.0,comment,37355,37050,1587743703
27461.0,10074.0,comment,37354,37050,1587743106
10074.0,27461.0,comment,37353,37050,1587740941
10074.0,27738.0,comment,37352,37051,1587740812
10074.0,27738.0,comment,37349,37047,1587730959
10074.0,27734.0,comment,37348,37044,1587727554
10074.0,27734.0,comment,37347,37044,1587727500
10074.0,27623.0,comment,37336,37032,1587670780
27433.0,27566.0,comment,37326,37004,1587575184
10074.0,27533.0,comment,37322,37001,1587551742
10074.0,27657.0,comment,37321,37002,1587551584
27670.0,10074.0,comment,37331,36980,1587632702
27654.0,10074.0,comment,37329,36998,1587583955
27590.0,9740.0,comment,37324,36901,1587564843
27669.0,25801.0,comment,37317,36965,1587537731
10074.0,27654.0,comment,37312,36998,1587510675
10074.0,27680.0,comment,37311,36993,1587505844
25801.0,27669.0,comment,37301,36965,1587493805
4847.0,26111.0,comment,37300,36979,1587486978
27671.0,10074.0,comment,37299,36982,1587484546
10074.0,27332.0,comment,37298,36985,1587484458
10074.0,26111.0,comment,37295,36979,1587483459
10074.0,27670.0,comment,37294,36980,1587482793
10074.0,27671.0,comment,37293,36982,1587482435
27669.0,25801.0,comment,37292,36965,1587477312
27669.0,25801.0,comment,37291,36965,1587476589
9740.0,27590.0,comment,37288,36901,1587448268
26245.0,10074.0,comment,37286,36954,1587443379
27447.0,10074.0,comment,37282,36959,1587408862
4847.0,27447.0,comment,37280,36959,1587404029
10074.0,27447.0,comment,37279,36959,1587403248
10074.0,26245.0,comment,37276,36954,1587396756
26245.0,10074.0,comment,37273,36954,1587392853
10074.0,26245.0,comment,37269,36954,1587381450
27355.0,27252.0,comment,37261,36940,1587325532
27606.0,10074.0,comment,37259,36918,1587316523
27442.0,10074.0,comment,37255,36945,1587314897
10074.0,27442.0,comment,37254,36945,1587314232
27252.0,27355.0,comment,37253,36940,1587307147
27355.0,27252.0,comment,37250,36940,1587292107
27603.0,27433.0,comment,37249,36912,1587287344
4847.0,27606.0,comment,37238,36918,1587267417
4847.0,27394.0,comment,37237,36923,1587267334
27362.0,27399.0,comment,37235,36840,1587252234
27409.0,10074.0,comment,37231,36909,1587227490
10074.0,27409.0,comment,37226,36909,1587212225
10074.0,27606.0,comment,37225,36918,1587211759
27433.0,27603.0,comment,37221,36912,1587195292
27569.0,10074.0,comment,37219,36883,1587182494
27569.0,10074.0,comment,37218,36883,1587182395
10074.0,27569.0,comment,37212,36883,1587120427
27569.0,10074.0,comment,37207,36883,1587110482
27569.0,10074.0,comment,37206,36883,1587110303
27566.0,4847.0,comment,37204,36880,1587104562
27560.0,10074.0,comment,37203,36874,1587093357
10074.0,27569.0,comment,37195,36883,1587060475
4847.0,27566.0,comment,37188,36880,1587052995
10074.0,27560.0,comment,37185,36874,1587047796
10074.0,27554.0,comment,37183,36869,1587036471
4847.0,27533.0,comment,37182,36845,1587014466
27399.0,27362.0,comment,37180,36840,1586982940
27394.0,10074.0,comment,37179,36846,1586979616
10074.0,27394.0,comment,37178,36846,1586958021
10074.0,27533.0,comment,37177,36845,1586950051
27355.0,25831.0,comment,37168,36831,1586803481
23317.0,10074.0,comment,37162,36813,1586764187
27433.0,27489.0,comment,37159,36816,1586731347
4847.0,27489.0,comment,37156,36816,1586722526
4847.0,27489.0,comment,37153,36816,1586713876
27433.0,27489.0,comment,37150,36816,1586707418
10074.0,23317.0,comment,37149,36813,1586702438
23317.0,10074.0,comment,37148,36813,1586697247
10074.0,23317.0,comment,37147,36813,1586693963
27355.0,27483.0,comment,37145,36810,1586675844
27355.0,27474.0,comment,37132,36802,1586628059
27355.0,26111.0,comment,37125,36788,1586594211
27363.0,26111.0,comment,37800,36688,1589876878
26111.0,27363.0,comment,37779,36688,1589730682
27352.0,27355.0,comment,37128,36679,1586602240
27429.0,25737.0,comment,37108,36754,1586489630
27399.0,26203.0,comment,37107,36698,1586483100
25737.0,10074.0,comment,37096,36736,1586415246
25737.0,27429.0,comment,37095,36754,1586407521
10074.0,25737.0,comment,37089,36736,1586357739
25737.0,10074.0,comment,37088,36736,1586356580
10074.0,25737.0,comment,37087,36736,1586355357
25737.0,10074.0,comment,37086,36736,1586352147
10074.0,25737.0,comment,37084,36736,1586347717
10074.0,25737.0,comment,37083,36736,1586347648
27405.0,10074.0,comment,37082,36729,1586342935
27355.0,27313.0,comment,37069,36730,1586273390
25801.0,10074.0,comment,37068,36716,1586270666
10074.0,27405.0,comment,37067,36729,1586270150
10074.0,25801.0,comment,37066,36716,1586269603
4847.0,27389.0,comment,37049,36708,1586202045
4847.0,27394.0,comment,37048,36710,1586201881
4847.0,27368.0,comment,37043,36691,1586198499
27368.0,4847.0,comment,37040,36691,1586191947
27355.0,27362.0,comment,37039,36687,1586170544
4847.0,27368.0,comment,37038,36691,1586160389
27362.0,27355.0,comment,37035,36687,1586129452
10074.0,27373.0,comment,37033,36695,1586123915
27346.0,27355.0,comment,37032,36674,1586111295
27355.0,27362.0,comment,37027,36687,1586108063
27355.0,27362.0,comment,37026,36687,1586107855
27355.0,27346.0,comment,37023,36674,1586015048
27355.0,27352.0,comment,37022,36679,1586014799
27344.0,10074.0,comment,37020,36673,1586006608
10074.0,27344.0,comment,37019,36673,1585963993
10074.0,27319.0,comment,36994,36660,1585791042
10074.0,26111.0,comment,36992,36647,1585767767
26111.0,10074.0,comment,36989,36647,1585761118
10074.0,26111.0,comment,36981,36647,1585740969
25940.0,4847.0,comment,36977,36636,1585695729
26227.0,26242.0,comment,36974,36613,1585682019
4847.0,25940.0,comment,36972,36636,1585609415
10074.0,27282.0,comment,36964,36627,1585591073
27265.0,4847.0,comment,36963,36607,1585587062
26242.0,26227.0,comment,36961,36613,1585545068
4847.0,27265.0,comment,36960,36607,1585543813
27265.0,4847.0,comment,36958,36607,1585515964
4847.0,27265.0,comment,36954,36607,1585507036
26241.0,10074.0,comment,36952,35584,1585488556
24213.0,10074.0,comment,36950,36600,1585462031
10074.0,24213.0,comment,36947,36600,1585426886
23389.0,10074.0,comment,35941,35598,1585402827
10074.0,23389.0,comment,35940,35598,1585398364
10074.0,26241.0,comment,35938,35584,1585364868
26176.0,4847.0,comment,35920,35557,1585236813
10074.0,24213.0,comment,35919,35559,1585227934
4847.0,26176.0,comment,35918,35557,1585192298
26176.0,4847.0,comment,35917,35557,1585180989
26176.0,4847.0,comment,35916,35557,1585180590
4847.0,26176.0,comment,35914,35557,1585174108
25764.0,26183.0,comment,35910,35547,1585124265
26159.0,10074.0,comment,35909,35549,1585070808
10074.0,26159.0,comment,35907,35549,1585070393
37966.0,23317.0,comment,43534,35535,1674053712
34945.0,29846.0,comment,43105,35454,1660795997
32783.0,23334.0,comment,42160,35338,1624897358
23988.0,23334.0,comment,40960,35338,1620753631
29846.0,26107.0,comment,39507,35454,1601415856
26107.0,29128.0,comment,38839,35454,1594803492
29128.0,26107.0,comment,38806,35454,1594681288
28883.0,26166.0,comment,38557,35527,1593073039
28180.0,24213.0,comment,38015,35495,1590616936
28203.0,25994.0,comment,37748,35331,1589558269
28203.0,25994.0,comment,37747,35331,1589556828
28203.0,25994.0,comment,37746,35331,1589556388
27787.0,25963.0,comment,37387,35291,1587941997
27362.0,26129.0,comment,37310,35480,1587502728
27362.0,26129.0,comment,37309,35480,1587502721
27399.0,25844.0,comment,37057,35473,1586239076
27355.0,25844.0,comment,37021,35473,1586007966
25994.0,26240.0,comment,36945,35331,1585419508
25994.0,26240.0,comment,36944,35331,1585418848
26240.0,25994.0,comment,35935,35331,1585344054
23317.0,10074.0,comment,35932,35535,1585326913
10074.0,23317.0,comment,35913,35535,1585159771
23317.0,10074.0,comment,35912,35535,1585152107
23317.0,10074.0,comment,35911,35535,1585151681
10074.0,23317.0,comment,35888,35535,1584985723
26123.0,10074.0,comment,35848,35477,1584506508
26123.0,4847.0,comment,35847,35477,1584506480
4847.0,26123.0,comment,35845,35477,1584486730
10074.0,26123.0,comment,35840,35477,1584447004
10074.0,25915.0,comment,35832,35474,1584404062
25915.0,10074.0,comment,35829,35474,1584394020
25915.0,10074.0,comment,35828,35474,1584393926
10074.0,25915.0,comment,35827,35474,1584391619
4847.0,25818.0,comment,35809,35445,1584079633
25818.0,10074.0,comment,35803,35445,1584033429
10074.0,25818.0,comment,35802,35445,1584032009
10074.0,25818.0,comment,35801,35445,1584031885
4847.0,23178.0,comment,35797,35440,1583970489
10074.0,25972.0,comment,35786,35418,1583699952
12099.0,23991.0,comment,35773,35389,1583237067
25801.0,10074.0,comment,35741,35354,1582693307
10074.0,25801.0,comment,35740,35354,1582672062
25436.0,19664.0,comment,35734,35333,1582408137
19664.0,25436.0,comment,35733,35333,1582408052
19664.0,25436.0,comment,35732,35333,1582407961
25436.0,19664.0,comment,35728,35333,1582333213
25436.0,19664.0,comment,35727,35333,1582332731
25436.0,10074.0,comment,35720,35306,1582162653
25708.0,10074.0,comment,35718,35304,1582145157
10074.0,25436.0,comment,35717,35306,1582144311
10074.0,25708.0,comment,35716,35304,1582144166
25708.0,10074.0,comment,35715,35304,1582142744
10074.0,25708.0,comment,35712,35304,1582123931
25708.0,10074.0,comment,35711,35304,1582117622
10074.0,25708.0,comment,35710,35304,1582058722
10074.0,25963.0,comment,35696,35291,1581683943
28264.0,25436.0,comment,37905,35092,1590279732
28125.0,25720.0,comment,37648,35229,1589215593
26047.0,25973.0,comment,35811,35283,1584122659
25411.0,25973.0,comment,35706,35283,1581829013
25411.0,4847.0,comment,35705,35283,1581828970
25973.0,25411.0,comment,35704,35283,1581815364
25973.0,25411.0,comment,35703,35283,1581815025
4847.0,25411.0,comment,35695,35283,1581667123
25947.0,4847.0,comment,35672,35269,1581464165
25829.0,4847.0,comment,35671,35275,1581461411
4847.0,25829.0,comment,35670,35275,1581458486
4847.0,25829.0,comment,35669,35275,1581458454
4847.0,25947.0,comment,35665,35269,1581405753
25720.0,12099.0,comment,35646,35229,1580981450
25720.0,12099.0,comment,35642,35229,1580911656
12099.0,25720.0,comment,35641,35229,1580901872
25720.0,12099.0,comment,35640,35229,1580899133
25720.0,12099.0,comment,35639,35229,1580897470
25720.0,12099.0,comment,35638,35229,1580897256
12099.0,25720.0,comment,35637,35229,1580895570
10074.0,25891.0,comment,35606,35192,1580509531
12099.0,25882.0,comment,35592,35174,1580318124
25882.0,12099.0,comment,35591,35174,1580316441
12099.0,25882.0,comment,35588,35174,1580309626
12099.0,25882.0,comment,35587,35174,1580309502
24068.0,25708.0,comment,35580,35148,1580218260
25839.0,10074.0,comment,35579,35154,1580216348
25839.0,10074.0,comment,35578,35154,1580213457
1090.0,25868.0,comment,35572,35158,1580164979
10074.0,25839.0,comment,35570,35154,1580135622
25839.0,10074.0,comment,35568,35105,1580129454
25839.0,10074.0,comment,35567,35105,1580128489
25847.0,1090.0,comment,35565,35143,1580122513
25847.0,1090.0,comment,35564,35143,1580114217
1090.0,25847.0,comment,35563,35143,1580085755
25842.0,4847.0,comment,35555,35142,1579975302
25842.0,4847.0,comment,35554,35142,1579969654
4847.0,25842.0,comment,35551,35142,1579923102
10074.0,25847.0,comment,35549,35135,1579877697
25847.0,10074.0,comment,35547,35135,1579877448
25847.0,10074.0,comment,35546,35135,1579877361
10074.0,25839.0,comment,35545,35105,1579869645
25839.0,10074.0,comment,35544,35105,1579867367
10074.0,25847.0,comment,35543,35135,1579867305
25780.0,10074.0,comment,35535,35120,1579798729
10074.0,25780.0,comment,35534,35120,1579791277
10074.0,25780.0,comment,35533,35120,1579790508
10074.0,25839.0,comment,35530,35105,1579781646
25839.0,10074.0,comment,35529,35105,1579775571
10074.0,25839.0,comment,35523,35105,1579616208
25839.0,10074.0,comment,35522,35105,1579614977
1090.0,25436.0,comment,35518,35110,1579562818
25436.0,1090.0,comment,35517,35110,1579561316
1090.0,25436.0,comment,35516,35110,1579561003
10074.0,25839.0,comment,35515,35105,1579524030
25436.0,25732.0,comment,35505,35091,1579427122
10074.0,25436.0,comment,35502,35092,1579376745
10074.0,25831.0,comment,35500,35093,1579369709
25436.0,10074.0,comment,35497,35092,1579369471
10074.0,25436.0,comment,35496,35092,1579364855
10074.0,25798.0,comment,35494,35053,1579347064
25798.0,10074.0,comment,35490,35053,1579280298
25436.0,11300.0,comment,35480,35059,1579188203
24068.0,12099.0,comment,35479,35065,1579187473
12099.0,24068.0,comment,35478,35065,1579187204
24068.0,12099.0,comment,35477,35065,1579186454
12099.0,24068.0,comment,35476,35065,1579183748
12099.0,24068.0,comment,35475,35065,1579183626
10074.0,25798.0,comment,35474,35053,1579178411
25818.0,10074.0,comment,35471,35058,1579136460
10074.0,25818.0,comment,35470,35058,1579136074
25818.0,10074.0,comment,35468,35058,1579130770
11300.0,25436.0,comment,35467,35059,1579129132
10074.0,25818.0,comment,35466,35058,1579129024
25818.0,4847.0,comment,35465,35058,1579126891
4847.0,25818.0,comment,35464,35058,1579126308
39524.0,25698.0,comment,43872,34932,1688462421
29754.0,1687.0,comment,39452,34914,1600319641
25714.0,25768.0,comment,44172,35002,1595395606
4847.0,25768.0,comment,44171,35002,1595395494
28149.0,25694.0,comment,37664,34965,1589283675
24068.0,10074.0,comment,35459,35052,1579097997
10074.0,24068.0,comment,35458,35052,1579091206
4847.0,25436.0,comment,35433,35007,1578462576
25714.0,25768.0,comment,44170,35002,1578427371
4847.0,25743.0,comment,35405,34982,1577994239
10074.0,25743.0,comment,35404,34982,1577977813
25698.0,10074.0,comment,35386,34932,1577163647
25698.0,10074.0,comment,35385,34932,1577157612
25699.0,25547.0,comment,35384,34935,1577137965
25616.0,10074.0,comment,35383,34942,1577105936
10074.0,25616.0,comment,35381,34942,1577101008
25683.0,25436.0,comment,35360,34897,1576714524
25436.0,25683.0,comment,35357,34897,1576709560
23317.0,10074.0,comment,35354,34892,1576680562
10074.0,23317.0,comment,35352,34892,1576676345
25677.0,10074.0,comment,35347,34880,1576622560
10074.0,25677.0,comment,35345,34880,1576593359
25667.0,10074.0,comment,35338,34863,1576525065
10074.0,17304.0,comment,35334,34870,1576518760
17304.0,10074.0,comment,35331,34870,1576511297
10074.0,17304.0,comment,35330,34870,1576509851
10074.0,25667.0,comment,35327,34863,1576438492
25667.0,10074.0,comment,35326,34863,1576428622
10074.0,25667.0,comment,35325,34863,1576428500
25478.0,21912.0,comment,35324,34841,1576332781
25643.0,10074.0,comment,35316,34847,1575975474
10074.0,25643.0,comment,35315,34847,1575904443
23428.0,10074.0,comment,35314,34845,1575858287
10074.0,23428.0,comment,35313,34845,1575821747
21912.0,25478.0,comment,35312,34841,1575808655
25478.0,21912.0,comment,35310,34841,1575714587
25625.0,25630.0,comment,35290,34816,1575464136
12099.0,25627.0,comment,35287,34813,1575439382
24095.0,28377.0,comment,37941,34693,1590389867
28377.0,24095.0,comment,37914,34693,1590329307
27471.0,25430.0,comment,44127,34610,1586608178
25825.0,25430.0,comment,44128,34610,1579259497
25680.0,25427.0,comment,35344,34607,1576592022
25624.0,12099.0,comment,35284,34808,1575300313
12099.0,25624.0,comment,35283,34808,1575300077
10074.0,15282.0,comment,35282,34794,1575222089
15282.0,4847.0,comment,35278,34794,1575062760
4847.0,15282.0,comment,35276,34794,1574983236
12099.0,15502.0,comment,35265,34785,1574865522
25596.0,25436.0,comment,35263,34777,1574778312
25436.0,25596.0,comment,35262,34777,1574777919
25596.0,25436.0,comment,35261,34777,1574777825
25436.0,25596.0,comment,35260,34777,1574777347
12099.0,21532.0,comment,35259,34770,1574776558
21532.0,12099.0,comment,35258,34770,1574775617
12099.0,21532.0,comment,35255,34770,1574682260
22282.0,10074.0,comment,35253,34773,1574593172
22282.0,10074.0,comment,35252,34773,1574588574
10074.0,22282.0,comment,35250,34773,1574546136
1090.0,24044.0,comment,35232,34743,1574028351
24044.0,1090.0,comment,35231,34743,1574016471
1090.0,24044.0,comment,35230,34743,1574014121
11300.0,25537.0,comment,35218,34720,1573661596
4847.0,10155.0,comment,35206,34706,1573506249
12099.0,10155.0,comment,35204,34706,1573485779
25478.0,25492.0,comment,35190,34686,1573063659
4847.0,24113.0,comment,35155,34620,1572126653
4847.0,25458.0,comment,35154,34622,1572123919
24113.0,4847.0,comment,35153,34623,1572077247
24113.0,4847.0,comment,35152,34623,1572076971
4847.0,24113.0,comment,35151,34623,1572076273
25427.0,25439.0,comment,35150,34607,1572021049
25427.0,25439.0,comment,35149,34607,1572021042
25439.0,25427.0,comment,35148,34607,1571948472
25376.0,4847.0,comment,35138,34569,1571659847
25390.0,1090.0,comment,35129,34584,1571197298
1090.0,25390.0,comment,35128,34584,1571196939
4847.0,25376.0,comment,35125,34569,1570904904
25316.0,34830.0,comment,42641,34519,1640076673
34830.0,25316.0,comment,42639,34519,1639907779
25333.0,4847.0,comment,35111,34541,1570290108
4847.0,25333.0,comment,35109,34541,1570253800
25333.0,4847.0,comment,35108,34541,1570252848
25333.0,4847.0,comment,35107,34541,1570252442
4847.0,25333.0,comment,35106,34541,1570247364
25333.0,4847.0,comment,35105,34541,1570239335
4847.0,25333.0,comment,35101,34541,1570154232
12099.0,25302.0,comment,35095,34530,1570056563
25302.0,12099.0,comment,35091,34530,1570043186
25302.0,12099.0,comment,35089,34530,1570039340
4847.0,25286.0,comment,35087,34532,1570030180
12099.0,25286.0,comment,35086,34532,1570011381
12099.0,25302.0,comment,35085,34530,1569996562
12099.0,25320.0,comment,35080,34523,1569939346
25301.0,4847.0,comment,35072,34500,1569562234
4847.0,25301.0,comment,35070,34500,1569549800
25301.0,4847.0,comment,35069,34500,1569537969
4847.0,25301.0,comment,35067,34500,1569534619
4847.0,24226.0,comment,35055,34498,1569514974
25286.0,4847.0,comment,35046,34487,1569311772
4847.0,25286.0,comment,35045,34487,1569279391
4847.0,25272.0,comment,35033,34472,1569114044
25272.0,4847.0,comment,35032,34472,1569108856
25272.0,4847.0,comment,35031,34472,1569107663
25272.0,4847.0,comment,35030,34472,1569107535
4847.0,25272.0,comment,35029,34472,1569106966
23566.0,12099.0,comment,35019,33395,1568948763
25259.0,1090.0,comment,35013,34445,1568878730
23566.0,12099.0,comment,35011,33395,1568865012
12099.0,23566.0,comment,35009,33395,1568832177
23566.0,12099.0,comment,35008,33395,1568827311
12099.0,23566.0,comment,35004,33395,1568820630
23566.0,12099.0,comment,35003,33395,1568819016
25259.0,1090.0,comment,35001,34445,1568800721
1090.0,25259.0,comment,35000,34445,1568790637
23982.0,12099.0,comment,34997,34441,1568741852
23982.0,12099.0,comment,34996,34441,1568741626
12099.0,23982.0,comment,34995,34441,1568740719
4847.0,24213.0,comment,34992,34437,1568661654
25228.0,10074.0,comment,34987,34405,1568639887
4847.0,24191.0,comment,34984,34422,1568628631
10074.0,25228.0,comment,34982,34405,1568590664
23566.0,12099.0,comment,34981,33395,1568585147
25228.0,10074.0,comment,34980,34405,1568577852
23566.0,12099.0,comment,34977,33395,1568566078
10074.0,25228.0,comment,34975,34405,1568564017
12099.0,23566.0,comment,34973,33395,1568539984
25228.0,10074.0,comment,34970,34405,1568517758
24191.0,4847.0,comment,34969,34422,1568501499
10074.0,25228.0,comment,34967,34405,1568499026
4847.0,24191.0,comment,34965,34422,1568495210
25228.0,10074.0,comment,34962,34405,1568437629
23566.0,12099.0,comment,34960,33395,1568407522
10074.0,25228.0,comment,34959,34405,1568400335
25228.0,10074.0,comment,34957,34405,1568379099
10074.0,25228.0,comment,34956,34405,1568375723
12099.0,23566.0,comment,34954,33395,1568362793
23566.0,12099.0,comment,34953,33395,1568348173
12099.0,23566.0,comment,34952,33395,1568320809
23566.0,12099.0,comment,34951,33395,1568310360
12099.0,23566.0,comment,34950,33395,1568303009
23566.0,12099.0,comment,34949,33395,1568232329
23566.0,12099.0,comment,34948,33395,1568231986
23526.0,24224.0,comment,34944,33399,1568208751
12099.0,24224.0,comment,34943,33399,1568194029
12099.0,23566.0,comment,34940,33395,1568103546
24177.0,12099.0,comment,34918,33351,1567619454
12099.0,24177.0,comment,34912,33351,1567524415
24177.0,12099.0,comment,34911,33351,1567520007
24177.0,12099.0,comment,34910,33351,1567513328
12099.0,24177.0,comment,34905,33351,1567440619
12099.0,23885.0,comment,34904,33352,1567431824
23872.0,12099.0,comment,34901,33344,1567375169
12099.0,23872.0,comment,34900,33344,1567358790
23872.0,12099.0,comment,34895,33344,1567261812
12099.0,24165.0,comment,34891,33345,1567177118
24165.0,12099.0,comment,34889,33345,1567175445
12099.0,24165.0,comment,34888,33345,1567171765
12099.0,23872.0,comment,34886,33344,1567149599
29919.0,24140.0,comment,39615,33306,1602569955
26091.0,24159.0,comment,35787,33336,1583793292
25277.0,24159.0,comment,35115,33336,1570584340
25268.0,24140.0,comment,35020,33306,1569022911
24182.0,24058.0,comment,34902,33206,1567378011
24072.0,4847.0,comment,34881,33323,1567028766
4847.0,24072.0,comment,34879,33323,1566941557
24102.0,1687.0,comment,34878,33327,1566930812
1687.0,24102.0,comment,34877,33327,1566930590
23235.0,4847.0,comment,34855,33313,1566843274
4847.0,23235.0,comment,34851,33313,1566786161
23985.0,12099.0,comment,34842,33289,1566652369
23566.0,12099.0,comment,34841,33274,1566588194
24102.0,24131.0,comment,34839,33292,1566577771
24131.0,24102.0,comment,34838,33292,1566576551
24102.0,24131.0,comment,34837,33292,1566573645
24131.0,24102.0,comment,34836,33292,1566571784
24102.0,24131.0,comment,34833,33292,1566569340
24131.0,24102.0,comment,34832,33292,1566567405
12099.0,23985.0,comment,34831,33289,1566550959
12099.0,23566.0,comment,34830,33274,1566550505
23566.0,12099.0,comment,34827,33274,1566499350
12099.0,23566.0,comment,34825,33274,1566451724
23566.0,12099.0,comment,34824,33274,1566433068
12099.0,23566.0,comment,34823,33274,1566388073
24107.0,4847.0,comment,34812,33257,1566283979
4847.0,24107.0,comment,34808,33257,1566248966
23566.0,1090.0,comment,34804,33247,1566184054
1090.0,23566.0,comment,34803,33247,1566174172
1687.0,24044.0,comment,34795,33230,1565797386
23985.0,1090.0,comment,34791,33209,1565498906
1090.0,23985.0,comment,34790,33209,1565484519
23743.0,4847.0,comment,34767,33181,1565133848
4847.0,23743.0,comment,34766,33181,1565129522
23743.0,4847.0,comment,34765,33181,1565129456
4847.0,23743.0,comment,34764,33181,1565129342
23743.0,4847.0,comment,34763,33181,1565129288
4847.0,23743.0,comment,34762,33181,1565128705
1090.0,23715.0,comment,34750,33172,1565036190
1161.0,24033.0,comment,34742,33160,1564967029
24033.0,1090.0,comment,34740,33160,1564962284
1090.0,24033.0,comment,34739,33160,1564959799
24033.0,1090.0,comment,34738,33160,1564957604
1090.0,24033.0,comment,34737,33160,1564956217
23566.0,12099.0,comment,34715,33129,1564691974
12099.0,23566.0,comment,34711,33129,1564672617
12099.0,23552.0,comment,34695,33125,1564578812
12099.0,23552.0,comment,34693,33125,1564574593
23552.0,10074.0,comment,34692,33125,1564574324
10074.0,23552.0,comment,34690,33125,1564573470
11300.0,23898.0,comment,34678,33105,1564431441
36337.0,1090.0,comment,43037,33038,1658124085
25478.0,23791.0,comment,35163,32875,1572477715
24029.0,23931.0,comment,34733,33076,1564905663
23985.0,23893.0,comment,34663,32984,1564253312
4847.0,23566.0,comment,34660,33083,1564111356
23566.0,4847.0,comment,34659,33083,1564110483
4847.0,23566.0,comment,34658,33083,1564108916
4847.0,23975.0,comment,34656,33082,1564100092
23868.0,23943.0,comment,34649,33073,1564002288
1090.0,23943.0,comment,34643,33073,1563922623
23943.0,4847.0,comment,34642,33073,1563922447
4847.0,23943.0,comment,34641,33073,1563920408
4847.0,23965.0,comment,34629,33066,1563835957
23957.0,11300.0,comment,34612,33055,1563715423
11300.0,23957.0,comment,34610,33055,1563713978
23942.0,23898.0,comment,34600,33045,1563608489
23898.0,23942.0,comment,34599,33045,1563561763
21377.0,1090.0,comment,34598,33020,1563545688
1090.0,21377.0,comment,34587,33020,1563437108
1090.0,21510.0,comment,34586,33017,1563437001
21377.0,1090.0,comment,34584,33020,1563418418
21510.0,1090.0,comment,34583,33017,1563418151
1090.0,23929.0,comment,34582,33038,1563411295
23929.0,4847.0,comment,34581,33038,1563408551
4847.0,23929.0,comment,34580,33038,1563407512
23908.0,23898.0,comment,34569,33031,1563345065
23898.0,23908.0,comment,34566,33031,1563343703
23898.0,12099.0,comment,34555,33025,1563313508
12099.0,23898.0,comment,34554,33025,1563312407
23898.0,12099.0,comment,34553,33025,1563311151
1090.0,21377.0,comment,34552,33020,1563310570
12099.0,23898.0,comment,34551,33025,1563308657
21377.0,1090.0,comment,34548,33020,1563281666
1090.0,21510.0,comment,34544,33017,1563227063
1090.0,21377.0,comment,34542,33020,1563225964
23898.0,23893.0,comment,34519,32984,1563056184
23883.0,4847.0,comment,34516,32974,1562962610
21510.0,10074.0,comment,34515,32988,1562952169
10074.0,21510.0,comment,34514,32988,1562933311
22295.0,23893.0,comment,34510,32984,1562923370
21510.0,1090.0,comment,34508,32988,1562914406
1090.0,21510.0,comment,34507,32988,1562911387
23906.0,10074.0,comment,34506,32963,1562908683
23906.0,10074.0,comment,34505,32963,1562908395
21510.0,1090.0,comment,34504,32988,1562906245
4847.0,23883.0,comment,34501,32974,1562895776
1090.0,21510.0,comment,34499,32988,1562886060
23893.0,1090.0,comment,34497,32984,1562881002
1090.0,23893.0,comment,34496,32984,1562880456
22295.0,10074.0,comment,34492,32977,1562878303
10074.0,22295.0,comment,34491,32977,1562876276
22295.0,10074.0,comment,34489,32977,1562863360
10074.0,22295.0,comment,34488,32977,1562861790
23889.0,23885.0,comment,34487,32976,1562858602
22295.0,10074.0,comment,34486,32977,1562857441
22295.0,10074.0,comment,34485,32977,1562857214
10074.0,22295.0,comment,34483,32977,1562854478
22295.0,10074.0,comment,34481,32977,1562853177
10074.0,22295.0,comment,34480,32977,1562852625
10074.0,23906.0,comment,34475,32963,1562778866
23871.0,12099.0,comment,34468,32952,1562674193
12099.0,23871.0,comment,34464,32952,1562657241
23816.0,4847.0,comment,34462,32942,1562632988
23816.0,4847.0,comment,34456,32942,1562566591
4847.0,23816.0,comment,34451,32942,1562511253
23906.0,12099.0,comment,34450,32926,1562509831
23906.0,12099.0,comment,34447,32926,1562452631
12099.0,23906.0,comment,34438,32926,1562336234
23906.0,12099.0,comment,34437,32926,1562332708
23851.0,11300.0,comment,34435,32930,1562267867
23851.0,11300.0,comment,34434,32930,1562267509
11300.0,23851.0,comment,34432,32930,1562262252
12099.0,23906.0,comment,34429,32926,1562238142
23906.0,12099.0,comment,34428,32926,1562234520
23906.0,12099.0,comment,34427,32926,1562231611
23906.0,12099.0,comment,34426,32926,1562231314
12099.0,23906.0,comment,34425,32926,1562225147
23838.0,1090.0,comment,34422,32915,1562137847
1090.0,23838.0,comment,34420,32915,1562103798
1090.0,23566.0,comment,34397,32874,1561589002
23566.0,1090.0,comment,34396,32874,1561586287
1090.0,4847.0,comment,34391,32875,1561582730
4847.0,23791.0,comment,34390,32875,1561581964
1090.0,23566.0,comment,34389,32874,1561580420
40152.0,1090.0,comment,44096,32655,1694663295
40152.0,1090.0,comment,44095,32655,1694663008
25263.0,23317.0,comment,35005,32846,1568826047
10074.0,23749.0,comment,34380,32863,1561488509
23749.0,10074.0,comment,34379,32863,1561483295
10074.0,23749.0,comment,34378,32863,1561482540
23317.0,10074.0,comment,34365,32846,1561290140
23769.0,23581.0,comment,34364,32661,1561213934
23566.0,12099.0,comment,34363,32845,1561161319
10074.0,23317.0,comment,34361,32846,1561139623
12099.0,23566.0,comment,34357,32845,1561104064
1090.0,23566.0,comment,34347,32825,1560917467
23566.0,1090.0,comment,34345,32825,1560905618
1090.0,23566.0,comment,34341,32825,1560850815
23566.0,1090.0,comment,34340,32825,1560835860
1090.0,17327.0,comment,34338,32820,1560833354
1090.0,23566.0,comment,34337,32825,1560832799
23566.0,1090.0,comment,34336,32825,1560832586
1090.0,23566.0,comment,34335,32825,1560832051
9609.0,23704.0,comment,34331,32799,1560426788
23681.0,4847.0,comment,34312,32781,1560256191
4847.0,23681.0,comment,34306,32781,1560194170
1090.0,10074.0,comment,34305,32745,1560192292
23640.0,4847.0,comment,34288,32761,1559953731
4847.0,23640.0,comment,34287,32761,1559951382
23640.0,4847.0,comment,34286,32761,1559951005
23640.0,4847.0,comment,34285,32761,1559950473
4847.0,23640.0,comment,34284,32761,1559947620
4847.0,23640.0,comment,34283,32761,1559947162
21342.0,12099.0,comment,34266,32749,1559636804
12099.0,21342.0,comment,34264,32749,1559576696
10074.0,17327.0,comment,34263,32745,1559533228
23428.0,12099.0,comment,34255,32722,1559132372
12099.0,23428.0,comment,34252,32722,1559038586
12099.0,23428.0,comment,34251,32722,1559037828
23353.0,23629.0,comment,34249,32717,1559003946
4847.0,23472.0,comment,34233,32697,1558666305
23566.0,4847.0,comment,34231,32679,1558587995
4847.0,23610.0,comment,34229,32688,1558523423
12099.0,23610.0,comment,34228,32688,1558519068
4847.0,23566.0,comment,34222,32679,1558419611
12099.0,23353.0,comment,34218,32672,1558367782
4847.0,23353.0,comment,34211,32672,1558315842
4847.0,23581.0,comment,34208,32661,1558224052
12099.0,23581.0,comment,34207,32661,1558220290
23581.0,4847.0,comment,34206,32661,1558199040
4847.0,23581.0,comment,34205,32661,1558164904
4847.0,23579.0,comment,34203,32658,1558138018
12099.0,23579.0,comment,34199,32658,1558090289
23577.0,1090.0,comment,34196,32655,1558036354
1090.0,23577.0,comment,34195,32655,1558033593
23577.0,1090.0,comment,34194,32655,1558032986
23577.0,12099.0,comment,34193,32655,1558032970
1090.0,23577.0,comment,34192,32655,1558032248
12099.0,23577.0,comment,34191,32655,1558024361
12099.0,23428.0,comment,34175,32642,1557834770
12099.0,23428.0,comment,34174,32642,1557827278
12099.0,23570.0,comment,34160,32630,1557772023
47412.0,1090.0,comment,46328,45528,1775311913
47251.0,4847.0,comment,46324,45520,1771552735
4847.0,46850.0,comment,46315,45495,1764239175
46850.0,4847.0,comment,46314,45495,1764231900
46850.0,4847.0,comment,46313,45495,1764231745
4847.0,46850.0,comment,46312,45495,1764175801
46850.0,4847.0,comment,46311,45495,1764164492
37131.0,1090.0,comment,46309,45479,1758800983
39838.0,46020.0,comment,46304,45456,1753127816
39838.0,10074.0,comment,46301,45417,1753126915
39838.0,4847.0,comment,46299,45411,1753126443
39838.0,4847.0,comment,46298,45411,1753126377
4847.0,45886.0,comment,46297,45446,1751125997
45886.0,4847.0,comment,46296,45446,1751037627
4847.0,45911.0,comment,46295,45437,1750716593
44542.0,4847.0,comment,46285,45411,1743502531
44542.0,4847.0,comment,46284,45411,1743501994
39838.0,44420.0,comment,46280,45403,1740780964
44420.0,4847.0,comment,46279,45400,1740521937
44420.0,4847.0,comment,46278,45400,1740521757
4847.0,39838.0,comment,46273,45390,1738993008
4847.0,39838.0,comment,46272,45392,1738992618
39838.0,4847.0,comment,46271,45392,1738990767
39838.0,4847.0,comment,46270,45390,1738990172
4847.0,39838.0,comment,46269,45390,1738890315
4847.0,39838.0,comment,46267,45392,1738889803
39838.0,4847.0,comment,46266,45390,1738878565
34912.0,10074.0,comment,46259,45383,1738002157
39838.0,44034.0,comment,46258,45367,1736783209
10074.0,40623.0,comment,46256,45377,1736594156
40623.0,10074.0,comment,46255,45377,1736525281
39838.0,44132.0,comment,46253,45375,1735845646
44132.0,39838.0,comment,46252,45375,1735829714
4847.0,44034.0,comment,46250,45367,1733877023
39838.0,38661.0,comment,46248,45355,1731949111
39838.0,38661.0,comment,46247,45355,1731948671
38661.0,39838.0,comment,46246,45355,1731741867
39838.0,38661.0,comment,46245,45355,1731450175
39838.0,43820.0,comment,46241,45346,1730311282
43820.0,39838.0,comment,46240,45346,1729964620
39838.0,43755.0,comment,46235,45332,1729615811
43755.0,39838.0,comment,46234,45332,1729531624
39838.0,43755.0,comment,46233,45332,1729524565
43755.0,39838.0,comment,46227,45332,1729439649
1090.0,43700.0,comment,46225,45326,1727941371
43700.0,1090.0,comment,46224,45326,1727919472
43679.0,1090.0,comment,46219,45322,1727777882
39838.0,43557.0,comment,46213,45303,1726102155
39838.0,43557.0,comment,46212,45303,1726102019
39838.0,43557.0,comment,46211,45303,1726101907
43557.0,39838.0,comment,46208,45303,1725983604
39838.0,43557.0,comment,46207,45303,1725892419
39838.0,43557.0,comment,46206,45303,1725892184
39838.0,43557.0,comment,46205,45303,1725892109
39838.0,43557.0,comment,46204,45303,1725891854
43557.0,39838.0,comment,46203,45303,1725728280
39838.0,43554.0,comment,46202,45301,1725659519
43457.0,4847.0,comment,46198,45273,1725541617
39838.0,34912.0,comment,46197,45298,1725461481
34912.0,42939.0,comment,46196,45296,1725413737
34912.0,39838.0,comment,46195,45298,1725413565
43367.0,34912.0,comment,46194,45298,1725399252
39838.0,34912.0,comment,46193,45298,1725384611
42939.0,34912.0,comment,46190,45296,1725327634
43484.0,4847.0,comment,46189,45294,1725196999
39838.0,43474.0,comment,46181,45278,1724691093
39838.0,43474.0,comment,46180,45278,1724690702
39838.0,43474.0,comment,46179,45278,1724690696
43474.0,39838.0,comment,46177,45278,1724390418
39838.0,43474.0,comment,46175,45278,1724359266
39838.0,43474.0,comment,46173,45278,1724357920
43474.0,39838.0,comment,46172,45278,1724348533
43474.0,39838.0,comment,46171,45278,1724348210
43468.0,4847.0,comment,46168,45276,1724341469
4847.0,43457.0,comment,46164,45273,1724168784
43457.0,4847.0,comment,46163,45273,1724159378
34912.0,39838.0,comment,46159,45262,1723755190
39838.0,34912.0,comment,46153,45267,1723658126
34912.0,39838.0,comment,46152,45262,1723656076
34912.0,39838.0,comment,46151,45267,1723652551
39838.0,10074.0,comment,46150,45266,1723649397
39838.0,34912.0,comment,46149,45267,1723648842
28527.0,10074.0,comment,46148,45266,1723582741
39838.0,40828.0,comment,46147,45262,1723566042
40828.0,39838.0,comment,46144,45262,1723560612
39838.0,42939.0,comment,46135,45260,1723225826
42939.0,39838.0,comment,46134,45260,1723151787
43351.0,4847.0,comment,46129,45234,1722534904
39838.0,42501.0,comment,46121,45229,1721680947
43251.0,4847.0,comment,46120,45234,1721533004
4847.0,43251.0,comment,46119,45234,1721496150
43251.0,4847.0,comment,46118,45234,1721462124
42501.0,39838.0,comment,46117,45229,1721330488
39838.0,42501.0,comment,46116,45229,1721239747
39838.0,42501.0,comment,46115,45229,1721239422
42501.0,39838.0,comment,46114,45229,1721175820
42442.0,39838.0,comment,45840,44988,1710974508
41036.0,39838.0,comment,45824,44990,1710591579
39838.0,41328.0,comment,45783,44951,1709566363
41328.0,39838.0,comment,45781,44951,1709412991
43448.0,21800.0,comment,46162,45082,1723871824
43139.0,4847.0,comment,46107,45215,1719770515
42937.0,4847.0,comment,46099,45201,1718847933
43075.0,42784.0,comment,46098,45113,1718832149
4847.0,42979.0,comment,46090,45181,1717374346
42979.0,4847.0,comment,46089,45181,1717356345
39838.0,42939.0,comment,46086,45163,1717005780
42939.0,39838.0,comment,46085,45163,1717004610
42937.0,10074.0,comment,46080,45157,1716929633
4847.0,42937.0,comment,46076,45155,1716807300
42938.0,42937.0,comment,46075,45155,1716748347
39838.0,41196.0,comment,46074,45150,1716587580
41196.0,39838.0,comment,46073,45150,1716526365
41196.0,39838.0,comment,46072,45150,1716525185
42442.0,39838.0,comment,46068,45028,1716309012
39838.0,42870.0,comment,46062,45138,1715884125
42870.0,39838.0,comment,46061,45138,1715881845
42870.0,39838.0,comment,46060,45138,1715881176
42856.0,4847.0,comment,46050,45133,1715690251
42849.0,4847.0,comment,46048,45131,1715679594
39838.0,4847.0,comment,46045,45126,1715622638
42849.0,4847.0,comment,46044,45126,1715616084
42822.0,4847.0,comment,46035,45119,1715276017
42822.0,1090.0,comment,46034,45118,1715275787
10074.0,42807.0,comment,46033,45116,1715203842
42807.0,10074.0,comment,46032,45116,1715194288
39838.0,41196.0,comment,46022,45092,1714673323
39838.0,41196.0,comment,46021,45092,1714673243
41196.0,39838.0,comment,46019,45092,1714639617
39838.0,41196.0,comment,46017,45092,1714403930
42736.0,4847.0,comment,46015,45101,1714351854
4847.0,42742.0,comment,46013,45098,1714257106
42742.0,4847.0,comment,46012,45098,1714256135
37699.0,39838.0,comment,46009,45093,1714163766
39838.0,37699.0,comment,46003,45093,1714075077
37699.0,39838.0,comment,46002,45093,1713985531
42413.0,39838.0,comment,46001,45089,1713985415
37699.0,39838.0,comment,46000,45093,1713985176
37699.0,39838.0,comment,45998,45091,1713985043
39838.0,37699.0,comment,45997,45093,1713973101
39838.0,37699.0,comment,45995,45093,1713972459
4847.0,39838.0,comment,45990,45091,1713909936
37699.0,39838.0,comment,45988,45091,1713903506
37699.0,39838.0,comment,45987,45091,1713903193
39838.0,42413.0,comment,45986,45089,1713893980
39838.0,42442.0,comment,45964,45029,1712680572
42442.0,39838.0,comment,45962,45029,1712679848
42442.0,39838.0,comment,45961,45029,1712679811
42442.0,39838.0,comment,45952,45044,1712353915
42442.0,39838.0,comment,45951,45044,1712353519
39838.0,35546.0,comment,45945,45061,1712330542
40623.0,10074.0,comment,45940,45016,1712222498
39838.0,42442.0,comment,45936,45044,1712098216
42442.0,10074.0,comment,45931,45043,1711914560
42442.0,10074.0,comment,45930,45043,1711914478
42442.0,39838.0,comment,45929,45028,1711913898
42442.0,39838.0,comment,45927,45044,1711913699
42442.0,39838.0,comment,45926,45044,1711913526
39838.0,10074.0,comment,45925,45043,1711913274
39838.0,10074.0,comment,45924,45043,1711913142
39838.0,10074.0,comment,45923,45043,1711911657
39838.0,10074.0,comment,45922,45043,1711911532
39838.0,42442.0,comment,45920,45028,1711910955
39838.0,42442.0,comment,45919,45028,1711910779
39838.0,42442.0,comment,45918,45028,1711910672
39838.0,42442.0,comment,45917,45028,1711910437
39838.0,42442.0,comment,45916,45028,1711910040
39838.0,42442.0,comment,45915,45028,1711909882
39838.0,41115.0,comment,45914,45023,1711909489
39838.0,42442.0,comment,45913,45029,1711909367
42442.0,10074.0,comment,45912,45043,1711907274
42442.0,10074.0,comment,45911,45043,1711907089
10074.0,42442.0,comment,45910,45043,1711899604
42442.0,10074.0,comment,45909,45043,1711879916
42442.0,39838.0,comment,45908,45028,1711836370
42442.0,39838.0,comment,45907,45028,1711835847
42442.0,39838.0,comment,45906,45028,1711835364
42442.0,39838.0,comment,45905,45028,1711835150
42442.0,39838.0,comment,45904,45028,1711834631
42442.0,39838.0,comment,45903,45028,1711833958
42442.0,39838.0,comment,45902,45028,1711833823
42442.0,39838.0,comment,45901,45028,1711833594
42442.0,39838.0,comment,45900,45028,1711833501
42442.0,39838.0,comment,45899,45029,1711833258
42442.0,39838.0,comment,45898,45029,1711833045
41115.0,39838.0,comment,45896,45023,1711793543
39838.0,41115.0,comment,45894,45023,1711736378
39838.0,41115.0,comment,45892,45023,1711735939
41115.0,39838.0,comment,45891,45023,1711729282
39838.0,42442.0,comment,45888,45027,1711662162
39838.0,42442.0,comment,45887,45028,1711662092
39838.0,41115.0,comment,45886,45023,1711661984
39838.0,41115.0,comment,45885,45023,1711661793
39838.0,41115.0,comment,45883,45023,1711661624
42442.0,39838.0,comment,45882,45028,1711657595
42442.0,39838.0,comment,45881,45027,1711657504
41115.0,39838.0,comment,45879,45023,1711655473
41115.0,39838.0,comment,45878,45023,1711655054
39838.0,42442.0,comment,45875,45027,1711652167
10074.0,40623.0,comment,45873,45016,1711643131
42442.0,39838.0,comment,45870,44976,1711638583
42442.0,39838.0,comment,45867,45027,1711636847
42442.0,39838.0,comment,45866,45027,1711636616
39838.0,42442.0,comment,45865,45027,1711635914
39838.0,42442.0,comment,45864,45027,1711635744
39838.0,42442.0,comment,45863,45027,1711635636
42442.0,39838.0,comment,45862,45027,1711633045
42442.0,39838.0,comment,45861,45027,1711632038
40623.0,10074.0,comment,45859,45016,1711617661
10074.0,40623.0,comment,45858,45016,1711615593
39838.0,42539.0,comment,45854,45026,1711586250
39838.0,42442.0,comment,45853,44976,1711586112
40623.0,10074.0,comment,45852,45016,1711556039
42442.0,39838.0,comment,45850,44976,1711551034
39838.0,41036.0,comment,45843,45001,1711116052
40073.0,41036.0,comment,45842,45001,1711064457
41028.0,39838.0,comment,45838,45007,1710929734
41028.0,39838.0,comment,45837,45007,1710929686
41028.0,39838.0,comment,45836,45007,1710929457
41028.0,41036.0,comment,45835,45008,1710928606
4847.0,39838.0,comment,45832,45007,1710820114
39838.0,42443.0,comment,45810,44975,1710347038
39838.0,42450.0,comment,45809,44983,1710346963
42442.0,39838.0,comment,45806,44982,1710339003
39838.0,42442.0,comment,45804,44982,1710301889
42442.0,39838.0,comment,45801,44976,1710199097
39838.0,42442.0,comment,45798,44976,1710171475
39838.0,42442.0,comment,45797,44976,1710171264
42442.0,39838.0,comment,45796,44976,1710106967
42400.0,4847.0,comment,45782,44967,1709554708
42381.0,10074.0,comment,45778,44963,1709303468
41036.0,1090.0,comment,44767,44950,1708677981
39838.0,1090.0,comment,44762,44950,1708634075
41058.0,10074.0,comment,44739,44923,1707501919
39838.0,10074.0,comment,44737,44919,1707492530
39838.0,10074.0,comment,44736,44923,1707489985
41058.0,10074.0,comment,44733,44923,1707485564
41240.0,10074.0,comment,44729,44919,1707397843
39838.0,41213.0,comment,44723,44913,1707241287
41213.0,39838.0,comment,44722,44913,1707157093
39838.0,40623.0,comment,44719,44880,1707143398
40623.0,39838.0,comment,44717,44880,1706989538
39838.0,40623.0,comment,44713,44880,1706984121
41202.0,39838.0,comment,44712,44904,1706978497
40623.0,39838.0,comment,44710,44880,1706903676
39838.0,4847.0,comment,44708,44904,1706887818
41202.0,4847.0,comment,44707,44904,1706867442
39838.0,41028.0,comment,44705,44893,1706712084
41028.0,39838.0,comment,44704,44893,1706676458
39838.0,41005.0,comment,44703,44887,1706639025
39838.0,41005.0,comment,44702,44887,1706638445
41005.0,39838.0,comment,44698,44887,1706577796
39838.0,40623.0,comment,44695,44880,1706545121
39838.0,41005.0,comment,44693,44887,1706539734
39838.0,41005.0,comment,44692,44887,1706539698
40623.0,39838.0,comment,44691,44880,1706530958
41005.0,39838.0,comment,44690,44887,1706486053
39838.0,41005.0,comment,44689,44887,1706464806
39838.0,41005.0,comment,44688,44887,1706464716
41005.0,39838.0,comment,44686,44887,1706406941
41005.0,39838.0,comment,44685,44887,1706406774
39838.0,41005.0,comment,44683,44879,1706381500
41005.0,39838.0,comment,44681,44879,1706318052
39838.0,41142.0,comment,44679,44882,1706290745
39838.0,4847.0,comment,44676,44874,1706290194
39838.0,41005.0,comment,44674,44879,1706288922
39838.0,40623.0,comment,44672,44880,1706285025
4847.0,41142.0,comment,44670,44882,1706241004
4847.0,39838.0,comment,44669,44874,1706240909
41005.0,39838.0,comment,44668,44879,1706234431
40623.0,39838.0,comment,44667,44880,1706222758
41005.0,39838.0,comment,44666,44879,1706214306
39838.0,4847.0,comment,44664,44874,1706204735
39838.0,41005.0,comment,44663,44879,1706204019
41005.0,39838.0,comment,44662,44879,1706189382
4847.0,39838.0,comment,44660,44874,1706144368
39838.0,4847.0,comment,44651,44874,1706026610
39838.0,41115.0,comment,44650,44867,1706023896
39838.0,41115.0,comment,44649,44867,1706023644
41005.0,10074.0,comment,44648,44864,1706015277
41005.0,10074.0,comment,44645,44864,1705965311
41005.0,10074.0,comment,44643,44864,1705953187
41005.0,10074.0,comment,44642,44864,1705953122
41115.0,39838.0,comment,44641,44867,1705952481
41115.0,39838.0,comment,44640,44867,1705951327
41115.0,39838.0,comment,44639,44867,1705951207
41115.0,39838.0,comment,44638,44867,1705951203
41115.0,39838.0,comment,44637,44867,1705951153
39838.0,41005.0,comment,44631,44864,1705937977
41005.0,10074.0,comment,44630,44864,1705934672
40544.0,39838.0,comment,45807,44748,1710342342
39838.0,10074.0,comment,44633,44854,1705938488
41005.0,10074.0,comment,44629,44856,1705801890
10074.0,41005.0,comment,44628,44856,1705800868
41005.0,10074.0,comment,44627,44856,1705799957
10074.0,41005.0,comment,44626,44856,1705797598
41005.0,10074.0,comment,44625,44856,1705791376
41005.0,10074.0,comment,44624,44856,1705790097
10074.0,41005.0,comment,44623,44856,1705781925
41005.0,10074.0,comment,44622,44856,1705763826
39838.0,41082.0,comment,44621,44852,1705682544
39838.0,41082.0,comment,44620,44852,1705682454
40845.0,10074.0,comment,44619,44854,1705676833
41082.0,39838.0,comment,44617,44852,1705616127
41082.0,4847.0,comment,44605,44845,1705532314
41082.0,4847.0,comment,44604,44845,1705532101
41082.0,39838.0,comment,44603,44846,1705532022
4847.0,41082.0,comment,44602,44845,1705531954
41082.0,4847.0,comment,44601,44845,1705531092
10074.0,40175.0,comment,44600,44840,1705511896
40175.0,10074.0,comment,44599,44840,1705506686
10074.0,40175.0,comment,44598,44840,1705488530
40175.0,10074.0,comment,44597,44840,1705466655
41082.0,10074.0,comment,44596,44843,1705440618
41082.0,10074.0,comment,44595,44843,1705439073
39838.0,41030.0,comment,44594,44834,1705290641
39838.0,41030.0,comment,44593,44834,1705290554
39838.0,41058.0,comment,44592,44835,1705290439
41030.0,39838.0,comment,44589,44834,1705205701
41030.0,39838.0,comment,44588,44834,1705205154
41058.0,39838.0,comment,44584,44835,1705102668
41058.0,39838.0,comment,44583,44835,1705102661
41058.0,39838.0,comment,44582,44835,1705102586
41005.0,4847.0,comment,44577,44829,1705068890
4847.0,41005.0,comment,44576,44829,1705047286
41005.0,4847.0,comment,44569,44829,1705003090
41005.0,4847.0,comment,44561,44829,1704984508
41022.0,41039.0,comment,44559,44820,1704860944
39838.0,41030.0,comment,44551,44816,1704834987
41030.0,39838.0,comment,44550,44816,1704815365
39838.0,41019.0,comment,44548,44818,1704813475
39838.0,41019.0,comment,44547,44818,1704813441
41005.0,4847.0,comment,44546,44809,1704763672
41019.0,39838.0,comment,44545,44818,1704742252
41019.0,39838.0,comment,44544,44818,1704741433
39838.0,41030.0,comment,44543,44816,1704728025
4847.0,41005.0,comment,44540,44809,1704667128
41005.0,4847.0,comment,44539,44809,1704599593
41005.0,4847.0,comment,44538,44809,1704599164
39838.0,40980.0,comment,44526,44795,1704217576
39852.0,4847.0,comment,44522,44796,1704203919
39883.0,4847.0,comment,44521,44793,1703991430
39883.0,4847.0,comment,44520,44788,1703878296
39838.0,40941.0,comment,44516,44778,1703782297
40757.0,4847.0,comment,44514,44686,1703778385
40930.0,10074.0,comment,44513,44773,1703775106
40867.0,10074.0,comment,44512,44750,1703476886
10074.0,40867.0,comment,44511,44750,1703456422
40829.0,39838.0,comment,44510,44769,1703388165
40867.0,10074.0,comment,44509,44750,1703379827
40890.0,10074.0,comment,44504,44762,1703248126
40493.0,10074.0,comment,44503,44763,1703202610
39838.0,40886.0,comment,44499,44758,1703199247
10074.0,40867.0,comment,44498,44750,1703157777
40867.0,10074.0,comment,44497,44750,1703125789
40886.0,39838.0,comment,44495,44758,1703109892
40886.0,39838.0,comment,44494,44758,1703109741
40886.0,39838.0,comment,44493,44758,1703109704
40828.0,39838.0,comment,44491,44756,1703014709
40806.0,39838.0,comment,44490,44724,1702957450
40806.0,39838.0,comment,44489,44724,1702957428
39838.0,40544.0,comment,44485,44748,1702912690
40544.0,39838.0,comment,44483,44748,1702850187
39838.0,40544.0,comment,44482,44748,1702757367
39838.0,40843.0,comment,44479,44745,1702756844
39838.0,40843.0,comment,44478,44745,1702756743
10074.0,40867.0,comment,44476,44750,1702745679
40867.0,10074.0,comment,44475,44750,1702742484
40843.0,39838.0,comment,44474,44745,1702724160
39838.0,40841.0,comment,44470,44739,1702652995
39838.0,40841.0,comment,44469,44739,1702652693
39838.0,40841.0,comment,44468,44739,1702652565
40841.0,39838.0,comment,44467,44739,1702625503
40841.0,39838.0,comment,44466,44739,1702625054
39838.0,40802.0,comment,44454,44743,1702588240
39838.0,40838.0,comment,44450,44737,1702586951
39838.0,40838.0,comment,44449,44737,1702586762
40838.0,39838.0,comment,44448,44737,1702584980
40797.0,10074.0,comment,44444,44710,1702500544
39838.0,40784.0,comment,44443,44740,1702497978
39838.0,40784.0,comment,44442,44707,1702497908
40797.0,10074.0,comment,44439,44710,1702497251
40797.0,10074.0,comment,44438,44710,1702497166
39838.0,40806.0,comment,44430,44724,1702481690
40802.0,39838.0,comment,44424,44734,1702475683
39838.0,10074.0,comment,44418,44714,1702419753
39883.0,39838.0,comment,44406,44725,1702347754
39838.0,40653.0,comment,44376,44652,1701791166
39838.0,39883.0,comment,44375,44695,1701790940
39838.0,40754.0,comment,44362,44678,1701545045
40754.0,39838.0,comment,44357,44678,1701529527
39838.0,40754.0,comment,44353,44678,1701451888
39838.0,40754.0,comment,44352,44677,1701451677
39838.0,40754.0,comment,44351,44678,1701451560
40754.0,39838.0,comment,44347,44677,1701368711
40728.0,4847.0,comment,44341,44669,1701154745
40410.0,4847.0,comment,44312,44629,1699463009
40604.0,39838.0,comment,44311,44625,1699409213
40503.0,10074.0,comment,44300,44596,1698801828
39838.0,38661.0,comment,44278,44600,1698328849
39838.0,38661.0,comment,44277,44596,1698328687
40501.0,10074.0,comment,44276,44597,1698278636
38661.0,39838.0,comment,44275,44596,1698276663
38661.0,39838.0,comment,44274,44600,1698273918
39838.0,10074.0,comment,44264,44596,1698243382
39838.0,10074.0,comment,44263,44596,1698243129
40493.0,4847.0,comment,44280,44590,1698335035
39838.0,4847.0,comment,44268,44590,1698267932
4847.0,39838.0,comment,44267,44590,1698264646
39838.0,4847.0,comment,44265,44590,1698244162
39838.0,38722.0,comment,44258,44592,1698158159
39838.0,38722.0,comment,44257,44592,1698158060
39838.0,38722.0,comment,44254,44585,1698070352
38722.0,39838.0,comment,44253,44585,1697980340
40410.0,10074.0,comment,44250,44582,1697907541
38488.0,10074.0,comment,44243,44559,1697542066
10074.0,38488.0,comment,44242,44559,1697538724
38488.0,10074.0,comment,44241,44559,1697535300
40437.0,10074.0,comment,44240,44569,1697517908
10074.0,40444.0,comment,44239,44569,1697508122
40444.0,10074.0,comment,44238,44569,1697505497
10074.0,38488.0,comment,44235,44559,1697481606
38488.0,10074.0,comment,44234,44559,1697480096
10074.0,38488.0,comment,44233,44559,1697476798
40089.0,39838.0,comment,44232,44564,1697474253
38488.0,10074.0,comment,44231,44559,1697472939
40437.0,1090.0,comment,44229,44545,1697443054
40437.0,1090.0,comment,44228,44545,1697360385
40427.0,10074.0,comment,44226,44550,1697269582
40410.0,4847.0,comment,44223,44539,1697039438
39838.0,40380.0,comment,44213,44524,1696721590
40380.0,39838.0,comment,44207,44524,1696633007
40380.0,39838.0,comment,44206,44524,1696631817
4847.0,39838.0,comment,44203,44520,1696612797
39838.0,4847.0,comment,44199,44520,1696605325
39838.0,40368.0,comment,44197,44520,1696604921
40368.0,4847.0,comment,44188,44520,1696555596
4847.0,40363.0,comment,44183,44517,1696520849
39838.0,40363.0,comment,44182,44517,1696518061
39838.0,1090.0,comment,44174,44511,1696345711
39838.0,1090.0,comment,44173,44511,1696345255
4847.0,40189.0,comment,44155,44493,1696214156
40189.0,4847.0,comment,44151,44493,1696119898
39931.0,4847.0,comment,44150,44502,1696110231
4847.0,40189.0,comment,44149,44493,1696101379
40189.0,4847.0,comment,44148,44493,1696101070
40073.0,40306.0,comment,44144,44498,1695947060
39838.0,40306.0,comment,44141,44498,1695848762
40094.0,40245.0,comment,44140,44492,1695831116
36829.0,10074.0,comment,44139,44496,1695813924
4847.0,40189.0,comment,44133,44482,1695604342
40245.0,39838.0,comment,44131,44484,1695589024
40189.0,4847.0,comment,44129,44482,1695573689
40136.0,10074.0,comment,44080,44444,1694581845
40139.0,10074.0,comment,44079,44438,1694523178
40143.0,4847.0,comment,44078,44442,1694511870
40088.0,4847.0,comment,44070,44420,1694403854
39838.0,4847.0,comment,44069,44420,1694366326
40088.0,4847.0,comment,44062,44420,1694138616
38342.0,10074.0,comment,44061,44426,1694115880
39838.0,4847.0,comment,44059,44420,1694098645
40088.0,4847.0,comment,44056,44420,1694072530
40075.0,4847.0,comment,44051,44412,1693982752
39838.0,40028.0,comment,44049,44400,1693922404
39838.0,38155.0,comment,44043,44359,1693770917
40000.0,4847.0,comment,44037,44388,1693646291
40028.0,39838.0,comment,44036,44400,1693597256
39838.0,39822.0,comment,44027,44319,1693316958
39838.0,4847.0,comment,44024,44388,1693230975
4847.0,39838.0,comment,44023,44388,1693186434
39838.0,4847.0,comment,44020,44388,1693172223
39838.0,38155.0,comment,44012,44359,1693095220
38155.0,39838.0,comment,44008,44359,1693009489
39838.0,38155.0,comment,43993,44359,1692630291
38155.0,39838.0,comment,43992,44359,1692540687
4847.0,39903.0,comment,43969,44347,1692049538
39903.0,4847.0,comment,43968,44347,1692040542
4847.0,39903.0,comment,43966,44347,1691966155
39903.0,4847.0,comment,43965,44347,1691954237
39838.0,39822.0,comment,43949,44319,1691339775
39822.0,39838.0,comment,43948,44319,1691318979
39838.0,39672.0,comment,43947,44258,1691257690
39838.0,36650.0,comment,43920,44305,1691161311
39735.0,4847.0,comment,43914,44288,1690904105
4847.0,39735.0,comment,43908,44288,1690760767
40623.0,34912.0,comment,46093,44095,1718044238
42470.0,38732.0,comment,45819,44084,1710525604
39838.0,41058.0,comment,44753,44925,1708533913
34912.0,41124.0,comment,44656,44095,1706056747
41124.0,34912.0,comment,44655,44095,1706039619
39838.0,4847.0,comment,43988,44314,1692374492
39935.0,39628.0,comment,43982,44241,1692304829
39838.0,4847.0,comment,43937,44314,1691188746
4847.0,39838.0,comment,43936,44314,1691188477
39528.0,10074.0,comment,43906,44223,1690740051
39671.0,39628.0,comment,43895,44241,1689698355
39644.0,4847.0,comment,43893,44245,1689564358
4847.0,39643.0,comment,43892,44243,1689541678
39643.0,4847.0,comment,43891,44243,1689528194
38627.0,4847.0,comment,43886,44227,1689156350
39501.0,39424.0,comment,43880,44219,1689089783
4847.0,38627.0,comment,43879,44227,1689082384
38627.0,4847.0,comment,43878,44227,1689078045
30953.0,4847.0,comment,43869,44198,1688318718
39400.0,10074.0,comment,43865,44187,1687859836
39400.0,10074.0,comment,43864,44187,1687859721
4847.0,38722.0,comment,43862,44165,1687648277
38722.0,4847.0,comment,43861,44165,1687623100
39404.0,10074.0,comment,43860,44174,1687619397
4847.0,39410.0,comment,43859,44164,1687582047
39410.0,4847.0,comment,43858,44164,1687565611
4847.0,39419.0,comment,43855,44167,1687492832
39419.0,4847.0,comment,43854,44167,1687489097
39244.0,4847.0,comment,43844,44132,1687035178
4847.0,39244.0,comment,43838,44126,1686481818
39244.0,4847.0,comment,43837,44126,1686481709
4847.0,39244.0,comment,43836,44126,1686481622
39244.0,4847.0,comment,43835,44126,1686478161
36829.0,34912.0,comment,43834,44104,1686328383
38447.0,4847.0,comment,43833,44102,1686069211
36307.0,4847.0,comment,43827,44086,1685125996
4847.0,36307.0,comment,43826,44027,1684989427
36307.0,4847.0,comment,43824,44027,1684953250
39092.0,4847.0,comment,43823,44082,1684877786
39092.0,4847.0,comment,43822,44082,1684876207
34945.0,4847.0,comment,43814,44069,1684367976
4847.0,38342.0,comment,43812,44054,1684194537
38342.0,4847.0,comment,43811,44054,1684157581
38996.0,4847.0,comment,43810,44055,1684079879
7672.0,38910.0,comment,43809,44034,1683982219
38935.0,4847.0,comment,43805,44040,1683637868
36307.0,4847.0,comment,43792,44027,1683206729
4847.0,38732.0,comment,43791,44025,1683173229
4847.0,38732.0,comment,43790,44025,1683173051
4847.0,38732.0,comment,43789,44025,1683172922
38732.0,4847.0,comment,43787,44025,1683170999
4847.0,38732.0,comment,43786,44025,1683156883
38732.0,4847.0,comment,43785,44025,1683155170
4847.0,36307.0,comment,43784,44027,1683150932
4847.0,38732.0,comment,43783,44025,1683150890
36307.0,4847.0,comment,43782,44027,1683127598
38732.0,4847.0,comment,43781,44025,1683123201
38419.0,4847.0,comment,43775,44005,1682685089
38433.0,4847.0,comment,43772,43980,1682634753
4847.0,38732.0,comment,43771,44009,1682629742
38732.0,4847.0,comment,43768,44009,1682601543
4847.0,38419.0,comment,43767,44005,1682582305
4847.0,38732.0,comment,43766,44002,1682567347
38732.0,4847.0,comment,43765,44002,1682566389
38419.0,4847.0,comment,43764,44005,1682565872
4847.0,38433.0,comment,43763,43980,1682541702
38433.0,4847.0,comment,43762,43980,1682528883
38433.0,4847.0,comment,43761,43980,1682528769
38793.0,4847.0,comment,43757,43982,1682397937
4847.0,38793.0,comment,43751,43982,1682271478
38793.0,4847.0,comment,43750,43982,1682241235
4847.0,38155.0,comment,43747,43971,1682208301
38155.0,4847.0,comment,43745,43971,1682204276
38779.0,4847.0,comment,43744,43968,1682103272
38661.0,38419.0,comment,43741,43950,1681586064
38661.0,38682.0,comment,43740,43952,1681578120
38661.0,38682.0,comment,43739,43952,1681577838
38661.0,38682.0,comment,43738,43952,1681577362
38682.0,38661.0,comment,43737,43952,1681576291
38661.0,38682.0,comment,43734,43952,1681475849
38682.0,38661.0,comment,43733,43952,1681474771
38692.0,4847.0,comment,43732,43951,1681443808
38661.0,38155.0,comment,43731,43937,1681389433
38661.0,38155.0,comment,43730,43937,1681387496
38419.0,4847.0,comment,43729,43950,1681339524
38155.0,38661.0,comment,43727,43937,1681221585
39838.0,40935.0,comment,44525,44774,1704217473
40448.0,34912.0,comment,44246,43678,1697660968
4847.0,40173.0,comment,44109,43686,1694819818
40173.0,4847.0,comment,44108,43686,1694808485
34912.0,40108.0,comment,44067,44429,1694291675
34912.0,40108.0,comment,44066,43786,1694289992
40108.0,34912.0,comment,44064,43786,1694214836
38158.0,39702.0,comment,43897,44263,1689998677
39466.0,34912.0,comment,43866,43925,1687875013
22265.0,4847.0,comment,43743,43940,1681742152
38627.0,4847.0,comment,43719,43929,1680619387
38612.0,4847.0,comment,43714,43919,1680310372
36307.0,10074.0,comment,43708,43898,1679472576
38444.0,10074.0,comment,43697,43880,1679234089
10074.0,38447.0,comment,43695,43875,1678962253
38447.0,10074.0,comment,43694,43875,1678885511
38447.0,10074.0,comment,43693,43875,1678885197
4847.0,38433.0,comment,43692,43872,1678849708
38433.0,4847.0,comment,43690,43872,1678834549
38433.0,4847.0,comment,43689,43872,1678834502
38420.0,4847.0,comment,43688,43866,1678831543
4847.0,38433.0,comment,43687,43872,1678821790
38433.0,4847.0,comment,43686,43872,1678821564
38433.0,4847.0,comment,43685,43872,1678821505
4847.0,38433.0,comment,43684,43872,1678765606
38433.0,4847.0,comment,43683,43872,1678754683
38383.0,4847.0,comment,43676,43853,1678225113
38371.0,4847.0,comment,43675,43849,1678196792
36930.0,37292.0,comment,43670,43840,1677956574
36930.0,37292.0,comment,43669,43840,1677954968
38279.0,10074.0,comment,43659,43812,1677391672
38279.0,4847.0,comment,43658,43813,1677391487
4847.0,38256.0,comment,43653,43805,1677043302
38255.0,38256.0,comment,43652,43805,1677028928
38245.0,4847.0,comment,43651,43802,1676935686
37131.0,4847.0,comment,43649,43780,1676919888
38232.0,4847.0,comment,43645,43793,1676858397
34912.0,37652.0,comment,43644,43797,1676846590
37652.0,34912.0,comment,43643,43797,1676841287
38124.0,4847.0,comment,43641,43789,1676739460
4847.0,37131.0,comment,43640,43780,1676672894
37131.0,4847.0,comment,43639,43780,1676669980
37131.0,4847.0,comment,43638,43780,1676669857
4847.0,38212.0,comment,43633,43776,1676577008
38212.0,4847.0,comment,43632,43776,1676533187
23994.0,37871.0,comment,43631,43709,1676524772
38192.0,4847.0,comment,43625,43767,1676366803
10074.0,38139.0,comment,43623,43761,1676317057
38139.0,10074.0,comment,43622,43761,1676304725
38139.0,10074.0,comment,43620,43761,1676246989
4847.0,38153.0,comment,43616,43744,1676066712
38155.0,4847.0,comment,43615,43748,1676065577
38153.0,4847.0,comment,43614,43744,1676028628
38147.0,10074.0,comment,43612,43741,1675997699
34912.0,38129.0,comment,43608,43731,1675895918
38129.0,34912.0,comment,43603,43731,1675699960
38121.0,1090.0,comment,43599,43728,1675679197
38121.0,1090.0,comment,43598,43728,1675678651
37709.0,10074.0,comment,43595,43721,1675368416
38003.0,34912.0,comment,43585,43712,1675131973
38046.0,10074.0,comment,43581,43706,1675076694
38039.0,34912.0,comment,43573,43694,1674843619
34912.0,37900.0,comment,43568,43688,1674759659
37900.0,34912.0,comment,43567,43688,1674739093
37998.0,4847.0,comment,43564,43684,1674585351
37997.0,34912.0,comment,43562,43678,1674510930
37960.0,4847.0,comment,43561,43665,1674477151
37998.0,4847.0,comment,43559,43676,1674318917
30953.0,4847.0,comment,43557,43674,1674297428
30953.0,4847.0,comment,43555,43670,1674220414
1090.0,4847.0,comment,43549,43668,1674198124
4847.0,37960.0,comment,43545,43665,1674130988
37960.0,4847.0,comment,43544,43665,1674128043
37981.0,4847.0,comment,43539,43664,1674084110
42490.0,40500.0,comment,45833,44593,1710863088
39838.0,41258.0,comment,44755,44932,1708534824
40187.0,37896.0,comment,44114,43628,1694979761
39138.0,37896.0,comment,43829,43628,1685415504
38617.0,4847.0,comment,43715,43571,1680330892
38313.0,37896.0,comment,43663,43628,1677608000
36292.0,1090.0,comment,43624,43466,1676329848
38002.0,37902.0,comment,43558,43634,1674300083
37872.0,4847.0,comment,43531,43651,1674046923
4847.0,37872.0,comment,43526,43651,1674004375
37848.0,10074.0,comment,43523,43655,1673985200
37872.0,4847.0,comment,43520,43651,1673966574
4847.0,37872.0,comment,43513,43651,1673941890
37872.0,4847.0,comment,43512,43651,1673924468
37910.0,4847.0,comment,43511,43638,1673723334
37872.0,4847.0,comment,43510,43649,1673689583
37920.0,4847.0,comment,43508,43647,1673610113
36748.0,10074.0,comment,43507,43631,1673579305
37917.0,37879.0,comment,43506,43643,1673569902
37879.0,10074.0,comment,43502,43621,1673404099
37763.0,37896.0,comment,43500,43628,1673370957
4847.0,37872.0,comment,43496,43618,1673261266
37872.0,4847.0,comment,43495,43618,1673250837
4847.0,37867.0,comment,43493,43612,1673083008
37867.0,4847.0,comment,43492,43612,1673081926
37871.0,4847.0,comment,43490,43505,1673077741
37695.0,4847.0,comment,43485,43597,1672842439
37695.0,4847.0,comment,43484,43597,1672841905
37587.0,10074.0,comment,43479,43592,1672646953
4847.0,37820.0,comment,43478,43587,1672580729
37820.0,4847.0,comment,43477,43587,1672546984
4847.0,37820.0,comment,43476,43587,1672509944
37820.0,4847.0,comment,43474,43587,1672486936
37818.0,4847.0,comment,43473,43584,1672486691
4847.0,37818.0,comment,43470,43584,1672441904
37818.0,4847.0,comment,43469,43584,1672434532
36734.0,4847.0,comment,43467,43571,1672412436
10074.0,37810.0,comment,43465,43581,1672327981
37695.0,10074.0,comment,43464,43575,1672315642
37068.0,10074.0,comment,43459,43564,1672103962
4847.0,37698.0,comment,43458,43541,1672084611
37698.0,4847.0,comment,43457,43541,1672074133
37695.0,10074.0,comment,43453,43551,1671977597
37737.0,10074.0,comment,43445,43530,1671828014
10074.0,37737.0,comment,43444,43530,1671822712
37737.0,10074.0,comment,43443,43530,1671821294
37756.0,1090.0,comment,43442,43540,1671806172
37695.0,4847.0,comment,43441,43549,1671800127
37758.0,4847.0,comment,43439,43546,1671794592
1090.0,37756.0,comment,43438,43540,1671737812
37763.0,4847.0,comment,43436,43536,1671732240
4847.0,37763.0,comment,43435,43536,1671731413
37763.0,4847.0,comment,43434,43536,1671729209
37737.0,10074.0,comment,43432,43530,1671672820
10074.0,37737.0,comment,43431,43530,1671590888
37737.0,10074.0,comment,43430,43530,1671585782
37726.0,10074.0,comment,43427,43524,1671379016
37681.0,4847.0,comment,43426,43505,1671197830
37706.0,4847.0,comment,43424,43513,1671189459
37549.0,4847.0,comment,43419,43500,1670997249
37649.0,4847.0,comment,43418,43493,1670990048
4847.0,37549.0,comment,43417,43500,1670973949
37633.0,4847.0,comment,43414,43476,1670929266
37549.0,4847.0,comment,43413,43500,1670928848
37068.0,4847.0,comment,43411,43498,1670902855
4847.0,37068.0,comment,43409,43498,1670882141
37633.0,4847.0,comment,43405,43476,1670845124
37633.0,4847.0,comment,43404,43476,1670842944
4847.0,37644.0,comment,43403,43490,1670808525
37644.0,10074.0,comment,43402,43485,1670788681
10074.0,37644.0,comment,43400,43485,1670732043
37644.0,10074.0,comment,43399,43485,1670706941
10074.0,37644.0,comment,43398,43485,1670704649
37644.0,10074.0,comment,43397,43485,1670700963
4847.0,36006.0,comment,43395,43473,1670540666
36006.0,4847.0,comment,43394,43472,1670485485
37547.0,37484.0,comment,43392,43426,1670330130
1090.0,37604.0,comment,43390,43466,1670299714
37604.0,1090.0,comment,43389,43466,1670299050
37131.0,4847.0,comment,43387,43447,1670244973
37484.0,37547.0,comment,43384,43426,1670193818
37587.0,4847.0,comment,43383,43446,1670147722
4847.0,37569.0,comment,43382,43435,1670123713
37506.0,10074.0,comment,43380,43440,1670016197
37506.0,10074.0,comment,43379,43440,1669966604
37547.0,37484.0,comment,43377,43426,1669635558
45965.0,34912.0,comment,46294,43307,1750437615
39838.0,40918.0,comment,44524,44767,1704216873
39838.0,40918.0,comment,44523,44767,1704216757
40772.0,37003.0,comment,44407,43222,1702373388
40777.0,37003.0,comment,44368,43222,1701674788
37193.0,39992.0,comment,44333,44382,1700605766
37822.0,34912.0,comment,43468,43416,1672427985
37549.0,37069.0,comment,43406,43248,1670854551
34912.0,37340.0,comment,43376,43416,1669572391
34912.0,37340.0,comment,43375,43416,1669572018
37340.0,34912.0,comment,43374,43416,1669547390
28527.0,10074.0,comment,43372,43407,1669517127
37340.0,34912.0,comment,43368,43416,1669474672
10074.0,28527.0,comment,43365,43407,1669380271
35927.0,4847.0,comment,43364,43401,1669329706
4847.0,35927.0,comment,43363,43401,1669327535
28527.0,10074.0,comment,43362,43407,1669322704
35927.0,4847.0,comment,43361,43401,1669289351
34027.0,34912.0,comment,43357,43394,1669149591
34912.0,34027.0,comment,43356,43394,1669072113
34027.0,34912.0,comment,43355,43394,1669069015
10074.0,37420.0,comment,43354,43383,1668991440
37420.0,10074.0,comment,43353,43383,1668961395
37420.0,4847.0,comment,43347,43376,1668866205
4847.0,10074.0,comment,43346,43376,1668837897
10074.0,4847.0,comment,43345,43376,1668825219
28527.0,10074.0,comment,43343,43381,1668791641
37131.0,4847.0,comment,43342,43360,1668773321
37438.0,4847.0,comment,43339,43364,1668591180
4847.0,37131.0,comment,43338,43360,1668554660
37131.0,4847.0,comment,43336,43360,1668512766
37131.0,4847.0,comment,43335,43360,1668512693
4847.0,37131.0,comment,43333,43347,1668469742
37131.0,4847.0,comment,43331,43347,1668438732
37131.0,4847.0,comment,43330,43347,1668429857
4847.0,37399.0,comment,43324,43352,1668285385
4847.0,37399.0,comment,43323,43352,1668285252
37399.0,4847.0,comment,43321,43352,1668279311
37131.0,4847.0,comment,43319,43347,1668203277
4847.0,37395.0,comment,43318,43348,1668202789
37395.0,4847.0,comment,43317,43348,1668196359
37131.0,10074.0,comment,43316,43343,1668079872
37354.0,4847.0,comment,43315,43341,1668078142
37347.0,4847.0,comment,43309,43327,1667764662
37342.0,4847.0,comment,43307,43274,1667752195
37339.0,4847.0,comment,43306,43337,1667741399
37307.0,4847.0,comment,43304,43319,1667644230
37326.0,4847.0,comment,43302,43331,1667629043
4847.0,37313.0,comment,43298,43327,1667593619
37313.0,4847.0,comment,43297,43327,1667571001
37313.0,4847.0,comment,43296,43327,1667569518
37309.0,34912.0,comment,43295,43322,1667496531
37131.0,4847.0,comment,43293,43317,1667473445
37131.0,4847.0,comment,43291,43317,1667421811
4847.0,37131.0,comment,43290,43317,1667418187
37131.0,4847.0,comment,43289,43312,1667412262
37131.0,4847.0,comment,43288,43312,1667412249
37131.0,4847.0,comment,43287,43298,1667249030
34912.0,37263.0,comment,43286,43307,1667221313
34912.0,37263.0,comment,43285,43307,1667221145
37263.0,34912.0,comment,43284,43307,1667200032
37263.0,34912.0,comment,43283,43307,1667199900
37155.0,34912.0,comment,43280,43294,1667103331
37222.0,34912.0,comment,43276,43293,1666858892
4847.0,28527.0,comment,43275,43283,1666552734
28527.0,4847.0,comment,43274,43283,1666542982
28527.0,4847.0,comment,43272,43283,1666537084
4847.0,28527.0,comment,43271,43283,1666514749
28527.0,4847.0,comment,43270,43283,1666486644
28527.0,4847.0,comment,43269,43283,1666485951
4847.0,28527.0,comment,43268,43283,1666479955
28527.0,4847.0,comment,43267,43283,1666473744
4847.0,28527.0,comment,43266,43283,1666471287
4847.0,28527.0,comment,43265,43283,1666471204
28527.0,4847.0,comment,43264,43283,1666448473
28527.0,4847.0,comment,43263,43283,1666448374
37158.0,4847.0,comment,43258,43274,1666211234
4847.0,37158.0,comment,43257,43274,1666210456
37158.0,4847.0,comment,43256,43274,1666210210
37131.0,4847.0,comment,43254,43261,1666142226
37131.0,37134.0,comment,43253,43260,1666142191
36998.0,4847.0,comment,43252,43256,1666036739
36998.0,4847.0,comment,43251,43256,1666036381
4847.0,36523.0,comment,43249,43254,1665907473
36523.0,4847.0,comment,43248,43254,1665902656
37069.0,4847.0,comment,43247,43248,1665787076
37003.0,37105.0,comment,43246,43222,1665760588
37105.0,37003.0,comment,43245,43222,1665752746
37094.0,36702.0,comment,43244,43241,1665709852
37003.0,37105.0,comment,43241,43222,1665664912
36702.0,37094.0,comment,43239,43241,1665593078
37105.0,37003.0,comment,43238,43222,1665575430
36990.0,34912.0,comment,43236,43238,1665506728
37080.0,10074.0,comment,43235,43237,1665443423
36942.0,4847.0,comment,43232,43194,1665335586
28078.0,36951.0,comment,43228,43191,1665166660
4847.0,37040.0,comment,43227,43227,1665166583
37040.0,4847.0,comment,43226,43227,1665153026
4847.0,37035.0,comment,43225,43224,1664915883
37035.0,4847.0,comment,43224,43224,1664913265
36990.0,10074.0,comment,43222,43217,1664599712
4847.0,10074.0,comment,43221,43216,1664569950
34945.0,4847.0,comment,43219,43208,1664522160
34945.0,4847.0,comment,43217,43208,1664503255
4847.0,36975.0,comment,43215,43202,1664397253
36975.0,4847.0,comment,43214,43202,1664396360
36942.0,4847.0,comment,43210,43194,1664203494
10074.0,4847.0,comment,43209,43194,1664190087
36942.0,10074.0,comment,43208,43188,1664099219
36942.0,10074.0,comment,43207,43188,1664098881
36244.0,10074.0,comment,43198,43181,1663864172
36847.0,4847.0,comment,43190,43162,1663247818
36847.0,4847.0,comment,43189,43159,1663165671
36834.0,10074.0,comment,43187,43155,1663111105
36658.0,4847.0,comment,43176,43141,1662799105
36733.0,4847.0,comment,43159,43110,1662059637
36700.0,10074.0,comment,43149,43095,1661818059
4847.0,36661.0,comment,43136,43080,1661534975
36664.0,4847.0,comment,43135,43083,1661533672
36661.0,4847.0,comment,43134,43080,1661531880
39838.0,36540.0,comment,44765,44946,1708634418
39838.0,36951.0,comment,44764,43192,1708634369
38182.0,23525.0,comment,43618,42881,1676207293
4847.0,36570.0,comment,43166,43022,1662369120
36570.0,4847.0,comment,43165,43022,1662368348
4847.0,28527.0,comment,43131,43052,1661503018
36607.0,4847.0,comment,43130,43050,1661476656
36668.0,36422.0,comment,43128,42968,1661423846
36642.0,36569.0,comment,43125,43062,1661305847
36648.0,4847.0,comment,43123,43072,1661277595
36569.0,36642.0,comment,43121,43062,1661193901
4847.0,36608.0,comment,43118,43055,1661102377
36482.0,4847.0,comment,43117,42996,1661090338
36608.0,4847.0,comment,43116,43055,1661074992
36589.0,36624.0,comment,43113,43058,1661022318
28527.0,4847.0,comment,43110,43054,1660921787
1090.0,4847.0,comment,43109,43054,1660891643
4847.0,28527.0,comment,43108,43052,1660883883
34131.0,10074.0,comment,43103,43042,1660752983
4847.0,36570.0,comment,43094,43022,1660591863
36570.0,4847.0,comment,43093,43022,1660527174
36569.0,4847.0,comment,43088,43019,1660431855
36317.0,36491.0,comment,43081,43004,1660146688
36317.0,36525.0,comment,43080,42971,1660145201
36525.0,36317.0,comment,43079,42971,1660039176
36491.0,34131.0,comment,43076,42991,1659968017
34131.0,36491.0,comment,43075,42991,1659959559
36506.0,4847.0,comment,43074,42997,1659942764
4847.0,31743.0,comment,43071,42978,1659847675
31743.0,4847.0,comment,43064,42978,1659389283
31743.0,4847.0,comment,43063,42978,1659389229
4847.0,34945.0,comment,43062,42974,1659319451
34945.0,4847.0,comment,43061,42974,1659306958
34945.0,4847.0,comment,43059,42974,1659300206
36447.0,4847.0,comment,43058,42976,1659261612
4847.0,36282.0,comment,43057,42966,1658961253
36282.0,4847.0,comment,43056,42966,1658930021
36394.0,4847.0,comment,43052,42950,1658757888
32655.0,4847.0,comment,43051,42946,1658674693
4847.0,32655.0,comment,43050,42946,1658650976
32655.0,4847.0,comment,43049,42946,1658628191
36370.0,4847.0,comment,43047,42941,1658516510
4847.0,36370.0,comment,43046,42941,1658470392
36370.0,4847.0,comment,43045,42941,1658461716
4847.0,31743.0,comment,43044,42912,1658442279
31743.0,4847.0,comment,43043,42912,1658441051
35677.0,4847.0,comment,43042,42934,1658416213
36336.0,10074.0,comment,43035,42931,1658077233
36322.0,4847.0,comment,43026,42926,1657973439
36307.0,4847.0,comment,43018,42918,1657905624
36281.0,4847.0,comment,43016,42911,1657854432
31743.0,4847.0,comment,43012,42906,1657730136
4847.0,31743.0,comment,43009,42906,1657620168
31743.0,4847.0,comment,43008,42906,1657611228
31743.0,4847.0,comment,43007,42906,1657611181
36244.0,23525.0,comment,43003,42881,1657547778
36265.0,4847.0,comment,43001,42895,1657539981
4847.0,36192.0,comment,42998,42876,1657489177
36192.0,4847.0,comment,42997,42876,1657485232
23525.0,4847.0,comment,42995,42882,1657225354
36226.0,4847.0,comment,42993,42872,1657064960
4847.0,10074.0,comment,42992,42871,1657064375
4847.0,36226.0,comment,42991,42872,1657064156
36226.0,10074.0,comment,42990,42871,1657062192
36226.0,4847.0,comment,42989,42872,1657062123
10074.0,36226.0,comment,42987,42871,1657057542
4847.0,1090.0,comment,42986,42868,1657051320
36226.0,10074.0,comment,42985,42871,1657051239
4847.0,36211.0,comment,42984,42863,1657051225
36226.0,10074.0,comment,42983,42871,1657050608
36211.0,4847.0,comment,42982,42863,1657041867
23525.0,1090.0,comment,42981,42868,1657007130
36225.0,4847.0,comment,42980,42867,1656990727
36140.0,4847.0,comment,42974,42835,1656511065
35755.0,4847.0,comment,42972,42836,1656407258
35755.0,4847.0,comment,42969,42836,1656161810
36114.0,4847.0,comment,42965,42828,1655758939
36016.0,4847.0,comment,42961,42817,1655406037
36016.0,36071.0,comment,42960,42816,1655401881
36016.0,4847.0,comment,42959,42817,1655401851
36075.0,36016.0,comment,42958,42815,1655333864
36016.0,36075.0,comment,42957,42815,1655331990
44118.0,34912.0,comment,46251,42773,1735394583
42701.0,35698.0,comment,45983,42662,1713659220
39838.0,35955.0,comment,44763,42804,1708634248
41148.0,34912.0,comment,44671,42705,1706251003
40835.0,35575.0,comment,44409,42617,1702413305
40478.0,1090.0,comment,44249,42659,1697905928
40316.0,36561.0,comment,44142,43016,1695885397
38792.0,34912.0,comment,43746,42741,1682208274
38291.0,38296.0,comment,43661,43064,1677503034
38296.0,38291.0,comment,43660,43064,1677392867
38291.0,36643.0,comment,43657,43064,1677326996
37327.0,34912.0,comment,43416,42773,1670942254
37028.0,35698.0,comment,43366,42662,1669415047
37309.0,10074.0,comment,43294,42808,1667473471
36960.0,34912.0,comment,43211,42741,1664214810
36284.0,35345.0,comment,43089,42609,1660483077
35757.0,35575.0,comment,43053,42617,1658758614
35575.0,35757.0,comment,43039,42617,1658209308
36274.0,34912.0,comment,43002,42705,1657543742
36198.0,34912.0,comment,42977,42705,1656695125
35222.0,10074.0,comment,42970,42808,1656318369
35830.0,26147.0,comment,42966,42759,1655845271
36096.0,34912.0,comment,42963,42773,1655481498
36070.0,34912.0,comment,42956,42741,1655313593
36013.0,4847.0,comment,42951,42796,1654948097
36013.0,4847.0,comment,42949,42796,1654946626
35757.0,35575.0,comment,42943,42617,1654798884
4847.0,35989.0,comment,42942,42789,1654721571
35989.0,4847.0,comment,42941,42789,1654685687
35575.0,34912.0,comment,42933,42773,1654326350
35956.0,35954.0,comment,42925,42771,1654245699
34912.0,32586.0,comment,42911,42741,1653568430
32586.0,34912.0,comment,42910,42741,1653548175
4847.0,35800.0,comment,42909,42740,1653532973
35800.0,4847.0,comment,42908,42740,1653514750
35851.0,4847.0,comment,42905,42736,1653468816
35825.0,4847.0,comment,42904,42722,1653327954
35825.0,4847.0,comment,42903,42722,1653327564
4847.0,35825.0,comment,42902,42722,1653255615
35825.0,4847.0,comment,42901,42722,1653212101
23988.0,35800.0,comment,42899,42713,1652933060
35800.0,23988.0,comment,42898,42713,1652893624
35738.0,34912.0,comment,42896,42705,1652747539
34912.0,35738.0,comment,42895,42705,1652745802
35738.0,34912.0,comment,42893,42705,1652731920
35738.0,34912.0,comment,42892,42685,1652547435
35757.0,4847.0,comment,42891,42695,1652408704
34912.0,35738.0,comment,42890,42685,1652199762
4847.0,35702.0,comment,42888,42665,1652154898
35735.0,35633.0,comment,42887,42636,1652107007
35702.0,4847.0,comment,42886,42665,1652055242
35602.0,1090.0,comment,42877,42659,1651670967
4847.0,35692.0,comment,42876,42658,1651645310
35692.0,4847.0,comment,42875,42658,1651630825
35692.0,4847.0,comment,42874,42658,1651630819
35672.0,10074.0,comment,42871,42651,1651519874
35672.0,10074.0,comment,42869,42651,1651351499
35672.0,10074.0,comment,42868,42651,1651350936
35643.0,35633.0,comment,42867,42636,1650941486
35630.0,4847.0,comment,42864,42637,1650805746
28966.0,10074.0,comment,42859,42626,1650371433
35585.0,4847.0,comment,42856,42622,1650091772
34912.0,35455.0,comment,42854,42614,1649898685
35455.0,34912.0,comment,42852,42614,1649894754
23988.0,35472.0,comment,42850,42578,1649872060
35472.0,23988.0,comment,42849,42578,1649867705
35345.0,4847.0,comment,42847,42609,1649676026
35404.0,23988.0,comment,42846,42551,1649619643
35543.0,34945.0,comment,42844,42571,1649316585
35534.0,4847.0,comment,42843,42597,1649234234
35509.0,4847.0,comment,42840,42590,1648869630
35489.0,10074.0,comment,42832,42586,1648659006
35488.0,4847.0,comment,42831,42584,1648654488
35469.0,4847.0,comment,42828,42574,1648335296
35452.0,23988.0,comment,42826,42570,1648114026
23988.0,35404.0,comment,42820,42551,1647518758
35404.0,23988.0,comment,42819,42551,1647514280
35052.0,35394.0,comment,42814,42546,1647264044
34002.0,10074.0,comment,42809,42535,1646778279
24171.0,27916.0,comment,43412,42692,1670909859
36713.0,32678.0,comment,43155,42396,1661862459
35125.0,34945.0,comment,43099,42982,1660665791
34945.0,35106.0,comment,43065,42412,1659485960
36292.0,35000.0,comment,43010,42367,1657684753
35417.0,35291.0,comment,42821,42516,1647596424
35294.0,10074.0,comment,42797,42519,1645897760
10074.0,35294.0,comment,42796,42519,1645897052
35294.0,10074.0,comment,42795,42519,1645895242
4847.0,28661.0,comment,42788,42507,1645469258
28661.0,4847.0,comment,42787,42507,1645467281
35245.0,10074.0,comment,42781,42497,1645208445
4847.0,23988.0,comment,42779,42480,1644956381
34945.0,23988.0,comment,42778,42481,1644941910
23988.0,35190.0,comment,42776,42465,1644926810
35190.0,23988.0,comment,42775,42465,1644926327
23988.0,35190.0,comment,42774,42465,1644920706
34027.0,10074.0,comment,42773,42485,1644915261
35190.0,23988.0,comment,42771,42465,1644855772
35193.0,10074.0,comment,42770,42475,1644843349
35193.0,10074.0,comment,42769,42475,1644841861
35193.0,10074.0,comment,42768,42475,1644832919
35204.0,23988.0,comment,42765,42473,1644600852
35204.0,23988.0,comment,42764,42473,1644597457
23988.0,35173.0,comment,42762,42453,1644433960
35173.0,23988.0,comment,42761,42453,1644419818
35161.0,32678.0,comment,42760,42442,1644251292
35171.0,10074.0,comment,42759,42448,1644241089
35165.0,10074.0,comment,42758,42441,1644238089
32868.0,10074.0,comment,42753,42427,1643935098
23988.0,35048.0,comment,42751,42409,1643613304
4847.0,35048.0,comment,42750,42414,1643565785
4847.0,35048.0,comment,42749,42414,1643565651
35048.0,23988.0,comment,42748,42409,1643493582
35048.0,4847.0,comment,42747,42414,1643493474
35106.0,23988.0,comment,42744,42412,1643370696
35108.0,23988.0,comment,42742,42410,1643367091
23988.0,35108.0,comment,42740,42410,1643366914
35108.0,23988.0,comment,42739,42410,1643366796
35108.0,23988.0,comment,42738,42410,1643366736
35101.0,35100.0,comment,42737,42401,1643266061
28998.0,10074.0,comment,42734,42364,1643246001
28998.0,35036.0,comment,42733,42391,1643245981
35089.0,10074.0,comment,42729,42395,1643213751
35048.0,10074.0,comment,42726,42368,1643070950
10074.0,35076.0,comment,42725,42385,1643017262
35076.0,10074.0,comment,42724,42385,1642981199
34002.0,10074.0,comment,42723,42381,1642784470
35055.0,23988.0,comment,42722,42377,1642707373
23988.0,35055.0,comment,42721,42377,1642700444
35055.0,23988.0,comment,42720,42377,1642695357
23988.0,35055.0,comment,42719,42377,1642691243
35055.0,23988.0,comment,42717,42377,1642672576
35055.0,23988.0,comment,42716,42377,1642672143
23988.0,35055.0,comment,42715,42377,1642595394
35055.0,23988.0,comment,42714,42377,1642588038
23988.0,35055.0,comment,42713,42377,1642583469
35055.0,23988.0,comment,42712,42377,1642581492
35055.0,4847.0,comment,42711,42374,1642530291
35041.0,10074.0,comment,42710,42356,1642409409
35032.0,23988.0,comment,42709,42350,1642359300
23988.0,35032.0,comment,42707,42350,1642333446
35017.0,10074.0,comment,42705,42336,1642307725
35032.0,23988.0,comment,42704,42350,1642285498
35028.0,23988.0,comment,42703,42347,1642241484
23988.0,35028.0,comment,42702,42347,1642239243
35028.0,23988.0,comment,42701,42347,1642228467
35014.0,35018.0,comment,42700,42339,1642175346
10074.0,35017.0,comment,42699,42336,1642170342
35017.0,10074.0,comment,42697,42336,1642158775
34996.0,4847.0,comment,42693,42324,1641895189
34681.0,34437.0,comment,42684,42303,1641203114
34681.0,34437.0,comment,42683,42303,1641203056
34912.0,32928.0,comment,42676,42300,1641137213
34895.0,10074.0,comment,42675,42281,1641133697
34895.0,10074.0,comment,42674,42281,1641133549
34437.0,34681.0,comment,42673,42303,1641129048
32928.0,34912.0,comment,42672,42300,1641128963
34912.0,32928.0,comment,42670,42300,1641051199
32928.0,34912.0,comment,42668,42300,1641039087
32327.0,34913.0,comment,42657,42287,1640844679
34903.0,4847.0,comment,42656,42290,1640834673
34893.0,1161.0,comment,42654,42277,1640639003
32327.0,10074.0,comment,42648,42257,1640326716
34002.0,10074.0,comment,42649,42250,1640380161
34850.0,10074.0,comment,42647,42254,1640198838
10074.0,34814.0,comment,42635,42234,1639692626
34814.0,10074.0,comment,42634,42234,1639682854
34715.0,10074.0,comment,42631,42179,1639066744
34315.0,4847.0,comment,42629,42211,1639035842
34137.0,34681.0,comment,42628,42192,1638984056
34396.0,10074.0,comment,42623,42200,1638608988
34681.0,23988.0,comment,42621,42162,1638429513
10074.0,27663.0,comment,42620,42182,1638391666
27663.0,10074.0,comment,42619,42182,1638390025
34745.0,10074.0,comment,42618,42190,1638366879
10074.0,34715.0,comment,42613,42179,1638217066
23988.0,34681.0,comment,42611,42162,1638206621
34715.0,10074.0,comment,42610,42179,1638173226
34707.0,4847.0,comment,42607,42177,1637832867
34701.0,10074.0,comment,42606,42174,1637808833
4847.0,34692.0,comment,42604,42172,1637619266
34692.0,4847.0,comment,42603,42172,1637540400
34592.0,10074.0,comment,42598,42157,1637108920
10074.0,34638.0,comment,42592,42147,1636668701
34638.0,10074.0,comment,42591,42147,1636662965
34605.0,4847.0,comment,42584,42120,1636306354
4847.0,34605.0,comment,42582,42120,1636216728
34605.0,4847.0,comment,42581,42120,1636192138
34137.0,28531.0,comment,42578,42090,1636092795
34002.0,10074.0,comment,42577,42114,1635980800
10074.0,34002.0,comment,42576,42114,1635971392
34002.0,10074.0,comment,42575,42114,1635970984
34570.0,4847.0,comment,42573,42100,1635954278
34590.0,1090.0,comment,42572,42113,1635886043
34002.0,34574.0,comment,42571,42099,1635884107
34592.0,4847.0,comment,42570,42110,1635877628
34592.0,4847.0,comment,42569,42110,1635877617
34592.0,4847.0,comment,42568,42110,1635877604
34592.0,4847.0,comment,42567,42110,1635877457
4847.0,34590.0,comment,42566,42107,1635876532
34558.0,4847.0,comment,42565,42084,1635833409
34558.0,4847.0,comment,42564,42084,1635832653
34002.0,11300.0,comment,42548,42086,1635460336
34002.0,11300.0,comment,42545,42086,1635458308
10074.0,32678.0,comment,42535,42070,1635273407
32678.0,10074.0,comment,42533,42070,1635259701
32610.0,4847.0,comment,42532,42047,1635179363
4847.0,32610.0,comment,42531,42047,1635167608
32610.0,4847.0,comment,42530,42047,1635160201
32610.0,4847.0,comment,42529,42047,1635160031
32327.0,4847.0,comment,42527,42048,1635143517
34518.0,4847.0,comment,42526,42060,1635050180
32327.0,4847.0,comment,42522,42048,1634722695
32610.0,4847.0,comment,42520,42047,1634719120
32610.0,4847.0,comment,42519,42047,1634719058
34396.0,32678.0,comment,42517,42017,1634632485
34278.0,4847.0,comment,42514,42044,1634571850
34434.0,10074.0,comment,42511,42028,1634370647
34002.0,4847.0,comment,42508,42004,1634334379
34437.0,34453.0,comment,42507,42038,1634308934
34377.0,4847.0,comment,42506,42021,1634304284
10074.0,34434.0,comment,42505,42028,1634294649
4847.0,34377.0,comment,42503,42021,1634249472
34377.0,4847.0,comment,42502,42021,1634223841
4847.0,34377.0,comment,42500,42021,1634167239
32610.0,32678.0,comment,42499,42024,1634165982
32610.0,32678.0,comment,42498,42024,1634143020
32610.0,32678.0,comment,42497,42024,1634142865
34377.0,4847.0,comment,42496,42021,1634122924
11300.0,34412.0,comment,42490,42012,1633981449
34409.0,4847.0,comment,42489,42007,1633980967
34412.0,4847.0,comment,42485,42015,1633939885
34412.0,11300.0,comment,42484,42012,1633923775
34412.0,11300.0,comment,42483,42012,1633923013
34412.0,4847.0,comment,42482,42009,1633884673
34381.0,32678.0,comment,42481,42006,1633883709
4847.0,34002.0,comment,42480,42004,1633834736
4847.0,34002.0,comment,42479,42004,1633834416
34002.0,4847.0,comment,42475,42004,1633821025
34002.0,4847.0,comment,42474,42004,1633815534
34377.0,4847.0,comment,42471,41990,1633698091
34381.0,4847.0,comment,42467,41989,1633522232
32678.0,10074.0,comment,42463,41984,1633355700
34161.0,4847.0,comment,42462,41970,1633342509
34254.0,32327.0,comment,42460,41974,1633291133
34254.0,32327.0,comment,42459,41974,1633290664
10074.0,34361.0,comment,42458,41979,1633284023
34361.0,10074.0,comment,42457,41979,1633278854
32327.0,34254.0,comment,42456,41974,1633241900
32327.0,34254.0,comment,42455,41974,1633240619
34254.0,32327.0,comment,42454,41974,1633203505
34254.0,32327.0,comment,42453,41974,1633203323
32327.0,34254.0,comment,42452,41974,1633157591
32327.0,34254.0,comment,42451,41974,1633157536
40177.0,34061.0,comment,44112,41825,1694958268
39822.0,4847.0,comment,44026,41734,1693243650
31986.0,4847.0,comment,43281,41959,1667179026
34945.0,4847.0,comment,43067,41795,1659493210
34922.0,34257.0,comment,42658,41916,1640889306
34330.0,4847.0,comment,42501,41959,1634192799
4847.0,34330.0,comment,42495,41959,1634090645
4847.0,34330.0,comment,42494,41959,1634090521
34330.0,4847.0,comment,42493,41959,1634089982
34330.0,4847.0,comment,42492,41959,1634089765
34307.0,10074.0,comment,42464,41950,1633384319
4847.0,32678.0,comment,42444,41952,1632630569
4847.0,32678.0,comment,42443,41952,1632630555
34314.0,32678.0,comment,42442,41952,1632601887
32363.0,10074.0,comment,42439,41948,1632573925
32610.0,10074.0,comment,42435,41931,1632301505
32729.0,10074.0,comment,42434,41935,1632236540
31584.0,10074.0,comment,42426,41922,1632149188
31584.0,4847.0,comment,42425,41918,1632149130
34247.0,4847.0,comment,42423,41914,1632001667
31093.0,4847.0,comment,42418,41899,1631549270
31093.0,4847.0,comment,42417,41899,1631548773
31225.0,4847.0,comment,42416,41902,1631497035
4847.0,31093.0,comment,42409,41899,1631483474
10074.0,34189.0,comment,42407,41888,1631481531
31093.0,4847.0,comment,42406,41899,1631452483
34189.0,10074.0,comment,42404,41888,1631382746
34189.0,10074.0,comment,42400,41888,1631244488
32729.0,10074.0,comment,42399,41885,1631213033
10074.0,32729.0,comment,42398,41885,1631212940
32729.0,10074.0,comment,42397,41885,1631208543
10074.0,32729.0,comment,42396,41885,1631187322
10074.0,34189.0,comment,42395,41888,1631186944
32729.0,10074.0,comment,42394,41885,1631167330
34189.0,10074.0,comment,42393,41888,1631140134
34166.0,10074.0,comment,42387,41877,1631043596
10074.0,34166.0,comment,42386,41877,1631020659
34166.0,10074.0,comment,42383,41877,1630961573
10074.0,32678.0,comment,42375,41866,1630709215
4847.0,14028.0,comment,42374,41870,1630706053
32678.0,10074.0,comment,42373,41866,1630702594
10074.0,32678.0,comment,42371,41866,1630665616
32678.0,10074.0,comment,42370,41866,1630614953
34144.0,10074.0,comment,42367,41859,1630468921
4847.0,10074.0,comment,42365,41859,1630445746
34137.0,1090.0,comment,42363,41855,1630399580
34073.0,4847.0,comment,42356,41830,1629927531
34088.0,4847.0,comment,42350,41838,1629708585
31598.0,34027.0,comment,42347,41826,1629369652
34054.0,34027.0,comment,42346,41826,1629365712
31598.0,34054.0,comment,42344,41826,1629286159
34054.0,34027.0,comment,42343,41826,1629272080
31598.0,34027.0,comment,42342,41826,1629221515
34054.0,4847.0,comment,42338,41818,1629191871
4847.0,34058.0,comment,42337,41821,1629168148
34058.0,4847.0,comment,42336,41821,1629165679
31598.0,33976.0,comment,42325,41806,1628766696
32716.0,10074.0,comment,42322,41799,1628686748
4847.0,33994.0,comment,42319,41770,1628682512
33994.0,4847.0,comment,42318,41770,1628680309
10074.0,32716.0,comment,42316,41799,1628634781
32716.0,10074.0,comment,42315,41799,1628634288
32716.0,10074.0,comment,42314,41799,1628633774
32943.0,4847.0,comment,42311,41795,1628587194
32943.0,31598.0,comment,42310,41729,1628497311
32943.0,4847.0,comment,42309,41790,1628497268
32943.0,31598.0,comment,42308,41729,1628495896
31598.0,32943.0,comment,42301,41729,1628431964
32943.0,4847.0,comment,42295,41734,1628415761
4847.0,32943.0,comment,42293,41734,1628415250
32943.0,4847.0,comment,42291,41734,1628414949
32943.0,31598.0,comment,42290,41729,1628412728
4847.0,34013.0,comment,42286,41784,1628387558
34013.0,4847.0,comment,42285,41784,1628387009
34013.0,4847.0,comment,42284,41784,1628386751
34002.0,1090.0,comment,42280,41774,1628278454
32327.0,31598.0,comment,42278,41772,1628250115
33981.0,4847.0,comment,42276,41762,1627967262
32574.0,10074.0,comment,42274,41756,1627860334
33974.0,4847.0,comment,42268,41752,1627742750
31598.0,32943.0,comment,42253,41729,1627388364
32943.0,4847.0,comment,42252,41732,1627370516
4847.0,32943.0,comment,42251,41732,1627368981
4847.0,32943.0,comment,42250,41732,1627368888
4847.0,32943.0,comment,42249,41732,1627368524
32943.0,4847.0,comment,42248,41732,1627360503
32943.0,4847.0,comment,42247,41732,1627360337
32943.0,31598.0,comment,42246,41729,1627357867
32327.0,4847.0,comment,42245,41714,1627286446
4847.0,32327.0,comment,42241,41714,1627207067
32327.0,4847.0,comment,42240,41714,1627192401
32883.0,10074.0,comment,42229,41694,1626694180
32873.0,10074.0,comment,42226,41693,1626636185
39838.0,32873.0,comment,43926,41653,1691163755
38408.0,32792.0,comment,43680,41614,1678563391
31598.0,32780.0,comment,42236,41599,1626950174
32780.0,31598.0,comment,42235,41599,1626936069
4847.0,32895.0,comment,42227,41680,1626643160
31598.0,32676.0,comment,42225,41663,1626634172
32887.0,32873.0,comment,42223,41676,1626630152
32895.0,4847.0,comment,42222,41680,1626629111
32676.0,31598.0,comment,42221,41663,1626625917
31598.0,32676.0,comment,42219,41663,1626548555
31584.0,4847.0,comment,42216,41684,1626525736
31584.0,4847.0,comment,42215,41684,1626519002
4847.0,31584.0,comment,42214,41684,1626516025
31584.0,4847.0,comment,42213,41673,1626501094
32894.0,4847.0,comment,42212,41681,1626490842
4847.0,32894.0,comment,42211,41681,1626489357
32894.0,4847.0,comment,42210,41681,1626488595
4847.0,32894.0,comment,42209,41681,1626488403
32894.0,4847.0,comment,42208,41681,1626488231
4847.0,32894.0,comment,42207,41681,1626487368
32894.0,4847.0,comment,42206,41681,1626486323
4847.0,31584.0,comment,42205,41673,1626481377
32676.0,31598.0,comment,42203,41663,1626456625
32889.0,1090.0,comment,42202,41670,1626447246
32873.0,32872.0,comment,42201,41653,1626437469
31584.0,4847.0,comment,42200,41673,1626430883
32872.0,32873.0,comment,42194,41653,1626350177
32873.0,1090.0,comment,42190,41657,1626249179
32814.0,4847.0,comment,42189,41656,1626240526
31598.0,28531.0,comment,42179,41559,1625579421
28531.0,31598.0,comment,42178,41559,1625503830
28531.0,31598.0,comment,42177,41559,1625502482
32786.0,4847.0,comment,42176,41617,1625339114
32610.0,10074.0,comment,42172,41615,1625180546
31598.0,32610.0,comment,42168,41611,1625100763
32610.0,31598.0,comment,42167,41611,1625099530
32610.0,31598.0,comment,42166,41611,1625099327
32610.0,31598.0,comment,42165,41611,1625099064
32610.0,31598.0,comment,42164,41611,1625099012
32610.0,31598.0,comment,42163,41608,1625088534
31598.0,32676.0,comment,42161,41590,1624902994
32676.0,31598.0,comment,42159,41590,1624891480
31598.0,32676.0,comment,42158,41590,1624881233
32676.0,31598.0,comment,42157,41590,1624880770
31598.0,32676.0,comment,42155,41590,1624822776
32676.0,31598.0,comment,42154,41590,1624813167
31598.0,32729.0,comment,42153,41588,1624733432
32729.0,31598.0,comment,42152,41588,1624732241
32729.0,31598.0,comment,42151,41588,1624731525
4847.0,32759.0,comment,42150,41579,1624669157
32759.0,4847.0,comment,42149,41579,1624668990
32676.0,10074.0,comment,42147,41547,1624553513
11300.0,32668.0,comment,42146,41575,1624507378
32668.0,11300.0,comment,42145,41575,1624483896
32731.0,31598.0,comment,42143,41556,1624466295
30953.0,4847.0,comment,42142,41570,1624428370
32667.0,4847.0,comment,42141,41499,1624399629
32667.0,4847.0,comment,42140,41499,1624397944
32729.0,31598.0,comment,42139,41572,1624395169
4847.0,30953.0,comment,42134,41564,1624344927
30953.0,4847.0,comment,42133,41564,1624343996
4847.0,30953.0,comment,42131,41564,1624293082
30953.0,4847.0,comment,42128,41564,1624262460
32676.0,10074.0,comment,42125,41547,1624209816
31598.0,28531.0,comment,42123,41559,1624187313
31189.0,4847.0,comment,42121,41553,1624123565
32363.0,32027.0,comment,42118,41458,1623965743
32356.0,4847.0,comment,42117,41548,1623923015
4847.0,10074.0,comment,42110,41547,1623877795
32027.0,32363.0,comment,42109,41458,1623832907
32610.0,4847.0,comment,42108,41486,1623786692
25686.0,32708.0,comment,42107,41535,1623781383
4847.0,32692.0,comment,42105,41531,1623713555
32692.0,4847.0,comment,42104,41531,1623713334
32574.0,4847.0,comment,42103,41530,1623707467
4847.0,32574.0,comment,42102,41530,1623706858
32574.0,4847.0,comment,42101,41530,1623706206
32678.0,4847.0,comment,42091,41512,1623457266
32625.0,4847.0,comment,42090,41500,1623420447
32655.0,4847.0,comment,42087,41492,1623325436
32649.0,10074.0,comment,42086,41490,1623295655
10074.0,32649.0,comment,42085,41490,1623262528
32649.0,10074.0,comment,42084,41490,1623246341
32616.0,32549.0,comment,42083,41474,1623219552
4847.0,32610.0,comment,42081,41485,1623103852
32549.0,1090.0,comment,42072,41479,1622989438
32610.0,4847.0,comment,42071,41480,1622979518
32610.0,4847.0,comment,42069,41480,1622955702
32575.0,11300.0,comment,42066,41434,1622915743
32617.0,31598.0,comment,42065,41466,1622913845
32610.0,31598.0,comment,42064,41470,1622908777
32610.0,31598.0,comment,42063,41470,1622908447
1090.0,32549.0,comment,42060,41472,1622873789
32549.0,4847.0,comment,42059,41472,1622860810
4847.0,32616.0,comment,42055,41467,1622836812
32616.0,4847.0,comment,42054,41467,1622829276
32610.0,31598.0,comment,42052,41470,1622811725
31598.0,32610.0,comment,42051,41470,1622809855
32610.0,31598.0,comment,42050,41470,1622809423
4847.0,32616.0,comment,42045,41467,1622788054
32616.0,4847.0,comment,42044,41467,1622779854
10074.0,32562.0,comment,41042,41463,1622766478
32562.0,10074.0,comment,41041,41463,1622754493
10074.0,32562.0,comment,41040,41463,1622754065
32562.0,10074.0,comment,41039,41463,1622748383
32614.0,10074.0,comment,41036,41462,1622735504
32363.0,32027.0,comment,41030,41458,1622725942
11300.0,32575.0,comment,41024,41434,1622492478
23988.0,32562.0,comment,41023,41444,1622474909
32562.0,23988.0,comment,41022,41444,1622466460
23988.0,32575.0,comment,41021,41433,1622459781
32575.0,23988.0,comment,41019,41433,1622426863
32575.0,11300.0,comment,41018,41434,1622426694
32574.0,4847.0,comment,41016,41431,1622320144
32574.0,4847.0,comment,41015,41431,1622318632
4847.0,32574.0,comment,41011,41431,1622256129
4847.0,32574.0,comment,41010,41431,1622256014
32574.0,4847.0,comment,41009,41431,1622252958
4847.0,32574.0,comment,41008,41431,1622251973
32574.0,4847.0,comment,41007,41431,1622251925
4847.0,32574.0,comment,41004,41431,1622250928
32574.0,4847.0,comment,41003,41431,1622247475
4847.0,32429.0,comment,41002,41417,1622240103
32429.0,4847.0,comment,41001,41417,1622230130
4847.0,32549.0,comment,40992,41410,1621994983
32549.0,4847.0,comment,40991,41410,1621994576
36722.0,31739.0,comment,43156,41402,1661958199
31739.0,10074.0,comment,40988,41405,1621945158
32363.0,4847.0,comment,40981,41393,1621766095
32363.0,4847.0,comment,40980,41393,1621765537
32476.0,11300.0,comment,40969,41352,1621315015
31614.0,10074.0,comment,40964,41351,1621128762
32280.0,32445.0,comment,40963,41355,1621108257
32085.0,25686.0,comment,40962,41349,1621077417
32363.0,28078.0,comment,40958,41336,1620584186
32363.0,28078.0,comment,40957,41336,1620583221
32363.0,11300.0,comment,40954,41325,1620464404
11300.0,32363.0,comment,40953,41325,1620420608
11300.0,32363.0,comment,40952,41325,1620420478
32363.0,11300.0,comment,40951,41325,1620394444
32341.0,28078.0,comment,40950,41323,1620386836
4847.0,32416.0,comment,40949,41320,1620328952
32416.0,4847.0,comment,40947,41320,1620311157
11300.0,32363.0,comment,40946,41325,1620305474
32363.0,11300.0,comment,40945,41325,1620299067
32417.0,4847.0,comment,40944,41322,1620293429
28078.0,32341.0,comment,40943,41323,1620283732
32301.0,4847.0,comment,40940,41319,1620275805
1090.0,28078.0,comment,40939,41319,1620256359
4847.0,28078.0,comment,40937,41319,1620237807
23988.0,32316.0,comment,40934,41316,1620218414
32316.0,23988.0,comment,40933,41316,1620210487
32145.0,10074.0,comment,40927,41313,1620069333
31744.0,4847.0,comment,40925,41298,1620000589
31744.0,23988.0,comment,40924,41299,1620000552
32392.0,4847.0,comment,40921,41304,1619881953
32375.0,23988.0,comment,40916,41227,1619848369
23988.0,32375.0,comment,40912,41227,1619765305
32375.0,23988.0,comment,40910,41227,1619733079
31614.0,1090.0,comment,40909,41296,1619732442
32357.0,1090.0,comment,40905,41287,1619588060
32085.0,32145.0,comment,40902,41282,1619535763
32145.0,32085.0,comment,40901,41282,1619535284
32085.0,32145.0,comment,40899,41282,1619532607
32145.0,32085.0,comment,40898,41282,1619528945
23988.0,32145.0,comment,40895,41269,1619454936
32145.0,23988.0,comment,40894,41269,1619449068
23988.0,32145.0,comment,40888,41269,1619414567
31897.0,32335.0,comment,40886,41270,1619383526
32145.0,23988.0,comment,40885,41269,1619380612
32335.0,31897.0,comment,40884,41270,1619380136
23988.0,32145.0,comment,40883,41269,1619379899
32145.0,23988.0,comment,40882,41269,1619379361
32280.0,32085.0,comment,40877,41258,1619287143
32085.0,32280.0,comment,40876,41258,1619286345
32280.0,32085.0,comment,40874,41258,1619284224
1090.0,32294.0,comment,40871,41238,1619255203
32294.0,1090.0,comment,40870,41238,1619235454
32085.0,32280.0,comment,40865,41249,1619185018
32280.0,32085.0,comment,40860,41249,1619112021
32085.0,32280.0,comment,40859,41249,1619111124
32085.0,32280.0,comment,40858,41249,1619110926
32280.0,32085.0,comment,40857,41249,1619110774
32085.0,32280.0,comment,40856,41249,1619110523
32280.0,32085.0,comment,40855,41249,1619110412
32085.0,32280.0,comment,40854,41249,1619110065
32280.0,32085.0,comment,40853,41249,1619110010
32085.0,32280.0,comment,40852,41249,1619109877
32280.0,32085.0,comment,40851,41249,1619109846
32085.0,32280.0,comment,40850,41249,1619109610
32280.0,32085.0,comment,40849,41249,1619109201
32110.0,23988.0,comment,40848,41246,1619087684
23988.0,32110.0,comment,40847,41246,1619087362
32110.0,23988.0,comment,40846,41246,1619087284
23988.0,32110.0,comment,40845,41246,1619087074
32110.0,23988.0,comment,40844,41246,1619086660
31432.0,32085.0,comment,40842,41199,1619085284
32301.0,23988.0,comment,40841,41240,1619075101
23988.0,32301.0,comment,40840,41240,1619072382
32304.0,1090.0,comment,40839,41239,1619070182
32301.0,23988.0,comment,40837,41240,1619055442
32301.0,23988.0,comment,40836,41240,1619054255
31983.0,31897.0,comment,40832,41233,1618856393
32145.0,4847.0,comment,40831,41231,1618840223
4847.0,32145.0,comment,40830,41231,1618788742
32145.0,4847.0,comment,40828,41231,1618784092
29563.0,28078.0,comment,40827,41226,1618751763
29563.0,10074.0,comment,40826,41215,1618712541
4847.0,32145.0,comment,40825,41223,1618683130
32145.0,4847.0,comment,40824,41223,1618682732
32273.0,10074.0,comment,40815,41217,1618497508
4847.0,1090.0,comment,40809,41211,1618436205
32085.0,25842.0,comment,40808,41210,1618426328
25842.0,32085.0,comment,40807,41210,1618425580
32085.0,25842.0,comment,40804,41210,1618420681
25842.0,32085.0,comment,40803,41210,1618416947
25842.0,32085.0,comment,40801,41210,1618416260
31909.0,32219.0,comment,40774,41160,1618239902
32085.0,4847.0,comment,40772,41191,1618221150
4847.0,32085.0,comment,40769,41191,1618189585
32085.0,4847.0,comment,40764,41191,1618163250
32085.0,4847.0,comment,40762,41191,1618163002
4847.0,32085.0,comment,40761,41191,1618162832
32251.0,31897.0,comment,40759,41189,1618158940
32245.0,31897.0,comment,40758,41187,1618157663
31897.0,32245.0,comment,40757,41187,1618150067
32243.0,10074.0,comment,40755,41182,1618132352
32213.0,31598.0,comment,40749,41173,1617992019
32221.0,4847.0,comment,40743,41164,1617876665
32221.0,4847.0,comment,40742,41162,1617820398
32221.0,4847.0,comment,40741,41162,1617818337
32192.0,4847.0,comment,40731,41147,1617640992
32186.0,28078.0,comment,40727,41145,1617615767
28078.0,32186.0,comment,40726,41145,1617613759
32186.0,28078.0,comment,40725,41145,1617608318
32177.0,31598.0,comment,40721,41139,1617484311
41318.0,31598.0,comment,44752,40910,1708454334
38168.0,31598.0,comment,43617,41132,1676108811
34945.0,4847.0,comment,43875,41008,1645320953
34755.0,31598.0,comment,42622,40920,1638527733
31965.0,26193.0,comment,40863,40997,1619170976
26193.0,31965.0,comment,40792,40997,1618329765
32002.0,4847.0,comment,40737,41119,1617785873
32152.0,10074.0,comment,40730,41117,1617638323
31716.0,31897.0,comment,40722,41130,1617504574
32160.0,28078.0,comment,40720,41126,1617439946
32160.0,28078.0,comment,40719,41126,1617419906
32145.0,4847.0,comment,40718,41122,1617392687
32152.0,10074.0,comment,40711,41117,1617331164
32152.0,10074.0,comment,40709,41117,1617330953
32152.0,10074.0,comment,40708,41117,1617329752
32145.0,31598.0,comment,40695,41105,1617156016
31598.0,31897.0,comment,40694,41104,1617155751
4847.0,31598.0,comment,40693,41105,1617155649
31897.0,32128.0,comment,40687,41090,1617061868
31668.0,31598.0,comment,40686,41094,1617052251
32128.0,31897.0,comment,40682,41090,1616985581
32120.0,4847.0,comment,40681,41086,1616954850
4847.0,28078.0,comment,40680,41081,1616877188
32002.0,31598.0,comment,40679,41037,1616862114
32002.0,31598.0,comment,40677,41037,1616795426
32002.0,31598.0,comment,40676,41037,1616776334
32002.0,31598.0,comment,40673,41037,1616775388
32002.0,4847.0,comment,40672,41038,1616775022
32002.0,31598.0,comment,40671,41037,1616774929
32002.0,4847.0,comment,40670,41038,1616774918
28078.0,31072.0,comment,40669,41075,1616761076
4847.0,31598.0,comment,40659,41062,1616539049
31895.0,31598.0,comment,40658,41056,1616525568
31598.0,31895.0,comment,40657,41056,1616521433
31895.0,31598.0,comment,40656,41056,1616517170
31895.0,31598.0,comment,40655,41056,1616517039
31598.0,31895.0,comment,40654,41056,1616451993
31895.0,31598.0,comment,40653,41056,1616447552
31895.0,31598.0,comment,40652,41056,1616447493
31895.0,31598.0,comment,40651,41056,1616447477
31895.0,31598.0,comment,40648,41047,1616417352
31598.0,31895.0,comment,40647,41047,1616417050
31895.0,31598.0,comment,40646,41047,1616414120
31598.0,31895.0,comment,40645,41047,1616413790
32081.0,4847.0,comment,40641,41053,1616407143
31895.0,4847.0,comment,40640,41054,1616405483
31895.0,4847.0,comment,40639,41054,1616405386
31895.0,4847.0,comment,40638,41052,1616404932
31895.0,4847.0,comment,40637,41052,1616404908
31895.0,31598.0,comment,40631,41047,1616402399
31598.0,31897.0,comment,40627,41048,1616375041
31598.0,31895.0,comment,40626,41047,1616365711
31895.0,31897.0,comment,40625,41048,1616365205
31895.0,31897.0,comment,40624,41048,1616365034
31895.0,31598.0,comment,40623,41047,1616364163
31895.0,31598.0,comment,40622,41047,1616363939
31598.0,31895.0,comment,40621,41047,1616362343
31895.0,31598.0,comment,40620,41047,1616360843
31895.0,31598.0,comment,40619,41047,1616360614
32066.0,1090.0,comment,40615,41025,1616184091
31792.0,4847.0,comment,40614,41039,1616163436
31598.0,31897.0,comment,40611,41040,1616148556
32057.0,4847.0,comment,40609,41015,1616110566
31792.0,4847.0,comment,40608,41039,1616110098
4847.0,31598.0,comment,40607,41037,1616109054
31598.0,4847.0,comment,40606,41037,1616106856
4847.0,31598.0,comment,40605,41037,1616106248
32064.0,28078.0,comment,40600,41022,1616078201
31792.0,4847.0,comment,40599,41026,1616075343
31792.0,4847.0,comment,40598,41026,1616075324
31792.0,4847.0,comment,40597,41026,1616075321
31716.0,28078.0,comment,40592,41030,1616050797
28078.0,31716.0,comment,40591,41030,1616047336
31716.0,28078.0,comment,40590,41030,1616046286
31598.0,31895.0,comment,40586,41020,1616006851
31895.0,31598.0,comment,40585,41020,1616006026
31895.0,31598.0,comment,40584,41020,1616005918
31598.0,31909.0,comment,40582,41011,1615898051
32053.0,4847.0,comment,40581,41008,1615896820
31909.0,31598.0,comment,40580,41011,1615895235
32053.0,31897.0,comment,40578,41007,1615863638
32011.0,4847.0,comment,40574,41005,1615803207
31909.0,10074.0,comment,40569,41001,1615751116
4847.0,31964.0,comment,40561,40976,1615582875
31964.0,4847.0,comment,40560,40976,1615543116
4847.0,31964.0,comment,40559,40976,1615539701
31964.0,4847.0,comment,40558,40976,1615538995
32009.0,31897.0,comment,40555,40961,1615454680
31895.0,31598.0,comment,40549,40958,1615408214
31716.0,10074.0,comment,40545,40950,1615294258
31598.0,28078.0,comment,40544,40926,1615233478
31691.0,28078.0,comment,40543,40926,1615225229
32002.0,4847.0,comment,40539,40949,1615204600
31972.0,31988.0,comment,40536,40943,1615131097
31972.0,10074.0,comment,40535,40942,1615130999
31598.0,31988.0,comment,40534,40943,1615129157
31388.0,31897.0,comment,40531,40930,1615064508
4847.0,31988.0,comment,40530,40938,1615047417
4847.0,31988.0,comment,40529,40937,1615047381
31988.0,4847.0,comment,40528,40937,1615047242
31895.0,4847.0,comment,40527,40934,1614994465
4847.0,31895.0,comment,40526,40934,1614993524
31895.0,4847.0,comment,40525,40934,1614993291
31970.0,31598.0,comment,40518,40920,1614800049
31598.0,4847.0,comment,40517,40922,1614799274
4847.0,31598.0,comment,40516,40922,1614798461
31942.0,31897.0,comment,40515,40895,1614797376
31837.0,31598.0,comment,40513,40924,1614794304
31598.0,31970.0,comment,40512,40920,1614782938
31915.0,31598.0,comment,40511,40919,1614782783
31970.0,31598.0,comment,40510,40920,1614782448
31725.0,31897.0,comment,40509,40913,1614777177
31716.0,1090.0,comment,40508,40911,1614743111
31834.0,4847.0,comment,40505,40903,1614722882
31895.0,31598.0,comment,40503,40910,1614715947
31598.0,31895.0,comment,40502,40910,1614709826
31895.0,31598.0,comment,40501,40910,1614708062
31895.0,31598.0,comment,40500,40901,1614644166
31895.0,31598.0,comment,40499,40901,1614643703
31598.0,31895.0,comment,40498,40901,1614642980
31895.0,31598.0,comment,40497,40901,1614642316
31960.0,4847.0,comment,40487,40897,1614585376
40863.0,1090.0,comment,44473,40755,1702669567
40339.0,4847.0,comment,44146,40873,1696099866
37689.0,4847.0,comment,43420,40707,1671062840
36677.0,4847.0,comment,43143,40782,1661709460
32586.0,28078.0,comment,41026,40676,1622532217
32586.0,28078.0,comment,41020,40676,1622450793
31668.0,31598.0,comment,40685,41093,1617045022
31598.0,31668.0,comment,40684,41093,1617044797
31996.0,1090.0,comment,40532,40755,1615069430
31942.0,4847.0,comment,40519,40873,1614804658
31895.0,31598.0,comment,40490,40888,1614620695
31063.0,31598.0,comment,40489,40879,1614609529
4847.0,31951.0,comment,40485,40891,1614479560
31951.0,4847.0,comment,40484,40890,1614478972
4847.0,31951.0,comment,40483,40890,1614477274
31951.0,4847.0,comment,40482,40890,1614477145
31725.0,31897.0,comment,40480,40883,1614429970
31716.0,28078.0,comment,40479,40885,1614418304
31598.0,31895.0,comment,40478,40882,1614392021
31895.0,31598.0,comment,40477,40882,1614386592
31895.0,31598.0,comment,40476,40882,1614385856
31895.0,31598.0,comment,40475,40882,1614385142
31792.0,31598.0,comment,40472,40852,1614361361
31598.0,31792.0,comment,40471,40852,1614359023
31792.0,31598.0,comment,40470,40852,1614358071
31837.0,31598.0,comment,40467,40877,1614356520
31837.0,31598.0,comment,40466,40875,1614349922
10074.0,31384.0,comment,40465,40856,1614307933
31945.0,4847.0,comment,40464,40865,1614303974
31384.0,10074.0,comment,40461,40856,1614281200
31598.0,31792.0,comment,40460,40852,1614276391
31792.0,31598.0,comment,40459,40852,1614274397
31598.0,31792.0,comment,40457,40852,1614252302
31792.0,31598.0,comment,40456,40852,1614251552
31384.0,31897.0,comment,40455,40854,1614239114
28875.0,10074.0,comment,40454,40853,1614231426
31384.0,31897.0,comment,40452,40846,1614137243
31915.0,4847.0,comment,40448,40838,1614011927
4847.0,31915.0,comment,40447,40838,1613990010
31915.0,4847.0,comment,40445,40838,1613984622
31716.0,10074.0,comment,40441,40830,1613829425
31716.0,31598.0,comment,40434,40824,1613747817
31653.0,31598.0,comment,40428,40821,1613656902
31573.0,4847.0,comment,40422,40762,1613562838
31384.0,4847.0,comment,40419,40807,1613443152
31384.0,4847.0,comment,40418,40807,1613442936
4847.0,31384.0,comment,40417,40807,1613442783
31384.0,4847.0,comment,40416,40807,1613442557
4847.0,31384.0,comment,40415,40807,1613441899
31384.0,4847.0,comment,40414,40807,1613441882
4847.0,31384.0,comment,40413,40807,1613441633
31384.0,4847.0,comment,40412,40807,1613441521
31776.0,28078.0,comment,40410,40804,1613399070
31763.0,28078.0,comment,40407,40676,1613354992
31860.0,28078.0,comment,40404,40800,1613230501
31856.0,4847.0,comment,40402,40795,1613198615
31598.0,31834.0,comment,40398,40776,1613133455
31834.0,31598.0,comment,40393,40776,1613094938
31598.0,31837.0,comment,40388,40774,1612811543
31837.0,31598.0,comment,40387,40774,1612811095
31779.0,4847.0,comment,40381,40763,1612718223
31824.0,4847.0,comment,40375,40762,1612608944
31598.0,31820.0,comment,40372,40758,1612554474
31820.0,31598.0,comment,40371,40758,1612552605
31790.0,1090.0,comment,40369,40755,1612548079
19863.0,10074.0,comment,40367,40754,1612477482
31384.0,31598.0,comment,40361,40747,1612328811
29832.0,4847.0,comment,40355,40745,1612282267
29832.0,28078.0,comment,40352,40743,1612269266
31674.0,4847.0,comment,40344,40740,1612238940
31775.0,4847.0,comment,40337,40727,1612135007
31598.0,28078.0,comment,40336,40734,1612113649
28078.0,31598.0,comment,40335,40734,1612112719
31598.0,28078.0,comment,40334,40734,1612110809
4847.0,31779.0,comment,40332,40731,1612079810
31779.0,4847.0,comment,40331,40731,1612078363
1090.0,4847.0,comment,40330,40727,1612066232
4847.0,1090.0,comment,40329,40726,1612049503
31660.0,1090.0,comment,40328,40726,1612047695
31653.0,31598.0,comment,40323,40718,1612012300
31758.0,4847.0,comment,40322,40714,1612008703
4847.0,31773.0,comment,40321,40722,1611966237
4847.0,31598.0,comment,40320,40718,1611964070
31716.0,4847.0,comment,40318,40708,1611932699
31598.0,31653.0,comment,40315,40718,1611928334
31653.0,31598.0,comment,40314,40718,1611927896
31598.0,31739.0,comment,40313,40695,1611924147
31598.0,31739.0,comment,40312,40695,1611922226
4847.0,31758.0,comment,40311,40714,1611917468
4847.0,31758.0,comment,40310,40714,1611917240
31758.0,4847.0,comment,40309,40707,1611912970
31758.0,4847.0,comment,40308,40707,1611910321
31758.0,4847.0,comment,40307,40707,1611908451
4847.0,31758.0,comment,40306,40707,1611908202
31758.0,4847.0,comment,40305,40707,1611907694
31739.0,31598.0,comment,40304,40695,1611905285
31189.0,4847.0,comment,40302,40684,1611894088
31660.0,4847.0,comment,40301,40713,1611887032
31763.0,28078.0,comment,40299,40676,1611876658
31598.0,31739.0,comment,40290,40695,1611837511
31739.0,31598.0,comment,40286,40695,1611825391
10074.0,31333.0,comment,40281,40692,1611684544
31333.0,10074.0,comment,40280,40692,1611682441
31725.0,31729.0,comment,40277,40688,1611664880
4847.0,10074.0,comment,40274,40688,1611630465
4847.0,31729.0,comment,40273,40688,1611630440
10074.0,31729.0,comment,40272,40688,1611629890
31225.0,10074.0,comment,40268,40682,1611547261
28078.0,31708.0,comment,40267,40677,1611503379
31708.0,28078.0,comment,40266,40677,1611498226
31326.0,28078.0,comment,40262,40676,1611409103
28078.0,31326.0,comment,40261,40676,1611408903
31326.0,28078.0,comment,40260,40676,1611408742
28078.0,31326.0,comment,40259,40676,1611408356
31326.0,28078.0,comment,40257,40676,1611408026
28078.0,31326.0,comment,40256,40676,1611407760
31326.0,28078.0,comment,40255,40676,1611407620
28078.0,31326.0,comment,40254,40676,1611407433
31326.0,28078.0,comment,40253,40676,1611407222
28493.0,10074.0,comment,40251,40669,1611397890
34739.0,10074.0,comment,42615,40613,1638247190
34739.0,10074.0,comment,42614,40613,1638247138
31614.0,28078.0,comment,40966,40572,1621146768
31614.0,10074.0,comment,40965,40564,1621146758
28997.0,31897.0,comment,40486,40892,1614557447
31864.0,31598.0,comment,40405,40608,1613276119
31598.0,31671.0,comment,40373,40643,1612554581
31671.0,31598.0,comment,40370,40643,1612552115
1090.0,31574.0,comment,40298,40520,1611864574
31574.0,1090.0,comment,40289,40520,1611836273
31671.0,31598.0,comment,40284,40643,1611774254
28078.0,31347.0,comment,40270,40665,1611579769
31347.0,28078.0,comment,40269,40665,1611578447
28078.0,31347.0,comment,40248,40665,1611317192
31347.0,10074.0,comment,40246,40664,1611267666
31668.0,31598.0,comment,40245,40642,1611267059
4847.0,31696.0,comment,40243,40661,1611264054
31696.0,4847.0,comment,40242,40661,1611262736
31598.0,31671.0,comment,40239,40643,1611246768
31671.0,31598.0,comment,40238,40643,1611209807
31598.0,31668.0,comment,40232,40642,1611056592
31668.0,31598.0,comment,40230,40642,1611042244
31598.0,31668.0,comment,40229,40642,1611002120
31668.0,31598.0,comment,40228,40642,1611001768
31668.0,31598.0,comment,40227,40642,1611001570
31598.0,31668.0,comment,40226,40642,1610999677
31668.0,31598.0,comment,40225,40642,1610997687
31674.0,4847.0,comment,40223,40645,1610947948
31598.0,31671.0,comment,40221,40643,1610926169
31671.0,31598.0,comment,40220,40643,1610925772
31660.0,31598.0,comment,40218,40614,1610907509
31672.0,31598.0,comment,40217,40639,1610907499
31667.0,28078.0,comment,40214,40635,1610860514
31598.0,31653.0,comment,40213,40608,1610811312
31653.0,31598.0,comment,40212,40608,1610809891
31658.0,31598.0,comment,40211,40610,1610807341
31598.0,31653.0,comment,40209,40608,1610804130
31598.0,31658.0,comment,40208,40610,1610804066
31658.0,31598.0,comment,40207,40610,1610789293
31653.0,31598.0,comment,40205,40608,1610781879
31581.0,31655.0,comment,40204,40602,1610775183
31598.0,4847.0,comment,40203,40614,1610745073
4847.0,31598.0,comment,40202,40614,1610743973
31598.0,31653.0,comment,40201,40605,1610721202
31653.0,31598.0,comment,40200,40605,1610721059
31598.0,31653.0,comment,40199,40605,1610719445
31642.0,4847.0,comment,40196,40589,1610639392
1090.0,31574.0,comment,40193,40520,1610579887
31650.0,31598.0,comment,40192,40595,1610570700
31574.0,1090.0,comment,40191,40520,1610562086
31598.0,31650.0,comment,40190,40595,1610561684
31647.0,31598.0,comment,40189,40592,1610559742
4847.0,31642.0,comment,40187,40589,1610514629
31642.0,4847.0,comment,40186,40589,1610511243
31634.0,28078.0,comment,40185,40582,1610485091
31628.0,31598.0,comment,40183,40579,1610283473
31628.0,31598.0,comment,40182,40579,1610283453
31598.0,31628.0,comment,40181,40579,1610283020
31628.0,31598.0,comment,40180,40579,1610282495
31517.0,4847.0,comment,40179,40576,1610235286
31517.0,4847.0,comment,40176,40566,1610209885
31598.0,28078.0,comment,40175,40569,1610194371
31116.0,31598.0,comment,40174,40550,1610190827
31544.0,1090.0,comment,40173,40547,1610177961
31598.0,31569.0,comment,40171,40560,1610126192
31569.0,31598.0,comment,40170,40560,1610125687
31271.0,1090.0,comment,40168,40547,1610098751
1090.0,31544.0,comment,40167,40541,1610095684
31544.0,1090.0,comment,40166,40541,1610095298
1090.0,31271.0,comment,40165,40547,1610095054
31271.0,1090.0,comment,40164,40547,1610094137
1090.0,31271.0,comment,40163,40547,1610093678
31271.0,1090.0,comment,40162,40547,1610091522
1090.0,31271.0,comment,40161,40547,1610090510
31598.0,4847.0,comment,40159,40551,1610087072
31598.0,31569.0,comment,40158,40560,1610083258
31271.0,1090.0,comment,40156,40547,1610078051
4847.0,31598.0,comment,40155,40557,1610069851
4847.0,31598.0,comment,40154,40551,1610069452
1090.0,31544.0,comment,40153,40541,1610056510
1090.0,31271.0,comment,40152,40547,1610054640
31604.0,31598.0,comment,40148,40545,1610039706
31271.0,1090.0,comment,40142,40547,1610004257
31544.0,1090.0,comment,40141,40541,1610003883
1090.0,31544.0,comment,40138,40541,1609992511
31271.0,31544.0,comment,40135,40526,1609990231
31534.0,10074.0,comment,40133,40537,1609989132
31598.0,4847.0,comment,40130,40544,1609967828
31544.0,31271.0,comment,40129,40526,1609959058
31588.0,4847.0,comment,40125,40534,1609924331
31271.0,31544.0,comment,40120,40526,1609846462
10074.0,31573.0,comment,40115,40519,1609783474
31573.0,10074.0,comment,40114,40519,1609780073
29058.0,4847.0,comment,40113,40516,1609770489
31501.0,10074.0,comment,40108,40498,1609697858
10074.0,31501.0,comment,40103,40498,1609681256
31501.0,10074.0,comment,40102,40498,1609664939
29058.0,4847.0,comment,40094,40486,1609520850
31525.0,1090.0,comment,40092,40470,1609463171
29058.0,4847.0,comment,40091,40467,1609423917
31490.0,4847.0,comment,40090,40451,1609421303
31505.0,10074.0,comment,40089,40482,1609361410
31505.0,10074.0,comment,40088,40482,1609361136
31505.0,10074.0,comment,40087,40482,1609361093
4847.0,10074.0,comment,40086,40482,1609360641
4847.0,31216.0,comment,40085,40469,1609360501
4847.0,29058.0,comment,40084,40467,1609360293
31505.0,4847.0,comment,40083,40466,1609338479
31505.0,4847.0,comment,40082,40466,1609337619
31512.0,1090.0,comment,40081,40471,1609335659
31216.0,4847.0,comment,40078,40469,1609331474
29058.0,4847.0,comment,40075,40467,1609325751
1090.0,4847.0,comment,40073,40471,1609291104
4847.0,1090.0,comment,40072,40471,1609277673
31189.0,4847.0,comment,40071,40455,1609201372
4847.0,31189.0,comment,40070,40455,1609199019
31189.0,4847.0,comment,40069,40455,1609198750
31487.0,4847.0,comment,40066,40448,1609171112
31470.0,31474.0,comment,40056,40433,1608840960
39614.0,32048.0,comment,43911,41003,1690812521
37523.0,4847.0,comment,43360,40315,1669278328
35613.0,31347.0,comment,42863,40413,1650492614
31982.0,31002.0,comment,40524,40242,1614896183
28997.0,11300.0,comment,40481,40360,1614471379
4847.0,31368.0,comment,40345,40335,1612251002
31249.0,31216.0,comment,40065,40206,1609116266
31449.0,4847.0,comment,40058,40439,1608878593
31472.0,4847.0,comment,40054,40432,1608808213
4847.0,31472.0,comment,40052,40432,1608772841
31470.0,31002.0,comment,43874,40430,1608752484
10074.0,31326.0,comment,40051,40426,1608751052
31326.0,10074.0,comment,40050,40426,1608734730
31466.0,4847.0,comment,40047,40424,1608722258
31216.0,31249.0,comment,40042,40206,1608581510
31115.0,10074.0,comment,40036,40415,1608569215
27361.0,31002.0,comment,40028,40408,1608445694
31002.0,27361.0,comment,40027,40408,1608443148
27361.0,31002.0,comment,40026,40408,1608442775
27361.0,4847.0,comment,40023,40401,1608407050
31347.0,31235.0,comment,40022,40392,1608390979
31408.0,10074.0,comment,40021,40385,1608342411
27361.0,4847.0,comment,40020,40401,1608340721
4847.0,27361.0,comment,40019,40401,1608339640
27361.0,4847.0,comment,40018,40401,1608339365
10074.0,31408.0,comment,40014,40385,1608231294
31408.0,10074.0,comment,40012,40385,1608219730
31423.0,10074.0,comment,40011,40398,1608207143
31347.0,31235.0,comment,40010,40392,1608148173
31418.0,31235.0,comment,40009,40391,1608136880
31408.0,10074.0,comment,40008,40385,1608109857
31105.0,28078.0,comment,40007,40378,1608079816
28997.0,11300.0,comment,40006,40360,1608067965
31404.0,4847.0,comment,40004,40379,1608040617
31002.0,31401.0,comment,40001,40375,1607996751
31002.0,31401.0,comment,40000,40375,1607996721
31401.0,31002.0,comment,39999,40375,1607990728
31189.0,4847.0,comment,39992,40348,1607654277
4847.0,31189.0,comment,39991,40348,1607653985
31189.0,4847.0,comment,39990,40348,1607653901
4847.0,31189.0,comment,39989,40348,1607652417
31189.0,4847.0,comment,39988,40348,1607652066
31323.0,31002.0,comment,39978,40336,1607579015
31368.0,10074.0,comment,39965,40329,1607538306
10074.0,31368.0,comment,39962,40329,1607536538
31369.0,10074.0,comment,39961,40324,1607536517
31368.0,10074.0,comment,39956,40329,1607534460
31333.0,10074.0,comment,39955,40321,1607528326
31358.0,4847.0,comment,39951,40315,1607476405
27789.0,4847.0,comment,39947,40306,1607389722
4847.0,27789.0,comment,39946,40306,1607388806
27789.0,4847.0,comment,39945,40306,1607388153
4847.0,27789.0,comment,39944,40306,1607387797
27789.0,4847.0,comment,39943,40306,1607386450
31337.0,1090.0,comment,39937,40297,1607284921
31323.0,31002.0,comment,39936,40299,1607235134
31072.0,31002.0,comment,39933,40289,1607174738
31326.0,4847.0,comment,39931,40287,1607130599
31072.0,31002.0,comment,39928,40277,1607091692
10074.0,29524.0,comment,39927,40280,1607081705
29524.0,10074.0,comment,39926,40280,1607036688
29524.0,10074.0,comment,39923,40276,1607022235
29524.0,10074.0,comment,39922,40276,1607020976
31254.0,4847.0,comment,39919,40257,1606972050
31225.0,4847.0,comment,39918,40267,1606957371
29524.0,31002.0,comment,39914,40270,1606949170
29524.0,31002.0,comment,39913,40270,1606948724
31205.0,4847.0,comment,39910,40259,1606918829
31254.0,4847.0,comment,39908,40257,1606905771
31301.0,4847.0,comment,39907,40262,1606902312
4847.0,31254.0,comment,39906,40257,1606883282
31254.0,4847.0,comment,39905,40257,1606882334
28829.0,28078.0,comment,39904,40256,1606850186
31284.0,31002.0,comment,39903,40247,1606849370
31293.0,31287.0,comment,39895,40251,1606786534
31002.0,31284.0,comment,39893,40247,1606757288
31287.0,31293.0,comment,39891,40251,1606750247
31214.0,10074.0,comment,39889,40248,1606742095
31284.0,31002.0,comment,39887,40240,1606730162
24171.0,10074.0,comment,39883,40237,1606702278
31189.0,31002.0,comment,39882,40232,1606701574
31072.0,31002.0,comment,39879,40229,1606593466
4847.0,31002.0,comment,39878,40230,1606593341
31002.0,4847.0,comment,39877,40230,1606592264
28997.0,31002.0,comment,39873,40218,1606582215
31002.0,28997.0,comment,39872,40218,1606522169
28997.0,31002.0,comment,39871,40218,1606513088
29602.0,31002.0,comment,39868,40212,1606358582
31002.0,29602.0,comment,39867,40212,1606356747
29602.0,31002.0,comment,39866,40212,1606354898
28078.0,31227.0,comment,39863,40197,1606311015
31227.0,28078.0,comment,39862,40197,1606310372
31129.0,31249.0,comment,39860,40204,1606287253
31129.0,31249.0,comment,39859,40204,1606286819
4847.0,31251.0,comment,39851,40192,1606249476
31251.0,4847.0,comment,39850,40192,1606241388
31251.0,4847.0,comment,39849,40192,1606239402
31251.0,4847.0,comment,39848,40192,1606238673
30957.0,31207.0,comment,39847,40189,1606158012
36295.0,31002.0,comment,43011,40141,1657724135
4847.0,28325.0,comment,39853,40170,1606254392
28325.0,4847.0,comment,39852,40170,1606250907
31207.0,29803.0,comment,39844,40186,1606063239
29803.0,31207.0,comment,39842,40186,1606031259
31227.0,4847.0,comment,39839,40178,1605932334
4847.0,31002.0,comment,39837,40178,1605909917
10074.0,31226.0,comment,39836,40175,1605885788
31226.0,10074.0,comment,39835,40174,1605880832
4847.0,31212.0,comment,39834,40164,1605814201
31212.0,4847.0,comment,39833,40164,1605787219
31214.0,31002.0,comment,39832,40161,1605784069
31002.0,31216.0,comment,39828,40166,1605751171
31216.0,31002.0,comment,39827,40166,1605743681
31216.0,31002.0,comment,39826,40166,1605742999
28997.0,31002.0,comment,39824,40132,1605712118
31002.0,29813.0,comment,39822,40151,1605682471
31002.0,29813.0,comment,39820,40151,1605646546
31002.0,28997.0,comment,39819,40132,1605636563
28997.0,31002.0,comment,39818,40132,1605630098
31002.0,29813.0,comment,39815,40151,1605607353
4847.0,31142.0,comment,39813,40121,1605551183
31192.0,31002.0,comment,39812,40131,1605533881
31002.0,31115.0,comment,39810,40136,1605515535
31115.0,31002.0,comment,39809,40136,1605499417
31142.0,4847.0,comment,39808,40121,1605469337
4847.0,31142.0,comment,39803,40121,1605394794
31142.0,4847.0,comment,39802,40121,1605380955
31063.0,4847.0,comment,39793,40113,1605210483
31142.0,4847.0,comment,39792,40095,1605203965
31145.0,25735.0,comment,39791,40080,1605177139
4847.0,31142.0,comment,39789,40095,1605122840
31072.0,31002.0,comment,39786,40107,1605089098
31142.0,4847.0,comment,39784,40095,1605034754
25735.0,31145.0,comment,39783,40080,1605025423
25735.0,31145.0,comment,39782,40080,1605025328
25735.0,31145.0,comment,39781,40080,1605025316
25735.0,31145.0,comment,39780,40080,1605025077
14636.0,10074.0,comment,39777,40051,1605003039
31072.0,31002.0,comment,39775,40099,1604963248
4847.0,31002.0,comment,39772,40090,1604945190
31145.0,28078.0,comment,39768,40084,1604894015
31002.0,29602.0,comment,39766,40090,1604889556
29602.0,31002.0,comment,39765,40090,1604888419
31002.0,29602.0,comment,39764,40090,1604887368
29602.0,31002.0,comment,39763,40090,1604887296
31002.0,29602.0,comment,39762,40090,1604886355
29602.0,31002.0,comment,39761,40090,1604885783
28493.0,28078.0,comment,39758,40085,1604843143
31138.0,31136.0,comment,39756,40064,1604839853
31142.0,31143.0,comment,39754,40070,1604791680
31136.0,31138.0,comment,39753,40064,1604771527
31138.0,31136.0,comment,39752,40064,1604767648
31136.0,31138.0,comment,39750,40064,1604765128
31138.0,31116.0,comment,39749,40062,1604740606
31116.0,31138.0,comment,39748,40062,1604729407
4847.0,31129.0,comment,39746,40053,1604693962
31129.0,4847.0,comment,39745,40053,1604683057
31129.0,4847.0,comment,39744,40053,1604683042
31129.0,4847.0,comment,39743,40053,1604683019
10074.0,31089.0,comment,39741,40007,1604665429
30994.0,1090.0,comment,39739,40055,1604663993
10074.0,14636.0,comment,39738,40051,1604661165
14636.0,10074.0,comment,39737,40051,1604656650
31129.0,4847.0,comment,39735,40053,1604651306
31089.0,10074.0,comment,39733,40007,1604609820
4847.0,31110.0,comment,39729,40033,1604563520
28706.0,10074.0,comment,39726,39979,1604438951
31110.0,4847.0,comment,39725,40033,1604438356
31002.0,31100.0,comment,39724,40028,1604427840
31085.0,28078.0,comment,39720,39999,1604235441
31050.0,4847.0,comment,39719,40001,1604180680
31072.0,28078.0,comment,39716,39994,1604059576
10074.0,28706.0,comment,39715,39979,1604054082
31072.0,28078.0,comment,39714,39986,1604050365
28706.0,10074.0,comment,39710,39979,1604003405
31043.0,4847.0,comment,39707,39975,1603961233
31043.0,31002.0,comment,39704,39968,1603880373
31038.0,10074.0,comment,39703,39958,1603870365
31050.0,4847.0,comment,39702,39964,1603857566
31032.0,4847.0,comment,39701,39966,1603855509
31058.0,4847.0,comment,39699,39967,1603827120
31038.0,10074.0,comment,39696,39958,1603789111
4847.0,35211.0,comment,42816,39792,1647284307
35211.0,4847.0,comment,42815,39792,1647276701
29867.0,31384.0,comment,40439,40827,1613798352
29867.0,31478.0,comment,40118,40501,1609831209
23317.0,31001.0,comment,39757,39905,1604840076
31001.0,23317.0,comment,39736,39905,1604654475
29867.0,31002.0,comment,39693,39956,1603718397
31001.0,23317.0,comment,39692,39905,1603640990
29869.0,4847.0,comment,39689,39938,1603561112
29869.0,4847.0,comment,39683,39933,1603474241
23317.0,31001.0,comment,39682,39905,1603472700
31019.0,4847.0,comment,39672,39931,1603397509
29305.0,4847.0,comment,39667,39921,1603332431
29869.0,4847.0,comment,39666,39918,1603326487
4847.0,29869.0,comment,39665,39918,1603325885
29869.0,4847.0,comment,39664,39918,1603324215
29869.0,4847.0,comment,39663,39918,1603324201
31002.0,30997.0,comment,39661,39911,1603260448
30997.0,31002.0,comment,39660,39911,1603257827
29867.0,31002.0,comment,39658,39912,1603253908
4847.0,30957.0,comment,39657,39860,1603220241
30957.0,4847.0,comment,39656,39860,1603215041
30953.0,4847.0,comment,39654,39898,1603111344
30953.0,4847.0,comment,39653,39898,1603110454
4847.0,30953.0,comment,39652,39898,1603102124
30953.0,4847.0,comment,39647,39898,1603042933
30953.0,4847.0,comment,39646,39895,1603028825
4847.0,30972.0,comment,39642,39875,1602864625
30972.0,4847.0,comment,39641,39875,1602838412
29867.0,4847.0,comment,39638,39878,1602824048
30961.0,4847.0,comment,39632,39864,1602703834
29271.0,28078.0,comment,39630,39848,1602689116
30954.0,4847.0,comment,39626,39846,1602610011
29459.0,28078.0,comment,39625,39852,1602608840
29941.0,10074.0,comment,39621,39851,1602596205
30953.0,4847.0,comment,39616,39847,1602571764
29948.0,4847.0,comment,39614,39838,1602526716
29943.0,4847.0,comment,39613,39831,1602510275
29459.0,10074.0,comment,39610,39807,1602366052
29803.0,4847.0,comment,39607,39764,1602365919
29459.0,10074.0,comment,39606,39807,1602365510
29594.0,10074.0,comment,39605,39772,1602361443
4847.0,29784.0,comment,39604,39746,1602348044
28078.0,29867.0,comment,39603,39820,1602342327
10074.0,29459.0,comment,39602,39807,1602341325
29867.0,28078.0,comment,39601,39820,1602341032
29867.0,28078.0,comment,39600,39820,1602340981
29459.0,10074.0,comment,39599,39807,1602340188
28078.0,29867.0,comment,39598,39816,1602339451
29784.0,4847.0,comment,39597,39746,1602338767
29867.0,28078.0,comment,39596,39816,1602336532
10074.0,29459.0,comment,39595,39807,1602328497
29459.0,10074.0,comment,39593,39807,1602282774
29459.0,10074.0,comment,39592,39807,1602282643
29867.0,4847.0,comment,39590,39812,1602272510
29803.0,4847.0,comment,39588,39764,1602228825
29867.0,4847.0,comment,39583,39797,1602143678
29867.0,4847.0,comment,39581,39794,1602120290
27283.0,4847.0,comment,39580,39793,1602103808
4847.0,27283.0,comment,39579,39793,1602103407
27283.0,4847.0,comment,39578,39793,1602102644
27283.0,4847.0,comment,39577,39793,1602101895
29871.0,28078.0,comment,39574,39737,1602097698
29910.0,4847.0,comment,39573,39777,1602095795
29910.0,4847.0,comment,39572,39777,1602095712
29867.0,28078.0,comment,39571,39785,1602093367
29867.0,28078.0,comment,39570,39785,1602083654
29803.0,4847.0,comment,39568,39764,1602066892
29867.0,4847.0,comment,39565,39781,1602049491
4847.0,29910.0,comment,39563,39777,1602018416
29910.0,4847.0,comment,39562,39777,1602017906
29909.0,4847.0,comment,39561,39778,1602017417
29903.0,4847.0,comment,39557,39771,1601999223
28400.0,4847.0,comment,39554,39757,1601921024
28400.0,4847.0,comment,39553,39757,1601919119
28823.0,4847.0,comment,39550,39709,1601895461
29878.0,29865.0,comment,39549,39714,1601894846
28668.0,29867.0,comment,39548,39749,1601883804
4847.0,28400.0,comment,39547,39755,1601873075
29867.0,4847.0,comment,39546,39756,1601863898
28400.0,4847.0,comment,39545,39757,1601851820
29867.0,28668.0,comment,39541,39749,1601817248
28400.0,10074.0,comment,39540,39744,1601759917
10074.0,28400.0,comment,39539,39744,1601759670
28400.0,10074.0,comment,39538,39744,1601759609
28400.0,10074.0,comment,39537,39744,1601759503
28400.0,10074.0,comment,39536,39744,1601759459
10074.0,28400.0,comment,39535,39744,1601759201
28400.0,10074.0,comment,39534,39744,1601758598
10074.0,28400.0,comment,39533,39744,1601758388
28400.0,10074.0,comment,39532,39744,1601758014
28400.0,10074.0,comment,39531,39744,1601757024
29876.0,4847.0,comment,39530,39730,1601753606
29867.0,4847.0,comment,39528,39731,1601666235
29869.0,4847.0,comment,39523,39723,1601593827
4847.0,29869.0,comment,39522,39723,1601593208
4847.0,29869.0,comment,39521,39723,1601592869
4847.0,29869.0,comment,39520,39723,1601592601
29869.0,4847.0,comment,39519,39723,1601591347
10074.0,29860.0,comment,39514,39712,1601560351
29860.0,10074.0,comment,39513,39712,1601511820
43699.0,28078.0,comment,46221,39646,1727847859
37131.0,4847.0,comment,43396,39515,1670593794
34569.0,4847.0,comment,42557,39680,1635593195
29563.0,29495.0,comment,40811,39475,1618446767
31368.0,4847.0,comment,39972,39605,1607547860
4847.0,29860.0,comment,39527,39621,1601618364
29860.0,4847.0,comment,39526,39621,1601613284
29860.0,4847.0,comment,39525,39621,1601608720
28078.0,28527.0,comment,39515,39702,1601561035
28527.0,4847.0,comment,39511,39660,1601498242
28527.0,28078.0,comment,39510,39702,1601493212
4847.0,28527.0,comment,39505,39660,1601360462
28527.0,4847.0,comment,39504,39660,1601335935
29830.0,4847.0,comment,39502,39689,1601301344
4847.0,29830.0,comment,39501,39689,1601281823
29830.0,4847.0,comment,39498,39689,1601281072
4847.0,29479.0,comment,39491,39680,1601146664
29479.0,4847.0,comment,39490,39680,1601135516
29822.0,4847.0,comment,39489,39682,1601119897
29805.0,28400.0,comment,39478,39667,1600887462
28549.0,23675.0,comment,39476,39497,1600825764
28527.0,4847.0,comment,39475,39654,1600816255
4847.0,28527.0,comment,39474,39654,1600740050
28527.0,4847.0,comment,39473,39654,1600736786
4847.0,29734.0,comment,39472,39638,1600721415
29734.0,4847.0,comment,39471,39638,1600687424
10074.0,29780.0,comment,39469,39639,1600684383
29780.0,10074.0,comment,39468,39639,1600657319
29591.0,4847.0,comment,39465,39631,1600529452
4847.0,29139.0,comment,39463,39625,1600412826
29139.0,4847.0,comment,39462,39625,1600412530
4847.0,29139.0,comment,39461,39625,1600411517
29139.0,4847.0,comment,39460,39625,1600411240
29761.0,4847.0,comment,39459,39623,1600379765
4847.0,29761.0,comment,39458,39623,1600379433
29761.0,4847.0,comment,39457,39623,1600378891
4847.0,29761.0,comment,39456,39623,1600377133
29761.0,4847.0,comment,39455,39623,1600376418
29735.0,10074.0,comment,39454,39609,1600356783
29632.0,4847.0,comment,39453,39515,1600346174
4847.0,29510.0,comment,39440,39582,1599946936
29510.0,4847.0,comment,39439,39582,1599946708
29647.0,4847.0,comment,39434,39531,1599767087
29647.0,26152.0,comment,39433,39532,1599767034
27429.0,10074.0,comment,39432,39569,1599705033
27429.0,10074.0,comment,39431,39569,1599704677
29616.0,4847.0,comment,39429,39566,1599676910
29683.0,10074.0,comment,39427,39563,1599654909
29608.0,4847.0,comment,39426,39544,1599470344
29211.0,10074.0,comment,39419,39534,1599245666
29575.0,26152.0,comment,39415,39533,1599234080
29632.0,4847.0,comment,39411,39515,1599201017
29591.0,4847.0,comment,39409,39529,1599192334
4847.0,29591.0,comment,39407,39529,1599190887
29591.0,4847.0,comment,39406,39529,1599190839
4847.0,29591.0,comment,39405,39529,1599190733
29591.0,4847.0,comment,39404,39529,1599190689
4847.0,29591.0,comment,39403,39529,1599190245
29591.0,4847.0,comment,39402,39529,1599188988
29591.0,4847.0,comment,39401,39529,1599188363
29591.0,4847.0,comment,39400,39529,1599188299
29459.0,4847.0,comment,39397,39517,1599154913
29640.0,4847.0,comment,39395,39521,1599144033
29528.0,4847.0,comment,39392,39520,1599106888
4847.0,29459.0,comment,39388,39517,1599092902
29459.0,4847.0,comment,39387,39517,1599090783
29578.0,4847.0,comment,39382,39512,1599067741
4847.0,29578.0,comment,39381,39512,1599065278
29578.0,4847.0,comment,39380,39512,1599065096
10074.0,29624.0,comment,39376,39505,1599039487
29624.0,10074.0,comment,39375,39505,1599007596
29587.0,4847.0,comment,39373,39448,1599006646
28170.0,4847.0,comment,39371,39453,1598944805
29256.0,4847.0,comment,39368,39496,1598909010
29608.0,4847.0,comment,39367,39482,1598907177
4847.0,29608.0,comment,39362,39482,1598892365
29486.0,4847.0,comment,39361,39474,1598891888
10074.0,28799.0,comment,39359,39492,1598880589
28799.0,10074.0,comment,39358,39492,1598878152
29608.0,4847.0,comment,39356,39482,1598865124
29495.0,29598.0,comment,39354,39463,1598768629
29495.0,29598.0,comment,39353,39463,1598768064
29598.0,29495.0,comment,39352,39463,1598763216
4847.0,29566.0,comment,39351,39472,1598759899
29566.0,4847.0,comment,39350,39472,1598759544
28668.0,4847.0,comment,39342,39450,1598641441
10074.0,4847.0,comment,39341,39450,1598608104
28668.0,4847.0,comment,39340,39450,1598601226
4847.0,29512.0,comment,39339,39444,1598572927
32110.0,32069.0,comment,42353,41032,1629785252
26193.0,32069.0,comment,40775,41032,1618247106
31368.0,4847.0,comment,39976,39416,1607549124
28531.0,27433.0,comment,39428,39224,1599666308
29543.0,4847.0,comment,39421,39402,1599319114
29571.0,29512.0,comment,39383,39437,1599070974
29583.0,29512.0,comment,39338,39438,1598571286
29583.0,4847.0,comment,39337,39439,1598571201
4847.0,29341.0,comment,39331,39423,1598551593
9609.0,29567.0,comment,39330,39427,1598542890
29575.0,4847.0,comment,39328,39426,1598538525
29341.0,4847.0,comment,39327,39423,1598529417
29567.0,9609.0,comment,39326,39427,1598525385
29567.0,9609.0,comment,39325,39427,1598524994
29536.0,4847.0,comment,39324,39416,1598517448
28170.0,4847.0,comment,39323,39424,1598517039
29553.0,29562.0,comment,39322,39411,1598505794
29341.0,29556.0,comment,39321,39392,1598440261
29341.0,29556.0,comment,39320,39392,1598440239
29459.0,4847.0,comment,39315,39353,1598392147
29313.0,27433.0,comment,39314,39221,1598383164
29505.0,29556.0,comment,39313,39391,1598379535
29505.0,29556.0,comment,39312,39391,1598378418
28799.0,28894.0,comment,39310,39401,1598352984
4847.0,24213.0,comment,39309,39396,1598342166
24213.0,4847.0,comment,39308,39396,1598340628
4847.0,29563.0,comment,39304,39398,1598314348
29563.0,4847.0,comment,39303,39398,1598312790
24213.0,10074.0,comment,39301,39393,1598297641
24213.0,10074.0,comment,39300,39393,1598297293
24213.0,10074.0,comment,39299,39393,1598296375
24213.0,10074.0,comment,39298,39387,1598271775
24213.0,10074.0,comment,39297,39387,1598271040
29341.0,29512.0,comment,39295,39365,1598197206
29446.0,29536.0,comment,39294,39369,1598191927
29059.0,29490.0,comment,39291,39329,1598178930
29490.0,29059.0,comment,39290,39329,1598160084
29032.0,29512.0,comment,39286,39368,1598110398
29446.0,29512.0,comment,39275,39366,1598046287
4847.0,29459.0,comment,39274,39353,1598036618
29459.0,4847.0,comment,39273,39353,1598023361
29059.0,29490.0,comment,39271,39329,1598007719
29528.0,9609.0,comment,39270,39357,1597983741
29490.0,29059.0,comment,39269,39329,1597981632
29490.0,29446.0,comment,39268,39340,1597978010
29446.0,4847.0,comment,39267,39349,1597959374
29446.0,29490.0,comment,39265,39340,1597931066
29446.0,4847.0,comment,39264,39341,1597930709
29059.0,29490.0,comment,39263,39329,1597921927
29490.0,29059.0,comment,39262,39329,1597881235
29490.0,29059.0,comment,39261,39329,1597881013
28706.0,29342.0,comment,39260,39331,1597880654
29446.0,29517.0,comment,39259,39334,1597880356
29517.0,29446.0,comment,39253,39334,1597856337
29446.0,10074.0,comment,39252,39333,1597855644
29446.0,29517.0,comment,39251,39334,1597855584
29504.0,4847.0,comment,39249,39319,1597821965
4847.0,29504.0,comment,39247,39319,1597809541
29459.0,10074.0,comment,39245,39318,1597800351
28706.0,4847.0,comment,39242,39302,1597793468
29504.0,4847.0,comment,39241,39319,1597778364
29490.0,4847.0,comment,39239,39293,1597726162
29490.0,10074.0,comment,39238,39299,1597701693
29490.0,4847.0,comment,39236,39293,1597681693
29481.0,4847.0,comment,39235,39290,1597668042
29469.0,4847.0,comment,39234,39267,1597651103
29478.0,4847.0,comment,39233,39283,1597637726
27433.0,28664.0,comment,39228,39223,1597580941
28664.0,27433.0,comment,39227,39223,1597578139
27433.0,28664.0,comment,39226,39223,1597574818
29107.0,4847.0,comment,39225,39271,1597540458
4847.0,29107.0,comment,39223,39271,1597536400
29107.0,4847.0,comment,39222,39271,1597533698
29464.0,4847.0,comment,39221,39263,1597519466
28664.0,27433.0,comment,39218,39223,1597515993
28575.0,4847.0,comment,39206,39258,1597272013
4847.0,28575.0,comment,39205,39258,1597270446
28575.0,4847.0,comment,39204,39258,1597270240
29446.0,4847.0,comment,39203,39256,1597269898
4847.0,29446.0,comment,39202,39256,1597268327
4847.0,27433.0,comment,39181,39222,1597047950
35854.0,29343.0,comment,43548,39148,1674170942
36687.0,31995.0,comment,43139,40981,1661622685
36205.0,32212.0,comment,42978,41156,1656806067
35289.0,32212.0,comment,42794,41156,1645692119
34684.0,32212.0,comment,42602,41156,1637370685
34405.0,25687.0,comment,42472,39326,1633773920
34264.0,32212.0,comment,42422,41156,1631969114
34197.0,32212.0,comment,42385,41156,1631016340
32688.0,29343.0,comment,42095,39148,1623598374
32466.0,25687.0,comment,40961,39326,1620928994
31651.0,29343.0,comment,40195,39148,1610585075
31105.0,29487.0,comment,39977,39291,1607552512
29821.0,4847.0,comment,39487,39131,1601052414
29343.0,29474.0,comment,39230,39148,1597604580
29474.0,29343.0,comment,39220,39148,1597516956
28350.0,4847.0,comment,39210,39114,1597404695
4847.0,28350.0,comment,39201,39114,1597255035
28350.0,4847.0,comment,39199,39114,1597181949
29419.0,29417.0,comment,39198,39216,1597165244
29317.0,29350.0,comment,39195,39142,1597123746
29417.0,29419.0,comment,39194,39216,1597112766
29419.0,29417.0,comment,39193,39216,1597110346
29419.0,29417.0,comment,39192,39216,1597110305
29417.0,29419.0,comment,39191,39216,1597106291
29273.0,4847.0,comment,39189,39116,1597101454
4847.0,28350.0,comment,39185,39114,1597084163
28350.0,4847.0,comment,39182,39114,1597058242
29003.0,29401.0,comment,39177,39201,1596905110
27675.0,4847.0,comment,39176,39192,1596871203
4847.0,29378.0,comment,39172,39185,1596821845
29378.0,4847.0,comment,39170,39169,1596766874
23007.0,10074.0,comment,39169,39181,1596746844
4847.0,29378.0,comment,39168,39169,1596740786
29378.0,4847.0,comment,39167,39169,1596740028
4847.0,29378.0,comment,39166,39169,1596739894
29378.0,4847.0,comment,39165,39169,1596739769
4847.0,29378.0,comment,39164,39169,1596739622
29378.0,4847.0,comment,39163,39169,1596738888
29059.0,10074.0,comment,39161,39154,1596716471
29342.0,4847.0,comment,39159,39166,1596663315
29121.0,4847.0,comment,39158,39161,1596651545
29305.0,4847.0,comment,39157,39141,1596649947
29363.0,1090.0,comment,39149,39152,1596577785
29305.0,4847.0,comment,39148,39141,1596570852
29305.0,4847.0,comment,39147,39141,1596570709
29343.0,29346.0,comment,39146,39137,1596545391
29109.0,4847.0,comment,39143,39128,1596528222
29109.0,4847.0,comment,39142,39128,1596528094
29347.0,4847.0,comment,39141,39140,1596516769
4847.0,29347.0,comment,39140,39140,1596503243
29347.0,4847.0,comment,39139,39140,1596498601
29298.0,4847.0,comment,39137,39104,1596495035
4847.0,29342.0,comment,39136,39131,1596484359
29265.0,29298.0,comment,39135,39102,1596481446
29265.0,29330.0,comment,39134,39100,1596481339
29342.0,4847.0,comment,39133,39131,1596477168
29330.0,1090.0,comment,39130,39118,1596438962
19863.0,29328.0,comment,39127,39113,1596433327
29330.0,29265.0,comment,39126,39100,1596419903
29298.0,29265.0,comment,39125,39102,1596391206
28769.0,4847.0,comment,39121,39096,1596345438
4847.0,29211.0,comment,39119,39091,1596340105
29211.0,4847.0,comment,39117,39091,1596317966
28866.0,4847.0,comment,39115,39034,1596291982
29305.0,4847.0,comment,39113,39081,1596272635
27362.0,29059.0,comment,39104,38990,1596236486
29075.0,10074.0,comment,39101,39075,1596198956
29186.0,4847.0,comment,39098,39042,1596158644
4847.0,29186.0,comment,39097,39042,1596158415
29186.0,4847.0,comment,39096,39042,1596158021
29305.0,4847.0,comment,39094,39070,1596140585
23007.0,4847.0,comment,39090,39066,1596130529
4847.0,23007.0,comment,39089,39066,1596130035
23007.0,4847.0,comment,39088,39066,1596129862
29300.0,1090.0,comment,39087,39054,1596129176
4847.0,29265.0,comment,39086,39064,1596128310
29265.0,23007.0,comment,39085,39062,1596125170
23007.0,29265.0,comment,39084,39062,1596124944
29265.0,23007.0,comment,39083,39062,1596124685
29265.0,23007.0,comment,39082,39061,1596122326
23007.0,29265.0,comment,39081,39061,1596122083
28761.0,10074.0,comment,39080,39057,1596114769
4847.0,26041.0,comment,39079,39051,1596079232
26041.0,4847.0,comment,39077,39051,1596069603
25687.0,29269.0,comment,39076,39012,1596017665
28668.0,29059.0,comment,39075,39044,1596009260
4847.0,23007.0,comment,39074,39037,1595992774
23007.0,4847.0,comment,39073,39037,1595985183
4847.0,28562.0,comment,39070,39032,1595971862
4847.0,29279.0,comment,39069,39027,1595971676
29279.0,4847.0,comment,39068,39027,1595964471
29279.0,4847.0,comment,39067,39027,1595963619
29277.0,4847.0,comment,39063,39025,1595941613
29265.0,4847.0,comment,39062,39024,1595937347
28209.0,4847.0,comment,39060,39019,1595919536
29059.0,29265.0,comment,39053,39001,1595851997
29269.0,25687.0,comment,39052,39012,1595848107
29059.0,27362.0,comment,39051,38990,1595847126
29261.0,29263.0,comment,39048,38999,1595820932
28769.0,10074.0,comment,39047,39004,1595811484
27362.0,29059.0,comment,39046,38990,1595810956
28335.0,10074.0,comment,39045,38985,1595784403
29265.0,29059.0,comment,39044,39001,1595783897
29250.0,29243.0,comment,39043,38991,1595783143
29059.0,27362.0,comment,39042,38990,1595766678
29243.0,29250.0,comment,39040,38991,1595759882
29261.0,4847.0,comment,39039,38998,1595753539
29236.0,27433.0,comment,39037,38992,1595734048
27362.0,29059.0,comment,39027,38990,1595709697
29250.0,29243.0,comment,39026,38991,1595704168
10074.0,28335.0,comment,39024,38985,1595694163
28335.0,10074.0,comment,39019,38985,1595643347
38736.0,4847.0,comment,43735,38836,1681513666
37259.0,4847.0,comment,43278,38755,1667078662
36295.0,25714.0,comment,43027,38819,1657973662
4847.0,31020.0,comment,42419,38755,1631840275
32613.0,29131.0,comment,41035,38802,1622733085
31313.0,28668.0,comment,39986,38855,1607636955
28668.0,31313.0,comment,39921,38855,1606995258
31313.0,28668.0,comment,39917,38855,1606952396
31020.0,4847.0,comment,39685,38755,1603513999
4847.0,31020.0,comment,39679,38755,1603420924
4847.0,31020.0,comment,39678,38755,1603420523
31020.0,4847.0,comment,39677,38755,1603419717
31018.0,26002.0,comment,39670,39489,1603392825
31018.0,26002.0,comment,39669,39489,1603391490
29203.0,29141.0,comment,39200,38925,1597202872
29121.0,28562.0,comment,39132,38792,1596456618
27362.0,25714.0,comment,39020,38890,1595647182
27362.0,25714.0,comment,39017,38890,1595633649
29225.0,28562.0,comment,39016,38981,1595632919
27362.0,29059.0,comment,39015,38895,1595632392
29225.0,29059.0,comment,39014,38976,1595626045
28602.0,10074.0,comment,39013,38980,1595608150
29035.0,4847.0,comment,39008,38973,1595576269
4847.0,28527.0,comment,39007,38938,1595564443
4847.0,29229.0,comment,39006,38948,1595550412
29229.0,4847.0,comment,39005,38948,1595538385
29059.0,29219.0,comment,39004,38944,1595531034
29219.0,29059.0,comment,38994,38944,1595502854
28997.0,4847.0,comment,38990,38931,1595468459
4847.0,28527.0,comment,38989,38938,1595468422
4847.0,28997.0,comment,38988,38931,1595468183
28527.0,4847.0,comment,38987,38938,1595467932
28997.0,4847.0,comment,38986,38931,1595467688
29228.0,4847.0,comment,38985,38946,1595454649
4847.0,29059.0,comment,38983,38937,1595440055
4847.0,25714.0,comment,38982,38941,1595439899
4847.0,25714.0,comment,38981,38942,1595439732
4847.0,25714.0,comment,38980,38942,1595439655
29217.0,4847.0,comment,38978,38935,1595431331
25714.0,29220.0,comment,38976,38942,1595422516
29220.0,25714.0,comment,38975,38942,1595416019
29220.0,25714.0,comment,38974,38942,1595415619
25714.0,29220.0,comment,38973,38941,1595408194
29220.0,25714.0,comment,38972,38941,1595406781
29075.0,29059.0,comment,38968,38937,1595394866
28527.0,29059.0,comment,38965,38937,1595391499
4847.0,28997.0,comment,38964,38931,1595383588
28997.0,4847.0,comment,38963,38931,1595383030
4847.0,28997.0,comment,38962,38931,1595370280
4847.0,28997.0,comment,38961,38931,1595370181
28997.0,4847.0,comment,38960,38931,1595368507
28997.0,4847.0,comment,38959,38931,1595368297
4847.0,10074.0,comment,38957,38930,1595367116
4847.0,29075.0,comment,38947,38911,1595321093
29075.0,4847.0,comment,38946,38911,1595319928
29075.0,4847.0,comment,38945,38911,1595317926
4847.0,29195.0,comment,38944,38889,1595316497
28997.0,4847.0,comment,38941,38902,1595289900
25714.0,28997.0,comment,38940,38891,1595277904
28997.0,25714.0,comment,38939,38891,1595276737
25714.0,28997.0,comment,38937,38891,1595274187
25714.0,28997.0,comment,38936,38891,1595274092
28997.0,25714.0,comment,38934,38891,1595272977
29195.0,4847.0,comment,38929,38889,1595220165
29192.0,1090.0,comment,38926,38885,1595193782
25714.0,29180.0,comment,38925,38880,1595186210
29180.0,25714.0,comment,38924,38880,1595185865
25714.0,29177.0,comment,38923,38871,1595184909
25714.0,29177.0,comment,38922,38871,1595184876
29177.0,25714.0,comment,38921,38871,1595184798
25714.0,4847.0,comment,38919,38879,1595183669
4847.0,25714.0,comment,38917,38879,1595182476
25714.0,29180.0,comment,38916,38875,1595182116
25714.0,29180.0,comment,38915,38875,1595181926
25714.0,29180.0,comment,38914,38875,1595181911
29180.0,25714.0,comment,38913,38875,1595181650
25714.0,29180.0,comment,38912,38875,1595181253
25714.0,29180.0,comment,38911,38875,1595180725
29180.0,25714.0,comment,38910,38875,1595180597
25714.0,29177.0,comment,38909,38871,1595180583
25714.0,29177.0,comment,38908,38871,1595180342
25714.0,29180.0,comment,38907,38875,1595180253
29177.0,25714.0,comment,38906,38871,1595178372
29177.0,25714.0,comment,38905,38871,1595178194
29180.0,25714.0,comment,38904,38875,1595177518
29174.0,4847.0,comment,38902,38865,1595121260
29174.0,4847.0,comment,38901,38865,1595120469
29108.0,28668.0,comment,38899,38855,1595065310
28668.0,29108.0,comment,38898,38855,1595063757
29167.0,4847.0,comment,38895,38859,1595021074
28668.0,29108.0,comment,38891,38855,1595016801
29108.0,10074.0,comment,38888,38852,1595003896
10074.0,28668.0,comment,38887,38852,1595002939
28668.0,10074.0,comment,38886,38852,1595001729
29108.0,4847.0,comment,38885,38849,1594993381
29108.0,4847.0,comment,38884,38849,1594993221
29108.0,4847.0,comment,38882,38849,1594993171
4847.0,29108.0,comment,38879,38849,1594977122
4847.0,29108.0,comment,38878,38849,1594976905
29108.0,4847.0,comment,38877,38849,1594974059
29108.0,4847.0,comment,38876,38849,1594973887
29108.0,4847.0,comment,38875,38849,1594973842
29108.0,4847.0,comment,38874,38849,1594973830
29141.0,25714.0,comment,38872,38847,1594931268
29141.0,25714.0,comment,38870,38846,1594929235
29141.0,25714.0,comment,38863,38826,1594920115
4847.0,29145.0,comment,38862,38829,1594913079
29145.0,4847.0,comment,38861,38829,1594893120
29081.0,29007.0,comment,38860,38771,1594883453
28794.0,4847.0,comment,38859,38835,1594865866
28997.0,4847.0,comment,38857,38836,1594863667
28997.0,4847.0,comment,38851,38832,1594853763
28933.0,4847.0,comment,38847,38821,1594834231
25714.0,29141.0,comment,38846,38819,1594830041
29141.0,25714.0,comment,38845,38819,1594828864
28933.0,4847.0,comment,38843,38821,1594824101
10074.0,27362.0,comment,38840,38782,1594809066
29132.0,10074.0,comment,38838,38808,1594799358
4847.0,29136.0,comment,38837,38811,1594797169
29136.0,4847.0,comment,38836,38811,1594796920
29118.0,10074.0,comment,38834,38807,1594791815
25714.0,29104.0,comment,38833,38783,1594790547
25714.0,29104.0,comment,38831,38783,1594790392
29104.0,25714.0,comment,38830,38783,1594790230
29104.0,25714.0,comment,38828,38783,1594785577
27362.0,10074.0,comment,38827,38782,1594778223
27362.0,10074.0,comment,38826,38782,1594778204
29116.0,10074.0,comment,38822,38781,1594705588
4847.0,29086.0,comment,38818,38774,1594687288
29086.0,4847.0,comment,38817,38774,1594686994
10074.0,29116.0,comment,38816,38781,1594686788
4847.0,29086.0,comment,38815,38774,1594685790
29086.0,4847.0,comment,38814,38774,1594685271
4847.0,29086.0,comment,38813,38774,1594684521
4847.0,28562.0,comment,38812,38792,1594684447
29086.0,4847.0,comment,38811,38774,1594684410
29086.0,25714.0,comment,38810,38776,1594684353
4847.0,29127.0,comment,38809,38795,1594684082
29127.0,4847.0,comment,38808,38795,1594683136
29116.0,10074.0,comment,38807,38781,1594682568
29107.0,25714.0,comment,38794,38762,1594590996
4847.0,28883.0,comment,38793,38764,1594588865
4847.0,28883.0,comment,38792,38764,1594588027
29101.0,4847.0,comment,38791,38756,1594586316
25714.0,29107.0,comment,38790,38762,1594570684
29107.0,25714.0,comment,38789,38762,1594565193
28883.0,4847.0,comment,38788,38764,1594557643
29060.0,29059.0,comment,38766,38707,1594390506
37000.0,32040.0,comment,43220,40995,1664546936
36598.0,29739.0,comment,43102,39612,1660737193
36540.0,29739.0,comment,43082,39612,1660148892
36524.0,31984.0,comment,43077,40928,1660025292
36030.0,32040.0,comment,42950,40995,1654947921
34980.0,32040.0,comment,42690,40995,1641599059
23988.0,31984.0,comment,40959,40928,1620753500
29823.0,29739.0,comment,39492,39612,1601164049
29709.0,28836.0,comment,39437,38612,1599870509
29058.0,28562.0,comment,39066,38718,1595954460
28562.0,29058.0,comment,39057,38718,1595886903
29058.0,28562.0,comment,39056,38718,1595885005
28657.0,4847.0,comment,38844,38733,1594827348
4847.0,28657.0,comment,38805,38733,1594667266
28657.0,4847.0,comment,38798,38733,1594627175
4847.0,28655.0,comment,38797,38727,1594605853
28655.0,4847.0,comment,38796,38727,1594601181
29095.0,4847.0,comment,38786,38749,1594500959
29067.0,4847.0,comment,38785,38728,1594477732
28668.0,4847.0,comment,38784,38739,1594466071
4847.0,28668.0,comment,38783,38739,1594465399
28668.0,4847.0,comment,38782,38739,1594465362
4847.0,28668.0,comment,38780,38739,1594465112
28668.0,4847.0,comment,38779,38739,1594462299
4847.0,28657.0,comment,38778,38733,1594455312
28657.0,4847.0,comment,38777,38733,1594454844
4847.0,29067.0,comment,38774,38728,1594406257
29067.0,4847.0,comment,38772,38728,1594404351
4847.0,28657.0,comment,38771,38733,1594403629
28657.0,4847.0,comment,38767,38733,1594390975
28657.0,4847.0,comment,38765,38733,1594390307
28210.0,10074.0,comment,38763,38735,1594384025
28209.0,4847.0,comment,38760,38726,1594360445
4847.0,28655.0,comment,38759,38727,1594358709
28655.0,4847.0,comment,38758,38727,1594358249
29051.0,4847.0,comment,38757,38702,1594355975
28997.0,10074.0,comment,38756,38722,1594342290
4847.0,27329.0,comment,38755,38712,1594338281
10074.0,28997.0,comment,38754,38722,1594336942
28997.0,10074.0,comment,38753,38722,1594334719
28997.0,10074.0,comment,38752,38722,1594334629
27329.0,4847.0,comment,38751,38712,1594334442
28687.0,28668.0,comment,38742,38697,1594304618
28804.0,28706.0,comment,38732,38691,1594252293
28668.0,28687.0,comment,38729,38697,1594238567
28668.0,27433.0,comment,38727,38680,1594194509
29025.0,28562.0,comment,38723,38676,1594164116
29045.0,28562.0,comment,38721,38692,1594161683
28955.0,10074.0,comment,38718,38579,1594044140
28974.0,11300.0,comment,38717,38609,1594038122
28539.0,4847.0,comment,38716,38656,1594034870
27566.0,28984.0,comment,38715,38664,1594031533
4847.0,28794.0,comment,38714,38659,1594016012
4847.0,28794.0,comment,38713,38659,1594015949
4847.0,28794.0,comment,38712,38659,1594015751
28794.0,4847.0,comment,38711,38659,1594001808
28794.0,4847.0,comment,38710,38659,1594001693
29021.0,11300.0,comment,38704,38655,1593987621
28995.0,4847.0,comment,38696,38646,1593898618
4847.0,28999.0,comment,38695,38639,1593896875
28716.0,4847.0,comment,38693,38642,1593866346
28997.0,4847.0,comment,38692,38641,1593858198
28999.0,4847.0,comment,38691,38639,1593851277
28995.0,23026.0,comment,38683,38631,1593830105
28794.0,27433.0,comment,38682,38619,1593813444
27433.0,28794.0,comment,38681,38619,1593810647
28794.0,27433.0,comment,38678,38619,1593792682
28508.0,10074.0,comment,38676,38581,1593760842
28972.0,4847.0,comment,38671,38601,1593726031
28608.0,4847.0,comment,38669,38546,1593725545
28982.0,28562.0,comment,38668,38614,1593723134
11300.0,28911.0,comment,38662,38588,1593698056
28911.0,11300.0,comment,38660,38588,1593694402
28508.0,10074.0,comment,38655,38581,1593675551
4847.0,28335.0,comment,38654,38597,1593670125
28335.0,4847.0,comment,38653,38597,1593668013
28683.0,10074.0,comment,38652,38593,1593650022
10074.0,28683.0,comment,38651,38593,1593649493
28683.0,10074.0,comment,38650,38593,1593641534
28541.0,10074.0,comment,38648,38587,1593628317
10074.0,28541.0,comment,38647,38587,1593621329
28541.0,10074.0,comment,38646,38587,1593617976
28295.0,4847.0,comment,38645,38574,1593616689
27362.0,27586.0,comment,38639,38560,1593573673
28875.0,28562.0,comment,38638,38569,1593560664
28951.0,28562.0,comment,38636,38564,1593532400
28562.0,28527.0,comment,38635,38563,1593532129
28562.0,28527.0,comment,38634,38563,1593532101
28562.0,28527.0,comment,38633,38563,1593531956
28527.0,28562.0,comment,38632,38563,1593531575
4847.0,28655.0,comment,38625,38552,1593498326
28655.0,4847.0,comment,38624,38552,1593498015
4847.0,28655.0,comment,38623,38552,1593497829
28655.0,4847.0,comment,38622,38552,1593497119
27362.0,4847.0,comment,38621,38549,1593489717
4847.0,27362.0,comment,38620,38549,1593489475
4847.0,27362.0,comment,38619,38549,1593489456
27362.0,4847.0,comment,38617,38549,1593488718
27362.0,4847.0,comment,38616,38549,1593488098
4847.0,27362.0,comment,38615,38549,1593487911
4847.0,28932.0,comment,38613,38544,1593481665
10074.0,27861.0,comment,38609,38539,1593464576
27861.0,10074.0,comment,38607,38539,1593445238
28907.0,11300.0,comment,38599,38525,1593418635
4847.0,28860.0,comment,46254,38411,1736194364
36190.0,4847.0,comment,42976,38379,1656597167
32895.0,4847.0,comment,42224,38366,1626632687
31895.0,4847.0,comment,40425,38413,1613613268
31875.0,28983.0,comment,40411,38627,1613413510
29510.0,28615.0,comment,39495,38369,1601219913
29211.0,4847.0,comment,39058,38490,1595900518
29223.0,4847.0,comment,38977,38413,1595422571
28400.0,27433.0,comment,38932,38396,1595255427
27429.0,4847.0,comment,38744,38476,1594310791
28538.0,28983.0,comment,38697,38627,1593933499
28527.0,25714.0,comment,38605,38500,1593443120
28210.0,4847.0,comment,38604,38490,1593441385
28723.0,4847.0,comment,38598,38474,1593384852
28527.0,25714.0,comment,38590,38508,1593291249
25714.0,28527.0,comment,38589,38500,1593284430
28527.0,25714.0,comment,38588,38500,1593284380
25714.0,28527.0,comment,38587,38500,1593284343
25714.0,28527.0,comment,38585,38500,1593284001
28527.0,25714.0,comment,38584,38500,1593283843
10074.0,28204.0,comment,38583,38506,1593279587
25714.0,28527.0,comment,38582,38500,1593278951
28527.0,25714.0,comment,38581,38500,1593278736
28204.0,10074.0,comment,38580,38506,1593275350
28414.0,10074.0,comment,38579,38338,1593238708
28895.0,4847.0,comment,38578,38489,1593184119
28204.0,28896.0,comment,38577,38487,1593179902
28665.0,10074.0,comment,38575,38472,1593156135
4847.0,27429.0,comment,38573,38476,1593143095
27429.0,4847.0,comment,38572,38476,1593142712
28871.0,4847.0,comment,38570,38473,1593123757
4847.0,28871.0,comment,38569,38473,1593122041
28866.0,4847.0,comment,38563,38427,1593095946
28868.0,28871.0,comment,38561,38454,1593094245
28722.0,4847.0,comment,38556,38447,1593057984
4847.0,28722.0,comment,38555,38447,1593056886
28722.0,4847.0,comment,38554,38447,1593056647
1090.0,4847.0,comment,38553,38448,1593042799
28867.0,4847.0,comment,38552,38426,1593036694
28794.0,28562.0,comment,38551,38445,1593035396
28875.0,4847.0,comment,38550,38448,1593033524
4847.0,23026.0,comment,38549,38435,1593032984
4847.0,28871.0,comment,38548,38439,1593032398
23026.0,28722.0,comment,38545,38435,1593008702
28823.0,4847.0,comment,38544,38366,1592997536
28722.0,23026.0,comment,38543,38435,1592982141
4847.0,28872.0,comment,38542,38437,1592975287
4847.0,28860.0,comment,38541,38411,1592975252
28872.0,4847.0,comment,38540,38437,1592974905
28860.0,4847.0,comment,38539,38411,1592974876
28872.0,4847.0,comment,38537,38437,1592974668
4847.0,28862.0,comment,38534,38432,1592968045
28822.0,28562.0,comment,38533,38397,1592967089
28655.0,28833.0,comment,38529,38421,1592942411
28527.0,4847.0,comment,38526,38404,1592927083
28527.0,25714.0,comment,38525,38405,1592927076
28794.0,28562.0,comment,38524,38399,1592925923
28562.0,28794.0,comment,38523,38399,1592921909
28825.0,10074.0,comment,38522,38370,1592885103
28794.0,28562.0,comment,38521,38399,1592877709
28794.0,28562.0,comment,38520,38399,1592874947
28794.0,28562.0,comment,38519,38399,1592874142
4847.0,28823.0,comment,38518,38366,1592864267
28823.0,4847.0,comment,38513,38366,1592829653
27362.0,28180.0,comment,38510,38349,1592786759
28829.0,28830.0,comment,38508,38376,1592773990
28815.0,28816.0,comment,38504,38352,1592695149
28514.0,4847.0,comment,38494,38329,1592612359
25547.0,28787.0,comment,38492,38316,1592607698
28787.0,25547.0,comment,38491,38316,1592607218
28787.0,25547.0,comment,38490,38316,1592607098
25547.0,28787.0,comment,38489,38316,1592606895
28787.0,25547.0,comment,38488,38316,1592606684
25547.0,28787.0,comment,38487,38316,1592605921
25714.0,28804.0,comment,38483,38328,1592595269
25714.0,28804.0,comment,38482,38328,1592595235
28804.0,25714.0,comment,38481,38328,1592595019
28799.0,28562.0,comment,38480,38323,1592587858
28514.0,4847.0,comment,38479,38320,1592580363
28787.0,25547.0,comment,38478,38316,1592579829
25547.0,28787.0,comment,38477,38316,1592568635
4847.0,28794.0,comment,38474,38318,1592537980
28794.0,4847.0,comment,38473,38318,1592532555
28794.0,4847.0,comment,38472,38318,1592532466
28562.0,28789.0,comment,38471,38312,1592520691
28789.0,28562.0,comment,38470,38312,1592517968
32908.0,42861.0,comment,46065,41701,1715942850
42861.0,32908.0,comment,46053,41701,1715725624
41208.0,28766.0,comment,44711,38484,1706910580
36912.0,28766.0,comment,43197,38484,1663802620
34356.0,32076.0,comment,42448,41041,1633049199
32853.0,10074.0,comment,42182,38085,1625916834
32530.0,4847.0,comment,40978,38281,1621706534
32448.0,28766.0,comment,40956,38484,1620553067
31347.0,4847.0,comment,40025,38131,1608413330
28145.0,27433.0,comment,39467,38165,1600603780
28145.0,27433.0,comment,39466,38165,1600603305
25714.0,28790.0,comment,38597,38310,1593370156
28790.0,25714.0,comment,38595,38310,1593369928
28400.0,28755.0,comment,38517,38239,1592851014
28754.0,23026.0,comment,38497,38267,1592656112
10074.0,28553.0,comment,38468,38263,1592510243
28553.0,10074.0,comment,38466,38263,1592503332
28233.0,4847.0,comment,38464,38283,1592494728
10074.0,28553.0,comment,38457,38263,1592488510
28233.0,4847.0,comment,38456,38283,1592488198
28233.0,4847.0,comment,38455,38283,1592488060
28767.0,4847.0,comment,38454,38274,1592478001
25714.0,28664.0,comment,38453,38269,1592470003
25714.0,28664.0,comment,38452,38269,1592469928
25714.0,28664.0,comment,38451,38269,1592469801
28459.0,1090.0,comment,38449,38290,1592465699
28762.0,27433.0,comment,38447,38265,1592460979
28768.0,4847.0,comment,38446,38281,1592452366
28223.0,4847.0,comment,38443,38278,1592426769
28664.0,25714.0,comment,38442,38269,1592425709
28553.0,10074.0,comment,38438,38263,1592411284
10074.0,28553.0,comment,38437,38263,1592407297
28553.0,10074.0,comment,38436,38263,1592401339
14636.0,28562.0,comment,38435,38242,1592396184
28722.0,27433.0,comment,38433,38251,1592386576
4847.0,28295.0,comment,38432,38217,1592349884
28180.0,23026.0,comment,38431,38235,1592348062
28295.0,4847.0,comment,38430,38217,1592347561
28180.0,4847.0,comment,38429,38223,1592345174
19863.0,28562.0,comment,38428,38253,1592342097
28737.0,23026.0,comment,38418,38213,1592320518
23026.0,28737.0,comment,38417,38213,1592294013
28737.0,23026.0,comment,38416,38213,1592287979
4847.0,28295.0,comment,38415,38217,1592282314
4847.0,28180.0,comment,38414,38223,1592281942
4847.0,19863.0,comment,38413,38220,1592281756
23026.0,28737.0,comment,38409,38213,1592262081
28295.0,4847.0,comment,38408,38217,1592259535
28180.0,4847.0,comment,38407,38223,1592258548
19863.0,4847.0,comment,38406,38220,1592258329
28180.0,4847.0,comment,38404,38223,1592257869
28737.0,23026.0,comment,38399,38213,1592247199
28723.0,27433.0,comment,38398,38197,1592246289
28210.0,28395.0,comment,38392,38138,1592204329
28733.0,4847.0,comment,38391,38203,1592203207
28709.0,4847.0,comment,38380,38175,1592125905
28019.0,27433.0,comment,38379,38165,1592104380
28019.0,27433.0,comment,38377,38165,1592100037
28019.0,27433.0,comment,38376,38165,1592098517
28564.0,4847.0,comment,38375,38172,1592095097
23026.0,28564.0,comment,38374,38156,1592093231
28706.0,4847.0,comment,38372,38168,1592089860
4847.0,28706.0,comment,38371,38168,1592083951
28706.0,4847.0,comment,38370,38168,1592082183
28564.0,23026.0,comment,38369,38156,1592078761
23026.0,28564.0,comment,38368,38156,1592077136
28552.0,27433.0,comment,38367,38164,1592076227
23026.0,28564.0,comment,38365,38156,1592075349
28564.0,23026.0,comment,38364,38156,1592070056
28691.0,27433.0,comment,38360,38148,1592036837
28691.0,4847.0,comment,38359,38149,1592036784
23026.0,28564.0,comment,38358,38156,1592028855
23026.0,28564.0,comment,38357,38156,1592028534
28564.0,23026.0,comment,38356,38156,1592027359
27433.0,4847.0,comment,38353,38148,1591999297
4847.0,27433.0,comment,38352,38148,1591998906
27433.0,4847.0,comment,38351,38148,1591998386
28690.0,28562.0,comment,38350,38142,1591996425
4847.0,27433.0,comment,38349,38148,1591996109
28602.0,27433.0,comment,38348,38146,1591992366
28602.0,23026.0,comment,38347,38144,1591992276
28683.0,27433.0,comment,38346,38132,1591987288
4847.0,28204.0,comment,38335,38128,1591928676
28177.0,4847.0,comment,38333,38120,1591928025
4847.0,28177.0,comment,38331,38120,1591927484
28177.0,4847.0,comment,38330,38120,1591927211
4847.0,28177.0,comment,38329,38120,1591927124
28177.0,4847.0,comment,38328,38120,1591927006
28177.0,4847.0,comment,38327,38120,1591926670
4847.0,28177.0,comment,38326,38120,1591926578
28177.0,4847.0,comment,38325,38120,1591926492
4847.0,28177.0,comment,38324,38120,1591926422
28177.0,4847.0,comment,38323,38120,1591926387
4847.0,25489.0,comment,38322,38124,1591926279
4847.0,25489.0,comment,38321,38124,1591926227
25489.0,4847.0,comment,38320,38124,1591925179
28655.0,28663.0,comment,38315,38099,1591904555
4847.0,28657.0,comment,38312,38088,1591895175
28657.0,4847.0,comment,38311,38088,1591893769
10074.0,28634.0,comment,38308,38071,1591882497
28493.0,10074.0,comment,38307,38085,1591867819
4847.0,28657.0,comment,38305,38088,1591855311
28657.0,4847.0,comment,38304,38088,1591853761
28620.0,28562.0,comment,38301,38074,1591838986
28660.0,28562.0,comment,38300,38093,1591827453
28562.0,28620.0,comment,38291,38074,1591805709
28608.0,23026.0,comment,38290,38077,1591802382
28634.0,10074.0,comment,38289,38071,1591801460
10074.0,28570.0,comment,38288,38086,1591798350
28570.0,10074.0,comment,38287,38086,1591797743
28620.0,28562.0,comment,38279,38074,1591745978
28295.0,28562.0,comment,38277,38051,1591744790
28615.0,28631.0,comment,38276,38062,1591740313
28420.0,27433.0,comment,38275,38070,1591739161
28631.0,28615.0,comment,38268,38062,1591717881
28564.0,28618.0,comment,38245,38036,1591571126
35052.0,28615.0,comment,42800,38061,1646162924
29666.0,27433.0,comment,39425,37835,1599404566
27613.0,27752.0,comment,38403,38076,1592256209
27346.0,11300.0,comment,38296,37975,1591816274
28549.0,28142.0,comment,38269,38055,1591725281
28294.0,28078.0,comment,38262,37985,1591664696
28587.0,27752.0,comment,38259,38042,1591644751
27752.0,26041.0,comment,38250,38027,1591612326
27752.0,28097.0,comment,38249,38025,1591612102
28268.0,27355.0,comment,38247,38008,1591589488
28523.0,23659.0,comment,38244,38015,1591565365
28523.0,28604.0,comment,38243,38016,1591565356
28097.0,27752.0,comment,38242,38025,1591563357
4847.0,23659.0,comment,38241,38015,1591561335
26041.0,27752.0,comment,38240,38027,1591552045
27433.0,27861.0,comment,38237,38018,1591516352
27861.0,27433.0,comment,38236,38018,1591498160
28531.0,4847.0,comment,38235,37981,1591454625
28531.0,28594.0,comment,38234,37999,1591454417
28597.0,19863.0,comment,38232,38003,1591440631
28597.0,19863.0,comment,38231,38003,1591440623
19863.0,28597.0,comment,38229,38003,1591426709
27886.0,28593.0,comment,38225,37996,1591386118
4847.0,28531.0,comment,38223,37981,1591381835
28531.0,4847.0,comment,38219,37981,1591368797
28531.0,4847.0,comment,38218,37981,1591367018
28574.0,4847.0,comment,38214,37982,1591347285
28294.0,27433.0,comment,38211,37907,1591318647
28576.0,4847.0,comment,38210,37978,1591312135
23026.0,26203.0,comment,38208,37960,1591301131
26203.0,23026.0,comment,38207,37960,1591299179
27433.0,28563.0,comment,38204,37959,1591296329
28563.0,27433.0,comment,38203,37959,1591294362
28566.0,27433.0,comment,38200,37964,1591290674
27433.0,28570.0,comment,38196,37966,1591266747
28570.0,27433.0,comment,38195,37966,1591266004
28552.0,23098.0,comment,38192,37945,1591249641
17148.0,28183.0,comment,38190,37955,1591241518
28557.0,27433.0,comment,38189,37953,1591239643
28097.0,28295.0,comment,38187,37900,1591220116
4847.0,23026.0,comment,38186,37940,1591211020
28541.0,4847.0,comment,38184,37925,1591196231
27752.0,10074.0,comment,38183,37942,1591192616
28454.0,28078.0,comment,38181,37931,1591183573
27596.0,23026.0,comment,38180,37940,1591183248
28538.0,28078.0,comment,38178,37936,1591174747
28538.0,4847.0,comment,38177,37935,1591174620
27433.0,23938.0,comment,38174,37891,1591173033
23938.0,27433.0,comment,38173,37891,1591171536
23938.0,27433.0,comment,38171,37891,1591171283
28078.0,28544.0,comment,38168,37930,1591160003
28544.0,28078.0,comment,38167,37930,1591159837
28295.0,28097.0,comment,38165,37900,1591154906
28538.0,11300.0,comment,38164,37917,1591152346
4847.0,28541.0,comment,38160,37925,1591127063
28543.0,4847.0,comment,38156,37924,1591123353
11300.0,28538.0,comment,38153,37917,1591119572
28538.0,11300.0,comment,38152,37917,1591117734
11300.0,28538.0,comment,38151,37917,1591115764
28538.0,11300.0,comment,38147,37917,1591109029
27433.0,23938.0,comment,38143,37891,1591088158
23938.0,27433.0,comment,38142,37891,1591087697
27433.0,23938.0,comment,38141,37891,1591086618
23938.0,27433.0,comment,38140,37891,1591086266
27433.0,23938.0,comment,38138,37891,1591080405
23938.0,27433.0,comment,38136,37891,1591079849
28526.0,4847.0,comment,38131,37899,1591049442
28524.0,10074.0,comment,38130,37893,1591044035
27433.0,23938.0,comment,38129,37891,1591040112
23938.0,27433.0,comment,38128,37891,1591039638
11300.0,28062.0,comment,38124,37876,1591026780
28062.0,11300.0,comment,38121,37876,1591022526
28484.0,4847.0,comment,38108,37862,1590944410
28495.0,11300.0,comment,38107,37873,1590943375
11300.0,28495.0,comment,38106,37873,1590942899
28495.0,11300.0,comment,38105,37873,1590942637
28495.0,11300.0,comment,38104,37873,1590942555
11300.0,28495.0,comment,38102,37873,1590941367
28495.0,11300.0,comment,38100,37873,1590940269
28381.0,4847.0,comment,38099,37866,1590936873
4847.0,28236.0,comment,38096,37852,1590917307
28236.0,4847.0,comment,38095,37852,1590914860
27675.0,27433.0,comment,38094,37835,1590910608
28483.0,4847.0,comment,38092,37859,1590875190
28479.0,27433.0,comment,38091,37857,1590873431
28465.0,23026.0,comment,38090,37834,1590871212
4847.0,28344.0,comment,38088,37841,1590854944
9866.0,10074.0,comment,38087,37840,1590854062
27752.0,10074.0,comment,38086,37830,1590853471
10074.0,9866.0,comment,38085,37840,1590853383
9866.0,10074.0,comment,38084,37840,1590850137
27752.0,10074.0,comment,38082,37830,1590844146
28470.0,27433.0,comment,38080,37850,1590843736
28344.0,27433.0,comment,38078,37836,1590838689
27433.0,28344.0,comment,38077,37836,1590838094
28344.0,4847.0,comment,38075,37841,1590835861
28344.0,27433.0,comment,38074,37836,1590835813
27433.0,28344.0,comment,38071,37836,1590818904
28118.0,10074.0,comment,38070,37830,1590818598
23026.0,28458.0,comment,38068,37825,1590811177
28458.0,23026.0,comment,38066,37825,1590804591
28204.0,11300.0,comment,38065,37838,1590800740
10074.0,9866.0,comment,38063,37840,1590790795
9866.0,10074.0,comment,38062,37840,1590790257
28344.0,27433.0,comment,38061,37836,1590788661
28302.0,4847.0,comment,38051,37817,1590704168
27821.0,4847.0,comment,38049,37816,1590701633
4847.0,11300.0,comment,38048,37811,1590701135
4847.0,23026.0,comment,38047,37810,1590700744
23026.0,4847.0,comment,38039,37796,1590650589
4847.0,28442.0,comment,38038,37798,1590648145
28442.0,4847.0,comment,38037,37798,1590648058
4847.0,23026.0,comment,38035,37796,1590647580
23026.0,27617.0,comment,38020,37786,1590627024
23026.0,27617.0,comment,38018,37786,1590625609
27617.0,23026.0,comment,38017,37786,1590618458
27617.0,23026.0,comment,38016,37786,1590618361
27617.0,23026.0,comment,38014,37786,1590616032
37433.0,28221.0,comment,43334,37563,1668508817
34945.0,4847.0,comment,42766,37730,1644795711
34667.0,28562.0,comment,42597,38105,1637069229
29867.0,28169.0,comment,39688,37776,1603548143
29784.0,28424.0,comment,39477,37782,1600865195
29197.0,10074.0,comment,38931,37610,1595250662
28874.0,28371.0,comment,38726,37708,1594190969
28874.0,28371.0,comment,38725,37708,1594187061
28959.0,28371.0,comment,38641,37708,1593586320
27362.0,27433.0,comment,38411,37710,1592276674
27362.0,27433.0,comment,38410,37710,1592276327
27433.0,27362.0,comment,38382,37710,1592129048
27362.0,27433.0,comment,38373,37710,1592092046
28328.0,28620.0,comment,38362,38040,1592055782
28658.0,27433.0,comment,38293,37680,1591809668
27433.0,27362.0,comment,38281,37710,1591757787
27362.0,27433.0,comment,38280,37710,1591757089
27433.0,27362.0,comment,38264,37710,1591671262
27362.0,27433.0,comment,38263,37710,1591666762
27362.0,27433.0,comment,38246,37710,1591583714
27283.0,23026.0,comment,38182,37767,1591185033
28130.0,27433.0,comment,38117,37648,1591010830
23026.0,27283.0,comment,38019,37767,1590626630
28424.0,27433.0,comment,38011,37780,1590604531
27433.0,27362.0,comment,38005,37710,1590581911
27362.0,27433.0,comment,37992,37710,1590551816
28419.0,23026.0,comment,37991,37766,1590545650
27283.0,23026.0,comment,37987,37767,1590534414
27283.0,23026.0,comment,37986,37767,1590534301
23026.0,27283.0,comment,37979,37767,1590507376
27283.0,23026.0,comment,37978,37767,1590506800
28035.0,28345.0,comment,37975,37679,1590501840
28414.0,27433.0,comment,37974,37764,1590496876
28390.0,4847.0,comment,37971,37738,1590476620
28268.0,4847.0,comment,37968,37737,1590465172
28349.0,27433.0,comment,37967,37687,1590457407
28242.0,25831.0,comment,37966,37755,1590456191
27596.0,23026.0,comment,37964,37736,1590439508
23026.0,27596.0,comment,37963,37736,1590438261
4847.0,28361.0,comment,37961,37698,1590427213
27596.0,23026.0,comment,37960,37736,1590427078
4847.0,28268.0,comment,37959,37737,1590427049
28361.0,4847.0,comment,37956,37698,1590418214
28268.0,23026.0,comment,37947,37732,1590398210
28268.0,4847.0,comment,37946,37737,1590398084
28268.0,4847.0,comment,37945,37737,1590397654
28268.0,4847.0,comment,37944,37737,1590397138
23026.0,28384.0,comment,37933,37727,1590367100
28384.0,23026.0,comment,37932,37727,1590366826
28099.0,28371.0,comment,37931,37708,1590366822
23026.0,28384.0,comment,37929,37727,1590366145
28384.0,23026.0,comment,37928,37727,1590366008
23026.0,28380.0,comment,37925,37721,1590358499
28245.0,27433.0,comment,37924,37707,1590356565
4847.0,28361.0,comment,37923,37698,1590353016
28103.0,28380.0,comment,37922,37721,1590345040
28361.0,4847.0,comment,37920,37698,1590339881
28361.0,4847.0,comment,37919,37698,1590339749
28356.0,27355.0,comment,37913,37691,1590329162
28357.0,27355.0,comment,37912,37714,1590328026
27433.0,28209.0,comment,37909,37685,1590301548
28209.0,27433.0,comment,37908,37685,1590289841
28340.0,27433.0,comment,37899,37680,1590245059
25844.0,27355.0,comment,37898,37690,1590239068
25844.0,27355.0,comment,37897,37690,1590239033
28328.0,4847.0,comment,37893,37653,1590222348
4847.0,28346.0,comment,37890,37682,1590191196
4847.0,28346.0,comment,37889,37682,1590191084
28346.0,4847.0,comment,37888,37682,1590188925
27606.0,4847.0,comment,37881,37664,1590158007
28265.0,10074.0,comment,37875,37578,1590139848
28316.0,27433.0,comment,37873,37645,1590133016
27355.0,28295.0,comment,37872,37627,1590129634
28288.0,11300.0,comment,37871,37624,1590128207
28264.0,28332.0,comment,37866,37650,1590105036
28295.0,27355.0,comment,37865,37627,1590101055
27433.0,28316.0,comment,37864,37645,1590094056
25436.0,10074.0,comment,37863,37640,1590093542
28316.0,27433.0,comment,37861,37645,1590092922
27433.0,28316.0,comment,37860,37645,1590092208
28316.0,27433.0,comment,37858,37645,1590091228
27546.0,27433.0,comment,37853,37643,1590080561
27433.0,28252.0,comment,37851,37579,1590076927
27433.0,28252.0,comment,37850,37579,1590075919
28252.0,27433.0,comment,37849,37579,1590072005
28252.0,27433.0,comment,37847,37579,1590069939
27355.0,28298.0,comment,37837,37622,1590025157
27355.0,28295.0,comment,37836,37627,1590025017
28298.0,27355.0,comment,37833,37622,1590016861
28295.0,27355.0,comment,37832,37627,1590015819
28268.0,10074.0,comment,37818,37601,1589929297
27429.0,4847.0,comment,37814,37604,1589914782
28276.0,28274.0,comment,37813,37584,1589914527
28274.0,28276.0,comment,37796,37584,1589835300
28218.0,27659.0,comment,37793,37570,1589821538
27659.0,28218.0,comment,37782,37570,1589780725
28250.0,27355.0,comment,37781,37558,1589741513
31573.0,27433.0,comment,40453,37480,1614162782
20186.0,4847.0,comment,39723,37490,1604338728
29867.0,28204.0,comment,39618,37523,1602581644
28766.0,28102.0,comment,38441,37384,1592421969
28562.0,28115.0,comment,38309,37418,1591889101
28598.0,4847.0,comment,38227,37469,1591425583
4847.0,1090.0,comment,37927,37444,1590363376
27362.0,28244.0,comment,37904,37550,1590279391
28317.0,28102.0,comment,37878,37387,1590148821
27355.0,27851.0,comment,37823,37486,1589952128
27851.0,27355.0,comment,37817,37486,1589922566
27851.0,28103.0,comment,37816,37509,1589922410
28098.0,4847.0,comment,37761,37490,1589604117
28098.0,4847.0,comment,37760,37490,1589603142
28204.0,4847.0,comment,37759,37523,1589593624
4847.0,26158.0,comment,37757,37527,1589583577
26158.0,4847.0,comment,37756,37527,1589583505
26158.0,4847.0,comment,37755,37527,1589583434
27549.0,4847.0,comment,37753,37493,1589577073
28209.0,4847.0,comment,37752,37518,1589575895
28209.0,28103.0,comment,37751,37516,1589567404
28103.0,4847.0,comment,37750,37518,1589561997
27355.0,27851.0,comment,37745,37486,1589548067
28091.0,28102.0,comment,37744,37387,1589535633
27433.0,4847.0,comment,37743,37481,1589528967
27851.0,27355.0,comment,37739,37486,1589504622
27851.0,4847.0,comment,37737,37497,1589499463
4847.0,27851.0,comment,37735,37497,1589497987
27851.0,4847.0,comment,37734,37497,1589497425
4847.0,28169.0,comment,37733,37466,1589493752
28169.0,4847.0,comment,37732,37466,1589493365
4847.0,28169.0,comment,37731,37466,1589493025
28169.0,4847.0,comment,37730,37466,1589492866
27851.0,27355.0,comment,37729,37486,1589491970
27681.0,10074.0,comment,37728,37485,1589490750
4847.0,27433.0,comment,37726,37481,1589481340
27566.0,10074.0,comment,37724,37426,1589459530
27566.0,10074.0,comment,37723,37426,1589452983
10074.0,27566.0,comment,37722,37426,1589452025
28191.0,10074.0,comment,37721,37485,1589451633
28160.0,27433.0,comment,37719,37480,1589450082
27566.0,10074.0,comment,37717,37426,1589443667
27566.0,10074.0,comment,37716,37426,1589443576
27752.0,4847.0,comment,37715,37462,1589435606
27933.0,4847.0,comment,37713,37447,1589435418
4847.0,28185.0,comment,37712,37475,1589433592
28185.0,4847.0,comment,37711,37475,1589433268
4847.0,27933.0,comment,37710,37447,1589433103
27933.0,4847.0,comment,37709,37447,1589432854
4847.0,27933.0,comment,37708,37447,1589430567
27933.0,4847.0,comment,37707,37447,1589430066
4847.0,27933.0,comment,37706,37447,1589429371
27933.0,4847.0,comment,37705,37447,1589429139
4847.0,27933.0,comment,37704,37447,1589428716
27933.0,4847.0,comment,37703,37447,1589428299
27399.0,4847.0,comment,37701,37469,1589419415
4847.0,27399.0,comment,37699,37469,1589407179
27399.0,4847.0,comment,37698,37469,1589406169
27851.0,4847.0,comment,37696,37443,1589403142
27851.0,4847.0,comment,37695,37443,1589402149
4847.0,28120.0,comment,37694,37464,1589393962
28134.0,4847.0,comment,37691,37448,1589388417
10074.0,27566.0,comment,37690,37426,1589387127
28065.0,27433.0,comment,37687,37433,1589368791
28065.0,4847.0,comment,37686,37439,1589368780
27566.0,10074.0,comment,37684,37426,1589354375
28133.0,4847.0,comment,37683,37416,1589338887
27433.0,28065.0,comment,37681,37433,1589315145
28065.0,27433.0,comment,37680,37433,1589310099
28087.0,28103.0,comment,37678,37406,1589307074
28087.0,28088.0,comment,37677,37361,1589307050
27433.0,28065.0,comment,37676,37433,1589303948
28065.0,27433.0,comment,37675,37433,1589303794
27433.0,28065.0,comment,37674,37433,1589302514
28065.0,27433.0,comment,37671,37433,1589301348
10074.0,27566.0,comment,37669,37426,1589299982
27566.0,10074.0,comment,37668,37426,1589296640
27566.0,10074.0,comment,37667,37426,1589296191
28103.0,28131.0,comment,37659,37417,1589259113
28131.0,28103.0,comment,37658,37417,1589246819
28087.0,28088.0,comment,37647,37361,1589215534
28101.0,28120.0,comment,37645,37405,1589204443
28120.0,28101.0,comment,37644,37405,1589203123
28101.0,28120.0,comment,37643,37405,1589200672
28115.0,28106.0,comment,37641,37400,1589182939
28098.0,28102.0,comment,37640,37383,1589177638
24105.0,28102.0,comment,37639,37384,1589173882
28103.0,27433.0,comment,37638,37393,1589133777
4847.0,28090.0,comment,37637,37368,1589127702
28090.0,4847.0,comment,37636,37368,1589125071
27865.0,28102.0,comment,37633,37386,1589118054
28101.0,27433.0,comment,37632,37381,1589116027
27433.0,28101.0,comment,37629,37381,1589114984
28101.0,27433.0,comment,37628,37381,1589111200
28063.0,4847.0,comment,37627,37367,1589111042
27963.0,4847.0,comment,37622,37369,1589097568
10074.0,28069.0,comment,37620,37373,1589081152
4847.0,28078.0,comment,37616,37354,1589045720
28063.0,27929.0,comment,37615,37335,1589043188
28078.0,4847.0,comment,37605,37354,1589006005
27851.0,4847.0,comment,37603,37345,1588976770
4847.0,27851.0,comment,37602,37345,1588976662
27851.0,4847.0,comment,37601,37345,1588976605
4847.0,25436.0,comment,37599,37343,1588975886
27851.0,25436.0,comment,37598,37343,1588975351
4847.0,25436.0,comment,37597,37343,1588975196
27851.0,25436.0,comment,37596,37343,1588974306
27929.0,28063.0,comment,37594,37335,1588964536
28063.0,27929.0,comment,37592,37335,1588952064
27547.0,4847.0,comment,37589,37329,1588933574
27547.0,4847.0,comment,37588,37329,1588933118
27998.0,12099.0,comment,37583,37326,1588887758
12099.0,27998.0,comment,37582,37326,1588886673
27998.0,12099.0,comment,37580,37326,1588885953
27998.0,12099.0,comment,37579,37326,1588885689
12099.0,27998.0,comment,37578,37326,1588884917
12099.0,27998.0,comment,37577,37326,1588884775
27998.0,12099.0,comment,37576,37326,1588884433
26184.0,4847.0,comment,37547,37291,1588714077
4847.0,26184.0,comment,37546,37291,1588713261
26184.0,4847.0,comment,37545,37291,1588713106
42775.0,4847.0,comment,46020,37217,1714661262
40682.0,4847.0,comment,44334,37217,1700650394
40682.0,4847.0,comment,44324,37217,1700469467
36554.0,27283.0,comment,43132,37129,1661526182
31069.0,4847.0,comment,39706,37217,1603953117
29666.0,4847.0,comment,39629,37130,1602682574
29561.0,28447.0,comment,39302,37802,1598299506
28952.0,4847.0,comment,38637,37217,1593532452
28579.0,28447.0,comment,38213,37802,1591340530
27533.0,28282.0,comment,38056,37593,1590747198
27659.0,28447.0,comment,38042,37802,1590660655
28038.0,27433.0,comment,37791,37161,1589812383
27657.0,27433.0,comment,37663,37215,1589282709
10074.0,27861.0,comment,37593,37284,1588954037
27861.0,10074.0,comment,37591,37284,1588949047
27929.0,27442.0,comment,37590,37228,1588944262
27998.0,11300.0,comment,37585,37310,1588897673
27998.0,11300.0,comment,37575,37310,1588871998
27990.0,27433.0,comment,37573,37277,1588847805
27566.0,4847.0,comment,37572,37304,1588845567
27566.0,4847.0,comment,37571,37304,1588844263
27566.0,4847.0,comment,37570,37304,1588843143
27996.0,19664.0,comment,37567,37283,1588826474
28029.0,4847.0,comment,37565,37313,1588817831
28024.0,1161.0,comment,37564,37307,1588815681
4847.0,11300.0,comment,37563,37310,1588802866
27998.0,4847.0,comment,37561,37303,1588789195
4847.0,27998.0,comment,37560,37303,1588787987
27998.0,4847.0,comment,37558,37303,1588786907
27861.0,10074.0,comment,37552,37284,1588753737
27405.0,10074.0,comment,37534,37262,1588668255
27786.0,10074.0,comment,37532,37159,1588635494
27786.0,27355.0,comment,37531,37095,1588635362
27481.0,10074.0,comment,37530,37252,1588627166
27442.0,27929.0,comment,37529,37228,1588621869
27966.0,27355.0,comment,37522,37250,1588601885
27566.0,27433.0,comment,37521,37161,1588601868
25411.0,10074.0,comment,37515,37234,1588576138
27815.0,4847.0,comment,37505,37221,1588519461
27923.0,4847.0,comment,37501,37217,1588491244
27928.0,4847.0,comment,37499,37227,1588463172
27886.0,27433.0,comment,37492,37180,1588402834
27847.0,10074.0,comment,37489,37162,1588381776
27851.0,4847.0,comment,37488,37201,1588375889
27851.0,4847.0,comment,37487,37153,1588368919
27794.0,27758.0,comment,37486,37136,1588367992
4847.0,27851.0,comment,37485,37153,1588367256
4847.0,27851.0,comment,37484,37153,1588367029
27851.0,4847.0,comment,37483,37153,1588365009
4847.0,27851.0,comment,37482,37153,1588364567
27851.0,4847.0,comment,37481,37153,1588363171
10074.0,27847.0,comment,37478,37162,1588362156
27851.0,4847.0,comment,37477,37153,1588361897
4847.0,27851.0,comment,37475,37153,1588361075
27851.0,4847.0,comment,37473,37153,1588360261
4847.0,27851.0,comment,37471,37153,1588359472
27851.0,4847.0,comment,37470,37153,1588357795
27758.0,27794.0,comment,37469,37136,1588357301
27847.0,10074.0,comment,37468,37162,1588350106
27847.0,10074.0,comment,37467,37162,1588350065
27878.0,10074.0,comment,37466,37194,1588344390
27433.0,27352.0,comment,37465,37181,1588321112
27352.0,27433.0,comment,37463,37181,1588315022
27827.0,11300.0,comment,37462,37193,1588289480
27433.0,27566.0,comment,37450,37161,1588250580
27865.0,27827.0,comment,37449,37168,1588242903
27566.0,27433.0,comment,37448,37161,1588240452
27722.0,25436.0,comment,37447,37149,1588229509
27429.0,4847.0,comment,37444,37146,1588212717
27429.0,4847.0,comment,37442,37146,1588212498
27875.0,4847.0,comment,37440,37171,1588201832
4847.0,27875.0,comment,37439,37171,1588199725
27875.0,4847.0,comment,37438,37171,1588199297
27433.0,27566.0,comment,37432,37161,1588182688
27566.0,27433.0,comment,37431,37161,1588173524
4847.0,27429.0,comment,37423,37146,1588115184
27429.0,4847.0,comment,37422,37146,1588114791
27812.0,4847.0,comment,37418,37131,1588083598
27812.0,4847.0,comment,37417,37131,1588083388
27827.0,27433.0,comment,37416,37140,1588078198
27827.0,27433.0,comment,37415,37140,1588075540
27738.0,10074.0,comment,37414,37142,1588071980
27815.0,4847.0,comment,37412,37130,1588067113
27808.0,27795.0,comment,37408,37135,1588058654
27816.0,10074.0,comment,37405,37127,1588040027
27784.0,27433.0,comment,37396,37111,1587990050
27659.0,27355.0,comment,37389,37096,1587957200
27670.0,25801.0,comment,40233,37040,1611117896
31425.0,27680.0,comment,40013,36994,1608220184
23317.0,27553.0,comment,39645,36908,1602928937
28334.0,26125.0,comment,37867,37182,1590107295
26245.0,27965.0,comment,37566,37018,1588823402
27965.0,26245.0,comment,37517,37018,1588595637
27433.0,27362.0,comment,37516,37006,1588580669
27362.0,27433.0,comment,37498,37006,1588462096
27355.0,27781.0,comment,37400,37094,1588006056
26236.0,10074.0,comment,37397,37059,1588001255
27657.0,27433.0,comment,37394,37009,1587974621
27781.0,27355.0,comment,37393,37094,1587974605
27657.0,27557.0,comment,37392,37021,1587974585
27785.0,27355.0,comment,37388,37091,1587943174
27768.0,27433.0,comment,37379,37077,1587889548
4847.0,25411.0,comment,37370,37064,1587850385
27394.0,27355.0,comment,37369,37062,1587842812
25411.0,4847.0,comment,37366,37064,1587797979
27670.0,10074.0,comment,37345,37024,1587705850
27364.0,10074.0,comment,37343,36987,1587689148
27681.0,27675.0,comment,37342,37013,1587687018
27675.0,27681.0,comment,37340,37013,1587681877
27681.0,27675.0,comment,37339,36996,1587674932
27681.0,27675.0,comment,37338,37013,1587674633
27707.0,27557.0,comment,37334,37019,1587654502
27702.0,27433.0,comment,37330,37011,1587589902
27684.0,27433.0,comment,37327,37008,1587580162
27675.0,27681.0,comment,37323,36996,1587559306
27405.0,27433.0,comment,37319,36958,1587544446
27666.0,10074.0,comment,37318,36987,1587540070
10074.0,27666.0,comment,37315,36987,1587521058
26237.0,10074.0,comment,37314,36974,1587520601
27666.0,10074.0,comment,37313,36987,1587518017
27362.0,27433.0,comment,37308,36951,1587501156
27362.0,27433.0,comment,37307,36951,1587501033
27672.0,4847.0,comment,37304,36989,1587500136
27674.0,4847.0,comment,37303,36991,1587495078
27481.0,4847.0,comment,37302,36969,1587493987
10074.0,27667.0,comment,37297,36981,1587484362
4847.0,27447.0,comment,37287,36960,1587444860
27447.0,4847.0,comment,37284,36960,1587409126
27481.0,27433.0,comment,37278,36955,1587401273
27481.0,27433.0,comment,37277,36955,1587401044
27433.0,27405.0,comment,37274,36958,1587393479
27405.0,27433.0,comment,37272,36958,1587391965
27433.0,27405.0,comment,37271,36958,1587389601
27405.0,27433.0,comment,37270,36958,1587387786
27623.0,27433.0,comment,37267,36944,1587365781
27633.0,27433.0,comment,37266,36951,1587351446
27598.0,27433.0,comment,37265,36913,1587334966
27617.0,1090.0,comment,37263,36934,1587327040
27442.0,10074.0,comment,37260,36950,1587317984
27603.0,27394.0,comment,37248,36915,1587287257
27352.0,4847.0,comment,37247,36936,1587281450
27620.0,4847.0,comment,37246,36933,1587276929
27252.0,4847.0,comment,37245,36938,1587274833
27252.0,1090.0,comment,37244,36938,1587270949
4847.0,1090.0,comment,37243,36938,1587270582
1090.0,27252.0,comment,37242,36938,1587270002
27252.0,1090.0,comment,37241,36938,1587269649
27447.0,10074.0,comment,37236,36922,1587266747
27598.0,27433.0,comment,37233,36913,1587235449
27547.0,27433.0,comment,37228,36897,1587226125
27364.0,4847.0,comment,37227,36911,1587214739
4847.0,27533.0,comment,37217,36868,1587181178
27533.0,4847.0,comment,37216,36868,1587179546
27577.0,27433.0,comment,37215,36894,1587139730
27355.0,4847.0,comment,37210,36898,1587119602
27566.0,4847.0,comment,37208,36896,1587115092
27433.0,27481.0,comment,37205,36888,1587109200
27542.0,27570.0,comment,37200,36885,1587089013
27481.0,27433.0,comment,37199,36888,1587074880
27481.0,27433.0,comment,37198,36888,1587074852
27546.0,10074.0,comment,37197,36859,1587073873
11300.0,26111.0,comment,37194,36882,1587057967
26111.0,11300.0,comment,37192,36882,1587054951
27433.0,27481.0,comment,37191,36877,1587054715
11300.0,26111.0,comment,37190,36882,1587054513
26111.0,11300.0,comment,37189,36882,1587054003
4847.0,27503.0,comment,37187,36867,1587052721
27481.0,27433.0,comment,37186,36877,1587052286
27503.0,4847.0,comment,37184,36867,1587045266
27511.0,27433.0,comment,37176,36842,1586939087
36694.0,27361.0,comment,43142,36686,1661691572
36035.0,10074.0,comment,42953,36690,1655015057
29109.0,27374.0,comment,39145,36718,1596537439
29109.0,27374.0,comment,39144,36718,1596531567
28977.0,4847.0,comment,38664,36713,1593706657
28500.0,27374.0,comment,38109,36718,1590953498
26236.0,26242.0,comment,37360,36625,1587754305
27507.0,27355.0,comment,37196,36833,1587068122
27361.0,27500.0,comment,37181,36821,1587011942
27433.0,26035.0,comment,37175,36823,1586938930
27355.0,27362.0,comment,37173,36740,1586872790
26035.0,27433.0,comment,37172,36823,1586841893
26035.0,27433.0,comment,37171,36823,1586841556
27409.0,11300.0,comment,37170,36834,1586814584
27362.0,27355.0,comment,37169,36740,1586814420
27461.0,11300.0,comment,37167,36830,1586800435
26163.0,27433.0,comment,37164,36826,1586776678
27355.0,27362.0,comment,37161,36740,1586763851
27362.0,27355.0,comment,37160,36740,1586731882
27481.0,27433.0,comment,37157,36809,1586722761
27483.0,27433.0,comment,37154,36812,1586715015
27433.0,27483.0,comment,37152,36812,1586712388
27483.0,27433.0,comment,37151,36812,1586711647
27355.0,27362.0,comment,37144,36740,1586675727
23317.0,10074.0,comment,37143,36803,1586672529
27362.0,27355.0,comment,37141,36740,1586643933
27362.0,27355.0,comment,37140,36740,1586643526
27433.0,27429.0,comment,37139,36791,1586639270
11300.0,25411.0,comment,37138,36784,1586633148
25411.0,11300.0,comment,37137,36784,1586632653
27429.0,27433.0,comment,37136,36791,1586632521
11300.0,25411.0,comment,37135,36784,1586630175
25411.0,11300.0,comment,37134,36784,1586629716
26125.0,10074.0,comment,37130,36763,1586615344
11300.0,25411.0,comment,37129,36784,1586609170
27433.0,26111.0,comment,37124,36787,1586590961
27433.0,26111.0,comment,37123,36787,1586590106
25411.0,11300.0,comment,37122,36784,1586587822
26111.0,27433.0,comment,37121,36787,1586555706
26111.0,27433.0,comment,37120,36787,1586555700
26111.0,27433.0,comment,37119,36787,1586555433
27429.0,4847.0,comment,37118,36779,1586547760
4847.0,27447.0,comment,37117,36780,1586545620
4847.0,27429.0,comment,37116,36779,1586545368
27447.0,4847.0,comment,37114,36780,1586535011
27429.0,4847.0,comment,37111,36779,1586528777
27429.0,27433.0,comment,37109,36756,1586489664
27399.0,25940.0,comment,37106,36725,1586481862
25801.0,27423.0,comment,37103,36753,1586450304
27325.0,27374.0,comment,37102,36696,1586445585
10074.0,26125.0,comment,37101,36763,1586443360
26125.0,10074.0,comment,37100,36763,1586442363
27325.0,27374.0,comment,37099,36696,1586436666
27283.0,4847.0,comment,37097,36755,1586424221
27364.0,10074.0,comment,37094,36690,1586393340
25940.0,27399.0,comment,37093,36725,1586382330
25801.0,27423.0,comment,37090,36745,1586365385
27368.0,1090.0,comment,37085,36724,1586349038
27362.0,27355.0,comment,37080,36704,1586309783
27362.0,27355.0,comment,37079,36704,1586309531
27362.0,27355.0,comment,37078,36704,1586309522
27287.0,4847.0,comment,37077,36635,1586305640
1090.0,27368.0,comment,37076,36724,1586303503
26237.0,10074.0,comment,37074,36732,1586285220
25801.0,10074.0,comment,37073,36733,1586278979
10074.0,25801.0,comment,37072,36733,1586278609
25801.0,10074.0,comment,37071,36733,1586278316
10074.0,26237.0,comment,37070,36732,1586274756
27368.0,1090.0,comment,37065,36724,1586269037
27368.0,1090.0,comment,37064,36724,1586268295
19664.0,4847.0,comment,37063,36723,1586252830
27399.0,27355.0,comment,37056,36704,1586237398
27362.0,27355.0,comment,37054,36704,1586211794
27362.0,27355.0,comment,37053,36704,1586210278
4847.0,27395.0,comment,37052,36713,1586202938
27395.0,4847.0,comment,37051,36713,1586202415
27395.0,4847.0,comment,37050,36713,1586202236
4847.0,27395.0,comment,37047,36713,1586201738
27395.0,4847.0,comment,37044,36713,1586200787
4847.0,26237.0,comment,37031,36631,1586109783
25947.0,4847.0,comment,37016,36642,1585874595
1090.0,26028.0,comment,37015,36640,1585864737
27289.0,26242.0,comment,37014,36641,1585854034
27291.0,26242.0,comment,37010,36663,1585833916
27291.0,26242.0,comment,37009,36663,1585833884
27291.0,26242.0,comment,37008,36663,1585832949
26242.0,27291.0,comment,37007,36663,1585828066
27291.0,26242.0,comment,37006,36663,1585827987
27291.0,26242.0,comment,37005,36663,1585827802
27291.0,26242.0,comment,37004,36663,1585827655
26242.0,27291.0,comment,37003,36663,1585827122
27291.0,26242.0,comment,37002,36663,1585827069
27291.0,26242.0,comment,37001,36663,1585826731
27291.0,26242.0,comment,37000,36663,1585826356
26242.0,27278.0,comment,36999,36651,1585821552
26242.0,27299.0,comment,36998,36650,1585819548
12099.0,27316.0,comment,36997,36658,1585817744
27316.0,12099.0,comment,36996,36658,1585816471
25947.0,4847.0,comment,36995,36642,1585791220
27278.0,26242.0,comment,36993,36651,1585781055
27313.0,27314.0,comment,36991,36655,1585767405
26028.0,1090.0,comment,36990,36640,1585766065
27314.0,27313.0,comment,36988,36655,1585755398
23389.0,26242.0,comment,36987,36649,1585754493
27313.0,27314.0,comment,36986,36655,1585754398
27299.0,26242.0,comment,36985,36650,1585752275
26242.0,27299.0,comment,36984,36650,1585750125
27299.0,26242.0,comment,36982,36650,1585749451
26237.0,4847.0,comment,36980,36631,1585727795
25947.0,4847.0,comment,36978,36642,1585719499
10074.0,26227.0,comment,36976,36623,1585687678
26227.0,10074.0,comment,36975,36623,1585682457
4847.0,26158.0,comment,36971,36634,1585608984
4847.0,26158.0,comment,36970,36634,1585608785
26158.0,4847.0,comment,36969,36634,1585608407
27283.0,4847.0,comment,36967,36629,1585604339
4847.0,27283.0,comment,36966,36629,1585604152
27283.0,4847.0,comment,36965,36629,1585603138
27276.0,26242.0,comment,36962,36617,1585586823
40110.0,34124.0,comment,44065,41845,1694255961
34837.0,25436.0,comment,42643,35568,1640081987
32085.0,24110.0,comment,40773,35471,1618238116
31138.0,31541.0,comment,40121,40061,1609853032
31541.0,31138.0,comment,40099,40061,1609604157
12099.0,28679.0,comment,39231,36942,1597611592
29285.0,26245.0,comment,39065,35596,1595951223
12099.0,29273.0,comment,39061,35483,1595930904
29273.0,12099.0,comment,39050,35483,1595822102
29273.0,12099.0,comment,39049,35483,1595821533
29144.0,26242.0,comment,38832,35594,1594790475
28679.0,26002.0,comment,38507,36942,1592755805
12099.0,28506.0,comment,38154,35411,1591121416
28506.0,12099.0,comment,38111,35411,1590974656
28361.0,4847.0,comment,37957,35439,1590418733
12099.0,28330.0,comment,37857,35414,1590090665
28330.0,12099.0,comment,37855,35414,1590089956
28101.0,26002.0,comment,37829,36942,1589979419
12099.0,26231.0,comment,37511,35540,1588532337
26231.0,12099.0,comment,37500,35540,1588490400
12099.0,25764.0,comment,37262,35411,1587326274
25764.0,12099.0,comment,37258,35411,1587315672
25764.0,26002.0,comment,37257,36942,1587315620
26107.0,27378.0,comment,37163,35456,1586769632
27378.0,26107.0,comment,37092,35456,1586376109
27362.0,10074.0,comment,37036,35553,1586129854
26141.0,4847.0,comment,37017,35589,1585920603
26242.0,27265.0,comment,36959,36608,1585537936
27265.0,26242.0,comment,36957,36608,1585514885
27265.0,26242.0,comment,36956,36608,1585514220
26247.0,26242.0,comment,36953,35600,1585500572
26242.0,26247.0,comment,36951,35600,1585462164
26111.0,10074.0,comment,36948,36599,1585438203
26222.0,26138.0,comment,36946,35570,1585419608
26222.0,26138.0,comment,36943,35570,1585417417
26222.0,26138.0,comment,36942,35570,1585417312
26138.0,26222.0,comment,36941,35570,1585417241
26247.0,26242.0,comment,36940,35600,1585416461
26138.0,26222.0,comment,36939,35570,1585413667
26242.0,26247.0,comment,35943,35600,1585403879
26247.0,26242.0,comment,35942,35600,1585403671
26237.0,26242.0,comment,35939,35597,1585397689
12099.0,26141.0,comment,35931,35575,1585315679
26141.0,12099.0,comment,35930,35575,1585315107
12099.0,26141.0,comment,35929,35575,1585314278
25708.0,25436.0,comment,35928,35568,1585314085
26141.0,12099.0,comment,35927,35575,1585313357
25436.0,25708.0,comment,35926,35568,1585309660
25708.0,25436.0,comment,35925,35568,1585309536
25436.0,25708.0,comment,35924,35568,1585309354
25708.0,25436.0,comment,35923,35568,1585309316
24213.0,10074.0,comment,35908,35546,1585070806
19664.0,12099.0,comment,35906,35548,1585070231
12099.0,19664.0,comment,35905,35548,1585070015
19664.0,12099.0,comment,35904,35548,1585069701
10074.0,24213.0,comment,35903,35546,1585066136
24213.0,10074.0,comment,35902,35546,1585065273
26138.0,26163.0,comment,35901,35521,1585060737
24213.0,10074.0,comment,35898,35546,1585058392
26175.0,12099.0,comment,35897,35540,1585051650
25411.0,12099.0,comment,35896,35542,1585033604
12099.0,25411.0,comment,35895,35542,1585032361
25411.0,12099.0,comment,35894,35542,1585026013
10074.0,26111.0,comment,35892,35528,1585012433
26111.0,10074.0,comment,35890,35528,1585006615
26111.0,10074.0,comment,35889,35528,1585005221
26163.0,26138.0,comment,35886,35521,1584903971
26143.0,12099.0,comment,35885,35508,1584875549
25947.0,12099.0,comment,35884,35507,1584834170
25947.0,12099.0,comment,35883,35507,1584833931
12099.0,25947.0,comment,35882,35507,1584830502
25947.0,12099.0,comment,35880,35507,1584827287
25829.0,4847.0,comment,35876,35438,1584735085
26138.0,4847.0,comment,35874,35488,1584682376
26145.0,1090.0,comment,35872,35502,1584671908
25958.0,10074.0,comment,35870,35497,1584639966
26138.0,4847.0,comment,35869,35488,1584635931
24213.0,26039.0,comment,35868,35496,1584632883
26123.0,4847.0,comment,35867,35485,1584631367
26039.0,24213.0,comment,35866,35496,1584622419
24213.0,26039.0,comment,35865,35496,1584618998
26138.0,4847.0,comment,35863,35488,1584608054
25783.0,26138.0,comment,35862,35494,1584603417
4847.0,26123.0,comment,35861,35485,1584597656
26123.0,4847.0,comment,35860,35485,1584589754
26057.0,4847.0,comment,35859,35492,1584578956
4847.0,26138.0,comment,35858,35488,1584560992
26138.0,4847.0,comment,35856,35488,1584555777
4847.0,26138.0,comment,35855,35488,1584555538
26138.0,4847.0,comment,35854,35488,1584554728
4847.0,26123.0,comment,35853,35485,1584549516
12099.0,26130.0,comment,35852,35483,1584546056
26130.0,12099.0,comment,35851,35483,1584540530
15088.0,10074.0,comment,35850,35472,1584527081
26123.0,4847.0,comment,35849,35485,1584517265
26129.0,12099.0,comment,35843,35482,1584473538
10074.0,15088.0,comment,35842,35472,1584449724
15088.0,10074.0,comment,35841,35472,1584448669
24110.0,12099.0,comment,35839,35471,1584441198
12099.0,25915.0,comment,35838,35476,1584441023
25915.0,12099.0,comment,35837,35476,1584440565
12099.0,25915.0,comment,35834,35476,1584426327
25915.0,12099.0,comment,35833,35476,1584411587
12099.0,25915.0,comment,35831,35476,1584401645
25915.0,12099.0,comment,35830,35476,1584398653
26119.0,12099.0,comment,35826,35468,1584371741
26119.0,12099.0,comment,35825,35468,1584368492
26115.0,4847.0,comment,35824,35466,1584318359
4847.0,26115.0,comment,35823,35466,1584317167
26115.0,4847.0,comment,35822,35466,1584313811
26043.0,4847.0,comment,35820,35462,1584287028
26039.0,12099.0,comment,35819,35453,1584274450
12099.0,26039.0,comment,35818,35453,1584206137
26039.0,12099.0,comment,35816,35453,1584204403
26064.0,10074.0,comment,35815,35400,1584194167
10074.0,26109.0,comment,35814,35460,1584150059
26109.0,10074.0,comment,35813,35460,1584149546
4847.0,25915.0,comment,35808,35439,1584079465
23178.0,12099.0,comment,35807,35450,1584051512
25411.0,10074.0,comment,35800,35442,1584028895
25915.0,4847.0,comment,35799,35439,1584008928
25411.0,12099.0,comment,35798,35435,1583999302
4847.0,25915.0,comment,35796,35439,1583960884
25915.0,4847.0,comment,35795,35439,1583960479
4847.0,25829.0,comment,35794,35438,1583957041
12099.0,25411.0,comment,35792,35435,1583949918
25411.0,12099.0,comment,35791,35435,1583947694
26046.0,12099.0,comment,35790,35436,1583945317
26069.0,4847.0,comment,35788,35422,1583807851
12099.0,25958.0,comment,35785,35408,1583507952
25958.0,12099.0,comment,35784,35408,1583501760
26072.0,12099.0,comment,35783,35406,1583438230
12099.0,26072.0,comment,35782,35406,1583437371
26072.0,12099.0,comment,35781,35406,1583437056
12099.0,26072.0,comment,35779,35406,1583435461
26072.0,12099.0,comment,35778,35406,1583434630
26069.0,12099.0,comment,35777,35404,1583400764
12099.0,25915.0,comment,35776,35402,1583346246
25915.0,12099.0,comment,35775,35402,1583345894
35693.0,25963.0,comment,42897,35297,1652784414
31225.0,31666.0,comment,42509,40630,1634359211
34124.0,25436.0,comment,42358,35297,1630160908
25708.0,31666.0,comment,40234,40630,1611129477
31351.0,25436.0,comment,39941,35297,1607375924
29723.0,25963.0,comment,39441,35297,1600012267
29390.0,1090.0,comment,39171,35216,1596806851
28915.0,27405.0,comment,38591,36946,1593319951
28204.0,10074.0,comment,38302,35375,1591841011
25783.0,10074.0,comment,35789,35392,1583901528
26046.0,12099.0,comment,35772,35388,1583224306
26046.0,12099.0,comment,35770,35388,1583224000
26028.0,12099.0,comment,35769,35371,1583214476
25992.0,10074.0,comment,35768,35379,1583210369
25801.0,4847.0,comment,35766,35369,1583174428
26046.0,12099.0,comment,35764,35384,1583170521
26046.0,12099.0,comment,35762,35384,1583158969
12099.0,26046.0,comment,35760,35384,1583152730
26046.0,12099.0,comment,35759,35384,1583151992
26046.0,12099.0,comment,35758,35384,1583151980
26042.0,26045.0,comment,35756,35381,1583149253
26046.0,12099.0,comment,35754,35384,1583142236
26022.0,12099.0,comment,35753,35362,1583121691
26039.0,10074.0,comment,35752,35379,1583086833
26045.0,26042.0,comment,35751,35381,1583083025
24068.0,25825.0,comment,35750,35376,1583010135
26011.0,12099.0,comment,35749,35361,1582931968
26011.0,12099.0,comment,35748,35361,1582919651
12099.0,26022.0,comment,35747,35362,1582891525
26022.0,12099.0,comment,35746,35362,1582886431
25801.0,10074.0,comment,35744,35367,1582851772
26024.0,10074.0,comment,35743,35365,1582827351
4847.0,10074.0,comment,35739,35352,1582668822
23982.0,10074.0,comment,35737,35352,1582660021
25637.0,12099.0,comment,35736,35289,1582604618
19664.0,25436.0,comment,35735,35337,1582495842
4847.0,25783.0,comment,35730,35332,1582388642
25783.0,4847.0,comment,35729,35332,1582341459
25915.0,12099.0,comment,35726,35316,1582317450
12099.0,25915.0,comment,35725,35316,1582314785
25915.0,12099.0,comment,35724,35316,1582313468
25436.0,10074.0,comment,35722,35323,1582248093
24213.0,12099.0,comment,35721,35313,1582171929
12099.0,24213.0,comment,35714,35313,1582137622
24213.0,12099.0,comment,35713,35313,1582136886
25963.0,25436.0,comment,35709,35297,1581961077
25436.0,4847.0,comment,35702,35279,1581717791
25637.0,12099.0,comment,35700,35289,1581695322
25637.0,12099.0,comment,35699,35289,1581694623
25637.0,12099.0,comment,35698,35289,1581694576
12099.0,25637.0,comment,35693,35289,1581662163
25637.0,12099.0,comment,35692,35289,1581653671
25637.0,12099.0,comment,35691,35289,1581653502
24068.0,10074.0,comment,35690,35252,1581615285
12099.0,25784.0,comment,35689,35286,1581610642
25784.0,12099.0,comment,35688,35286,1581610236
25697.0,12099.0,comment,35687,35287,1581607944
25954.0,12099.0,comment,35686,35280,1581583077
4847.0,25436.0,comment,35685,35279,1581549693
4847.0,25436.0,comment,35684,35279,1581549289
25436.0,4847.0,comment,35683,35279,1581548382
4847.0,25436.0,comment,35682,35279,1581547934
25708.0,10074.0,comment,35681,35282,1581538775
25436.0,4847.0,comment,35679,35279,1581531604
25958.0,12099.0,comment,35678,35188,1581528664
12099.0,25771.0,comment,35677,35259,1581513986
25771.0,12099.0,comment,35676,35259,1581513477
12099.0,25947.0,comment,35675,35272,1581487812
25947.0,12099.0,comment,35674,35272,1581476801
25947.0,12099.0,comment,35673,35272,1581464425
23463.0,12099.0,comment,35668,35274,1581434290
12099.0,25771.0,comment,35667,35259,1581425603
25771.0,12099.0,comment,35666,35259,1581424258
10074.0,24068.0,comment,35663,35252,1581365670
24068.0,10074.0,comment,35662,35252,1581353259
24068.0,10074.0,comment,35661,35252,1581353192
4847.0,24171.0,comment,35660,35257,1581310715
24171.0,4847.0,comment,35659,35256,1581309630
10074.0,24068.0,comment,35658,35252,1581301758
24068.0,10074.0,comment,35657,35252,1581291387
10074.0,24068.0,comment,35656,35252,1581290612
24068.0,10074.0,comment,35655,35252,1581290055
10074.0,24068.0,comment,35654,35252,1581288005
24068.0,10074.0,comment,35653,35252,1581285815
25436.0,11300.0,comment,35651,35246,1581208477
25436.0,11300.0,comment,35650,35246,1581207098
25436.0,11300.0,comment,35649,35246,1581206356
25933.0,4847.0,comment,35648,35248,1581204269
23463.0,12099.0,comment,35647,35240,1581095845
25915.0,12099.0,comment,35645,35231,1580923685
25759.0,10074.0,comment,35644,35218,1580916198
10074.0,25759.0,comment,35643,35218,1580911741
25759.0,10074.0,comment,35636,35218,1580890019
25720.0,12099.0,comment,35635,35224,1580888528
12099.0,25720.0,comment,35634,35224,1580885762
25720.0,12099.0,comment,35633,35224,1580884360
25637.0,12099.0,comment,35632,35225,1580872822
24204.0,1090.0,comment,35631,35216,1580863858
10074.0,25759.0,comment,35628,35218,1580827348
25708.0,10074.0,comment,35627,35183,1580811623
25759.0,10074.0,comment,35626,35218,1580799322
12099.0,25844.0,comment,35623,35202,1580731797
10074.0,25708.0,comment,35622,35183,1580730800
25844.0,12099.0,comment,35621,35202,1580727787
25708.0,10074.0,comment,35620,35183,1580722062
12099.0,25844.0,comment,35619,35202,1580718023
25844.0,12099.0,comment,35618,35202,1580716284
12099.0,25844.0,comment,35617,35202,1580713338
25844.0,12099.0,comment,35616,35202,1580707157
1090.0,25892.0,comment,35615,35194,1580698793
25900.0,10074.0,comment,35614,35212,1580690935
25892.0,1090.0,comment,35613,35194,1580685138
25411.0,4847.0,comment,35612,35191,1580622535
25411.0,4847.0,comment,35610,35191,1580620087
25890.0,12099.0,comment,35609,35188,1580614615
25890.0,12099.0,comment,35608,35188,1580614243
25894.0,10074.0,comment,35607,35201,1580605188
10074.0,25708.0,comment,35605,35183,1580487287
12099.0,25411.0,comment,35604,35191,1580466440
25411.0,4847.0,comment,35603,35191,1580465456
25844.0,12099.0,comment,35602,35185,1580433024
25708.0,10074.0,comment,35601,35183,1580415100
10074.0,25708.0,comment,35600,35183,1580414105
25708.0,10074.0,comment,35599,35183,1580413131
10074.0,25708.0,comment,35598,35183,1580407401
25708.0,10074.0,comment,35597,35183,1580405368
25637.0,12099.0,comment,35596,35180,1580394720
25708.0,10074.0,comment,35595,35177,1580378014
25839.0,10074.0,comment,35590,35173,1580315367
25708.0,24068.0,comment,35586,35171,1580291916
25865.0,1090.0,comment,35585,35163,1580252037
25877.0,1090.0,comment,35584,35165,1580237657
24068.0,25708.0,comment,35583,35171,1580237202
1090.0,25877.0,comment,35582,35165,1580235722
25708.0,24068.0,comment,35581,35171,1580231211
25877.0,1090.0,comment,35577,35165,1580210328
1090.0,25877.0,comment,35575,35165,1580180367
25877.0,1090.0,comment,35574,35165,1580176602
24068.0,25708.0,comment,35566,35150,1580128487
10074.0,25708.0,comment,35562,35150,1580060870
24068.0,10074.0,comment,35558,35150,1579994290
25708.0,10074.0,comment,35557,35150,1579990735
39838.0,7672.0,comment,45969,34918,1712689454
41160.0,31899.0,comment,44687,40989,1706432242
39272.0,12099.0,comment,43839,35028,1686566671
34745.0,31899.0,comment,42616,40989,1638366691
32886.0,25784.0,comment,42195,35107,1626364740
31316.0,25784.0,comment,39920,35107,1606982706
29075.0,12099.0,comment,38761,35104,1594380883
28501.0,12099.0,comment,38629,35104,1593525159
27712.0,25725.0,comment,37351,34961,1587736838
27680.0,25725.0,comment,37305,34961,1587500381
27329.0,12099.0,comment,37011,34994,1585852016
26114.0,25801.0,comment,35934,35080,1585334938
25965.0,12099.0,comment,35921,34990,1585292057
25831.0,1090.0,comment,35624,35097,1580764312
24068.0,25685.0,comment,35593,35145,1580332018
25847.0,1090.0,comment,35576,35157,1580204106
25516.0,12099.0,comment,35573,35114,1580173861
25780.0,10074.0,comment,35569,35134,1580133079
12099.0,25516.0,comment,35560,35114,1579995437
25516.0,25847.0,comment,35559,35114,1579994878
25685.0,10074.0,comment,35556,35145,1579982235
25352.0,12099.0,comment,35553,35130,1579936524
25352.0,12099.0,comment,35552,35130,1579936454
25842.0,4847.0,comment,35550,35141,1579907856
25780.0,10074.0,comment,35542,35134,1579856647
4847.0,25801.0,comment,35541,35124,1579832895
25801.0,4847.0,comment,35540,35124,1579832568
4847.0,25801.0,comment,35539,35124,1579832369
25801.0,4847.0,comment,35538,35124,1579831790
4847.0,25801.0,comment,35537,35124,1579830801
25801.0,4847.0,comment,35536,35124,1579806853
25637.0,12099.0,comment,35531,35128,1579789120
25844.0,10074.0,comment,35528,35115,1579729884
10074.0,25844.0,comment,35527,35115,1579695260
25708.0,4847.0,comment,35526,35117,1579687445
25844.0,10074.0,comment,35525,35115,1579667909
25847.0,12099.0,comment,35524,35114,1579665106
25826.0,1090.0,comment,35521,35085,1579614918
25836.0,12099.0,comment,35519,35103,1579572241
25436.0,12099.0,comment,35514,35104,1579518305
12099.0,25436.0,comment,35513,35104,1579518094
25436.0,12099.0,comment,35512,35104,1579517978
12099.0,25436.0,comment,35511,35104,1579517816
25436.0,12099.0,comment,35510,35104,1579517675
25436.0,25732.0,comment,35507,35099,1579432119
25732.0,25436.0,comment,35506,35099,1579431927
25436.0,10074.0,comment,35504,35094,1579426477
25829.0,1090.0,comment,35503,35083,1579414134
25801.0,12099.0,comment,35498,35089,1579369497
10074.0,25801.0,comment,35493,35088,1579346650
25824.0,25801.0,comment,35492,35088,1579329434
25801.0,1090.0,comment,35491,35084,1579311427
12172.0,10074.0,comment,35487,35072,1579271564
25820.0,10074.0,comment,35486,35064,1579266098
10074.0,12172.0,comment,35485,35072,1579261016
25708.0,10074.0,comment,35484,35070,1579203490
25708.0,10074.0,comment,35483,35066,1579193509
25436.0,10074.0,comment,35482,35062,1579188689
25818.0,10074.0,comment,35473,35061,1579136892
25818.0,4847.0,comment,35472,35060,1579136612
25704.0,12099.0,comment,35457,35032,1579020636
25704.0,12099.0,comment,35454,35032,1579019164
25786.0,12099.0,comment,35452,35015,1578952722
25686.0,1090.0,comment,35451,35038,1578860905
25732.0,12099.0,comment,35450,35032,1578818730
12099.0,25732.0,comment,35449,35032,1578818579
25732.0,12099.0,comment,35448,35032,1578818562
25732.0,12099.0,comment,35447,35032,1578818440
12099.0,25732.0,comment,35446,35032,1578818367
25732.0,12099.0,comment,35442,35032,1578799280
12099.0,25785.0,comment,35439,35030,1578656113
25785.0,12099.0,comment,35438,35030,1578655882
25785.0,12099.0,comment,35437,35030,1578655575
25778.0,25779.0,comment,35432,35021,1578452419
25775.0,12099.0,comment,35431,35018,1578444083
25708.0,10074.0,comment,35428,35012,1578419371
25768.0,4847.0,comment,35427,35003,1578353377
25762.0,21816.0,comment,35426,34996,1578318620
25762.0,12099.0,comment,35425,34997,1578318597
12099.0,21816.0,comment,35421,34996,1578292838
25697.0,12099.0,comment,35420,34993,1578238834
12099.0,25616.0,comment,35418,34990,1578222269
25616.0,12099.0,comment,35417,34990,1578210404
25732.0,12099.0,comment,35414,34988,1578049640
12099.0,25732.0,comment,35413,34988,1578049427
25732.0,12099.0,comment,35412,34988,1578048678
25732.0,1161.0,comment,35411,34979,1578037919
25732.0,1161.0,comment,35410,34979,1578033212
25748.0,21816.0,comment,35409,34986,1578018921
21816.0,25748.0,comment,35408,34986,1578018531
25748.0,21816.0,comment,35407,34986,1578018310
1161.0,25732.0,comment,35403,34979,1577972536
25694.0,21912.0,comment,35402,34977,1577964024
25732.0,1161.0,comment,35401,34979,1577957562
25732.0,1161.0,comment,35400,34980,1577956585
25736.0,21816.0,comment,35399,34974,1577759254
21912.0,21816.0,comment,35398,34969,1577693795
25547.0,4847.0,comment,35387,34950,1577287513
38584.0,25699.0,comment,43713,34939,1680056177
27256.0,21912.0,comment,39644,34766,1602918701
25744.0,25764.0,comment,37962,34983,1590436383
25764.0,25744.0,comment,37774,34983,1589707845
26195.0,25574.0,comment,35933,34762,1585333667
26116.0,12099.0,comment,35878,34849,1584788345
25687.0,21816.0,comment,35380,34940,1577084914
25547.0,21816.0,comment,35378,34936,1577080270
21816.0,25687.0,comment,35377,34940,1577076663
25691.0,11300.0,comment,35375,34922,1576974987
25547.0,10074.0,comment,35374,34923,1576965267
10074.0,23428.0,comment,35372,34883,1576928635
23428.0,10074.0,comment,35371,34883,1576924310
25677.0,10074.0,comment,35370,34894,1576795542
10074.0,25677.0,comment,35369,34894,1576795044
25677.0,10074.0,comment,35368,34894,1576793297
10074.0,25436.0,comment,35367,34911,1576778234
25436.0,10074.0,comment,35366,34911,1576763112
10074.0,25436.0,comment,35365,34911,1576761438
25436.0,10074.0,comment,35364,34911,1576760955
25436.0,25671.0,comment,35359,34901,1576710389
25671.0,25436.0,comment,35358,34901,1576709666
10074.0,25436.0,comment,35356,34898,1576696225
25436.0,10074.0,comment,35355,34898,1576694723
10074.0,23428.0,comment,35351,34883,1576674470
23428.0,10074.0,comment,35349,34883,1576656660
23317.0,10074.0,comment,35348,34882,1576644741
10074.0,25672.0,comment,35343,34871,1576589338
25672.0,10074.0,comment,35341,34871,1576553723
25671.0,10074.0,comment,35340,34873,1576545930
12099.0,17304.0,comment,35339,34872,1576531007
17304.0,12099.0,comment,35337,34872,1576523000
12099.0,17304.0,comment,35336,34872,1576521982
17304.0,12099.0,comment,35335,34872,1576520242
25673.0,4847.0,comment,35333,34869,1576518437
17304.0,12099.0,comment,35332,34872,1576518139
25621.0,12099.0,comment,35323,34858,1576238600
25637.0,12099.0,comment,35317,34849,1575993648
21912.0,12099.0,comment,35308,34766,1575672190
25408.0,12099.0,comment,35307,34837,1575645467
25331.0,12099.0,comment,35306,34820,1575639279
11300.0,25633.0,comment,35305,34826,1575582658
25608.0,12099.0,comment,35304,34832,1575582021
25333.0,4847.0,comment,35302,34811,1575569044
25625.0,12099.0,comment,35300,34830,1575544777
25609.0,4847.0,comment,35299,34815,1575537165
25633.0,11300.0,comment,35298,34826,1575534210
25630.0,4847.0,comment,35297,34828,1575507459
4847.0,25630.0,comment,35295,34828,1575507323
25630.0,4847.0,comment,35294,34828,1575506945
25630.0,4847.0,comment,35291,34817,1575494149
12099.0,25625.0,comment,35289,34818,1575455168
25625.0,12099.0,comment,35288,34818,1575454293
25624.0,12099.0,comment,35285,34809,1575301466
12099.0,25408.0,comment,35281,34797,1575158174
25408.0,12099.0,comment,35280,34797,1575140864
24186.0,4847.0,comment,35277,34791,1575040697
25610.0,12099.0,comment,35275,34793,1574967925
23743.0,12099.0,comment,35274,34781,1574955007
12099.0,23743.0,comment,35273,34781,1574953862
23743.0,12099.0,comment,35272,34781,1574953615
25596.0,25478.0,comment,35271,34779,1574946312
25478.0,25596.0,comment,35270,34779,1574944042
25596.0,25478.0,comment,35269,34779,1574884816
12099.0,25352.0,comment,35268,34782,1574876481
25352.0,12099.0,comment,35267,34782,1574876025
25596.0,25478.0,comment,35266,34779,1574875275
21532.0,10074.0,comment,35254,34771,1574644639
25493.0,11300.0,comment,35251,34744,1574566837
10074.0,21532.0,comment,35249,34771,1574543328
21532.0,10074.0,comment,35248,34771,1574517949
21342.0,12099.0,comment,35247,34768,1574511018
1090.0,24219.0,comment,35244,34760,1574406242
24219.0,1090.0,comment,35243,34760,1574391809
10155.0,12099.0,comment,35241,34757,1574247628
25559.0,12099.0,comment,35239,34755,1574171557
12099.0,25559.0,comment,35238,34755,1574169940
25559.0,12099.0,comment,35237,34755,1574166531
25554.0,12099.0,comment,35235,34750,1574087366
1090.0,25546.0,comment,35234,34736,1574040966
25546.0,1090.0,comment,35233,34736,1574034472
25539.0,12099.0,comment,35223,34729,1573845854
25541.0,4847.0,comment,35220,34726,1573681925
25534.0,12099.0,comment,35217,34723,1573656438
10155.0,12099.0,comment,35216,34718,1573652899
12099.0,10155.0,comment,35215,34718,1573648113
10155.0,12099.0,comment,35214,34718,1573639895
25529.0,12099.0,comment,35213,34716,1573610193
42712.0,28806.0,comment,45984,40162,1713791596
40435.0,28806.0,comment,44289,40162,1698430046
35283.0,25885.0,comment,42793,35342,1645609934
33982.0,25408.0,comment,42275,34636,1627941860
32928.0,1090.0,comment,42255,34609,1627467763
27967.0,25427.0,comment,37518,34609,1588596481
27553.0,25885.0,comment,37213,35342,1587121194
1090.0,27362.0,comment,37037,34609,1586142773
27362.0,1090.0,comment,37034,34609,1586127823
26057.0,25478.0,comment,35767,34640,1583190502
25981.0,1090.0,comment,35707,34632,1581951256
25574.0,1090.0,comment,35242,34556,1574301336
25493.0,25436.0,comment,35227,34679,1573987820
25527.0,4847.0,comment,35212,34710,1573578937
25527.0,4847.0,comment,35211,34710,1573568573
4847.0,25321.0,comment,35208,34713,1573512736
25321.0,4847.0,comment,35207,34713,1573511049
25496.0,1090.0,comment,35197,34698,1573186998
10155.0,12099.0,comment,35195,34695,1573137038
12099.0,25503.0,comment,35194,34689,1573120110
25503.0,12099.0,comment,35191,34689,1573064233
25478.0,25436.0,comment,35188,34640,1572982392
10155.0,25436.0,comment,35187,34660,1572966686
25436.0,25478.0,comment,35186,34640,1572951282
25436.0,25451.0,comment,35185,34635,1572950455
25436.0,10155.0,comment,35184,34660,1572949562
25499.0,12099.0,comment,35183,34676,1572931976
25496.0,10074.0,comment,35182,34669,1572922828
20853.0,10074.0,comment,35181,34670,1572908703
10074.0,25496.0,comment,35180,34669,1572900011
25499.0,12099.0,comment,35179,34676,1572882443
25496.0,10074.0,comment,35178,34669,1572875085
10155.0,25436.0,comment,35176,34660,1572859328
11300.0,20853.0,comment,35175,34667,1572822323
20853.0,11300.0,comment,35174,34667,1572818466
25493.0,25436.0,comment,35173,34661,1572747895
25458.0,1090.0,comment,35172,34625,1572617707
25488.0,4847.0,comment,35171,34653,1572589836
25416.0,4847.0,comment,35170,34655,1572554505
4847.0,25489.0,comment,35169,34654,1572552489
25489.0,4847.0,comment,35168,34654,1572551700
1090.0,24044.0,comment,35167,34648,1572545488
24044.0,1090.0,comment,35166,34648,1572532184
1090.0,20853.0,comment,35161,34599,1572461056
20853.0,1090.0,comment,35160,34599,1572424127
25459.0,25451.0,comment,35158,34635,1572416071
25427.0,1090.0,comment,35147,34609,1572021507
25331.0,25341.0,comment,35144,34547,1571936324
25411.0,1090.0,comment,35142,34603,1571718843
24122.0,1090.0,comment,35139,34597,1571660771
25380.0,25283.0,comment,35137,34576,1571585602
25380.0,25283.0,comment,35136,34576,1571585584
25341.0,25331.0,comment,35134,34547,1571393123
25331.0,25341.0,comment,35131,34547,1571239903
24214.0,1090.0,comment,35130,34583,1571222309
25283.0,12099.0,comment,35127,34485,1571084243
24226.0,4847.0,comment,35126,34567,1571065558
4847.0,24226.0,comment,35124,34567,1570816321
24226.0,4847.0,comment,35123,34567,1570815615
24226.0,4847.0,comment,35122,34567,1570812237
4847.0,24226.0,comment,35121,34567,1570811864
24226.0,4847.0,comment,35120,34567,1570811672
24226.0,4847.0,comment,35119,34567,1570811211
25363.0,12099.0,comment,35118,34565,1570805299
12099.0,25363.0,comment,35117,34565,1570783550
25363.0,12099.0,comment,35116,34565,1570642836
25323.0,4847.0,comment,35104,34537,1570228938
25340.0,12099.0,comment,35103,34544,1570204174
24226.0,4847.0,comment,35098,34499,1570117461
25302.0,12099.0,comment,35096,34535,1570059526
4847.0,25321.0,comment,35094,34528,1570049421
25321.0,4847.0,comment,35090,34528,1570042174
24214.0,4847.0,comment,35079,34514,1569824618
4847.0,24163.0,comment,35078,34512,1569704914
24163.0,4847.0,comment,35077,34512,1569703932
24077.0,12099.0,comment,35076,34496,1569687900
24077.0,12099.0,comment,35075,34496,1569671687
12099.0,25283.0,comment,35073,34485,1569571918
25283.0,12099.0,comment,35066,34485,1569531501
1090.0,25275.0,comment,35062,34474,1569529357
1090.0,25275.0,comment,35061,34474,1569529295
25275.0,1090.0,comment,35060,34474,1569528398
1090.0,25275.0,comment,35059,34474,1569527464
25275.0,1090.0,comment,35058,34474,1569526921
1090.0,25275.0,comment,35057,34474,1569524639
25275.0,1090.0,comment,35056,34474,1569515241
1090.0,24226.0,comment,35050,34473,1569378150
24226.0,1090.0,comment,35049,34473,1569363536
24044.0,4847.0,comment,35044,34482,1569261179
25277.0,4847.0,comment,35043,34478,1569203763
4847.0,24044.0,comment,35042,34482,1569197957
24044.0,4847.0,comment,35041,34482,1569194135
1090.0,25272.0,comment,35040,34475,1569181667
24110.0,4847.0,comment,35038,34465,1569150261
25272.0,1090.0,comment,35035,34475,1569132058
25271.0,4847.0,comment,35027,34466,1569075130
4847.0,25272.0,comment,35025,34468,1569073614
25272.0,4847.0,comment,35024,34468,1569073488
32799.0,4847.0,comment,42362,33307,1630331275
4847.0,24191.0,comment,35039,34435,1569156198
24191.0,4847.0,comment,35034,34435,1569121117
24183.0,4847.0,comment,35028,34458,1569078165
4847.0,24183.0,comment,35023,34458,1569063631
24183.0,4847.0,comment,35022,34458,1569061648
25261.0,4847.0,comment,35018,34451,1568944690
4847.0,24044.0,comment,35017,34453,1568916519
24044.0,4847.0,comment,35015,34453,1568902650
24183.0,25257.0,comment,35014,34442,1568879509
12099.0,24110.0,comment,35012,34449,1568873096
24110.0,12099.0,comment,35010,34449,1568853166
25257.0,24183.0,comment,35007,34442,1568827209
25257.0,24183.0,comment,35006,34442,1568826805
24183.0,25257.0,comment,34999,34442,1568778664
24213.0,4847.0,comment,34990,34431,1568649197
24213.0,4847.0,comment,34989,34431,1568642458
24213.0,4847.0,comment,34988,34431,1568640130
25228.0,10074.0,comment,34986,34433,1568639855
24213.0,4847.0,comment,34985,34431,1568639164
25235.0,4847.0,comment,34979,34408,1568575697
12099.0,23662.0,comment,34972,34412,1568539304
23883.0,1090.0,comment,34971,34427,1568528795
24213.0,12099.0,comment,34964,34417,1568477095
23662.0,12099.0,comment,34963,34412,1568467117
25238.0,11300.0,comment,34961,34414,1568415630
24183.0,4847.0,comment,34955,34409,1568364655
24226.0,4847.0,comment,34947,33398,1568230983
23262.0,12099.0,comment,34946,34399,1568220317
24217.0,4847.0,comment,34931,33388,1567978655
24183.0,4847.0,comment,34928,33378,1567903063
24183.0,4847.0,comment,34926,33376,1567820826
4847.0,24183.0,comment,34925,33376,1567820186
24183.0,4847.0,comment,34924,33376,1567819183
4847.0,24204.0,comment,34922,33373,1567814580
24204.0,4847.0,comment,34921,33373,1567814103
12099.0,24173.0,comment,34920,33369,1567714141
24173.0,12099.0,comment,34919,33369,1567695788
4847.0,23566.0,comment,34909,33360,1567484843
23566.0,4847.0,comment,34908,33360,1567484809
24183.0,12099.0,comment,34903,33355,1567426903
24174.0,11300.0,comment,34896,33349,1567285350
24165.0,12099.0,comment,34890,33346,1567177071
24162.0,12099.0,comment,34887,33341,1567165285
1687.0,1090.0,comment,34885,33343,1567131434
24150.0,4847.0,comment,34882,33329,1567041754
1687.0,24102.0,comment,34880,33333,1566998130
1687.0,24102.0,comment,34875,33326,1566924514
24102.0,1687.0,comment,34874,33326,1566922539
24102.0,1687.0,comment,34873,33326,1566921100
1687.0,24102.0,comment,34872,33326,1566918218
24102.0,1687.0,comment,34871,33326,1566917462
24138.0,4847.0,comment,34854,33302,1566822395
24138.0,4847.0,comment,34853,33302,1566820432
24138.0,4847.0,comment,34852,33302,1566819091
23985.0,12099.0,comment,34849,33297,1566744206
24077.0,1090.0,comment,34848,33305,1566710256
24134.0,12099.0,comment,34847,33298,1566677942
23662.0,4847.0,comment,34846,33275,1566677731
24122.0,1090.0,comment,34845,33282,1566670216
23796.0,12099.0,comment,34844,33280,1566657895
12099.0,23985.0,comment,34843,33297,1566652866
1090.0,24122.0,comment,34829,33282,1566505443
24122.0,1090.0,comment,34826,33282,1566496577
4847.0,11300.0,comment,34819,33273,1566351864
1090.0,23566.0,comment,34817,33260,1566331774
23566.0,1090.0,comment,34816,33260,1566330410
24113.0,11300.0,comment,34815,33266,1566316371
24105.0,1090.0,comment,34807,33254,1566216431
11300.0,24102.0,comment,34801,33250,1566165361
24102.0,11300.0,comment,34800,33250,1566164743
23566.0,12099.0,comment,34794,33221,1565743813
25640.0,24009.0,comment,35311,33146,1575734881
23910.0,4847.0,comment,35037,33011,1569149049
23982.0,1090.0,comment,34994,33089,1568732976
23985.0,1090.0,comment,34792,33213,1565502496
10074.0,23566.0,comment,34788,33205,1565350076
23566.0,10074.0,comment,34787,33205,1565325276
24049.0,24044.0,comment,34785,33195,1565288875
24051.0,12099.0,comment,34784,33199,1565284982
23872.0,10074.0,comment,34783,33156,1565284388
23983.0,10074.0,comment,34782,33201,1565284163
24044.0,24049.0,comment,34780,33195,1565261529
10074.0,23872.0,comment,34779,33156,1565260955
24049.0,24044.0,comment,34778,33195,1565245658
24044.0,24049.0,comment,34775,33195,1565215086
23872.0,10074.0,comment,34774,33156,1565211616
24044.0,4847.0,comment,34773,33186,1565200687
24024.0,4847.0,comment,34772,33180,1565198166
23317.0,1090.0,comment,34771,33192,1565158762
1090.0,23715.0,comment,34770,33173,1565152564
24045.0,4847.0,comment,34769,33188,1565142172
4847.0,1090.0,comment,34768,33189,1565138025
23956.0,1090.0,comment,34758,33174,1565095458
23715.0,1090.0,comment,34757,33173,1565093051
1090.0,23715.0,comment,34756,33173,1565087005
23715.0,1090.0,comment,34755,33173,1565076359
23566.0,9609.0,comment,34754,33139,1565046360
24002.0,4847.0,comment,34753,33152,1565042795
23743.0,1090.0,comment,34751,33166,1565037148
1090.0,23743.0,comment,34749,33166,1565036169
23743.0,1090.0,comment,34748,33166,1565022620
12099.0,24026.0,comment,34747,33170,1565012130
4847.0,24026.0,comment,34746,33164,1565000908
24026.0,12099.0,comment,34745,33170,1565000535
12099.0,24012.0,comment,34744,33135,1564994439
24026.0,4847.0,comment,34743,33164,1564970914
1090.0,4847.0,comment,34736,33165,1564955846
23566.0,9609.0,comment,34735,33139,1564953357
10074.0,23872.0,comment,34734,33156,1564921359
9609.0,23566.0,comment,34732,33139,1564902371
23872.0,10074.0,comment,34731,33156,1564887392
23566.0,9609.0,comment,34729,33139,1564879225
23889.0,11300.0,comment,34728,33092,1564838904
24009.0,12099.0,comment,34727,33131,1564828272
24012.0,12099.0,comment,34725,33135,1564810362
23566.0,9609.0,comment,34724,33139,1564810339
9609.0,23566.0,comment,34723,33139,1564804806
23566.0,9609.0,comment,34721,33139,1564772131
11300.0,23889.0,comment,34720,33092,1564748878
24018.0,12099.0,comment,34719,33141,1564747963
12099.0,24009.0,comment,34714,33131,1564680267
12099.0,24009.0,comment,34713,33131,1564678973
24009.0,12099.0,comment,34712,33131,1564677764
24009.0,12099.0,comment,34710,33131,1564654379
7369.0,1090.0,comment,34709,33127,1564626463
23969.0,1090.0,comment,34704,33074,1564591221
12099.0,23908.0,comment,34703,33123,1564588924
23889.0,11300.0,comment,34702,33092,1564586804
23908.0,12099.0,comment,34701,33123,1564582886
12099.0,23908.0,comment,34700,33123,1564582718
23908.0,12099.0,comment,34699,33123,1564580208
23898.0,1090.0,comment,34682,33110,1564449684
1090.0,23898.0,comment,34681,33110,1564448385
1090.0,23898.0,comment,34680,33110,1564448322
23898.0,1090.0,comment,34679,33110,1564447388
4847.0,23993.0,comment,34676,33107,1564427119
23993.0,4847.0,comment,34675,33107,1564425897
12099.0,23984.0,comment,34674,33103,1564418928
23984.0,12099.0,comment,34673,33103,1564415177
12099.0,23968.0,comment,34672,33100,1564413760
23968.0,12099.0,comment,34671,33100,1564410388
4847.0,23931.0,comment,34670,33095,1564347472
23984.0,10074.0,comment,34669,33093,1564338420
4847.0,23885.0,comment,34664,33087,1564278244
23885.0,4847.0,comment,34662,33087,1564222057
23974.0,4847.0,comment,34661,33081,1564147053
4847.0,23974.0,comment,34655,33081,1564099747
23974.0,4847.0,comment,34654,33081,1564094935
4847.0,23974.0,comment,34653,33081,1564094302
23974.0,4847.0,comment,34652,33081,1564093772
1240.0,12099.0,comment,34648,33071,1564001270
12099.0,23967.0,comment,34647,33071,1563981573
23967.0,12099.0,comment,34646,33071,1563967175
23964.0,1090.0,comment,34645,33069,1563931157
21377.0,1090.0,comment,34632,33068,1563847326
4847.0,23965.0,comment,34631,33067,1563838894
23965.0,4847.0,comment,34630,33067,1563837539
12099.0,23963.0,comment,34626,33064,1563813100
23963.0,12099.0,comment,34625,33064,1563812928
23957.0,4847.0,comment,34622,33057,1563793706
10074.0,23889.0,comment,34621,33049,1563793682
11300.0,4847.0,comment,34616,33057,1563740287
23953.0,4847.0,comment,34609,33053,1563684988
1090.0,4847.0,comment,34608,33053,1563683654
23889.0,4847.0,comment,34604,33036,1563632353
23889.0,10074.0,comment,34601,33049,1563630351
1687.0,1090.0,comment,34597,33040,1563504791
23936.0,1090.0,comment,34596,33043,1563501956
1090.0,1687.0,comment,34595,33040,1563500992
1687.0,1090.0,comment,34594,33040,1563494181
1090.0,1687.0,comment,34593,33040,1563494024
1687.0,1090.0,comment,34592,33040,1563492119
23920.0,1090.0,comment,34589,32986,1563446926
12099.0,23898.0,comment,34585,33028,1563431611
1090.0,23920.0,comment,34577,33023,1563393763
23898.0,12099.0,comment,34575,33028,1563386342
12099.0,23898.0,comment,34574,33028,1563384756
23898.0,12099.0,comment,34573,33028,1563383334
12099.0,23898.0,comment,34572,33028,1563379806
23898.0,12099.0,comment,34571,33028,1563369194
12099.0,23898.0,comment,34568,33028,1563343952
23898.0,12099.0,comment,34567,33028,1563343804
12099.0,23898.0,comment,34565,33028,1563343642
23898.0,12099.0,comment,34564,33028,1563343224
12099.0,23898.0,comment,34563,33028,1563341304
1090.0,23896.0,comment,34562,33030,1563339756
23896.0,1090.0,comment,34561,33030,1563327545
23896.0,1090.0,comment,34560,33030,1563327228
1090.0,23920.0,comment,34559,33022,1563324688
23895.0,1090.0,comment,34558,32986,1563320856
23898.0,12099.0,comment,34557,33028,1563320087
23898.0,12099.0,comment,34556,33028,1563319419
23922.0,1090.0,comment,34550,32986,1563301632
23908.0,12099.0,comment,34546,33016,1563255205
1090.0,23917.0,comment,34543,33019,1563226670
1090.0,23917.0,comment,34541,32986,1563224691
23917.0,1090.0,comment,34540,32986,1563218076
12099.0,23857.0,comment,34539,33013,1563217567
23857.0,12099.0,comment,34538,33013,1563211464
23911.0,4847.0,comment,34537,33009,1563210428
23911.0,4847.0,comment,34536,33009,1563210239
4847.0,12099.0,comment,34535,33016,1563208973
12099.0,4847.0,comment,34534,33016,1563208768
23914.0,1090.0,comment,34530,32986,1563191366
22295.0,1090.0,comment,34527,32986,1563148144
23911.0,4847.0,comment,34526,33009,1563139611
4847.0,23911.0,comment,34525,33009,1563136625
23911.0,4847.0,comment,34524,33009,1563135281
23909.0,23621.0,comment,34522,32986,1563099769
23621.0,1090.0,comment,34521,32986,1563089656
23906.0,1090.0,comment,34520,33000,1563062234
23804.0,23903.0,comment,34518,33004,1563047176
34649.0,28283.0,comment,42595,37594,1636732820
10074.0,25433.0,comment,35222,32810,1573819509
25433.0,10074.0,comment,35221,32810,1573799588
25531.0,1090.0,comment,35210,32824,1573552818
23317.0,12099.0,comment,34726,32945,1564826860
23317.0,12099.0,comment,34667,32945,1564323100
12099.0,23317.0,comment,34635,32945,1563872052
23317.0,12099.0,comment,34634,32945,1563870328
23317.0,12099.0,comment,34633,32945,1563869513
23868.0,4847.0,comment,34620,32950,1563744209
23868.0,4847.0,comment,34617,32950,1563742464
12099.0,23317.0,comment,34613,32945,1563729030
23317.0,12099.0,comment,34606,32945,1563635326
12099.0,23317.0,comment,34590,32945,1563468655
23317.0,12099.0,comment,34588,32945,1563445598
23317.0,12099.0,comment,34549,32945,1563294357
23859.0,4847.0,comment,34547,32992,1563280894
23317.0,12099.0,comment,34545,32945,1563248545
12099.0,23317.0,comment,34528,32945,1563179264
23317.0,12099.0,comment,34517,32945,1563008511
12099.0,23317.0,comment,34512,32945,1562927489
23857.0,11300.0,comment,34511,32979,1562925241
23317.0,12099.0,comment,34509,32945,1562923180
23895.0,4847.0,comment,34503,32991,1562900801
23895.0,4847.0,comment,34502,32991,1562900254
21377.0,1090.0,comment,34498,32971,1562883073
22295.0,10074.0,comment,34495,32981,1562880284
1090.0,21377.0,comment,34493,32971,1562878764
12099.0,23317.0,comment,34490,32945,1562864492
21377.0,1090.0,comment,34484,32971,1562855992
21377.0,1090.0,comment,34479,32971,1562851752
23317.0,12099.0,comment,34478,32945,1562846155
4847.0,23835.0,comment,34476,32965,1562811042
23835.0,4847.0,comment,34474,32965,1562766944
22025.0,12099.0,comment,34472,32959,1562703057
12099.0,22025.0,comment,34471,32959,1562691106
22025.0,12099.0,comment,34470,32959,1562687763
12099.0,23871.0,comment,34469,32957,1562683550
23871.0,12099.0,comment,34467,32957,1562674072
23825.0,4847.0,comment,34463,32908,1562650925
4847.0,23868.0,comment,34461,32950,1562628571
23868.0,4847.0,comment,34460,32950,1562626036
4847.0,23825.0,comment,34455,32908,1562559325
4847.0,17327.0,comment,34454,32903,1562559164
4847.0,17327.0,comment,34453,32903,1562558999
17327.0,4847.0,comment,34452,32903,1562543806
23857.0,4847.0,comment,34449,32940,1562480480
23857.0,4847.0,comment,34448,32940,1562472313
23552.0,12099.0,comment,34446,32934,1562411835
1090.0,21510.0,comment,34445,32936,1562405678
21510.0,1090.0,comment,34444,32936,1562392072
1090.0,21510.0,comment,34443,32936,1562387251
21510.0,1090.0,comment,34442,32936,1562377765
11300.0,23851.0,comment,34441,32931,1562339287
23851.0,11300.0,comment,34440,32931,1562336966
23851.0,11300.0,comment,34439,32931,1562336777
23185.0,10074.0,comment,34431,32929,1562249057
12099.0,23906.0,comment,34430,32928,1562242575
4847.0,17327.0,comment,34424,32903,1562206783
17327.0,4847.0,comment,34423,32903,1562206535
23824.0,12099.0,comment,34419,32907,1562081007
12099.0,23824.0,comment,34418,32907,1562080943
23829.0,10074.0,comment,34416,32911,1562078362
12099.0,23824.0,comment,34415,32907,1562070455
23805.0,23796.0,comment,34414,32899,1562013067
23824.0,12099.0,comment,34411,32907,1561996141
23796.0,23805.0,comment,34410,32899,1561993819
23796.0,4847.0,comment,34409,32898,1561993561
23796.0,4847.0,comment,34408,32898,1561993527
23796.0,4847.0,comment,34407,32898,1561993359
23693.0,4847.0,comment,34406,32905,1561959738
23805.0,4847.0,comment,34405,32896,1561783266
23802.0,1090.0,comment,34404,32886,1561676909
23789.0,1090.0,comment,34403,32868,1561672710
4847.0,23793.0,comment,34401,32878,1561596607
23793.0,4847.0,comment,34399,32878,1561594722
1090.0,23791.0,comment,34394,32876,1561585106
23791.0,1090.0,comment,34393,32876,1561584683
23791.0,1090.0,comment,34392,32876,1561584560
1090.0,23789.0,comment,34387,32868,1561515981
1090.0,23789.0,comment,34386,32868,1561515884
23789.0,1090.0,comment,34385,32868,1561510581
23789.0,1090.0,comment,34384,32868,1561509175
11300.0,22398.0,comment,34382,32859,1561493394
22398.0,11300.0,comment,34381,32859,1561492939
11300.0,22398.0,comment,34376,32859,1561464130
22398.0,11300.0,comment,34374,32859,1561441541
10074.0,23566.0,comment,34372,32851,1561389913
20152.0,10074.0,comment,34371,32849,1561386447
23779.0,1090.0,comment,34370,32807,1561383933
23566.0,10074.0,comment,34369,32851,1561346402
23769.0,4847.0,comment,34367,32852,1561333729
23769.0,4847.0,comment,34366,32852,1561328316
23759.0,4847.0,comment,34359,32844,1561106642
23759.0,4847.0,comment,34358,32844,1561104446
23741.0,12099.0,comment,34351,32829,1560949448
23690.0,1090.0,comment,34350,32836,1560941274
23743.0,1090.0,comment,34346,32832,1560909424
23743.0,1090.0,comment,34344,32832,1560900263
1090.0,12099.0,comment,34339,32821,1560833379
23178.0,1090.0,comment,34332,32807,1560502651
23702.0,4847.0,comment,34330,32801,1560405592
23703.0,4847.0,comment,34329,32800,1560396188
4847.0,23703.0,comment,34328,32800,1560364406
23703.0,4847.0,comment,34327,32800,1560363045
23681.0,4847.0,comment,34326,32791,1560359465
4847.0,12099.0,comment,34325,32789,1560356412
23639.0,4847.0,comment,34324,32790,1560351085
23639.0,12099.0,comment,34323,32789,1560345133
12099.0,23639.0,comment,34322,32789,1560344316
23639.0,12099.0,comment,34321,32789,1560342878
23639.0,4847.0,comment,34320,32790,1560342730
23346.0,12099.0,comment,34319,32787,1560279079
12099.0,23346.0,comment,34318,32787,1560278597
23346.0,12099.0,comment,34317,32787,1560276488
23346.0,12099.0,comment,34316,32787,1560274004
12099.0,23566.0,comment,34311,32759,1560239840
23690.0,4847.0,comment,34308,32783,1560228936
23566.0,12099.0,comment,34307,32759,1560197624
23685.0,4847.0,comment,34304,32776,1560186265
23640.0,4847.0,comment,34300,32778,1560147290
12099.0,23566.0,comment,34298,32759,1560094778
23566.0,12099.0,comment,34293,32759,1560042526
14636.0,12099.0,comment,37766,32704,1589647713
23734.0,4847.0,comment,34355,32690,1561040868
11300.0,23682.0,comment,34314,32772,1560261188
23682.0,11300.0,comment,34309,32772,1560236778
11300.0,23682.0,comment,34303,32772,1560171575
23682.0,11300.0,comment,34302,32772,1560147455
23682.0,11300.0,comment,34301,32772,1560147440
11300.0,23682.0,comment,34297,32772,1560093359
11300.0,23682.0,comment,34296,32772,1560092360
23682.0,11300.0,comment,34295,32772,1560090958
17327.0,4847.0,comment,34294,32770,1560046139
4847.0,17327.0,comment,34292,32770,1560034843
17327.0,4847.0,comment,34291,32770,1560029377
23235.0,4847.0,comment,34282,32757,1559877872
4847.0,23235.0,comment,34281,32757,1559877531
23235.0,4847.0,comment,34280,32757,1559877110
23235.0,4847.0,comment,34279,32757,1559876565
4847.0,23235.0,comment,34278,32757,1559876080
23235.0,4847.0,comment,34277,32757,1559875937
23235.0,4847.0,comment,34276,32757,1559875788
4847.0,23235.0,comment,34275,32757,1559875723
23235.0,4847.0,comment,34274,32757,1559875037
12099.0,23353.0,comment,34273,32748,1559720924
23353.0,12099.0,comment,34272,32748,1559708387
12099.0,23294.0,comment,34270,32755,1559677855
23294.0,12099.0,comment,34269,32755,1559669511
21342.0,12099.0,comment,34268,32752,1559657094
20853.0,12099.0,comment,34265,32751,1559599343
23387.0,10074.0,comment,34262,32742,1559465136
23428.0,12099.0,comment,34260,32727,1559347039
23380.0,10074.0,comment,34259,32645,1559326500
10074.0,17327.0,comment,34258,32731,1559317811
17327.0,10074.0,comment,34257,32731,1559268206
21569.0,12099.0,comment,34256,32721,1559169015
12099.0,23566.0,comment,34250,32713,1559032257
23566.0,12099.0,comment,34248,32713,1559001434
23566.0,12099.0,comment,34247,32713,1558996993
23566.0,12099.0,comment,34245,32713,1558986260
17327.0,4847.0,comment,34242,32673,1558917113
12099.0,23607.0,comment,34241,32704,1558909152
23607.0,12099.0,comment,34240,32704,1558896011
23566.0,12099.0,comment,34239,32708,1558844804
23618.0,4847.0,comment,34234,32698,1558671280
23544.0,12099.0,comment,34232,32692,1558606995
23587.0,4847.0,comment,34230,32690,1558579709
23353.0,12099.0,comment,34227,32682,1558484255
23353.0,12099.0,comment,34223,32682,1558482421
18455.0,23549.0,comment,34220,32654,1558393212
4847.0,17327.0,comment,34219,32673,1558389067
17327.0,4847.0,comment,34217,32673,1558365249
23549.0,18455.0,comment,34216,32654,1558364128
10074.0,23566.0,comment,34215,32668,1558352301
23348.0,12099.0,comment,34214,32670,1558351153
23348.0,12099.0,comment,34213,32670,1558350950
23566.0,10074.0,comment,34212,32668,1558326711
18455.0,12099.0,comment,34202,32659,1558115602
12099.0,18455.0,comment,34201,32659,1558111601
18455.0,12099.0,comment,34200,32659,1558102283
23577.0,1090.0,comment,34197,32656,1558037210
18455.0,12099.0,comment,34188,32650,1558011274
12099.0,18455.0,comment,34187,32650,1558001314
12099.0,4847.0,comment,34186,32652,1558000989
4847.0,23566.0,comment,34185,32652,1557989502
23566.0,4847.0,comment,34184,32652,1557986659
1090.0,23553.0,comment,34179,32641,1557884385
23553.0,1090.0,comment,34173,32641,1557809312
