user_id,account_id,user_name,user_reputation
101638.0,20308719.0,simboro yacouba,1.0
102201.0,15693054.0,YanikKumar,1.0
102261.0,46802089.0,Shadowbyte2028,1.0
101413.0,46239983.0,Oscar Chavez,1.0
102010.0,46625569.0,Nilina Amarathunga,1.0
102047.0,46663516.0,Jazzy Jessy,1.0
102436.0,45212794.0,Yuanfen 緣,1.0
28300.0,16600480.0,Keith Franklin,1.0
79358.0,18708551.0,Mohd. Farhan Hassan,1.0
86967.0,1479839.0,morteza,1.0
101227.0,46078930.0,Yan Clark,1.0
101230.0,46081571.0,helge1953,1.0
101367.0,46205114.0,Rushabh Rajpara,1.0
101345.0,46180949.0,AidLens AI,1.0
101405.0,29315671.0,abd klaib,1.0
101407.0,32336073.0,shree,1.0
101853.0,16763591.0,GRTsahil,1.0
101852.0,46524424.0,Tilak Soni,1.0
101863.0,39141400.0,P'tit Ju,1.0
102814.0,47115838.0,Zaid Al Jundi,1.0
102815.0,24362929.0,Muhammed Irfan,1.0
101870.0,18040963.0,JSharma,1.0
101561.0,30382476.0,Eyad,1.0
32181.0,17340652.0,Eric,1.0
100919.0,20849912.0,Learner,1.0
100927.0,45362412.0,Faizan Haider,1.0
100948.0,45843569.0,Sagar P.,1.0
66119.0,14946442.0,Mayar Alzerki,1.0
51551.0,23653298.0,WryHumor,1.0
36278.0,18356831.0,Rayhan Alifinzi,1.0
31682.0,17191301.0,Malek Sarhani,1.0
92123.0,40200349.0,Mathieu Godbout,1.0
102641.0,23886095.0,yolowex,1.0
102735.0,39083100.0,tom,1.0
100668.0,45240645.0,riderval,1.0
100846.0,45761776.0,MarcinCtrlAlt,1.0
100882.0,36012830.0,George Margaritis,1.0
47125.0,3470373.0,johnjerrico,1.0
65878.0,2367205.0,Christian,1.0
71672.0,28576748.0,Yuh,1.0
46498.0,21382422.0,Patrick,1.0
47378.0,21716038.0,Muhammad Hamza Zafar,1.0
34034.0,12846917.0,dracarys3,1.0
102584.0,44013154.0,Liam Monninger,1.0
102600.0,39031384.0,Rinlamb,1.0
44445.0,3672903.0,user3059627,1.0
88983.0,24876597.0,Muhammad Numan,1.0
87105.0,35700014.0,Novalis133,1.0
47681.0,21841648.0,Jorgenio Selenio,1.0
4198.0,4844412.0,Sunny,1.0
37512.0,17783595.0,Pranshu Mishra,1.0
50845.0,19931567.0,Pastela,1.0
102570.0,9867514.0,J.Doe,1.0
24076.0,14541743.0,Farzana Anjum,1.0
67018.0,27255818.0,Morgoth Bauglir,1.0
36245.0,16150463.0,Jendral M. Yusuf,1.0
36264.0,18356393.0,1301154637Isabella,1.0
4065.0,9789347.0,alesha morovits,1.0
4196.0,8329465.0,itssme,1.0
5472.0,3875359.0,Mimix,1.0
36294.0,18357306.0,Kartiko Nurhada' W.,1.0
66598.0,27483184.0,ShadowAI,1.0
66069.0,27406844.0,TE55,1.0
65395.0,7445323.0,MLMLH,1.0
36299.0,18357560.0,salman r,1.0
36314.0,18358093.0,Aidearni Purba,1.0
45643.0,21043735.0,user45643,1.0
36254.0,18356182.0,Jaish Muhammad,1.0
64778.0,23109849.0,Charly E.,1.0
36649.0,15374055.0,Jimmy Jacobson,1.0
37145.0,18609239.0,apollo8,1.0
36242.0,18355773.0,bayu pramana,1.0
36256.0,18356217.0,MUHAMMAD BAYU FIRDAUS,1.0
31725.0,17201323.0,atmp,1.0
97750.0,17910533.0,Dr.,1.0
40819.0,19462404.0,Nitin,1.0
76432.0,2726166.0,DrKC,1.0
98534.0,20988667.0,Manu Mano,1.0
98777.0,16678440.0,Gökhan,1.0
47278.0,21675309.0,Murtaza chohan,1.0
66526.0,15169977.0,Андрей Петров,1.0
87791.0,26970432.0,RISHABH,1.0
94089.0,38888673.0,Jt Money,1.0
98237.0,44435417.0,Jossy,1.0
36280.0,18356890.0,Ahmad Rayi,1.0
28161.0,16564389.0,guest_guy,1.0
18726.0,11667200.0,Shashank Gargeshwari,1.0
98061.0,43895025.0,Debug Duckling,1.0
98076.0,35556202.0,Aalzubair,1.0
98094.0,14932470.0,Bejo,1.0
63673.0,11096014.0,TunaFishLies,1.0
60096.0,25119104.0,Veysel Ersoy,1.0
72984.0,24489304.0,Ritteraxt,1.0
97860.0,36970265.0,Big Tuna,1.0
97881.0,26642945.0,ulajci,1.0
97869.0,44123973.0,Vedant Dalimkar,1.0
97909.0,32982552.0,eric,1.0
98010.0,25863218.0,Guix555,1.0
36279.0,18356863.0,Annisa Rahmawati Suleman,1.0
16803.0,2479394.0,user3262161,1.0
48580.0,7317061.0,Deschele Schilder,1.0
91130.0,12666886.0,Carlo Requião Da Cunha,1.0
43302.0,20310716.0,Federico Sanchez,1.0
46410.0,21331743.0,Nate Mullikin,1.0
5557.0,8895421.0,subin sahayam,1.0
21191.0,14639189.0,Lexyth,1.0
34170.0,10702128.0,felix95,1.0
44103.0,15500413.0,Mustafa,1.0
66363.0,22014229.0,Mohamed A. Taha,1.0
27469.0,16107497.0,majid bhatti,1.0
85138.0,34278730.0,Joseph Kasnoff,1.0
58014.0,26037135.0,Saad Khan,1.0
65804.0,27365307.0,Blue2Studio,1.0
38131.0,3671017.0,Ben Bulent Basaran,1.0
88235.0,8879435.0,EvanG,1.0
34149.0,17471128.0,Akumetsu,1.0
74800.0,29142458.0,Ya Wen,1.0
50690.0,23196896.0,robert4johnson,1.0
97274.0,33025826.0,Burt62,1.0
19227.0,14592827.0,guest,1.0
95704.0,40406054.0,Ahamad,1.0
95790.0,22939739.0,Bassel Attia,1.0
95961.0,17881422.0,Chetan patil,1.0
31916.0,17259579.0,convguy122,1.0
6756.0,10728009.0,Jonathan Stanley-Smith,1.0
86706.0,35402394.0,randomforest42,1.0
41763.0,6144629.0,jal j alvarez alvarez,1.0
79222.0,14404449.0,陳敏涵,1.0
51532.0,18088140.0,Yacine Ben Ameur,1.0
36448.0,16424222.0,Mahyar,1.0
52080.0,19244673.0,Toqa Ahmed,1.0
22233.0,428652.0,Damien,1.0
85674.0,3830391.0,kevinnewgame,1.0
3326.0,9538781.0,ahmadjordan,1.0
10370.0,10646986.0,Tat Yuen,1.0
7145.0,3589363.0,ihaphleas,1.0
61435.0,17647065.0,Shi Kin Ma,1.0
40320.0,18787856.0,Rami Mohammed,1.0
48692.0,22250315.0,Robot' nik,1.0
51785.0,400215.0,tache,1.0
21876.0,15230462.0,George,1.0
15970.0,13683146.0,John Hassett,1.0
36282.0,18357026.0,irbah salsabila,1.0
33226.0,12564318.0,jet printer,1.0
80062.0,12500246.0,avignatti,1.0
36661.0,4675511.0,tahiat,1.0
41375.0,19651017.0,Deeepwin,1.0
44454.0,13778105.0,Markus Gersdorf,1.0
72884.0,28134152.0,Hari Seldon,1.0
41427.0,16737296.0,phamduy,1.0
38919.0,15161359.0,Ivan Petrovic Markovic,1.0
33878.0,15946498.0,Durga K,1.0
92853.0,144365.0,revivalfx,1.0
45924.0,8313182.0,orion_ix,1.0
32013.0,17288695.0,neeraj,1.0
61063.0,10369540.0,His Royal Dudeness,1.0
45011.0,18602031.0,Anant Dev,1.0
8599.0,7520441.0,drw,1.0
17133.0,9046666.0,Zhengyang SONG,1.0
22816.0,11785920.0,JMoore2007,1.0
76683.0,26680479.0,Quantum State,1.0
102764.0,47086072.0,Patrick Jauslin,1.0
102046.0,31105486.0,Nour Alssous,1.0
50949.0,19602722.0,Chad Neff,1.0
47276.0,11889102.0,Saurabh Band,1.0
38983.0,19189282.0,Tao Chen,1.0
61175.0,26409599.0,Mayank Maurya,1.0
17348.0,8894907.0,Yasser.AbdelSattar,1.0
80180.0,30546562.0,Pedro Delgado De Robles,1.0
68885.0,16457925.0,Luis Alejandro Snchez Prez PhD,1.0
8197.0,5172589.0,Avinash Gaur,1.0
47349.0,21703224.0,Yijiang Dong,1.0
20224.0,7131506.0,Ragy Abraham,1.0
79589.0,27248125.0,Đức Cường,1.0
74637.0,27337642.0,Mohammad Ammar,1.0
38152.0,18923739.0,Lee Prangnell,1.0
46588.0,21410797.0,Bogdan Duduc,1.0
92361.0,40338205.0,Ayesha arian,1.0
49974.0,11209065.0,gunjan mahindre,1.0
56490.0,2283550.0,malintha,1.0
92953.0,22499225.0,race,1.0
51025.0,7971609.0,s.ash,1.0
51787.0,5835415.0,Hemant Rakesh,1.0
9938.0,11891701.0,Fwegh,1.0
36517.0,18422171.0,guest232323,1.0
68727.0,1640500.0,pmiddlet,1.0
63318.0,6633181.0,Sergey Bokhnyak,1.0
52855.0,24267204.0,Jimmy Feterman,1.0
30690.0,16595963.0,Ishaan Sharma,1.0
46088.0,4983872.0,Juan Esteban Florez,1.0
72988.0,28811333.0,nengzhang,1.0
97827.0,44073597.0,Richard Vencu,1.0
38110.0,13740832.0,YuCheng Yang,1.0
31970.0,17277195.0,MatthewTuby,1.0
32862.0,8610306.0,Prototype,1.0
49019.0,22370659.0,Prashant Goswami,1.0
46476.0,18011101.0,Amr Khaled,1.0
27568.0,10694996.0,azfar_zuberi,1.0
22991.0,15482075.0,Uduak Ekpo-Ufot,1.0
52142.0,23917275.0,Simion Becker,1.0
17469.0,11119857.0,Durathror,1.0
31873.0,8341953.0,tahmeed156,1.0
41123.0,19563845.0,MickAel,1.0
37882.0,18832416.0,MILLIONISH,1.0
32246.0,17364330.0,1122,1.0
11995.0,12631587.0,Nicholas Hylands,1.0
38204.0,17868380.0,Andar Manik,1.0
32245.0,13609036.0,V.Mach,1.0
62487.0,24937867.0,Waqar Ali,1.0
63246.0,6683865.0,Loony_D,1.0
91051.0,27659730.0,Djebbar Abderrahmene,1.0
38523.0,18679311.0,TheGubbler,1.0
65262.0,230078.0,Seb,1.0
68656.0,27885303.0,Kaaneii Williams,1.0
18787.0,5170992.0,Charles Niswander,1.0
77250.0,29682657.0,Priya_19,1.0
10746.0,6938605.0,Kazesui,1.0
74706.0,28924385.0,Lokesh Joshi,1.0
31593.0,17174337.0,brainkill,1.0
40371.0,19316816.0,Fahad,1.0
98006.0,44238152.0,Anna B,1.0
32346.0,12959441.0,Muralidhar A,1.0
90565.0,30530251.0,Nir Manor,1.0
90574.0,38804143.0,jario,1.0
45550.0,21009843.0,Micha Christ,1.0
82452.0,18002417.0,Fred Shone,1.0
64092.0,24087125.0,Clare,1.0
89913.0,38180412.0,Spencer Walsh,1.0
66341.0,27448270.0,Francisco Serra,1.0
90442.0,3848682.0,user3189362,1.0
11827.0,10199163.0,Bent Mathiesen,1.0
97724.0,18673706.0,kero,1.0
33165.0,6495983.0,Shamit Bagchi,1.0
88919.0,11661229.0,Anshuman Sinha,1.0
90040.0,28204966.0,W8_4_it,1.0
35642.0,18128565.0,user35642,1.0
21480.0,15135536.0,user21480,1.0
72313.0,25032185.0,John Brotha,1.0
38164.0,7410478.0,Manuel Ramos,1.0
97282.0,43606357.0,Deniel carter,1.0
12483.0,1447513.0,user1365490,1.0
82052.0,30156498.0,rajan subramanian,1.0
87501.0,34823762.0,GalaxyonKnowledge,1.0
5104.0,8824592.0,Ege Keyvan,1.0
40928.0,9777767.0,Anonymous Magic,1.0
101546.0,46313462.0,John Dreic,1.0
97643.0,27376745.0,ty.fu,1.0
68025.0,27757754.0,Ali Achak,1.0
40709.0,1716946.0,user1573820,1.0
21779.0,14988465.0,Cecelia,1.0
101078.0,35011600.0,Aamir Mahmood,1.0
96981.0,43383412.0,vaishnavi sharma,1.0
41759.0,19789609.0,gyestguyrrr,1.0
46509.0,21166380.0,M.Eshra,1.0
89767.0,32635834.0,huateng ma,1.0
37570.0,18753567.0,may,1.0
70913.0,4674442.0,Cowboy_Patrick,1.0
12619.0,12908290.0,Coepii,1.0
47113.0,21531389.0,MinneSowda13,1.0
98740.0,44849827.0,ZKMathquant,1.0
100568.0,20130138.0,elr,1.0
64143.0,19433126.0,anivana ,1.0
43840.0,7283113.0,hafniate,1.0
52473.0,24092541.0,Coder,1.0
16741.0,4001594.0,sunil4data,1.0
75867.0,12045574.0,Chengfei Wang,1.0
69201.0,28001463.0,Say,1.0
41931.0,19193779.0,Dhaval Bothra,1.0
49907.0,4955331.0,mohamed,1.0
54562.0,25189197.0,ERGOU CHEN,1.0
1272.0,8954375.0,Goku,1.0
92503.0,40550456.0,HARSH VAGHELA,1.0
93357.0,17053389.0,Merlin Richter,1.0
98676.0,19667361.0,ArshakParsa,1.0
100019.0,31935349.0,Marwan Elghitany,1.0
98307.0,44496830.0,JENNY C,1.0
40444.0,19338261.0,School of Electrical and Compu,1.0
41029.0,18930092.0,laurencefay,1.0
67106.0,27565991.0,adeleye ifeoluwa seun,1.0
1399.0,1065776.0,nom,1.0
91247.0,39397788.0,Taylor,1.0
56287.0,20772499.0,ThoG_Sor,1.0
15207.0,5730573.0,Diego Antonio Rosario Palomino,1.0
89508.0,29723343.0,I_really_love_toefl,1.0
40476.0,8031094.0,backpropper,1.0
96802.0,43270101.0,Ramiro Goicoechea,1.0
88614.0,25547226.0,Noneyah Biz,1.0
30288.0,11566557.0,Klushka,1.0
91046.0,14479149.0,Jex__y,1.0
37266.0,3176721.0,Mohamed MosȜd,1.0
56658.0,25881564.0,Nakul Mehta,1.0
36009.0,18273635.0,user36009,1.0
91893.0,6780400.0,Garrick White,1.0
89191.0,37516245.0,Jamester,1.0
83927.0,18408695.0,Sahil Goyal,1.0
67289.0,27607342.0,Dhruvil Gorasiya,1.0
52578.0,23238575.0,Lukas Brunner,1.0
90543.0,38681066.0,Raynard Bond,1.0
68020.0,4462865.0,MarioT,1.0
88847.0,37212750.0,Philip Bray,1.0
88913.0,37076060.0,keerthana s,1.0
43709.0,16110319.0,shirin elahi,1.0
44361.0,20623907.0,Fruity,1.0
42913.0,20198795.0,Ukendt,1.0
2377.0,9179025.0,Thomas,1.0
88178.0,15305493.0,Avi,1.0
32311.0,17388219.0,WONBIN KWEON,1.0
54546.0,17879341.0,Arrriba,1.0
35668.0,213183.0,dato datuashvili,1.0
75427.0,29272923.0,user75427,1.0
61167.0,20337081.0,imaneeh,1.0
44632.0,18088764.0,Eng.sh,1.0
88831.0,37198441.0,user88831,1.0
89862.0,20972308.0,Pawu,1.0
90828.0,6387896.0,Dave Patterson,1.0
89687.0,22996303.0,Son Do,1.0
44814.0,20761744.0,paul,1.0
88365.0,36784042.0,Matix R.,1.0
96477.0,42981931.0,Shufan Wang,1.0
95948.0,42583559.0,PSBigBig,1.0
90522.0,18748861.0,codex,1.0
64079.0,19763211.0,parth modi,1.0
45299.0,12858649.0,Tung,1.0
74650.0,22709916.0,Farha Kousar,1.0
30524.0,16906367.0,Andy Evans,1.0
38650.0,16836529.0,Oscar916,1.0
29850.0,5894486.0,Stuurpiek,1.0
95954.0,42587830.0,user30825753,1.0
95976.0,42585155.0,Sasoo,1.0
96071.0,21066535.0,Trisanu Das,1.0
50546.0,23117920.0,Shimon Cohen,1.0
102258.0,46800095.0,Pendragon Burrows,1.0
87492.0,35981917.0,Marcel Bokstedt,1.0
87670.0,29105677.0,Schtraded,1.0
87692.0,15238308.0,Adil,1.0
62064.0,17260759.0,yunfeng,1.0
45762.0,21086437.0,Parnav,1.0
45957.0,11954349.0,Sbean,1.0
45694.0,1510208.0,md2perpe,1.0
45735.0,17580330.0,Leonard,1.0
87582.0,13956258.0,benned-h,1.0
85555.0,34524842.0,Juhuuu,1.0
2255.0,1988549.0,peterh,1.0
27580.0,15387969.0,DanielD,1.0
48226.0,22067394.0,Ahmed Alagha,1.0
35957.0,15172203.0,Jim Kim,1.0
15964.0,10630675.0,Daniel Martinez,1.0
46251.0,21223774.0,moooo112,1.0
83954.0,23698184.0,Zero L,1.0
82600.0,7521655.0,Ashish Kumar Singh,1.0
21815.0,15213669.0,Neeraj gautam,1.0
38794.0,19137010.0,Aziz Uddin,1.0
97697.0,4897356.0,Mayur Ingle,1.0
51914.0,9517925.0,Alex Shkotin,1.0
46861.0,18554509.0,XDead,1.0
87077.0,35670193.0,Tharyck Gusmao,1.0
86518.0,31945974.0,Tushar Sharma,1.0
46818.0,21168550.0,Rmin,1.0
46542.0,1744155.0,Sina M,1.0
47643.0,15742503.0,Liuuuuk,1.0
94337.0,35058954.0,AnnFeng233,1.0
18835.0,14493594.0,Kexin Wang,1.0
84724.0,31606170.0,Tom Lin,1.0
47447.0,21584530.0,KnownUnknown,1.0
47446.0,21501534.0,Utkarsh Malkoti,1.0
47351.0,14966201.0,Tahmeed,1.0
26673.0,6465789.0,Skyler Bly,1.0
48270.0,21414077.0,Erik,1.0
75791.0,27497902.0,korangar leo,1.0
86505.0,20384845.0,ShadowProgrammer,1.0
86516.0,16248286.0,Khoa Tan Dang,1.0
23220.0,15538502.0,naturalguy_12,1.0
5382.0,10220302.0,rarman555,1.0
47747.0,21876006.0,CatSpaghetti,1.0
42043.0,13007577.0,Beherit,1.0
84194.0,23571712.0,Yu Yan,1.0
96766.0,43242761.0,Fatuade Miracle,1.0
92891.0,36905456.0,Heena heena,1.0
47554.0,21786366.0,Barsaas,1.0
6519.0,10639145.0,scott,1.0
48000.0,19680667.0,gurke,1.0
73569.0,28923133.0,Nadia Tanzeem,1.0
63703.0,7571801.0,Matthias Schilling,1.0
86359.0,18804373.0,Omar Rida,1.0
52685.0,16593975.0,ARandomName,1.0
47757.0,21878481.0,Sebastian,1.0
47855.0,18904641.0,kranj doo,1.0
36265.0,18356424.0,Iriyanto,1.0
72425.0,1318235.0,user1264641,1.0
48462.0,13199488.0,Mehmet Cengiz,1.0
48302.0,12201393.0,Kian,1.0
43999.0,2222125.0,Linear Algebra fans,1.0
89589.0,23570722.0,Poojan Solanki,1.0
48752.0,22277317.0,Pomski2,1.0
16367.0,13805774.0,Tony Lester,1.0
10666.0,12177011.0,Kourosh Marjani Rasmussen,1.0
102531.0,46733708.0,Russlan Ramdowar,1.0
95430.0,25474931.0,KrzysiekDD,1.0
2415.0,4644876.0,Arrekin,1.0
50535.0,19951188.0,h.mavrodiev,1.0
76659.0,19195436.0,Jakub Janicki,1.0
48760.0,18030568.0,hossein,1.0
51093.0,22692480.0,Christian Evans,1.0
98795.0,44891306.0,LuckyFox,1.0
44131.0,20552777.0,Goodies,1.0
52598.0,18344113.0,DimNsk,1.0
93993.0,41790592.0,Carolyn Weitz,1.0
91366.0,147236.0,xoyo,1.0
94106.0,41880439.0,NoumenalNetwork,1.0
22089.0,11058057.0,Nishant ,1.0
49158.0,22427953.0,Arden,1.0
49194.0,22444665.0,nakida,1.0
36268.0,18356511.0,Danny Lukmana,1.0
93746.0,41596787.0,blueberry,1.0
91137.0,14908246.0,Juan Sebastian,1.0
31360.0,8366304.0,Dace,1.0
82104.0,10675858.0,ThunderSmotch,1.0
81846.0,24004604.0,djmoon13,1.0
45939.0,4974510.0,Mike Johnson Jr,1.0
48888.0,13269665.0,Vector Zita,1.0
82014.0,15961172.0,trueGeek,1.0
93264.0,6629123.0,Farooq Karimi Zadeh,1.0
41432.0,19673230.0,Eric,1.0
38712.0,19111784.0,someone_new,1.0
49303.0,22492397.0,Benjamin Stecker,1.0
49304.0,6636734.0,Jan-Samuel Wagner,1.0
27431.0,16387462.0,Jon W,1.0
46030.0,6361362.0,Nitish Agarwal,1.0
50058.0,22894401.0,sneha verma,1.0
36247.0,18355951.0,BnZ_Fighter,1.0
36295.0,14812547.0,Dafa Prima,1.0
36309.0,18357931.0,Nicho Santoso,1.0
83659.0,21581491.0,Miss Girl,1.0
85056.0,32816350.0,amte,1.0
85201.0,27385127.0,AnneBlue,1.0
85261.0,30694017.0,wenbang,1.0
49532.0,22616621.0,HHD,1.0
82529.0,26618814.0,Srajan,1.0
27728.0,15271634.0,Nitish Kumar,1.0
29957.0,16736446.0,cashew,1.0
49766.0,21464058.0,James Liu,1.0
49848.0,2736057.0,user2358715,1.0
2413.0,7304138.0,Jeff Ramirez,1.0
6024.0,5502305.0,yxyx136,1.0
84835.0,34056813.0,CuriosityChaser,1.0
84880.0,34081734.0,chapu,1.0
46208.0,12977589.0,rahul gaikwad,1.0
53636.0,24675909.0,吴沛阳,1.0
50077.0,22905733.0,Micha Christ,1.0
50099.0,8878773.0,GSH,1.0
43650.0,20398757.0,R2D2,1.0
84410.0,21169473.0,Vedant Bhardwaj,1.0
84456.0,33539520.0,Yigithan Sever,1.0
46743.0,19259596.0,Lorenzo Tinfena,1.0
102236.0,38521798.0,Ishan Jha,1.0
49876.0,20456262.0,tech2097,1.0
49948.0,22837470.0,Schlozma,1.0
87580.0,29178006.0,CodderG,1.0
35737.0,18170051.0,Robert,1.0
85617.0,11201315.0,raincchio,1.0
43966.0,15068784.0,Jonathan Cauchi,1.0
28201.0,270124.0,NebulousReveal,1.0
101818.0,46502550.0,Peter Cotton,1.0
84149.0,25503802.0,user19296578,1.0
46930.0,4073807.0,Sathya,1.0
84380.0,29627294.0,user1232048,1.0
31221.0,3220037.0,abdkhan,1.0
81767.0,6388244.0,edimetia3d,1.0
78562.0,30073471.0,Jakub Scholtz,1.0
101621.0,46365881.0,Manish Balakrishnan,1.0
83258.0,32473403.0,黄祖荣,1.0
51277.0,14202325.0,Kim,1.0
79367.0,6995732.0,Oleg,1.0
51007.0,23367703.0,Qwerty,1.0
51026.0,4806745.0,Pinkman8144,1.0
51980.0,23826662.0,Enes mahmut kulak,1.0
50906.0,22173742.0,Uday Sai,1.0
79718.0,30395796.0,Springs,1.0
50834.0,19280843.0,user14092875,1.0
50127.0,22941518.0,Kaustubh Sharma,1.0
50769.0,23238944.0,Sarah Grimes,1.0
50778.0,23241911.0,user50778,1.0
45009.0,4509724.0,flashyzigzag,1.0
50355.0,22362940.0,FateMintTrio,1.0
50601.0,23150759.0,synner,1.0
51343.0,23540273.0,wooong,1.0
51568.0,23661237.0,chung sze wong,1.0
51660.0,22625125.0,Hossein Aghamohammadi,1.0
92342.0,18712615.0,Kelvin Wijaya,1.0
102107.0,46664288.0,jacksonwelsy,1.0
51410.0,23566368.0,Tarun Bhatia,1.0
51374.0,16790427.0,Zohair Abbas Hadi,1.0
6120.0,8351252.0,kris cincar,1.0
83874.0,20810941.0,Quark-Coder,1.0
53488.0,5800081.0,eli,1.0
51291.0,13174290.0,JoKeR,1.0
51367.0,23552116.0,Bajczi Levente,1.0
18790.0,14484829.0,Samuel Revolinski,1.0
51126.0,18288072.0,Unicorn07,1.0
51139.0,22602422.0,farnad,1.0
51199.0,23474646.0,user4561,1.0
51965.0,13852621.0,GordonJun,1.0
45344.0,20927155.0,user45344,1.0
51881.0,23278030.0,user17361867,1.0
51909.0,15277482.0,Mylisteofanime nexv,1.0
53849.0,4135126.0,Giovanni Novelli,1.0
71265.0,28441624.0,qmzp,1.0
78077.0,29834559.0,Root,1.0
88980.0,37341301.0,Samon Richard,1.0
51362.0,7706761.0,ShirinJZ,1.0
43884.0,20474537.0,Vladimir Alexandrov,1.0
32868.0,15751469.0,Ayaz Amin,1.0
52334.0,6024486.0,Philipp Kunz,1.0
52071.0,6846353.0,paperplan3,1.0
52270.0,19525837.0,nibs,1.0
52310.0,23997165.0,陳文澤,1.0
91749.0,39684280.0,Michael Mommertz,1.0
83367.0,10993253.0,tangyao,1.0
83431.0,18133979.0,will,1.0
83558.0,30289825.0,JJbow,1.0
21491.0,15138335.0,Vaibhav Khandelwal,1.0
53183.0,14724383.0,Chris Holland,1.0
75980.0,26439097.0,mistykleinman,1.0
84558.0,1728987.0,user1583016,1.0
83732.0,2737234.0,lxfhfut,1.0
76032.0,11735840.0,Mubarak Salley,1.0
52912.0,19816925.0,Raphasse,1.0
75474.0,26774984.0,kkldc,1.0
46226.0,21233671.0,An0n173,1.0
79649.0,4933745.0,nerdsville,1.0
47432.0,8185453.0,JFC,1.0
83250.0,17036586.0,Drk,1.0
83273.0,7178961.0,acampove,1.0
52738.0,16047335.0,uygur,1.0
76252.0,25410103.0,Viktor Veselov,1.0
90566.0,38051763.0,Hanqing Yu,1.0
41411.0,19664774.0,Andy III,1.0
79252.0,19985518.0,GeoffWhite,1.0
78923.0,8287862.0,6vn,1.0
53438.0,24570272.0,Jirawat Zhou,1.0
95967.0,42595410.0,Michael Crowe,1.0
101958.0,46601783.0,Agentic AI,1.0
53278.0,23084819.0,lostpatriot,1.0
83170.0,30638396.0,Matheo Xenakis,1.0
48010.0,21576474.0,Zu M,1.0
84833.0,34054540.0,Leo Wig,1.0
53205.0,7026254.0,micawber,1.0
91403.0,39542167.0,c6m38,1.0
91435.0,14498192.0,Fritz,1.0
53022.0,14204404.0,marouane bouadi,1.0
53031.0,7302404.0,Zintho,1.0
53974.0,24885657.0,Wtt,1.0
53693.0,5705031.0,burn_burn_55,1.0
83113.0,22182943.0,Syed_Hamza_Akbar_Ali,1.0
83155.0,32248391.0,Johnathan Smitherton,1.0
84455.0,33538920.0,Md. Foysal Ahmed,1.0
23143.0,15519319.0,Orville Weyrich PhD NMD,1.0
70701.0,14644325.0,ChrisSim,1.0
67166.0,14672057.0,Cecilia Yalangozian,1.0
77518.0,29770667.0,Wenze Chen,1.0
63612.0,22349551.0,JoshML,1.0
49829.0,3402637.0,Chris,1.0
53576.0,11087551.0,Nikkal,1.0
100983.0,30216150.0,Sakshi Gaba,1.0
3461.0,1342117.0,Bobi Rakova,1.0
49709.0,16532889.0,Gokulakrishnan CANDASSAMY,1.0
46325.0,19697942.0,Pablo Roman Asenjo,1.0
91115.0,16955011.0,Poorvi,1.0
54475.0,24582178.0,Ahmed,1.0
54254.0,8160187.0,L.Chau,1.0
82904.0,30789145.0,SRAVAN KOTTA,1.0
82940.0,32161183.0,Raphael Pallais,1.0
83026.0,20545396.0,Alex,1.0
87570.0,36064403.0,Curious_knight,1.0
54136.0,24938771.0,Solace,1.0
49917.0,22820896.0,hifz,1.0
53902.0,19231284.0,San,1.0
55346.0,25491678.0,Ben Peng,1.0
73556.0,6827720.0,傅子恆,1.0
75457.0,12336693.0,Chaitanya Naik,1.0
86881.0,35564890.0,ななこ七七子,1.0
43929.0,14000531.0,Việt Nguyễn,1.0
26364.0,13601410.0,Trong-Thang Pham,1.0
55126.0,25413482.0,emcsquare,1.0
54116.0,12988812.0,Gabriel Crispino,1.0
54940.0,24091559.0,Hassan Zohrevand,1.0
55030.0,25369559.0,Christopher Palmer,1.0
82778.0,5621968.0,KM23,1.0
62448.0,26672936.0,Jacob Regan,1.0
76574.0,7935877.0,King T,1.0
54683.0,21661870.0,Tiffany L,1.0
54691.0,16146074.0,Guillermo Alvarez,1.0
53189.0,8066095.0,Sorry,1.0
57651.0,26004548.0,jiashu lou,1.0
5406.0,80477.0,David Khosid,1.0
101472.0,28923372.0,Snehal Joshi,1.0
37600.0,18762684.0,Pierre Chicoine,1.0
79599.0,26899329.0,Luc BOLOGNA,1.0
98640.0,11471887.0,Kuo Wei,1.0
55742.0,25597446.0,AIAIAIAIAIAI,1.0
43564.0,20366927.0,Osama Mohamed,1.0
17094.0,14026255.0,Sang Su Lee,1.0
89998.0,9289570.0,nonder,1.0
55537.0,17811044.0,Love Book,1.0
60262.0,14763072.0,antarteek,1.0
55331.0,25486113.0,rp2001,1.0
72673.0,28749192.0,Russell,1.0
30269.0,16807660.0,kartthikbala2205,1.0
25375.0,2881060.0,Nuno Edgar Fernandes,1.0
98150.0,23412630.0,Lydia Davidson,1.0
18221.0,13054021.0,Starry Tony,1.0
56653.0,15439956.0,QuantNoob,1.0
56500.0,25835080.0,achraf bennouali,1.0
54095.0,24189022.0,arizona_3,1.0
56517.0,16689816.0,NLPLover,1.0
6707.0,10709153.0,Youness Abdus Salam,1.0
56361.0,10234696.0,Lucien Leseigle,1.0
56369.0,13164949.0,Lyn Cassidy,1.0
55806.0,23800781.0,canP,1.0
56238.0,23747933.0,Shreneek Upadhye,1.0
56314.0,21401990.0,Daniel Melo Avila,1.0
56512.0,20325868.0,Nick,1.0
57676.0,26006751.0,VirginieDlpts,1.0
53035.0,24375741.0,user53035,1.0
48245.0,22078928.0,anon,1.0
82490.0,31303035.0,NWSP,1.0
82608.0,31327326.0,Jay Ferments,1.0
26403.0,16124769.0,Leyou Yang,1.0
49639.0,7484826.0,W. Oni,1.0
60159.0,15546011.0,Masudul Hasan Masud,1.0
59966.0,24534286.0,aniketvp24,1.0
60177.0,26249168.0,liyu zerihun,1.0
59592.0,6950699.0,apriede,1.0
26845.0,12582149.0,Anandhu,1.0
84320.0,33347231.0,Hassan Hamidi,1.0
71886.0,26057063.0,Raiden Snaker,1.0
82333.0,31334374.0,euleriwt,1.0
57413.0,21169591.0,NicFit_88,1.0
59090.0,26101983.0,Midlij,1.0
59135.0,26101639.0,Samaneh salehi nasab,1.0
85579.0,17581845.0,Arseniy  Samsonov,1.0
59145.0,2256027.0,jules,1.0
60900.0,20472170.0,learner,1.0
61097.0,24327772.0,david,1.0
65547.0,27329113.0,Filip Gacek,1.0
78861.0,10618540.0,Dima,1.0
49859.0,22791905.0,barry_normal,1.0
60350.0,17051060.0,Durgendra,1.0
60440.0,18817794.0,CharlesC,1.0
69789.0,19419950.0,GeniusNobita,1.0
60229.0,26257052.0,Henry,1.0
60279.0,22809948.0,Wj210,1.0
60307.0,23804251.0,msms77799,1.0
59990.0,26219299.0,Leonardo Teramatsu,1.0
62419.0,17248600.0,Humberto M. Peña,1.0
62031.0,2104070.0,Mehmet Kaplan,1.0
62164.0,17931929.0,blackbird_h71,1.0
89100.0,37432063.0,Uzay,1.0
74428.0,28442383.0,Chaitu Viswa,1.0
82043.0,30319736.0,Steven,1.0
79276.0,30274481.0,Jus Forever,1.0
61450.0,24846228.0,Diauro,1.0
56086.0,6771574.0,L.Adham,1.0
61360.0,26456205.0,Louis Delporte,1.0
63034.0,17763603.0,S i,1.0
26007.0,15362506.0,Shirin Mohanty,1.0
85082.0,25876072.0,Mattia Scardecchia,1.0
88191.0,31429923.0,Rishhh,1.0
81948.0,30956551.0,D3N3ON,1.0
81930.0,30683707.0,Xiaoyang Li,1.0
27495.0,16403885.0,user27495,1.0
23795.0,9511910.0,Fivos Delemis,1.0
62346.0,17653513.0,Faizan Riasat,1.0
55924.0,18339779.0,Gunners ,1.0
94004.0,20472998.0,Jatin Kumar,1.0
69376.0,28037456.0,Nathanael Suarez,1.0
63674.0,18028832.0,No_Name,1.0
63492.0,22074251.0,Lim,1.0
63271.0,26872717.0,donaldgrafton01,1.0
69743.0,28108172.0,Kristen Kehrer,1.0
81848.0,19121499.0,lukachu03,1.0
62729.0,12097098.0,CTMA,1.0
62945.0,22314069.0,maserati urm,1.0
82081.0,17324359.0,pedagogue1,1.0
81564.0,22528610.0,hsuya,1.0
49544.0,10027368.0,User9123,1.0
65468.0,27200479.0,Python,1.0
65543.0,23506993.0,AndroidUser558,1.0
65589.0,23288888.0,Minimum,1.0
69089.0,27969406.0,Benjamin Pierce,1.0
49452.0,22573023.0,FillipSmith,1.0
49479.0,22590461.0,Harry Min,1.0
48554.0,3622544.0,slbinilkumar,1.0
47187.0,3341929.0,papiot,1.0
20934.0,14394433.0,iustin,1.0
68841.0,24008950.0,Formula PS4,1.0
78633.0,20855688.0,joan,1.0
64246.0,16700595.0,1stTimeStackOverflow,1.0
64618.0,27209056.0,Jaye Serle,1.0
64634.0,19192481.0,Applesnax,1.0
63977.0,23196298.0,code_lover,1.0
66254.0,13906200.0,Toffe1369,1.0
66924.0,20666367.0,Gaylen,1.0
67167.0,21625955.0,HTH,1.0
64139.0,24653804.0,Kyotiq,1.0
66015.0,24428418.0,DevSlem,1.0
66124.0,26072182.0,El J 1e2,1.0
87888.0,36370134.0,anu,1.0
70304.0,28234500.0,JP Taillon,1.0
4223.0,8172113.0,haddagart,1.0
56009.0,15513627.0,Jonas,1.0
101723.0,46448584.0,LW 4 KAAL,1.0
47323.0,6870538.0,Salah Uddin,1.0
69010.0,27959544.0,fkybrd,1.0
95813.0,6414908.0,eindzl,1.0
67377.0,27626350.0,Telf,1.0
67393.0,20520579.0,CelticusAndy,1.0
35993.0,18268542.0,bobred,1.0
67300.0,21338705.0,Tom PL,1.0
38815.0,19143779.0,Mirek Čolakov,1.0
43069.0,20246232.0,shiva Kota,1.0
41966.0,19870258.0,Arpit Maclay,1.0
80108.0,27681974.0,Jonathan Emmons,1.0
81629.0,7877629.0,Carol,1.0
68759.0,25007677.0,Nurkhan Laiyk,1.0
73160.0,28845073.0,PWE,1.0
76202.0,29453898.0,Pierre Emmanuel CHAUT,1.0
64876.0,26127030.0,lllittleX,1.0
87865.0,16089508.0,Parag Londhe,1.0
79197.0,30246776.0,Pointwavestandard,1.0
54200.0,24982551.0,Kris94,1.0
19626.0,12219660.0,Mariya Ronald,1.0
67726.0,9121833.0,Arcane,1.0
67773.0,19245835.0,Vivek Hotti,1.0
68005.0,16684814.0,nikord,1.0
81402.0,23221203.0,Discover,1.0
81489.0,8244236.0,Natan ZB,1.0
22741.0,6615616.0,Eduardo,1.0
54088.0,21355724.0,Raz,1.0
66828.0,20197024.0,numq,1.0
41056.0,13588146.0,ofevy,1.0
49385.0,7694088.0,Biology nerd,1.0
68999.0,20730508.0,BiomedicalEngineeringStudent,1.0
38874.0,2256454.0,prwl_nght,1.0
68856.0,10854304.0,nmb,1.0
46396.0,7738128.0,Shubham Agrawal,1.0
37316.0,18663504.0,wilsonsamarques,1.0
68767.0,15302194.0,qsa,1.0
68827.0,27918768.0,Josiah Cheruiyot,1.0
81386.0,29038615.0,Nick,1.0
49317.0,22502998.0,RaZeul,1.0
49327.0,22510337.0,Avarash Goel,1.0
73151.0,28843983.0,ericcccw,1.0
83257.0,32472138.0,Emerson Sanchotene,1.0
70336.0,28242053.0,Šimon Bláha,1.0
69984.0,28165370.0,heikki anttila,1.0
69747.0,28109163.0,Yang,1.0
69791.0,19161968.0,Meerkat,1.0
55552.0,4921966.0,saberhq,1.0
79609.0,21388141.0,Hamza,1.0
14688.0,11134632.0,crazy_lazy_life,1.0
82206.0,27408119.0,OkieInNormanOK,1.0
64240.0,27139165.0,gustin hrat ,1.0
69252.0,16485672.0,adamwest,1.0
56304.0,22483478.0,Alexis Winters,1.0
62127.0,21851781.0,Ammar,1.0
70641.0,27386092.0,felipe57387,1.0
28575.0,16663249.0,ekjrnke,1.0
102151.0,33092387.0,Hunter Hoinkes,1.0
71471.0,16236542.0,jollytall,1.0
49123.0,22292528.0,Rachrachben,1.0
49159.0,22292078.0,Christopher Centrella,1.0
75675.0,22267103.0,Andrei Muresanu,1.0
80257.0,16222020.0,Piyush Miglani,1.0
80277.0,30590272.0,Nelson,1.0
64768.0,2022013.0,Chad Zoghby,1.0
36306.0,18357765.0,Nurul Zakiyyah,1.0
70426.0,20146674.0,T.Gulez,1.0
90000.0,19994775.0,Adam Bencsik,1.0
72441.0,3752681.0,user3119817,1.0
72136.0,13773610.0,Meisam Ashraf,1.0
89876.0,30158985.0,Phạm Trần Minh Trí,1.0
89922.0,21269862.0,Shataneek Banerjee,1.0
71911.0,23407973.0,Richard AR,1.0
31022.0,17029673.0,Elise Le,1.0
71675.0,14534791.0,Arya,1.0
70989.0,28390083.0,Udemmy Udemmy,1.0
80352.0,18851263.0,drewlr,1.0
69793.0,16305993.0,eilon toledano,1.0
71541.0,28543740.0,Varghese Kuruvilla,1.0
49085.0,22395751.0,cgraider,1.0
89793.0,20057910.0,vbxr,1.0
62473.0,433287.0,sumit dugar,1.0
65823.0,27136436.0,Manindra Sammanathegreat,1.0
73205.0,28854239.0,haec0007,1.0
81965.0,25644704.0,mak_97,1.0
72936.0,21605389.0,npsulav,1.0
72952.0,28804506.0,user72952,1.0
73054.0,28823864.0,swe_prospect,1.0
89621.0,31801698.0,LarenEmpty,1.0
72661.0,1630025.0,amh,1.0
72815.0,22309179.0,white,1.0
80044.0,30491997.0,Triana Anderson,1.0
85956.0,34844519.0,Steven Dehlin,1.0
80150.0,20154715.0,DLCVIP007,1.0
72322.0,8885044.0,Stefan,1.0
72410.0,28697744.0,z.10.46,1.0
72426.0,16973482.0,GEM,1.0
83967.0,29766706.0,hyukshuai lee,1.0
20893.0,10894027.0,Ryan Hodgson,1.0
73687.0,28944125.0,Mamadou Tanou DIALLO,1.0
73736.0,9620435.0,curl-up,1.0
62427.0,60137.0,src091,1.0
48485.0,21339315.0,Quantam,1.0
50400.0,23060327.0,Umomps,1.0
82407.0,31424443.0,Yancy Pan,1.0
35735.0,10099298.0,AshaKantaSharma,1.0
73523.0,28914942.0,Jason Shaev,1.0
73581.0,28925677.0,synphonics,1.0
89176.0,37501592.0,Amdjed Bens,1.0
54929.0,13003893.0,Qimen Xu,1.0
73279.0,28870607.0,alexdea,1.0
73420.0,12206564.0,Jaanis,1.0
75234.0,26408190.0,user20057611,1.0
30358.0,16864714.0,Leghari Irfan,1.0
74765.0,23682362.0,SaFeHe,1.0
74848.0,29151682.0,fiatmoney,1.0
74335.0,27546299.0,Jun,1.0
71389.0,28499426.0,sadiq umar,1.0
32594.0,17483314.0,Meriem Slimani,1.0
63290.0,26293500.0,SuperFluo,1.0
74570.0,16926468.0,new2java,1.0
79961.0,22073536.0,mmv_87,1.0
74107.0,14530464.0,Dimits,1.0
48319.0,8336652.0,J Houseman,1.0
61903.0,26393068.0,Arnav Mehta,1.0
62325.0,24927959.0,Durgesh,1.0
91894.0,39989941.0,Chty_syq,1.0
79167.0,356056.0,Bakul Brahmbhatt,1.0
81595.0,29749578.0,Blato,1.0
76308.0,18069827.0,Purusharth Malik,1.0
43189.0,20270724.0,Mona,1.0
75868.0,23390714.0,GPra,1.0
75869.0,27769314.0,stkmnd,1.0
79758.0,18472305.0,MAIKAO,1.0
79530.0,16942865.0,dragonforce,1.0
79868.0,30439712.0,Rohit,1.0
75505.0,29294271.0,Indika Alahapperuma,1.0
75389.0,29266567.0,Legendary,1.0
81754.0,7695891.0,akanai,1.0
87471.0,35968565.0,Prompt Engineer,1.0
77134.0,638899.0,Andy,1.0
76804.0,24986931.0,chrzanowski,1.0
48002.0,20719442.0,K_197,1.0
53091.0,23212615.0,Arjun Verma,1.0
77381.0,23089124.0,Larsen,1.0
81675.0,30744100.0,Ararat Saribekyan,1.0
76603.0,28759986.0,Wissem Boujlida,1.0
11536.0,12481333.0,ReeceMed,1.0
73000.0,23497849.0,speedhawk1,1.0
62954.0,26803453.0,Gian Piero Anselmi,1.0
76525.0,18024797.0,ArGenya,1.0
83509.0,20602371.0,Avinier Nakamoto,1.0
46014.0,10775428.0,rdpdo,1.0
60973.0,23922818.0,DavidK,1.0
54466.0,25074173.0,Escanor6,1.0
56803.0,24164852.0,Alexey Kornaev,1.0
54383.0,9906763.0,numiri,1.0
46699.0,21229622.0,carlo__,1.0
102652.0,28793795.0,Sattyam Jain,1.0
93224.0,41128740.0,user471585,1.0
81955.0,29491287.0,bz2000,1.0
79452.0,29908132.0,isostar,1.0
79504.0,14494056.0,Ahmed Mokhtar,1.0
79516.0,27214713.0,ddk,1.0
74937.0,27990876.0,raywib,1.0
48819.0,22233261.0,Rajat,1.0
77748.0,17936604.0,Singh,1.0
77271.0,29029567.0,Raghul Azhagaiah,1.0
77340.0,22962811.0,GABRIEL ÁNGEL CANALS SALLERAS,1.0
75960.0,6329793.0,Kholdarbekov,1.0
82183.0,23888641.0,schmixi,1.0
78567.0,30074970.0,E Heilner,1.0
89198.0,4162223.0,Xenophage,1.0
73733.0,8116139.0,Rostislav Persion,1.0
28043.0,15720301.0,Blimp,1.0
65104.0,27262540.0,Kaden McKeen,1.0
80092.0,29135900.0,yo wa,1.0
51996.0,15853594.0,satya,1.0
79405.0,30304694.0,Roger Smith,1.0
78189.0,9648291.0,Dudelstrom,1.0
78006.0,24667418.0,Cy Rine,1.0
69086.0,15966151.0,Scott Auchmoody,1.0
57139.0,24010813.0,LinkToPhD,1.0
82028.0,8772912.0,you_know_who,1.0
77901.0,29870164.0,CloudZero,1.0
78016.0,29904444.0,myriamkach,1.0
23120.0,15514857.0,aiguy123,1.0
100955.0,23230508.0,Subhadeep Sasmal,1.0
101005.0,21490022.0,danlee,1.0
101045.0,19597294.0,Eric,1.0
101097.0,19065721.0,RF2,1.0
101124.0,46007224.0,GardenPots,1.0
101138.0,27501758.0,Jenna,1.0
98068.0,40323368.0,Leroy Patrick,1.0
101217.0,46068169.0,Aashishkumar,1.0
41414.0,18221996.0,Niranjan Kumar,1.0
2661.0,9279100.0,John,1.0
63121.0,23645127.0,Betcha,1.0
-1.0,-1.0,Community,1.0
101921.0,46571211.0,user33882,1.0
51059.0,21130405.0,hambam,1.0
85965.0,16059683.0,Yanall Boutros,3.0
72267.0,28587404.0,AdrienF,3.0
42284.0,10894931.0,John Jones,3.0
48840.0,22310999.0,grapeorange,3.0
74592.0,28144117.0,QH.Chu,3.0
73821.0,23180887.0,ndycuong,3.0
76199.0,19974394.0,Rasai Stewart,3.0
66824.0,20869130.0,Axo,3.0
59070.0,5655057.0,Nibras Reeza,3.0
58022.0,10600949.0,Batoul Diab,3.0
85658.0,27096546.0,Kerem,3.0
82729.0,28601660.0,user1181399,3.0
59879.0,22628136.0,Igor Michetti,3.0
60648.0,22356599.0,jjnounde,3.0
82209.0,12840129.0,Daniel goldney,3.0
41181.0,6366350.0,Re-coder08,3.0
60672.0,16213013.0,Pam Cesar,3.0
61270.0,15889206.0,2 False,3.0
55266.0,13412452.0,Dragoș Constantin,3.0
61691.0,19951331.0,denvr,3.0
53500.0,16190093.0,Fred Friendly,3.0
72143.0,25373775.0,Kekai,3.0
61595.0,20209473.0,Engr. Moiz Ahmad,3.0
61607.0,24246455.0,Cole Tritch,3.0
75635.0,29320331.0,mrang,3.0
51945.0,19140956.0,wit,3.0
73485.0,7323606.0,Necrotos,3.0
73883.0,5212782.0,Alex Totheroh,3.0
50839.0,23253451.0,Taqi Ahmed,3.0
67663.0,26255747.0,XYJ,3.0
56530.0,17723512.0,horsti,3.0
83638.0,29248671.0,Harshal Malani,3.0
41783.0,13788350.0,CapJS,3.0
98012.0,18336503.0,Iman ghader,3.0
50512.0,14524558.0,Vinícius Araújo,3.0
87153.0,1389719.0,Whicked Hayo,3.0
48551.0,9854426.0,Bill Cui,3.0
38316.0,16045107.0,SirPVP,3.0
56405.0,13991112.0,Subrat Prasad,3.0
63281.0,25152493.0,JayTicku,3.0
63727.0,25325107.0,Brian Przezdziecki,3.0
63736.0,20826255.0,FineFynmen,3.0
75211.0,14999206.0,Jo Sky,3.0
48902.0,22330087.0,user48902,3.0
52464.0,15738416.0,jake_prentice,3.0
98651.0,44756711.0,Rubén Sales Castellar,3.0
64108.0,22147263.0,M Zaid,3.0
64350.0,20055632.0,IMAPOTATO,3.0
64577.0,12034540.0,maxutil,3.0
65423.0,16891064.0,kali_xyyali,3.0
49422.0,17084487.0,qvuer7,3.0
38172.0,16563080.0,Alankar Shukla,3.0
65269.0,25971589.0,Tensor,3.0
65360.0,24644462.0,Aisha Nasir,3.0
101435.0,36325182.0,Ahmed,3.0
44021.0,20439373.0,James Urian,3.0
77957.0,26833114.0,Zuba Tupaki,3.0
65827.0,26811640.0,Nebula,3.0
66101.0,20980121.0,Nikita,3.0
55472.0,25528299.0,dremming,3.0
54766.0,6755601.0,Roman,3.0
37880.0,16098097.0,Zahra,3.0
46328.0,21286944.0,user46328,3.0
37974.0,11985970.0,Ugohihi,3.0
38008.0,7526532.0,Gooday2die,3.0
49132.0,16090547.0,m031n,3.0
67826.0,20130372.0,Alpy,3.0
67833.0,20328305.0,ndeily,3.0
38651.0,6838849.0,kapuetze,3.0
46358.0,18658438.0,Serena Raju,3.0
47610.0,7849215.0,ToAskOrNotToAsk,3.0
46753.0,9253506.0,Ngoc Bui,3.0
54579.0,25175890.0,FIRE KhaN,3.0
93598.0,29727490.0,Aliaksei Badnarchuk,3.0
40821.0,15306831.0,justanotheruser,3.0
55993.0,25665373.0,Gaby,3.0
62215.0,17966143.0,rtnF14,3.0
56147.0,13461630.0,Andy Yermakov,3.0
69095.0,27956669.0,Geoffrey Williams,3.0
53766.0,16698510.0,Ryan,3.0
82555.0,31729494.0,John Pinto,3.0
49669.0,22048042.0,someone324443,3.0
81856.0,29037134.0,michael-c-michael,3.0
47379.0,19845944.0,reimama,3.0
47280.0,10919845.0,Tyrion ,3.0
86778.0,35495432.0,Leandro,3.0
45163.0,16971800.0,Fahd Zaghdoudi,3.0
40115.0,19235190.0,polemical,3.0
64172.0,7162716.0,a__ys,3.0
56296.0,25680846.0,albert,3.0
85254.0,28010217.0,Ian Aragão,3.0
76545.0,29540753.0,Ahmed Gamal,3.0
9857.0,9075038.0,syam,3.0
4986.0,9680184.0,AdmiralAckbar1,3.0
79606.0,30364321.0,Klembajnsztajn,3.0
43822.0,19927956.0,ColinGuolin,3.0
54135.0,10692308.0,MDescamps,3.0
45253.0,2090327.0,Boris Brodski,3.0
80251.0,30581259.0,Ashraf,3.0
66160.0,23183373.0,kobo,3.0
52282.0,23981525.0,joelee,3.0
93242.0,25858753.0,Anuttar,3.0
45464.0,20404434.0,TheGame,3.0
71373.0,15239966.0,Mouad,3.0
53812.0,19072169.0,Allen Ye,3.0
53180.0,12072253.0,sbk,3.0
45477.0,20974204.0,Poyita de troya,3.0
45508.0,6758641.0,Roy Varon,3.0
17205.0,1251178.0,Oliver Friedmann,3.0
75965.0,29328836.0,tbo812,3.0
76188.0,29448823.0,Seo,3.0
83373.0,17278379.0,isg75,3.0
70540.0,13060207.0,sunfishstanford,3.0
45708.0,21063285.0,user45708,3.0
45701.0,14858633.0,nachofest,3.0
51239.0,23492496.0,Display name,3.0
85931.0,34538969.0,user172776,3.0
71678.0,14677627.0,willem12,3.0
57796.0,24574821.0,CodeExplorer23,3.0
71624.0,5904946.0,Z Bokaee,3.0
44610.0,19660909.0,passa kelly,3.0
95451.0,27064569.0,DanxAG,3.0
48743.0,22272787.0,Michael Lyons,3.0
48712.0,15156492.0,Mowgli,3.0
76322.0,28119327.0,Niharika Patil,3.0
75871.0,10035680.0,ImposterX1,3.0
46067.0,5199394.0,Arta Asadi,3.0
76619.0,24203125.0,zerunio,3.0
57638.0,26003507.0,Issa Mansour,3.0
72436.0,19605028.0,timu vlad,3.0
78386.0,25642662.0,Aliquis,5.0
66986.0,25181737.0,Maya Rahto,5.0
54588.0,25201648.0,Rowan Barua,5.0
56499.0,23238747.0,helpwithkeras,5.0
81656.0,20294049.0,Vitor Martins,5.0
82120.0,30203711.0,Da1sy petals,7.0
62121.0,26506298.0,Zal,7.0
82685.0,28791566.0,newbieCoder,9.0
93667.0,41524536.0,Highen Fintech,9.0
100671.0,45615563.0,Michael Netherland,9.0
92293.0,33600615.0,Master Chief,9.0
22244.0,14014407.0,KOSAR,9.0
11220.0,12383403.0,johnmarkson,9.0
90971.0,39177935.0,Amaury Menezes Pereira Filho,9.0
63657.0,26963159.0,Sadman,9.0
92911.0,40845431.0,Anshu Kumari,9.0
33606.0,3525624.0,user2946825,9.0
45681.0,21053913.0,Bobby Letendre,9.0
42011.0,19666068.0,Se1fie,9.0
51815.0,15746938.0,adrià espejo cubero,9.0
26049.0,16043942.0,jerry,9.0
20301.0,10014745.0,Preetham,9.0
6268.0,10548986.0,Cog,9.0
26576.0,15049271.0,kiran,9.0
22088.0,14925685.0,Sergio,9.0
14689.0,5416104.0,Hamid Mohammadi,9.0
22497.0,13985806.0,Vasudevan Visvanathan,9.0
46145.0,19100231.0,Shonix3373,9.0
95433.0,29947245.0,Kushagra Mishra,9.0
27480.0,15352998.0,Jerry B,9.0
99944.0,45017659.0,smita,9.0
20953.0,15010512.0,D.P.,9.0
59732.0,26178183.0,TomRiver,9.0
55644.0,25217362.0,R3sist,9.0
92296.0,29564599.0,Photos Nepal,9.0
2658.0,9278537.0,Vinh NPL,9.0
89689.0,37954484.0,Wenchuang Zhang,9.0
21012.0,15024861.0,Heraclitus II,9.0
23252.0,9130391.0,user23252,9.0
59201.0,24343406.0,ali,9.0
23300.0,2008770.0,user1797830,9.0
23544.0,15437134.0,Par,9.0
54449.0,25114423.0,JanHudec,9.0
53135.0,20967668.0,alexand88r,9.0
19962.0,14764162.0,younes,9.0
23643.0,11009552.0,Sabbir Hossain,9.0
66911.0,22484164.0,Michael Weber,9.0
63744.0,27001499.0,stack offer,9.0
79010.0,17048685.0,Hugh Mann,9.0
74850.0,966942.0,Steve Harding,9.0
74451.0,22650371.0,mainak mukherjee,9.0
55262.0,19009150.0,Rishidhar Kasam,9.0
30884.0,16613638.0,Mikul Rai,9.0
15649.0,12428800.0,NM08,9.0
101509.0,46285581.0,Ritu Singh,9.0
76486.0,19634233.0,akhil,9.0
45625.0,11712677.0,RacingPanda,11.0
83343.0,27107383.0,t4rf9,11.0
48006.0,21977080.0,Jose Maria Gutierrez,11.0
48003.0,5338946.0,Aramya,11.0
101174.0,46041445.0,zaire,11.0
74174.0,25244322.0,niklasdewally,11.0
78964.0,23231141.0,Koduko,11.0
55893.0,13611036.0,Mehdi Moghadasian,11.0
85897.0,31115537.0,anasse,11.0
50776.0,20031244.0,Zhenghao Peng,11.0
22621.0,9048212.0,Mikael Souza,11.0
83136.0,24268474.0,riley,11.0
57243.0,22127863.0,Dilith Jayakody,11.0
41726.0,19772733.0,Vel,11.0
28388.0,16620000.0,NoAnswer,11.0
33531.0,17280956.0,OmarAI,11.0
48938.0,14140163.0,Sami AlEsh,11.0
25555.0,10061536.0,Madthrax,11.0
36269.0,18356541.0,Muhammad Mukhtar,11.0
48528.0,15476039.0,Jo Olley,11.0
87044.0,32578123.0,Khushi Rani,11.0
46687.0,21451053.0,Zander,11.0
100360.0,9062591.0,TIMEX Peachtree,11.0
40801.0,19454663.0,Prabhav Arora,11.0
74439.0,28642561.0,hogger,11.0
74405.0,16728646.0,Theo Coombes,11.0
74353.0,13867680.0,Alex Breeze,11.0
74281.0,19949072.0,Xiong,11.0
73980.0,8822078.0,Jabby,11.0
63887.0,4002402.0,EmmaRenauld,11.0
36613.0,18447519.0,Rocko,11.0
86004.0,28920335.0,fischerj,11.0
82169.0,15966407.0,Samael,11.0
71972.0,21402118.0,jeb,11.0
55807.0,9559907.0,rahul bahadur,11.0
79934.0,8987712.0,Cristian García Romero,11.0
85686.0,6254287.0,0xi9249,11.0
16060.0,13464721.0,PrivateStatic,11.0
46634.0,21431364.0,Josi M.,11.0
46591.0,6247948.0,Aditya Abhiram,11.0
85804.0,34708471.0,Chaoshun Hu,11.0
98569.0,19863066.0,mafe,11.0
98529.0,29324214.0,Bhaskar Singh,11.0
75275.0,28053583.0,akzytr,11.0
16919.0,9588299.0,Malay Haldar,11.0
75096.0,27748605.0,David,11.0
27540.0,7728292.0,Nikos H.,11.0
68074.0,14525196.0,Warpig,11.0
99927.0,6348050.0,Frank The Tank,11.0
46981.0,11181079.0,Asa Ya,11.0
41621.0,15926308.0,user11491860,11.0
51590.0,23669037.0,cactusresistance,11.0
40731.0,19428448.0,Jey ,11.0
77611.0,29791779.0,Zhifeng Jiang,11.0
35752.0,7570318.0,Quan Le,11.0
92192.0,15829624.0,brzig,11.0
50672.0,18090794.0,Okechukwu Ezekiel,11.0
56413.0,8917422.0,Eduardo Pignatelli,11.0
73994.0,25792554.0,jgeddes,11.0
73973.0,27915274.0,qazaq,11.0
74207.0,11903113.0,StashOfCode,11.0
97717.0,15749103.0,ClusterKV,11.0
46314.0,21282454.0,SmarArror,11.0
49010.0,5495434.0,beelze-b,11.0
16908.0,13971272.0,Jens Overby,11.0
86436.0,10292563.0,renderbender,11.0
46199.0,20976795.0,Rahim Brahimi,11.0
46213.0,21223631.0,Miguel21R,11.0
49736.0,22725394.0,aimonk,11.0
48940.0,22254371.0,Maxime Renault,11.0
99998.0,15305682.0,hanf_lolo,11.0
57236.0,23464715.0,Chris,11.0
75626.0,27682027.0,CES,11.0
96832.0,22326882.0,ChippyTech,11.0
49134.0,19841772.0,Dom DJ,11.0
53196.0,19591898.0,Eddie C,11.0
14503.0,5780430.0,Alexis,11.0
73704.0,23212568.0,Hou Wan,11.0
46574.0,20859676.0,Alexander Yukhimchuk,11.0
19458.0,13116318.0,Rafik,11.0
60727.0,6727980.0,hosh0425,11.0
87425.0,7491237.0,Joe,11.0
87233.0,27298094.0,Chiatung Liang,11.0
87222.0,117846.0,Petertje,11.0
87186.0,18796954.0,avidcoder,11.0
15337.0,7776323.0,Cat,11.0
84819.0,34045187.0,ereisr,11.0
52077.0,7037426.0,Ed Park,11.0
62399.0,26661498.0,chs,11.0
36276.0,18356750.0,Shindy Trimaria Laxmi,11.0
2277.0,9153421.0,Lawnmower Man,11.0
2166.0,8994867.0,Salt and Purple,11.0
79815.0,30421972.0,Ivy Cao,11.0
46059.0,20112364.0,Sam,11.0
46057.0,8138805.0,David Weinblumer,11.0
5556.0,10235779.0,user415738,11.0
89916.0,27904783.0,IT user,11.0
84318.0,19936022.0,Tyler Curtis Jowers,11.0
73166.0,17968198.0,Mike Levi,11.0
29622.0,16678034.0,user29622,11.0
53606.0,15295282.0,selin,11.0
40545.0,19365130.0,Very AI ,11.0
22956.0,15475004.0,Sanad,11.0
22590.0,15390892.0,ambi Caceres,11.0
81724.0,30769068.0,haha_kimi,11.0
46084.0,19845011.0,Jonathan Sands,11.0
44829.0,8209264.0,panda_the_great,11.0
46102.0,6207894.0,flomax,11.0
37773.0,18814356.0,Jayanthan Ramesh Vellore,11.0
36319.0,18358509.0,Rosfia Rani,11.0
40856.0,18208844.0,Ajey,11.0
40840.0,10526738.0,Beth ,11.0
53021.0,10013736.0,The Ace,11.0
101518.0,35390754.0,Jan Klein,11.0
23002.0,12452831.0,HASSAN SOLTAN,11.0
5809.0,9246235.0,Rishi Raj,11.0
80082.0,21430090.0,JohnT,11.0
80001.0,22302712.0,thsolyt,11.0
34324.0,15528452.0,user q,11.0
72600.0,28738944.0,TomT800,11.0
55476.0,18319333.0,Amey Varhade,11.0
46002.0,7112338.0,Userr2232,11.0
30219.0,16838378.0,Ted Dunham,11.0
72545.0,28727193.0,dport,11.0
72483.0,28712239.0,Lampent96,11.0
28346.0,16588613.0,Hassan,11.0
47032.0,16346868.0,olukatorzu,11.0
72949.0,28802793.0,Kenezzu Len,11.0
48504.0,18148133.0,Ifeanyi Obinelo,11.0
26410.0,15942857.0,justStarting,11.0
26406.0,16055197.0,Ramon Dettmer,11.0
62640.0,8386976.0,Nathan,11.0
75756.0,8032362.0,probably45,11.0
75713.0,29248074.0,Cabbage,11.0
36285.0,18357070.0,Muhammad Fadhil Ihsan,11.0
36262.0,18356338.0,Naqliya Arum Permata,11.0
26296.0,16098387.0,harold_sincere,11.0
37427.0,5277857.0,DueSouth,11.0
87698.0,31445268.0,MstfLux,11.0
97008.0,43297109.0,Mohamed Badis Kerdellou,11.0
54381.0,13412216.0,Drilon Aliu,11.0
18283.0,13314160.0,jonathan eslava,11.0
63556.0,22239490.0,ufg,11.0
4017.0,3383800.0,Scragglez,11.0
26122.0,14543524.0,Qivi,11.0
76360.0,29493577.0,tomsasani,11.0
36255.0,18356201.0,Yoga Ajitama,11.0
47314.0,13649560.0,Prapon,11.0
30489.0,3616957.0,regstuff,11.0
71571.0,3387520.0,aaa,11.0
72047.0,22060032.0,lemond_2021,11.0
30329.0,16802830.0,hakver29,11.0
30739.0,16679297.0,Ayan Chowdhury,11.0
45863.0,17528081.0,Galois,11.0
85356.0,27563176.0,shang,11.0
80112.0,30518434.0,Voyager,11.0
19536.0,2272095.0,Vikrant Karale,11.0
71530.0,22119351.0,Ryannnnnnnn,11.0
69807.0,22440396.0,ArtemJDS,11.0
83485.0,29825152.0,HariSeldon,11.0
83448.0,20610421.0,ihatejetsons,11.0
12141.0,12695272.0,Jan Kubát,11.0
69431.0,28050565.0,Gabriel Miranda,11.0
47105.0,21612345.0,Kue Satu,11.0
46872.0,18666483.0,madhavi,11.0
76156.0,13299654.0,T-Dog,11.0
76543.0,29545267.0,waylone,11.0
76496.0,29529829.0,TicTacToemat,11.0
77513.0,25544400.0,M SA,11.0
42234.0,6707634.0,Inaam Ilahi,11.0
71366.0,27653522.0,Arthur Gere,11.0
63984.0,23001869.0,Naman Rajput,11.0
63840.0,27032795.0,Banarasi Vaibhav,11.0
9180.0,6130750.0,Ezekiel Chen,11.0
45572.0,20755745.0,Jacksss,11.0
74169.0,29033023.0,leodeng,11.0
92885.0,35791267.0,Erebius,11.0
96669.0,43112917.0,user1666769,11.0
96658.0,15979031.0,Pythona,11.0
71171.0,27930536.0,Gustavo,11.0
53779.0,24650293.0,David Braun,11.0
53751.0,13610228.0,zstr,11.0
53729.0,23350364.0,Lambda,11.0
50817.0,19216570.0,Saurav Pandey,11.0
78592.0,11485756.0,selachianhandler,11.0
45410.0,2886933.0,Anthony Womack,11.0
88719.0,14728782.0,ndieck,11.0
29795.0,13717498.0,Paul,11.0
26341.0,16108687.0,dthuff,11.0
30971.0,17012650.0,Jordy,11.0
66521.0,16178019.0,zerosum,11.0
95894.0,19374799.0,Dayan Perera,11.0
28590.0,9985245.0,Kiko,11.0
52262.0,22911814.0,Văn Quyền Nguyễn,11.0
25333.0,13318410.0,victcdva,11.0
52971.0,24333133.0,Guy,11.0
11651.0,6391879.0,vasurb,11.0
21812.0,12455652.0,ganLover,11.0
70493.0,28276652.0,Đạt Trần,11.0
80270.0,30588496.0,racdev,11.0
80260.0,10373276.0,J. Bringas,11.0
80245.0,11395562.0,user8354084,11.0
80232.0,30575611.0,agpsuai,11.0
27936.0,16502855.0,Bhavya Shah,11.0
48240.0,15683415.0,himiro,11.0
54074.0,19986730.0,pbartkow,11.0
40262.0,4180515.0,Bala u1,11.0
31376.0,8671008.0,hechth,11.0
70686.0,19257261.0,randomuser228,11.0
70636.0,26375446.0,922073,11.0
70633.0,28304072.0,Claudia P,11.0
40157.0,19249280.0,Dylan Hadfield-Menell,11.0
7022.0,8447855.0,vishal Naik,11.0
70625.0,20998655.0,Samuel R,11.0
35609.0,18103262.0,Sticks,11.0
38775.0,9045442.0,Wong,11.0
25702.0,14424295.0,Mitrimo,11.0
62284.0,15969511.0,RolandSt,11.0
85440.0,34032854.0,L Z,11.0
100364.0,43608113.0,Melvin Mutai,11.0
98696.0,44498955.0,Semifront TEchnologies,11.0
76583.0,29547731.0,MagiTech,11.0
54009.0,15719329.0,Santiago Gonzalez Silot,11.0
56940.0,25738580.0,JosephMcDonnell,11.0
98116.0,44342845.0,Hào Võ,11.0
22450.0,6651657.0,avio11,11.0
45016.0,20818430.0,deviant_sci,11.0
48101.0,18750245.0,9191,11.0
68725.0,11496834.0,LearnerAL,11.0
22010.0,13114109.0,embi,11.0
85362.0,34402757.0,Егор Андреевич Малютин,11.0
69999.0,8742093.0,delucca,11.0
69945.0,23297014.0,Tianchen Zheng,11.0
69936.0,28151030.0,Benjamin Jebb,11.0
68688.0,17474739.0,Zelreedy,11.0
69924.0,20766649.0,Hans Mustermann,11.0
69920.0,28147715.0,Tompwls,11.0
79764.0,30406605.0,Erden E,11.0
49578.0,22641102.0,pat,11.0
95461.0,29621781.0,Harsha Anand,11.0
95425.0,9945958.0,Tony Emmerton,11.0
31430.0,82416.0,Jim Hansson,11.0
36253.0,18356175.0,Almas Bani Agam,11.0
36241.0,18355757.0,Shinta Cyntia,11.0
31628.0,17181980.0,mr_easy_hard,11.0
69808.0,27815015.0,wtknow,11.0
69788.0,19373276.0,Vera Leighton ,11.0
52143.0,5990742.0,couturierc,11.0
41127.0,13592388.0,Arman,11.0
45170.0,3849186.0,trail99,11.0
40114.0,19234734.0,Jacob Hreha - NOAA Affiliate,11.0
90779.0,4986120.0,Maze,11.0
77920.0,2399782.0,Sam Marvasti,11.0
15267.0,12801906.0,S Datta,11.0
45102.0,12859743.0,francesco,11.0
82954.0,30195587.0,R S,11.0
57420.0,3581317.0,IndefiniteBen,11.0
95570.0,30099666.0,mjchaker,11.0
47383.0,15005386.0,Tim D,11.0
86849.0,35521765.0,Gargi Bindal,11.0
52764.0,11713695.0,GuidoLaremi,11.0
67821.0,20660517.0,rmfk,11.0
49704.0,14601491.0,jazz,11.0
40884.0,14371254.0,LMD,11.0
31897.0,9443328.0,blue_beetle,11.0
68435.0,27841387.0,user68435,11.0
31516.0,8624704.0,Amy,11.0
54746.0,24670361.0,Iris88,11.0
53859.0,11874387.0,Thomas Cabaret,11.0
44954.0,15618377.0,FalseSemiColon,11.0
36213.0,18343679.0,Shalabh Gupta,11.0
29906.0,14442154.0,David Nguyen,11.0
40272.0,16753228.0,Lester Dela Cruz,11.0
81396.0,10915023.0,Gene,11.0
40304.0,17060179.0,Saily_Shah,11.0
84958.0,34147255.0,rowor,11.0
84676.0,16754414.0,JC Chen,11.0
44759.0,8937954.0,Miroslav,11.0
32123.0,17322832.0,bucklera,11.0
32073.0,16887374.0,XYTMR,11.0
32036.0,17293900.0,Steve,11.0
2272.0,9152552.0,AmI,11.0
6892.0,10785794.0,Sergio,11.0
31959.0,17271389.0,Dileep Mittapalli,11.0
31165.0,10174514.0,histrionics,11.0
61128.0,17025042.0,AAT,11.0
45065.0,16525530.0,Baran Aldemir,11.0
15711.0,13597363.0,RSQ,11.0
54896.0,10842233.0,ThreeOrangeOneRed,11.0
52084.0,23886196.0,user52084,11.0
77078.0,22056679.0,GEORGE THOMAS,11.0
44899.0,19974139.0,Kris,11.0
44825.0,948343.0,heron1000,11.0
32159.0,3492001.0,ort23,11.0
83144.0,22785689.0,Barışcan Kurtkaya,11.0
68118.0,27778019.0,Excited Box,11.0
90051.0,30496003.0,AStudent,11.0
34022.0,1395279.0,Giovanni,11.0
21352.0,12238524.0,being_aerys,11.0
95412.0,42136954.0,Goutham,11.0
94319.0,22071067.0,Zaftrox,11.0
93917.0,30719744.0,boobooplucker5,11.0
45031.0,19524041.0,nahid,11.0
32203.0,17351335.0,user32203,11.0
47264.0,16917089.0,Samuel Lopez,11.0
30829.0,16977507.0,Eesa,11.0
25129.0,13778781.0,Jack Wang,11.0
44815.0,18765515.0,JackoJackie,11.0
44801.0,16206208.0,Suraj Joshi,11.0
76795.0,10739175.0,recimo,11.0
23494.0,15613690.0,Tony Ho,11.0
21397.0,15116550.0,Owais Ahmed,11.0
72358.0,6469839.0,Ramadhan Arif Hardijansyah,11.0
76738.0,24455448.0,Tony Karlsson,11.0
76692.0,14720481.0,PenguinHook,11.0
55230.0,2861328.0,Giorgio,11.0
46679.0,2355690.0,prerakmody,11.0
44327.0,9648473.0,shyam vishnu,11.0
32378.0,15183504.0,Akash Tadwai,11.0
32369.0,17402914.0,Chen Sun,11.0
32320.0,17390098.0,user32320,11.0
32297.0,14929366.0,manv,11.0
66629.0,10052458.0,David,11.0
46384.0,19886135.0,Francesco Pagani,11.0
33742.0,17823838.0,Mario Versluys,11.0
23717.0,5653803.0,AntonYellow,11.0
31458.0,13829704.0,shuiske,11.0
38926.0,19176285.0,abc,11.0
38908.0,19169746.0,ans_ak,11.0
38899.0,19168572.0,gauzah,11.0
31184.0,17075628.0,Manish Nath Choudhary AI,11.0
88289.0,36731106.0,Ccile Clovereign P,11.0
49776.0,22745028.0,smanem,11.0
25789.0,7411949.0,josmaf,11.0
93709.0,23303674.0,Soon Princeton,11.0
93795.0,29398341.0,Enceladus,11.0
93333.0,30511184.0,Stan,11.0
93557.0,41433980.0,FaceSwapAI,11.0
68285.0,16016562.0,Juan Hirschmann,11.0
44587.0,19512217.0,kpopgirl,11.0
88723.0,29421302.0,Harry,11.0
88592.0,11900808.0,Mare Maneski,11.0
76761.0,29592308.0,Betnem,11.0
49870.0,8110175.0,Shuai Xu,11.0
46811.0,14476466.0,fetulhak abdurahman,11.0
26447.0,16137899.0,Oscar,11.0
68094.0,27771802.0,ali batur karakullukcu,11.0
68059.0,27763648.0,Sowrabh meduri,11.0
32439.0,4615186.0,user3741952,11.0
32401.0,12470988.0,Jakey,11.0
44245.0,5682872.0,NicoFish,11.0
51947.0,21549427.0,JollyOwl,11.0
51950.0,14482671.0,Mahmoud Kanbar,11.0
52552.0,21025160.0,Ludwig Stumpp,11.0
40833.0,16254622.0,John Haddadian,11.0
40467.0,18754611.0,Z.E.,11.0
54555.0,23090609.0,sockthehawk107,11.0
54549.0,15315363.0,zenga,11.0
38864.0,18845588.0,Higo Felipe Silva Pires,11.0
2935.0,2831658.0,Yssybyl,11.0
37204.0,2863068.0,Eddie Rowe,11.0
47715.0,21858414.0,Arthur Song,11.0
47704.0,6361854.0,Cactuser,11.0
43988.0,20505884.0,kid,11.0
46435.0,4615941.0,cppRohit,11.0
48309.0,22106230.0,Thrusticy,11.0
5260.0,6677696.0,Rahul,11.0
18885.0,13069841.0,Choirin Nisa,11.0
76835.0,29609199.0,Don Going,11.0
44566.0,20608571.0,Moonper,11.0
44510.0,19340830.0,mak,11.0
83788.0,7919967.0,Radek,11.0
84409.0,18547394.0,MateusAguiar,11.0
25606.0,15927881.0,johnhelt,11.0
67944.0,11973828.0,Apples14,11.0
45187.0,20868642.0,Delirious Monad,11.0
67910.0,5229196.0,Hadar Shavit,11.0
67768.0,18156218.0,Derek,11.0
89698.0,37960538.0,Kat27,11.0
20594.0,14923512.0,Magna,11.0
51744.0,23732803.0,Sebastian,11.0
67405.0,27631177.0,Paulo Rodrigues,11.0
67370.0,27624839.0,Axde,11.0
64574.0,19567500.0,Bharathwajan,11.0
67639.0,5515596.0,Alexandru Pietroiu,11.0
58359.0,5518723.0,Tarvoc,11.0
42281.0,6947291.0,Thomas,11.0
7776.0,2346066.0,Carlos Pérez Lara,11.0
80200.0,20796593.0,Deyan,11.0
44379.0,10541893.0,johannesha,11.0
44580.0,20553313.0,Cloud Huang,11.0
50155.0,17901410.0,ZhenKai,11.0
32806.0,17546216.0,sam,11.0
25382.0,9579892.0,skant,11.0
72757.0,12863860.0,One Bad Student,11.0
73940.0,26974451.0,MathAccount12,11.0
81573.0,1900149.0,povlhp,11.0
89529.0,29855316.0,Paucodeici,11.0
72780.0,28777089.0,lukabloomrox,11.0
79848.0,29037541.0,eop3,11.0
50031.0,3925093.0,Sigfrid Stjärnholm,11.0
50178.0,9953696.0,DanDan,11.0
75444.0,18250267.0,WINTERSDORFF Raphael,11.0
61901.0,25578809.0,Forest Liu,11.0
77145.0,10288393.0,Ryan Marr,11.0
74465.0,20019973.0,Anonymous Atom,11.0
2434.0,8393564.0,The Law,11.0
89010.0,14452015.0,M.C. Escher,11.0
72983.0,27422155.0,Nathaldien,11.0
38886.0,11744955.0,Luan Cézari,11.0
22581.0,1182296.0,Subhendu,11.0
61544.0,18081714.0,sicheng mao,11.0
38894.0,13046754.0,KningTG,11.0
54820.0,25295773.0,Philori,11.0
33022.0,3204038.0,New Developer,11.0
75821.0,29359523.0,Ted Ferguson,11.0
44369.0,20626570.0,codinggirl123,11.0
50252.0,4538554.0,Uchiha Madara,11.0
9068.0,10637744.0,Jose Miguel Cruz y Celis,11.0
68437.0,19579766.0,Abdelhadi Abdelhadi,11.0
23455.0,14972527.0,SellaDev,11.0
54483.0,1697181.0,Sigmund,11.0
33881.0,17868443.0,David Edgar,11.0
69452.0,13555708.0,Prabal Devkota,11.0
65969.0,27392011.0,Garfield,11.0
40535.0,19362628.0,toben aus,11.0
66458.0,27468108.0,Patrick G Patrick,11.0
62488.0,26683223.0,rac.coon,11.0
67141.0,26571672.0,JGM,11.0
66783.0,27503532.0,Ryley Keegan,11.0
66851.0,8367458.0,Jack Ding,11.0
50089.0,21586230.0,scho,11.0
33477.0,17743628.0,roy-bankesh,11.0
33413.0,15774114.0,Varun Maheshwari,11.0
81774.0,30547178.0,user18959,11.0
33283.0,17689254.0,CPen,11.0
33323.0,11363071.0,MMpaul,11.0
33293.0,17687571.0,cyberface,11.0
67107.0,21288588.0,Liisjak,11.0
12950.0,11733731.0,M_Dragon,11.0
33001.0,17605983.0,Yuliia,11.0
79204.0,22134406.0,user16385455,11.0
58826.0,26072345.0,Bapcap,11.0
86512.0,28641234.0,Gopal Kaushik,11.0
30869.0,1243824.0,Gary Bake,11.0
47561.0,19000020.0,Chris Oosthuizen,11.0
33121.0,17649126.0,user33121,11.0
100601.0,43855134.0,KIARA KULDEEP DESAI _,11.0
25207.0,15822463.0,tomoke,11.0
76551.0,29546700.0,Bigyan Suryabanshee,11.0
83282.0,23806602.0,marcocamilo,11.0
83251.0,42175.0,Thomas Browne,11.0
83240.0,21473857.0,vct12345,11.0
93121.0,41024898.0,Nguyễn Hoàng Hà,11.0
93116.0,31088688.0,Harshwardhan Fartale,11.0
90711.0,38923254.0,Benjamin Carter,11.0
38475.0,4722071.0,user301845,11.0
88804.0,28964351.0,adithya,11.0
91913.0,10657430.0,MARJAN KHAN,11.0
44251.0,10983332.0,LostAtlas,11.0
44156.0,9889643.0,Hirek Kubica,11.0
91177.0,39347927.0,Linc,11.0
41915.0,18494291.0,NewToCoding,11.0
43417.0,20341414.0,Scott Kirila,11.0
54646.0,25226398.0,Learningallday,11.0
54638.0,25224330.0,Allie,11.0
53359.0,4931358.0,Leosa99 _,11.0
41286.0,13778835.0,Darshan,11.0
51647.0,293692.0,Notopic,11.0
66604.0,27483408.0,Gianmarco Ciarfaglia,11.0
93133.0,34500683.0,Magic,11.0
54815.0,13811353.0,skumaravel,11.0
33559.0,17772228.0,ekjrhebrhje,11.0
33556.0,14954829.0,mwbrulhardt,11.0
33547.0,17766740.0,somu27,11.0
11819.0,9891448.0,divcygnet,11.0
65081.0,5740230.0,Osmosis D. Jones,11.0
65093.0,27261327.0,han,11.0
78945.0,23226867.0,Pedro Carvalho,11.0
101695.0,2315944.0,robhogg,11.0
40561.0,12176213.0,Gibbo0789,11.0
41131.0,19565573.0,Tony Reis,11.0
41076.0,19547836.0,Nguyen Trieu,11.0
36305.0,18357671.0,Raden Katon Anugroho,11.0
44015.0,20505430.0,Oli Smith,11.0
41672.0,14299026.0,ghost,11.0
84365.0,32630000.0,Snak,11.0
8527.0,9766736.0,Adam,11.0
8309.0,11231710.0,Mahmoud Almostafa RABBAH,11.0
49485.0,11638605.0,CptK,11.0
49443.0,22568766.0,user49443,11.0
64705.0,27220574.0,mombash,11.0
62029.0,15153873.0,Bouarfa Mahi,11.0
63955.0,25856324.0,Mahdi Hosseini,11.0
33665.0,17800774.0,user33665,11.0
33632.0,17294432.0,user86838,11.0
33622.0,17789258.0,Hypno,11.0
33739.0,15927314.0,all_alone,11.0
33681.0,17804875.0,user33681,11.0
85710.0,14844004.0,ju2ez,11.0
88438.0,15765096.0,ILikeMusic,11.0
20759.0,4015975.0,ejuliobatista,11.0
46670.0,21444068.0,shikhar97gupta,11.0
50301.0,23011407.0,Avishek Sinha Roy,11.0
44028.0,20519724.0,bobby brown,11.0
43977.0,6265052.0,vega,11.0
20336.0,12035662.0,PlayerUnknown_12,11.0
43912.0,9124145.0,Cat-with-a-pipe,11.0
88878.0,5881363.0,jjschmiel,11.0
50428.0,23075540.0,Dinash .R.R,11.0
49508.0,22604276.0,General Guest,11.0
27617.0,15437852.0,Louis Lv,11.0
33791.0,17816117.0,Daan hiemstra,11.0
33779.0,7861415.0,pSYoniK,11.0
5109.0,10136254.0,user5109,11.0
40672.0,19404913.0,Chiho,11.0
38673.0,11015236.0,EmVee,11.0
32153.0,9942658.0,NNMM,11.0
54463.0,23287733.0,Adrian Evensen,11.0
82898.0,24354917.0,gotgolp,11.0
82823.0,22588620.0,Rishi Sharma,11.0
53445.0,24575658.0,Gaetan Percebois,11.0
83627.0,32788071.0,Aditya Manjunatha,11.0
63953.0,12621023.0,LSM,11.0
38728.0,19115963.0,Kartheek Kumar,11.0
77728.0,29828798.0,Shekhar,11.0
41355.0,13779363.0,reza,11.0
3554.0,8227267.0,Bastian Blankenburg,11.0
41271.0,19612632.0,Fraser Gilbert,11.0
14897.0,8149064.0,Jamie M Zhang,11.0
31252.0,11994197.0,Lively,11.0
31411.0,7461305.0,Sergey Benkovitch,11.0
41183.0,13779209.0,Andrew,11.0
52729.0,24209084.0,xfed,11.0
83310.0,18535353.0,Bharati Challa,11.0
63555.0,6763419.0,M. Fire,11.0
45746.0,16377359.0,MohammadAli Zeraatkar,11.0
63649.0,5627149.0,aletelecomm,11.0
33272.0,17306587.0,avinashsen707,11.0
33872.0,17866293.0,apples_of_doom,11.0
18818.0,14491422.0,MikeB,11.0
36283.0,18357058.0,Akmal Iftikar,11.0
33862.0,17863375.0,Aze ,11.0
32892.0,4934132.0,Ahmed Salem,11.0
33841.0,17855208.0,dev924,11.0
25551.0,8728178.0,madpower2000,11.0
34086.0,13809564.0,dia,11.0
34158.0,15105917.0,Matt C,11.0
34050.0,17914899.0,Lil Stiffy,11.0
63484.0,15846478.0,SlimakSlimak,11.0
43784.0,13272381.0,ukasha sohail,11.0
19080.0,4928982.0,Nathan Margaglio,11.0
50323.0,11173363.0,BotsAgainstCaptchas,11.0
82229.0,18107690.0,ZappaBoy,11.0
43349.0,20050950.0,zuujhyt,11.0
33975.0,17872652.0,l c,11.0
63191.0,7963455.0,misakayu,11.0
63133.0,17402535.0,Jorge Gabriel,11.0
63096.0,18182158.0,vincen,11.0
63625.0,26192655.0,jahghAAB,11.0
51924.0,23806883.0,parradox,11.0
43870.0,15434538.0,Akhilesh Sharma,11.0
43579.0,18158024.0,artils1997,11.0
43712.0,20419027.0,deeplearningmaniac,11.0
43826.0,25046.0,Nir,11.0
43595.0,8248333.0,DonDrapper,11.0
44817.0,19461398.0,Moonstone5629,11.0
37899.0,5168325.0,daidew,11.0
75304.0,29244035.0,Buddha Dev Bhattacharjee,11.0
69165.0,26589211.0,theodre7,11.0
53461.0,6489823.0,andreas,11.0
54993.0,12981268.0,MalkonzoArruters,11.0
47390.0,21715830.0,Tibu,11.0
84529.0,27097621.0,vggrg,11.0
45015.0,6356380.0,Đặng Huy Hoàng,11.0
50496.0,9926487.0,steinum,11.0
50500.0,22372004.0,Scheuchzeri,11.0
50487.0,12803337.0,Steve,11.0
19325.0,13701766.0,111,11.0
71761.0,18543715.0,AI answered,11.0
26058.0,12587339.0,bewestphal,11.0
62778.0,20314745.0,Soprano,11.0
35661.0,18134433.0,Mac Nicol,11.0
66808.0,27507738.0,AlphaBit95,11.0
88946.0,25979828.0,wildBass,11.0
50004.0,5038486.0,Rohil Verma,11.0
49962.0,13470060.0,F.A.O.,11.0
40072.0,11350019.0,muralee_xo,11.0
86388.0,18533978.0,Negarina.c,11.0
47912.0,21912544.0,ravan,11.0
17229.0,9169726.0,narasimha m,11.0
90704.0,11833972.0,haallowwl,11.0
74149.0,11545044.0,program1232123,11.0
43887.0,20394646.0,raulfilipe127,11.0
51985.0,10930346.0,Wowee,11.0
38639.0,19087516.0,user38639,11.0
55118.0,5570490.0,fhm,11.0
55090.0,25398957.0,Marcos Almeida,11.0
51768.0,23743877.0,ML Dev,11.0
83620.0,32786263.0,Yash Nath,11.0
83339.0,28664390.0,yuki,11.0
89223.0,23384883.0,jonupp,11.0
89173.0,31535824.0,Oriol Feliu,11.0
35548.0,17947842.0,Nils Schulz,11.0
35700.0,14198193.0,AJ2796,11.0
35639.0,18081648.0,Jrpro,11.0
35611.0,18103907.0,kd369,11.0
81659.0,19873903.0,neuralode,11.0
35572.0,18089537.0,Sonia,11.0
35558.0,18084859.0,nanlp,11.0
54470.0,24631947.0,StarDust_08,11.0
62515.0,21021276.0,Mythic,11.0
53172.0,24441976.0,TJx,11.0
42489.0,19674087.0,nyomu,11.0
62327.0,9726799.0,John Meighan,11.0
85613.0,13164616.0,Biku,11.0
69375.0,26396073.0,yxz,11.0
76380.0,29498612.0,Ian Lahey,11.0
78413.0,27026099.0,Christian Armenteros,11.0
50785.0,23244756.0,freebird,11.0
33873.0,17685829.0,adam,11.0
89562.0,37826035.0,Amelia Davis,11.0
17833.0,14250296.0,CHEO FUSI,11.0
24110.0,15796083.0,Zhihao,11.0
15556.0,9966936.0,Pratik Barjatiya,11.0
32669.0,14655212.0,Barış Akın,11.0
35795.0,18057086.0,Lenman147,11.0
35799.0,18192947.0,MLGuy,11.0
62214.0,18627459.0,Sai Dinesh Pola,11.0
62196.0,9043520.0,AdvilPLZ,11.0
62354.0,6088559.0,a_razzaq,11.0
35748.0,14789338.0,Compute0283,11.0
36301.0,18357604.0,Adam Syahputra Arifin Hasibuan,11.0
12211.0,10337181.0,Amita Kapoor,11.0
10279.0,12038431.0,abc,11.0
21079.0,12448377.0,Sol7,11.0
83720.0,32850357.0,Aditya Mishra,11.0
83693.0,32831501.0,dstoddard,11.0
38392.0,9963832.0,Bala,11.0
38540.0,19054480.0,nil,11.0
38553.0,19056779.0,user38553,11.0
55178.0,20567178.0,Penn,11.0
55132.0,5758272.0,Nerver Corameiro,11.0
89317.0,36852325.0,Rick Fawley,11.0
83902.0,32982084.0,janek nowaczek,11.0
96807.0,13195045.0,bliu,11.0
92707.0,26776340.0,Humberto Angel Plata Duran,11.0
62104.0,1470876.0,rbmales,11.0
9226.0,11617001.0,styg,11.0
62081.0,26598392.0,SANJAY BHANDARI,11.0
61921.0,26545301.0,Anna,11.0
61993.0,26094010.0,kal1619,11.0
61961.0,26576658.0,S_Khan,11.0
9952.0,8063934.0,therobotgeek,11.0
89456.0,15053803.0,Liubove,11.0
36560.0,11604712.0,Metlam,11.0
78140.0,29943655.0,Devin Myers,11.0
78075.0,29921564.0,Jan Grzybek,11.0
78036.0,7695489.0,DataDoge,11.0
77977.0,28674717.0,Brayden Alexander Rudisill,11.0
36302.0,17214056.0,Abdullah Azzam,11.0
36275.0,18356703.0,Muhammad Faiq A.,11.0
41069.0,9029611.0,Vinicius Andrade,11.0
22209.0,15265971.0,Khaled,11.0
31882.0,13451886.0,Matthew Macfarlane,11.0
40095.0,10309123.0,Quentin,11.0
92113.0,11199408.0,semahaissa,11.0
49318.0,19838853.0,LeoT2020,11.0
46441.0,15601674.0,Hajar ,11.0
22439.0,8665604.0,Fleep,11.0
36069.0,18286306.0,Josh Selby,11.0
93066.0,33279106.0,Miles Churchland,11.0
56404.0,24049791.0,CoderMath,11.0
69041.0,2965556.0,user2518768,11.0
69037.0,21131622.0,Sophia,11.0
69135.0,5483791.0,Alex Nikitin,11.0
38445.0,16278910.0,rboz22,11.0
38430.0,16590987.0,JungYT,11.0
73481.0,18383682.0,David Santiago Morales Norato,11.0
51730.0,4294751.0,nekrald,11.0
42266.0,19968888.0,Vni Versvs,11.0
61571.0,11958094.0,Stuart Robertson,11.0
61567.0,12601115.0,user9163823,11.0
78222.0,7202590.0,Klavdiia Bochenina,11.0
3556.0,6066283.0,chad39,11.0
47110.0,10563511.0,Ahmed Mustafa,11.0
83782.0,12034466.0,ElPotac,11.0
49295.0,22488573.0,Astha,11.0
23789.0,382153.0,shg,11.0
89057.0,19536715.0,Marouane Ben-akka,11.0
62800.0,16582278.0,Noel Miller,11.0
23726.0,14812744.0,Invic18,11.0
77815.0,11602445.0,Jack123,11.0
77816.0,29850753.0,kathy,11.0
52557.0,24133734.0,Sevcenko,11.0
43388.0,18086706.0,Turhan Can Kargin,11.0
61090.0,16400125.0,Davaasuren Nyamdavaa,11.0
29817.0,3394665.0,Edson Filho,11.0
43980.0,20503950.0,Preetz,11.0
50933.0,21168832.0,Collo,11.0
50909.0,8844601.0,Daniele ,11.0
49588.0,22641727.0,Clara,11.0
49367.0,22501995.0,Manish Kumar Singh,11.0
34250.0,3753686.0,kkonevets,11.0
61359.0,22539109.0,Akash,11.0
42233.0,19953777.0,aiEnthusiast,11.0
38474.0,12267824.0,Moni Eb,11.0
51699.0,22094202.0,Tix00,11.0
48019.0,17516685.0,Aditya Prakash,11.0
92489.0,40221712.0,ASR,11.0
51813.0,20426430.0,Bc. Martin Kubovčík,11.0
38343.0,18987471.0,Karthik,11.0
38176.0,17331089.0,oatless,11.0
36368.0,18376655.0,Mujtaba Alam,11.0
36369.0,18377027.0,Raunak Dey,11.0
22063.0,9591974.0,Arpit Gupta,11.0
34065.0,16208112.0,Harshal Dhone,11.0
93478.0,41369928.0,SHJ,11.0
25978.0,6119623.0,Sanmati Jain,11.0
61335.0,5868232.0,egil87,11.0
36321.0,12711431.0,Kartikey Rai,11.0
44190.0,14194096.0,Adam,11.0
67968.0,14135074.0,neoglez,11.0
52536.0,9474706.0,AndiYo,11.0
100454.0,45438130.0,Anisha Pal,11.0
102039.0,46656263.0,Bjguru24,11.0
44905.0,4879687.0,rachkov91,11.0
52819.0,1444956.0,Dave,11.0
2672.0,7527538.0,Sergey Rusakov,11.0
69685.0,15839262.0,Sergei Alonichau,11.0
38221.0,16574008.0,bey,11.0
92089.0,22513629.0,GODGAMER,11.0
92070.0,5825499.0,Angelo Rajendram,11.0
36664.0,14147797.0,Fardeen Khan,11.0
60277.0,20322291.0,Damuna Taliffato,11.0
60267.0,26270596.0,Mark-M2L,11.0
36510.0,6864579.0,Amar Parajuli,11.0
36495.0,18410585.0,FuzzyLogicUser,11.0
36589.0,16359821.0,mightychrysanthemum,11.0
36548.0,16271551.0,Zephyrus,11.0
34091.0,10593822.0,uahnbu,11.0
60043.0,23923712.0,Jon 310,11.0
54007.0,23517351.0,node_env,11.0
59959.0,13421436.0,Mich55,11.0
51527.0,12045431.0,f_s,11.0
70696.0,15779382.0,JB1,11.0
85361.0,25421674.0,ostrich_network,11.0
36787.0,12861294.0,DongDong Chen,11.0
42854.0,20079996.0,Lisa Berry,11.0
46876.0,21531719.0,Hemi,11.0
92304.0,23687648.0,karamba,11.0
51331.0,23535250.0,CliveS,11.0
68246.0,21321723.0,Abeer Elmorshdy,11.0
58128.0,26041293.0,Juan Ignacio Rojo,11.0
52100.0,23868411.0,Chris T,11.0
38282.0,18922090.0,Mugiwara San,11.0
97256.0,43582075.0,cyfuture AI,11.0
47430.0,12352021.0,Andreas Karatzas,11.0
82705.0,31934013.0,hachane,11.0
36327.0,6017973.0,Tirtha,11.0
78249.0,29290791.0,Prithvi,11.0
23608.0,15649765.0,anakronisme,11.0
48333.0,15277086.0,shadi,11.0
29886.0,16739718.0,thereiter,11.0
47907.0,21932706.0,Andrea,11.0
47903.0,13316995.0,C. Tatu,11.0
17793.0,12946101.0,joek47,11.0
52693.0,18807623.0,yogi,11.0
23468.0,7699489.0,amrta,11.0
6613.0,941287.0,Nitzan,11.0
40604.0,5155726.0,kir0ul,11.0
74736.0,9339902.0,Venky Nagar,11.0
59747.0,26180553.0,TimothyShi,11.0
59618.0,26169932.0,Faeze,11.0
59450.0,9621857.0,SHASHANK RANJAN,11.0
36475.0,4999030.0,robot tech,11.0
98904.0,44983454.0,user98904,11.0
42535.0,14449809.0,AmorFati,11.0
86738.0,30087236.0,ishaan,11.0
23590.0,15573837.0,shah,11.0
49815.0,21588297.0,Eugen Bondarev,11.0
100544.0,9294548.0,theEarlyRiser,11.0
53827.0,19052435.0,JOGI,11.0
31795.0,10469378.0,root,11.0
58189.0,16057510.0,brz,11.0
36939.0,18550379.0,Mark,11.0
40746.0,19434346.0,Michael Harrison hill,11.0
69239.0,12901293.0,Amelie Schreiber,11.0
74117.0,15025846.0,AdiCoder,11.0
82409.0,31303254.0,Andhoju Karthikeya,11.0
82340.0,20780032.0,Parrottos ,11.0
54650.0,4401991.0,user3587374,11.0
75618.0,7680164.0,user5819638,11.0
36902.0,6465437.0,Maulik Lathiya,11.0
36274.0,18218411.0,cronin,11.0
40565.0,19265873.0,Faran Khalid,11.0
82670.0,26150803.0,I love Java,11.0
82657.0,29736886.0,Kiran Manicka,11.0
48031.0,21987708.0,PRD,11.0
27626.0,7495584.0,Swapnil Tiwari,11.0
47943.0,13803570.0,skinnybb,11.0
55648.0,18676561.0,Code Of Duty,11.0
55646.0,15668577.0,user11305730,11.0
55634.0,24805772.0,s1234567a,11.0
54196.0,19465879.0,Artin Kim,11.0
51060.0,23395960.0,user51060,11.0
51045.0,23390650.0,lari1995,11.0
51004.0,21424489.0,Noob002,11.0
51094.0,23363222.0,klayoe,11.0
54309.0,25042559.0,learningowl,11.0
57977.0,3655511.0,Benjamin Cecchetto,11.0
78381.0,29909251.0,richard baws,11.0
59051.0,11531869.0,Jackilion,11.0
58808.0,26077091.0,Sohrab Tawana,11.0
42846.0,19682105.0,DECK,11.0
42641.0,12943097.0,bumblyboi,11.0
82687.0,31910152.0,Aakash Roy,11.0
78621.0,30089070.0,Shaveen Illukpitiya,11.0
78595.0,5044591.0,Alexandru Lebada,11.0
81405.0,30635973.0,ATJ,11.0
62923.0,7764101.0,MrDrago9,11.0
78444.0,1534214.0,Mark Cortejo,11.0
78419.0,30029300.0,maya sy,11.0
59503.0,6926398.0,Nether_Nova,11.0
93329.0,1432937.0,user1354917,11.0
6173.0,6781800.0,JohnK,11.0
94318.0,42037663.0,Mykola Voronin,11.0
47904.0,19883486.0,Andrea Galliani,11.0
47910.0,5412153.0,SirBob,11.0
47915.0,21935309.0,lattenjoe,11.0
57429.0,2029067.0,Abrrval,11.0
101017.0,45911095.0,Dr. Umesh Shookan,11.0
30577.0,12095975.0,TechBull,11.0
16149.0,7183177.0,koushik,11.0
92451.0,40496987.0,fazilatun Nisha,11.0
51290.0,23512634.0,EveryFin,11.0
91856.0,17619679.0,DANIEL ROSSI,11.0
15404.0,7253778.0,Samuel,11.0
56840.0,25699572.0,Ecu,11.0
83355.0,17010048.0,Mihnea Aleman,11.0
43200.0,19931308.0,Allen_FrCh,11.0
54918.0,1108641.0,Chiraz BenAbdelkader,11.0
72449.0,2741714.0,Zaba,11.0
40383.0,16780385.0,User2741,11.0
70688.0,13574330.0,Nix,11.0
37246.0,10753772.0,Charles,11.0
82598.0,31804853.0,Luk,11.0
82554.0,24018241.0,Harry,11.0
46566.0,18011881.0,Nibbles,11.0
32706.0,17263624.0,rich4piano,11.0
57260.0,21893133.0,UntilComputersTakeOver,11.0
55460.0,25525753.0,Zitrus,11.0
52647.0,17760682.0,Feel,11.0
56928.0,18537099.0,balchicc,11.0
49580.0,22642356.0,LetteraUnica,11.0
37216.0,18632452.0,hey dude,11.0
9110.0,1876546.0,dfbernal,11.0
41471.0,17866428.0,shankar ram,11.0
37381.0,17792618.0,Asad Shahid,11.0
89830.0,33424489.0,Awwab Azam,11.0
91311.0,2188090.0,yuanz07,11.0
38101.0,18909378.0,Sports_Stats,11.0
38086.0,18904107.0,it's_me,11.0
38083.0,11741087.0,Marco Garcia Macias,11.0
31496.0,17150248.0,Mike S.,11.0
55881.0,19853679.0,Vincent ,11.0
77780.0,29830959.0,rafiqollective,11.0
37657.0,16135285.0,Abhishek Kaushik,11.0
36473.0,11436770.0,Nui,11.0
37412.0,18699594.0,Arjun Gangwar,11.0
37403.0,18696187.0,NNuser,11.0
36767.0,7564841.0,Kousik Rajesh,11.0
18371.0,13487383.0,Can Mekik,11.0
47914.0,21933932.0,itakepeoplesshoes,11.0
47913.0,20161080.0,Amit wadhwa,11.0
48102.0,18104973.0,Robin,11.0
93924.0,25602052.0,Andrew,11.0
49925.0,22824803.0,Xianyuan Zhan,11.0
64063.0,24223503.0,Max Law,11.0
82944.0,22820275.0,Mostafa Eid,11.0
48362.0,22123342.0,Baka,11.0
42119.0,19865176.0,Ashutosh Bhushan,11.0
78636.0,10807715.0,Hlkwtz,11.0
78925.0,26119067.0,duh,11.0
60595.0,19882832.0,amavrits,11.0
54889.0,22385087.0,BOB,11.0
56492.0,25833213.0,Seo-jin Kim,11.0
37373.0,11281292.0,user8273608,11.0
56888.0,12047379.0,Roman Nozdrin,11.0
56868.0,18299853.0,Yoni Maltsman,11.0
56717.0,25388371.0,metc,11.0
56551.0,21378809.0,RoyJ,11.0
37337.0,6558437.0,moby91,11.0
37328.0,16653552.0,PaulMil,11.0
37467.0,13141304.0,Nusri Nalir,11.0
37426.0,15858099.0,Miker,11.0
10338.0,12061951.0,Jeffry,11.0
53615.0,13754830.0,Sorenai de,11.0
91360.0,39504294.0,Huy Huynh,11.0
52590.0,11288979.0,Leafstar,11.0
72427.0,28701478.0,Alicia Colmenero-Fernandez,11.0
87934.0,34960455.0,Mojtaba Razavi,11.0
52418.0,13948706.0,Tetraquark,11.0
71800.0,23254622.0,mathewgomas,11.0
56549.0,25850799.0,Tobias H ,11.0
56518.0,25841982.0,John Coles,11.0
51528.0,18720515.0,Alpha,11.0
75700.0,27321004.0,IAQuestions,11.0
92210.0,28519262.0,Badboyhalo1801,11.0
11118.0,10630033.0,Sinan Çalışır,11.0
37898.0,18848111.0,Carol,11.0
37983.0,18871084.0,SeunOsiko,11.0
37979.0,18870373.0,Hossein,11.0
74415.0,7392649.0,umbreenh,11.0
81730.0,17690850.0,Atharva,11.0
56180.0,25697243.0,JakobS,11.0
72692.0,2076077.0,kvadrat,11.0
72323.0,10468993.0,Oli_WH,11.0
100635.0,29410919.0,ptsd,11.0
37557.0,11790378.0,Abelaer,11.0
37522.0,18736809.0,gibberblot,11.0
31663.0,17186791.0,user31663,11.0
31620.0,17180373.0,filippo portera,11.0
37572.0,18754467.0,Heitor da Rocha Coimbra,11.0
56318.0,25776041.0,Tomás Nunes,11.0
56269.0,18398172.0,darthvader40,11.0
56482.0,21628942.0,dht2003,11.0
53700.0,19815411.0,Liu Yifei,11.0
31101.0,16824895.0,Lohant00,11.0
21330.0,13776240.0,Nice Micro,11.0
42358.0,18589375.0,jonathanc,11.0
27505.0,15160847.0,Cathrine,11.0
53741.0,24709065.0,devman3211,11.0
37728.0,6720003.0,user134132523,11.0
90842.0,39055774.0,SUFEN WANG,11.0
37807.0,15272411.0,Lampert12,11.0
37648.0,18777260.0,nancy,11.0
37575.0,17996805.0,sudofix,11.0
100175.0,39233238.0,basic,11.0
90877.0,3366421.0,Md. Shahriar Mahbub,11.0
56104.0,25697769.0,MABQ,11.0
56082.0,16843640.0,rodericktung,11.0
55988.0,14078280.0,samuel fipps,11.0
23071.0,5643180.0,pixie,11.0
23791.0,15695821.0,JJDrip Beats,11.0
37863.0,67115.0,Volodymyr M. Lisivka,11.0
37821.0,13115550.0,sak18,11.0
42483.0,19705788.0,Tomasz Odrzygozdz,11.0
42431.0,10894143.0,Eunovo,11.0
42421.0,17414250.0,Ali Haydar Kurban,11.0
51486.0,9008482.0,Abhiram Natarajan,11.0
47266.0,21473158.0,Nuwanda,11.0
79307.0,14811117.0,Aki A,11.0
79263.0,7091443.0,yigitcankaya,11.0
26079.0,15662203.0,jeffry7,11.0
70758.0,8839082.0,Ravi,11.0
97290.0,43613722.0,poe,11.0
84072.0,30105974.0,otpidusmatar,11.0
83964.0,32471115.0,Mateusz Koza,11.0
47000.0,21566772.0,mldichter,11.0
46984.0,13109463.0,imageprocessingproblem,11.0
78869.0,30155947.0,Himanshu Sinha,11.0
52883.0,24285783.0,Askeladd,11.0
83111.0,27758241.0,faunedepeluse,11.0
102283.0,26381706.0,Shersula,11.0
63276.0,26873241.0,famishedrover,11.0
101728.0,18339021.0,mbh16_x,11.0
101478.0,46271717.0,Catarina Oliveira,11.0
101255.0,7118308.0,Taniya,11.0
63142.0,24730171.0,znb,11.0
102386.0,46864305.0,Abdoul Razack Ouedraogo,11.0
101970.0,46609853.0,Lucio Raimondi,13.0
47884.0,21923183.0,noob_rl,13.0
78166.0,29674796.0,Max,13.0
55665.0,25531616.0,konrad1795,13.0
46302.0,20838831.0,Minty Fresh,13.0
55530.0,25543891.0,pjungk,13.0
82219.0,17930036.0,Talha Latif,13.0
91877.0,39971606.0,Seungwon Shin,13.0
57118.0,21046903.0,stuckincode,13.0
28451.0,14462530.0,Devansh Khandekar,13.0
76732.0,3383275.0,Vardaan Pahuja,13.0
61318.0,20199220.0,UserX,13.0
91866.0,26028795.0,Daniel New,13.0
83904.0,32943656.0,Alex,13.0
89423.0,37531517.0,Burger,13.0
43221.0,10983573.0,mb5572,13.0
92351.0,18820327.0,Mahdi Gheidi,13.0
82046.0,6553047.0,pew31,13.0
9303.0,5377282.0,Prince Martin,13.0
50693.0,23197969.0,Niclas,13.0
84209.0,33211912.0,user84209,13.0
90823.0,28968832.0,cycle,13.0
50262.0,22998558.0,Hori Rashid,13.0
63735.0,11161778.0,peocje,13.0
63526.0,26610515.0,codinator,13.0
55079.0,19964706.0,astraltrinity,13.0
35816.0,18201169.0,Nore,13.0
38462.0,4823412.0,goldfinch,13.0
77579.0,11342141.0,Archaic,13.0
24096.0,7702092.0,jutu OOtv,13.0
92797.0,40628976.0,AnraTAnraT,13.0
89166.0,37363415.0,Wong Wen Hui,13.0
63806.0,23623769.0,Skyr,13.0
63925.0,22989515.0,chews,13.0
82864.0,27848551.0,ANWESA ROY,13.0
63737.0,14780982.0,Kyriafinis Vasilis,13.0
55241.0,10185094.0,Xibby,13.0
90959.0,29263389.0,Mehdi MABED,13.0
91010.0,30047902.0,not_a_math_guy,13.0
47025.0,12549362.0,MendelumS,13.0
75232.0,26554540.0,Korborb,13.0
76147.0,21931808.0,platoDev,13.0
88855.0,26815433.0,Pepper08,13.0
89032.0,15826685.0,efemantarci,13.0
50018.0,22875208.0,user50018,13.0
44391.0,9953369.0,RobiNERD,13.0
32140.0,14041900.0,Filippo Portera,13.0
43094.0,18626218.0,VanasisB,13.0
47083.0,17815957.0,navid mohamadi,13.0
66365.0,18065857.0,EmperorAurelian,13.0
84183.0,26072576.0,Jeff,13.0
50208.0,19995501.0,fuyutsuki,13.0
38753.0,7882124.0,Changu Kang,13.0
75825.0,24387299.0,charactercapital,13.0
82111.0,28997933.0,19216811,13.0
47250.0,12596056.0,S.Rucinski,13.0
49131.0,13632810.0,ArminAshrafi,13.0
75460.0,17289826.0,jasooney23,13.0
81540.0,19492377.0,OneMoreGamble,13.0
68574.0,17525087.0,94621,13.0
77058.0,14641355.0,elli al,13.0
88488.0,16503770.0,Ana Catarina Vitorino,13.0
42628.0,20045855.0,Alex,13.0
46808.0,18043236.0,helpingstar,13.0
43059.0,3048216.0,superuser,13.0
79039.0,27633460.0,TWTom,13.0
54251.0,12683790.0,Paul,13.0
38261.0,14154311.0,Ons Bouarada,13.0
52183.0,21987297.0,user1029384756,13.0
52191.0,13635346.0,loose the fools juice,13.0
68409.0,18274140.0,Eric,13.0
49631.0,22664570.0,Mike Like,13.0
90426.0,30224332.0,Mixadyt,13.0
90649.0,33054789.0,Lazy Guy,13.0
71767.0,26734221.0,mat,13.0
77488.0,22840889.0,Deadbeef Development,13.0
46600.0,4020966.0,user3311337,13.0
46407.0,2328327.0,damith219,13.0
40719.0,18584324.0,mnbobo,13.0
53268.0,19360177.0,Paul Müller,13.0
41329.0,9662483.0,DeepakS,13.0
40849.0,8125563.0,Niranjan Dindodi,13.0
70337.0,28242298.0,Drew Patton,13.0
40275.0,18969860.0,Max Power,13.0
40230.0,1170706.0,user1147964,13.0
95511.0,42226650.0,AliKé Adn,13.0
49623.0,22573282.0,Ahmed Malik,13.0
69927.0,23634178.0,stkuser,13.0
54129.0,24493964.0,mario corradetti,13.0
40359.0,15648437.0,Alena Volkova,13.0
36335.0,5497719.0,Stanko Kovacevic,13.0
72755.0,27761293.0,max0r,13.0
40177.0,18151143.0,Justin Cunningham,13.0
46298.0,21270938.0,Rasmus,13.0
79402.0,15957863.0,Luke83,13.0
87144.0,28753925.0,Parsa Foroozmand,13.0
80315.0,25233678.0,GKK,13.0
79528.0,28517411.0,Khang Truong,13.0
40592.0,19379453.0,jaksnak,13.0
85892.0,34776121.0,StatisticallyImprobable,13.0
89574.0,26479222.0,henrysilver,13.0
87978.0,5080531.0,stackoverflow909,13.0
95812.0,24090906.0,Matteo,13.0
53726.0,6394667.0,lamyvista,13.0
37150.0,3894767.0,Arighna,13.0
86274.0,25572005.0,Semih Özalp,13.0
53160.0,8403139.0,Skid,13.0
46175.0,15068822.0,R.Sar,13.0
71202.0,28442200.0,GH HONG,13.0
49418.0,22555872.0,Rkz,13.0
44456.0,20112106.0,pentavol,13.0
45390.0,3578821.0,Will,13.0
85398.0,23075497.0,igoogledbing,13.0
49324.0,11062918.0,k_ele,13.0
56855.0,17760726.0,jacquesadit00,13.0
57011.0,19518196.0,Luc-dotcom,13.0
31041.0,17035249.0,Albert,13.0
92111.0,13849220.0,user132426,13.0
96651.0,25482353.0,Rohan Patel,13.0
49196.0,3014517.0,Stef,13.0
49201.0,4463613.0,user3631804,13.0
53635.0,2286786.0,yooyle,13.0
53494.0,24602037.0,Mohamed Yahyaoui,13.0
70342.0,4016752.0,TommyX,13.0
40288.0,19278223.0,Vinmann,13.0
46019.0,7612368.0,zock,13.0
38113.0,16782348.0,AC18,13.0
72058.0,16009103.0,Asco 2,13.0
59922.0,16696132.0,DerOeko,13.0
49172.0,19354256.0,Mhasan502,13.0
80041.0,30491440.0,Quersi,13.0
44537.0,17675249.0,Manny,13.0
87510.0,32188889.0,song,13.0
71257.0,14210054.0,chadmc,13.0
4519.0,9938632.0,Jomeu Dias,13.0
92144.0,29905467.0,Sohail Shaikh,13.0
33977.0,17866185.0,B612,13.0
55148.0,19428525.0,Evry,13.0
57279.0,17917595.0,user13018205,13.0
57314.0,25961687.0,Rhesus,13.0
88516.0,28942246.0,Vedant Yadav,13.0
82261.0,31308786.0,Nat,13.0
56260.0,5503196.0,KarlTheGreat,13.0
53829.0,20625567.0,Miguel Casagrande,13.0
45912.0,21131048.0,Hao Huynh Nhat,13.0
82207.0,31246172.0,bake_thi,13.0
78702.0,27994988.0,Georg Schneeberger,13.0
63055.0,24449343.0,MiPre,13.0
85961.0,17871090.0,jim1124,13.0
40029.0,18199214.0,Samay Lakhani,13.0
61239.0,20424695.0,Ben Lahav,15.0
82706.0,31935020.0,Homer Sanchez,15.0
37226.0,12405147.0,Marc Vana,15.0
49858.0,22791835.0,bababee,15.0
56508.0,25835097.0,Martina K,16.0
73290.0,17136933.0,Hasnain,16.0
70889.0,3188653.0,Rohit Saxena,16.0
89190.0,26302233.0,Luke Pratt,16.0
46060.0,21179164.0,cipher,16.0
49316.0,22502239.0,Ivan Petrovic,16.0
84808.0,31261346.0,Fab G,16.0
15397.0,10584536.0,Broono,16.0
57280.0,20529546.0,Saad El Kouari,16.0
92641.0,40642088.0,Aishwarya A,16.0
90276.0,38138134.0,Alan turing,16.0
98671.0,44800585.0,roiting hacking,16.0
40119.0,19237123.0,dimskii,16.0
64183.0,25430748.0,CamWheeler135,16.0
51742.0,11505337.0,Julian L,16.0
19275.0,14121320.0,karthik,17.0
8516.0,7906328.0,David Duffrin,17.0
69709.0,28092463.0,Dhruv Vishal,17.0
55479.0,3183903.0,Karl 17302,17.0
17142.0,5915167.0,Fatih Öz,17.0
56400.0,20975304.0,coder,17.0
41045.0,16822676.0,KYH,17.0
30702.0,8773891.0,cyrille gate,19.0
15818.0,13458381.0,epssy_sy,19.0
49287.0,15857621.0,FinalFrontier,19.0
73113.0,17750824.0,Xeo,19.0
97166.0,43511154.0,SANTOSH ANAND ANAND,19.0
17840.0,13926568.0,Jeff Wingo,19.0
31918.0,16819561.0,Ahmad Kandil,19.0
89884.0,18133971.0,Baki,19.0
80279.0,4281852.0,user3500960,19.0
32686.0,17507773.0,Guessguy112233,19.0
32190.0,15294172.0,NotQuiteHere,19.0
40147.0,15981389.0,mftgk,19.0
32419.0,13876612.0,ABCBAA,19.0
53891.0,13713192.0,Alex Fan,19.0
68805.0,27911947.0,John Hausmann,19.0
30967.0,17011242.0,anonusr,19.0
14426.0,13160945.0,STAIN,19.0
98580.0,6938410.0,Bram Fran,19.0
45918.0,4282435.0,Paternostro,19.0
18907.0,6353250.0,Abhishek Singh,19.0
74942.0,24758537.0,Omar,19.0
34521.0,7835687.0,Giorgio Luigi Morales Luna,19.0
3441.0,2127500.0,veerendra,19.0
76059.0,29410924.0,researcheyes,19.0
87202.0,28565813.0,Arjun A A R,19.0
43653.0,20399342.0,Emiliiii,19.0
48893.0,18531499.0,monkey_ball,19.0
62482.0,26680432.0,Matteo,19.0
43686.0,19844114.0,Sean Mabli,19.0
4026.0,6640626.0,Luc Claeys,19.0
37865.0,9041762.0,Kamran Janjua,19.0
33511.0,16547632.0,MiFischer22,19.0
33092.0,10385035.0,Sri Hari Karthick,19.0
78906.0,23860911.0,Liuji,19.0
38546.0,2588399.0,Siddarth,19.0
89401.0,37691379.0,rlfish,19.0
66476.0,23043583.0,lev1248,19.0
71818.0,17539501.0,9j09jf02jsd,19.0
49703.0,18656494.0,CakeMaster,19.0
55133.0,25414348.0,Lukas Pezzei,19.0
36258.0,7556385.0,Rachmansyah Adhi Widhianto,19.0
90914.0,25018512.0,JagsUprising,19.0
81392.0,30356652.0,Martín Badino,19.0
67764.0,14495742.0,Kareit,19.0
86228.0,18595632.0,xnsc,21.0
22940.0,13157934.0,tgoncalves3,21.0
22763.0,6350678.0,ggfpc,21.0
22760.0,15432426.0,Diego C. ,21.0
51956.0,23818179.0,fooybar,21.0
78163.0,22545453.0,Harsh Gill,21.0
100041.0,45096312.0,GrayCyan AI,21.0
42262.0,17095821.0,Shreyans Jain,21.0
41405.0,8673326.0,J. Park,21.0
41311.0,11142452.0,Gioni,21.0
41219.0,19599126.0,Arif Al Hashmi,21.0
31272.0,17094234.0,Mark,21.0
52716.0,20045553.0,Seán Healy,21.0
56010.0,10217732.0,a1o,21.0
52972.0,1908400.0,qwertz,21.0
41567.0,19719548.0,markr3656,21.0
41514.0,19405141.0,Sid,21.0
98358.0,44527130.0,SciLover,21.0
55509.0,11026978.0,George Shannon,21.0
52238.0,23754445.0,Sam Liu,21.0
40950.0,11685081.0,matt,21.0
40758.0,17627929.0,FoxCharles,21.0
40917.0,19492421.0,Alaa Sabateen,21.0
37792.0,12437838.0,Jakub,21.0
41511.0,14918597.0,Zekhire,21.0
82288.0,30198733.0,Evolve,21.0
41808.0,1476264.0,Namnamseo,21.0
40659.0,12008856.0,Abd El-Rahman Akram,21.0
40710.0,12639619.0,VN Pikachu,21.0
102805.0,47033394.0,ProcessPro,21.0
41979.0,1337269.0,Kimboo Rasta,21.0
41565.0,19719178.0,Quibus,21.0
48698.0,3641436.0,user7080,21.0
40332.0,19307838.0,user294142,21.0
74959.0,23662484.0,Iron filings,21.0
52050.0,23864986.0,Wall Nut,21.0
41823.0,19812993.0,sjokkopudd,21.0
54036.0,24915488.0,Alexandre Juan,21.0
19149.0,14576924.0,user19149,21.0
31435.0,17132360.0,Tanvir Ahmad Shaikh,21.0
54411.0,22900594.0,user336650,21.0
73853.0,28972634.0,Mario Asis,21.0
89765.0,38026841.0,Sakshi Sutar,21.0
89759.0,17554056.0,Eliza Romanski,21.0
77213.0,25473103.0,BurgerMan,21.0
41365.0,6545768.0,Mohammad Hassan Sohan Ajini,21.0
38229.0,15162768.0,Mugumya kevin,21.0
42102.0,8818873.0,HereItIs,21.0
42039.0,19889849.0,eGood,21.0
14924.0,11201144.0,CaptainPlanet,21.0
96333.0,28924025.0,Volodymyr,21.0
89796.0,7984911.0,jarvis,21.0
40518.0,18307582.0,Jithendaraa Subramanian,21.0
38699.0,19107487.0,M.S.,21.0
82901.0,32125704.0,tidealwari91,21.0
91054.0,27834224.0,Hicham,21.0
31192.0,16171300.0,rknoops,21.0
42107.0,17839352.0,sue,21.0
62438.0,22994090.0,Hector Auvinen,21.0
38632.0,19074211.0,Daniel Koh,21.0
38550.0,19056154.0,Conny,21.0
38547.0,19055834.0,Hubert,21.0
38494.0,19036009.0,Peter,21.0
2053.0,9112875.0,Nick Kaplan,21.0
38264.0,18940479.0,Thom,21.0
51728.0,13197737.0,taegyun kim,21.0
40977.0,7853363.0,gabe,21.0
42181.0,19896959.0,Howard Wolowitz,21.0
29857.0,1386779.0,c.uent,21.0
27045.0,16292030.0,PMar,21.0
73628.0,3190860.0,beejay,21.0
51547.0,2758835.0,Tan Eugene,21.0
73302.0,28500556.0,michael williams,21.0
26142.0,16068822.0,Herbert,21.0
55798.0,25611476.0,el123,21.0
42346.0,19994682.0,user42346,21.0
55920.0,25647436.0,kaka,21.0
56156.0,13541585.0,Struggling_In_Final,21.0
37871.0,18841155.0,NKA,21.0
37848.0,18829319.0,Shashank Gupta,21.0
53681.0,8944591.0,Bill Kavvas,21.0
66649.0,5898394.0,Straighter,21.0
42349.0,6234374.0,Nikita Makarov,21.0
10845.0,12205551.0,Azad İrven,21.0
37736.0,12095635.0,Marc,21.0
41027.0,6308511.0,a_former_scientist,21.0
37535.0,5191995.0,Alex Obrien,21.0
37506.0,9230808.0,Pranav Dinesh,21.0
47441.0,14161435.0,Aarush Aggarwal,21.0
37918.0,18256487.0,Java coder,21.0
37401.0,18693883.0,Ahmed Effertz,21.0
37428.0,6774347.0,georgi koyrushki,21.0
61842.0,26527169.0,Chloe,21.0
42518.0,20055889.0,SpiderManCity,21.0
83044.0,32233580.0,krp,21.0
37287.0,18635854.0,DanischKhurshid,21.0
21528.0,5562924.0,cryax dsa,21.0
37156.0,10807316.0,Luis A,21.0
42672.0,7376844.0,Soutuyo,21.0
41264.0,3040058.0,Elliot Waite,21.0
51216.0,23479158.0,Puchatek Kubuś,21.0
86602.0,9819356.0,programmer,21.0
37189.0,18624168.0,ENECO,21.0
36957.0,15668670.0,Merlin,21.0
37042.0,18368810.0,Wuuhi,21.0
51242.0,11445370.0,legnib,21.0
51180.0,23462858.0,NullFucksException,21.0
36919.0,10455788.0,eenn,21.0
9948.0,11835208.0,CaptainVice,21.0
51012.0,13805651.0,Albert Rial,21.0
32316.0,16243566.0,Rayan Potter,21.0
59823.0,18370890.0,mAI,21.0
42883.0,16117128.0,David Cutting,21.0
42648.0,20096820.0,GVann,21.0
42863.0,15546782.0,Kushal Shah,21.0
36690.0,7377540.0,Pavel Korobov,21.0
36632.0,18452460.0,SubstantialRange,21.0
7888.0,7343969.0,Ravi C,21.0
23978.0,12834499.0,Marvin van Aalst,21.0
60181.0,22354170.0,MatthieuB,21.0
8071.0,10260896.0,shdotcom,21.0
59903.0,26202922.0,Averill M. Law,21.0
43101.0,20254951.0,mike sam,21.0
43043.0,16009506.0,Uriyasama,21.0
42879.0,19925622.0,roro roor,21.0
42853.0,19150592.0,Ralphns,21.0
59085.0,16169433.0,Bots Fab,21.0
92080.0,40160091.0,Eleaga,21.0
36550.0,1904160.0,fabs,21.0
60849.0,17371408.0,Fustigate,21.0
60417.0,22847114.0,SACHI SINGH,21.0
54482.0,25148342.0,gwolter,21.0
61238.0,26176118.0,steward,21.0
26648.0,14003447.0,SaiVinay007,21.0
36124.0,17875661.0,Chao Somnium,21.0
53515.0,17919993.0,JFR,21.0
36106.0,18305738.0,No Na,21.0
36094.0,18301632.0,Zhengliang Chen,21.0
61366.0,20988884.0,blubb3456,21.0
36018.0,10763768.0,mehmet,21.0
35979.0,2737530.0,user2359877,21.0
61883.0,13408652.0,Hadi,21.0
43108.0,13526405.0,Tetranyble,21.0
83896.0,15393964.0,meow meow,21.0
62087.0,15415916.0,dancineer,21.0
9926.0,11886827.0,Simon Freemason,21.0
35819.0,18202539.0,shivam,21.0
89397.0,37663586.0,Анатолий Глянцев,21.0
89386.0,21739229.0,Hiếu Bùi Trung,21.0
42540.0,11863387.0,Junwei Dong,21.0
83999.0,23868893.0,MrIzzat,21.0
43161.0,20271827.0,Mikołaj Michalski,21.0
9815.0,3237331.0,omzu,21.0
35817.0,18141483.0,Nicole,21.0
10324.0,5924161.0,Matthew Haywood,21.0
52006.0,23838085.0,rad,21.0
79412.0,17639925.0,Dennis Yang,21.0
50774.0,19021689.0,anonymous1234567890,21.0
85173.0,21423280.0,Chris Lee,21.0
54880.0,23392939.0,JOSEPH CAROÈ,21.0
35710.0,13937701.0,Kaiming,21.0
82020.0,31028329.0,Leibniz 24,21.0
22832.0,15448494.0,Jim Bryant,21.0
34484.0,5484694.0,sayWhat,21.0
34504.0,14706250.0,tariq nazar,21.0
89177.0,37502103.0,angoor,21.0
50600.0,23150828.0,heiyezhu6324,21.0
34339.0,17911342.0,natan,21.0
34330.0,17993297.0,rakbar,21.0
90390.0,36358015.0,Minh Hoang,21.0
18772.0,7188269.0,sachinpuranik99,21.0
35605.0,2055228.0,mach,21.0
33006.0,16642834.0,wyrml4,21.0
92586.0,25625179.0,Mashu,21.0
63268.0,26872357.0,AJB,21.0
43644.0,20397107.0,camio,21.0
43780.0,13079776.0,MetaHG,21.0
63429.0,26913677.0,Cynthia Kim,21.0
63420.0,10922590.0,nlp4892,21.0
30520.0,8121523.0,Gen0me,21.0
33984.0,17893933.0,Navoda Bandara,21.0
33954.0,17883310.0,jstycrpsc,21.0
33929.0,5788066.0,Tuhin Khare,21.0
33901.0,17872069.0,Jason,21.0
63642.0,26972186.0,Marques,21.0
18866.0,14500025.0,Sergei Tsimbalist,21.0
38985.0,11489874.0,Ferdinand Schlatt,21.0
33850.0,7691293.0,DeapSoup,21.0
33842.0,2378787.0,Austin Bren,21.0
30545.0,2687078.0,Lugh,21.0
42025.0,19835796.0,Benjamin Darras,21.0
33225.0,10348126.0,pedagil,21.0
12448.0,5535417.0,java4ever,21.0
64124.0,3503935.0,Luke,21.0
8431.0,10749752.0,Олег Трухан,21.0
33743.0,17785939.0,Tristan Beckwith,21.0
42806.0,15213558.0,Sparsh Garg,21.0
43115.0,4819370.0,Gergő Barta,21.0
47269.0,21668505.0,Vikranth,21.0
67962.0,4605193.0,user45498,21.0
33611.0,12357770.0,aidar_ms,21.0
33571.0,17426664.0,Mohammed Mehdi TBER,21.0
63037.0,26264597.0,cmauck10,21.0
33520.0,17757679.0,Raimat,21.0
12814.0,12969704.0,Faisal Shahbaz,21.0
38097.0,11208896.0,leodongxu,21.0
33499.0,17752025.0,PotatoCoding,21.0
33425.0,17728762.0,sreehari,21.0
33379.0,17065977.0,Jonathan Brown,21.0
78705.0,14281725.0,Sarvagya Porwal,21.0
40782.0,18909073.0,JSS,21.0
33317.0,17696022.0,Envelo Lee,21.0
8215.0,6568234.0,Vyasraj Vaidya,21.0
51001.0,19274213.0,Nick De Wispelaere,21.0
66517.0,20676627.0,John Prada,21.0
63964.0,26194573.0,ImNotKevPlayz,21.0
33144.0,17654012.0,Deep Sea Daisy,21.0
33098.0,8883983.0,bastak,21.0
44346.0,8003601.0,Xtalker,21.0
44316.0,15353085.0,Micha,21.0
50255.0,22994990.0,KindNewbie,21.0
52954.0,7597382.0,reza karbasi,21.0
52271.0,17006761.0,Nazmican,21.0
7758.0,5922968.0,Henry Steinitz,21.0
33249.0,11876200.0,Prashant Govindarajan,21.0
33373.0,17612288.0,the boss,21.0
53453.0,24580482.0,InCrisis,21.0
33078.0,14761255.0,c0mraide,21.0
33053.0,13756176.0,user9927059,21.0
33046.0,17626290.0,user33046,21.0
33555.0,17713944.0,Curimeow Cat,21.0
50109.0,17207599.0,Boyd Werkman,21.0
33118.0,17640066.0,Jon.O,21.0
79391.0,8548531.0,mf908,21.0
34141.0,3265385.0,Mani,21.0
32800.0,17545126.0,Welker,21.0
32771.0,17538373.0,sam,21.0
32653.0,12718718.0,David,21.0
68234.0,9930179.0,michiel,21.0
81493.0,30315802.0,Rajat Srivastav,21.0
22736.0,14520072.0,Anif Zarus,21.0
44569.0,20687550.0,ovan,21.0
44562.0,20685987.0,Stoaty193,21.0
32597.0,17481676.0,Omar Souaidi,21.0
32573.0,15833479.0,Mark,21.0
32717.0,16804891.0,user12149354,21.0
23793.0,9863298.0,HARSH NILESH PATHAK,21.0
49997.0,8014426.0,Phil,21.0
32481.0,17445210.0,danial mirzaei,21.0
32462.0,6006939.0,Ash,21.0
55396.0,25505623.0,Charles,21.0
32323.0,13682225.0,jdw136,21.0
93838.0,23040536.0,kirilinko,21.0
93529.0,26988155.0,The Logician,21.0
67623.0,6128697.0,SvshX,21.0
15563.0,8174250.0,Chuquicamata,21.0
77547.0,23358064.0,Victor Roza,21.0
44444.0,11453595.0,Fara,21.0
15619.0,4710966.0,Akarsh Ghale,21.0
34420.0,16073655.0,Fabrice Simo Defo,21.0
30152.0,7784554.0,cgnarendiran,21.0
68647.0,27883753.0,ad124j2,21.0
29916.0,8215411.0,Rajat Paliwal,21.0
32798.0,17545063.0,Ramedlaw Vocinnas,21.0
32260.0,7289083.0,Marvin,21.0
18147.0,12955269.0,Ad Blu,21.0
29907.0,6025781.0,christoph,21.0
32233.0,16316385.0,mushter,21.0
55275.0,21372563.0,giovasbr,21.0
44919.0,20789202.0,Matthias,21.0
44982.0,20807804.0,miimi,21.0
84660.0,33898159.0,Tom Bensky,21.0
32120.0,10879569.0,F Martin ,21.0
32091.0,16588114.0,Neel Modi,21.0
31985.0,4484422.0,user3647558,21.0
34153.0,8197381.0,Alan Vinícius,21.0
69184.0,16953266.0,frances_farmer,21.0
31857.0,8572446.0,Shoorty,21.0
31844.0,17234297.0,user31844,21.0
31840.0,17233840.0,Miko,21.0
66459.0,13918832.0,kimo26,21.0
27326.0,5269050.0,MrStutterZ,21.0
45038.0,18564835.0,Jia Rong,21.0
49725.0,18228750.0,Errata,21.0
31914.0,9912262.0,JavaApprentice,21.0
31910.0,17257879.0,Ahmed Hanan,21.0
31900.0,8642188.0,PMu,21.0
15611.0,13322467.0,jonuko,21.0
44556.0,18030522.0,Ghostpunk,21.0
31727.0,17202443.0,Mark,21.0
31692.0,17193452.0,ianjum99,21.0
31685.0,14039252.0,Arihant Joshi,21.0
69441.0,20659895.0,Doğuş Deniz,21.0
31665.0,11247574.0,Andrea Favilli,21.0
45161.0,8540248.0,Scorks,21.0
45197.0,7557321.0,xyztg,21.0
17018.0,13744206.0,Fuel,21.0
31642.0,17183904.0,eno,21.0
31773.0,13071023.0,Ramon,21.0
31760.0,17213123.0,depressedminkycoder,21.0
70077.0,18237853.0,wanburana,21.0
70038.0,16726127.0,jonaden,21.0
69933.0,28150295.0,MLBeginner,21.0
31479.0,12710160.0,C.M. Cai,21.0
31427.0,9739958.0,ikadorus,21.0
31421.0,17134609.0,zay,21.0
31487.0,17148819.0,Yash ,21.0
65583.0,27333575.0,Andrew ,21.0
53110.0,15953714.0,Mehmet Alican Noyan,21.0
45285.0,20902548.0,Jaldropio,21.0
16628.0,3062696.0,Jcstay,21.0
95869.0,20392002.0,lcleary,21.0
30487.0,8182583.0, Hoo,21.0
70437.0,26659835.0,Bliscor,21.0
6801.0,8839373.0,Vikram Singh,21.0
64887.0,4818410.0,carlossantana,21.0
36086.0,18299287.0,Joe Markso,21.0
49413.0,22554742.0,Katie,21.0
49466.0,4032337.0,KiarashRzg,21.0
31315.0,13923469.0,Ermin Podrug,21.0
32952.0,17588669.0,Paltusok,21.0
94009.0,41802909.0,Stephan,21.0
38118.0,16473461.0,encrypted_soul,21.0
31095.0,12551224.0,pratap,21.0
67299.0,15257671.0,Enk9456,21.0
70999.0,28392037.0,gnarw0lf,21.0
70984.0,28237820.0,user1168149,21.0
34537.0,18075688.0,Dan B,21.0
31131.0,17063567.0,Peyton,21.0
31094.0,5299675.0,Sujeet Kumar Pandey,21.0
16094.0,13722129.0,Khang Nguyen,21.0
45412.0,12279411.0,robot learning,21.0
6026.0,9749421.0,EricRoe,21.0
30935.0,16096016.0,Ashwin Rohit,21.0
71170.0,28437001.0,Ukn0wn,21.0
82995.0,30807040.0,James Li,21.0
96454.0,35212006.0,Oneday,21.0
17336.0,12182319.0,Bikash Mondal,21.0
71337.0,28320027.0,L208,21.0
54510.0,13488559.0,Manuel Maior,21.0
34518.0,10854494.0,Oisin Peppard,21.0
75602.0,20645719.0,Ronald,21.0
45440.0,20960870.0,Angelina,21.0
84768.0,12143113.0,Hank Chen,21.0
49384.0,16149425.0,Naufal Suryanto,21.0
19544.0,14675692.0,Ranjie Duan,21.0
96882.0,43312621.0,Batuhan,21.0
97258.0,43583272.0,Sam Gillingham,21.0
30671.0,11868741.0,Maghaj,21.0
30832.0,16978853.0,musafee,21.0
30611.0,14078562.0,Yuval Kirstain,21.0
44571.0,12821617.0,Nejc Kejzar,21.0
19676.0,14709244.0,h4rm0ny,21.0
80170.0,29687474.0,mabed,21.0
85597.0,34558095.0,seba,21.0
85526.0,34508296.0,Philippa Richter,21.0
7344.0,5488140.0,Five0,21.0
6023.0,10459084.0,Richard Avila,21.0
23737.0,5397977.0,M4NI5H,21.0
71602.0,16309285.0,aren't eistert,21.0
17611.0,14191473.0,spaces_,21.0
47322.0,21536530.0,oseekero,21.0
71890.0,16112037.0,elbarto,21.0
87041.0,23009707.0, naqcho ali,21.0
76030.0,7897352.0,Procuste,21.0
72276.0,18685024.0,Alen Ramic,21.0
72406.0,28697473.0,Aurora Lucrezia,21.0
30118.0,16812602.0,user30118,21.0
68664.0,23346118.0,v1998199904,21.0
72385.0,25235396.0,Spike,21.0
30064.0,16796444.0,LAKSHITA DURGAPAL,21.0
54205.0,20556587.0,minghuisvn,21.0
33307.0,10992506.0,paulaxa1,21.0
36270.0,18356546.0,Aanisah R,21.0
29868.0,16734008.0,Sam,21.0
44980.0,9834561.0,Nathanson,21.0
49313.0,9206260.0,lazylama,21.0
73084.0,19839647.0,Erick Macias,21.0
73005.0,28814456.0,Necron,21.0
17651.0,8371610.0,Duke Glacia,21.0
29792.0,10985888.0,Remind,21.0
72702.0,5274434.0,Q The First Timelord,21.0
78400.0,23773933.0,pks,21.0
33054.0,9332003.0,Sacha Gunaratne,21.0
29636.0,16681418.0,Amir Graitzer,21.0
97234.0,29032667.0,wodank,21.0
82185.0,21468043.0,APasagic,21.0
97116.0,39140600.0,patrick carosso,21.0
97031.0,43381970.0,E Meyer,21.0
28567.0,16520806.0,Bot_Start,21.0
29631.0,6611284.0,Shiyu,21.0
28537.0,16651994.0,Konrad Ł,21.0
18696.0,11971334.0,Starman,21.0
18436.0,14390692.0,Andrei Li,21.0
5211.0,10169529.0,user5211,21.0
18268.0,13639761.0,frt132,21.0
18699.0,14459892.0,sharonh,21.0
46171.0,4853740.0,user3915365,21.0
46125.0,188960.0,hohner,21.0
18788.0,6261961.0,Pınar Demetci,21.0
16551.0,3189103.0,bb5kb,21.0
18872.0,14500915.0,Magnus,21.0
27945.0,16506024.0,meow,21.0
77841.0,7719825.0,Mohamed Ali,21.0
49095.0,16496507.0,Star,21.0
73331.0,55041.0,xpmatteo,21.0
27867.0,16485618.0,Glenn Channon,21.0
27859.0,9984467.0,Eddie Bravo,21.0
44634.0,20504034.0,Alex Myth,21.0
44643.0,19710755.0,Jong Seok Park,21.0
27902.0,16494820.0,gsasikiran,21.0
27883.0,5231982.0,Ijlal,21.0
23973.0,15751656.0,user23973,21.0
17764.0,14200885.0,SlartyBartFast,21.0
27587.0,8534555.0,R.K,21.0
27552.0,9509625.0,sbstnssndn,21.0
19137.0,14573018.0,CSQuestions,21.0
8128.0,11214463.0,Amar ALI-BEY,21.0
61302.0,16557825.0,lqi,21.0
19218.0,14590890.0,Roman,21.0
36239.0,15361891.0,Gery Nugroho,21.0
14910.0,8241316.0,ditomax,21.0
36259.0,18356254.0,Supra Yogi,21.0
36271.0,18356547.0,Arbi Nourman,21.0
36277.0,18356808.0,Hafizh Fadhilah,21.0
98417.0,8061625.0,Leo,21.0
85238.0,21148350.0,Namirah Rasul,21.0
35760.0,16099406.0,Sourabh Yadav,21.0
46085.0,15522720.0,Hamed,21.0
92965.0,5521244.0,J. T. R.,21.0
76630.0,29564218.0,Ingmar Ludwig,21.0
16497.0,7424583.0,mash,21.0
91282.0,17590326.0,Max Dickens,21.0
48777.0,22285804.0,guest,21.0
27360.0,16365682.0,Joker,21.0
27182.0,15224545.0,DGT,21.0
25858.0,14950541.0,n-gativeswan,21.0
26982.0,16281684.0,Alz,21.0
19992.0,3438527.0,Caio Petrelli,21.0
36320.0,18359098.0,lutfizain,21.0
50797.0,12106078.0,user10568257,21.0
74152.0,19209606.0,X496,21.0
55165.0,15807874.0,Tessa van der Heiden,21.0
26885.0,8236095.0,Mwiza Kunda,21.0
26844.0,16253238.0,morinsb,21.0
19917.0,14463622.0,Gareth,21.0
87035.0,22622763.0,Vulcan,21.0
46832.0,19482031.0,hello,21.0
20163.0,14811786.0,backprop7,21.0
74855.0,15764856.0,RLLL,21.0
74745.0,20444102.0,just another mathmo,21.0
75365.0,5002038.0,Prakhar,21.0
75362.0,26375646.0,Tomorrow,21.0
75277.0,24323462.0,bmatzelle,21.0
99924.0,30529286.0,E_ple,21.0
98892.0,30688848.0,OUSSAMA ZIADI,21.0
26697.0,16207757.0,human_ai,21.0
26644.0,14912965.0,manuel veras,21.0
26639.0,14700232.0,Teja Sreenivas,21.0
88923.0,37287829.0,Leonhard Piff,21.0
89686.0,13435843.0,James Huddle,21.0
61407.0,17917405.0,BJMG,21.0
26608.0,15804324.0,rashford10,21.0
47062.0,9245103.0,kkaan,21.0
82160.0,20201849.0,MelonDude,21.0
99934.0,44938001.0,Souleymane OUEDRAOGO,21.0
15879.0,7431462.0,Hogg44,21.0
75622.0,28760076.0,OGOG,21.0
20434.0,14886172.0,romio,21.0
79474.0,28271154.0,user79474,21.0
79784.0,26344363.0,Vince,21.0
47218.0,5319481.0,NeverWasMyRealName,21.0
73604.0,26213172.0,Jake StBu,21.0
47060.0,21590013.0,Wes,21.0
47148.0,15161307.0,Uur Kn,21.0
33358.0,17710116.0,Jimmy116,21.0
26345.0,10910834.0,EmG,21.0
26334.0,16106928.0,Fungible,21.0
26326.0,11279684.0,whits,21.0
26321.0,5144137.0,Captain Tomato,21.0
75792.0,11014737.0,Ellio,21.0
38727.0,10313205.0,kiran,21.0
31765.0,1145486.0,MuneshSingh,21.0
43045.0,6932342.0,xeonqq,21.0
68572.0,27870012.0,Halve Luve,21.0
75916.0,11154442.0,shawn,21.0
20797.0,8457707.0,fanxukong,21.0
20200.0,14821612.0,William,21.0
76320.0,29388825.0,Rocket Man,21.0
42237.0,19957328.0,andcos,21.0
40823.0,18931447.0,Pratheesh Kumar,21.0
48734.0,19775076.0,ddd,21.0
34409.0,17816688.0,Marco Prata,21.0
18986.0,7263802.0,Ali Anwar,21.0
21797.0,15211661.0,deep_learner,21.0
20878.0,14993299.0,Nithish C,21.0
20867.0,14989980.0,aiguy,21.0
76217.0,2703265.0,Nerdx86,21.0
53426.0,13776470.0,SuperTardigrade,21.0
25820.0,11000178.0,Csev,21.0
21223.0,15074443.0,A. De Rybel,21.0
26352.0,16111152.0,John R.,21.0
25796.0,10762062.0,Sintifo,21.0
100192.0,45077064.0,user32086002,21.0
25166.0,11842973.0,Dlmss,21.0
47268.0,13387024.0,Prakhar,21.0
86846.0,28361014.0,sleipnir,21.0
60285.0,20454066.0,Ryan Keathley,21.0
62711.0,20427849.0,jigz,21.0
25540.0,14116078.0,Hoon,21.0
21459.0,13730853.0,Jay.F,21.0
9554.0,10143282.0,Atticus,21.0
21375.0,15112671.0,Sarah,21.0
62360.0,5453401.0,Johannes R.,21.0
25144.0,14630478.0,RNN,21.0
47609.0,21809887.0,EmbeddingEnthusiast,21.0
48594.0,14161827.0,Isaac Sady,21.0
21488.0,15138020.0,LeglessLion,21.0
25377.0,14824625.0,NooneBug,21.0
3809.0,9709913.0,Engage,21.0
36273.0,18356646.0,Muhammad Khaifa Gifari,21.0
25153.0,9099057.0,olliejday,21.0
25318.0,12620988.0,qimeng wang,21.0
25438.0,13018994.0,Bengya,21.0
25147.0,15809645.0,Biz,21.0
43733.0,16202505.0,tyassine,21.0
33147.0,17654882.0,Nadav Borenstein,21.0
73951.0,25836931.0,Sujoy,21.0
86986.0,24677665.0,tzb,21.0
85828.0,34719505.0,Asadov Alisher,21.0
47593.0,21091481.0,ElectricMinimum58,21.0
47226.0,21651341.0,External Supplier Staff,21.0
77604.0,19492673.0,Jose Manuel,21.0
77498.0,29758739.0,jet,21.0
21883.0,9643387.0,Samyak Shah,21.0
63994.0,27068492.0,MaarcosNascimen,21.0
100118.0,45148888.0,David Mark,21.0
24036.0,15773799.0,A Twizzler,21.0
51011.0,11043853.0,user452306,21.0
33295.0,14540307.0,antoine Mathu,21.0
26304.0,8100672.0,wangxl,21.0
18208.0,14344002.0,RMMD12,21.0
3991.0,9769928.0,postoronnim,21.0
22023.0,9821111.0,Shritej Chavan,21.0
22113.0,5588048.0,Sultan1991,21.0
22305.0,15331375.0,thward,21.0
22288.0,8460385.0,Donald,21.0
22282.0,15327009.0,user22282,21.0
79437.0,30314138.0,dinnums,21.0
36512.0,17618173.0,Abhijith S Raj,21.0
78376.0,13613648.0,giorgio farace,21.0
76326.0,21630661.0,A J,21.0
27299.0,14627866.0,mmmonowar,21.0
82890.0,32120248.0,naston,21.0
20269.0,4181320.0,shoegazerstella,21.0
23491.0,3006302.0,Mario Vega,21.0
36702.0,18192855.0,Sahar Attia,21.0
63424.0,26912702.0,DanneP,21.0
78637.0,15768890.0,Kenth Fagerlund,21.0
78556.0,17348528.0,Aditya ,21.0
36886.0,18536672.0,rucarr,21.0
6925.0,8800680.0,Nix,21.0
3041.0,2817943.0,NoRt9001,21.0
36881.0,18509400.0,isaac john,21.0
78474.0,20033640.0,Vitor Martins,21.0
78750.0,26872678.0,Tarek Alkabbani,21.0
47938.0,8462939.0,Dumitrescu Calin,21.0
50814.0,23256351.0,Sakthi Somaskandan,21.0
22495.0,15149380.0,dwqy11,21.0
17630.0,14197115.0,Mark Browne,21.0
2542.0,9230052.0,James M,21.0
48620.0,16514317.0,Physics,21.0
78822.0,20717793.0,Marziye Hasanshahi,21.0
23298.0,15559412.0,Lexi,21.0
23171.0,4530854.0,user3681384,21.0
22574.0,15386129.0,Hasan Shaukat,21.0
22634.0,7532859.0,Tim,21.0
41176.0,19100687.0,Benjamin Binard,21.0
55457.0,22292082.0,Mikita Shautsou,21.0
48029.0,21354283.0,Sidra,21.0
48007.0,21977128.0,Julia,21.0
100201.0,14901661.0,ANKIT CHAKRABORTY,21.0
18428.0,3291429.0,Ajmal Rasi,21.0
23022.0,15489415.0,user23022,21.0
28585.0,14409317.0,Tofara Moyo,21.0
102410.0,46875708.0,Barron Caster,21.0
42905.0,8305044.0,johnb,21.0
81401.0,30634909.0,Jason,23.0
93498.0,4518458.0,user47175,23.0
38906.0,19169713.0,McQubit,23.0
38992.0,15756816.0,Dale Larie,23.0
79283.0,25336417.0,Ali Haider Ahmad,23.0
44873.0,20778546.0,bertushunzius,23.0
23140.0,15149881.0,Kaawya,23.0
48349.0,21903310.0,Jianqiao Huang,23.0
21613.0,15168136.0,徐宇霆,23.0
23912.0,3337778.0,user29467,23.0
14568.0,12952420.0,Gala,23.0
33261.0,17681234.0,ttttttt1,23.0
47316.0,21688225.0,Speedkillsx,23.0
38501.0,17462721.0,David Díaz,23.0
68035.0,5309267.0,Ralph,23.0
32531.0,7761769.0,Dheerendra Singh Tomar,23.0
96517.0,15987912.0,Bipolo,23.0
47626.0,21815434.0,Bipbupbop,23.0
38349.0,15959181.0,jackless,23.0
33268.0,17684437.0,Jesper V,23.0
49852.0,22364400.0,LinusMagnola,23.0
40285.0,19291847.0,Alex,23.0
78201.0,29960318.0,Caio Amaral,23.0
53039.0,22539739.0,Sharjeel M. Rajput,23.0
86575.0,29930968.0,Izzy Tse,23.0
68969.0,19306689.0,Roux,23.0
38700.0,19107803.0,M.S.,23.0
84593.0,30903167.0,Cauchy_Chlasse,23.0
92896.0,17891674.0,m101,23.0
43279.0,14056242.0,Adnan Hussein,23.0
43791.0,20443326.0,Blake Camp,23.0
80215.0,28982638.0,CyberLight 64,23.0
55890.0,7305311.0,xuq01,23.0
50448.0,23051999.0,Víctor Zamora,23.0
63818.0,27026468.0,nkam,23.0
98565.0,8883805.0,itsdevthen,23.0
67380.0,26539108.0,user20170158,23.0
43880.0,9641325.0,hijkzzz,23.0
34059.0,8645894.0,Toekan,23.0
77945.0,4923612.0,kot,23.0
78759.0,21278355.0,Naay,23.0
86839.0,28738473.0,athankfulguest,23.0
41662.0,8975561.0,alighorbani,23.0
76014.0,18276808.0,Bubble,23.0
76106.0,29422310.0,ace239,23.0
67320.0,25773447.0,dmasny,23.0
56174.0,22298319.0,Abrahim Mahmud,23.0
26075.0,16050625.0,Rad D,23.0
37614.0,7764263.0,Tolga Aktas,23.0
68422.0,7954887.0,user27771,23.0
41693.0,19762666.0,Sung Kyu Park,23.0
83488.0,25307260.0,Uranium233,23.0
47139.0,14372689.0,Jaskeerat Singh Sarin,23.0
31703.0,16280367.0,Tristan Kos,23.0
91824.0,22566061.0,Omair,23.0
43272.0,16866557.0,ANIRUDH BUVANESH,23.0
79906.0,20129083.0,Pietro,23.0
36776.0,11439282.0,Steven M,23.0
46968.0,8569309.0,lumpychum,23.0
82282.0,23115895.0,Jahid Chowdhury Choton,23.0
50002.0,11678505.0,A Q,23.0
43132.0,15381161.0,Marc-Philipp Knechtle,23.0
31728.0,14162295.0,Richard,23.0
75923.0,29376620.0,user75923,23.0
66940.0,15857923.0,kelly,23.0
36622.0,18450129.0,Ryan,23.0
70122.0,13238252.0,Sayam Qazi,23.0
55977.0,10898368.0,J Doug,23.0
69282.0,26711691.0,Dude Rar,23.0
35673.0,18138409.0,user35673,23.0
26309.0,10504161.0,aquaplane,23.0
38130.0,3332662.0,Nitin,23.0
51564.0,6640475.0,Saeid Ghafouri,23.0
44389.0,20632527.0,PontrYagin,23.0
21767.0,6496908.0,Titolopolous,23.0
36504.0,11873752.0,Cla,23.0
35719.0,18163249.0,Jack,23.0
42928.0,20114093.0,S. Christin,23.0
33674.0,16021588.0,HNavanjani,23.0
10261.0,7993741.0,user6031125,23.0
46686.0,3890830.0,adityagabbar,23.0
82034.0,30677683.0,AlexanderB,23.0
33342.0,17674443.0,Shogun187,23.0
86768.0,35483849.0,Shahriar,23.0
50992.0,23358705.0,Kobe Marchal,23.0
35827.0,2232123.0,A M,23.0
42809.0,2888929.0,user2478159,23.0
42865.0,3485183.0,Isuru Sachitha,23.0
42644.0,20095981.0,srij,23.0
16959.0,12353637.0,N E Techno Tech Blog,23.0
35999.0,217631.0,Argod,23.0
53689.0,19377690.0,john li,23.0
80055.0,24143875.0,Renat Abdrakhmanov,23.0
54404.0,11320074.0,Astraeus,23.0
57344.0,4011899.0,Newbie,23.0
72926.0,9149055.0,d3nigma,23.0
53415.0,16722747.0,Josh Majors,23.0
68045.0,21198604.0,Value_Investor,23.0
68180.0,23102484.0,IloveR,23.0
50595.0,13039511.0,GraftCraft,23.0
44999.0,16452241.0,Verónica Rmz.,23.0
49031.0,22377691.0,Ayska,23.0
40179.0,18211998.0,DIEGO JAURE,23.0
81902.0,30897798.0,Filippo PORTERA,23.0
62109.0,22713030.0,learner,23.0
48144.0,22037981.0,user48144,23.0
1420.0,8795985.0,KittyKatCoder,25.0
8171.0,9220446.0,BrnPer,25.0
45354.0,10745751.0,Geperd,25.0
15551.0,13542448.0,SUMITA JANA,25.0
30287.0,6743184.0,Genoma,25.0
44695.0,12828404.0,user1234,25.0
79788.0,16584333.0,Hans123,25.0
92898.0,17420888.0,Canbach,25.0
79266.0,25164037.0,COTHE,25.0
38009.0,8320643.0,ndrb,25.0
32471.0,2288480.0,Chris,25.0
36289.0,18357124.0,ghifari fazlul,26.0
23985.0,15756329.0,Mohammad Aslam,26.0
35823.0,13440583.0,Younghoon Kim,26.0
71647.0,28571843.0,Brian Huang,26.0
48708.0,22257928.0,karthi,26.0
73539.0,9039646.0,Toni,26.0
38633.0,13287442.0,soitgoes,26.0
38330.0,6543295.0,Krishnan,26.0
62313.0,12078007.0,shibonsk,26.0
34505.0,17970758.0,doggosvsshibes,26.0
56583.0,9241028.0,DCrown,26.0
33489.0,15085097.0,Atul Grover,26.0
74977.0,4986922.0,Adam Reid-Marr,26.0
35656.0,18046352.0,Alejandro Sánchez,26.0
43358.0,18343943.0,LuckyLuke,26.0
85192.0,20141635.0,aarong,26.0
40060.0,2385873.0,Zekko,26.0
16311.0,9918039.0,Computa,26.0
46315.0,21282467.0,SmarArror,26.0
26796.0,16239984.0,Zhiyu Zhang,26.0
42283.0,19974652.0,yang2x,26.0
37300.0,7351070.0,Iury Batista,26.0
20330.0,9699745.0,Bhasha,26.0
76623.0,7456815.0,Sacha Lewin,26.0
69744.0,26932354.0,Nityanand Mathur,26.0
48496.0,12214383.0,Son Nguyen,26.0
43565.0,3042740.0,Kristof,26.0
27290.0,477362.0,yahiaelgamal,26.0
52474.0,11636706.0,Vivek Singhal,26.0
81726.0,9066653.0,cancan,26.0
58299.0,16446906.0,Dime,26.0
95698.0,19907302.0,Manhar Sharma,26.0
44235.0,20213819.0,mariogarcia,26.0
77341.0,9796173.0,8ToThePowerOfMol,26.0
83394.0,18194877.0,vanerk,26.0
47673.0,16741559.0,m-pana,26.0
70739.0,3806559.0,Gabriele,26.0
71376.0,18336326.0,danilo,26.0
31023.0,9359775.0,Nini,26.0
101978.0,24897163.0,Timur Surov,26.0
44711.0,20731527.0,Samuel Peterson,27.0
30261.0,14120639.0,alien mothership,27.0
75693.0,6605694.0,Yevhen Salitrynskyi,27.0
38668.0,1594622.0,user1477107,27.0
55251.0,12454353.0,Darren Rahnemoon,27.0
60395.0,25959742.0,vivian.ai,27.0
51737.0,23728892.0,OlimData,29.0
16770.0,13576599.0,Akhil Alexander,29.0
36639.0,18087620.0,PentaHackedAll,29.0
11770.0,12554789.0,TheSlv,29.0
11153.0,12361960.0,ms99sop,29.0
16751.0,13916396.0,Kerri Kane,29.0
31684.0,7421660.0,Tyrostir,29.0
93662.0,26515132.0,raspace,29.0
3627.0,8367084.0,Bruno Iha,29.0
22228.0,15314681.0,reinforcemenguy12,29.0
78782.0,4305280.0,user3517818,29.0
26083.0,16051733.0,Viraj Gajjar,29.0
11706.0,8414120.0,Umer Hayat,29.0
20807.0,12708308.0,john wayne,29.0
28474.0,8222607.0,Budi Kurniawan,29.0
37183.0,18048569.0,Caesar Cruez,29.0
100632.0,45578369.0,Rahul Prasadh,29.0
55404.0,4485771.0,ANN,29.0
46577.0,19920279.0,fardis nadimi,29.0
62594.0,26707233.0,FERRYSELING,29.0
4828.0,9707650.0,Engage,29.0
40754.0,16141293.0,White Castle,29.0
42601.0,12597518.0,claire_fontaine,29.0
94235.0,11984703.0,Khushal Badhan,29.0
18964.0,8560867.0,Dmitry,29.0
55326.0,20761145.0,Zhenzhen Gong,29.0
79578.0,28712850.0,NitaStack,29.0
3896.0,9734795.0,Anonymous Inquirer,29.0
63408.0,26438221.0,ProgrammingBot,29.0
55190.0,25433948.0,Katsuragi Misato,29.0
2204.0,5757075.0,Brian2263,29.0
81875.0,30853607.0,xkcd101,29.0
81507.0,30670998.0,Qsig,29.0
68245.0,1925181.0,Anshu Kumar Gupta,29.0
61766.0,17402869.0,avenger,29.0
44796.0,20757433.0,Max,29.0
3131.0,5058589.0,m.unosson,29.0
25756.0,15970888.0,Gary Rondeau,29.0
54863.0,23648904.0,Paul Weis,29.0
82450.0,29777790.0,vishal,29.0
22251.0,15319146.0,bobbyor,29.0
22949.0,15473762.0,noor,31.0
22822.0,11729196.0,Lakshya Wadhwa,31.0
29910.0,3868704.0,luks,31.0
17881.0,14265285.0,Ryan B,31.0
72527.0,18443671.0,Mango Eater,31.0
25509.0,15135038.0,Shrike Danny,31.0
25623.0,12565338.0,A.P,31.0
21431.0,15125674.0,Yannick,31.0
32716.0,9125036.0,Snowybluesky,31.0
45034.0,14162477.0,PhysicsMan,31.0
32606.0,17486819.0,Yining,31.0
40367.0,14346384.0,Hossein Ostovar,31.0
36952.0,18553569.0,Harald,31.0
48439.0,18849794.0,Thomas Hustache,31.0
73323.0,22524511.0,hjenryin,31.0
32506.0,17454221.0,John Hank,31.0
15533.0,3010691.0,dyedgreen,31.0
15010.0,13364494.0,Boye Borg,31.0
15000.0,9067346.0,Bar,31.0
14962.0,8562882.0,Slash6PL,31.0
81398.0,20860575.0,Jivitesh,31.0
32794.0,17544387.0,Moe Kaung Kin,31.0
32999.0,13194489.0,Miguel A.,31.0
14947.0,13346090.0,user14947,31.0
27660.0,16448615.0,Shayan Meh,31.0
44728.0,20738774.0,Ebba,31.0
68445.0,13098694.0,hokage555,31.0
20566.0,6839445.0,Stefano P.,31.0
51352.0,123167.0,Jack G,31.0
30223.0,1059137.0,udscbt,31.0
30386.0,8625512.0,Safwan Hak,31.0
14851.0,2806329.0,Pranav M,31.0
54827.0,11037436.0,biofa.esp,31.0
54873.0,22434760.0,Ouilliam,31.0
54937.0,25339869.0,Dingzhi Hu,31.0
32727.0,17522511.0,wei hin,31.0
18070.0,13775448.0,Jess Bullard,31.0
3684.0,9663633.0,imhotraore,31.0
27893.0,10172744.0,Tianyi Ni,31.0
86514.0,5674933.0,Or Perez,31.0
44585.0,20436767.0,GB-DEV,31.0
14534.0,4705426.0,tamirok,31.0
33220.0,12500042.0,alex14501,31.0
38533.0,13515036.0,efedoganay,31.0
102061.0,46671608.0,john toniolo,31.0
21696.0,15190687.0,Koay HV,31.0
23994.0,9640881.0,Tanmay,31.0
55323.0,9842618.0,meekee7,31.0
23158.0,2112439.0,ks.and1,31.0
17600.0,6728373.0,giada,31.0
29616.0,11389384.0,Korosi Gabor,31.0
38362.0,12924316.0,Ayesha Sajjad,31.0
23118.0,5705091.0,the Decoy,31.0
21965.0,12647756.0,Rocx En Ruff,31.0
27508.0,16407249.0,Victor Ciobanu,31.0
27490.0,16402838.0,What_Would_An_AI_Do,31.0
14382.0,11902687.0,Yusuf Yusuf Folawiyo,31.0
76146.0,8639858.0,GPU'njoyer,31.0
32099.0,5651730.0,miltos.c,31.0
55136.0,7118190.0,Marko,31.0
12258.0,12732874.0,sage,31.0
18563.0,6665868.0,Raviraja Bhat,31.0
44218.0,15018000.0,Jan,31.0
12780.0,7735774.0,Jainam Shah,31.0
30569.0,14950853.0,Mustafa Tufan,31.0
100627.0,45540944.0,Sa La,31.0
26003.0,5956757.0,Novak,31.0
12762.0,12954762.0,Nicholas Pysklywec,31.0
49656.0,17183735.0,Felix Kemeth,31.0
47542.0,15525683.0,banikr,31.0
6604.0,9734986.0,Aishwarya Radhakrishnan,31.0
27510.0,12102453.0,magicww,31.0
47721.0,21863730.0,Toshant Narula,31.0
44757.0,18240717.0,lostdatum,31.0
92901.0,3482110.0,Stumped philosopher,31.0
78237.0,14945915.0,Krithik Roshan,31.0
23760.0,15688764.0,Fossil,31.0
19465.0,14657650.0,Siddharth Srivastava,31.0
33737.0,17822277.0,drose,31.0
79144.0,30058815.0,eugenio,31.0
72318.0,19000604.0,neese,31.0
88870.0,14612757.0,Darkmoon Chief,31.0
69395.0,6121941.0,cabralpinto,31.0
15978.0,8344756.0,pranshu,31.0
28034.0,16528505.0,Qebap,31.0
55485.0,25531621.0,Kestina,31.0
14901.0,13332794.0,Gary Cottrell,31.0
17281.0,1522365.0,user17281,31.0
26831.0,11853856.0,Satvik Golechha,31.0
67762.0,17728365.0,Pile_of_linear_Algebra,31.0
23399.0,15588305.0,shani,31.0
64384.0,25868871.0,Achiles Br,31.0
12367.0,10080717.0,Flajt,31.0
83306.0,10707518.0,Jose Alberto Salazar,31.0
42100.0,6416415.0,lebebop,31.0
80322.0,30605066.0,Shin Joong Hyun,31.0
51802.0,1361957.0,Dirk V.,31.0
12291.0,9236272.0,Roffe,31.0
12091.0,12678529.0,Jaroslav Paska,31.0
30641.0,16936304.0,JsAdam,31.0
98813.0,43008104.0,Ujas Diyora,31.0
28303.0,16571196.0,Tariq S.,31.0
18643.0,14449565.0,Shehnaz Ameer,31.0
28295.0,11313103.0,Flintoff,31.0
30985.0,17017348.0,comodo_dragon,31.0
8627.0,5039632.0,Yeshwanth Venkatesha,31.0
53717.0,13908845.0,Felix Schön,31.0
11930.0,12606399.0,user9167161,31.0
33880.0,17140831.0,nous,31.0
34026.0,17738631.0,Adrian_G,31.0
34020.0,1867076.0,user1690356,31.0
63740.0,9952033.0,Maks,31.0
63680.0,18512283.0,Alicia Chi,31.0
52944.0,24319465.0,MttRch,31.0
52803.0,24244444.0,slaifan,31.0
2928.0,9200621.0,Septimus G,31.0
23362.0,15578920.0,rulesguy,31.0
23315.0,12962952.0,Labelle Doriane,31.0
16352.0,8397052.0,Georgio3,31.0
22132.0,8868028.0,user6622581,31.0
16965.0,13394479.0,Bruce Pulley,31.0
53149.0,9862504.0,Jackson H,31.0
48724.0,10711559.0,joesph chan,31.0
10215.0,4572376.0,user3711746,31.0
20880.0,14993597.0,FuzzyUser,31.0
20854.0,2437466.0,AlanD,31.0
43682.0,20410419.0,Phil,31.0
43665.0,20401633.0,user871621,31.0
52407.0,16396276.0,Gabriel Mongaras,31.0
26654.0,6323779.0,Omri Gelman,31.0
19589.0,3783875.0,Gab,31.0
38451.0,16383501.0,fsafe,31.0
34317.0,17986634.0,Stockguu,31.0
34313.0,17985534.0,P4rz1val,31.0
67067.0,27557738.0,murat.sahin.dev,31.0
41265.0,19611612.0,Ege Demir,31.0
31052.0,17036831.0,Helios,31.0
31027.0,17032246.0,Carme Afonso,31.0
23161.0,15523403.0,Kraken10,31.0
92727.0,26670648.0,diego alamu,31.0
77761.0,4386916.0,user3576767,31.0
21980.0,12360218.0,5Volts,31.0
23868.0,15718283.0,Habib Prayash,31.0
63582.0,11294379.0,Kushal Kumar,31.0
20424.0,13845556.0,Vaibhav Gupta,31.0
20755.0,14960429.0,user20755,31.0
17530.0,7590747.0,Akshay Gupta,31.0
26099.0,8877327.0,AlanRivers,31.0
53852.0,24012140.0,IHopeItWontBeAStupidQuestion,31.0
37615.0,9984156.0,ZXY,31.0
15776.0,6736968.0,iariav,31.0
98568.0,44205272.0,LowpolyOllie,31.0
18884.0,14503747.0,user18884,31.0
31694.0,17194086.0,GiorgosMaragkopoulos,31.0
69672.0,16657587.0,moth123,31.0
11614.0,10181882.0,santhosh kumar,31.0
34241.0,16934818.0,yejaxey,31.0
34212.0,16799109.0,Vnix7,31.0
11772.0,9759643.0,Koppany,31.0
34210.0,10096406.0,Incompleteness,31.0
25770.0,15973795.0,AiRookie,31.0
87081.0,31392464.0,user24212394,31.0
93313.0,20201159.0,Harsh Shrivastava,31.0
37545.0,15356676.0,Ruslan Ablyazov,31.0
25953.0,16016292.0,practicalRLguy122,31.0
56211.0,20249626.0,Daniel,31.0
32499.0,13872060.0,Johnny P.,31.0
28061.0,15737450.0,T K,31.0
69225.0,28007046.0,multiheadedattention,31.0
10741.0,5705329.0,user10741,31.0
19605.0,14690498.0,deep batch,31.0
26976.0,9722047.0,roydouek,31.0
10528.0,12136096.0,Alfred J Kwak,31.0
34390.0,5303120.0,Erick Medina,31.0
27173.0,15398394.0,Harris Pat,31.0
45349.0,18658935.0,james_erikson,31.0
27277.0,8081464.0,PJORR,31.0
14395.0,10945721.0,Najib jamshidi,31.0
28008.0,6468244.0,Zhuoran Li,31.0
67394.0,14295396.0,StudentV,31.0
64792.0,27227891.0,axcry,31.0
10794.0,7409208.0,Darius Ionut,31.0
19860.0,14742952.0,Ahmed Maruppan,31.0
69811.0,22387565.0,Carl Philip,31.0
70127.0,26289964.0,Guilherme Vieira,31.0
57182.0,9727822.0,Johann,31.0
35578.0,17297363.0,annow,31.0
13065.0,13048334.0,Ricardicus,31.0
32762.0,14857285.0,kostas,31.0
33966.0,10406193.0,Cyrus Dobbs,31.0
43084.0,14000097.0,Jason,31.0
21695.0,9076311.0,avishka eranga,31.0
28345.0,16613202.0,user28345,31.0
37800.0,5723323.0,pbp,31.0
27539.0,10647310.0,Koushik Raghav S,31.0
31573.0,550715.0,Hanu,31.0
26747.0,14992448.0,abhinavsagar,31.0
5526.0,8042132.0,Zachary Johnson,31.0
23386.0,7252724.0,Ahmet Umut Durmus,31.0
31214.0,16449377.0,Oozecandy,31.0
50986.0,16181540.0,debrises,31.0
10355.0,9015846.0,BrouH,31.0
10316.0,12052209.0,h goudarz,31.0
10282.0,12040091.0,Ethicalfive,31.0
86826.0,11593232.0,Joe Jameson,31.0
10101.0,11956166.0,user10101,31.0
16952.0,12981877.0,hyunsu jeong,31.0
16927.0,4775051.0,Yacine al,31.0
40944.0,10181860.0,Denis Ka,31.0
26181.0,15763068.0,user11376058,31.0
57016.0,25927637.0,Suresh Nayak,31.0
40600.0,15801054.0,Gideon,31.0
37455.0,14104786.0,Lockchain,31.0
34155.0,9142129.0,DoKi,31.0
100121.0,29470496.0,who_knows_,31.0
5796.0,5208694.0,brunomaso1,31.0
11742.0,12549153.0,Francesco Bochicchio,31.0
26843.0,13679270.0,Dinamo,31.0
42774.0,9516781.0,Supawat,31.0
52303.0,16474543.0,bigboss,31.0
44792.0,20756823.0,Hazar,31.0
79447.0,15860522.0,Neijal Kanderbalt,31.0
62253.0,20085423.0,AJSV,31.0
53890.0,6796374.0,dmc-au,31.0
53363.0,20037169.0,rkuang25,31.0
10211.0,6049356.0,Ivan Lazarevsky,31.0
10195.0,11996097.0,Brat1097,31.0
20930.0,15005408.0,John,31.0
26154.0,3397143.0,Julian Lopez Baasch,31.0
6220.0,10059384.0,Brandon Ellis,31.0
88640.0,2047711.0,AJR,31.0
7579.0,8308300.0,jaidmin,31.0
76024.0,15958752.0,bbk,31.0
36133.0,12366655.0,Khalid Ibrahim,31.0
49654.0,19598827.0,moyukh,31.0
41676.0,8504555.0,Martin M,31.0
42870.0,17100910.0,Gilad Felsen,31.0
42707.0,20114531.0,Robert,31.0
98163.0,44378041.0,Oliver Cheng,31.0
26875.0,16168221.0,Shylock,31.0
42034.0,5097114.0,Timco Vanco,31.0
42556.0,19498154.0,IsolatedSushi,31.0
35941.0,13080685.0,tosiful islam,31.0
35951.0,17240929.0,Erf,31.0
36040.0,17545510.0,Alex,31.0
36032.0,18281548.0,jmatin,31.0
42631.0,10699484.0,beerzy,31.0
72011.0,10417316.0,Hummus Akemi,31.0
31534.0,16149775.0,namo,31.0
52427.0,9045257.0,Fady,31.0
41617.0,18417169.0,Sofi,31.0
25217.0,7220214.0,Fim Ka,31.0
18389.0,9600091.0,aRRay,31.0
20118.0,8790814.0,Alex Mistro,31.0
20016.0,5813641.0,panini,31.0
23473.0,15608081.0,JCRogier,31.0
33902.0,17265895.0,bluewander,31.0
61696.0,26529833.0,Andrew Tang,31.0
38294.0,18952599.0,RodOnStackOverflow,31.0
34355.0,16702247.0,Walid,31.0
42387.0,18085435.0,Gu Liqi,31.0
18963.0,14521852.0,A.S.,31.0
43419.0,12276446.0,JungleBird,31.0
31018.0,17027066.0,Rain,31.0
31485.0,15843352.0,Yitzhak Spielberg,31.0
31483.0,17147884.0,Santos,31.0
32560.0,15641944.0,souum,31.0
22712.0,4623965.0,Arun Chauhan,31.0
22707.0,15418646.0,shrivathsa,31.0
22677.0,9515089.0,agsci,31.0
33751.0,3627993.0,Ahmad Fares,31.0
45499.0,18884281.0,Rami Hoteit,31.0
57350.0,25965994.0,Nathaël,31.0
61723.0,24927252.0,Sanger Steel,31.0
56436.0,23808394.0,Sphenoidale,31.0
36210.0,18341698.0,brz,31.0
36092.0,18301279.0,Mecho Engineer,31.0
26531.0,15974481.0,user248463,31.0
37147.0,15788158.0,Amar Srivastava,31.0
54143.0,15005601.0,Andrei-Cristian Rad,31.0
51553.0,21988050.0,Jesse,31.0
52148.0,23909937.0,highReynolds,31.0
19283.0,10756129.0,ivaa14,31.0
36987.0,16850521.0,Juna,31.0
42236.0,19956995.0,ML-Student-1996,31.0
30871.0,6017239.0,Tanmay Agrawal,31.0
38596.0,1544450.0,Loren Rosen,31.0
42461.0,16249356.0,MarekK,31.0
32012.0,9737877.0,KovacsMarton,31.0
36355.0,18369372.0,Yohahn Ribeiro,31.0
44400.0,20196661.0,exius,31.0
20530.0,14909044.0,csrev,31.0
62828.0,26764575.0,gumbelgrumbelgumbel,31.0
40929.0,11749977.0,Souradip Roy,31.0
6444.0,376901.0,Douglas G Danforth,31.0
16654.0,1125953.0,user1113242,31.0
16633.0,13871222.0,ťęjă RAVURI,31.0
40242.0,8963110.0,skypitcher,31.0
42217.0,10764471.0,Ezeeroc,31.0
51503.0,23627892.0,ldemaeztu,31.0
49301.0,15249593.0,Iván Mindlin,31.0
75273.0,7616092.0,Michael Lewis,31.0
71406.0,28505370.0,Peblo,31.0
58879.0,25769711.0,Jonah Kim,31.0
20551.0,14222189.0,Abishekh Kc,31.0
26451.0,16138749.0,ashune,31.0
42038.0,8234107.0,Ren,31.0
51748.0,23708066.0,definitelynotabot,31.0
8698.0,9810176.0,Alanay,31.0
36844.0,18519685.0,GastUser,31.0
19370.0,14292096.0,Maira Khan,31.0
26344.0,16109126.0,Alan,31.0
41392.0,17007946.0,Giannis Kousis,31.0
17463.0,7208891.0,andres,31.0
41859.0,14448932.0,Joneron,31.0
41728.0,14636345.0,Edwin Carlsson,31.0
69275.0,26954273.0,Thomas K,31.0
36292.0,18357171.0,Beladina Elfitri,31.0
20300.0,14853127.0,Student,31.0
8541.0,9657587.0,blitzGordon,31.0
42191.0,19939781.0,user42191,31.0
46837.0,17244550.0,spadel,31.0
30781.0,5654986.0,videokate,31.0
20151.0,8952866.0,Sudhakar17,31.0
16853.0,11200072.0,comp.sci.intern,31.0
31302.0,17103752.0,Bill,31.0
21892.0,6333992.0,ChubbyRuby,31.0
21796.0,5950841.0,Matthew Bishop,31.0
62522.0,11481250.0,Jer,31.0
71543.0,27711593.0,miguelrc,31.0
10874.0,4351535.0,user3551708,31.0
36629.0,8583486.0,GMV871,31.0
54916.0,16318449.0,Siarhei,31.0
35763.0,15949950.0,mgb,31.0
42082.0,6639261.0,Frank,31.0
100036.0,3823427.0,user3170906,31.0
62564.0,6540027.0,Cyruno,31.0
20514.0,11844397.0,dave,31.0
36711.0,16053237.0,develop97,31.0
2655.0,4385160.0,vaxherra,31.0
21905.0,15239110.0,user21905,31.0
57255.0,25955752.0,Jack Miles,31.0
54987.0,15103790.0,p0p4k,31.0
64988.0,16798010.0,besterma,31.0
37770.0,10073295.0,sirKris van Dela,31.0
83016.0,32220407.0,Kristina_Poole,31.0
74286.0,15642245.0,Dom,31.0
91887.0,24678816.0,IKNv99,31.0
50445.0,13859542.0,VEDANT JOSHI,31.0
86857.0,4674156.0,user3785097,31.0
55608.0,25562459.0,Saeron X,31.0
29702.0,14194631.0,Niccolo,31.0
79313.0,26584785.0,Andrew Baker,31.0
72940.0,24218696.0,Ian Murray,31.0
29715.0,7153669.0,Phaune,31.0
36756.0,18258794.0,Eeshaan Jain,31.0
75662.0,27465164.0,MomentumEigenstate,31.0
1997.0,9112739.0,Raevan,31.0
20277.0,2891874.0,Mythics Winter,31.0
51849.0,22142658.0,Francesco Vignola,31.0
48983.0,7828646.0,Shubham,31.0
52002.0,23836115.0,Bart,31.0
36670.0,15870468.0,Ross Kohler,31.0
46243.0,10257579.0,spb,31.0
49602.0,22652281.0,Arlo Rostirolla,31.0
49593.0,18083855.0,richieeDS,31.0
22702.0,9588774.0,H.Mateur,31.0
43057.0,18996587.0,nsacco,31.0
25851.0,15996804.0,Maurizio,31.0
66605.0,4426359.0,Ectosoprophilous,31.0
48079.0,19877832.0,Dibbla,31.0
79223.0,20560080.0,Shayan,31.0
21476.0,15134024.0,Nicolaj Juul,31.0
40315.0,3481332.0,petsol,31.0
12102.0,12680448.0,braaterAfrikaaner,31.0
40405.0,117102.0,William Ehlhardt,31.0
60010.0,26223252.0,Tye Hansley,31.0
25759.0,13612647.0,rts,31.0
68210.0,4094855.0,user3361941,31.0
31723.0,17201317.0,RationalFragile,31.0
23037.0,6505107.0,ngroover,31.0
42139.0,5684207.0,mgbacher,33.0
51566.0,13124303.0,James Ellis,33.0
53219.0,18460953.0,fennel,33.0
65890.0,3666224.0,SomeoneUnknown,33.0
26470.0,11193039.0,Jeeyoung Jeon,33.0
20217.0,14611878.0,Samia Afzal,33.0
46522.0,17896376.0,Ron Germano,33.0
73292.0,5475150.0,Hiperfly,33.0
48804.0,12716990.0,Zhang Liao,33.0
23126.0,7703918.0,Devendra Vyas,33.0
32215.0,11144272.0,Alaz Sengul,33.0
26542.0,9088531.0,StalkingAletheia,33.0
26575.0,12579840.0,cr5519,33.0
25194.0,9330170.0,Pedro Martins,33.0
36099.0,18196509.0,Sanket Patil,33.0
75901.0,29372530.0,Nikhil Sridhar,33.0
45740.0,21078121.0,Vignesh Kumar,33.0
19049.0,11812191.0,Andrew Eisenhawer,33.0
20106.0,14797869.0,Giorgio Labate,33.0
35958.0,16926545.0,nguyen son,33.0
38256.0,18941886.0,curiouscat22,33.0
26012.0,13336481.0,Sarthak Mittal,33.0
40839.0,9541315.0,yuri,33.0
87783.0,3706587.0,User1983,33.0
85803.0,28473065.0,dracule22,33.0
61997.0,6936807.0,Hani,33.0
44171.0,16480241.0,Isomorphism,33.0
44124.0,7186696.0,FQT,33.0
34403.0,15919388.0,Varun Premkumar,33.0
55966.0,5439579.0,Ashwani Yadav,33.0
69232.0,16299706.0,benr,33.0
18253.0,199626.0,matsu,33.0
33189.0,17664031.0,Mason Acree,33.0
19930.0,14758394.0,Wesley Tsang,33.0
18266.0,7408180.0,Manuel Pasieka,33.0
23005.0,14810847.0,Eigenvalue,33.0
70841.0,16520942.0,Nitram,33.0
5860.0,5609901.0,Neo_999,33.0
38618.0,9995017.0,user289602,33.0
8499.0,7880778.0,Wangsta,33.0
26948.0,16276722.0,IUBIU,33.0
4975.0,5935561.0,Officefan55,33.0
53971.0,13660046.0,Perry45,33.0
20655.0,8243117.0,adnan jaffar,33.0
79995.0,15095307.0,Lynix,33.0
71249.0,24523980.0,duanebobby,33.0
41222.0,18118032.0,User_13,33.0
27219.0,16326961.0,alo98,33.0
64113.0,27112030.0,I am not a robot,33.0
16548.0,13852628.0,Yla NC,33.0
52361.0,24022483.0,prat__,33.0
37640.0,18772643.0,alerd,33.0
22060.0,3633642.0,Perissiane,33.0
91587.0,25469081.0,mathgeek,33.0
37099.0,13250492.0,C Lu,33.0
2529.0,1239818.0,Amit Hendin,33.0
63767.0,27013141.0,asd,33.0
46021.0,21170137.0,Redrock,33.0
14907.0,9448267.0,Kicr,33.0
80097.0,16390627.0,juicyliberty,33.0
98109.0,22540713.0,partizal,33.0
77170.0,3788807.0,fermented_bean,33.0
30381.0,16869806.0,user30381,33.0
14873.0,7265705.0,BPresent,33.0
48641.0,22232822.0,Baka,33.0
27566.0,11813620.0,Burple,33.0
33012.0,17609869.0,Jammy,33.0
11506.0,12314575.0,Richardo Martinez,33.0
31817.0,12169582.0,Cand3,33.0
92761.0,27747908.0,Ariel Blau,33.0
3483.0,9583501.0,Bored,33.0
37858.0,18805250.0,Milan Mitterko,33.0
56148.0,18187358.0,akastack,33.0
49111.0,6016549.0,Daniel S.,33.0
48700.0,16332731.0,realmarv,33.0
6321.0,7067564.0,qualiaMachine,33.0
72135.0,24723401.0,Mike Arsenault,33.0
34054.0,17916235.0,mark,33.0
11808.0,8712606.0,wildfluss,33.0
91276.0,4826814.0,user56417,33.0
84345.0,31388499.0,Esteban,33.0
40555.0,17198385.0,Rodrigo Franco,33.0
54851.0,25304404.0,Aquila,33.0
36534.0,3755938.0,147956,33.0
26927.0,10163064.0,SamuelMyself,33.0
21983.0,10957304.0,Prabal Dev,33.0
32551.0,17470669.0,Justin,33.0
36825.0,15820352.0,Eloi M.,33.0
51795.0,19616795.0,Sam Liu,33.0
36585.0,18441072.0,Tom Dwan,33.0
32344.0,16255478.0,Steammasker,33.0
30749.0,16958878.0,kritika,33.0
87497.0,24462150.0,Exfell,33.0
45213.0,20398560.0,Tamar,33.0
37344.0,18671391.0,user37344,33.0
15486.0,13335176.0,cuong tran,33.0
30307.0,14509061.0,GatCode,33.0
79726.0,12415498.0,Chris XU,33.0
93405.0,9029790.0,Sam,33.0
70711.0,23035630.0,bruno,33.0
70032.0,15160314.0,Rohit Singh,33.0
21172.0,15063170.0,Abhranil Mukhopadhyay,33.0
40042.0,8111000.0,flexw,33.0
19776.0,10114219.0,Bil,34.0
30631.0,12678127.0,Chaplin Marchais,34.0
10171.0,5786412.0,ortusolis,34.0
32719.0,17467832.0,Ryan Marinelli,34.0
53190.0,13013600.0,Jakob G,34.0
42508.0,14806243.0,RL_NOOB,35.0
24003.0,13916603.0,AMEL BENAIDA,35.0
73437.0,28864265.0,paul,35.0
44524.0,20663419.0,magmacollaris,35.0
40688.0,5004920.0,Melly Donald,35.0
33803.0,11423386.0,Jack-P,35.0
49338.0,8378988.0,willtryagain,35.0
44731.0,17313112.0,Rutvik Karupothula,35.0
33808.0,8820821.0,Hossam Alzomor,35.0
45605.0,14598747.0,Jared,35.0
20884.0,14311484.0,Erdem Uysal,36.0
51294.0,13105922.0,Quentin Delfosse,36.0
52673.0,21426625.0,HunkBenny,36.0
82713.0,31941932.0,Jax,36.0
43947.0,7276310.0,Chris Young,36.0
11921.0,12602029.0,faraway,36.0
69026.0,15466437.0,Jang,36.0
3318.0,9418142.0,Sergi C,36.0
55998.0,12912901.0,Antonio,36.0
41207.0,3847191.0,Igor Polk,36.0
40957.0,19494352.0,gihan,36.0
4581.0,9956783.0,Andrej,36.0
42108.0,4208838.0,vlthr,36.0
46500.0,21382764.0,legammler,36.0
22914.0,15465746.0,aameek,36.0
28033.0,5248004.0,n88b,36.0
47031.0,4977775.0,Dr. Jonas August,36.0
36238.0,13381587.0,Vayupranaditya Putraadinatha,36.0
32124.0,7931875.0,Istvan F,36.0
66711.0,27494127.0,Patrick Johnstone,36.0
36298.0,18357530.0,Firhan maulana rusli,36.0
38525.0,19049333.0,Mukund Sundararajan,36.0
40556.0,8853217.0,Gamer818,36.0
36748.0,18489639.0,BGasperov,36.0
47461.0,18053580.0,Jason King,36.0
51249.0,10774038.0,NanBlanc,36.0
68137.0,27782226.0,Sathishkumar Thirumalai,36.0
48681.0,21081364.0,Mohammed Abed,36.0
46904.0,6815920.0,easyliving,36.0
79117.0,12000020.0,present42,36.0
6184.0,10518720.0,KadeG,36.0
36657.0,18443915.0,VIJAY,36.0
56761.0,24381255.0,Isaac Berrios,36.0
91491.0,21348886.0,Pony,36.0
63755.0,26851004.0,dd123,36.0
3721.0,3175154.0,Jony Raverta,36.0
81422.0,421488.0,sudar,36.0
31498.0,16508094.0,fcs,36.0
28160.0,3850754.0,Dan Pavlov,36.0
50772.0,19485564.0,shlomo odem,37.0
32953.0,14805147.0,Lidor shimoni,37.0
55174.0,24452919.0,sara yaghoobi,37.0
16454.0,2535589.0,user2202800,37.0
66196.0,27136288.0,Johannes K.,38.0
13302.0,13136430.0,Dawn Re Meiring Gamberg,39.0
18225.0,6004624.0,Yvan Stemmerik,39.0
12394.0,6482406.0,Sai,39.0
27979.0,16515256.0,Will,39.0
12171.0,12704841.0,Andrew Leigh,39.0
27513.0,15140123.0,Jun Liu,39.0
45494.0,20978177.0,Micha Christ,39.0
23324.0,15565887.0,Rajesh Gupta,39.0
11605.0,4362305.0,Switcher,39.0
12024.0,148140.0,Patrick Samy,39.0
10186.0,4093449.0,user3360879,39.0
11621.0,10696362.0,Szuyeh,39.0
22070.0,3061004.0,user47994,39.0
18604.0,8445282.0,Evan Pk,39.0
18392.0,11202044.0,Mrinal Mathur,39.0
40266.0,13871059.0,Gourav Singh Bais,39.0
92045.0,40129951.0,Emily Carter,39.0
21676.0,14646788.0,Iacopo Olivo,39.0
15133.0,9871884.0,Tech,39.0
28507.0,16641025.0,john7002,39.0
13053.0,11422345.0,Andrew Jarvis,39.0
8832.0,10884743.0,Ralph Ulenrich,39.0
53961.0,9281687.0,keyboardAnt,39.0
31468.0,14679556.0,Y.Z.,39.0
2260.0,9019576.0,Sinf,39.0
11535.0,7757457.0,bact',39.0
45875.0,20212828.0,sangstar,39.0
41126.0,19522678.0,Joaquin Torrens,40.0
35964.0,17078750.0,Sérgio Camilo,41.0
2534.0,7714190.0,fly samc,41.0
22725.0,12726250.0,Juan,41.0
16351.0,6234681.0,Akio,41.0
26767.0,15311522.0,Nanako Honda,41.0
20079.0,14791659.0,Romain Egele,41.0
21335.0,15099201.0,Ravid,41.0
29799.0,7634187.0,Nehemia Litterat,41.0
31380.0,11489597.0,Raj,41.0
19266.0,1039445.0,sosegon,41.0
43317.0,15601430.0,Mariam ,41.0
28596.0,16208924.0,Dmitry,41.0
49299.0,22490718.0,Colin Taylor,41.0
26072.0,2477300.0,Sunson29,41.0
42586.0,407083.0,nickredsox,41.0
96921.0,6201105.0,Chris,41.0
89256.0,22851828.0,mrz123456,41.0
43631.0,20312540.0,Colab Colab,41.0
26117.0,13357222.0,Simon Krannig,41.0
1305.0,8962902.0,Jacky,41.0
30720.0,16951808.0,acj11507,41.0
54624.0,10608155.0,Onat Girit,41.0
30792.0,15391372.0,Denis Joly,41.0
48662.0,22240632.0,y-prudent,41.0
17703.0,6406004.0,LaTeXian,41.0
26540.0,5358630.0,paul_roland,41.0
95575.0,18896784.0,Supriya Vadali,41.0
51014.0,20690250.0,ticiarai,41.0
8881.0,9993000.0,JustAGuy,41.0
56478.0,16480867.0,languageoftheuniverse,41.0
61639.0,26519011.0,Dylan Larrabee,41.0
36162.0,17498310.0,NaN,41.0
5231.0,299033.0,Len Yabloko,41.0
38657.0,19092033.0,MAB_N00B,41.0
17322.0,2279086.0,George,41.0
36078.0,18297303.0,ShnaierOnCryptography,41.0
17216.0,14070608.0,NueralNetsNoob,41.0
28203.0,8740545.0,guacamole,41.0
27843.0,16479446.0,Léonard Barras,41.0
31148.0,16189672.0,Pomegranate Society,41.0
56629.0,6827732.0,cestpasfaux,41.0
78216.0,22117711.0,user946822,41.0
47373.0,21713941.0,Alberto M,41.0
47423.0,13402542.0,penguin_smasher,41.0
23792.0,2226673.0,Gavin Rens,41.0
11684.0,11077282.0,wonder,41.0
27443.0,13206223.0,Ahmed Rebei,41.0
50271.0,23001197.0,MC5321,41.0
69195.0,21742342.0,Triple S,41.0
31139.0,17064770.0,Awa,41.0
40662.0,19308637.0,Adolfo Graciano Da Silva,41.0
43485.0,304536.0,Gaurav Ragtah,41.0
91092.0,27732264.0,Paradoxac,41.0
70928.0,4837544.0,user3903647,41.0
17101.0,13415568.0,Chandler Supple,41.0
13060.0,11509038.0,guineu,41.0
13107.0,12480466.0,leonidas1997ftn,41.0
13202.0,13099713.0,jdw136,41.0
48837.0,22310861.0,Prakash Gawas,41.0
31092.0,17049092.0,StackS,41.0
13326.0,4197704.0,Seven Mathew,41.0
33296.0,17693774.0,Joel,41.0
33332.0,9722770.0,PasDeSence,41.0
13148.0,13080796.0,George,41.0
83535.0,5523421.0,Ayan Sengupta,41.0
28347.0,3713335.0,Mehran Shakerinava,41.0
18359.0,14375209.0,dragan,41.0
81883.0,24405963.0,Weitao Kang,41.0
53329.0,24509813.0,Payal Mohapatra,41.0
19164.0,10586845.0,Kirsten Jay,41.0
44411.0,20240920.0,hijit,41.0
9324.0,59039.0,patrick,41.0
89102.0,28646392.0,Saurabh Patel,41.0
30765.0,16963440.0,Jan Kleinow,41.0
70285.0,17774602.0,Arya,41.0
55559.0,23165713.0,mac_or_cheese,41.0
28071.0,10887432.0,Shikhar Tiwari,41.0
14527.0,10543983.0,Rahul Vansh,41.0
33117.0,17648171.0,Victor,41.0
23622.0,15653801.0,Kate Catalena,41.0
11567.0,6739674.0,Glassfrog,41.0
28077.0,14440427.0,learner,41.0
31412.0,17131478.0,mechane,41.0
21180.0,10972898.0,apuffin,41.0
33523.0,12498602.0,Martin Bocanegra,41.0
73524.0,27839920.0,Jacky02,41.0
44075.0,20535905.0,Micha Christ,41.0
34263.0,9439695.0,Tarun R,41.0
60286.0,24782459.0,Arthur Delannoy,41.0
35845.0,509684.0,Linkuz,41.0
27559.0,15916714.0,DannyBoi,41.0
34411.0,17828088.0,basti123,41.0
75853.0,20582398.0,Scolpe,41.0
8251.0,6872003.0,theRam,41.0
86658.0,8793961.0,F Gh,41.0
3017.0,9422216.0,Abhishek Dhyani,41.0
25262.0,7950304.0,Ecterion,41.0
41613.0,19731477.0,WANGWANGZI,41.0
27304.0,12875856.0,ranya,41.0
18582.0,14435393.0,Flavia awan,41.0
31686.0,17192510.0,loopy_fun,41.0
18764.0,9767882.0,CanSevgi,41.0
69876.0,28139159.0,Dan Il,41.0
49133.0,9907941.0,Petrus,41.0
36900.0,18540578.0,Seal-Trainer,41.0
15399.0,473566.0,John Watts,41.0
35725.0,18165600.0,thegamerguy,41.0
22514.0,15373894.0,A. De Rybel,41.0
22532.0,14568614.0,InfinityAndBeyond,41.0
47726.0,17445223.0,user14053977,41.0
15089.0,13362381.0,ALostBegginer,41.0
22984.0,15480616.0,Ellie,41.0
9934.0,6461451.0,Fuga,41.0
4700.0,9452796.0,ksh,41.0
23509.0,15588316.0,shani,41.0
76400.0,313859.0,dschuld,41.0
21679.0,970031.0,user,41.0
41538.0,12042684.0,relaxon,41.0
31836.0,17230697.0,Newbie1111,41.0
16441.0,6824392.0,Col. Cool,41.0
19913.0,7113960.0,LudgerSB,41.0
11078.0,4601341.0,user3732008,41.0
31147.0,17067184.0,joão correia,41.0
56202.0,21339211.0,Skander,41.0
26399.0,7268146.0,Drukob,41.0
45696.0,21055814.0,Hongmin Yang,41.0
28035.0,16528508.0,Qebapp,41.0
18844.0,14493921.0,kim,41.0
26839.0,6282855.0,Steve Marion,41.0
3539.0,4429667.0,user3607093,41.0
40586.0,10036486.0,qillbel,41.0
27868.0,16486183.0,Lisa M Finalact4,41.0
56183.0,25725876.0,pippo,41.0
81373.0,19873777.0,Jahid Chowdhury Choton,41.0
45048.0,20828197.0,Harman,41.0
49694.0,20251935.0,J. M. Arnold,41.0
3542.0,5595052.0,Eric Schwarz,41.0
8547.0,11366975.0,Ahmad Kandil,41.0
30348.0,16862570.0,user30348,41.0
8737.0,11442712.0,Dan,41.0
100355.0,44864239.0,Chaitanya Kumar,41.0
42271.0,19970760.0,MuZeroFm,41.0
19761.0,14722826.0,dirtgambit,41.0
10862.0,12237565.0,gopalakrishna,41.0
40428.0,16021150.0,Rohin Dasari,41.0
50963.0,23342732.0,Mathematician,41.0
31294.0,9891051.0,J. Montgomery,41.0
15265.0,11818909.0,Andreas Serov,41.0
13243.0,13113098.0,Oblivion,41.0
100527.0,41545248.0,Ben Adam,41.0
100538.0,27385546.0,John Keyberg,41.0
32142.0,17327797.0,pfds2222,41.0
31274.0,17094762.0,Tariq Kavish Arain,41.0
18959.0,14526110.0,Simra,41.0
41268.0,15556105.0,Vale,41.0
41331.0,19635204.0,Micha Christ,41.0
22422.0,15353391.0,scooter,41.0
23467.0,15572347.0,hpr16,41.0
33793.0,16629812.0,mdurrant,41.0
41285.0,19616583.0,Fraser Gilbert,41.0
37291.0,14365259.0,Lyapunov1729,41.0
20787.0,14970066.0,David Kiš,41.0
76331.0,13463774.0,Ricu,41.0
37017.0,9582737.0,Krushe,41.0
66499.0,27473139.0,Kay999,41.0
45475.0,19874137.0,Lucas Pelizzari,41.0
75950.0,29382154.0,Annaassymeon2,41.0
25552.0,7916664.0,Eugene Liu,41.0
47555.0,15033348.0,Om. Sa223,41.0
22935.0,15469128.0,Jamie Woodhouse,41.0
20716.0,13737519.0,app_idea54,41.0
41487.0,9881278.0,Vaibhav Thakkar,41.0
15312.0,13466772.0,David,41.0
30206.0,16836536.0,Deepanshu Vasal,41.0
4627.0,6779611.0,Charles Miller,41.0
37006.0,18569250.0,inquisitive,41.0
89059.0,12734414.0,Xezbeth,41.0
89019.0,24535325.0,Kai,41.0
41294.0,16223376.0,Firas_,41.0
15590.0,4346484.0,user3548298,41.0
27637.0,7528078.0,Austin Fenne,41.0
5434.0,8687515.0,Stefanio,41.0
15128.0,13220483.0,user165213,41.0
23589.0,15615594.0,Proof Reading,41.0
22273.0,15324321.0,TimvanSch,41.0
93759.0,17139636.0,gha00,41.0
26658.0,9970107.0,DumbQ,41.0
20180.0,1095755.0,Ibrahim Radwan,41.0
19817.0,14734748.0,Jazba,41.0
82015.0,10843886.0,ahxmeds,41.0
22254.0,8696535.0,Dibyajyoti Mohapatra,41.0
27774.0,14331966.0,thatsnotmyname71,41.0
100989.0,44147977.0,testdricer,41.0
34027.0,1762563.0,Ben Beri,41.0
7910.0,11131708.0,Raed,41.0
36587.0,10435733.0,Jarvis,41.0
33029.0,15866048.0,shekhar,41.0
22145.0,13351870.0,sirshakir,41.0
48484.0,22168448.0,Samuel Beaussant,41.0
42948.0,17908116.0,Sepehr Golestanian,41.0
52119.0,4191916.0,Kishan Kumar,41.0
29693.0,12714673.0,0xTochi,41.0
51018.0,14822552.0,Khabbab Zakaria,41.0
47034.0,17649121.0,Yishu Malhotra,41.0
81528.0,14135963.0,Derick Diana,41.0
38660.0,19093545.0,DeepNet,41.0
22635.0,12501153.0,Ben,41.0
21441.0,12808120.0,Rohit Jere,41.0
21347.0,15107510.0,thx1138,41.0
36041.0,18282907.0,Cavallino ,41.0
44940.0,20382706.0,Python Test,43.0
45453.0,20455036.0,Irkl1_,43.0
38873.0,18595571.0,Sarem Hailemeskel,43.0
75070.0,13852650.0,Mark B,43.0
48314.0,22108883.0,NewToAI2021,43.0
32247.0,10967034.0,ka1shi,43.0
32525.0,6575065.0,Brian Lafferry,43.0
94122.0,41789028.0,Pascal,43.0
32540.0,8887777.0,Full.Of.Life,43.0
15865.0,143324.0,iOScoder,43.0
23429.0,9496639.0,bcxiao,43.0
41666.0,10087116.0,TedZad,43.0
29617.0,16473031.0,fenixkz,43.0
100258.0,12323011.0,dasdadsaads,43.0
28528.0,13690865.0,Paradom,43.0
18192.0,13976642.0,Minila S,43.0
44004.0,14294721.0,Redox,43.0
12119.0,6369913.0,Harpagornis,43.0
27986.0,11419537.0,Prabu M,43.0
27654.0,14306650.0,nazz,43.0
77793.0,24366443.0,pettepiero,43.0
50897.0,23238369.0,Yousef,43.0
17807.0,14242800.0,Jonas,43.0
78895.0,19765287.0,Miguel,43.0
16148.0,7782176.0,Constantine Pat.,43.0
46607.0,14065868.0,Antonio Sannia,43.0
30270.0,16844733.0,Eoin Mc Allister,43.0
68072.0,27766009.0,user68072,43.0
43170.0,12970071.0,אבנר יעקב,43.0
32887.0,16951034.0,MrMultiMediator,43.0
16734.0,6551595.0,Reena Kandari,43.0
71961.0,19366364.0,sharkeater123,43.0
27509.0,10029933.0,Sharpy,43.0
21487.0,15137581.0,SHA256man,43.0
30851.0,15219863.0,StanislavOssovsky,43.0
43019.0,8945852.0,Uğurcan Özalp,43.0
40551.0,1123969.0,milad aghajohari,43.0
71225.0,22545853.0,poglhar,43.0
6091.0,4794554.0,Saran3g,43.0
44320.0,8345399.0,Hossam,43.0
37128.0,15046554.0,ExplorationExploitation,43.0
13165.0,9744528.0,AkiyamaYukari,43.0
21257.0,13810545.0,Eeuwigestudent1,43.0
31273.0,16816061.0,Blackreaved,43.0
37205.0,2549937.0,Jordan Coil,43.0
59136.0,4828995.0,julian,43.0
61673.0,11027459.0,Qingyi Wang,43.0
36861.0,18526279.0,junior-flight,43.0
50214.0,22560860.0,Tekay,43.0
40603.0,6421254.0,Euclid,43.0
68152.0,12899364.0,Kanan Suleyman,43.0
30960.0,15576908.0,thulungair,43.0
48889.0,17985716.0,Omar Zayed,43.0
15196.0,13423243.0,Mark,43.0
52268.0,13121634.0,ashesofphoenix,43.0
41283.0,19615885.0,Otto,43.0
19378.0,14632312.0,frederik,43.0
23174.0,15418663.0,Abishek,43.0
38808.0,18014736.0,Dae-Young Park,43.0
19155.0,7846037.0,Nawra C,43.0
79638.0,12724466.0,Oliver Ewald,43.0
38497.0,14950832.0,JumpJehovah,43.0
31259.0,10508693.0,MostafaBakr,43.0
11451.0,9078607.0,ppdmartell,43.0
46045.0,21176688.0,user46045,43.0
21421.0,4656293.0,lamfee,43.0
30005.0,10037147.0,Thiedent,43.0
36053.0,18286815.0,nvrs,43.0
27399.0,14910819.0,Uzair Ahmed,43.0
18936.0,4586717.0,user3721127,43.0
33448.0,13342868.0,kikram,43.0
37180.0,12530880.0,Anubhav Sachan,43.0
91727.0,26236961.0,Cathy,43.0
34018.0,14457418.0,Jarin Tasnim,43.0
33266.0,15733114.0,Leey,43.0
8087.0,9689237.0,Azi,43.0
74430.0,26282160.0,Dawood Ahmad,43.0
73117.0,21628650.0,FluffyGhost8,43.0
19201.0,12762969.0,Abhisek Dash,43.0
7137.0,9058199.0,Graphs Rodriguez,43.0
13352.0,9235972.0,hobohak,44.0
34441.0,13787051.0,pinkie pAI,45.0
44598.0,18408633.0,sahal mulki,45.0
57225.0,25619137.0,me_asking_Qs,45.0
38423.0,6075051.0,ZZ1,45.0
87206.0,26447832.0,HMPtwo,45.0
37947.0,16948414.0,Huzaifah Shamim,45.0
31808.0,13066853.0,user287629,45.0
83025.0,8583919.0,Aamod Thakur,45.0
49083.0,18063846.0,Ege,45.0
74499.0,29095260.0,gondorian,45.0
18577.0,12896832.0,William Smith,45.0
45648.0,15717280.0,Green,45.0
37059.0,3849027.0,Smerdjakov,45.0
45210.0,11577989.0,Manuel,45.0
63777.0,27016373.0,Filippo Colombi,45.0
44685.0,7601125.0,Abc1729,45.0
24018.0,8475746.0,Pete,45.0
61823.0,15484310.0,TRM,45.0
27341.0,16360295.0,rjgp,46.0
4480.0,9927897.0,Gilad Tsur,46.0
73580.0,28925662.0,Cat ALog,46.0
18276.0,14355379.0,Terence Hsu,46.0
29810.0,2350480.0,Mark C. F. Sousa,46.0
46719.0,21467373.0,Marco Huber,46.0
10188.0,7683076.0,Ubermensch_010,46.0
15987.0,6098659.0,Balle,46.0
80286.0,9048132.0,Andrew Du,46.0
52076.0,15016437.0,Nope,46.0
30351.0,16863101.0,laserwoman,46.0
35792.0,8603521.0,Alessandro Valentino,46.0
43047.0,15707836.0,BAKYAC,46.0
81877.0,9455271.0,Victor Björkgren,46.0
63422.0,6662981.0,Dennis Malmgren,46.0
12084.0,6202655.0,Rahul,46.0
44197.0,10168738.0,Rambo_john,46.0
36474.0,14432737.0,Arjun Ashok,46.0
84196.0,23207227.0,Jiangpeng Li,46.0
52966.0,7370323.0,Elfurd,46.0
36115.0,7651922.0,Dani,46.0
159.0,7706851.0,Hazem A. A. Nomer,47.0
60193.0,16438652.0,Blue Ross,47.0
66372.0,27453656.0,Boris,47.0
47927.0,4636435.0,ginjaemocoes,47.0
32856.0,13060633.0,Sharath,47.0
48018.0,16858826.0,GeorgeWTrump,47.0
9852.0,1246880.0,Piotr Maślanka,49.0
12752.0,10121863.0,Matheus Freitas,49.0
87848.0,36329379.0,lcdreamer621,49.0
8081.0,8178974.0,Ni9elF,49.0
20303.0,14851187.0,josebert,49.0
5383.0,10220668.0,honeyyy,49.0
8394.0,11300564.0,Richard Kim,49.0
29915.0,9573752.0,lambda,49.0
10032.0,11658564.0,zuest,49.0
25708.0,6739643.0,Diogo Bastos,49.0
6545.0,7913199.0,Irindul,49.0
42600.0,20083520.0,Kris,49.0
21409.0,15119053.0,seasonyc,49.0
16300.0,13785608.0,Anon L,49.0
16039.0,8574154.0,Dizz,49.0
5673.0,10322470.0,null,49.0
16408.0,4452079.0,SingularRiver,49.0
34435.0,11274843.0,onexpeters,49.0
5967.0,1978702.0,Nomadyn,49.0
49598.0,6259718.0,Kronic,49.0
85698.0,34593957.0,user26653270,49.0
9272.0,11633830.0,Sheep,49.0
10143.0,11963238.0,user108180,49.0
36000.0,15339004.0,jaiswati_b,49.0
15231.0,11092159.0,new_stacker,49.0
22833.0,15425174.0,ashar,49.0
65433.0,2641748.0,Ian Steffy,49.0
78731.0,30116134.0,han,50.0
13199.0,13099132.0,Armando,51.0
35982.0,18266310.0,Jake,51.0
15085.0,1969359.0,BleedObsidian,51.0
56107.0,4604798.0,Monolite,51.0
4862.0,4146254.0,jrthom18,51.0
10875.0,12139035.0,Avinash,51.0
5806.0,4333789.0,Ricardo Pouças,51.0
15224.0,13435391.0,Nestor Sanchez,51.0
23542.0,15627329.0,Cody K,51.0
9812.0,4638147.0,user3758749,51.0
26787.0,16237644.0,user26787,51.0
21952.0,15248977.0,jman4162,51.0
38958.0,19152769.0,User007,51.0
9708.0,6840555.0,Aniekan Umoren,51.0
9990.0,11914831.0,Mehmet,51.0
6192.0,10520567.0,lujain,51.0
4521.0,5943759.0,Brian Sharp,51.0
4974.0,2827006.0,user2429446,51.0
9299.0,11640732.0,Ming,51.0
9854.0,9249068.0,tech2nick,51.0
88168.0,1239263.0,Seedmanc,51.0
19042.0,5239936.0,Daqi Dong,51.0
4444.0,9917821.0,Dylan Dsouza,51.0
48486.0,20827134.0,Terri Erickson,51.0
98.0,8931205.0,latmos,51.0
100507.0,2056236.0,r0x,51.0
48043.0,7317012.0,Steve Forbes,51.0
36260.0,18356283.0,Angela Marpaung,51.0
27523.0,5191736.0,Milky,51.0
4111.0,7994827.0,Abdallah .E Abdallah,51.0
17606.0,14189998.0,Tejas Patel,51.0
61228.0,26427637.0,Penguin.jpg,51.0
17650.0,13882734.0,georg0221,51.0
41525.0,13259185.0,dtransposed,51.0
18344.0,14371539.0,bob smith,51.0
6461.0,9989447.0,Wizard Programming,51.0
27726.0,13204684.0,Angela Johnson,51.0
26113.0,13981023.0,Surya Shrivastava,51.0
40514.0,8431140.0,Serhiy Yevtushenko,51.0
35757.0,2659621.0,kiarash_kiani,51.0
9450.0,4035551.0,smallbit,51.0
47597.0,15734514.0,Andres Sarmiento,51.0
26886.0,15994754.0,hichewness,51.0
59173.0,14583542.0,Robert,51.0
37718.0,17431340.0,Prabh Dhali,51.0
10061.0,9936909.0,Anandh Kishan,51.0
26390.0,6448903.0,Andrew Maher,51.0
11210.0,12379796.0,Bhoat,51.0
17360.0,13867293.0,user10011538,51.0
19634.0,6985660.0,Ribisl,51.0
51691.0,972620.0,Araib karim,51.0
51390.0,4389062.0,Bob Sacamano,51.0
17220.0,10684069.0,Lakwin Chandula,51.0
34432.0,18029430.0,maxcompression,51.0
31005.0,11538490.0,jsimmons,51.0
91685.0,39074175.0,Monte_carlo,51.0
3952.0,9755859.0,user3952,51.0
20493.0,14899438.0,Hells Dells,51.0
22337.0,15337546.0,strongguy122,51.0
71944.0,14043538.0,LeRobert,51.0
28301.0,7436829.0,Bahauddin Omar,51.0
17170.0,1194719.0,Anupam Rekha,51.0
29999.0,16648443.0,adng,51.0
41306.0,15997085.0,SMattia,51.0
47300.0,16618339.0,IAmUser,51.0
31061.0,17038250.0,rimbaerl,51.0
79068.0,21262931.0,randomuser94786,51.0
2219.0,9140922.0,Joel Lehman,51.0
13185.0,13094214.0,moorepenrose,51.0
50586.0,5550056.0,mohammad ali Humayun,51.0
27329.0,10302458.0,Sanhood,51.0
1618.0,8861589.0,Tyler Heldreth,51.0
48422.0,19564691.0,Joon,51.0
28308.0,5731515.0,is8ac,51.0
27018.0,8096390.0,Geza Kerecsenyi,51.0
18010.0,14305728.0,ketul parikh,51.0
30497.0,3134167.0,S.E.K.,51.0
8995.0,11174236.0,Oliver,51.0
6867.0,10774116.0,user6867,51.0
37039.0,18459289.0,Eli Hektor,51.0
10040.0,5998801.0,tryonlinux,51.0
41768.0,10540745.0,LU15.W1R7H,51.0
29879.0,16737822.0,Khush Agrawal,51.0
2246.0,5446061.0,Metric,51.0
21040.0,15034212.0,Cyclist,51.0
41488.0,17054590.0,ChrisP,51.0
38448.0,15672605.0,bluekaterpillar,51.0
22717.0,15422354.0,bobbyoiji,51.0
25780.0,8511824.0,Adam Geringer,51.0
91379.0,26199076.0,Jay,51.0
35696.0,12405540.0,Nuwanda,51.0
11809.0,5542808.0,Jasper Lyons,51.0
12775.0,12958035.0,BriJia,51.0
12843.0,12978545.0,mirantha,51.0
55943.0,25275193.0,Dilip C M Dept of MCA,51.0
16070.0,4254252.0,mBabaee,51.0
16049.0,3408814.0,Mark,51.0
28286.0,14317057.0,Subho,51.0
16201.0,10820289.0,M. Alican Noyan,51.0
9290.0,8078001.0,Jhon Christian Ambrad,51.0
6493.0,10059375.0,Tyler N.,51.0
42045.0,19891898.0,Michiel,51.0
36538.0,18427262.0,h4x,51.0
46855.0,14252622.0,gianluca aguzzi,51.0
45913.0,21131489.0,Chin Hui Chew,51.0
15506.0,2546776.0,user2211430,51.0
21918.0,7591089.0,Florentin Alexandru Iftimie,51.0
43254.0,19310633.0,Vortex,51.0
78528.0,29329280.0,Goldhand,51.0
4466.0,9921205.0,George Oscar Bluth,51.0
19229.0,8759464.0,alona,51.0
72221.0,2378192.0,Vladimir,51.0
26514.0,12690626.0,r_b,51.0
18975.0,14261688.0,timudk,51.0
3690.0,4979591.0,Kronos,51.0
23836.0,2896358.0,Erick Díaz,51.0
42103.0,14746902.0,BOSSrobot,51.0
12088.0,12677893.0,Sudha,51.0
8249.0,4012825.0,Adam893,51.0
22236.0,15316451.0,rewardbabe,51.0
22131.0,15295472.0,AIguy122,51.0
41343.0,14654070.0,Sebastian Allard,51.0
15945.0,13673682.0,Kaustubh,51.0
45205.0,5097348.0,Roman,51.0
61388.0,26465233.0,Vilainor,51.0
7948.0,11150250.0,Artem,51.0
18804.0,9259555.0,Raj Shrivastava,51.0
23855.0,8066874.0,gloomyson,51.0
92824.0,40433727.0,Ali Khakbaz,51.0
19245.0,14600417.0,raemoii,51.0
31971.0,11209118.0,Clara,51.0
41590.0,19726360.0,Stackaloo,51.0
36461.0,18405839.0,Habib-Allah,51.0
69748.0,28109252.0,Eckavolo,51.0
38271.0,4838828.0,Justin,51.0
18244.0,14349831.0,pi-r-squared,51.0
16078.0,13718021.0,Marco Morales,51.0
78870.0,923928.0,Yang Bo,51.0
27518.0,16408934.0,Mduduzi,51.0
55192.0,17070296.0,ndaniel,51.0
14999.0,8366138.0,magnolia1,51.0
12502.0,12865553.0,baiduguy1,51.0
12438.0,10340320.0,Rao208,51.0
52867.0,24090691.0,Magi Feeney,51.0
22545.0,2701709.0,rubencart,51.0
22528.0,10840510.0,iosdev,51.0
25806.0,6015675.0,yfliuuu,51.0
92879.0,29656283.0,Heartache_Doctor,51.0
12264.0,11593197.0,Tamim Azmain,51.0
25288.0,4863093.0,George Papagiannis,51.0
26429.0,15927410.0,Saeed Ahmad,51.0
5839.0,8837787.0,rfdpro,51.0
32023.0,17291636.0,ADSBJason,51.0
32820.0,17549455.0,Kornephoros,51.0
6850.0,7701395.0,sanandresm,51.0
19190.0,13967246.0,Shehryar Malik,51.0
36740.0,12234482.0,pjoter,51.0
26554.0,1344379.0,John Mayer,51.0
16496.0,5333106.0,roi mal,51.0
99948.0,14837245.0,Leo Miao,51.0
29742.0,16709866.0,Silviu-Marian Udrescu,51.0
13080.0,187321.0,arivero,51.0
42323.0,19987381.0,Kassiopeia,51.0
92323.0,53590.0,NealWalters,51.0
26764.0,16231983.0,digi philos,51.0
25463.0,10843834.0,GYSHIDO,51.0
21181.0,5972924.0,I_Al-thamary,52.0
7846.0,6896740.0,MiGu3X,53.0
31156.0,11336259.0,Tarun,53.0
5549.0,8366168.0,Federico Zucchi,53.0
26070.0,16048695.0,Jerico Bayod,53.0
16561.0,13856277.0,tr3ndyBEAR,53.0
7184.0,10892127.0,vyasiyer,53.0
7899.0,7106639.0,gokul,53.0
30059.0,9355452.0,Peter,53.0
25201.0,15821866.0,Cr3ative,53.0
17799.0,5432193.0,GundamOfOasis,53.0
16286.0,1667947.0,nicolas,53.0
14801.0,2629895.0,Du Bois Eloi,53.0
28085.0,16534364.0,Cezoz08,53.0
38887.0,14335560.0,Najati Al-imam,53.0
36120.0,7717178.0,roy,53.0
15353.0,13475281.0,Scarlet62442,53.0
12081.0,8542257.0,Zadiq,53.0
16694.0,8678502.0,Htnamus,53.0
28018.0,16523919.0,user28018,53.0
36582.0,9528466.0,Megh,53.0
6845.0,10311172.0,Gianmarco6000,53.0
15564.0,6785567.0,AntonKad,53.0
40633.0,15072875.0,yang liu,53.0
42895.0,11963460.0,Penelope Benenati,53.0
37836.0,8160842.0,Pedro Paiva,53.0
36735.0,16979192.0,Lucas Vital,53.0
31256.0,9636795.0,Aleksander Chmielewski,53.0
30843.0,16980924.0,Tibby,53.0
50966.0,6776659.0,niil87,53.0
25745.0,15881500.0,Yixuan Wang,53.0
96166.0,25371427.0,jun,53.0
86625.0,1932229.0,Stephen W.,53.0
19144.0,4797467.0,Hamza Abdullah,53.0
4661.0,8733227.0,treigerm,53.0
4463.0,7499591.0,Aneesh bhat,53.0
4532.0,9889869.0,Noah Chalifour,53.0
23687.0,12295223.0,Joshua Jones,53.0
50787.0,20599634.0,A Yoghes,53.0
18249.0,11903524.0,Daniël,53.0
13160.0,2868074.0,natedogg,53.0
4656.0,9306815.0,harupy,53.0
44682.0,20720036.0,Luke W,53.0
19592.0,14675458.0,ent,53.0
63044.0,10049119.0,liaoming999,53.0
8991.0,10675017.0,QuadraticOne,53.0
17766.0,14231239.0,JChen,53.0
11387.0,2038031.0,vc_dim,53.0
75719.0,43051.0,arame3333,53.0
93229.0,41131608.0,Jamie Stephenson,53.0
27169.0,5223521.0,sOvr9000,53.0
55487.0,11221682.0,Aeryan,53.0
62489.0,26683538.0,Oculu ,53.0
25777.0,15954211.0,Kaspar,53.0
23803.0,4859337.0,axon,53.0
8845.0,4085231.0,vinjk,53.0
76505.0,29528314.0,hugh,53.0
3346.0,7167077.0,Paul,53.0
73668.0,28939170.0,Mamora,53.0
73731.0,19562512.0,Decaying Tails,53.0
31370.0,7374982.0,MikelBa,53.0
21811.0,12461897.0,Stick,53.0
2825.0,9163115.0,mikerson,53.0
25797.0,15980386.0,Joshua Lee,53.0
62165.0,24253719.0,Skobo Do,53.0
29708.0,15757781.0,Josh Goldman,53.0
67375.0,21795087.0,PatrickSVM,53.0
22676.0,15342127.0,cyberbird,53.0
14592.0,9756234.0,Ronith ,53.0
21213.0,13690267.0,Lei Xun,53.0
62183.0,11728559.0,cfml,55.0
40411.0,16967526.0,JoJolyne,55.0
31949.0,16305212.0,jr235,55.0
22779.0,2653113.0,hmojtaba,55.0
46395.0,21315520.0,Ykwk,55.0
50751.0,4926.0,Paul Reiners,55.0
78900.0,4028148.0,user3315463,55.0
12376.0,8855245.0,user117279,55.0
7965.0,9483258.0,Pierre L.,56.0
67372.0,27625244.0,OlivierB,56.0
32973.0,10932157.0,keshav,56.0
2680.0,1379400.0,hekimgil,56.0
46864.0,19206210.0,Alan Silver,56.0
1433.0,1375249.0,Taylor Swift,56.0
40597.0,5544255.0,dbalchev,56.0
68774.0,18348514.0,Jakub Podolak,56.0
16689.0,13897636.0,Nicholas Frosst,56.0
63660.0,2916137.0,Dan,56.0
40342.0,2512060.0,Luke,56.0
36970.0,14471963.0,math_phile,56.0
42983.0,7608530.0,Дмитрий Винник,56.0
1507.0,7336427.0,sander2798,56.0
1790.0,9093040.0,Techie91,57.0
47888.0,8196356.0,dcr,57.0
9105.0,5980720.0,Ignacy Ślusarczyk,57.0
38737.0,18268050.0,Ravi Teja,57.0
12324.0,12803368.0,S.Matthias,59.0
53111.0,24329230.0,logijaz,59.0
2682.0,889113.0,iamroot ipcsdemo,59.0
2601.0,8842231.0,steveeweeveewoo,59.0
2892.0,9359145.0,sgtdragonfire,59.0
10229.0,6237293.0,user8740537,59.0
27920.0,12159720.0,samiant,59.0
25714.0,15064406.0,souleatzz,59.0
12026.0,11673689.0,Emil Wormbs,59.0
12217.0,12718589.0,Paulo Neves,59.0
10350.0,12066269.0,T.A. Eady,59.0
31407.0,17130224.0,Arnav Gupta,59.0
15023.0,3298221.0,Tyler,59.0
49372.0,22531289.0,bonzo_pippinpaddle,59.0
9057.0,8153365.0,b00h,59.0
14816.0,13305958.0,Tom Z,59.0
3788.0,1819923.0,hardking,59.0
3477.0,9590002.0,Siri,59.0
23915.0,10705219.0,Late347,59.0
100419.0,41240529.0,mohamed hamed,59.0
8511.0,11354976.0,convergence,59.0
66775.0,27502840.0,jwl17,59.0
15281.0,13455510.0,olafgrossebaf,59.0
2788.0,9319061.0,Forth Temple,59.0
29902.0,16744538.0,user29902,61.0
97939.0,19793585.0,codeing_monkey,61.0
31063.0,6494387.0,srinivas tunuguntla,61.0
22886.0,14293257.0,Yangcy,61.0
29949.0,16680404.0,Francis Chang,61.0
23682.0,15671053.0,melawiki,61.0
32275.0,4343317.0,user3546025,61.0
3908.0,4197044.0,Ian Larson,61.0
101203.0,46062659.0,Riley Nelson,61.0
21439.0,15126638.0,anonisnotanon,61.0
43507.0,17303410.0,Alireza Hosseini,61.0
30250.0,1337160.0,danielsvane,61.0
12101.0,12680428.0,braaterAfrikaaner,61.0
19116.0,9686423.0,Jed,61.0
43083.0,20249058.0,codinggirl123,61.0
64773.0,27226603.0,Danilo Bojanic,61.0
47629.0,3038735.0,AHF,61.0
25294.0,15841661.0,alex vdk,61.0
31966.0,14889548.0,Darius Chira,61.0
44509.0,20669149.0,Aki Koivu,61.0
16878.0,12855314.0,Muhammad Rafique,61.0
10265.0,12031539.0,Khan,61.0
26265.0,16088750.0,Alen Parker,61.0
2995.0,3299644.0,Mudit Sharma,61.0
9687.0,11793265.0,Free,61.0
43623.0,20388421.0,Geneveve08,61.0
43828.0,4671815.0,jdizzle,61.0
37951.0,7811041.0,Atrox,61.0
55575.0,16690601.0,Philipp123,61.0
13001.0,13031820.0,bat,61.0
32819.0,1850117.0,BudBrot,61.0
51490.0,23621239.0,cookiecutter,61.0
40477.0,16748234.0,dani,61.0
19656.0,14314461.0,user29521,61.0
26494.0,15776529.0,maven,61.0
49760.0,14626347.0,Tom HANAX,61.0
26777.0,4646702.0,OneManArmy,61.0
32074.0,16735920.0,rodan,61.0
27915.0,16496960.0,brokentransform,61.0
40330.0,19307084.0,Quappojoice,61.0
21895.0,7462234.0,Mathews24,61.0
33488.0,3450997.0,user101464,61.0
41618.0,19661051.0,XiaoBanni,61.0
19195.0,9234790.0,Gesetzt,61.0
2936.0,1485357.0,David Price,61.0
16280.0,13777968.0,Rachael E,61.0
22162.0,15302925.0,Savco,61.0
22869.0,9959872.0,Chal.lo,61.0
95442.0,5888596.0,Shahid Thaika,61.0
15587.0,13556043.0,Ameba kupiec,61.0
36913.0,11777404.0,ozoubia,61.0
33167.0,2593328.0,DCTLib,61.0
17693.0,460466.0,Perpetuum,61.0
32981.0,13704697.0,Prishita Ray,61.0
82588.0,25214472.0,Joseph,61.0
64797.0,18190494.0,txopen,61.0
22540.0,15220597.0,ssh,61.0
15324.0,8685073.0,Kristof,61.0
33467.0,15547190.0,mayuresh_sa,61.0
21872.0,15229482.0,user21872,61.0
20378.0,1463824.0,greensquare,61.0
36749.0,17666241.0,JAYDEEP GHOSE,61.0
41756.0,5837602.0,Nafees Ahmed,61.0
17006.0,13005877.0,Mr. Curious,61.0
33629.0,14992690.0,joshrule,61.0
62638.0,26715804.0,bigdatadan,61.0
38298.0,13396406.0,Fishfish,61.0
82107.0,30011084.0,LAILA EL OUEDEGHYRY,61.0
76983.0,16526486.0,Zohaib Hamdule,61.0
43752.0,20421397.0,Heckspoiler,61.0
33018.0,6305268.0,karlkurzer,61.0
17058.0,13437153.0,SRJ577,61.0
73104.0,21923134.0,Optical_flow_lover,61.0
26209.0,16078458.0,user26209,61.0
41715.0,19774508.0,thsolyt,61.0
27128.0,16304582.0,Hadassah Airekun,61.0
28307.0,16315725.0,lr99,61.0
31396.0,14762191.0,ovezn,61.0
100883.0,45784850.0,Evandong,61.0
38736.0,11893272.0,TheFnafException,61.0
16678.0,13890705.0,İbrahim Abbasov,61.0
25352.0,12023490.0,Scorpio76,61.0
29643.0,16682370.0,user29643,61.0
30907.0,16397237.0,A_the_kunal,61.0
32933.0,17586125.0,Gyeonghoon Ko,61.0
42941.0,20206284.0,jengmge,61.0
23034.0,8033384.0,katipra,61.0
41103.0,19555705.0,Himanshu,61.0
4327.0,5772144.0,user4327,61.0
50755.0,17040252.0,Dean R,63.0
16255.0,13714979.0,Deep Analytics,63.0
1284.0,5636327.0,Andrew,63.0
17849.0,10799781.0,Mrunal Sonawane,63.0
3343.0,9172747.0,mountaincloud,63.0
66179.0,459391.0,kokumajutsu,63.0
15011.0,13364520.0,user9645302,63.0
94320.0,13901236.0,Metaxal,63.0
44386.0,20254930.0,Daniel,63.0
33374.0,17716834.0,Sara El,63.0
30729.0,10249470.0,Air Christmas,63.0
43065.0,20245838.0,Why Not,63.0
27156.0,14495874.0,cjm333,63.0
10783.0,10140406.0,Filip Dziuba,63.0
9211.0,11612619.0,Ramah Wart,63.0
10617.0,6308697.0,UsualStranger,63.0
33025.0,17617600.0,Taissa,63.0
26313.0,16102887.0,NNLearner,63.0
26768.0,4215751.0,skywalkerdk,63.0
35867.0,17969550.0,user1234544,63.0
44734.0,7120778.0,zedsdead,63.0
36228.0,15209808.0,Y. Xu,63.0
4664.0,8490159.0,İsmail Uysal,63.0
56167.0,762934.0,SRobertJames,63.0
35911.0,16740309.0,basujindal,63.0
47299.0,18795537.0,Chandrasekhara,63.0
9699.0,11706733.0,James Corbett,63.0
5558.0,1937792.0,George Sechu,63.0
21366.0,12346395.0,user9007131,63.0
19094.0,4584095.0,lrosique,63.0
34290.0,17975701.0,ViB,63.0
31325.0,14519625.0,Aggraj Gupta,63.0
20449.0,8627367.0,Abdulkader,63.0
30551.0,9640157.0,jou,63.0
14625.0,10536059.0,Nigk,63.0
18427.0,11931387.0,Riddle Aaron,65.0
20736.0,14820369.0,Aguy,65.0
54467.0,17885471.0,Souhaielrmx,65.0
62674.0,13609727.0,helloworld,65.0
2752.0,7995433.0,mir-aclewhip,65.0
40635.0,10321262.0,Shon Verch,65.0
20780.0,13596758.0,Alfonso,65.0
56249.0,3290756.0,yarchik,65.0
68304.0,19235566.0,oguzaliarslan,66.0
4392.0,4471466.0,knapptimezzz,66.0
27965.0,14098147.0,Winnie Xu,66.0
3808.0,9709623.0,Engage,66.0
32485.0,15105581.0,bluesisnotrock,66.0
27160.0,5614295.0,Ozzi,66.0
14483.0,5446428.0,Sibghat Ullah,66.0
20714.0,4511304.0,shaabhishek,66.0
100541.0,1784542.0,config.yaml,66.0
12285.0,3382277.0,Mustafa Radha,66.0
31016.0,5378285.0,Karan Dhingra,66.0
9716.0,11805550.0,Ra'ad Shahaltough   ,67.0
15463.0,5577148.0,Ashwin Kannan,67.0
38447.0,13045471.0,Saptam,67.0
89139.0,19134563.0,marc_spector,67.0
22906.0,14235908.0,user10283726,68.0
18808.0,14489424.0,Domas A,68.0
23599.0,3246744.0,Derek Hans,69.0
14731.0,13279244.0,Vasya T,69.0
68800.0,27911315.0,minimal,69.0
52775.0,13948444.0,Yuval Amir,69.0
32649.0,17497892.0,user32649,69.0
15944.0,6159527.0,Surender Harsha,69.0
8700.0,10871501.0,Kayonga Arnauld,69.0
6482.0,10622705.0,Andy,69.0
51957.0,18171837.0,Amit,69.0
83786.0,13904652.0,Тима ,69.0
14918.0,2449833.0,TreHoffman,69.0
47007.0,21569712.0,Anonymous,69.0
49718.0,18946030.0,Leibniz,69.0
33670.0,15536536.0,Debugger,69.0
42182.0,18006360.0,Gavin,69.0
60251.0,26266576.0,He LongXiang,69.0
25685.0,13721885.0,techPirate99,70.0
9797.0,11368066.0,tamirok,71.0
48160.0,5452123.0,santobedi,71.0
25729.0,15351846.0,Shrey Shrivastava,71.0
21319.0,15097936.0,czz1850,71.0
9962.0,11901557.0,user8709398,71.0
6581.0,10658356.0,Logan Young,71.0
9891.0,11877452.0,user,71.0
11588.0,12012909.0,hans,71.0
15736.0,13604794.0,user15736,71.0
15789.0,13550478.0,Emile Engelbrecht,71.0
34328.0,2020899.0,Pell000,71.0
31894.0,15676891.0,TurbulentWinds,71.0
2888.0,6949474.0,Ayan Paul,71.0
27735.0,16458571.0,SARIKA,71.0
6477.0,5333432.0,csheroe,71.0
33397.0,2453667.0,Alienator,71.0
76434.0,21657536.0,Yuxiang Wei,71.0
33088.0,10825580.0,강문주,71.0
26301.0,3912878.0,Soumee,71.0
13141.0,13075983.0,SomeDudeCalledMo,71.0
37576.0,9032361.0,danin,71.0
25781.0,3659525.0,chickensoup,71.0
9225.0,11616753.0,Peter,71.0
70907.0,18040894.0,Miguel Carvalho,71.0
61202.0,26418834.0,aboveandbeyondis,71.0
22586.0,939417.0,Demogorii,71.0
14923.0,6453401.0,norflow,71.0
99922.0,44799483.0,Smart Smart,71.0
26955.0,13310332.0,Ivan Zhu,71.0
10540.0,10125847.0,letyrodri,71.0
76678.0,29574250.0,P0TAT0,71.0
1343.0,4674682.0,Dominik,71.0
5583.0,10193403.0,Frank Kurka,71.0
46914.0,11445409.0,Adriaan,71.0
40753.0,18850693.0,Quintus,71.0
31501.0,13461364.0,Ahmed ,71.0
45953.0,20898191.0,Jay,71.0
77036.0,15754551.0,EarthHunger,71.0
30038.0,2189275.0,Intent Filters,71.0
50749.0,4297257.0,jumelet,71.0
23531.0,13001303.0,Mirza,71.0
75855.0,23674286.0,Erik Storm,71.0
19932.0,11312685.0,Abdul Rahman Dabbour,71.0
25366.0,4375133.0,Tamilarasu Ulaganathan,71.0
9847.0,11860182.0,Curious G,71.0
41519.0,19701907.0,rahul tomar,71.0
17603.0,9112064.0,TomaateTip,71.0
34002.0,16703216.0,Pavan Inguva,71.0
30642.0,16936357.0,Riz,71.0
49458.0,6244101.0,entropy07,71.0
73598.0,28928227.0,diffusion stable,71.0
100110.0,45142836.0,Ayo Davies,71.0
32751.0,15210735.0,Orly,71.0
22093.0,4245820.0,55597,71.0
1267.0,2243393.0,Tejal,71.0
48812.0,20132502.0,Paco Loco,71.0
47500.0,14154022.0,FoundABetterName,71.0
27601.0,7042527.0,Markov,71.0
18646.0,14449129.0,Rajat Pundir,72.0
47121.0,16751219.0,Mitarano,73.0
55309.0,15131965.0,Arham,73.0
4460.0,5757317.0,Shashank,73.0
15764.0,6085937.0,gerard,73.0
50416.0,15906719.0,Tyler M,73.0
78824.0,14466403.0,singularli,73.0
26437.0,9665080.0,thzu,73.0
6406.0,9866745.0,James,73.0
15652.0,12818092.0,Dimitry,73.0
30909.0,16250585.0,cocojambo,73.0
25893.0,9514966.0,nvergontbij,73.0
30157.0,16828249.0,Ali Usyd,73.0
34033.0,17327550.0,Yari Nowicki,73.0
21415.0,15120792.0,Younes Ch,73.0
38931.0,19046081.0,mogoja,73.0
43190.0,20048322.0,Leoverload,73.0
76271.0,6246883.0,akliyen,73.0
10475.0,7718502.0,이희준,73.0
38455.0,14227403.0,Cheleeger Ken,73.0
16864.0,13959634.0,Faruk Nane,73.0
76688.0,22970905.0,mavex857,73.0
32329.0,2815104.0,Carol.Kar,73.0
27472.0,14841488.0,TFbie,73.0
20601.0,3474137.0,zen,73.0
67468.0,11346270.0,programmer_04_03,73.0
18209.0,7794829.0,Ryan,73.0
37258.0,15454259.0,goldilocks,73.0
32638.0,11060140.0,0xPrateek,73.0
65936.0,1050303.0,BigBrownBear00,73.0
37928.0,16277347.0,Dominiksr,75.0
31112.0,1962547.0,gator,75.0
53871.0,13561670.0,Peter,75.0
19660.0,14641123.0,saiqa jabeen,75.0
15570.0,13548106.0,Cosmo,76.0
22855.0,6314549.0,Dwait Bhatt,76.0
52369.0,3474320.0,user2907934,76.0
12006.0,3661841.0,Bitzel,76.0
14809.0,13304763.0,JMed,76.0
11778.0,8470020.0,Naveen Venkat,76.0
57686.0,21901428.0,Marib Sultan,76.0
19780.0,13615129.0,Satyam Kumar,77.0
54912.0,16599290.0,ketan dhanuka,77.0
44752.0,6158397.0,Floris den Hengst,77.0
27231.0,16048345.0,EArwa,77.0
68830.0,26980506.0,BlueSnake,77.0
21171.0,5736415.0,ketzul,78.0
28384.0,4477387.0,ijuneja,78.0
30384.0,15270404.0,Snehal Reddy,79.0
35810.0,4377344.0,ghosts_in_the_code,79.0
13058.0,1257664.0,Daniel Wong,79.0
36905.0,11859204.0,A.Najafi,79.0
93196.0,31867000.0,Jien Weng,79.0
18459.0,9841241.0,bipul kalita,79.0
56217.0,20780038.0,Pouyan,79.0
2320.0,9157271.0,simonepi,79.0
37414.0,13892682.0,Ali Khalili,79.0
73297.0,13929676.0,Yang,79.0
11111.0,12340136.0,Vince Britz,81.0
7897.0,11123967.0,Epsilekt,81.0
36189.0,1703749.0,user1563247,81.0
43333.0,13596089.0,vesii,81.0
36785.0,15328553.0,Amir,81.0
36525.0,16995253.0,Arcturai,81.0
2244.0,5504846.0,quantumcoder,81.0
15631.0,9570500.0,Dayz,81.0
14587.0,8953259.0,murthy10,81.0
26342.0,8697828.0,Mahir Mahbub,81.0
41824.0,17090607.0,Tofara Moyo,81.0
38818.0,8012610.0,sirfroggy,81.0
10736.0,12156860.0,Peyton B,81.0
9046.0,5327726.0,Cryptonaut,81.0
5191.0,10162319.0,Jason Lobo,81.0
10402.0,2148298.0,Erin Loy,81.0
5534.0,10268986.0,stustd,81.0
17602.0,14188749.0,D. S.,81.0
21471.0,10186813.0,Alina Barnett,81.0
31547.0,17161531.0,James,81.0
26876.0,15559442.0,mglss,81.0
31518.0,13121304.0,Kevin,81.0
45239.0,16346536.0,AB Saravanan,81.0
28182.0,13865650.0,keshik,81.0
32915.0,5204663.0,Giulio Ortali,81.0
34095.0,9610896.0,CoffeeBaconAddict,81.0
82506.0,10797136.0,Jayson Meribe,81.0
49892.0,22804192.0,Langtec,81.0
27826.0,3021001.0,Barzi2001,81.0
12505.0,9766027.0,terenceflow,81.0
28041.0,16508778.0,oleg.mosalov,82.0
38127.0,7199260.0,Linsu Han,83.0
14833.0,6554786.0,Joshua Jang,83.0
9406.0,7193361.0,Damian Matkowski,83.0
46856.0,21239863.0,notaprogrammertoday,83.0
32014.0,17202316.0,bigphil,83.0
7101.0,5772689.0,Anko6,83.0
32347.0,5973826.0,HiDDeN,83.0
17664.0,14206211.0,Qwarzix,83.0
48158.0,4897882.0,Gerhardus Carinus,83.0
23049.0,7900759.0,ron653,83.0
26306.0,13667454.0,Marvin,83.0
29621.0,10303465.0,qiang li,83.0
54656.0,19301668.0,0jas,83.0
18729.0,5294595.0,Grumpy C,83.0
48858.0,20971984.0,Deffo,83.0
2887.0,7337127.0,U754V,83.0
19177.0,11722698.0,Cryptiex,83.0
49366.0,2629727.0,Blencer,83.0
41986.0,4244842.0,Kikolo,83.0
33032.0,5315302.0,Davide Fiocco,83.0
25688.0,1790857.0,user1631306,83.0
28314.0,5945685.0,Bhavana,83.0
11933.0,3558462.0,ZYH,83.0
13255.0,5939015.0,nivter,83.0
43582.0,1440038.0,user1360448,83.0
75521.0,16301591.0,VJ123,83.0
41591.0,19722532.0,Artūras Drūteika,83.0
12273.0,7253620.0,Gokulakannan,83.0
9634.0,411351.0,Aadit M Shah,84.0
18504.0,439758.0,Cheng,85.0
44927.0,4854153.0,O'Jhene,85.0
31672.0,17104561.0,port trum,85.0
37.0,7699122.0,Veena Ghorakavi,85.0
49255.0,1238913.0,gerichhome,85.0
23496.0,3557255.0,JavAlex,85.0
9560.0,10003214.0,Sourav Dalai,85.0
82863.0,25378314.0,BsAxUbx5KoQDEpCAqSffwGy554PSah,85.0
15428.0,12972899.0,Ali_Ayub,85.0
1666.0,7570506.0,Pedro Narloch,86.0
26489.0,13926659.0,Kaivalya Swami,86.0
5293.0,4880494.0,dtorpey,86.0
44852.0,15529707.0,Mohith Kaameswaran Sakthivel,86.0
19603.0,14307720.0,Nimra Malik,86.0
42330.0,15579191.0,F4RZ4D,86.0
18676.0,6318913.0,Igor ,87.0
17423.0,12905570.0,Aphrodite,87.0
81939.0,26468077.0,yeebo xie,87.0
11465.0,9715760.0,Aref.a,89.0
7564.0,9271524.0,RuiZhang1993,89.0
43131.0,20256320.0,Johnny,89.0
30939.0,16820474.0,Srivatsan Ramesh,89.0
23546.0,14089720.0,Hozaifa Bhutta,89.0
1976.0,3874781.0,ABcDexter,89.0
38188.0,4625794.0,saiRegrefree,89.0
21644.0,13650963.0,O-D,89.0
41995.0,16882652.0,snatchysquid,89.0
11751.0,1655910.0,Jorge Fuentes González,89.0
20886.0,14995883.0,Carrier Battles,89.0
35679.0,13609679.0,Joel Joseph,90.0
30015.0,9772521.0,Ramzah Rehman,91.0
21125.0,15051453.0,Sunshine ,91.0
3566.0,9364593.0,Jairo,91.0
4984.0,10090233.0,Eddy,91.0
31284.0,4037172.0,D_s,91.0
31576.0,10431296.0,Bivin Vinod,91.0
15490.0,8873641.0,Neil Nahid,91.0
31657.0,512352.0,kuzand,91.0
9525.0,2180401.0,Rohan Sharma,91.0
44902.0,20783220.0,Ben,91.0
19193.0,14587275.0,mfioah,91.0
33309.0,1195679.0,mortonjt,91.0
11166.0,11347233.0,LastIronStar,91.0
67672.0,27685209.0,KFilter,91.0
14710.0,5567066.0,Christopher Jernigan,91.0
28100.0,11124291.0,Krishnakumar,91.0
62642.0,19924553.0,jgklsdjfgkldsfaSDF,91.0
17460.0,9871925.0,steve,91.0
34351.0,18000826.0,dan888,91.0
30470.0,16886133.0,wcc,91.0
20976.0,14729036.0,IpsumPanEst,91.0
12089.0,6190582.0,Pre-alpha,91.0
18043.0,10294493.0,Laura C,91.0
15958.0,4800626.0,user3877351,91.0
26508.0,6919723.0,vdbuss,91.0
62712.0,7901705.0,abkg,91.0
25642.0,3475107.0,Edison,91.0
47642.0,6741141.0,Virus,91.0
34540.0,11432877.0,Swayamprakash Patel,91.0
15811.0,13630440.0,William Nickson,91.0
74659.0,3186949.0,edmz,91.0
88880.0,21999500.0,Yuirike,91.0
26522.0,16160688.0,neomatriciel,91.0
10314.0,12052510.0,user10314,91.0
14749.0,10500711.0,Ayoub EL MAJJODI,92.0
40245.0,19280994.0,himari,93.0
41860.0,5774060.0,Flávio Mendes,93.0
6508.0,7064383.0,kvk venugopal,93.0
6921.0,10012559.0,practronix512,93.0
4707.0,4595425.0,PintoUbuntu,93.0
18109.0,11065065.0,apitsch,93.0
21518.0,13069833.0,jhinGhin,93.0
16258.0,3521550.0,LP0,93.0
100338.0,45351747.0,Mohamed El Nawawy,93.0
11537.0,10966927.0,Conway,93.0
18027.0,12891214.0,Sidney Guaro,93.0
33759.0,17829241.0,Mao76,93.0
25732.0,14714527.0,David Rein,93.0
54870.0,13626697.0,Aushilfsgott,93.0
27221.0,1089762.0,Troy,93.0
55937.0,10494775.0,asdfasdfsdf,93.0
19984.0,12917010.0,Shifat E Arman,93.0
90437.0,33188931.0,nova,93.0
21143.0,4644152.0,JSChang,93.0
3836.0,2065112.0,Karan,94.0
54100.0,15688529.0,Antonis Karvelas,95.0
21157.0,6720970.0,Pluxyy,95.0
7338.0,4900171.0,ncomputers,95.0
2299.0,372293.0,David Schwartz,95.0
79479.0,512651.0,Hauke Reddmann,95.0
7773.0,11076421.0,rajkarthikkumar,95.0
68567.0,7613922.0,Sreeragh A R,95.0
31957.0,9913799.0,Sahar Sela,96.0
4865.0,10046267.0,user7427549,96.0
1613.0,2619447.0,shekkizh,96.0
19256.0,12541691.0,adriculteur,96.0
47183.0,18764859.0,bguetarni,96.0
15444.0,396368.0,todddeluca,96.0
46075.0,6993031.0,user,97.0
42490.0,17917476.0,ombk,97.0
76530.0,2188073.0,afshi7n,97.0
15257.0,2888061.0,James V Stone,97.0
9991.0,5556401.0,Devidas,97.0
15152.0,3949107.0,Soroush,98.0
8166.0,6307131.0,dakay,99.0
3529.0,9603978.0,aristotelo_ver2,99.0
19864.0,8693190.0,act,99.0
62651.0,2502281.0,Ohumeronen,99.0
74167.0,2637492.0,falsetto,99.0
79376.0,5247667.0,NSFW,99.0
76553.0,14705004.0,Sadcow,99.0
53543.0,8541224.0,Funzo,99.0
6411.0,10593808.0,user6411,99.0
40779.0,9085266.0,cagney,99.0
61458.0,135952.0,Panayotis,99.0
78512.0,69579.0,Steven,99.0
26719.0,11800108.0,lolodino77,99.0
13149.0,5825373.0,GRS,99.0
20633.0,5559123.0,Thibault Molleman,99.0
68844.0,13088918.0,Mointy,99.0
85805.0,192324.0,SteAp,99.0
43208.0,6244928.0,Reza_va,99.0
78032.0,444081.0,Jose Antonio Martin H,99.0
3358.0,9041091.0,buzzer,99.0
59270.0,1891950.0,Josh,99.0
45600.0,16866614.0,f_3464gh,99.0
18139.0,13428981.0,Jun,99.0
46274.0,8667946.0,최선웅,99.0
55316.0,2422025.0,Ibrar Ahmed,99.0
47315.0,11495545.0,behrad,99.0
97488.0,6422975.0,Alex,99.0
10958.0,5890208.0,Suzanne,99.0
38920.0,6314538.0,thelawnet,99.0
1340.0,37836.0,tomzx,100.0
1486.0,257842.0,Raphael,100.0
35928.0,2862558.0,FirefoxMetzger,101.0
22867.0,325959.0,Emran Hussain,101.0
102515.0,3108512.0,user102515,101.0
15980.0,7428503.0,havakok,101.0
10730.0,8916921.0,Kostas Mouratidis,101.0
69641.0,137283.0,Charles,101.0
16380.0,517898.0,Graipher,101.0
60239.0,4968676.0,Marko Lalovic,101.0
49046.0,5741273.0,구마왕,101.0
9279.0,6810583.0,dant,101.0
6376.0,1312966.0,Uberswe,101.0
8879.0,7979695.0,C. Ding,101.0
101665.0,21122808.0,YuerCauchy,101.0
89582.0,10857207.0,saper0,101.0
17658.0,4920817.0,Gurkenkönig,101.0
23176.0,1773088.0,Mathematics,101.0
102000.0,15813772.0,ReutKeller,101.0
100953.0,21752939.0,Rambal heart remo,101.0
42583.0,10662640.0,coderina,101.0
85.0,1633907.0,Daniel,101.0
17536.0,2085422.0,Scortchi,101.0
67669.0,4422027.0,c z,101.0
30921.0,1645427.0,jan-glx,101.0
29973.0,4410958.0,Reinstate Monica,101.0
11494.0,2283626.0,chris,101.0
34278.0,509441.0,Russell McMahon,101.0
93563.0,4604982.0,Smurfy7777,101.0
48702.0,12563773.0,sb27,101.0
55229.0,425196.0,japreiss,101.0
70934.0,9864853.0,ggagliano,101.0
94220.0,19282278.0,Raj Maddheshiya,101.0
75619.0,42600.0,Camilo Martin,101.0
75735.0,31164.0,sehe,101.0
64839.0,449991.0,Mooing Duck,101.0
75706.0,6098776.0,ain92,101.0
3341.0,5512753.0,Adam Bittlingmayer,101.0
22101.0,7837113.0,Frank Puffer,101.0
18832.0,8129865.0,Max Semikin,101.0
12028.0,160345.0,Agnius Vasiliauskas,101.0
68138.0,13526281.0,41 72 6c,101.0
42318.0,328348.0,Seppo Enarvi,101.0
21503.0,428053.0,Marc,101.0
48799.0,4915228.0,Maharshi Roy,101.0
27245.0,11239377.0,Joseph Budin,101.0
25849.0,3182907.0,greentec,101.0
52099.0,3581211.0,Just_a_fool,101.0
2304.0,1859446.0,CramerTV,101.0
3101.0,207270.0,John Powell,101.0
67521.0,16135298.0,Anna Koroleva,101.0
7906.0,1175889.0,leitasat,101.0
29897.0,1378200.0,Dheeraj Bhaskar,101.0
23412.0,5203808.0,Leponzo,101.0
46713.0,90292.0,Nam G VU,101.0
75734.0,13722742.0,gidds,101.0
31198.0,2849751.0,David Zhang,101.0
74045.0,52410.0,neminem,101.0
98677.0,17253991.0,Xaver,101.0
12352.0,1340417.0,João Quintas,101.0
52341.0,5468284.0,Galen,101.0
79072.0,185145.0,Michael Burrows,101.0
10599.0,4406495.0,Ted Taylor of Life,101.0
71716.0,1774372.0,Diagon,101.0
21457.0,4718343.0,Don King,101.0
98273.0,215224.0,pcace,101.0
46399.0,8043189.0,killian95,101.0
26733.0,5383697.0,Jamin Quimby,101.0
15287.0,7015104.0,Dheeraj Pb,101.0
64550.0,456439.0,eddiewould,101.0
35914.0,11150088.0,PascalIv,101.0
29842.0,3400308.0,Hyperplane,101.0
45691.0,1521971.0,Mohit,101.0
59968.0,12316529.0,RukshanJS,101.0
44202.0,2730863.0,Malik A. Rumi,101.0
97955.0,2124341.0,Kenny83,101.0
98025.0,14596857.0,Jugert Mucoimaj,101.0
53963.0,12826350.0,osbm,101.0
75928.0,8973287.0,FerventHippo,101.0
50802.0,9431546.0,nnolte,101.0
37222.0,10877308.0,kobako,101.0
40133.0,1855797.0,The Dude,101.0
32266.0,4164460.0,user3413723,101.0
33150.0,4182978.0,yhenon,101.0
79569.0,249657.0,Jo Liss,101.0
47465.0,3849700.0,Saurabh Jain,101.0
71634.0,4384669.0,firdaus,101.0
74664.0,105247.0,Luxspes,101.0
15479.0,3761440.0,n1k31t4,101.0
79781.0,2997181.0,MajidL,101.0
45644.0,18623549.0,Prakash Dahal,101.0
11871.0,417384.0,bizi,101.0
97864.0,4866093.0,edition,101.0
19818.0,2358449.0,Herman Jaramillo,101.0
19081.0,3237686.0,red75prime,101.0
2303.0,309064.0,Dave Cousineau,101.0
47605.0,4385245.0,Whitehot,101.0
35793.0,1637432.0,MPA,101.0
4876.0,2694447.0,ᴀʀᴍᴀɴ,101.0
71275.0,15410136.0,MathematicsBeginner,101.0
62503.0,13774241.0,Allonsy Jia,101.0
82454.0,2114690.0,Elliott de Launay,101.0
75612.0,4564744.0,darKnight,101.0
43428.0,44860.0,Geoff Hutchison,101.0
30456.0,9899824.0,TwinPenguins,101.0
2194.0,1718514.0,PascalVKooten,101.0
85031.0,18750491.0,YadneshD,101.0
4892.0,3244081.0,mseddon,101.0
20887.0,7170770.0,aleck,101.0
40986.0,18452511.0,Andrew Sansom,101.0
86728.0,54988.0,shabbychef,101.0
12699.0,14410.0,T.E.D.,101.0
33143.0,6428404.0,alkasm,101.0
30865.0,4112130.0,Davidmh,101.0
2077.0,3637221.0,Luaan,101.0
46025.0,370267.0,KnowledgeDude,101.0
67466.0,1900703.0,Not Important,101.0
77616.0,9146367.0,Natural Number Guy,101.0
72540.0,1538304.0,Darkdragon84,101.0
22440.0,14852099.0,GameDungeon,101.0
77709.0,1313501.0,Joanna Bryson,101.0
33180.0,4416527.0,mrkwse,101.0
33116.0,7861192.0,Kyle A,101.0
51567.0,343779.0,Scot,101.0
52880.0,1268233.0,YakovK,101.0
2927.0,8031528.0,JP Zhang,101.0
64311.0,4296955.0,Narrateur du chaos,101.0
93910.0,35942328.0,Naraghazi,101.0
42500.0,15158036.0,Tan Phan,101.0
30719.0,4451999.0,Lee,101.0
70703.0,5459490.0,bill,101.0
56526.0,9723805.0,Toby V.,101.0
25916.0,1175385.0,Aleksandr Dubinsky,101.0
17683.0,6576344.0,Andy R,101.0
68309.0,2967644.0,Keeeeeenw,101.0
8256.0,4307557.0,hoffmale,101.0
2043.0,197528.0,Benny Bottema,101.0
69277.0,1293846.0,Evan Zamir,101.0
68299.0,2724475.0,Antonio,101.0
33554.0,13853443.0,Rainb,101.0
92514.0,1606199.0,sawyermclane,101.0
42343.0,11108899.0,Valentin Metz,101.0
19628.0,123843.0,MasterScrat,101.0
42151.0,6558015.0,Imran Kocabiyik,101.0
79999.0,25900272.0,me9hanics,101.0
68315.0,6974391.0,Dieblitzen,101.0
49933.0,10488072.0,tjysdsg,101.0
55692.0,10744396.0,Matias Haeussler,101.0
18678.0,2705381.0,RodolfoAP,101.0
21732.0,10649496.0,tejasvi,101.0
88926.0,87492.0,cheind,101.0
40267.0,6367009.0,Joe Bloggs,101.0
79605.0,158784.0,thomasf1,101.0
45683.0,20920833.0,Good Luck,101.0
89795.0,2458617.0,selvan,101.0
59890.0,80571.0,nurettin,101.0
92455.0,42916.0,Jackie,101.0
4832.0,4352464.0,Jeremy Tammik,101.0
38897.0,15322892.0,feature_engineer,101.0
50315.0,16477228.0,chichi,101.0
63860.0,11640182.0,Beyondo,101.0
51289.0,20791732.0,Kiana Kazeminejad,101.0
8345.0,17747.0,Ainsley H.,101.0
35929.0,6971852.0,amI,101.0
5487.0,2024569.0,dk14,101.0
48143.0,145718.0,polm23,101.0
91758.0,5328713.0,cem akbulut,101.0
37430.0,332107.0,Neel,101.0
31668.0,32093.0,Eric Lippert,101.0
18012.0,4651077.0,Mercer,101.0
60222.0,4255796.0,Andrey,101.0
23072.0,274548.0,Fabio A.,101.0
79555.0,1481577.0,jackofallcode,101.0
52514.0,14971315.0,Jacob Valdez,101.0
67265.0,1311994.0,Fabiano Taioli,101.0
70214.0,1117132.0,Mihai,101.0
96893.0,8371845.0,Mark Peschel,101.0
31604.0,6935154.0,Aleksandr Hovhannisyan,101.0
10317.0,2217998.0,Sergey Kovalev,101.0
4338.0,9804168.0,A. Folken,101.0
27781.0,153869.0,MrWhite,101.0
33424.0,10068342.0,FabioSpaghetti,101.0
91652.0,305047.0,daisy,101.0
53630.0,7938659.0,drSlump,101.0
51689.0,3667583.0,DMGregory,101.0
45156.0,11252909.0,Koen,101.0
44771.0,1078673.0,Sadra,101.0
11518.0,9471435.0,Ricoter,101.0
41508.0,19592785.0,Jane,101.0
17699.0,88652.0,KAE,101.0
38990.0,188507.0,Memming,101.0
42868.0,2567338.0,John Sig,101.0
64909.0,369346.0,RedSonja,101.0
66430.0,26977027.0,datenheim,101.0
55200.0,18017074.0,Ian Campbell,101.0
73178.0,186022.0,LarsH,101.0
1900.0,5317625.0,Tophandour,101.0
1600.0,305991.0,Jason C,101.0
45721.0,4730561.0,Romain,101.0
54107.0,11249184.0,Steve Mucci,101.0
61906.0,390241.0,Stefan,101.0
4268.0,9697655.0,Ben Ong,101.0
2199.0,3241481.0,Mayo,101.0
2155.0,5104823.0,Periata Breatta,101.0
1871.0,7470.0,Steve Jessop,101.0
1833.0,1085259.0,Dawood ibn Kareem,101.0
82971.0,149896.0,zbstof,101.0
51316.0,1938575.0,Adam,101.0
72761.0,1613382.0,Janac Meena,101.0
66614.0,4471967.0,SO_fix_the_vote_sorting_bug,101.0
82201.0,246243.0,Gonzalo Matheu,101.0
73641.0,3671872.0,thinksinbinary,101.0
73185.0,399717.0,Nasser,101.0
72591.0,2051984.0,Tom Wenseleers,101.0
68926.0,1743664.0,Ernest Sawyer,101.0
89001.0,14160252.0,morshedm,101.0
71412.0,2211028.0,Gyll,101.0
2125.0,2998181.0,vikarjramun,101.0
1398.0,3010499.0,Fatalize,101.0
40520.0,4009180.0,Prasanth Rajendran,101.0
54051.0,3233737.0,DehengYe,101.0
32730.0,14157842.0,user_3pij,101.0
3376.0,63202.0,David C. Bishop,101.0
38473.0,7394216.0,Mr Tarsa,101.0
20855.0,805342.0,Dan Bron,101.0
75769.0,22091472.0,David McKee,101.0
64759.0,19997411.0,ExcelEverything,101.0
51962.0,13889174.0,starriet 차주녕,101.0
36036.0,14216981.0,sogu,101.0
29781.0,199019.0,Paulo Scardine,101.0
54421.0,279481.0,jaboja,101.0
51740.0,4605585.0,Iam Nick,101.0
2487.0,1260896.0,chx101,101.0
9330.0,411088.0,Stephen,101.0
64580.0,152002.0,LatinSuD,101.0
71525.0,5619673.0,stuart,101.0
44315.0,510969.0,Mathguest,101.0
102085.0,5750007.0,Moti,101.0
33233.0,270952.0,jomegaA,101.0
65788.0,1309929.0,eldar.j,101.0
12517.0,4641657.0,Jim,101.0
23923.0,1963769.0,DollarAkshay,101.0
41536.0,2496530.0,Danyal,101.0
64862.0,6100926.0,David,101.0
4439.0,4418264.0,MR_BD,101.0
53903.0,1225667.0,Michael O,101.0
23334.0,10821728.0,Joel Carneiro,101.0
79931.0,5392262.0,General Grievance,101.0
29800.0,387513.0,leftaroundabout,101.0
69321.0,416592.0,Braiam,101.0
40751.0,503251.0,Tony Stewart EE since 1975,101.0
74801.0,19034863.0,Anay,101.0
33768.0,6970305.0,oeste,101.0
50136.0,22720259.0,Paradox,101.0
16512.0,4019987.0,Chechy Levas,101.0
85135.0,9033826.0,Sarye Haddadi,101.0
25429.0,8661886.0,Somatic Custard,101.0
64370.0,76417.0,nish,101.0
26804.0,13221408.0,nba2020,101.0
20842.0,14497398.0,Neha soni,101.0
91179.0,4095948.0,user71659,101.0
91338.0,4811661.0,Zerotime,101.0
30385.0,4054972.0,Num Lock,101.0
30936.0,1988078.0,javidcf,101.0
25253.0,3005837.0,lucidbrot,101.0
30347.0,1526616.0,Quuxplusone,101.0
22218.0,4854089.0,Hao S,101.0
6934.0,2596358.0,Feryll,101.0
6847.0,2431170.0,Ovi,101.0
71669.0,244787.0,Milind R,101.0
41441.0,89317.0,Carlos Aguayo,101.0
26631.0,13318698.0,user550103,101.0
91161.0,2135826.0,Michael Seifert,101.0
3899.0,6679816.0,SE_User,101.0
61491.0,2602735.0,Plop,101.0
20043.0,7424649.0,Innat,101.0
9720.0,266748.0,Morpheu5,101.0
16665.0,10219062.0,Zafar Kurbonov,101.0
23135.0,6773677.0,tx fun,101.0
20359.0,6791317.0,Luke Sawczak,101.0
75731.0,230492.0,John Gordon,101.0
68166.0,2407418.0,Jarym,101.0
56359.0,6228010.0,Jose Mar,101.0
66929.0,14950817.0,Ama,101.0
91226.0,4327858.0,barbecue,101.0
38209.0,168990.0,Cameron Martin,101.0
75330.0,5765773.0,BadAtLaTeX,101.0
43269.0,2273876.0,BlueMystic,101.0
34493.0,11117577.0,gargoylebident,101.0
25898.0,2909719.0,MrE,101.0
40127.0,3071771.0,Ricardo Cruz,101.0
47329.0,10452790.0,Sami,101.0
93218.0,176168.0,student,101.0
30593.0,935589.0,gerrit,101.0
33921.0,1198139.0,user1169420,101.0
33886.0,3312491.0,Foogod,101.0
25771.0,1160998.0,Peter,101.0
16752.0,6026434.0,Tcfkaj,101.0
55032.0,7028033.0,caaax,101.0
72285.0,245623.0,Lamak,101.0
98884.0,8103570.0,Hericks,101.0
5666.0,3477191.0,gizzmole,101.0
33908.0,221336.0,Pac0,101.0
33148.0,3231852.0,Nobody,101.0
77404.0,21777.0,thomasrutter,101.0
32562.0,2668649.0,Sheraff,101.0
82200.0,2090333.0,JoyfulPanda,101.0
70099.0,397689.0,Jorge Orpinel Pérez,101.0
60961.0,4389301.0,Minuano,101.0
52913.0,5327646.0,zale,101.0
17792.0,6494424.0,mahinlma,101.0
1590.0,1375047.0,GeoMatt22,101.0
20720.0,10214190.0,Arthur Attout,101.0
5397.0,9614270.0,Nassim Ben,101.0
1869.0,2036464.0,Dean MacGregor,101.0
66117.0,1674530.0,Martin Braun,101.0
15027.0,2496282.0,Christopher Klaus,101.0
70293.0,52495.0,ngmir,101.0
27562.0,3120162.0,logeekal,101.0
72298.0,246417.0,akostadinov,101.0
72290.0,14335132.0,David S,101.0
6542.0,111749.0,DavidJ,101.0
82079.0,30990762.0,Mary H,101.0
87305.0,7120141.0,RT.,101.0
79683.0,2262252.0,Evgeniy,101.0
2923.0,173387.0,Theraot,101.0
2880.0,8916828.0,Jake Dube,101.0
18851.0,1699833.0,episodeyang,101.0
5464.0,63522.0,Clearer,101.0
94050.0,13174873.0,R r,101.0
57791.0,2270264.0,bardulia,101.0
10618.0,371767.0,George Pligoropoulos,101.0
12410.0,2242720.0,Tim,101.0
86030.0,9763845.0,DominikS,101.0
27714.0,2611412.0,phk,101.0
27687.0,282071.0,lvella,101.0
23934.0,12844691.0,Georg Unterholzner,101.0
50825.0,2902636.0,saurabh kamble,101.0
6734.0,4054164.0,Hugo Nava Kopp,101.0
83831.0,11265617.0,illan,101.0
52342.0,1086326.0,Cos,101.0
72381.0,25066.0,Sean Owen,101.0
27994.0,4901553.0,Huxwell,101.0
84.0,2245093.0,Sidharth Ghoshal,101.0
25354.0,6344072.0,vega,101.0
53075.0,8443047.0,Gennaro Arguzzi,101.0
43666.0,6615368.0,Georgii Firsov,101.0
53417.0,3813614.0,qwr,101.0
60041.0,20662778.0,clementzach,101.0
53547.0,2998569.0,user_dhrn,101.0
69140.0,6909810.0,Ícaro Lorran,101.0
42254.0,17349208.0,TQCH,101.0
10444.0,22548.0,machinaut,101.0
10445.0,161816.0,Danke Xie,101.0
36958.0,2516243.0,10xAI,101.0
76610.0,9449562.0,doraemon,101.0
71147.0,8076060.0,Fırat Kıyak,101.0
45896.0,252388.0,Bikash Gyawali,101.0
83457.0,5120570.0,Gillespie,101.0
42878.0,4942315.0,karlosos,101.0
17941.0,14289468.0,Mateen Ahmed,101.0
8498.0,6721752.0,Eugene Zavidovsky,101.0
46362.0,3821627.0,alelom,101.0
40403.0,6094781.0,Akshay Sehgal,101.0
18125.0,5920746.0,Phate P,101.0
63629.0,4107730.0,Forestrf,101.0
67553.0,5614371.0,user4446237,101.0
43314.0,5167086.0,sify,101.0
1960.0,173152.0,jjmontes,101.0
41151.0,1438675.0,shivams,101.0
52302.0,17590479.0,Zwiebak,101.0
32880.0,15249465.0,NameVergessen,101.0
93118.0,30704839.0,pyrochlor,101.0
54230.0,9099697.0,Kelvin,101.0
48608.0,15682666.0,Nuclear241,101.0
49370.0,9258481.0,Sid,101.0
10754.0,1042873.0,muru,101.0
28414.0,4722311.0,user3819867,101.0
84837.0,13383226.0,Tzmjä,101.0
84694.0,20485851.0,ptal,101.0
100320.0,9497868.0,Mosolov Sergey,101.0
84512.0,1468419.0,odbhut.shei.chhele,101.0
83340.0,7149703.0,Guido Flohr,101.0
65176.0,161965.0,JoanComasFdz,101.0
30681.0,1687039.0,spurra,101.0
16592.0,3578208.0,robit,101.0
51238.0,5958732.0,hypers,101.0
85287.0,9574475.0,Archetupon,101.0
84764.0,8700858.0,hungryhippos,101.0
5594.0,4904867.0,Ashraf.Shk786,101.0
53120.0,523250.0,kodlu,101.0
45902.0,1974439.0,Florian von Stosch,101.0
31228.0,1602979.0,cubuspl42,101.0
60038.0,1789986.0,Daevin,101.0
41328.0,15253033.0,Iyeeke,101.0
63757.0,5515412.0,olivia,101.0
31506.0,2519822.0,logan,101.0
45046.0,1031324.0,Kadir Ercetin,101.0
92908.0,30006697.0,Lynchian,101.0
35843.0,14116458.0,Novicegrammer,101.0
84175.0,3276816.0,John Smith,101.0
84210.0,7807180.0,Lukas Scholz,101.0
84392.0,7974118.0,tomazj,101.0
27730.0,6448488.0,John Coleman,101.0
28370.0,2778306.0,Zsolt Szilagy,101.0
5858.0,978946.0,comodoro,101.0
98216.0,1796084.0,khteh,101.0
77231.0,15647371.0,Doch88,101.0
79881.0,982729.0,Evan Pu,101.0
52948.0,11249574.0,QuantumPanda,101.0
61092.0,126903.0,Bijan,101.0
52886.0,11712763.0,Sam Ginrich,101.0
69240.0,108400.0,dieki,101.0
35654.0,43298.0,Cankut,101.0
82727.0,20446009.0,FountainTree,101.0
34110.0,990719.0,Goose,101.0
50756.0,12664261.0,user,101.0
45005.0,12400440.0,mip,101.0
52893.0,219762.0,alan2here,101.0
91328.0,85380.0,virsir,101.0
16263.0,439526.0,craq,101.0
3803.0,42145.0,kubanczyk,101.0
29790.0,5248597.0,Stian,101.0
29729.0,4837269.0,GammaGames,101.0
91306.0,17852281.0,John Kall,101.0
85970.0,117060.0,hguser,101.0
15757.0,797901.0,nexoma,101.0
28233.0,13960319.0,theonekeyg,101.0
51105.0,6379268.0,Whynote,101.0
56301.0,6193296.0,John Titor,101.0
22689.0,2872087.0,user2465201,101.0
6842.0,249491.0,Serg Kryvonos,101.0
27486.0,1116318.0,david.pfx,101.0
22999.0,3398900.0,Ali250,101.0
45030.0,8850950.0,Constructor,101.0
59947.0,16835493.0,alexzander,101.0
87519.0,28375024.0,Lukas4235,101.0
38158.0,2874558.0,mic,101.0
70329.0,1046865.0,Igor Kryltsov,101.0
83364.0,6362253.0,David,101.0
19706.0,49433.0,John Scott Stensland,101.0
71610.0,55820.0,larsmoa,101.0
23553.0,9592701.0,nikhilbalwani,101.0
27785.0,361030.0,Navin,101.0
38197.0,11755372.0,maraboule,101.0
34029.0,3363456.0,Leox,101.0
50473.0,6018068.0,dasWesen,101.0
65870.0,22599949.0,Orfeas Bourchas,101.0
81547.0,14406345.0,Yneedtobeserious,101.0
62156.0,26443061.0,Kyle F. Hartzenberg,101.0
31731.0,7648611.0,kkr4k,101.0
55789.0,17394927.0,jeb2,101.0
76517.0,10143844.0,Iain,101.0
2142.0,89838.0,Erik Kaplun,101.0
10592.0,3519574.0,ML_Passion,101.0
83228.0,60561.0,Brandon Michael Hunter,101.0
26915.0,8782213.0,Monty _s Flying Circus,101.0
58166.0,1575293.0,user33869,101.0
15799.0,13186506.0,Peter,101.0
41674.0,10297770.0,Mariya Takova,101.0
65885.0,6313442.0,0stone0,101.0
17249.0,397714.0,THEGreatGatsby,101.0
54338.0,50642.0,PiotrK,101.0
79825.0,17443582.0,Academic,101.0
42911.0,19392671.0,a crazy Minion,101.0
10285.0,9278143.0,Tezra,101.0
97144.0,27748439.0,NooneAtAll3,101.0
66680.0,11230997.0,SecretAgentMan,101.0
27526.0,456324.0,a06e,101.0
33546.0,281021.0,senderle,101.0
46631.0,2900470.0,Asad,101.0
50443.0,15899424.0,kendfss,101.0
56136.0,7183337.0,MSB,101.0
49154.0,9251539.0,Gopal Chitalia,101.0
91720.0,7007689.0,Laurent Claessens,101.0
23563.0,2125982.0,JustOneMan,101.0
69496.0,942897.0,Jordan Morris,101.0
10274.0,6423139.0,BH85,101.0
20004.0,1371053.0,Semih Korkmaz,101.0
62648.0,135802.0,Déjà vu,101.0
61587.0,3392888.0,Azhar Khan,101.0
64503.0,94901.0,DiogoNeves,101.0
50015.0,5345147.0,Benjoyo,101.0
5360.0,1897640.0,zlobi.wan.kenobi,101.0
29803.0,7717241.0,laancelot,101.0
59410.0,17209179.0,Some Guy,101.0
59582.0,14718825.0,cristiandatum,101.0
40086.0,1889360.0,Robert Bain,101.0
8898.0,3020718.0,Mashimo,101.0
41149.0,2579113.0,Oren,101.0
27363.0,931121.0,mjs,101.0
95415.0,975687.0,Bob Jones,101.0
56505.0,1525128.0,T.Todua,101.0
77445.0,2663485.0,innisfree,101.0
24092.0,10147464.0,Lord Alveric,101.0
56612.0,5544706.0,Osama Mohammed,101.0
60317.0,6473719.0,fragant,101.0
62495.0,14803656.0,Yossi Sternlicht,101.0
61333.0,10571732.0,0Interest,101.0
26198.0,4953530.0,Dan M.,101.0
87864.0,18372864.0,AyamGorengPedes,101.0
2480.0,9124881.0,b.g.,101.0
76316.0,11570681.0,Jake Levi,101.0
97095.0,71739.0,user207421,101.0
60965.0,3521891.0,Blademaster,101.0
18076.0,14245312.0,rtz,101.0
19366.0,7021037.0,Syed Ali Hamza,101.0
82466.0,11323601.0,Just do it,101.0
82503.0,3965666.0,errolflynn,101.0
60420.0,12039084.0,Julien,101.0
56240.0,24201887.0,leleogere,101.0
11833.0,8077720.0,Daniel G,101.0
50280.0,2789193.0,Vintarel,101.0
19358.0,4098545.0,pkapka,101.0
84102.0,6821143.0,zcahgg1,101.0
60231.0,17303154.0,devCharaf,101.0
41648.0,2008178.0,arr_sea,101.0
44539.0,6634440.0,gollyzoom,101.0
33884.0,3317907.0,Martin Main,101.0
37118.0,1313093.0,user26872,101.0
16609.0,12914404.0,Angle Qian,101.0
30363.0,1787030.0,swish,101.0
75721.0,2196148.0,Gareth Thomas,101.0
36631.0,9548097.0,heretoinfinity,101.0
55291.0,392804.0,Kevin,101.0
57069.0,2017134.0,bluenote10,101.0
69466.0,19051280.0,crosen9999,101.0
27103.0,58892.0,Enrique,101.0
52821.0,19111661.0,OuttaSpaceTime,101.0
20851.0,3977767.0,flakes,101.0
4314.0,2749427.0,glS,101.0
54185.0,19010298.0,SS Varshini,101.0
4557.0,123381.0,BSalita,101.0
42633.0,17967102.0,thenondeveloper,101.0
56000.0,15621854.0,Muhammad Yasirroni,101.0
32580.0,12379656.0,Sharan,101.0
17516.0,4904940.0,Raketenolli,101.0
33491.0,1956083.0,Ilya Yevlampiev,101.0
26888.0,1123950.0,hasdrubal,101.0
11545.0,5950537.0,micsthepick,101.0
91224.0,29012504.0,picky_porpoise,101.0
88195.0,1174839.0,Ben J,101.0
97090.0,200562.0,ouflak,101.0
44112.0,510384.0,Stiofán Fordham,101.0
37552.0,78868.0,Peter Cordes,101.0
49711.0,5809131.0,Jonah,101.0
70525.0,380750.0,Renato Dinhani,101.0
18541.0,3106119.0,Vinícius M,101.0
12406.0,4289774.0,Curious,101.0
71508.0,11918417.0,Naren Babu R,101.0
63859.0,3072614.0,Christoph Rackwitz,101.0
19842.0,14640938.0,user10573543,101.0
76650.0,1630941.0,kat,101.0
71887.0,1941473.0,cjferes,101.0
9985.0,5785500.0,ProEns08,101.0
16364.0,259071.0,user541686,101.0
47338.0,19788527.0,Omar AlSuwaidi,101.0
69535.0,3068993.0,Matija Nalis,101.0
82024.0,139213.0,swami,101.0
83124.0,500808.0,Manu,101.0
18093.0,68358.0,carbocation,101.0
40324.0,6940890.0,NatalieL,101.0
41109.0,11739301.0,Essam,101.0
12437.0,1179123.0,Konstantin Burlachenko,101.0
26167.0,3129405.0,Quora Feans,101.0
51253.0,2532072.0,Emil,101.0
86975.0,16344298.0,Deepak Singh Rajput,101.0
45512.0,2416303.0,Hau,101.0
23666.0,1452202.0,islijepcevic,101.0
32966.0,186726.0,Vivek Subramanian,101.0
50488.0,10305075.0,unlut,101.0
6005.0,10383765.0,devil in the detail,101.0
46281.0,10589725.0,T.C. Liu,101.0
22198.0,14617281.0,Sandeep Bhutani,101.0
53938.0,7307466.0,Mr Prof,101.0
65759.0,2055019.0,user1833028,101.0
65156.0,10032172.0,boyaronur,101.0
70444.0,517753.0,Crantisz,101.0
43559.0,7683118.0,Vepir,101.0
44140.0,15448930.0,Tae Soo Kim,101.0
16732.0,510245.0,Charles Staats,101.0
44126.0,6892872.0,Christian Steinmeyer,101.0
30580.0,15095285.0,M. Çağlar TUFAN,101.0
12682.0,887076.0,Arthur,101.0
93615.0,4485020.0,ahorn,101.0
67295.0,398830.0,user11235,101.0
66768.0,3580374.0,Mad Physicist,101.0
66728.0,30481.0,tplive,101.0
19982.0,479311.0,Erwan,101.0
9838.0,11464649.0,Sudix,101.0
71250.0,21007177.0,Dennis H,101.0
30819.0,1556438.0,Soleil,101.0
38883.0,10177327.0,skaak,101.0
73575.0,6240398.0,abolfazl taghribi,101.0
66414.0,12995253.0,isa türk,101.0
6903.0,4417007.0,GriffinTaimer,101.0
46810.0,136175.0,MeatFlavourDev,101.0
97276.0,17644896.0,govindah,101.0
43609.0,19248701.0,Eitan Rosati,101.0
52784.0,2150513.0,XYZT,101.0
44543.0,517446.0,nutty about natty,101.0
22367.0,103559.0,leonbloy,101.0
68711.0,16994605.0,Toon Tran,101.0
32126.0,5419721.0,g491,101.0
50608.0,509924.0,user4422,101.0
23857.0,15267187.0,gmds,101.0
70867.0,9681206.0,bad programmer,101.0
32547.0,538874.0,Bengt,101.0
67638.0,6477607.0,Y K,101.0
41147.0,2276197.0,Jiang Xiang,101.0
98087.0,24274049.0,philB,101.0
70234.0,3038764.0,IronSean,101.0
41463.0,1672525.0,claytond,101.0
60234.0,4518950.0,Alexander Guyer,101.0
24083.0,326778.0,jochen,101.0
19502.0,1049934.0,Matti Wens,101.0
36142.0,14505802.0,johannesack,101.0
56177.0,1756360.0,Arunesh Singh,101.0
33990.0,8699505.0,Rafael Toledo,101.0
73953.0,997598.0,Putnik,101.0
15317.0,10528.0,Walter Mitty,101.0
63630.0,8106463.0,S.EB,101.0
82446.0,361875.0,Ashkan Ghodrat,101.0
74075.0,4604845.0,Kvothe,101.0
77223.0,1725423.0,medvedev1088,101.0
15875.0,9483395.0,TheExorcist,101.0
75407.0,1782604.0,timhc22,101.0
16419.0,1193354.0,pete,101.0
50930.0,3802724.0,pentanol,101.0
45715.0,2260907.0,Marius Amado-Alves,101.0
46530.0,2305450.0,avocado,101.0
16451.0,1058083.0,Has QUIT--Anony-Mousse,101.0
44758.0,15153715.0,Que,101.0
52321.0,16269087.0,Mobeus Zoom,101.0
46839.0,17008308.0,x89,101.0
31827.0,5212916.0,kgkmeekg,101.0
43196.0,14280244.0,Ynjxsjmh,101.0
22776.0,2887173.0,David,101.0
3986.0,2270233.0,Benedikt S. Vogler,101.0
67311.0,1014922.0,anwartheravian,101.0
100752.0,467160.0,Allan Jiang,101.0
29748.0,3745843.0,xLeitix,101.0
89082.0,2490315.0,Don Hatch,101.0
79595.0,11093105.0,Pooya Kamranjam,101.0
90194.0,1312960.0,gregoiregentil,101.0
74483.0,51576.0,Brian,101.0
36370.0,2211703.0,user1953366,101.0
40100.0,1177313.0,ahmadMarafa,101.0
69630.0,523757.0,Alexander,101.0
56342.0,4530765.0,Carlos H. Mendoza-Cardenas,101.0
11617.0,528065.0,Julian Moore,101.0
89334.0,38245.0,Jim McGaw,101.0
1396.0,1159530.0,vzn,101.0
77144.0,107102.0,celsowm,101.0
82278.0,7136341.0,NotANumber,101.0
34237.0,4319082.0,jcaron,101.0
82318.0,2351204.0,SapereAude,101.0
27547.0,7180904.0,Gal_M,101.0
29977.0,4641623.0,committedandroider,101.0
77521.0,3536340.0,shadowtalker,101.0
72355.0,4158318.0,Mazura,101.0
26940.0,4578030.0,Nelson,101.0
32232.0,70895.0,Duncan C,101.0
49794.0,8767377.0,John Rawls,101.0
27145.0,7926.0,rjurney,101.0
80081.0,52110.0,Vlad Iliescu,101.0
69732.0,60454.0,SQueek,101.0
29745.0,6467669.0,rugk,101.0
21310.0,8473176.0,GadaaDhaariGeek,101.0
69530.0,1241689.0,nneonneo,101.0
72218.0,2429919.0,Brock Brown,101.0
30286.0,232345.0,Federico Poloni,101.0
79769.0,6501940.0,matsuo_basho,101.0
48585.0,17702172.0,Samsudeen Bankole,101.0
2945.0,4374785.0,Daniel,101.0
19077.0,3373332.0,Gautam Sreekumar,101.0
54558.0,2940440.0,CJD,101.0
24032.0,109541.0,beldaz,101.0
44255.0,1939405.0,Shimano,101.0
98333.0,112084.0,ScandinavianAvian,101.0
15841.0,375461.0,arkon,101.0
26992.0,6622507.0,m3characters,101.0
13367.0,8111134.0,paws,101.0
50563.0,1734538.0,Václav Struhár,101.0
40164.0,9412153.0,Neo li,101.0
69616.0,462815.0,Chortos-2,101.0
31666.0,3776439.0,Valorum,101.0
98355.0,14247365.0,Ohm's Lawman,101.0
62978.0,2537487.0,Ali,101.0
47691.0,7647478.0,Moysey Abramowitz,101.0
55745.0,1676468.0,SoItBegins,101.0
67847.0,12661169.0,itisyeetimetoday,101.0
67078.0,430887.0,sak,101.0
76868.0,932368.0,Nikolaj-K,101.0
76214.0,309776.0,Hypercube,101.0
49220.0,1991143.0,user654123,101.0
77321.0,15113919.0,scribe,101.0
79294.0,5896095.0,Student,101.0
5120.0,1122109.0,Szymon Dudziak,101.0
21990.0,133137.0,Zsolt Safrany,101.0
67172.0,360720.0,dronus,101.0
8833.0,9466756.0,Bryan Krause,101.0
25731.0,2681392.0,Simon,101.0
98372.0,3541651.0,Syntax Junkie,101.0
38717.0,9162543.0,Let's try,101.0
1942.0,2346511.0,Soumyajit,101.0
55028.0,6618221.0,heyzude,101.0
92947.0,4560238.0,Kaiido,101.0
72991.0,29291.0,adolf garlic ,101.0
32622.0,9221390.0,user,101.0
16221.0,2851875.0,Abhishek Mishra,101.0
70128.0,5957897.0,Jefe infiltrado,101.0
53510.0,3318282.0,jodag,101.0
73512.0,9445531.0,Ernesto Iglesias,101.0
68251.0,32389.0,Andz,101.0
14451.0,10123636.0,Discrete lizard,101.0
53669.0,21954553.0,Salvia rosmarinus,101.0
16196.0,2147426.0,étale-cohomology,101.0
27075.0,354947.0,Luis Valencia,101.0
22135.0,3343640.0,Carlos Pinzón,101.0
49472.0,11095297.0,Coder,101.0
32836.0,12905805.0,PeterD,101.0
79750.0,67927.0,Joshua D. Boyd,101.0
90968.0,14191591.0,agone,101.0
90948.0,13017955.0,pashok3ddd,101.0
55470.0,8325356.0,dubvice,101.0
38559.0,6662728.0,Oscar Smith,101.0
18493.0,219731.0,prosti,101.0
53491.0,1074132.0,ekmungi,101.0
5904.0,1859979.0,le4m,101.0
30892.0,9821309.0,Firas Omrane,101.0
38273.0,16216.0,Charlie Martin,101.0
22700.0,2195447.0,Yasmin,101.0
21792.0,4140770.0,samu,101.0
82135.0,4274021.0,maliks,101.0
50148.0,3571421.0,David Waterworth,101.0
67231.0,7752919.0,quant,101.0
38741.0,5857619.0,Victor Zuanazzi,101.0
90038.0,17947017.0,Mike Serfas,101.0
34164.0,10300747.0,Ta_Req,101.0
68920.0,4036037.0,Hanhan Li,101.0
38688.0,5752867.0,LeggoMaEggo,101.0
38087.0,12678320.0,Nahian Rifaat,101.0
76092.0,28714432.0,Zollikofen4,101.0
23215.0,483535.0,Alexey,101.0
68127.0,17897813.0,Rishab,101.0
22360.0,6626752.0,mbrig,101.0
101893.0,13173013.0,Yair Rand,101.0
45103.0,64210.0,jayarjo,101.0
56998.0,2677026.0,user2313186,101.0
100015.0,5678046.0,Daniel B,101.0
3550.0,9612365.0,user3550,101.0
32908.0,1218165.0,Jarrod Christman,101.0
51114.0,10912284.0,Sia Rezaei,101.0
55339.0,2920089.0,Phoenix,101.0
3161.0,171774.0,Sen Jacob,101.0
96846.0,10293791.0,SoronelHaetir,101.0
3893.0,5337422.0,aurelien,101.0
27770.0,999385.0,Mast,101.0
72688.0,4768749.0,Danilow,101.0
19694.0,4322116.0,Eridanis,101.0
53323.0,2562097.0,brianlmerritt,101.0
77643.0,2532262.0,Radu,101.0
30535.0,292874.0,Ambo100,101.0
3488.0,9590922.0,Lord Thanatos,101.0
69226.0,7509194.0,Aldan Creo,101.0
6635.0,8531722.0,Hamza,101.0
100270.0,197679.0,Jules,101.0
49043.0,6807158.0,mluerig,101.0
3208.0,6439502.0,Ronak Poriya,101.0
89419.0,28312270.0,Siddharth Chakravarty,101.0
74443.0,15314834.0,Joachim Rives,101.0
71160.0,3079984.0,Yaniv Peretz,101.0
77659.0,2692911.0,Light,101.0
78366.0,1432415.0,Marged,101.0
2471.0,335071.0,nn0p,101.0
23709.0,6659300.0,ranlot,101.0
1930.0,360092.0,user17915,101.0
79753.0,17260375.0,Esther,101.0
63799.0,19978448.0,Allohvk,101.0
72292.0,1373199.0,Glenn Willen,101.0
26264.0,5183066.0,nikhilweee,101.0
73479.0,140434.0,Rob,101.0
26937.0,3152208.0,Tiercelet,101.0
3324.0,286761.0,Tanath,101.0
68758.0,1405045.0,GregRos,101.0
100290.0,21612456.0,Raven,101.0
69130.0,14777298.0,Loris Simonetti,101.0
72224.0,1600131.0,Idran,101.0
40765.0,2859532.0,Coder,101.0
19719.0,4600819.0,user3731622,101.0
100286.0,1150495.0,Cee McSharpface,101.0
90189.0,4164457.0,Prem,101.0
37243.0,13656548.0,Karam Mohamed,101.0
61466.0,7692230.0,R. Barrett,101.0
4856.0,10045358.0,user4856,101.0
100361.0,37982.0,Blindy,101.0
30213.0,219684.0,OrangeDog,101.0
43338.0,1335876.0,MOON,101.0
43710.0,8956395.0,QuantumAI,101.0
69489.0,423059.0,Ani,101.0
79754.0,239789.0,David Thielen,101.0
47257.0,6319763.0,Julia_arch,101.0
31449.0,2690916.0,Clock Slave,101.0
50660.0,17008767.0,Fang WU,101.0
32815.0,324971.0,J Trana,101.0
2527.0,1923293.0,rai.skumar,101.0
14479.0,138953.0,Brian Berns,101.0
40334.0,5515478.0,shtse8,101.0
79763.0,24833301.0,NumberBasher,101.0
1669.0,233608.0,John Dvorak,101.0
68586.0,6569274.0,chasly - supports Monica,101.0
40620.0,10698605.0,Helena,101.0
17104.0,11566943.0,CypherX,101.0
33854.0,102214.0,cregox,101.0
75206.0,1605729.0,Ander Biguri,101.0
67227.0,19095349.0,Ptit Xav,101.0
53197.0,6370875.0,Rod Maniego,101.0
93078.0,90426.0,tirenweb,101.0
76878.0,187670.0,skan,101.0
46256.0,33200.0,bayer,101.0
82174.0,471677.0,math_law,101.0
41729.0,9852431.0,Andrei Margeloiu,101.0
19319.0,14619771.0,sihubumi,101.0
92949.0,26078.0,willeM_ Van Onsem,101.0
20111.0,8336591.0,Jon Deaton,101.0
32830.0,15659152.0,Steven01123581321,101.0
25268.0,11998458.0,nick012000,101.0
71625.0,3210846.0,Chenmunka,101.0
64935.0,132788.0,psmears,101.0
10393.0,10929874.0,evaristegd,101.0
77756.0,6941931.0,Geeklovenerds,101.0
22488.0,13360666.0,MilkyWay90,101.0
18323.0,11673252.0,Moher,101.0
7151.0,3230787.0,Anton Panchishin,101.0
49756.0,2551332.0,sandepp,101.0
33618.0,7620632.0,EyesBear,101.0
75133.0,9796953.0,partyphysics,101.0
29905.0,510423.0,abc,101.0
54163.0,12753482.0,Kevin,101.0
59790.0,30352.0,Joseph Turian,101.0
72747.0,19908512.0,Eric Pedley,101.0
38866.0,14684719.0,ARK1375,101.0
55131.0,42023.0,russian_spy,101.0
81588.0,1708780.0,Mas,101.0
77113.0,15613239.0,Swastik,101.0
10198.0,6434518.0,Lysistrata,101.0
6084.0,6890256.0,Nathan Danzmann,101.0
8271.0,1552961.0,Andrea Iacono,101.0
79849.0,30023250.0,samsamradas,101.0
50840.0,7828744.0,Morteza Jalambadani,101.0
34221.0,4817573.0,Hannover Fist,101.0
2301.0,74118.0,Bob Jarvis - Слава Україні,101.0
88704.0,13713708.0,Micheal Bee,101.0
30331.0,16252558.0,J D,101.0
18672.0,5542113.0,Prof.Plague,101.0
40109.0,18036361.0,Muhammad Rizwan Munawar,101.0
17729.0,2704333.0,kpie,101.0
41244.0,4119350.0,P.Windridge,101.0
73110.0,5471272.0,Dmitry Grigoryev,101.0
2868.0,40629.0,Ray,101.0
50723.0,2444208.0,Wiktor Tomczak,101.0
44305.0,13935478.0,Darwin Harianto,101.0
64007.0,3186546.0,Julian Francis,101.0
67567.0,1795496.0,ipoppo,101.0
89772.0,67014.0,Benji XVI,101.0
101703.0,143413.0,jmd,101.0
20549.0,4101827.0,kdbanman,101.0
27896.0,991647.0,Bryan,101.0
15050.0,1268024.0,tsbertalan,101.0
55134.0,9485376.0,Abcd,101.0
42301.0,3052692.0,gota,101.0
3471.0,1202231.0,MaxW,101.0
29793.0,6115116.0,Graham,101.0
22613.0,1139367.0,user27182,101.0
78863.0,14471761.0,thecoolwinter,101.0
38116.0,2273997.0,Michael D,101.0
76769.0,1295559.0,jasperagrante,101.0
80210.0,41211.0,Tilman Vogel,101.0
48617.0,3966133.0,Howlium,101.0
53377.0,790366.0,Tim Seguine,101.0
63682.0,13899428.0,lkjsfkshd,101.0
54341.0,16029306.0,vtscop,101.0
20917.0,1972463.0,Amedeo,101.0
81394.0,9293314.0,jsotola,101.0
53774.0,4825531.0,jskattt797,101.0
48125.0,21551242.0,sam2611,101.0
25283.0,1377597.0,KDecker,101.0
76341.0,511732.0,Ufuk Can Bicici,101.0
81750.0,4616293.0,David293836,101.0
43548.0,4021056.0,Nikos M.,101.0
78490.0,18705.0,xyzzyrz,101.0
81740.0,1820299.0,Peyman Mohamadpour,101.0
68642.0,8566752.0,Eric Duminil,101.0
77769.0,618675.0,darsie,101.0
67564.0,1059268.0,ShankarG,101.0
17698.0,144044.0,MaxouMask,101.0
20274.0,3262678.0,Nishant Desai,101.0
75932.0,12079846.0,cmosig,101.0
15173.0,2308802.0,n1tk,101.0
70300.0,7348587.0,Alex Fedotov,101.0
56326.0,9021652.0,rsonx,101.0
66384.0,17869219.0,Avv,101.0
19874.0,3235923.0,Jordan LaPrise,101.0
38925.0,9860197.0,eeqesri,101.0
36624.0,1340135.0,Sebastien,101.0
67596.0,5430494.0,jbm,101.0
21273.0,1216336.0,NicNic8,101.0
21266.0,1834330.0,littleO,101.0
34488.0,10329222.0,J.Doe,101.0
25286.0,11357901.0,QuestionablePresence,101.0
11639.0,2715318.0,BKE,101.0
74761.0,8320373.0,P. Egli,101.0
4787.0,178774.0,Vass,101.0
8523.0,233193.0,E. Douglas Jensen,101.0
2827.0,192462.0,Erhard Dinhobl,101.0
40987.0,15335101.0,Warm_Duscher,101.0
21199.0,4474052.0,Duane,101.0
63720.0,8676171.0,dominikj111,101.0
71981.0,21501355.0,ryan chandra,101.0
77910.0,10679279.0,hyyyyy,101.0
101219.0,2468869.0,heLomaN,101.0
70899.0,1925506.0,PS1,101.0
48916.0,417402.0,beroal,101.0
101588.0,2051922.0,Shuheng Zheng,101.0
20494.0,3750151.0,deadcode,101.0
30202.0,2172.0,Jörg W Mittag,101.0
101131.0,5583630.0,minnmass,101.0
3265.0,3622062.0,SuaveSouris,101.0
26890.0,8080680.0,Udayraj Deshmukh,101.0
22342.0,3812211.0,hb20007,101.0
101148.0,17861627.0,J Kusin,101.0
20402.0,134414.0,max,101.0
48285.0,11315712.0,alwayscurious,101.0
22392.0,15161734.0,generic_stackoverflow_user,101.0
59824.0,10690391.0,tbhaxor,101.0
78600.0,3983616.0,anaik,101.0
29872.0,16678337.0,antoleb,101.0
32396.0,7339533.0,taarraas,101.0
53116.0,7921415.0,mathnoob,101.0
10176.0,512485.0,lamontap,101.0
10417.0,6872582.0,Mark Watney,101.0
30069.0,923389.0,iacopo,101.0
37737.0,10848168.0,Lock-not-gimbal,101.0
69156.0,208637.0,dingx,101.0
13178.0,4414299.0,keiv.fly,101.0
29819.0,9353984.0,Eric Wiener,101.0
84588.0,74278.0,Neil Traft,101.0
21542.0,4292175.0,Ben Reiniger,101.0
62173.0,13858208.0,user572780,101.0
101418.0,6885505.0,Daniel R. Collins,101.0
92647.0,3601683.0,Dan Getz,101.0
37515.0,8407912.0,carlo,101.0
12670.0,5510081.0,Craig  Hicks,101.0
100549.0,10317138.0,Themoonisacheese,101.0
101161.0,30313523.0,controlgroup,101.0
54592.0,1388145.0,Mucida,101.0
27853.0,342393.0,PaulG,101.0
21462.0,38291.0,Angel.King.47,101.0
63626.0,15587361.0,krenerd,101.0
7622.0,8073828.0,DiveIntoML,101.0
41259.0,3600205.0,Vahid Shams,101.0
47939.0,1482287.0,chiffa,101.0
47238.0,8995935.0,viceriel,101.0
73025.0,8390196.0,Kuo,101.0
73740.0,17529953.0,Mikayla Eckel Cifrese,101.0
67261.0,12682387.0,alexandrosangeli,101.0
90046.0,4526422.0,A_P,101.0
15955.0,965193.0,xbmono,101.0
68521.0,1841372.0,bibinwilson,101.0
101281.0,1992310.0,Rogue,101.0
33452.0,372603.0,Kyrylo Polezhaiev,101.0
38971.0,89418.0,Serhiy,101.0
45496.0,6795719.0,root,101.0
38019.0,7852370.0,Adrien Luxey,101.0
49102.0,180891.0,BreakDS,101.0
31987.0,8852615.0,Costa Huang,101.0
37917.0,11339142.0,Jetpack,101.0
61616.0,1077012.0,pabloverd,101.0
68798.0,2900780.0,Paul,101.0
87742.0,1796566.0,Wuaner,101.0
52771.0,9686224.0,David Skarbrevik,101.0
71865.0,1382697.0,0dB,101.0
80229.0,11953657.0,Samuel Fipps,101.0
22494.0,5152724.0,PHPirate,101.0
73342.0,84252.0,Aviad P.,101.0
24055.0,1661712.0,guest,101.0
37278.0,6588506.0,Vedang Waradpande,101.0
69276.0,5187045.0,Ben I.,101.0
27430.0,13195453.0,Talendar,101.0
51402.0,4657170.0,bob,101.0
25431.0,416300.0,Daniel Wagner,101.0
91524.0,9708957.0,Quaerendo,101.0
25541.0,24203.0,tester,101.0
16410.0,3744943.0,Squanchy,101.0
54928.0,9338787.0,Sanjar Adilov,101.0
21123.0,215660.0,Simon,101.0
12867.0,195854.0,Dave Newton,101.0
35575.0,2323749.0,Caleb Stanford,101.0
8808.0,3204229.0,Rahul,101.0
102789.0,47092507.0,fantasywood,101.0
49078.0,22356794.0,HarshDarji,101.0
20165.0,3387323.0,gunes,101.0
49103.0,21634284.0,harsha,101.0
49140.0,13721990.0,Bi0max,101.0
98054.0,25380408.0,Ritil,101.0
51003.0,1042951.0,Ilya Karna,101.0
41925.0,6929517.0,FantasticAI,101.0
26925.0,15535.0,Mason Wheeler,101.0
27934.0,4015930.0,juvian,101.0
11658.0,8023557.0,Artier,101.0
102802.0,9614409.0,Dieter Kadelka,101.0
101883.0,272845.0,Chema,101.0
33598.0,5151759.0,MrGreen,101.0
76783.0,371263.0,AlxVallejo,101.0
85733.0,367063.0,lollercoaster,101.0
88728.0,1295947.0,Last American Hero,101.0
78791.0,29562118.0,Sillyasker,101.0
15893.0,6595489.0,Jim,101.0
85402.0,9760595.0,user43464,101.0
102747.0,528430.0,asv,101.0
45642.0,17059926.0,tanasr,102.0
8433.0,8819796.0,Finnick Odair,103.0
68828.0,14919683.0,Ilija Vuk,103.0
49015.0,195971.0,Cosmicnet,103.0
73780.0,4037357.0,Michał B.,103.0
49559.0,14741292.0,Georg B,103.0
98335.0,1086299.0,terdon,103.0
36170.0,16782671.0,galaxy001,103.0
22866.0,14142186.0,nvi,103.0
68665.0,287144.0,Realz Slaw,103.0
50630.0,2416583.0,Chris,103.0
40048.0,508854.0,aznan,103.0
74146.0,1877858.0,PlinyTheElder,103.0
15546.0,5246991.0,ZisIsNotZis,103.0
31887.0,5269451.0,Celi Manu,103.0
50978.0,1199983.0,GoldenNewby,103.0
66142.0,19460472.0,Anm,103.0
48665.0,2814496.0,Moradnejad,103.0
52601.0,1691833.0,yuri kilochek,103.0
48562.0,1307035.0,Araw,103.0
46408.0,20327881.0,SPARSE,103.0
22438.0,9829603.0,keramat,103.0
42543.0,17884530.0,pullidea-dev,103.0
4929.0,3320523.0,Ramzy,103.0
50072.0,8632436.0,tueftla,103.0
1865.0,1670427.0,NoDataDumpNoContribution,103.0
79051.0,13485902.0,agemO,103.0
69194.0,97751.0,Corbin,103.0
78924.0,22322728.0,Hera Sutton,103.0
40584.0,12017084.0,sp29,103.0
69850.0,15293044.0,T. Kau,103.0
65684.0,7320511.0,Raymond Pang,103.0
71983.0,112690.0,Evgenii,103.0
73999.0,6169296.0,Seph Reed,103.0
20162.0,438612.0,Stefan Falk,103.0
24095.0,15352937.0,Israr Ali,103.0
2165.0,1376679.0,Simon Forsberg,103.0
49450.0,7429271.0,NeStack,103.0
40626.0,9636474.0,Snehal Gupta,103.0
87997.0,5842698.0,Anson Savage,103.0
101031.0,18165281.0,ChristianOConnor,103.0
53952.0,15667478.0,Gello,103.0
27796.0,14107969.0,Angus,103.0
53395.0,16784194.0,Alireza Amani,103.0
18162.0,227164.0,Bart,103.0
28257.0,6345729.0,Dylan Solms,103.0
3012.0,3237513.0,Santiago Benoit,103.0
27720.0,2230859.0,J.G.,103.0
72306.0,27396267.0,BPDev,103.0
8331.0,9007847.0,FKEinternet,103.0
72784.0,10054912.0,orde.r,103.0
72762.0,2001051.0,Magno C,103.0
41228.0,19539771.0,Legend,103.0
62987.0,4101060.0,user3366592,103.0
53667.0,19028474.0,wd violet,103.0
63779.0,8216.0,Dan Dascalescu,103.0
38119.0,16034698.0,Tobitor,103.0
27066.0,1166365.0,JKSH,103.0
61025.0,18343915.0,Rezuana Haque,103.0
14664.0,3184737.0,Sledge,103.0
61523.0,9600260.0,Max,103.0
59545.0,11643238.0,SunnyBoiz,103.0
44117.0,939983.0,Ethan,103.0
83348.0,15215908.0,Amirreza A.,103.0
71429.0,5059080.0,dixhom,103.0
53386.0,1908912.0,TheCodeNovice,103.0
45018.0,20818676.0,user7834,103.0
47671.0,15867849.0,Wes Tomer,103.0
53168.0,1619062.0,Yauhen Yakimenka,103.0
44718.0,18552471.0,Ahmad,103.0
54031.0,24620798.0,User341562,103.0
55312.0,15709342.0,Dunno,103.0
18896.0,9012249.0,Nicholas Porter,103.0
86743.0,916578.0,Cerno,103.0
1628.0,4457924.0,Tensibai,103.0
82793.0,18993969.0,Tom,103.0
84203.0,16234603.0,DeadAsDuck,103.0
28569.0,12368645.0,Shayan Tabatabaee,103.0
44052.0,1837089.0,javaPhobic,103.0
87125.0,1695351.0,mangusta,103.0
16612.0,169331.0,Ben,103.0
50.0,5612515.0,Byte Commander,103.0
43113.0,18205098.0,witdev,103.0
74913.0,173785.0,Raul Lapeira Herrero,103.0
55087.0,10277076.0,Don Feto,103.0
82896.0,7130892.0,Xiao-Feng Li,103.0
68478.0,17067343.0,secemp9,103.0
54073.0,6172398.0,Tarique,103.0
49494.0,3700957.0,Stef,103.0
73419.0,14617591.0,Slavus,103.0
54765.0,14727134.0,programonkey,103.0
73765.0,304165.0,adjfac,103.0
43278.0,8065435.0,Vashu,103.0
47013.0,7291892.0,Dmitry  Sokolov,103.0
21907.0,13277985.0,Mahmoud,104.0
36869.0,11777300.0,Bilal,105.0
23576.0,42463.0,Michael Mior,105.0
44567.0,5234668.0,BanikPyco,105.0
5303.0,3359942.0,Andrew T.,105.0
12519.0,12594190.0,jrk,105.0
70229.0,22039911.0,Hamzah Al-Qadasi,105.0
55138.0,15473978.0,Intrastellar Explorer,105.0
62622.0,10534284.0,Ahmed Mohamed,105.0
61820.0,3272232.0,mavavilj,105.0
51406.0,15652327.0,jim,105.0
34396.0,3368067.0,albusdemens,105.0
46275.0,18472104.0,Akshay Ghosh,105.0
43484.0,20337484.0,Rohan Asokan,106.0
17671.0,12061423.0,Mark,106.0
27519.0,15775975.0,Varshitha N S,106.0
68272.0,15460288.0,hugcis,106.0
19493.0,1029173.0,Fcoder,107.0
69202.0,20847162.0,Mehdi Charife,107.0
49912.0,21020932.0,Verminous,107.0
22802.0,15039004.0,Sebastian Dixon,107.0
12754.0,12950744.0,user12754,107.0
56839.0,5032545.0,chuackt,107.0
10092.0,5765553.0,Hartger,107.0
51037.0,21676204.0,knowledge_seeker,107.0
4579.0,203468.0,JR Heard,108.0
32611.0,1396035.0,Zachary Russell Heineman,109.0
35620.0,7323670.0,alex,109.0
43857.0,18044862.0,Max H. Balsmeier,109.0
4568.0,5845319.0,Greg,109.0
2214.0,4264577.0,MolbOrg,109.0
90326.0,13309983.0,Alex,109.0
54325.0,18916314.0,Christian01,109.0
7332.0,2100734.0,Santino,109.0
54054.0,4143168.0,Nxlevel,109.0
27905.0,7547676.0,alex-rudenkiy,109.0
49480.0,7939710.0,Felix,109.0
96740.0,22993610.0,Nitiz,109.0
11529.0,152954.0,Ouroborus,109.0
100101.0,1366751.0,Max,109.0
10983.0,3807346.0,Adrian Romero,109.0
69430.0,22245473.0,Glue,109.0
51743.0,321708.0,Artod,109.0
89409.0,917906.0,bpiec,109.0
74357.0,389108.0,Advanced,109.0
57868.0,11118990.0,Franco Marchesoni,109.0
71046.0,3106126.0,Dolphin,109.0
92255.0,8406417.0,Kuantew,109.0
75984.0,417454.0,flori,109.0
44775.0,330103.0,mans,109.0
2478.0,3568490.0,dev1223,109.0
97413.0,38509498.0,Whiter Fox,109.0
56116.0,20581350.0,Fly,109.0
45712.0,16314073.0,Jesse,109.0
22563.0,10295626.0,MasterYoda,109.0
7078.0,2802249.0,Teusz,109.0
30431.0,15001151.0,Voß,109.0
92235.0,7951471.0,Tsundoku,109.0
62709.0,12980107.0,waxalas,109.0
51976.0,986839.0,AJN,109.0
21426.0,6965158.0,Kit.,109.0
78854.0,3838753.0,ha7ilm,109.0
78872.0,138184.0,Fabian Zeindl,109.0
9614.0,7239652.0,Ivan Bogush,109.0
77998.0,3926947.0,Super Kai - Kazuya Ito,109.0
18195.0,14343184.0,Sreedhar Veluri,110.0
2746.0,106538.0,octonion,111.0
73421.0,2199711.0,I like to code,111.0
90074.0,37382457.0,Shahidul,111.0
50375.0,44496.0,Brent Parker,111.0
47115.0,1854570.0,IMA,111.0
60194.0,1173274.0,kkm mistrusts SE,111.0
38132.0,979761.0,Nina,111.0
38037.0,2851256.0,Mefitico,111.0
15852.0,11350056.0,skt7,111.0
50307.0,17563939.0,S E,111.0
37280.0,13335342.0,Mari,111.0
3328.0,1443065.0,idik,111.0
67043.0,6551872.0,Yi Huang,111.0
75936.0,25224785.0,maldini1990,111.0
40338.0,2794014.0,Ulisses Braga-Neto,111.0
33442.0,1791792.0,val,111.0
37613.0,8191220.0,Etienne Kintzler,111.0
23393.0,11650219.0,Viki Theolorado,111.0
3066.0,1713611.0,Muhammad Yousaf Sulahria,111.0
22446.0,27364.0,Crash893,111.0
14705.0,1064208.0,Brian P. Hamachek,111.0
14751.0,5194714.0,vphenix,111.0
33364.0,7326765.0,needRhelp,111.0
78620.0,1467432.0,Miki,111.0
38206.0,1705643.0,Firman,111.0
68917.0,4390635.0,Vranvs,111.0
46503.0,16407690.0,Titus Buckworth,111.0
68880.0,8272277.0,HeavenHM,111.0
56532.0,25742214.0,Yash Laddha,111.0
8101.0,433845.0,Cees Timmerman,111.0
3712.0,3054432.0,HighVoltage,111.0
50405.0,17094949.0,Sam Skinner,111.0
8960.0,4070161.0,Aphire,111.0
67852.0,6898784.0,Krusty the Clown,111.0
46069.0,9424127.0,Steve Ahlswede,111.0
51313.0,21341772.0,Joseph Walker,111.0
38558.0,1507151.0,rtindru,111.0
67509.0,18322375.0,Hank Igoe,111.0
48992.0,16083701.0,Amit Pathak,111.0
70170.0,508138.0,Hbar,111.0
38335.0,1529447.0,Daniel,111.0
16136.0,1956891.0,luke88,111.0
38407.0,7387774.0,basket,111.0
12963.0,12412739.0,Madhi,111.0
79256.0,17184015.0,ElonMuskofBadIdeas,111.0
33051.0,4729479.0,Daniel.V,111.0
42984.0,6024753.0,TX Shi,111.0
38519.0,1724270.0,joseph,111.0
14613.0,4984507.0,Earthgod,111.0
5634.0,8052516.0,Akshay Tilekar,111.0
63959.0,1130213.0,jmhead,111.0
11015.0,348658.0,Larry Lo,111.0
33529.0,1786902.0,taracus,111.0
32937.0,17211135.0,devfaz,111.0
32927.0,14868885.0,Mattreex,111.0
4695.0,5040685.0,trolkura,111.0
14881.0,4772155.0,TheDude,111.0
32707.0,4793194.0,mrq,111.0
23323.0,8548209.0,Punisher,111.0
23347.0,748890.0,Eduardo Yáñez Parareda,111.0
53497.0,5609802.0,Rituraj Singh,111.0
36079.0,12420285.0,J. Pistachio,111.0
27048.0,5270565.0,Matt,111.0
73116.0,6453201.0,James,111.0
67429.0,11921813.0,Rhee,111.0
67534.0,3787937.0,Confuse,111.0
31616.0,55986.0,slebetman,111.0
67607.0,2255816.0,Robert Flook,111.0
14880.0,4489529.0,ChaosPredictor,111.0
79413.0,97.0,Mark Harrison,111.0
45021.0,10406031.0,Qinsheng Zhang,111.0
40703.0,16457803.0,Rebel Yell,111.0
27313.0,14488140.0,Vinay Hegde,111.0
67359.0,13116536.0,Cyrus,111.0
38036.0,4691329.0,Green_Wizard,111.0
16740.0,9899230.0,roaibrain,111.0
40088.0,2676018.0,btd,111.0
23379.0,9259022.0,haz,111.0
35842.0,15027159.0,Ne1zvestnyj,111.0
22066.0,9245085.0,Xbel,111.0
22390.0,453467.0,drabsv,111.0
23637.0,4478326.0,Zee,111.0
6200.0,957470.0,Kay van Bree,111.0
37927.0,272915.0,k4200,111.0
78319.0,14592167.0,SUNITA GUPTA,111.0
78370.0,986404.0,Maciej Łoziński,111.0
28417.0,10718898.0,Subham Tiwari,111.0
69214.0,103735.0,coure2011,111.0
38105.0,1497794.0,Abhimanyu Pallavi Sudhir,111.0
79613.0,2251901.0,geominded,111.0
2298.0,6954659.0,neo33,111.0
66722.0,378203.0,Thiyaga B,111.0
42033.0,2364146.0,user2070206,111.0
60736.0,450494.0,shark8me,111.0
46892.0,971121.0,joe,111.0
33787.0,1977535.0,Vishal,111.0
32382.0,371567.0,Matej Tymes,111.0
65224.0,20232879.0,Nirmal Sankalana,111.0
78204.0,13027903.0,Jonathan Roy,111.0
48420.0,19849507.0,Gary 2,111.0
37521.0,356825.0,lightning,111.0
36808.0,15220049.0,KrystosTheOverlord,111.0
40396.0,6434735.0,Miguel Carvalhais Matos,111.0
26866.0,15873309.0,totalMongot,111.0
35768.0,2389695.0,madprogramer,111.0
61839.0,6308745.0,shaneb,111.0
6946.0,6556085.0,cjbj,111.0
5026.0,6499791.0,Eugene Bartosh,111.0
32029.0,5189768.0,Martin,111.0
15743.0,11764737.0,Overleaf,111.0
32162.0,56478.0,Hyunjik Bae,111.0
32235.0,10174507.0,Martin,111.0
70194.0,2022977.0,hoang tran,111.0
40437.0,9427523.0,F.C. Akhi,111.0
40455.0,18665797.0,Tauist,111.0
37354.0,9591595.0,Žiga Stupan,111.0
40581.0,11320156.0,Johnny Tam,111.0
58225.0,20265612.0,redoc,111.0
100034.0,5184808.0,litmus,111.0
21233.0,11184872.0,zeeman,111.0
37930.0,6353450.0,Cengiz,111.0
23743.0,10652393.0,ReInvent_IO,111.0
3486.0,4469594.0,Ivan Cantarino,111.0
32709.0,243961.0,dansch,111.0
40354.0,1599365.0,smorad,111.0
75122.0,9168596.0,Xinsong Lin,111.0
10228.0,8932929.0,cronoik,111.0
84342.0,1614556.0,Wang,111.0
55762.0,4606011.0,Martin,111.0
40588.0,2585980.0,sktguha,111.0
65346.0,6412493.0,Jim Wang,111.0
40546.0,15795460.0,user11937382,111.0
77858.0,21844280.0,Riccardo Caiulo,111.0
69828.0,90166.0,angelcervera,111.0
33583.0,8875401.0,libphy,111.0
33623.0,388883.0,NGY,111.0
67379.0,23627792.0,SickerDude43,111.0
32021.0,10227230.0,Tian,111.0
12409.0,116262.0,eggie5,111.0
25617.0,1652637.0,Anugraha Sinha,111.0
16210.0,13091768.0,xwb,111.0
20777.0,3908327.0,Alex L,111.0
55870.0,23286554.0,blamocur,111.0
40706.0,9250146.0,Arpit,111.0
40771.0,363199.0,Anton,111.0
64878.0,24344627.0,perceptronEnthusiast420,111.0
65097.0,3643217.0,Emil,111.0
17685.0,1361226.0,user123456098,111.0
12370.0,9765789.0,Plasmatiger,111.0
30823.0,14748528.0,hhaefliger,111.0
69891.0,9316555.0,Eoin Ó Coinnigh,111.0
73082.0,25840493.0,Janikas,111.0
33210.0,2823463.0,Rebecca J. Stones,111.0
80308.0,7498975.0,Francisco Javier Rojas,111.0
2629.0,4991421.0,Adam Przedniczek,111.0
8009.0,465488.0,jaime,111.0
12337.0,535507.0,Krishna Sangeeth K S,111.0
31896.0,10900782.0,Solvalou,111.0
1935.0,5632331.0,Abhinav Ravi,111.0
40828.0,19460067.0,qsaso,111.0
48475.0,7413256.0,uuuuuuuuuu,111.0
48146.0,10023183.0,Varazda,111.0
48529.0,48200.0,jdm,111.0
35892.0,4161833.0,oymonk,111.0
35924.0,57880.0,pm100,111.0
73335.0,1355785.0,Grieverheart,111.0
14941.0,1985116.0,Minh Triet,111.0
9336.0,6589520.0,bertozzijr,111.0
22184.0,112999.0,user297850,111.0
33912.0,13876378.0,amin,111.0
33744.0,436242.0,Visgean Skeloru,111.0
55373.0,1131301.0,AJ AJ,111.0
31820.0,13700385.0,DataBach,111.0
38444.0,2244485.0,Leo,111.0
81635.0,31996.0,sw.,111.0
48953.0,4637303.0,Jansen,111.0
78687.0,7843848.0,Thorsten Schmitz,111.0
64600.0,1912386.0,nrofis,111.0
37505.0,2067850.0,Remis Haroon - رامز,111.0
33704.0,4387101.0,ElleryL,111.0
7849.0,1897160.0,Red Dwarf,111.0
22129.0,169821.0,Abramodj,111.0
49216.0,20440864.0,Sukti Sen,111.0
51797.0,23470760.0,Cara Duf,111.0
48278.0,4247506.0,Greg,111.0
73835.0,197958.0,BanksySan,111.0
74032.0,20135115.0,Stratos supports the strike,111.0
23665.0,9856853.0,swad,111.0
36354.0,17493493.0,Astarno,111.0
30043.0,935194.0,Frobot,111.0
41178.0,7483933.0,Hitesh Somani,111.0
41152.0,1576814.0,cmal,111.0
22553.0,7788025.0,BioHazZzZard,111.0
62440.0,448640.0,Jorge Rodrigues dos Santos,111.0
86951.0,411321.0,James,111.0
45024.0,4389893.0,Mageek,111.0
63442.0,5811878.0,Sobhan,111.0
31961.0,8297408.0,John David,111.0
81795.0,8279966.0,CutePoison,111.0
14638.0,13251624.0,redlum,111.0
14650.0,5577567.0,andras,111.0
11787.0,11989838.0,optimizedp,111.0
37443.0,4944578.0,Hashman,111.0
5088.0,4061452.0,Murat Kaan Meral,111.0
4085.0,317232.0,MontyHall,111.0
77566.0,229131.0,user491880,111.0
82245.0,66865.0,femto,111.0
82408.0,6081022.0,ModCon,111.0
22474.0,2251768.0,SiXUlm,111.0
29828.0,1341888.0,Jeremy List,111.0
41346.0,274394.0,Felice Pollano,111.0
41370.0,4633757.0,user3755529,111.0
80000.0,183806.0,Jeanluca Scaljeri,111.0
6495.0,9324221.0,Dat,111.0
6619.0,2843520.0,Divyanshu Jimmy,111.0
36893.0,2005107.0,igo,111.0
55894.0,11454994.0,Dark Patate,111.0
40714.0,1041219.0,Hari,111.0
31229.0,2392393.0,curious,111.0
14513.0,45487.0,crizCraig,111.0
17024.0,8904410.0,Shrijit Basak,111.0
45448.0,7234429.0,mrconcerned,111.0
48223.0,21987441.0,Vexea,111.0
62733.0,22297511.0,Niranjandas M,111.0
93602.0,5520398.0,hans glick,111.0
62794.0,26113553.0,Joypal,111.0
66228.0,20649293.0,Aly Mobarak,111.0
40482.0,5831795.0,doca,111.0
18035.0,14311463.0,sentence,111.0
48775.0,6765857.0,czypsu,111.0
30235.0,1007307.0,toom,111.0
15780.0,200091.0,Mac,111.0
37422.0,5191386.0,jan,111.0
22924.0,6392463.0,secavfr,111.0
17162.0,386221.0,Brad,111.0
54352.0,10436252.0,mdslt,111.0
82750.0,1145764.0,xiaolingxiao,111.0
59886.0,4808762.0,Alucard,111.0
98241.0,12284991.0,Max,111.0
24058.0,14517482.0,Wahyu Bram,111.0
19583.0,2175759.0,karthikeyan,111.0
38711.0,411772.0,user784446,111.0
51090.0,3013906.0,Harry,111.0
47911.0,5447900.0,Vassily,111.0
47949.0,2152179.0,bigmuscle,111.0
20193.0,13227389.0,Coconut,111.0
78424.0,1507417.0,Georg M. Goerg,111.0
70557.0,12826411.0,Homer Jay Simpson,111.0
56064.0,14732502.0,imantha,111.0
55378.0,16346288.0,Rubem Pacelli,111.0
96743.0,6077817.0,browsermator,111.0
6030.0,9827059.0,Rafael,111.0
96933.0,3941049.0,gnasher729,111.0
17424.0,167610.0,user572575,111.0
37970.0,6108311.0,Edward Garemo,111.0
82938.0,11846975.0,Quaere Verum,111.0
27092.0,3392345.0,The Guy with The Hat,111.0
78255.0,104635.0,Tomislav Nakic-Alfirevic,111.0
79888.0,1311540.0,Jing,111.0
57343.0,12298896.0,Mykola Zotko,111.0
43077.0,5446096.0,Zaccharie Ramzi,111.0
37364.0,2922520.0,yavalvas,111.0
48085.0,6370833.0,Abhijith S. Raj,111.0
42816.0,11328695.0,Sytze,111.0
23657.0,12496006.0,Krzysztof Kaczyński,111.0
35738.0,7133508.0,Xwtek,111.0
35754.0,8921343.0,Levent Ozbek,111.0
35582.0,7414835.0,Jesper.Lindberg,111.0
25337.0,5251115.0,Stan Shunpike,111.0
37769.0,16138389.0,Grzegorz Krug,111.0
36127.0,2345937.0,Mich,111.0
47686.0,17990565.0,user13074756,111.0
36765.0,9881912.0,AvidJoe,111.0
53466.0,24589925.0,Walnut Close,111.0
83695.0,20200445.0,Konstantinos,111.0
32360.0,3479964.0,Ita,111.0
57246.0,10976829.0,NAnn,111.0
15639.0,5986095.0,me47,111.0
30787.0,7463298.0,rbinnun,111.0
50508.0,8995234.0,Wenuka,111.0
20587.0,11752789.0,JunjieChen,111.0
45720.0,7830246.0,sksoumik,111.0
51073.0,2016946.0,Piotrek,111.0
97423.0,4032106.0,overexchange,111.0
64060.0,3027045.0,user26866,111.0
56524.0,2109345.0,Mahsa,111.0
33815.0,16934469.0,BreezeWind,111.0
12266.0,141336.0,Sandeep Nair,111.0
12341.0,12581937.0,Paul,111.0
37276.0,1520076.0,karthikeyan,111.0
70994.0,1243461.0,Matt Harrison,111.0
27312.0,5932489.0,Nizar,111.0
30428.0,5686732.0,d9ngle,111.0
47950.0,13801013.0,Valentin Stamate,111.0
30134.0,5967908.0,Hendrata,111.0
28430.0,11676642.0,Mousam Singh,111.0
84130.0,1434888.0,Dale Newton,111.0
69993.0,1088735.0,tigrou,111.0
55997.0,212595.0,Sam7,111.0
4346.0,9880152.0,A_C,111.0
19693.0,4923767.0,EssenceBlue,111.0
17959.0,5062847.0,Gemini,111.0
12439.0,43003.0,endolith,111.0
77092.0,2159542.0,Below the Radar,111.0
77978.0,19652815.0,monopoly,111.0
28098.0,14812159.0,rigo,111.0
40134.0,16636999.0,ArunJose,111.0
31316.0,3988058.0,Tiago Duque,111.0
42204.0,10802878.0,Dracula,111.0
28421.0,5912851.0,Sim101011,111.0
52136.0,2303854.0,Antonis,111.0
47660.0,6200420.0,jared-nelsen,111.0
45392.0,2437631.0,Lukas,111.0
47328.0,3101883.0,amirzolal,111.0
36376.0,10015780.0,Farhood ET,111.0
12095.0,7336162.0,john c. j.,111.0
70281.0,162898.0,M Katz,111.0
72706.0,5731785.0,lloyd,111.0
38505.0,6332191.0,Ren,111.0
5535.0,1133930.0,stustd,111.0
18124.0,13978199.0,Tirdad the Whitehand,111.0
26259.0,2755342.0,MatthewRock,111.0
26180.0,1068955.0,Mike Maxwell,111.0
63010.0,26709621.0,Joyful Wasp,111.0
36177.0,8458556.0,Colleen Larsen,111.0
49615.0,4308780.0,Axeon Thra,111.0
23198.0,47197.0,Trident D'Gao,111.0
49747.0,42079.0,Aadith Ramia,111.0
74270.0,27106682.0,Anish Kommireddy,111.0
6036.0,3726872.0,PentiumPro200,111.0
18271.0,32450.0,Artem,111.0
18361.0,10274927.0,mahieyin-rahmun,111.0
26737.0,6437276.0,Denziloe,111.0
49653.0,20732562.0,Hmm,111.0
85182.0,7092786.0,mirewine,111.0
62122.0,9201542.0,RandomWalker,111.0
47974.0,21218829.0,Unnamed,111.0
85490.0,1234525.0,chelder,111.0
56170.0,1301577.0,Proton,111.0
55102.0,1346284.0,Zaratruta,111.0
33992.0,14607415.0,Antonio Leonardo,111.0
70772.0,2246028.0,Wolfgang,111.0
41310.0,1387645.0,kutschkem,111.0
5313.0,287300.0,A T,111.0
85963.0,16805514.0,Yulia Kentieva,111.0
43989.0,4295716.0,Thulfiqar,111.0
52180.0,389590.0,Montana Burr,111.0
55589.0,4972856.0,Inverse Problem,111.0
56013.0,5399249.0,GKiu,111.0
42610.0,1280958.0,Paiman Roointan,111.0
19549.0,1192509.0,Andreas G.,111.0
41210.0,18726119.0,Yazan Alatoom,111.0
42805.0,2645126.0,Muhammad Sarim Mehdi,111.0
52649.0,15788348.0,Lambert macuse,111.0
77120.0,3800321.0,PDiracDelta,111.0
77398.0,20591688.0,Robert W,111.0
58631.0,81845.0,JeremyFromEarth,111.0
45556.0,874149.0,corazza,111.0
22465.0,1007527.0,Hyndrix,111.0
47731.0,1083262.0,DemCodeLines,111.0
70323.0,17460030.0,trshmanx,111.0
72900.0,5236236.0,whitegreen,111.0
11800.0,8316887.0,Janki Desai,111.0
71963.0,106073.0,Alex,111.0
47435.0,10876010.0,user12,111.0
47462.0,939070.0,Alex Stone,111.0
40609.0,6610533.0,BlackBrain,111.0
55635.0,1247074.0,Brannon,111.0
6242.0,872989.0,Gaurav Gandhi,111.0
34485.0,34654.0,scribu,111.0
86391.0,2283856.0,Dan,111.0
23027.0,364905.0,Evgeniy Berezovsky,111.0
47894.0,1491111.0,Bad Pitt,111.0
41965.0,2001041.0,mario ruiz,111.0
37618.0,2821755.0,nyumerics,111.0
101034.0,25723069.0,glacier,111.0
34216.0,10790975.0,Plagon,111.0
56852.0,11093180.0,Zahra,111.0
50242.0,6109653.0,shan,111.0
3887.0,8695016.0,I. Golsby,111.0
3951.0,115401.0,Leopd,111.0
51171.0,7179580.0,204,111.0
77278.0,29717138.0,Someperson,111.0
31002.0,5548640.0,thisisbhavin,111.0
69379.0,11354.0,Pyrolistical,111.0
35592.0,2499819.0,AlgRev,111.0
47814.0,7982476.0,A Tyshka,111.0
34227.0,2717380.0,Michael Higgins,111.0
43391.0,1292968.0,DSKim,111.0
76831.0,282375.0,James,111.0
45437.0,7259316.0,vanquishers,111.0
19522.0,11822641.0,Piyush Singh,111.0
55202.0,19717881.0,seermer,111.0
62658.0,22039344.0,abdo Salm,111.0
71318.0,15878627.0,Jacob Morales Gonzalez,111.0
68387.0,23740371.0,Mingzhou Liu,111.0
86574.0,300064.0,blueether,111.0
37504.0,18667454.0,San,111.0
44508.0,6297287.0,Raman Mishra,111.0
20491.0,959617.0,user984260,111.0
36667.0,16416345.0,KurtMica,111.0
52555.0,9642446.0,Engr Ali,111.0
23986.0,4315373.0,Gigi,111.0
51236.0,5792710.0,David,111.0
57055.0,8058447.0,ai-py,111.0
51452.0,4325230.0,npit,111.0
55332.0,11941606.0,Lluis C,111.0
83264.0,19989659.0,Guilherme Correa,111.0
77279.0,1098974.0,Ron,111.0
17279.0,3116481.0,xtof54,111.0
84426.0,28298.0,chmike,111.0
25989.0,5918359.0,Steve,111.0
47897.0,4027209.0,Celelibi,111.0
52362.0,4386483.0,user3576467,111.0
50053.0,2681318.0,Osama El-Ghonimy,111.0
40202.0,3645203.0,Scarysize,111.0
40216.0,4861523.0,curiousgeorge,111.0
46666.0,165296.0,banderlog013,111.0
44983.0,15293592.0,L292092,111.0
87842.0,21597022.0,AnanthDev,111.0
43246.0,19443936.0,ground clown,111.0
50413.0,17528229.0,OK 400,111.0
85523.0,6983214.0,nanoman,111.0
46787.0,8235.0,Gili,111.0
96600.0,6414878.0,Horst,111.0
94084.0,8144911.0,Soham Bhaumik,111.0
21451.0,14050252.0,inferator,111.0
45211.0,6790184.0,bkaankuguoglu,111.0
46816.0,17420574.0,Tiago Cavalcante,111.0
88476.0,31735.0,tkw954,111.0
6053.0,2647786.0,Pawel Kranzberg,111.0
88845.0,3781345.0,user43280,111.0
30539.0,231488.0,Paul McCarthy,111.0
30534.0,6952187.0,NessBird,111.0
3992.0,4581472.0,postoronnim,111.0
54707.0,16684689.0,Daniel,111.0
19405.0,8594143.0,kz28,111.0
20743.0,412932.0,mimoralea,111.0
50531.0,11889677.0,jjangga,111.0
70516.0,13885664.0,Joe C.,111.0
43975.0,1862068.0,Bazman,111.0
31752.0,3132068.0,Alex,111.0
76994.0,5725404.0,Shivkumar Mallesappa,111.0
34130.0,3813343.0,GuiTeK,111.0
38964.0,9942391.0,Badran,111.0
71383.0,52206.0,dhruvbird,111.0
19347.0,9489951.0,Shyrokoa,111.0
12959.0,1898217.0,Francesco Boi,111.0
71332.0,3479550.0,itsmarziparzi,111.0
71441.0,28376142.0,aome,111.0
29652.0,1277571.0,lzl,111.0
27971.0,1706854.0,jjepsuomi,111.0
25589.0,7412273.0,Mr.Code,111.0
45155.0,2293310.0,wilson_smyth,111.0
51377.0,2477274.0,Ivan  Ivanov,111.0
17059.0,9029901.0,TSR,111.0
19393.0,2892714.0,Midas,111.0
22854.0,7195484.0,Sextus Empiricus,111.0
83704.0,2414001.0,Ignat Insarov,111.0
18653.0,422603.0,Artem Oboturov,111.0
18711.0,12608350.0,Shree Singhi,111.0
4528.0,6202694.0,aljoshare,111.0
27246.0,9249339.0,Arif Ahmad,111.0
19539.0,6762820.0,ozgur,111.0
64793.0,2113864.0,Mayur Kulkarni,111.0
27322.0,3545258.0,Michael Ramos,111.0
27332.0,11363685.0,Kamran Hosseini,111.0
22393.0,4700390.0,lserlohn,111.0
95936.0,38419407.0,Antonio Rossi,111.0
74701.0,213104.0,MrSparkly,111.0
72588.0,4786556.0,aystack,111.0
36496.0,1604190.0,Vince,111.0
36499.0,4038832.0,SomethingSomething,111.0
36581.0,3419125.0,user2867237,111.0
80118.0,7316993.0,Vaas,111.0
61195.0,2962769.0,Vladimir Zolotov,111.0
28200.0,2099007.0,nikolaosmparoutis,111.0
51821.0,2296671.0,DarioB,111.0
83325.0,22089978.0,hidden_machine,111.0
33985.0,14581523.0,learner,111.0
68300.0,17308612.0,The Limit Does Not Exist,111.0
68361.0,6745652.0,Tue,111.0
19966.0,6137477.0,quintin,111.0
20068.0,9305644.0,morgansbyers,111.0
86727.0,5768197.0,Jonas Zaugg,111.0
36257.0,16030321.0,Firdaus Indradhirmaya,111.0
19868.0,351025.0,the_candyman,111.0
49410.0,557437.0,Darko,111.0
68292.0,1812724.0,Tim Kuipers,111.0
18881.0,14501301.0,Ricardo Prieto,111.0
23784.0,8582947.0,user823,111.0
22794.0,481873.0,justhalf,111.0
51048.0,2113882.0,Thariq Nugrohotomo,111.0
89788.0,1128185.0,Green,111.0
54606.0,13637805.0,Greg S,111.0
89871.0,26258566.0,Frazer,111.0
20198.0,11257137.0,Lysandre,111.0
48757.0,3279330.0,topher217,111.0
44259.0,1807719.0,Kagaratsch,111.0
44275.0,3565060.0,Yeahia2508,111.0
44166.0,9915004.0,Undead,111.0
15405.0,8322600.0,Ari K,111.0
92830.0,21741854.0,MattTT,111.0
41520.0,7353743.0,Vijay Kumar S,111.0
10583.0,18661.0,Eric O. Lebigot,111.0
52721.0,11461970.0,Shaida Muhammad,111.0
23170.0,4494419.0,OneArb,111.0
26746.0,1125511.0,Max Suica,111.0
17068.0,10597965.0,Inder,111.0
71702.0,470275.0,dc10,111.0
20113.0,2289784.0,Nygen Patricia,111.0
26835.0,9714900.0,mastersom,111.0
95946.0,10101512.0,Nour Aldein,111.0
21399.0,3208479.0,user91411,111.0
30875.0,543383.0,Marc,111.0
50786.0,14223026.0,Noha,111.0
51005.0,942921.0,John V,111.0
49278.0,282234.0,sanyi,111.0
75955.0,4912522.0,Redwanul Haque Sourave,111.0
52641.0,15623839.0,jeff pentagon,111.0
23069.0,4633023.0,Amey P Naik,111.0
87720.0,3538580.0,Dmitry,111.0
29908.0,1001725.0,Infinity77,111.0
72668.0,1826446.0,Jason L,111.0
72727.0,96662.0,SharpAffair,111.0
20251.0,14291711.0,Ind,111.0
26632.0,403015.0,m_kramar,111.0
45599.0,4064018.0,Mohammed Awney,111.0
76315.0,13117124.0,altheconda,111.0
23746.0,1734674.0,user1587520,111.0
34248.0,7689995.0,PagMax,111.0
71684.0,17534164.0,Asher2211,111.0
35902.0,11271363.0,black sheep 369,111.0
25687.0,7433481.0,JohnDizzle,111.0
21939.0,311674.0,Alexander Chervov,111.0
35565.0,7827924.0,sandboxj,111.0
50757.0,3365211.0,binaryBigInt,111.0
75376.0,16194052.0,Farhang Amaji,111.0
61585.0,7538624.0,Mojmir,111.0
34514.0,5676036.0,Dickens A S,111.0
78003.0,11064698.0,Klops,111.0
15164.0,13405622.0,earthworm67,111.0
90072.0,21686802.0,Ash_Blanc,111.0
38295.0,6325350.0,liorr,111.0
76029.0,13953514.0,John Miller,111.0
76068.0,2071366.0,andy90,111.0
38107.0,2281400.0,Miguel Sanchez,111.0
71401.0,1066163.0,CWcx,111.0
30970.0,6905728.0,Sunny,111.0
21287.0,15087906.0,D. B.,111.0
23434.0,1937938.0,Most Wanted,111.0
40612.0,15453248.0,Javier TG,111.0
36013.0,17912389.0,Darien Schettler,111.0
27370.0,57557.0,vfclists,111.0
44446.0,13618760.0,robert,111.0
90014.0,476002.0,yasar,111.0
91956.0,20034903.0,math boy,111.0
89098.0,36839674.0,Trusha Jadeja,111.0
51695.0,412014.0,scign,111.0
252.0,8227005.0,Arun George,111.0
44896.0,19666488.0,shimeji42,111.0
44945.0,7889011.0,VlassisFo,111.0
23578.0,283441.0,kinkajou,111.0
53844.0,2504705.0,There,111.0
6361.0,1967474.0,user1767316,111.0
26307.0,341953.0,Can't Tell,111.0
55925.0,23579885.0,xojfqa,111.0
45119.0,1762809.0,ℕʘʘḆḽḘ,111.0
45200.0,5132995.0,krishna chaitanya,111.0
45228.0,16688778.0,Quadro,111.0
20515.0,14905087.0,123learn,111.0
20527.0,9517245.0,Abhijith Bagepalli,111.0
18713.0,7597984.0,mrk,111.0
20579.0,4303596.0,Sigex,111.0
80135.0,18590145.0,Robert,111.0
25810.0,1999108.0,Quaxton Hale,111.0
4543.0,8062148.0,Cbrom,111.0
76844.0,8543618.0,kaiser,111.0
52726.0,9124683.0,Eduardo,111.0
6989.0,8095431.0,Aaron Quitta,111.0
42445.0,10908553.0,exteral,111.0
51293.0,4137496.0,Baffo rasta,111.0
93298.0,284632.0,Amir Esmaeilzadeh,111.0
64367.0,23601844.0,AAA,111.0
21166.0,9565283.0,Bicheng,111.0
4335.0,7254532.0,Shiny_and_Chrome,111.0
52909.0,5243822.0,Somdip Dey,111.0
61116.0,14569669.0,Acad,111.0
85371.0,3391024.0,user2845840,111.0
86879.0,18149683.0,stackoverblown,111.0
73186.0,11173756.0,deepfloe,111.0
51438.0,15141.0,viraptor,111.0
21565.0,8110957.0,Joseph Santarcangelo,111.0
88241.0,27280398.0,Danny Wen,111.0
53886.0,7847227.0,crass_sandwich,111.0
38413.0,1328642.0,stevew,111.0
4652.0,53418.0,Snives,111.0
51543.0,15462717.0,ashutosh singh,111.0
38265.0,4070200.0,Jack Armstrong,111.0
27076.0,56672.0,Mick,111.0
53463.0,9938274.0,shouldsee,111.0
72833.0,1501895.0,Elia Weiss,111.0
51436.0,1313464.0,jpmuc,111.0
46779.0,214414.0,Bill Software Engineer,111.0
27209.0,1012487.0,Dilitante,111.0
33059.0,1053202.0,WestCoastProjects,111.0
45348.0,15106221.0,AI92,111.0
34333.0,8252285.0,underdisplayname,111.0
34382.0,3812065.0,seilgu,111.0
18245.0,5871042.0,Keivan,111.0
34440.0,12136094.0,Ver,111.0
74880.0,2876637.0,Rashad Saleh,111.0
21790.0,1039654.0,NaturalBornCamper,111.0
32699.0,71534.0,dan12345,111.0
22885.0,9443593.0,Rares Dima,111.0
26071.0,9920002.0,fazega,111.0
43129.0,2229624.0,Jon Nordby,111.0
90927.0,19154616.0,Garv Chaudha,111.0
91049.0,18424743.0,hainabaraka,111.0
69080.0,15013999.0,Suman,111.0
38015.0,2943349.0,John Jiang,111.0
52749.0,5484735.0,BraveDistribution,111.0
92781.0,25731086.0,NancyBoy,111.0
21077.0,15007526.0,MisterButter,111.0
21136.0,5542189.0,More Anonymous,111.0
25988.0,13271618.0,Sajad.sni,111.0
20570.0,3911671.0,kevin998x,111.0
44830.0,1970066.0,Nathan Merrill,111.0
61946.0,15694766.0,Giorgos Xou,111.0
92639.0,3522295.0,Zveratko,111.0
31928.0,8754174.0,sqp_125,111.0
53143.0,2727658.0,Hans,111.0
92164.0,17452700.0,Gripen,111.0
92254.0,91627.0,rakete,111.0
20856.0,5998720.0,Exprove,111.0
36638.0,14728818.0,R AND B,111.0
36637.0,11701301.0,Aditya Kushwah,111.0
36651.0,12434501.0,Babaji,111.0
54443.0,21397897.0,MD Mushfirat Mohaimin,111.0
54455.0,6457768.0,Lilla,111.0
62926.0,236679.0,Lu4,111.0
32644.0,1971712.0,Bor,111.0
70661.0,19220503.0,Amirhossein Rezaei,111.0
30285.0,349130.0,Tomas,111.0
31497.0,15811686.0,polcott,111.0
44735.0,1229829.0,barnhillec,111.0
50305.0,1903979.0,user197508,111.0
78956.0,5376548.0,James C,111.0
7069.0,7928081.0,joel,111.0
60321.0,4497083.0,macleginn,111.0
32563.0,3848075.0,user3188912,111.0
52934.0,5354665.0,harrow,111.0
49699.0,6853240.0,Alex,111.0
45943.0,19259897.0,test123,111.0
41535.0,6454290.0,Ilya.K.,111.0
30272.0,69707.0,Pace,111.0
88778.0,20646235.0,JS3,111.0
13026.0,1765317.0,Viatorus,111.0
13042.0,88445.0,killerbarney,111.0
12824.0,3522750.0,greywolf82,111.0
68356.0,18046011.0,Dylan Dijk,111.0
68718.0,9083550.0,Robbie Goodwin,111.0
37906.0,12913813.0,DragonsCanDance,111.0
44936.0,12222168.0,Alien,111.0
23340.0,6441811.0,bjschoenfeld,111.0
74398.0,18197147.0,PokeLu,111.0
72644.0,21558741.0,JeeyCi,111.0
18642.0,56937.0,lurscher,111.0
33076.0,53632.0,Henry Tseng,111.0
4982.0,1034505.0,Leo,111.0
100597.0,8671993.0,vidyarthi,111.0
22931.0,2271957.0,user1999109,111.0
49844.0,3458861.0,HonestMath,111.0
91699.0,2910372.0,UserB1234,113.0
14457.0,1005158.0,sten,113.0
32287.0,17015938.0,Self Smarted,113.0
33465.0,1744907.0,STORM,113.0
25902.0,13931957.0,John,113.0
46098.0,5726378.0,Joe,113.0
20482.0,1603007.0,Alex,113.0
14994.0,427076.0,skyman,113.0
22498.0,1710062.0,Anders Ellern Bilgrau,113.0
50364.0,16016792.0,Matías Santurio,113.0
44356.0,4984672.0,Ruthger Righart,113.0
76231.0,3525287.0,florian norbert bepunkt,113.0
20376.0,13700445.0,OrganicMustard,113.0
38000.0,6740870.0,christopher,113.0
46248.0,7386269.0,Minkyu Choi,113.0
46445.0,21207656.0,Dawid_K,113.0
55467.0,15205995.0,MoRe,113.0
46209.0,20652221.0,Tianxun Zhou,113.0
10649.0,331923.0,orome,113.0
54590.0,15743374.0,Sanzor,113.0
54359.0,17423296.0,durianice,113.0
26653.0,10536897.0,DisplayName,113.0
39000.0,5568890.0,Julian,113.0
72223.0,14485958.0,John Brown,113.0
91952.0,1576588.0,jmazaredo,113.0
89282.0,6271232.0,Balira,113.0
19332.0,8193877.0,Aravind,113.0
77024.0,8915053.0,Job_September_2020,113.0
69212.0,15089197.0,Meatball Princess,113.0
47261.0,556700.0,jsf80238,113.0
27422.0,7218714.0,sage76,113.0
19167.0,4548865.0,FullStack,113.0
78655.0,16585113.0,bigbang,113.0
76466.0,23107635.0,zacoons,113.0
20762.0,4841598.0,Zach Zhao,113.0
79707.0,987259.0,BoZenKhaa,113.0
69334.0,19916038.0,prostak,113.0
47475.0,2084406.0,chinmay,113.0
14628.0,3075759.0,Adam Smith,113.0
25307.0,3616839.0,Illuminati0x5B,113.0
77544.0,8722352.0,wander95,113.0
92605.0,2375220.0,JoaMika,113.0
20519.0,3198369.0,kwoonfai,113.0
18501.0,4572156.0,tmthyjames,113.0
18468.0,3699138.0,user3079474,113.0
7463.0,6862414.0,Mihai,113.0
43089.0,19235035.0,Christian Doucette,113.0
18470.0,9991146.0,wesleyy,113.0
20631.0,48063.0,dzieciou,113.0
38186.0,17560157.0,voroshilov,113.0
55492.0,365688.0,opoloko,113.0
5154.0,1206743.0,thinkski,113.0
43411.0,15908426.0,PepperTiger,113.0
56248.0,2714947.0,Giorgio Tempesta,113.0
84218.0,19137831.0,Someone_1313,113.0
51928.0,17454260.0,Galen BlueTalon,113.0
29650.0,8932417.0,Atreidex,113.0
45209.0,6164446.0,Danny_Kim,113.0
75182.0,1108135.0,Sterling Duchess,113.0
42230.0,8138481.0,Hadi GhahremanNezhad,113.0
51999.0,7213997.0,Jelle,113.0
47186.0,4107701.0,Lennart,113.0
50330.0,3598704.0,OfirD,113.0
55181.0,14713952.0,Arunabh,113.0
20639.0,7274.0,Peter K.,113.0
5857.0,5764261.0,wordsforthewise,113.0
26383.0,11955949.0,Max,113.0
63807.0,19744825.0,PwNzDust,113.0
78631.0,12559025.0,Umberto Fontanazza,113.0
27378.0,1695359.0,pseudomonas,113.0
47131.0,9863541.0,asymmetryFan,113.0
5873.0,1393626.0,Mahmoud Abdel-Mon'em,113.0
56976.0,1251656.0,tammuz,113.0
50932.0,10473702.0,nick,113.0
38292.0,9231900.0,Dimitris Dimitriadis,113.0
58058.0,4088598.0,Zarif,113.0
46647.0,15202713.0,haneulkim,113.0
78904.0,128168.0,fakedrake,113.0
3199.0,9495004.0,bw0248,113.0
73086.0,20354399.0,Ryan Wang,113.0
26605.0,984569.0,Stencil,113.0
60787.0,15717062.0,nathan raynal,113.0
30737.0,11206284.0,干猕猴桃,113.0
40541.0,77933.0,cjm2671,113.0
59653.0,24445346.0,Gamaray,113.0
51798.0,2738916.0,Anik Islam Abhi,113.0
53447.0,10065306.0,LittleLulatsch,113.0
48548.0,21715450.0,MrPlanck,113.0
77338.0,17290101.0,DatBoi,113.0
45039.0,7302951.0,MilTom,113.0
62698.0,15368605.0,Mattpats,113.0
25868.0,3180514.0,Ruthvik Vaila,113.0
25190.0,5214366.0,Joseph Doob,113.0
42916.0,997128.0,Rocket04,113.0
10448.0,7620407.0,cmplx96,113.0
70119.0,25408414.0,Samvel Safaryan,113.0
44992.0,14420543.0,Petar Luketina,113.0
16387.0,1507082.0,HappyFace,113.0
41003.0,6678593.0,scico111,113.0
79574.0,27115304.0,Rias Gremory,113.0
31757.0,1979490.0,Jonathan Azpur,113.0
44421.0,10741043.0,Zero,113.0
80268.0,12883971.0,Arjun Singh,113.0
82580.0,1780043.0,Gratzy,113.0
40971.0,13980103.0,WinnieThePooh,113.0
60269.0,15968189.0,Airlangga Fidiyanto,113.0
64076.0,14600060.0,IndustryUser1942,113.0
16232.0,3239594.0,John Smith,113.0
66174.0,1426624.0,Imran Q,113.0
38402.0,15090899.0,Felipe Costa,113.0
85391.0,5175809.0,Gyro Gearloose,113.0
17925.0,4848123.0,Daniel Chepenko,113.0
40744.0,1705719.0,minusatwelfth,113.0
80255.0,3839156.0,Ababababa,113.0
31932.0,2608799.0,Ronikos,113.0
81473.0,8756680.0,Léreau,113.0
30130.0,4627362.0,treeoid,113.0
16371.0,12216174.0,HardFork,113.0
8439.0,356496.0,Jim,113.0
43945.0,18462697.0,Alexandre Krul,113.0
44605.0,6909281.0,stevec,113.0
26110.0,14470543.0,Mario,113.0
4531.0,4845589.0,Diligent Key Presser,113.0
71207.0,27844516.0,BigMistake,113.0
31024.0,1010426.0,GGizmos,113.0
32050.0,41864.0,robob,113.0
60150.0,1036855.0,hasanghaforian,113.0
78801.0,1558580.0,Ef Ge,113.0
48736.0,15725880.0,novice,113.0
27227.0,7661510.0,0x5050,113.0
22082.0,4518980.0,Tlaloc-ES,113.0
18298.0,3040933.0,Math.StackExchange,113.0
56569.0,2551.0,Tyler,113.0
78300.0,11839064.0,Dude156,113.0
79842.0,15357335.0,Yanirmr,113.0
73473.0,23053072.0,n-l-i,113.0
55333.0,23535756.0,ImotVoksim,114.0
37965.0,4943018.0,Akshat Zala,115.0
47724.0,17591783.0,tdMJN6B2JtUe,115.0
17892.0,4305842.0,Elisha Senoo,115.0
5751.0,2058164.0,Cerbrus,115.0
2148.0,250783.0,hippietrail,115.0
12803.0,12433276.0,Sanket Alurkar,115.0
23355.0,13125518.0,mLstudent33,115.0
25659.0,5304171.0,Dema Ushchapovskyy,115.0
43270.0,17879520.0,Ilknur Mustafa,115.0
15993.0,147829.0,pitosalas,115.0
19220.0,14507545.0,ME.,115.0
44588.0,2192332.0,johnny 5,115.0
44931.0,6165377.0,tushar,116.0
50223.0,22815925.0,Zayn,116.0
89860.0,17783506.0,r000bin,116.0
16557.0,230074.0,Miguel,116.0
68623.0,8742182.0,Satyajit,116.0
6514.0,3582104.0,aesthete,116.0
2990.0,2441960.0,kvfi,116.0
17217.0,59310.0,ubershmekel,116.0
67684.0,9262411.0,raquelhortab,116.0
4744.0,9245979.0,iamPres,116.0
9111.0,7165538.0,james,116.0
16663.0,3756740.0,derjack,116.0
85219.0,22158985.0,Ahnel,116.0
46142.0,6605162.0,MrYellow,116.0
44705.0,3083674.0,raghu,116.0
26722.0,4289457.0,tea_pea,117.0
9197.0,4831920.0,Mysterious Otter,117.0
70564.0,26150447.0,Everson Gomes,117.0
79419.0,2910131.0,Edificial Inelegance,117.0
57497.0,7376166.0,quanity,117.0
18956.0,5013180.0,codecracker,117.0
36590.0,551019.0,alfa,117.0
27731.0,69714.0,magallanes,117.0
1429.0,215207.0,kjetil b halvorsen,118.0
43651.0,10951420.0,John Rothman,118.0
44174.0,1762312.0,Rijul Gupta,119.0
41382.0,1487916.0,Nick,119.0
69512.0,188232.0,Mike Ellis,119.0
57463.0,24980580.0,userrandrand,119.0
4363.0,4466087.0,Francky_V,119.0
31450.0,2405823.0,Schnodderbalken,119.0
5867.0,10289417.0,aAAAAAAa,119.0
70278.0,6757584.0,Andrew,119.0
30210.0,7289889.0,David Cian,119.0
72050.0,1355092.0,Christian Žagarskas,119.0
45595.0,19907137.0,Youvan,119.0
51505.0,12523063.0,kitaird,119.0
46539.0,11666143.0,Maunish Dave,119.0
11782.0,8492522.0,user341502,119.0
11585.0,11262281.0,po0l,119.0
11525.0,2218379.0,ManuParra,119.0
76383.0,3990912.0,Boris L.,119.0
9684.0,3509903.0,Denis Steinman,119.0
11080.0,466489.0,James Paul Mason,119.0
11018.0,1023850.0,Cœur,119.0
10883.0,3269991.0,Joshua de Haan,119.0
10655.0,411823.0,Yrogirg,119.0
5698.0,7264497.0,Sebastian Hahn,119.0
9166.0,5953740.0,Krzysztof Cichocki,119.0
14955.0,528347.0,wil3,119.0
8816.0,1640346.0,Jeff Richley,119.0
6243.0,1679521.0,Elijas Dapšauskas,119.0
15024.0,3796291.0,cristid9,119.0
32534.0,4106531.0,mascot,119.0
33479.0,17193097.0,perenniallydisappointed,119.0
11835.0,2076912.0,scarecrow,119.0
17936.0,8362835.0,Daniel GL,119.0
31401.0,297683.0,Natta Wang,119.0
17476.0,164231.0,elksie5000,119.0
33955.0,10073281.0,Mr-Programs,119.0
49616.0,162021.0,Marco,119.0
68449.0,10038701.0,Deepak Tatyaji Ahire,119.0
62520.0,15268897.0,zomega,119.0
44925.0,3608867.0,user3010406,119.0
16.0,2202424.0,John Slegers,119.0
7330.0,9722745.0,Shubham Bhardwaj,119.0
27440.0,1749543.0,boomkin,119.0
47754.0,8400957.0,cppcoder,119.0
88444.0,132094.0,Jacksonkr,119.0
72327.0,234202.0,FumbleFingers,119.0
15223.0,10409343.0,sfmiller940,119.0
9998.0,417619.0,Rob,119.0
18138.0,290599.0,Mike Vella,119.0
20941.0,83704.0,Dimagog,119.0
21020.0,3262126.0,Olivier,119.0
25913.0,4189259.0,newbie programmerz,119.0
20304.0,4597208.0,Đỗ Như Vý,119.0
64458.0,5609787.0,Max,119.0
25432.0,141216.0,Bill,119.0
23883.0,7586705.0,user110565,119.0
20456.0,1470635.0,danny,119.0
22526.0,6304107.0,DINA TAKLIT,119.0
23370.0,1350709.0,sandre89,119.0
62366.0,12543831.0,Joselin Jocklingson,119.0
21567.0,7451416.0,Андрій Немченко,119.0
3432.0,3300145.0,Lud,119.0
23009.0,2348943.0,El Dude,119.0
41626.0,10531508.0,kleinerde,121.0
61698.0,13609776.0,Valentin Macé,121.0
41685.0,8645320.0,Robert,121.0
23289.0,14341768.0,evantkchong,121.0
52521.0,12790614.0,yoon,121.0
3561.0,7681586.0,oliver,121.0
22452.0,10156224.0,Abdallah Atef,121.0
23557.0,12046759.0,pobu,121.0
27672.0,10487520.0,zeyger,121.0
22017.0,6453077.0,Ayumu Kasugano,121.0
19881.0,2948661.0,Christian Bueno,121.0
22115.0,6720913.0,CharcoalG,121.0
44342.0,7741308.0,masterBroesel,121.0
49395.0,10329386.0,logankilpatrick,121.0
50742.0,23127893.0,Adith Raghav,121.0
67926.0,19094976.0,Phillip Maire,121.0
25274.0,14419093.0,Malekai,121.0
20818.0,9089222.0,dalearn,121.0
19788.0,1144773.0,Lakshay Dulani,121.0
21729.0,2753086.0,Francisco Maria Calisto,121.0
25614.0,2981453.0,Stephen H. Anderson,121.0
25634.0,1291179.0,Zanam,121.0
92909.0,26252777.0,HIH,121.0
76726.0,2198255.0,Teun,121.0
21351.0,8086292.0,Shen Zhuoran,121.0
91900.0,3370439.0,kuzzooroo,121.0
78997.0,11700678.0,Kode,121.0
93052.0,4508433.0,Pronitron,121.0
29737.0,1484655.0,Ben Kovitz,121.0
51308.0,1897873.0,Shai,121.0
22592.0,12097991.0,TassosK,121.0
20881.0,12112784.0,Nishant Ingle,121.0
4007.0,5660756.0,Pradeep Kumar,121.0
92890.0,42701.0,Evan Carroll,121.0
25512.0,10086190.0,ASHu2,121.0
48907.0,5042369.0,palazzo train,121.0
63416.0,10648085.0,Subhajit Saha,121.0
26292.0,9908740.0,David,121.0
25772.0,13886774.0,MementoMori,121.0
91324.0,1065850.0,danielperaza,121.0
22988.0,6152614.0,Akshay Kumar,121.0
20698.0,6182301.0,Matthieu Raynaud de Fitte,121.0
26783.0,2409541.0,Brian McAuliffe,121.0
2312.0,4037001.0,iPherian,121.0
61678.0,126762.0,eMPee584,121.0
56114.0,18637040.0,Dawid,121.0
4361.0,2314545.0,Johan Falkenjack,121.0
26332.0,11037335.0,wuerfelfreak,121.0
51295.0,15995944.0,pepijno,121.0
48769.0,5046077.0,user4052054,121.0
16783.0,13926956.0,solver149,121.0
89451.0,83046.0,PICyourBrain,121.0
89676.0,14141570.0,Rafa,121.0
27010.0,5813.0,Richard Nienaber,121.0
19784.0,14727854.0,Insha Darwaish,121.0
21393.0,11613849.0,PSKP,121.0
77847.0,22189824.0,Ari Setiawan,121.0
19713.0,366849.0,torayeff,121.0
89129.0,47075.0,Marek Stój,121.0
19531.0,7423738.0,Gal Avineri,121.0
19408.0,9033937.0,Hasnain Raza,121.0
19270.0,9524951.0,Kevin He,121.0
21311.0,4261903.0,Agade,121.0
88291.0,4629530.0,Axion004,121.0
27602.0,1147576.0,baramuse,121.0
88588.0,187086.0,Regan ,121.0
37830.0,4924159.0,Ismael EL ATIFI,121.0
20661.0,462742.0,ishandutta2007,121.0
26033.0,16018999.0,alt-rose,121.0
27791.0,13497299.0,Moeinh77,121.0
26922.0,61658.0,Ehsan Khodarahmi,121.0
1424.0,4501440.0,user23013,121.0
83065.0,1802391.0,AMT,121.0
51882.0,19517879.0,python newbie,121.0
52027.0,2779064.0,Bennet Leff,121.0
27990.0,306827.0,Nam Vu,121.0
18748.0,3029947.0,SeanJ,121.0
27919.0,9107601.0,merovingienne,121.0
27677.0,4745335.0,JacoSolari,121.0
85715.0,29331547.0,Chris Denniston,121.0
18546.0,4289778.0,user13514,121.0
86171.0,6592052.0,Charles Ju,121.0
37335.0,4195672.0,figs_and_nuts,121.0
23024.0,4528908.0,QuyNguyen2013,121.0
63038.0,3932738.0,cgnorthcutt,121.0
23000.0,250660.0,ytk,121.0
15526.0,406692.0,3yanlis1bos,121.0
18267.0,3043266.0,Nicolas Schejtman,121.0
18375.0,14377606.0,Venkata Rathnam,121.0
30614.0,989988.0,Wietse de Vries,121.0
83814.0,27890483.0,Alex,121.0
46615.0,5238153.0,Quantum Sphinx,121.0
83763.0,4120352.0,kms,121.0
30283.0,11461592.0,Pritul Dave,121.0
6141.0,10351067.0,Tuan Trinh,121.0
17028.0,3172760.0,coderkane,121.0
28455.0,16630127.0,anil kumar,121.0
29928.0,11891820.0,c0der512,121.0
30980.0,4510966.0,user3667089,121.0
41554.0,5678999.0,Howard,121.0
5927.0,2463169.0,flyingfinger,121.0
16582.0,92358.0,jdowner,121.0
31464.0,9988228.0,Alexey,121.0
31489.0,47622.0,Eric J.,121.0
31494.0,7293106.0,NM2,121.0
16715.0,11269524.0,Abaqus,121.0
31415.0,8689885.0,YLM,121.0
85248.0,4535655.0,Sachin Hosmani,121.0
31145.0,1375431.0,Jaswin,121.0
31222.0,3687570.0,Nazar,121.0
25412.0,11209984.0,Jenia Golbstein,121.0
60916.0,1586434.0,tSchema,121.0
31712.0,5645.0,Alexey Romanov,121.0
82398.0,28807220.0,Euclid,121.0
31885.0,12829196.0,Jonathan R,121.0
22249.0,5646652.0,Bs He,121.0
25639.0,14971301.0,shreyshrey,121.0
1964.0,1139945.0,dksahuji,121.0
31769.0,94872.0,mrts,121.0
86753.0,19601194.0,Mandias,121.0
31859.0,5369455.0,Martin,121.0
27662.0,5487352.0,knallfrosch,121.0
48165.0,412953.0,ChalkTalk,121.0
31804.0,1383103.0,Mitesh Budhabhatti,121.0
16414.0,119225.0,patrickandroid,121.0
45855.0,6359238.0,George Zheng,121.0
76130.0,25920455.0,calmcc,121.0
31902.0,14630971.0,notarealgreal,121.0
21484.0,6138684.0,jDoe,121.0
43397.0,4240699.0,Adam Acosta,121.0
96336.0,14072653.0,Zlotz,121.0
32082.0,12836197.0,Martin,121.0
16071.0,50217.0,akano1,121.0
54934.0,1239594.0,Abdalwhab Bakheet,121.0
45424.0,8105750.0,Marvis Lu,121.0
46559.0,7648351.0,dnqxt,121.0
86959.0,26392300.0,Aleph 0,121.0
45062.0,20776962.0,Muhammad Waqar Anwar,121.0
15714.0,7786408.0,Optimized Life,121.0
15189.0,1718140.0,GPrathap,121.0
15703.0,10463916.0,Nɪsʜᴀɴᴛʜ ॐ,121.0
15633.0,5299479.0,nirvair,121.0
41372.0,6932759.0,Mathav Raj,121.0
79956.0,19466002.0,eof,121.0
32373.0,12555497.0,Code Monkey,121.0
32395.0,9541910.0,davidbaguetta,121.0
2918.0,137518.0,hotpaw2,121.0
20962.0,14606016.0,Coder Guy,121.0
80294.0,30488005.0,Gabriel Ribeiro C.,121.0
43882.0,2016772.0,Roland Puntaier,121.0
28473.0,515269.0,MrMartin,121.0
23012.0,5194973.0,Luca Jung,121.0
7859.0,9719953.0,molig,121.0
79615.0,71225.0,Switch,121.0
33392.0,11615.0,Sugendran,121.0
79318.0,18054961.0,Timothee W,121.0
33135.0,170156.0,simo,121.0
3231.0,9172616.0,Kernel_Dirichlet,121.0
7491.0,1415041.0,Pak,121.0
14661.0,2708111.0,Simone Bolognini,121.0
14933.0,13340985.0,ml_nrd,121.0
32936.0,125116.0,ylluminate,121.0
30950.0,8775824.0,mrtpk,121.0
33658.0,10729611.0,Johncowk,121.0
5007.0,3970908.0,Iman Mirzadeh,121.0
53956.0,18656235.0,Amartya,121.0
29839.0,338983.0,Juanmi Rodriguez,121.0
78802.0,3308963.0,Atanu Roy,121.0
21237.0,10054171.0,vftw,121.0
48705.0,14533047.0,chang_trenton,121.0
44877.0,12296841.0,DarknessPlusPlus,121.0
77856.0,8067541.0,Nimantha,121.0
54610.0,5100777.0,eddys,121.0
12261.0,1540311.0,Pablo Gonzalez,121.0
11449.0,27825.0,Matt Murrell,121.0
33820.0,4962547.0,Oleg Bizin,121.0
31445.0,3728998.0,kosa,121.0
23719.0,86204.0,Shamoon,121.0
33746.0,16206689.0,Akash Karnatak,121.0
78340.0,13021621.0,HiddenBabel,121.0
11943.0,2056348.0,raisa_,121.0
83508.0,22225931.0,Osmar,121.0
44635.0,3744871.0,davik,121.0
41619.0,5434669.0,ZKS,121.0
75221.0,11309109.0,Charles Hudgins,121.0
45258.0,12397180.0,s1624210,121.0
48833.0,182134.0,Chinmoy,121.0
12127.0,1011431.0,Matt,121.0
55256.0,7703559.0,J.Kent,121.0
77042.0,13705538.0,Jakub Koubele,121.0
36818.0,623162.0,JMarc,121.0
44277.0,13018668.0,Anders BB,121.0
61537.0,1544443.0,ngiann,121.0
32253.0,17248709.0,Manojk07,121.0
79353.0,2359759.0,Kale Kundert,121.0
22566.0,14713388.0,Siddharth Satpathy,121.0
102870.0,40253723.0,Nigel,121.0
12298.0,146157.0,Stephane Rolland,121.0
11346.0,529727.0,user614,121.0
20314.0,5000152.0,Imago,121.0
31772.0,16222647.0,dereks,121.0
28367.0,211446.0,Euphoric,121.0
11644.0,4248437.0,Sandeep Silwal,121.0
76206.0,28955440.0,Cerise,121.0
17067.0,1285330.0,Dammand Cherry,121.0
9039.0,7086248.0,Ari Hietanen,121.0
35587.0,5752595.0,AndyM,121.0
74967.0,1374614.0,Johnny McKenzie,121.0
47876.0,21081296.0,Patricio Loncomilla,121.0
34449.0,2406835.0,brian_ds,121.0
4202.0,4520723.0,mahacoder,121.0
34464.0,3347633.0,Fq00,121.0
11410.0,92306.0,Evan,121.0
27155.0,1137249.0,ShadowsInRain,121.0
75485.0,344085.0,simone,121.0
76588.0,14775563.0,Ftoso91,121.0
9918.0,3243997.0,Нет войне,121.0
2364.0,2688671.0,Raoul,121.0
101337.0,19448294.0,Aman Chadha,121.0
10273.0,3153142.0,virtouso,121.0
18464.0,10000963.0,information,121.0
48327.0,5703808.0,Daniel M.,121.0
74376.0,6329413.0,user74376,121.0
16886.0,7600666.0,j314erre,121.0
28078.0,14135554.0,Giang Tran,121.0
9014.0,215895.0,cmungall,121.0
29899.0,10113542.0,Carrick,121.0
73689.0,7698503.0,Salty Gold Fish,121.0
15693.0,8662.0,redcalx,121.0
54819.0,11185106.0,K--,121.0
51862.0,11170169.0,Eric,121.0
21690.0,23431.0,Pratik Deoghare,121.0
73594.0,1938654.0,Balaji Kartheeswaran,121.0
30170.0,16252826.0,Ali Abdari,121.0
18689.0,14456382.0,kaleem231,121.0
73906.0,13171637.0,Novice,121.0
73996.0,16377627.0,codeananda,121.0
9859.0,10122858.0,Denis,121.0
9911.0,1764640.0,Chiffa,121.0
74013.0,3883698.0,chingNotCHing,121.0
43765.0,13618681.0,Tinatim,121.0
51827.0,2209065.0,Hugo Aboud,121.0
57959.0,3142953.0,lejlot,121.0
36143.0,7188328.0,Wylex,121.0
54242.0,2720701.0,Pedram,121.0
36091.0,1266956.0,Phani,121.0
36673.0,1384037.0,C.Neal,121.0
72543.0,6118683.0,Gabi,121.0
8514.0,2210931.0,Parul S,121.0
36188.0,1686991.0,atb_87,121.0
36532.0,17366054.0,Ghost X,121.0
9499.0,121627.0,Paul,121.0
37212.0,1052053.0,tjt,121.0
36830.0,9519692.0,anthino12,121.0
36619.0,204736.0,spdrnl,121.0
74216.0,4591483.0,Suvo,121.0
72064.0,233741.0,lithuak,121.0
45353.0,44900.0,Opt,121.0
7756.0,10003582.0,Metro Boomin,121.0
61183.0,5905531.0,Deb,121.0
15895.0,54790.0,Martin Larsson,121.0
41781.0,8397928.0,Minh Khôi,121.0
8430.0,1058034.0,AJ Venturella,121.0
6212.0,9958817.0,Naveen Honest Raj K,121.0
45627.0,297035.0,Biganon,121.0
7542.0,6968463.0,Mooncrater,121.0
27749.0,15117650.0,Slim Shady,121.0
36999.0,1933240.0,Maximus,121.0
15238.0,12122274.0,Shivam Pande,121.0
73289.0,19779463.0,Harshad Patil,121.0
54942.0,13749979.0,user605734 MBS,121.0
14782.0,64707.0,vgoklani,121.0
10805.0,1007384.0,DingLi,121.0
36944.0,11255412.0,Nautatava Navlakha,121.0
16394.0,42836.0,salva,121.0
28117.0,1098746.0,twink_ml,121.0
19572.0,4268622.0,Chris,121.0
18510.0,14289201.0,user274225,121.0
19680.0,9084088.0,Subbies,121.0
36829.0,8392048.0,AlphaBetaGamma96,121.0
45992.0,21123053.0,Hermi,121.0
43329.0,16750923.0,Ritika Gupta,121.0
38341.0,5219054.0,Beginner,121.0
25410.0,98245.0,Panos Kalatzantonakis,121.0
79861.0,2321257.0,statusfailed,121.0
65158.0,46793.0,Trutane,121.0
70927.0,1149874.0,Vojtěch Dohnal,121.0
71010.0,7728855.0,oakca,121.0
71232.0,114380.0,peoro,121.0
1796.0,8544051.0,Armando,121.0
8827.0,2878167.0,user3411123,121.0
12210.0,1039514.0,DPM,121.0
45840.0,4331468.0,John Moser,121.0
79490.0,158074.0,Sam Stoelinga,121.0
98263.0,10308262.0,Dmitry Grebenyuk,121.0
33987.0,1496285.0,Ivan Viti,121.0
37277.0,1782878.0,Alekxos,121.0
5643.0,9245509.0,New_Coder,121.0
77038.0,4844736.0,CleverLikeAnOx,121.0
48864.0,5339367.0,Vishaal,121.0
89602.0,27448180.0,Jonas Mueller,121.0
20638.0,3227363.0,hirschme,121.0
37261.0,16267449.0,BRUCE,121.0
52214.0,14533379.0,David,121.0
4488.0,29001.0,Philip Andrew,121.0
4728.0,1798893.0,Mithril,121.0
76221.0,1971306.0,Abhishek,121.0
25542.0,255267.0,Георги Кременлиев,121.0
56096.0,22846299.0,ksgr5566,121.0
45386.0,13804110.0,thenocturnalguy,121.0
72950.0,25575175.0,Quantum,121.0
70003.0,2739652.0,Valentas,121.0
92561.0,12271356.0,hellork,121.0
29777.0,1977123.0,Yakk,121.0
49368.0,167686.0,mathoverflowUser,121.0
31541.0,6402984.0,Kyungsu Stanley Kim,121.0
33839.0,13629366.0,DerekG,121.0
4378.0,9271662.0,A. Kim,121.0
19510.0,14136439.0,EulerSpoiler,121.0
42613.0,13068463.0,anonuser1,121.0
29891.0,1807708.0,Abdul Rehman,121.0
42832.0,12528967.0,Tommaso Bendinelli,121.0
38666.0,9911714.0,E199504,121.0
42857.0,3063304.0,Fly,121.0
73812.0,5769507.0,Ryan,121.0
42665.0,12871848.0,Sergiu Ionescu,121.0
31193.0,14579781.0,nsa,121.0
1632.0,4445146.0,Misha Brukman,121.0
11098.0,6788875.0,Peter,121.0
3105.0,1671760.0,yuval,121.0
42969.0,10509778.0,W. Volante,121.0
72695.0,1756361.0,Rael Gugelmin Cunha,121.0
18418.0,6885180.0,RNN,121.0
35910.0,5553068.0,greedsin,121.0
5767.0,6233854.0,Diansheng,121.0
56186.0,13374660.0,Aristodog,121.0
56200.0,3267281.0,user2751530,121.0
42922.0,1891886.0,2080,121.0
46270.0,3635709.0,Brainless,121.0
2442.0,4703732.0,Venture2099,121.0
2700.0,7329008.0,ChrisIkeokwu,121.0
29670.0,8750904.0,Johan,121.0
38052.0,514266.0,Igor,121.0
37854.0,17998458.0,Ugurcan,121.0
68018.0,1734548.0,d-b,121.0
53346.0,6347937.0,kenshin9,121.0
47776.0,1695045.0,Della,121.0
26192.0,11611386.0,Ganesh Tata,121.0
42414.0,12181881.0,J. Doe,121.0
26053.0,466828.0,James Bowery,121.0
38583.0,4715004.0,WoofDoggy,121.0
68010.0,14324332.0,Julian,121.0
31799.0,15600126.0,MonkeyDLuffy,121.0
50177.0,3214634.0,Luca,121.0
98344.0,5896219.0,Markus Klyver,121.0
38303.0,13352402.0,JimSi,121.0
56487.0,103343.0,Protostome,121.0
23688.0,269996.0,user559678,121.0
68024.0,220850.0,bitRAKE,121.0
12971.0,8798128.0,Siemkowski,121.0
38966.0,18765067.0,WizzY,121.0
28602.0,10765177.0,ou2105,121.0
3891.0,4417874.0,barbariania,121.0
55088.0,1573219.0,starbeamrainbowlabs,121.0
67872.0,14541153.0,Ford F150 Gaming,121.0
40192.0,13255120.0,Coldchain9,121.0
40193.0,6399192.0,lll,121.0
23216.0,15028899.0,Ali.kavari76,121.0
173.0,4521546.0,Florida,121.0
53967.0,18558009.0,XYZ,121.0
54154.0,1698515.0,Anna Christine,121.0
37468.0,4847069.0,Sid,121.0
69309.0,1433556.0,MikeL,121.0
68132.0,2109047.0,hotohoto,121.0
90142.0,1693097.0,anderstood,121.0
30306.0,16452658.0,TheReal__Mike,121.0
55795.0,15936260.0,Edee,121.0
56175.0,16116993.0,Ed_Gravy,121.0
11027.0,211106.0,horsh,121.0
38280.0,16309206.0,S V Praveen,121.0
53053.0,7382578.0,Cartman123,121.0
65393.0,11089452.0,Nils André,121.0
15197.0,6651156.0,Labo,121.0
8537.0,11058685.0,Franta,121.0
66597.0,484995.0,MilkLife,121.0
30818.0,455726.0,WGroleau,121.0
40112.0,246529.0,Simon Suh,121.0
66892.0,24885360.0,gameveloster,121.0
51872.0,15487866.0,user900476,121.0
11666.0,5050140.0,Pieter,121.0
47729.0,484390.0,0x07FC,121.0
40189.0,18041827.0,iceburger,121.0
69836.0,2417048.0,FELIPE_RIBAS,121.0
57736.0,360789.0,SoftTimur,121.0
36586.0,1757981.0,Mygod,121.0
42015.0,9939125.0,kaushalyap,121.0
40372.0,13653812.0,Gibser,121.0
71320.0,459966.0,newlog,121.0
33660.0,3454283.0,Ryan,121.0
46552.0,2169068.0,James McLellan,121.0
65664.0,8925914.0,snowfrogdev,121.0
55286.0,6992842.0,Archie Gertsman,121.0
27616.0,2743330.0,Mastiff,121.0
31248.0,2166754.0,Tom Bennett,121.0
41097.0,8970130.0,Ryan McCauley,121.0
35709.0,2399079.0,Daniel Möller,121.0
64963.0,3978340.0,user3280964,121.0
40982.0,3105371.0,rwreed,121.0
30301.0,1783655.0,Hesham Eraqi,121.0
81987.0,3494838.0,lovetl2002,121.0
43128.0,2170054.0,aliep,121.0
77054.0,17974913.0,JJrodny,121.0
20747.0,9010194.0,Jack Of Blades,121.0
16334.0,2480840.0,usct01,121.0
41971.0,18446330.0,Bipasha,121.0
57268.0,12463351.0,Samuel Rodríguez,121.0
71267.0,13010953.0,Areg Sarvazyan,121.0
34016.0,16261017.0,Zheer,121.0
97363.0,30245628.0,Rich,121.0
23776.0,3279515.0,Miheer,121.0
8895.0,1994630.0,kosmos,121.0
38857.0,16042097.0,Eind997,121.0
27718.0,8834835.0,Thomas R,121.0
41953.0,17912494.0,Filip Szczybura,121.0
41963.0,4785733.0,sonovice,121.0
52866.0,20014981.0,orbit,121.0
52889.0,4663163.0,Gregwar,121.0
71290.0,1448254.0,KyleMit,121.0
60076.0,150726.0,Mark Foskey,121.0
1881.0,24299.0,Dunk,121.0
62890.0,4162020.0,Ben,121.0
63005.0,35909.0,kanamekun,121.0
67003.0,15201473.0,Augusto Vasques,121.0
27698.0,12043912.0,Giovanni Del Gallo,121.0
31035.0,31487.0,jmmcd,121.0
44859.0,3405424.0,Methodox Charles Zhang,121.0
33650.0,189878.0,Alex Punnen,121.0
41231.0,5499164.0,Henry Bigelow,121.0
41747.0,8729294.0,joann2555,121.0
22751.0,2993324.0,Michael,121.0
62368.0,2507661.0,jon_simon,121.0
41451.0,1030232.0,vector07,121.0
41462.0,1120667.0,yupbank,121.0
16426.0,12792708.0,Mahesh Nepal,121.0
12929.0,10169382.0,ekoulier,121.0
97155.0,6330346.0,haxor789,121.0
25338.0,221656.0,JammingThebBits,121.0
71116.0,17264625.0,janekb04,121.0
23703.0,1082470.0,Seanny123,121.0
75267.0,14321059.0,Alek Fröhlich,121.0
48468.0,8513744.0,PHcoDer,121.0
80074.0,9078969.0,Ari,121.0
49061.0,16567593.0,angryweasel,121.0
49793.0,1162208.0,kiriloff,121.0
49798.0,14532638.0,mac179,121.0
50457.0,3292099.0,Betterthan Kwora,121.0
23123.0,127407.0,Sebi,121.0
49946.0,13634514.0,lupe,121.0
41124.0,247656.0,Amir,121.0
43256.0,10026431.0,Alan Buxton,121.0
36853.0,17356296.0,sportzpikachu,121.0
60284.0,1223203.0,Jussi Hietanen,121.0
50024.0,17762759.0,NeuroEng,121.0
70635.0,15440989.0,Polytropos,121.0
17405.0,6809699.0,Arslan Ali,121.0
27517.0,2735442.0,Sina,121.0
23264.0,3064874.0,pr3sidentspence,121.0
27593.0,10086483.0,Joe,121.0
21710.0,3302345.0,user2778168,121.0
47484.0,12371960.0,Yedidya kfir,121.0
8549.0,9542487.0,Harsh Sinha,121.0
46587.0,12729483.0,Valery Noname,121.0
8062.0,6704784.0,shoshi,121.0
74735.0,6627133.0,tparker,121.0
36031.0,4937495.0,Karol Borkowski,123.0
50521.0,15516107.0,Sergio,123.0
44412.0,8529939.0,user6394019,123.0
27516.0,5853285.0,A_P,123.0
93309.0,23519948.0,PkDrew,123.0
97067.0,3593545.0,Sameer Kulkarni,123.0
33259.0,1379751.0,scorpdaddy,123.0
45132.0,1462613.0,iso_9001_,123.0
36420.0,15367821.0,Henry,123.0
14603.0,6589929.0,A.A.,123.0
93130.0,4196455.0,Landon Carter,123.0
47317.0,9018677.0,sherl.lol,123.0
37267.0,8639122.0,CechMS,123.0
32893.0,3746136.0,Novak,123.0
32545.0,8767254.0,Fabrizio,123.0
15343.0,2005877.0,maged,123.0
12850.0,3812069.0,user_1_1_1,123.0
20809.0,2481218.0,Denisof,123.0
37423.0,523725.0,aquagremlin,123.0
15441.0,12461564.0,Sathvik Swaminathan,123.0
28080.0,7371834.0,chupa_kabra,123.0
14701.0,2536013.0,Mohammad,123.0
101213.0,86557.0,Arseni Mourzenko,123.0
91162.0,5173395.0,RaJa,123.0
4583.0,6527533.0,Pro Q,123.0
90412.0,7130241.0,doubleOrt,123.0
89804.0,5386774.0,ABB,123.0
26989.0,15275732.0,Alex Goft,123.0
26855.0,89227.0,ayeo,123.0
38973.0,16038119.0,theastronomist,123.0
81797.0,3085331.0,Oliver Mohr Bonometti,123.0
80364.0,159353.0,Ben G,123.0
40596.0,15218797.0,Bernardo Subercaseaux,123.0
23993.0,8301464.0,Supratim Haldar,123.0
37623.0,12485045.0,PhilG,123.0
46005.0,6793746.0,noone,123.0
1339.0,4623325.0,Faur,123.0
81786.0,5458811.0,Danilo Ruziska,123.0
55999.0,18302097.0,a6623,123.0
55886.0,4523728.0,Prince Bhatti,123.0
53614.0,12985915.0,NaiveBae,123.0
41202.0,19587996.0,David,123.0
46139.0,18066696.0,user27286,123.0
43993.0,18447196.0,Md. Asif Iqbal Fahim,123.0
7983.0,9116774.0,Paul Karam,123.0
88997.0,19343567.0,JackEight,123.0
19147.0,898407.0,alfa_80,123.0
26043.0,44639.0,Joao Silva,123.0
19056.0,3503675.0,Martin,123.0
78143.0,4811293.0,max-lt,123.0
49198.0,15913366.0,Tristan Nemoz,123.0
13183.0,86219.0,Thomas Eding,123.0
70254.0,17223333.0,NicAG,123.0
27470.0,1804097.0,tausif,123.0
81531.0,26995876.0,Bikay,123.0
30292.0,13168375.0,RobJan,123.0
13216.0,956658.0,Andrew Stephens,123.0
13169.0,11589663.0,Amey,123.0
43480.0,17799879.0,Mohammed Alkhrashi,123.0
35980.0,9549189.0,Hiho,123.0
16574.0,12957724.0,deekay42,123.0
31420.0,16306563.0,Shaheer,123.0
37558.0,13011364.0,tutizeri,123.0
23569.0,11855177.0,SeriousCoal,123.0
27462.0,16391601.0,Artificial,123.0
23416.0,3085517.0,1110101001,123.0
27962.0,314387.0,firebush,123.0
9578.0,10029762.0,TheJD,123.0
74051.0,4316999.0,apt45,123.0
85622.0,2945640.0,Dominic van der Zypen,123.0
79076.0,4817765.0,A Kubiesa,123.0
13030.0,12760.0,yoav.aviram,123.0
51102.0,21115241.0,S. M.,123.0
12958.0,5544689.0,Eric Saboia,123.0
32920.0,5065111.0,Flux,123.0
38120.0,15483802.0,Talha Anwar,123.0
29806.0,1309785.0,Mythics,123.0
16579.0,3575173.0,Rando Hinn,123.0
53458.0,14319245.0,Jesse,123.0
37735.0,3682862.0,Felipe Martins Melo,123.0
52534.0,10026300.0,Leonard,123.0
43332.0,2681393.0,Marlo,123.0
51764.0,17066878.0,Raj Rajeshwari Prasad,123.0
42920.0,17008480.0,homa taha,123.0
79674.0,8303365.0,user185887,123.0
34168.0,17471000.0,AliY,123.0
46640.0,3131828.0,Izzo,123.0
66017.0,6657659.0,Nikita Belooussov,123.0
54534.0,17129417.0,Matrix001,123.0
12855.0,1314219.0,ir7,123.0
82813.0,16429335.0,Csaba Daniel Farkaš,123.0
31553.0,2056755.0,Wouter Vandenputte,123.0
26584.0,7063392.0,weidler,123.0
38831.0,2358376.0,DanielTheRocketMan,123.0
23897.0,9615442.0,Jodast,123.0
11224.0,3263859.0,Ayan Mullick,123.0
57052.0,15704238.0,GGChe,123.0
37079.0,10627210.0,Artur Müller Romanov,123.0
30443.0,9536304.0,hyperscience,123.0
82918.0,3610134.0,shinyatk,123.0
4238.0,5207907.0,Salviati,123.0
68250.0,13979248.0,Krullmizter,123.0
16637.0,1509859.0,Peeyush Kushwaha,123.0
21788.0,14159013.0,DaddyMike,123.0
16702.0,2185105.0,The Nomadic Coder,123.0
43587.0,1801314.0,Cybernetic,123.0
19183.0,64038.0,Changed My Name Again,123.0
26707.0,8121342.0,Pedro de Sá,123.0
16862.0,6141771.0,Dominus,123.0
51461.0,19871609.0,Martian2020,123.0
101864.0,2602712.0,voipp,123.0
13336.0,11903031.0,Mr.Sh4nnon,123.0
49498.0,7049966.0,S. Feunmajer,123.0
25910.0,9254914.0,Á. Márton,123.0
68648.0,2556463.0,M a m a D,123.0
33372.0,17097763.0,djbetancourt,123.0
46469.0,5213018.0,abbassix,123.0
56121.0,13542503.0,Speakpigeon,124.0
32797.0,2988018.0,adrin,124.0
40373.0,14073450.0,ssp,124.0
86481.0,28409113.0,Tomasz Witkowski,124.0
62730.0,14071229.0,GunFire,124.0
82505.0,28982270.0,tensor,125.0
56558.0,134622.0,michau,125.0
27946.0,16506086.0,JH Lee,125.0
12090.0,5282620.0,강신욱,125.0
44898.0,12284280.0,Skyris,125.0
4922.0,23551.0,Dave Jarvis,125.0
33346.0,7254915.0,Susmit Agrawal,125.0
40822.0,296054.0,JacKeown,125.0
48659.0,15903012.0,bridgemnc,125.0
52390.0,15375909.0,FluidMechanics Potential Flows,125.0
26791.0,16238373.0,Avetik,125.0
18384.0,12941972.0,Encipher,125.0
35576.0,12978983.0,Manish Kausik Hari Baskar,125.0
40049.0,16604777.0,Chukwudi Ogbonna,125.0
47302.0,13876072.0,user199590,125.0
34341.0,1379469.0,Saeid Ghafouri,125.0
62823.0,18822188.0,Anik Patel,125.0
32539.0,11423810.0,JingleBells,125.0
73624.0,27371011.0,Stef,125.0
23866.0,14075945.0,ATidedHumour,125.0
49707.0,11059968.0,pd109,125.0
50119.0,7136974.0,JAEMTO,125.0
23268.0,13622848.0,norahik,125.0
60339.0,15584948.0,Mondo Duke,125.0
17407.0,8427035.0,prijatelj,126.0
22603.0,15381145.0,Muhammad usman,126.0
32218.0,1209019.0,Andris Birkmanis,126.0
60424.0,26298976.0,Vladimir Yankovskiy,126.0
23104.0,1156420.0,Vivek,126.0
71727.0,12715718.0,Kyle Alm,126.0
72177.0,483977.0,Brad Dwyer,126.0
37027.0,1246986.0,Roel Van de Paar,126.0
73495.0,15757445.0,ziptron,126.0
33247.0,11470664.0,jkm,126.0
5718.0,6770666.0,Arpit Sisodia,126.0
76820.0,29084668.0,Justin Skycak,126.0
33437.0,29095.0,neoneye,126.0
53103.0,4980110.0,Caxton,126.0
68108.0,70201.0,Julio Faerman,126.0
77202.0,100262.0,Basil,126.0
83881.0,32946142.0,lnx,126.0
40549.0,17070521.0,Dudly01,126.0
40622.0,19381320.0,Kral,126.0
36446.0,16553440.0,SrJ,126.0
27061.0,3667789.0,tahsmith,126.0
79234.0,16976921.0,ChrisoLosoph,126.0
4267.0,514829.0,Damian Melniczuk,126.0
7534.0,6374576.0,jcm69,126.0
46176.0,4529457.0,user2736738,126.0
40213.0,1572013.0,matt,126.0
51888.0,23473737.0,technik,126.0
3132.0,7322003.0,lwohlhart,126.0
52691.0,3036674.0,Nicholas Pipitone,126.0
42919.0,1172441.0,Dawid Laszuk,126.0
32667.0,7975314.0,Mariah,126.0
31714.0,15166626.0,Vildemort,127.0
4880.0,3122746.0,BartoszKP,127.0
7801.0,9960054.0,TheAutomaton,127.0
21203.0,1263857.0,Andrew Matiuk,127.0
25645.0,9768735.0,Truong Hoang,127.0
67783.0,5870220.0,Andrea Ianni,127.0
16786.0,56742.0,Lance Pollard,127.0
3016.0,9364771.0,Oskar Skog,128.0
57096.0,4348401.0,hongshan.li,128.0
4684.0,2417107.0,Hana90,129.0
5972.0,5071522.0,Vedant,129.0
8888.0,81069.0,André Bergner,129.0
38253.0,1069460.0,Matthew Matic,129.0
49816.0,4570755.0,Jamie McLaughlin,129.0
45748.0,384520.0,Nyxynyx,129.0
15571.0,6566894.0,eZ_Harry,129.0
29948.0,924713.0,Tony B,129.0
11133.0,798162.0,SexyMF,129.0
21038.0,8286018.0,Case Msee,129.0
9653.0,1355012.0,abhinavkulkarni,129.0
48182.0,4949202.0,ThunderWiring,129.0
10843.0,9458270.0,Nae,129.0
11064.0,899893.0,u936293,129.0
33476.0,1128257.0,Comfort Eagle,129.0
30995.0,3812556.0,Dusan J.,129.0
12254.0,12145302.0,harsh99,129.0
1463.0,5467090.0,null,129.0
36440.0,7643316.0,sujeto1,129.0
15453.0,1448643.0,Felix Goldberg,129.0
17183.0,12214768.0,Lalit Vyas,129.0
40321.0,19300784.0,Girish Hegde,129.0
20563.0,12867724.0,Gergő Horváth,129.0
51884.0,3237236.0,Davis Yoshida,129.0
50695.0,6018893.0,Derek Fulton,129.0
96746.0,11795321.0,Caston,129.0
26850.0,4755642.0,Mithun Sarker,129.0
4807.0,6090175.0,alpha_989,129.0
56.0,3996319.0,zavtra,129.0
44679.0,4974350.0,Golden Lion,129.0
79755.0,7651943.0,Chthonic One,129.0
26115.0,16048518.0,Srikant Jayaraman,129.0
21155.0,97024.0,norlesh,130.0
19604.0,8009580.0,Bojidar Ivanov,130.0
23163.0,2555927.0,user69818,131.0
23507.0,13691485.0,Mohammad Ummair,131.0
30310.0,6254221.0,Charlie Reitzel,131.0
27729.0,8923178.0,Amit,131.0
31753.0,10772583.0,Justin Lange,131.0
101510.0,5107114.0,Guardian667,131.0
9658.0,186427.0,BBSysDyn,131.0
19769.0,13534216.0,Prayush Dawda,131.0
40398.0,1305905.0,Kumar,131.0
10419.0,3136862.0,Docconcoct,131.0
17809.0,2500730.0,Axle Max,131.0
43626.0,5912216.0,Varun kadekar,131.0
7051.0,7222496.0,Dmitrii Maslennikov,131.0
9199.0,2914200.0,2D1C,131.0
23894.0,12185931.0,EnesZ,131.0
18196.0,2382856.0,Pavel Komarov,131.0
8766.0,3010016.0,Ivan Talalaev,131.0
8601.0,3377807.0,Jure Stabuc,131.0
41531.0,8711855.0,cnmesr,131.0
36482.0,3966553.0,Fanto,131.0
8945.0,8809054.0,user6582640,131.0
32394.0,4681645.0,pramesh,131.0
45168.0,16918546.0,Toru Kikuchi,131.0
11263.0,269648.0,Ákos Nikházy,131.0
50813.0,7113828.0,dosvarog,131.0
16737.0,1330643.0,Yu Kobayashi,131.0
36173.0,6244717.0,Vyraj,131.0
37123.0,4386730.0,amin msh,131.0
28171.0,8234989.0,JrCaspian,131.0
4779.0,1886778.0,Robert Jakubowski,131.0
34495.0,1645055.0,Michael,131.0
40051.0,3310017.0,user2783767,131.0
21265.0,215819.0,Karl Wenzel,131.0
98174.0,1971679.0,Nzall,131.0
97850.0,151323.0,CanonicEpicure,131.0
21598.0,1803081.0,Mowzer,131.0
25236.0,2078875.0,slobodan.blazeski,131.0
76782.0,206702.0,Ian Purton,131.0
9318.0,1267312.0,Paul Topping,131.0
44402.0,6845823.0,HEITZ,131.0
72590.0,1547375.0,DeLorean88,131.0
107.0,2846002.0,Daniel,131.0
33103.0,10229084.0,Rich Chase,131.0
12383.0,3398472.0,John Yetter,131.0
16881.0,13954604.0,Suraj,131.0
11289.0,2699772.0,648trindade,131.0
18656.0,9752483.0,maviz,131.0
20195.0,3845303.0,flxh,131.0
77722.0,6689339.0,Prabhjot Singh Rai,131.0
27891.0,3089028.0,chmedly,131.0
11801.0,3421240.0,Aman,131.0
46494.0,9606145.0,Noah16,131.0
28289.0,964108.0,JoergP,131.0
28240.0,9348409.0,James,131.0
17954.0,1622962.0,Vignesh Sk,131.0
25628.0,96255.0,One Developer,131.0
12544.0,2193181.0,Matt Cremeens,131.0
68611.0,14602555.0,Qwokker,131.0
93041.0,6290203.0,hayk,131.0
33537.0,12389112.0,Anon555,131.0
27992.0,2469159.0,java_dev,131.0
27608.0,9087764.0,Dawid,131.0
12907.0,67276.0,NoWar,131.0
78598.0,15135259.0,Mauro Giliberti,131.0
78383.0,8759019.0,Jerry Ding,131.0
12849.0,6861065.0,Anisotropic,131.0
12608.0,5735261.0,amad-person,131.0
30353.0,15690512.0,Yamar69,131.0
59142.0,5602372.0,Quantizer,131.0
36989.0,4757936.0,Suslik,131.0
25414.0,8363308.0,marko-36,131.0
23183.0,1157631.0,Aberro,131.0
5899.0,151610.0,ambienthack,131.0
28572.0,4172640.0,Crizly,131.0
100356.0,2640892.0,user2284570,131.0
32445.0,127041.0,lkahtz,131.0
42572.0,6820044.0,sirius,131.0
17885.0,8202001.0,Adarsh R Jayan,131.0
59527.0,3440796.0,ChargeShivers,131.0
17978.0,14288720.0,Bucky Rogerson,131.0
17960.0,4383688.0,Mquinteiro,131.0
43952.0,6948356.0,Javier Ventajas Hernández,131.0
33356.0,11446089.0,ana,131.0
13043.0,5703813.0,Chris Giddings,131.0
33194.0,6788736.0,Divyansh Gupta,131.0
32902.0,229782.0,charliesneath,131.0
22327.0,929093.0,jeffery_the_wind,131.0
68054.0,17442645.0,occipita,131.0
13054.0,4103053.0,Unknown User,131.0
23896.0,10708251.0,Vint,131.0
42004.0,15832594.0,AfiJaabb,131.0
20125.0,4684.0,tomash,131.0
26037.0,12109563.0,Eiffelbear,131.0
26577.0,14987214.0,Simone Morettini,131.0
30378.0,4768755.0,TomatoCo,131.0
15162.0,2152779.0,WillSapgreen,131.0
34257.0,1665141.0,Mindwin Remember Monica,131.0
25821.0,106925.0,Mark,131.0
40730.0,14987637.0,Valentin,131.0
76853.0,92376.0,Andrew Mellinger,131.0
15322.0,1472045.0,davideps,131.0
79651.0,3923595.0,Sue Doh Nimh,131.0
7750.0,3094094.0,thegreenpizza,131.0
45149.0,4847259.0,Ivar Eriksson,131.0
32704.0,13084493.0,politinsa,131.0
31610.0,5286416.0,Harry,131.0
3508.0,36173.0,csiz,131.0
5423.0,6163761.0,lalala,131.0
22279.0,208333.0,spraff,131.0
5503.0,5325559.0,nehalem,131.0
34474.0,12718557.0,Mathieu Mari,131.0
16837.0,147475.0,Nizam,131.0
40800.0,2878662.0,Greendrake,131.0
22055.0,1813440.0,2i3r,131.0
6517.0,3186286.0,Carlton Banks,131.0
15733.0,543938.0,Ariel Spaulding,131.0
88083.0,290066.0,Pero,131.0
32337.0,15467630.0,V.Hunon,131.0
32435.0,12142627.0,Ryan_L,131.0
22614.0,14891070.0,Anilla,131.0
4950.0,4410952.0,daniegarcia254,131.0
19268.0,13689250.0,LVoltz,131.0
86950.0,30041184.0,user386164,131.0
16051.0,3093276.0,zardon,131.0
33773.0,27494.0,nraynaud,131.0
15755.0,181703.0,VHanded,131.0
98233.0,1911982.0,coproc,131.0
83377.0,13354497.0,zaxunobi,131.0
51284.0,6499973.0,Featherball,131.0
7783.0,8071682.0,Robin,131.0
68621.0,1613587.0,Barmar,131.0
15685.0,1595938.0,tired and bored dev,131.0
12932.0,6738075.0,MoneyBall,131.0
4591.0,372920.0,Ray,131.0
42467.0,16977173.0,WebStormer,131.0
29667.0,16675692.0,PeeteKeesel,131.0
25475.0,485087.0,Mayank,131.0
43164.0,3945608.0,Aroonalok,131.0
33475.0,7234232.0,user5520049,131.0
53885.0,212375.0,Ant,131.0
3595.0,2859359.0,Mentalist,131.0
23200.0,12822262.0,rosefun,131.0
30918.0,5450391.0,JianNius,131.0
34269.0,37520.0,cjs,131.0
15805.0,6148367.0,Amir Hossein F,131.0
4817.0,314903.0,yaobin,131.0
21625.0,399566.0,toto2,131.0
31953.0,17270754.0,j4at,131.0
81615.0,20367337.0,Aditya Tomar,131.0
81765.0,6984569.0,ineedahero,131.0
16435.0,11504382.0,The_MN_MechE,131.0
2106.0,3591601.0,Sandeep S. Sandhu,131.0
32020.0,2209355.0,Morty,131.0
25945.0,9317542.0,LJKS,131.0
20979.0,14667391.0,Ruben A. Chevez,131.0
42487.0,9906079.0,lighting,131.0
16014.0,4271533.0,Mathbreaker,131.0
17971.0,2087875.0,shimao,131.0
15594.0,58121.0,42-,131.0
13252.0,13115133.0,Derek M. D. Chan,131.0
9361.0,5273044.0,Frank Malenfant,131.0
17338.0,4834798.0,rocksyne,131.0
46095.0,109656.0,MikeRand,131.0
29989.0,12517913.0,E. Ginzburg,131.0
56523.0,13270715.0,Daniel,131.0
68897.0,18590186.0,KasperGL,131.0
38530.0,14709774.0,NikSp,131.0
61004.0,5016977.0,AnArrayOfFunctions,131.0
38434.0,41472.0,Haffi112,131.0
38114.0,3774841.0,Jayendra Parmar,131.0
17741.0,4138051.0,Greg Thatcher,131.0
27681.0,7898577.0,shurup,131.0
26248.0,4528619.0,Lugi,131.0
3490.0,8115784.0,Z. Reticulan,131.0
1606.0,20580.0,Florin Andrei,131.0
32455.0,17436518.0,vikram71198,131.0
42903.0,17652835.0,Federico Malerba,131.0
68310.0,16009454.0,Dani,131.0
3401.0,3283461.0,K_Rol,131.0
41409.0,5126180.0,Joe Jobs,131.0
58039.0,4071682.0,letsmakemuffinstogether,131.0
26028.0,4863830.0,alim1990,131.0
26009.0,3700788.0,Brian,131.0
46432.0,20940249.0,StandardIO,131.0
29812.0,3065469.0,Borislav Markov,131.0
2023.0,402847.0,bruno,131.0
55334.0,15107862.0,Nicola Fanelli,131.0
33545.0,7362526.0,João Castilho,131.0
46621.0,12566363.0,Đào Minh Dũng,131.0
38532.0,9562145.0,efthimio,131.0
44550.0,4291312.0,Yoker,131.0
1745.0,213864.0,Michael Lai,131.0
7319.0,293508.0,pookie,131.0
53381.0,136531.0,jbx,131.0
42837.0,11104199.0,Ling Guo,131.0
42507.0,12270941.0,t-smart,131.0
97281.0,26141463.0,Lexington1776,131.0
64459.0,2672833.0,user2309803,131.0
31175.0,1672630.0,user1538798,131.0
16669.0,7155609.0,Jan Parzydło,131.0
29717.0,8107981.0,Harshith,131.0
5548.0,1499023.0,kapibarasama,131.0
38099.0,5518693.0,thepacker,131.0
85743.0,7462748.0,Patrickens,131.0
5205.0,9970787.0,Solanacea,131.0
36730.0,1983355.0,user1779362,131.0
46707.0,1960579.0,kawingkelvin,131.0
43011.0,12805837.0,dawen,131.0
43542.0,20363161.0,convaldo,131.0
10957.0,2063196.0,NewEndian,131.0
55078.0,222722.0,SandTh,131.0
20831.0,11259554.0,ellie,131.0
26169.0,408269.0,Tobia,131.0
30962.0,6432279.0,IntegrateThis,131.0
4337.0,2128842.0,mbomb007,131.0
36105.0,18306208.0,hyuj,131.0
36095.0,389341.0,Rajesh D,131.0
30003.0,1019732.0,Gael Lorieul,131.0
41707.0,4326508.0,Farshid PirahanSiah,131.0
36449.0,2937075.0,Bijay Gurung,131.0
30669.0,3161912.0,Babak.Abad,131.0
21103.0,1859164.0,machinery,131.0
22673.0,8662810.0,bikalpa,131.0
68625.0,5895010.0,Michael B,131.0
59228.0,2919153.0,Rubi Shnol,131.0
15961.0,13492554.0,Adrien D,131.0
31389.0,13703842.0,Wenbo,131.0
82086.0,15670197.0,DasElias,131.0
16384.0,27036.0,Niki,131.0
4352.0,5976933.0,Gaurav Kumar,131.0
43764.0,15542351.0,Perl Del Rey,131.0
21436.0,88370.0,Dilawar,131.0
80326.0,909305.0,Weier,131.0
72906.0,1301874.0,dexterdev,131.0
45785.0,13875347.0,Ai4l2s,131.0
9972.0,447938.0,Sylvain Cloutier,131.0
18920.0,13401753.0,GrundleMoof,131.0
28173.0,14359730.0,Javier,131.0
19251.0,12170967.0,giotto,131.0
102754.0,29679631.0,Enzo Carpanetti,131.0
65883.0,14572358.0,FreddyNoNose,131.0
53024.0,24031229.0,Craving_gold,131.0
46619.0,13350551.0,Slawomir Orlowski,131.0
79762.0,14505422.0,Daniel T,133.0
36181.0,13416329.0,Marcel,133.0
10938.0,27159.0,Matt W,133.0
10549.0,7409672.0,Akash Adhikari,133.0
46437.0,10233861.0,Cauchy,133.0
16383.0,9435646.0,guesswho,133.0
41980.0,19844600.0,Reifocs,133.0
3136.0,3390302.0,stochastic_zeitgeist,133.0
91793.0,1720526.0,Sina,133.0
1442.0,1986319.0,UndeadDragon,133.0
35852.0,17670492.0,covector,133.0
100281.0,15228919.0,virolino,133.0
37645.0,5209973.0,Cash Lo,133.0
25340.0,1214174.0,Mr. Demetrius Michael,133.0
26130.0,3916117.0,holistic,133.0
21084.0,14263813.0,imtiaz ul Hassan,133.0
30044.0,13193.0,Morgan Cheng,133.0
41237.0,8991000.0,Ramiro Hum-Sah,133.0
17965.0,13044761.0,Omar K,133.0
79785.0,8986732.0,Kamil Bęben,133.0
25940.0,6285079.0,Hamza Dabjan,133.0
26544.0,1541891.0,A13X,133.0
38829.0,4063653.0,Kao,133.0
4834.0,9731321.0,Maroš Beťko,133.0
7822.0,6621553.0,Shawn Mehan,133.0
14935.0,293841.0,TommyBs,133.0
33256.0,15405245.0,K. Do,133.0
79428.0,3385019.0,Devymex,133.0
15116.0,6011926.0,Shoaib Anwar,133.0
67328.0,24856599.0,Messi Lio,133.0
29851.0,4794870.0,Laura,133.0
96456.0,1227799.0,RameshRams,133.0
38881.0,45521.0,GUZ,133.0
38385.0,3128881.0,Dhruv Mullick,133.0
36783.0,3397630.0,Hang Chen,133.0
28526.0,930165.0,ESL,133.0
5935.0,299749.0,user606521,133.0
57724.0,4218338.0,LarrySnyder610,133.0
22111.0,14768742.0,QLAN,133.0
23549.0,6249083.0,Herbert,133.0
3866.0,5914143.0,Saksham,133.0
44961.0,2196100.0,Hans,133.0
17794.0,10109622.0,Silvio sjsj,133.0
51969.0,902925.0,Joysn,133.0
53481.0,11372202.0,Joel Castro,133.0
41312.0,3200622.0,senseiwu,133.0
25510.0,7440421.0,Nimit Bhardwaj,133.0
13015.0,4037800.0,dseuss,133.0
72517.0,10957180.0,Daanturo,133.0
32145.0,7419342.0,Guoyang Qin,133.0
40506.0,8463252.0,JYY,133.0
18243.0,899926.0,kelalaka,133.0
62106.0,20670222.0,Connor,133.0
16542.0,4734447.0,Felix Gehring,133.0
32092.0,16736097.0,MJimitater,133.0
7377.0,2584383.0,DivineCoder,133.0
7083.0,7868931.0,Will Da Silva,133.0
19541.0,1034320.0,shunyo,133.0
62225.0,9649227.0,aNotSoDeepMind,133.0
49442.0,8468157.0,Maurice,133.0
20222.0,9926329.0,sadlyfe,133.0
37797.0,18024013.0,Ravish Jha,133.0
18233.0,10922926.0,Mariana Bayonetta,133.0
22322.0,880045.0,ammu,133.0
34389.0,3584048.0,Pelit Mamani,133.0
54159.0,20843450.0,jamiecropley,133.0
16829.0,2928941.0,Latent,133.0
36080.0,6654309.0,raphael_mav,133.0
14811.0,11141036.0,ngc1300,133.0
34275.0,6347266.0,Mark Neal,133.0
47393.0,7211541.0,play,133.0
43588.0,10955002.0,axelmukwena,133.0
80110.0,28337133.0,QMath,133.0
83365.0,22176595.0,Léonard Henriquez,133.0
30087.0,7655161.0,sgX,133.0
57998.0,10116390.0,Eman.suradi,133.0
31851.0,1432229.0,Syafiq Kamarul Azman,133.0
97479.0,6741599.0,The Hagen,133.0
36826.0,12223415.0,emilaz,133.0
18486.0,472347.0,bers,133.0
61594.0,12293734.0,Dimanjan,133.0
23924.0,13026626.0,user9414424,133.0
19523.0,2361286.0,Karthic Rao,133.0
26958.0,14130331.0,Titan,133.0
35727.0,13482973.0,Moritz Groß,133.0
48556.0,12157433.0,Dariyoush,133.0
27260.0,2967532.0,Paradox,133.0
16690.0,3277091.0,user2758776,133.0
53231.0,15942130.0,Francesco,133.0
44085.0,19326312.0,Leo,133.0
40251.0,3950799.0,Minions,133.0
37987.0,7482287.0,Taro Kiritani,133.0
38283.0,14801196.0,Diego Ruiz,133.0
91740.0,5063075.0,Joe,133.0
82241.0,30332588.0,Beluker,133.0
29843.0,5831054.0,Sarvagya Gupta,133.0
14662.0,523032.0,Justaperson,133.0
75702.0,1486078.0,Christopher,133.0
96738.0,43222800.0,Nascent,133.0
46570.0,1097962.0,user1091141,133.0
47256.0,16682450.0,Rémy Hosseinkhan Boucher,133.0
47100.0,122502.0,Curious2learn,133.0
92844.0,29149839.0,laith drebaty,133.0
93479.0,1445301.0,Joe King,134.0
3856.0,1112501.0,lahwran,134.0
9592.0,121740.0,Peter Teoh,134.0
12347.0,3381683.0,Amir,135.0
71832.0,27538928.0,Formal_this,135.0
76578.0,5438949.0,Milkmaid,135.0
25574.0,5814053.0,Tobi,135.0
21583.0,11867207.0,Loop,135.0
31240.0,9323733.0,boomselector,135.0
44611.0,18962104.0,DragonflyRobotics,135.0
56279.0,20350035.0,levitatmas,135.0
38895.0,18597615.0,Vedant Shah,135.0
35722.0,18165217.0,DJK,135.0
76026.0,14970407.0,Doug,135.0
31766.0,959042.0,Damir Olejar,135.0
18516.0,13886701.0,m.rp,136.0
14404.0,170277.0,programmer,136.0
45714.0,5102168.0,Jzbach,136.0
16606.0,6277879.0,Nathan,136.0
55756.0,25484433.0,dx2-66,136.0
1991.0,7311159.0,Ethan,136.0
51664.0,166892.0,Sentry,136.0
46594.0,13793182.0,Echo9k,136.0
41777.0,2117033.0,Miguel Rochefort,136.0
49721.0,8372171.0,Abdus Khazi,136.0
30662.0,1248820.0,user1209675,136.0
33843.0,11031152.0,Shuai,136.0
9904.0,9627243.0,Žiga Sajovic,136.0
10026.0,3012191.0,Dustin Morrill,136.0
74646.0,29116840.0,尹雅博,136.0
54332.0,14066649.0,Jennifer Crosby,136.0
68557.0,8314376.0,user115350,136.0
43904.0,14123664.0,Layman,136.0
26797.0,14503071.0,John Omielan,136.0
42244.0,18359128.0,Robin Thibaut,136.0
4839.0,153094.0,Aron,136.0
8680.0,10325213.0,Steve Okay,136.0
25202.0,513761.0,shamisen,136.0
38039.0,2657865.0,expz,136.0
22355.0,14085849.0,Jay Moore,136.0
55125.0,7388938.0,kmf,136.0
20775.0,811182.0,itoctopus,136.0
8112.0,2407785.0,Dharma,136.0
22958.0,3912373.0,Scrimbibete,136.0
18397.0,6913822.0,AivanF.,136.0
45751.0,2927385.0,Uduse,136.0
80335.0,505243.0,Paul VanKoughnett,136.0
36951.0,302279.0,alvas,136.0
27127.0,920526.0,Flater,136.0
3370.0,38620.0,Julian H,136.0
12250.0,10906826.0,Mathemagical,136.0
21290.0,2139502.0,PlagTag,136.0
20799.0,2414825.0,Sabyasachi Ghosh,136.0
42682.0,11709250.0,HenDoNR,136.0
5235.0,309479.0,Charles Brunet,137.0
25452.0,2054280.0,R1-,137.0
18453.0,14172632.0,Ryan Cameron,137.0
45832.0,475191.0,Ferda-Ozdemir-Sonmez,137.0
6709.0,967327.0,razodactyl,137.0
15332.0,1764451.0,Canelo Digital,137.0
16411.0,1113629.0,noumenal,137.0
50294.0,4656487.0,Commander,137.0
8405.0,1281323.0,dennis,137.0
26623.0,6679353.0,Roberto Aureli,137.0
27933.0,9291939.0,Teymour,137.0
8497.0,10281661.0,Laceanu George,137.0
20166.0,6990281.0,PieCot,138.0
6861.0,10722114.0,Joe S,138.0
10202.0,1329862.0,Ziofil,138.0
8508.0,437106.0,user824624,139.0
112.0,1659166.0,Andrei Chevozerov,139.0
37062.0,18268031.0,PerplexedDimension,139.0
217.0,6108025.0,Bob Ortiz,139.0
33185.0,15871188.0,aitsamahad,139.0
2171.0,36232.0,Jay,139.0
5118.0,4719823.0,citronrose,139.0
43400.0,11616736.0,Acccumulation,139.0
4173.0,7816234.0,anonymous,139.0
13118.0,273863.0,user565739,139.0
71216.0,1804885.0,Patoshi パトシ,139.0
7127.0,1100290.0,Darkphenom,139.0
17464.0,1830919.0,Giacomo Bartoli,139.0
20259.0,9690466.0,prb,139.0
69170.0,7216040.0,NG.,139.0
23838.0,10891337.0,Rom,139.0
17095.0,1520117.0,Vaibhav Maheshwari,139.0
6680.0,1236194.0,Onza,139.0
3049.0,170526.0,motoku,139.0
4884.0,1617285.0,Denis Leonov,139.0
31784.0,16281610.0,joelanbanks3,139.0
9393.0,468763.0,E P,139.0
47344.0,19150564.0,Prashant Akerkar,139.0
8823.0,187315.0,Michael Baldry,139.0
21724.0,367829.0,branco,139.0
8241.0,5569621.0,Pablo Quemé,139.0
10872.0,2204808.0,Daniel W.,139.0
11055.0,8727271.0,Jaya S Parimi,139.0
2068.0,6515954.0,sebszyller,139.0
7419.0,3065897.0,mauna,139.0
19666.0,3325335.0,ivan866,139.0
23299.0,15559439.0,Lexi,139.0
236.0,8393758.0,Rushat,139.0
83286.0,6642738.0,craaaft,139.0
17776.0,9151807.0,Rahulrr2602,139.0
10218.0,11909739.0,Naji,139.0
32255.0,13760096.0,Gener4tor,140.0
11417.0,3019191.0,hellmean,140.0
32286.0,2171496.0,Dzugaru,141.0
5082.0,6357706.0,Karthik Thiagarajan,141.0
27565.0,5161459.0,D1X,141.0
70695.0,3730364.0,joesan,141.0
1699.0,8735399.0,Abhishek T.,141.0
97752.0,43978983.0,n-coherence,141.0
33595.0,282036.0,finiteautomata,141.0
6451.0,327523.0,Wouter,141.0
93892.0,23904234.0,rikyeah,141.0
41482.0,18300786.0,Vladislav Bezhentsev,141.0
5261.0,3153806.0,Icyblade,141.0
28151.0,5859040.0,Marco,141.0
27910.0,2081037.0,harshal.c,141.0
27653.0,14354969.0,TmBrdy,141.0
40397.0,6709192.0,Taro Yehai,141.0
9189.0,1615115.0,user74211,141.0
28304.0,11810243.0,nightblade9,141.0
97061.0,265503.0,Jonathan,141.0
30234.0,251706.0,Martheen,141.0
4088.0,6392843.0,Karan Khanna,141.0
38812.0,12062814.0,craft,141.0
38719.0,8634352.0,jash,141.0
27476.0,21138.0,vy32,141.0
25888.0,3809005.0,Panos Filianos,141.0
11207.0,3543448.0,Dashadower,141.0
12284.0,3384082.0,user2840470,141.0
38955.0,4206870.0,Andreas Toresäter,141.0
98555.0,8567468.0,Harry McKenzie,141.0
34179.0,4519667.0,FlorianH,141.0
46169.0,9708793.0,Maras,141.0
44022.0,7872004.0,Rami ZK,141.0
2305.0,1962115.0,Veedrac,141.0
26069.0,300331.0,Tomáš Zato,141.0
42117.0,5993256.0,Manu Soman,141.0
10505.0,9316159.0,user6916458,141.0
32269.0,3259418.0,exAres,141.0
3742.0,5492944.0,Coder,141.0
28162.0,14457766.0,CaucM,141.0
12713.0,6166373.0,John legend2,141.0
14570.0,83374.0,Kar,141.0
30344.0,5035927.0,Tony,141.0
40980.0,14660878.0,Martin,141.0
37262.0,18618541.0,Antoine Labelle,141.0
15126.0,285472.0,BerSerK,141.0
15099.0,93395.0,lewicki,141.0
38411.0,11083791.0,Anirban Saha,141.0
41873.0,233302.0,Adam Dingle,141.0
26857.0,11016928.0,beinando,141.0
30664.0,14913861.0,ИванКарамазов,141.0
82087.0,1626610.0,user1502040,141.0
27727.0,51091.0,GlennS,141.0
1363.0,3445945.0,cha,141.0
37117.0,3113904.0,Xavier Prudent,141.0
36938.0,14629989.0,Nihar Karve,141.0
50187.0,1651625.0,Celestine Lawrence,141.0
25257.0,267060.0,Rogelio Triviño,141.0
15618.0,6094045.0,Paras,141.0
4844.0,6590941.0,haelmic,141.0
7280.0,559.0,Brian,141.0
16993.0,6099529.0,vaid,141.0
28163.0,14373467.0,Mnng,141.0
4855.0,8643622.0,Robert Columbia,141.0
17725.0,1761743.0,Stromgren,141.0
17688.0,1395786.0,Vivek Maran,141.0
16183.0,996933.0,Dilip Lilaramani,141.0
51164.0,17407849.0,nuemlouno,141.0
2233.0,2066038.0,Olivier Dulac,141.0
11364.0,9944741.0,Amaan,141.0
23672.0,14789655.0,zwithouta,141.0
6254.0,1377132.0,PraveenPalanisamy,141.0
36197.0,4411631.0,EddyWD,141.0
37883.0,3742964.0,nn3112337,141.0
8790.0,1728105.0,Roy,141.0
23466.0,3122286.0,Paul Rougieux,141.0
36575.0,18437221.0,Peter Vamplew,141.0
31466.0,13809863.0,hoffee,141.0
16457.0,2119474.0,thanks_in_advance,141.0
16833.0,3056676.0,Caleb Jay,141.0
35809.0,6912618.0,Mike,141.0
17753.0,7886467.0,Zorglub29,141.0
7362.0,4441115.0,Mohammad Alabed,141.0
37690.0,18765115.0,Tobi Akinyemi,141.0
76515.0,24742303.0,Lynn,141.0
26487.0,4488690.0,personjerry,141.0
18661.0,14399015.0,Shehnaz Ameer,141.0
23710.0,1223723.0,Brent,141.0
27634.0,6513531.0,Laksh,141.0
23443.0,7262798.0,Isamu Isozaki,141.0
51306.0,1991798.0,Dahn,141.0
15294.0,139689.0,jumpcutking,141.0
31606.0,15202030.0,KeepLearning,141.0
51213.0,999566.0,bonl,141.0
56382.0,20217242.0,No Name,141.0
22719.0,1451348.0,Alex,141.0
74981.0,1068883.0,user1068636,141.0
45259.0,10027877.0,mlerma54,141.0
80195.0,30484666.0,c p,141.0
10826.0,390266.0,Răzvan Flavius Panda,141.0
19013.0,5834271.0,Hugo Woesthuis,141.0
54713.0,11219543.0,Adrien Nivaggioli,141.0
3107.0,1725503.0,EthanB,141.0
22971.0,13716823.0,Ahmed Samir,141.0
11495.0,1009070.0,PetrH,141.0
33750.0,4780499.0,user3862410,141.0
26149.0,151669.0,Aaron Butacov,141.0
16150.0,10716056.0,I. A,141.0
26373.0,3226176.0,MichaelSB,141.0
22602.0,6762570.0,Tomasz Garbus,141.0
22580.0,4879416.0,Fjodor,141.0
19150.0,9606432.0,Kevvy Kim,141.0
33626.0,9000632.0,Saha,141.0
186.0,151321.0,Mateen Ulhaq,141.0
11478.0,984843.0,LazyCat,141.0
33282.0,153967.0,Loduwijk,141.0
7785.0,3490836.0,Lupetto,141.0
73968.0,2536310.0,Asvin,141.0
26250.0,10631594.0,sangstar,141.0
49964.0,10589206.0,sm29,141.0
38224.0,7710805.0,Yahya,141.0
72788.0,17184893.0,Daraan,141.0
25618.0,1762936.0,Bill,141.0
9722.0,2326492.0,bandybabboon,141.0
9238.0,1768832.0,Oren,141.0
6390.0,10479746.0,f.c,141.0
46474.0,4362435.0,loct,141.0
36104.0,9826086.0,Laeeq Khan Niazi,141.0
55417.0,15632521.0,Sara,141.0
45799.0,20477319.0,A. Pesare,141.0
22195.0,391456.0,Murugesh,141.0
51083.0,16860055.0,Haidepzai,141.0
31880.0,15771257.0,Marc Schwambach,141.0
7034.0,2925007.0,betontalpfa,141.0
15861.0,13448965.0,Ryan Ghorbandoost,141.0
33108.0,12461143.0,Bedrick Kiq,141.0
9623.0,3920025.0,AlexPnt,141.0
16378.0,8519.0,MSalters,141.0
29645.0,1825358.0,Atena,141.0
77649.0,90776.0,Yoric,141.0
71784.0,6352659.0,Bassel,141.0
37510.0,18734397.0,João Schapke,141.0
67415.0,2362340.0,schreon,141.0
79557.0,4153469.0,Megidd,141.0
36066.0,2756875.0,Ritwik,141.0
68982.0,254472.0,digitalzoomstudio,141.0
48878.0,11480706.0,David,141.0
30992.0,13498006.0,Panicum,141.0
41196.0,4330979.0,user3536523,141.0
10985.0,7632475.0,matwilso,141.0
23181.0,4172429.0,quester,141.0
73063.0,18516617.0,Soha,141.0
6207.0,10517013.0,Joracosu,141.0
32477.0,12015782.0,SanMu,141.0
32433.0,10541223.0,donut,141.0
73102.0,6438795.0,Anirban Mukherjee,141.0
31006.0,3569897.0,alib1,141.0
32701.0,16936736.0,cmed123,141.0
32616.0,108612.0,dr jerry,141.0
32526.0,321070.0,Oleg Dats,141.0
68768.0,7459507.0,Conic,141.0
34312.0,10508007.0,Abhas Kumar Sinha,141.0
26854.0,16240970.0,SUMAN,142.0
5538.0,1951789.0,Nat,142.0
46540.0,17160390.0,Raul Alvarez,142.0
37382.0,14768138.0,Thomas D Cat,143.0
20892.0,12520858.0,Alex Charters,143.0
32416.0,8490875.0,Gyntonic,143.0
36877.0,798206.0,AlienThoughts,143.0
32290.0,2504937.0,Kadaj13,143.0
89852.0,7816742.0,Silidrone,143.0
17246.0,13651024.0,James Gates,143.0
32148.0,13141441.0,DoubleDouble,143.0
32168.0,9952528.0,user7364588,143.0
32799.0,4393861.0,Luca,143.0
21737.0,2076871.0,carobnodrvo,143.0
63335.0,381853.0,Silver Sagely,143.0
40905.0,19487360.0,Ilya,143.0
66104.0,19789979.0,MaLa,143.0
84125.0,19378778.0,Lockhart ,143.0
19516.0,6885982.0,Llewlyn,143.0
79350.0,15366846.0,Max Gorbunov,143.0
91129.0,1970654.0,Darren,143.0
15638.0,6621023.0,Trinadh Gupta,143.0
46710.0,17165297.0,XXX,143.0
81459.0,3796032.0,turtle_in_mind,143.0
17594.0,2582050.0,Melanie A,143.0
50537.0,16891416.0,Pawara Siriwardhane,143.0
57003.0,13653304.0,aliiiiiiiiiiiiiiiiiiiii,143.0
59080.0,5705996.0,Nova,143.0
8368.0,177768.0,codetiger,143.0
1299.0,6287709.0,Laschet Jain,143.0
22456.0,9806242.0,Lohith Arcot,143.0
31776.0,184631.0,Enrique,143.0
18213.0,1809892.0,Yang,143.0
23262.0,14179356.0,Aleksandar Kostovic,143.0
18053.0,1919065.0,Jaime Sangcap,143.0
34425.0,17320490.0,entropyfeverone,143.0
132.0,222994.0,winwaed,143.0
27386.0,5720940.0,Robert Nowak,143.0
9856.0,67096.0,lepe,143.0
74298.0,2883964.0,machine_1,143.0
89424.0,1778270.0,Jeff,143.0
81463.0,15951314.0,Samuel Krempasky,143.0
25911.0,9708763.0,David Ng,143.0
25963.0,8496694.0,kdlsw,143.0
69378.0,7562599.0,Laurel,143.0
11606.0,8519274.0,DJ2,143.0
15235.0,4434190.0,rdalmeida,143.0
3649.0,4541339.0,OnNIX,143.0
36072.0,18291634.0,BG10,143.0
33440.0,11409527.0,pairon,143.0
33762.0,17135279.0,Brendan Langfield,143.0
48118.0,4358979.0,fnhdx,143.0
46906.0,13832290.0,Nikos Tsakas,143.0
70893.0,60080.0,natevw,143.0
43729.0,6498173.0,KoKlA,143.0
19476.0,3217740.0,fuwiak,143.0
31125.0,14699110.0,J. Doe,143.0
10030.0,8877565.0,See Jian Shin,143.0
40284.0,1119392.0,zen,143.0
11169.0,2347909.0,Umang Mathur,143.0
45843.0,12017551.0,Philipp,143.0
53106.0,1321596.0,Jigberto,143.0
76017.0,4844110.0,Shawn Li,143.0
13291.0,12515025.0,little_mice,143.0
12806.0,11514158.0,Germa Vinsmoke,143.0
13038.0,4868836.0,Charles-Ugo Brouillard,143.0
34154.0,11539007.0,ephemeral,143.0
18709.0,6852806.0,0x777C,143.0
33058.0,14558094.0,ZeroMaxinumXZ,143.0
43413.0,151783.0,ffriend,143.0
48423.0,7805316.0,phil,143.0
40781.0,9968983.0,Jane Sully,143.0
23538.0,15339347.0,Maryam Abbas,143.0
27165.0,14733509.0,Charlie,143.0
2352.0,940021.0,hhaamm,143.0
32668.0,13001710.0,Jonas De Schouwer,143.0
16353.0,6373155.0,Finn Eggers,143.0
11038.0,11513819.0,Santhosh,143.0
37297.0,3074503.0,Tuong Nguyen Minh,143.0
9126.0,6378723.0,Jaffer Wilson,143.0
36211.0,991116.0,euraad,143.0
49849.0,228962.0,Nathan,143.0
82008.0,2636708.0,Mark_Sagecy,143.0
29801.0,4371294.0,confused,143.0
89091.0,21406031.0,ThinkPad,143.0
42384.0,1913159.0,Kevin,143.0
74527.0,16815681.0,JS4137,143.0
42032.0,8186850.0,river,143.0
81822.0,23962535.0,user17952421,143.0
21700.0,3186354.0,Adam Baranyai,143.0
45853.0,17685128.0,user157522,143.0
41691.0,9955518.0,bbasaran,143.0
26481.0,3504661.0,Chris,144.0
16147.0,7183856.0,bukwyrm,144.0
32352.0,13087289.0,Piotr Żak,144.0
52692.0,10923973.0,kibromhft,144.0
54080.0,20080927.0,Krellex,145.0
75844.0,14870014.0,CyDevos,145.0
22781.0,2546032.0,donkey,145.0
18950.0,14287935.0,RashkRizwan,145.0
72310.0,3251786.0,user2741831,145.0
26789.0,167824.0,h22,145.0
19059.0,11069536.0,singrium,145.0
37604.0,3162752.0,EntangledLoops,145.0
70215.0,19193254.0,oliver.c,145.0
21517.0,6003126.0,Meric Ozcan,145.0
12788.0,12962196.0,Mike AI,145.0
47305.0,12132812.0,J.Smith,145.0
23638.0,14977312.0,FS93,145.0
5711.0,85496.0,David Cary,146.0
46725.0,710704.0,Alexander Higgins,146.0
29834.0,14413753.0,Fabian,146.0
10534.0,12138142.0,Rebecca Merrett,146.0
76638.0,137028.0,Steven Lu,146.0
34019.0,1419422.0,Fred Guth,146.0
8677.0,1992884.0,fortea,146.0
4544.0,4854227.0,v4gil,146.0
10481.0,941253.0,ginge,146.0
30799.0,3976551.0,aminrd,146.0
81513.0,26795273.0,Py Py,146.0
16264.0,9285468.0,Brenden Petersen,146.0
33340.0,8918620.0,Alex L,146.0
97417.0,2238971.0,kkmonlee,146.0
41793.0,19801832.0,kgaspard,146.0
4416.0,9904238.0,amjad khatabi,146.0
51518.0,5660741.0,Michael,146.0
10796.0,1170362.0,not2qubit,146.0
177.0,2811843.0,user,146.0
21738.0,1706372.0,Alex,146.0
12278.0,3471108.0,thayne,146.0
30750.0,8006731.0,hrokr,146.0
12996.0,11703115.0,Frans Rodenburg,146.0
12303.0,1393193.0,comiventor,147.0
27240.0,11358753.0,Alex,147.0
42652.0,10828705.0,Blue Herring,147.0
20322.0,8163816.0,forest,147.0
23224.0,15519832.0,dcolazin,148.0
88974.0,1704591.0,Dan Stowell,148.0
63823.0,5088285.0,Multihunter,148.0
11482.0,7882676.0,Taras  Mykhalchuk,149.0
50309.0,23013902.0,aengel,149.0
10258.0,6830312.0,Aneesh Kumar,149.0
9657.0,2590043.0,mwweb,149.0
7459.0,2943616.0,Stefan Witzel,149.0
8968.0,5889073.0,Praneet Pabolu,149.0
9164.0,7286960.0,Arthur Tarasov,149.0
7749.0,519944.0,MJM,149.0
8325.0,10968112.0,Daschin,149.0
37919.0,5226673.0,Otniel-Bogdan Mercea,149.0
75347.0,16988576.0,RookieScientist,149.0
42357.0,11619997.0,Lis Louise,149.0
2410.0,5143995.0,j4rey,149.0
42278.0,5546205.0,Joff,149.0
3015.0,7680288.0,Vivek Krishna,149.0
14450.0,5582741.0,proton,149.0
32750.0,15329876.0,sneeze_shiny,149.0
50516.0,6184954.0,ofithch79,149.0
22839.0,11484404.0,JohnDoe122,149.0
9101.0,8021052.0,Adrian Grygutis,149.0
10586.0,3986500.0,WeSee,149.0
21316.0,11721760.0,Himanshuman,149.0
3022.0,48486.0,Crashalot,149.0
10661.0,1127301.0,chausies,150.0
5589.0,396369.0,Clovis,150.0
223.0,5963824.0,Box Box Box Box,150.0
8415.0,6523439.0,GoingMyWay,150.0
85485.0,17694266.0,Tomek Czajka,150.0
17612.0,8644667.0,Qfwfq,151.0
5533.0,10267775.0,Moon,151.0
5119.0,6115625.0,Boris,151.0
3907.0,1912658.0,Jugesh Sundram,151.0
7958.0,6294516.0,Jaboyc,151.0
34075.0,12234248.0,ganto,151.0
12751.0,74565.0,Ben Hutchison,151.0
27904.0,1864272.0,Phani Raj,151.0
28145.0,11736273.0,rossignol,151.0
27835.0,12993878.0,Levi Lesches,151.0
7132.0,1590892.0,mbaytas,151.0
17056.0,8114310.0,Abhishek Choudhary,151.0
27879.0,4883392.0,pinq-,151.0
24028.0,1020606.0,Luca Hofmann,151.0
30870.0,1966316.0,lolveley,151.0
67462.0,2201773.0,Nathan BeDell,151.0
33936.0,5461701.0,Soheil Paper,151.0
30388.0,3214837.0,Joachim Wagner,151.0
1828.0,2018103.0,brad sanders,151.0
6661.0,5861958.0,Madhusoodan P,151.0
44211.0,13454576.0,AnanthaKrishna K,151.0
6039.0,10463957.0,heleone,151.0
17411.0,6312894.0,brzepkowski,151.0
17760.0,9800565.0,bilanush,151.0
28605.0,904101.0,LLub,151.0
17363.0,10256724.0,Rider Harrison,151.0
27529.0,6126871.0,slowmonk,151.0
23788.0,9253398.0,S. Phil Kim,151.0
8188.0,10034409.0,RayOfHope,151.0
42480.0,14341687.0,Ivan Novikov,151.0
42813.0,17179558.0,NITIN AGARWAL,151.0
31126.0,8769409.0,david,151.0
19290.0,4291409.0,Jordan Benge,151.0
69149.0,15274.0,Simone,151.0
41373.0,84460.0,Bunny Rabbit,151.0
32217.0,7719048.0,Betty,151.0
8914.0,8324652.0,Robert Frost,151.0
41315.0,1771840.0,Oliver P,151.0
55112.0,309544.0,davidvandebunte,151.0
3894.0,8971154.0,Thorvald,151.0
19095.0,310642.0,hobs,151.0
21524.0,5354281.0,F Chopin,151.0
36603.0,18444041.0,ASA,151.0
13361.0,1603649.0,Carter Nolan,151.0
23895.0,4123854.0,Just_Alex,151.0
31030.0,6660949.0,Nathan Wycoff,151.0
11455.0,2067178.0,user50222,151.0
11256.0,10984792.0,Pradeep BV,151.0
21936.0,13851138.0,Fasty,151.0
30115.0,2619138.0,Ess Kay,151.0
25403.0,7184643.0,grok,151.0
15803.0,3622773.0,simplename,151.0
17192.0,192966.0,a3.14_Infinity,151.0
11764.0,1522906.0,Basj,151.0
38720.0,13412922.0,Creepsy,151.0
43126.0,14455854.0,A. Maman,151.0
78918.0,7087078.0,Rational Function,151.0
41442.0,167219.0,Mitch,151.0
23435.0,254195.0,Toskan,151.0
25712.0,8267407.0,Tirafesi,151.0
25885.0,12515027.0,NewToCoding,151.0
56601.0,3808896.0,crush3dice,151.0
49894.0,18288925.0,jros,151.0
25625.0,324284.0,GEP,151.0
34084.0,822908.0,Nulik,151.0
6269.0,932653.0,Arne,151.0
33509.0,11926310.0,Michael Kročka,151.0
15580.0,5124688.0,Andrew,151.0
27493.0,14708508.0,Hdot,151.0
28010.0,10377979.0,Dr. H. Lecter,151.0
29757.0,4342327.0,Serge Ballesta,151.0
10929.0,7261167.0,Kenenbek Arzymatov,151.0
42111.0,14262905.0,releseabe,151.0
28058.0,8521195.0,babkr,151.0
37137.0,8275517.0,etang,151.0
31499.0,5860685.0,A Das,151.0
20522.0,4023549.0,William Scott,151.0
29725.0,7445.0,Bill K,151.0
9688.0,61330.0,user12889,151.0
9609.0,3622226.0,user5054,151.0
10001.0,9788876.0,lee,151.0
40640.0,1384758.0,Mahesha999,151.0
26077.0,987187.0,Muppet,151.0
7098.0,1137781.0,okkhoy,151.0
40340.0,10099508.0,peidaqi,151.0
10498.0,1753338.0,FraserOfSmeg,151.0
31990.0,8912124.0,Blade,151.0
23001.0,108161.0,safetyduck,151.0
74772.0,3935797.0,Jesuspc,151.0
34365.0,8138267.0,learner,151.0
56683.0,16307715.0,Brian,151.0
3579.0,901566.0,tjk,151.0
33781.0,17437685.0,anurag,151.0
44335.0,18990337.0,Kyle Dixon,151.0
97959.0,25913248.0,Reyomi,151.0
20234.0,86224.0,xiaodai,151.0
41713.0,7417376.0,fathese,151.0
1588.0,1804933.0,Kingz,151.0
19852.0,3057125.0,luvzfootball,151.0
28377.0,3374208.0,JiK,151.0
25722.0,144622.0,Doug,151.0
26452.0,13161040.0,Pe Dro,151.0
8424.0,6640373.0,Sathish Kumar D,151.0
67834.0,5689932.0,Henry Stone,151.0
22799.0,2032312.0,Taladris,151.0
33354.0,16218605.0,finlay morrison,151.0
34371.0,12716329.0,yakhyo,152.0
41843.0,3695702.0,John Joe,153.0
3338.0,8149648.0,Ale,153.0
4824.0,7891409.0,Artery,153.0
15775.0,2663843.0,Mircea Paul Muresan,153.0
9071.0,7171723.0,Ulu83,153.0
40197.0,4581371.0,A is for Ambition,153.0
81403.0,7449231.0,killertoge,153.0
17361.0,3476399.0,NoviceProg,153.0
50199.0,15934549.0,Jiya,153.0
30311.0,10142806.0,helen,153.0
12656.0,1484515.0,wwl,153.0
16932.0,11335369.0,Opifex,153.0
31285.0,10354808.0,Clumsy cat,153.0
28546.0,4091911.0,AndriuZ,153.0
10468.0,5809437.0,Daemonstool,153.0
27366.0,7965923.0,Bob Kimani,153.0
74716.0,15731604.0,moe asal,153.0
38458.0,4876119.0,Mark,153.0
53618.0,13929901.0,Kunj Mehta,153.0
11476.0,1032801.0,Kachinsky,153.0
18870.0,10115731.0,Howard P,153.0
43578.0,3756337.0,Shahin,153.0
48856.0,11189543.0,asheets,153.0
5030.0,8075832.0,Naveen,153.0
41801.0,13670674.0,ava_punksmash,153.0
44765.0,1231627.0,Ted Ersek,153.0
43937.0,8027858.0,semyd,153.0
27392.0,992560.0,Chris Kempen,153.0
50461.0,18759625.0,tangolin,153.0
22784.0,5643899.0,Enes Altuncu,153.0
19484.0,1757847.0,user1605665,153.0
33278.0,3246246.0,Matheo,153.0
63866.0,14089210.0,Saucy Goat,153.0
32968.0,1709306.0,Mike de Klerk,153.0
5317.0,2884869.0,Jansky,153.0
2107.0,3025673.0,jcromanu,153.0
44135.0,77882.0,persiflage,153.0
37911.0,16446632.0,Aman Savaria,153.0
31299.0,11526407.0,Elegant Code,153.0
76770.0,2273728.0,Robert Wegner,153.0
55293.0,8783957.0,MaximusIdeal,153.0
41585.0,16897251.0,sai_varshittha,153.0
3617.0,8490876.0,Jacob,153.0
20968.0,8828313.0,vP3nguin,153.0
21141.0,165295.0,Quonux,153.0
9887.0,1675991.0,Patrick Roberts,153.0
22105.0,7927966.0,Hammer. Wang,153.0
21285.0,14820393.0,dankilev,153.0
27267.0,8392932.0,jaaq,153.0
55856.0,15850750.0,Mathy,153.0
76404.0,26368290.0,piero,153.0
55833.0,4759281.0,Foobar,153.0
72565.0,25419863.0,insipidintegrator,153.0
40229.0,18131107.0,hakiki_makato,153.0
18845.0,2677051.0,FenryrMKIII,153.0
20338.0,5616688.0,NateW,153.0
37691.0,4551020.0,rocksNwaves,153.0
3855.0,8149281.0,Peter Hroššo,153.0
54899.0,22930071.0,zhixin,153.0
44073.0,11597207.0,220284,153.0
152.0,2812230.0,Ian,154.0
44121.0,9414012.0,Mafu,154.0
35622.0,6497133.0,JohnnyApplesauce,154.0
44620.0,17188801.0,shatz,154.0
15469.0,12222002.0,TontyTon,155.0
12327.0,8274813.0,gnivirht,155.0
53394.0,18057306.0,catasaurus,155.0
21685.0,3085181.0,ScientiaEtVeritas,155.0
25984.0,5294557.0,ten do,155.0
48155.0,19569295.0,user0193,155.0
6798.0,10746453.0,Suraj Shah,155.0
25405.0,14931398.0,NaveganTeX,155.0
33801.0,1638354.0,Long,155.0
85541.0,19132691.0,Debu,155.0
32343.0,210042.0,Nilani Algiriyage,155.0
82660.0,16246167.0,SAS2Python,155.0
23017.0,11546819.0,Andrew.Wolphoe,155.0
40178.0,14380979.0,Varun Vejalla,155.0
100318.0,8871453.0,Zuhair Al-Johar,155.0
51721.0,12822365.0,LearningAlgorithm,155.0
21307.0,176422.0,Justas,156.0
36093.0,6132904.0,Constantinos,156.0
15881.0,4215445.0,werediver,156.0
31955.0,187141.0,adn,156.0
92884.0,30050363.0,Harmony,156.0
2330.0,1396943.0,marcotama,156.0
57818.0,7116504.0,gwtw14,156.0
28448.0,14263732.0,RonsenbergVI,156.0
61494.0,118355.0,Eponymous,156.0
29995.0,1174306.0,Bram Vanroy,156.0
26392.0,4336909.0,samirzach,156.0
29638.0,2578349.0,Aseem Bansal,156.0
53318.0,19641089.0,Shubham Kumar,156.0
2050.0,503387.0,Anderson Green,156.0
62855.0,4096670.0,ubadub,156.0
74139.0,42106.0,sghael,156.0
26838.0,5520437.0,Simon Alford,156.0
31980.0,11850825.0,tynowell,156.0
12013.0,11659259.0,Tlatwork,157.0
43434.0,15836043.0,The White Cloud,157.0
7704.0,5076509.0,Petr Naryshkin,157.0
35926.0,17986570.0,SAGALPREET SINGH,157.0
63381.0,10972664.0,k2pctdn,157.0
31307.0,14005304.0,noviceFedora,157.0
32076.0,9804626.0,estamos,157.0
64755.0,11438385.0,Richie Bendall,157.0
51861.0,19670232.0,Bhavesh Achhada,157.0
31416.0,2251445.0,Ananda,158.0
7487.0,140870.0,Boppity Bop,158.0
67626.0,25198033.0,Arjun Reddy,158.0
32165.0,7277007.0,OverLordGoldDragon,158.0
70526.0,3581132.0,Green 绿色,158.0
33573.0,126717.0,Dirk N,158.0
8068.0,9085546.0,xrfxlp,159.0
9886.0,5769491.0,Shihab Shahriar Khan,159.0
10650.0,7807020.0,AIon,159.0
164.0,5215511.0,velocirabbit,159.0
41573.0,3268528.0,user2752471,159.0
13192.0,300083.0,inf3rno,159.0
5657.0,4508555.0,avysk,159.0
9237.0,886691.0,XL _At_Here_There,159.0
5398.0,4737820.0,Tayyebi,159.0
14854.0,6143.0,Pittsburgh DBA,159.0
18025.0,4249526.0,isp-zax,159.0
32867.0,16360167.0,user_12,159.0
11105.0,1295592.0,Joebevo,159.0
27925.0,15551509.0,Kenivia,159.0
12518.0,1301191.0,Stefano Giacone,159.0
8788.0,8786644.0,sophros,159.0
42632.0,1745021.0,Rubén,159.0
19192.0,14385590.0,Rahul R,159.0
16920.0,11737668.0,abunickabhi,160.0
11599.0,6631713.0,Green Falcon,160.0
36082.0,5497141.0,BlueTurtle,160.0
24080.0,7196722.0,Gerges,161.0
36779.0,5751885.0,Bogdan Ruzhitskiy,161.0
9244.0,11479390.0,Jesús Gómez,161.0
13008.0,4650123.0,a_guest,161.0
7752.0,4477690.0,physincubus,161.0
69166.0,7711330.0,zzzgoo,161.0
17876.0,2114445.0,Avraam Mavridis,161.0
17866.0,9639286.0,Erich Dingeldein,161.0
16844.0,6687366.0,Our,161.0
20540.0,9235773.0,wrong_path,161.0
32505.0,14559035.0,natanijelvasic,161.0
44715.0,12264866.0,Andrew,161.0
18017.0,11995133.0,harsh kumar Chourasia,161.0
32431.0,7934568.0,pSoLT,161.0
19414.0,112990.0,T3db0t,161.0
48716.0,4324382.0,Patrick Browne,161.0
2200.0,6789440.0,AnoE,161.0
29755.0,266065.0,rumtscho,161.0
17646.0,3917938.0,Ryan,161.0
75722.0,391212.0,Ascendant,161.0
34395.0,13651763.0,Jeremiah England,161.0
66944.0,2047045.0,Rohit Pandey,161.0
23154.0,13880058.0,NathanaëlBeau,161.0
33730.0,10011639.0,sailfish009,161.0
26336.0,13360669.0,Ach113,161.0
17886.0,11400875.0,Bayequentist,161.0
17670.0,3193016.0,Lutz Büch,161.0
14777.0,8708437.0,Data,161.0
6418.0,1726210.0,MD Luffy,161.0
5750.0,2168911.0,solyarist,161.0
3189.0,2207846.0,Kh40tiK,161.0
28278.0,12858124.0,John Doe,161.0
2189.0,2237545.0,volperossa,161.0
8553.0,8781992.0,bleand,161.0
35930.0,16605415.0,Kosmylo,161.0
73105.0,4033122.0,Daniel Darabos,161.0
41318.0,2533965.0,Ville,161.0
33734.0,17214072.0,Leockl,161.0
33714.0,132602.0,cknoll,161.0
15020.0,1100158.0,Novak,161.0
11556.0,3022178.0,Arnaldur,161.0
4754.0,9428154.0,idontknowwhoiamgodhelpme,161.0
38803.0,18436556.0,Rithik Banerjee,161.0
26155.0,6537786.0,RikH,161.0
34483.0,16947551.0,Karol,161.0
76707.0,5736866.0,Vityou,161.0
19244.0,9476942.0,mayank agrawal,161.0
31133.0,11451623.0,Goktug,161.0
9960.0,5581780.0,Valentin Calomme,161.0
1834.0,512412.0,Sophie Swett,161.0
25671.0,7974133.0,Harry Stuart,161.0
22686.0,12982502.0,Faris Dewantoro,161.0
27315.0,14993173.0,Huseyin Okan Demir,161.0
6897.0,7193755.0,parth,161.0
12857.0,12493917.0,Philippe Olivier,161.0
38252.0,14637804.0,Maciek Woźniak,161.0
3604.0,3896873.0,GenericHumanoid,161.0
75858.0,25296176.0,the_tomato,161.0
31975.0,5231837.0,TimD1,161.0
56216.0,25737987.0,theophile,161.0
16308.0,3904172.0,user248884,161.0
31984.0,16288047.0,YoYO Man,161.0
50133.0,1336934.0,cerebrou,161.0
16207.0,201214.0,Gaius,162.0
15821.0,10244542.0,aa1,163.0
3673.0,8213620.0,hellojoshhhy,163.0
45983.0,14589183.0,Sami,163.0
17966.0,81798.0,jonperl,163.0
34205.0,17059954.0,Displaza,163.0
23389.0,6011502.0,Pablo Carrasco Hernández,163.0
40196.0,4398027.0,user3584499,163.0
10800.0,27760.0,John Doe,163.0
40653.0,13659805.0,Physical Mathematics,163.0
9275.0,11301680.0,Ruchit Vithani,163.0
25675.0,8047731.0,Anonymous,163.0
17435.0,14130558.0,domdomdom,163.0
17451.0,9566939.0,Skinish,163.0
9739.0,8120934.0,meTchaikovsky,163.0
20526.0,11570548.0,rahs,163.0
49199.0,1279133.0,laggingreflex,163.0
17410.0,6392070.0,yousef yegane,163.0
17801.0,12922484.0,Luke,163.0
75488.0,10804707.0,Sheed,163.0
27615.0,7833103.0,KNejad,163.0
40968.0,12675.0,Christian Aichinger,163.0
19981.0,4561688.0,Sanavesa,163.0
7266.0,4637811.0,Jerry U,163.0
17358.0,2782344.0,RedRus,163.0
32408.0,11704914.0,codeblooded,163.0
40591.0,19357043.0,artas2357,163.0
54037.0,14010655.0,zjeffer,163.0
27406.0,15420595.0,Leviathan,163.0
16569.0,8117252.0,bossman,163.0
43305.0,7278554.0,Reactionic,163.0
38062.0,16777387.0,Leon,163.0
26942.0,16178730.0,Organic Heart,163.0
17103.0,14024945.0,Evator,163.0
81372.0,7766252.0,A. Darwin,163.0
21674.0,163122.0,sadakatsu,163.0
35800.0,6377352.0,Skawang,163.0
42966.0,15675146.0,InvestingScientist,163.0
32511.0,9005717.0,dee cue,163.0
1434.0,263405.0,k rey,163.0
74305.0,346793.0,harism,163.0
41751.0,14817186.0,SmoothKen,163.0
73775.0,5573380.0,Goods,163.0
30124.0,1980793.0,JRowan,163.0
10359.0,209321.0,dougvk,163.0
100002.0,350939.0,suchislife801,163.0
71284.0,28466059.0,Marc Dumon,164.0
3548.0,7188795.0,Namnodorel,164.0
11493.0,4104730.0,WorldWind,164.0
12861.0,1177784.0,Gokul Alex,164.0
3148.0,6946383.0,Bartosz Królak,165.0
8362.0,6488772.0,Tobi Alafin,165.0
31550.0,1018615.0,KGhatak,165.0
21338.0,8618872.0,Alfred,165.0
68131.0,22154643.0,Justin T,165.0
22826.0,11651270.0,Jakub Bielan,165.0
18640.0,11839348.0,Vikhyat Agarwal,165.0
14504.0,242560.0,Matthias,165.0
30369.0,8633919.0,Sebastian,165.0
23107.0,10980762.0,Hadrien Berthier,165.0
12782.0,12725374.0,John Pence,165.0
48917.0,4012480.0,Daniel,165.0
33532.0,11426065.0,JeanMi,165.0
42591.0,7319485.0,krm76,165.0
34306.0,67441.0,Maqsood,165.0
49689.0,20132476.0,Rocky the Owl,165.0
23812.0,11119204.0,Fred E,165.0
68703.0,425323.0,JamieB,166.0
28446.0,16626606.0,mcRobusta,166.0
35612.0,16570397.0,Neha Chaudhary,166.0
15927.0,73817.0,Alexis Wilke,166.0
87091.0,1384276.0,talles,166.0
13204.0,12835377.0,Raj Subrameyer,166.0
33186.0,10719528.0,Feodoran,166.0
25825.0,15701944.0,TheCG,166.0
36240.0,18355749.0,Coderio,166.0
19722.0,4884779.0,jazib jamil,166.0
102389.0,11521300.0,Ben,166.0
41323.0,13905219.0,matorbi,166.0
36322.0,11819190.0,neel g,166.0
31374.0,11056661.0,Jeanba,166.0
1846.0,4225032.0,Mike Wise,166.0
71449.0,22084991.0,Vladislav Korecký,167.0
41421.0,2811104.0,Tyler Hilbert,167.0
37181.0,10594392.0,Jarvis1997,167.0
185.0,3648370.0,dontloo,167.0
37611.0,17408061.0,ZERO NULLS,167.0
7075.0,10852062.0,F.Lin,167.0
36363.0,15844170.0,AleWolf,167.0
11620.0,1088381.0,Kokodoko,167.0
11440.0,438122.0,athos,167.0
82084.0,29998826.0,mNugget,167.0
61168.0,22951393.0,tail,167.0
25704.0,15933614.0,Dishant Sheth,168.0
43025.0,3562460.0,BioBroo,168.0
8333.0,462866.0,ProfVersaggi,169.0
10167.0,6689950.0,Emna Jaoua,169.0
16214.0,1597281.0,Dejan Biljecki,169.0
9616.0,270474.0,Suresh,169.0
9685.0,86745.0,Jawad Al Shaikh,169.0
10676.0,5502391.0,Francesco Rizzi,169.0
12125.0,12457047.0,Darren Taggart,169.0
16229.0,24885.0,Peter Mortensen,169.0
25424.0,61464.0,vol7ron,169.0
42356.0,175159.0,AlexSC,169.0
3098.0,9458234.0,AugLe,169.0
1875.0,414546.0,vsz,170.0
36769.0,5016357.0,nim.py,170.0
32106.0,45692.0,Morpheus,170.0
3171.0,8447955.0,Rodrigo de Azevedo,170.0
36047.0,10337403.0,gfdsal,170.0
32763.0,7398201.0,Seyed Moein Ayyoubzadeh,170.0
17847.0,7141404.0,rudresh dwivedi,171.0
95737.0,17995834.0,Khrrck,171.0
75739.0,4447661.0,Jani Miettinen,171.0
18040.0,6163297.0,Andrei Poehlmann,171.0
29809.0,347656.0,sanjeev mk,171.0
5661.0,10242406.0,Dmytro Nalyvaiko,171.0
12345.0,4510541.0,patzm,171.0
12384.0,326393.0,Suhail Gupta,171.0
1750.0,8364225.0,Dale,171.0
44882.0,17647832.0,Leland Hepworth,171.0
51537.0,5753148.0,Burrito,171.0
11508.0,7211165.0,Rajesh Mappu,171.0
19988.0,13801502.0,Borna Ghahnoosh,171.0
5920.0,1823107.0,Kenshin,171.0
17373.0,5119265.0,AAC,171.0
27054.0,11989508.0,StackOverthrow,171.0
7988.0,9530811.0,soo,171.0
12665.0,10614791.0,Atcrank,171.0
20696.0,13862323.0,Dylan,171.0
2753.0,1835273.0,yannis,171.0
36922.0,12487764.0,kaiwenw,171.0
18908.0,11425949.0,igrinis,171.0
7500.0,8526456.0,Pierre P.,171.0
25299.0,15838894.0,Huan,171.0
15028.0,2595965.0,Tahlor,171.0
13250.0,4583099.0,Francis M. Bacon,171.0
38713.0,1109288.0,Nathan G,171.0
4522.0,260388.0,dshin,171.0
9788.0,6490755.0,Jayani Sumudini,171.0
244.0,6354992.0,Raven,171.0
78590.0,295192.0,user599464,171.0
21298.0,3445698.0,Him,171.0
12672.0,5682500.0,Achraf Oussidi,171.0
9380.0,8491545.0,DBX12,171.0
22692.0,9549675.0,Michael Grogan,171.0
19452.0,85546.0,BlueRaja - Danny Pflughoeft,171.0
22086.0,3882738.0,GPhilo,171.0
31381.0,13962339.0,blazingcannon,171.0
31460.0,371003.0,arthur.sw,171.0
49715.0,14897929.0,algebruh,171.0
38093.0,5338125.0,Vesko Vujovic,171.0
25972.0,3173866.0,opt12,171.0
48881.0,1430268.0,user438454534,171.0
24107.0,1374489.0,IsakBosman,171.0
27354.0,4812710.0,Bridgeburners,171.0
22544.0,3904746.0,Xpector,171.0
17541.0,9423567.0,Josiah Swaim,171.0
71925.0,4345717.0,Sanchayan Dutta,171.0
12070.0,2017211.0,tiansivive,171.0
49192.0,509511.0,Dikran Marsupial,171.0
17372.0,6842902.0,Akhilesh Pandey,171.0
25912.0,492960.0,jpa,171.0
37751.0,1149795.0,Kris,171.0
41279.0,8062235.0,Hari Krishnan,171.0
8146.0,10835459.0,Philippe,171.0
31335.0,16846907.0,Javier-Acuna,171.0
2978.0,8819106.0,Cursed,171.0
5765.0,3271905.0,akm,171.0
63599.0,4756998.0,Fijoy Vadakkumpadan,171.0
32950.0,7499257.0,asaf92,171.0
27555.0,5462727.0,Shobhit Verma,171.0
8704.0,4090498.0,T.C. Proctor,171.0
52344.0,158396.0,Jonas Sourlier,171.0
17709.0,7156684.0,Roddus,171.0
11601.0,3302796.0,ayyoob imani,173.0
4773.0,325637.0,degski,173.0
15949.0,4571972.0,kaizokun,173.0
36997.0,2016782.0,Newskooler,173.0
36974.0,1868073.0,Enigman,173.0
37275.0,13071384.0,MJeremy,173.0
21284.0,275682.0,Eden,173.0
4011.0,8655359.0,auden,173.0
22003.0,3577716.0,Antoine Savine,173.0
34021.0,448941.0,Jeff,173.0
19886.0,14710143.0,Adil Mustafa,173.0
35992.0,6677794.0,galah92,173.0
17274.0,7019422.0,Jed,173.0
30568.0,8265347.0,stranger,173.0
17681.0,903892.0,Thomas Johnson,173.0
73626.0,22052641.0,Kiran Manicka,173.0
12121.0,6381524.0,Marcelo Fornet,173.0
10221.0,165635.0,James Gan,173.0
3070.0,4499336.0,DJG,173.0
19212.0,9156798.0,aprospero,173.0
18765.0,6120340.0,user1050421,173.0
30886.0,8720939.0,Seewoo Lee,173.0
17527.0,10696868.0,Xitish,173.0
17577.0,11771696.0,Hyeonseo Yang,173.0
22959.0,7500387.0,franz1,173.0
5400.0,3748295.0,TastySpaceApple,173.0
20229.0,1809409.0,Aleksei Petrenko,173.0
19027.0,10559095.0,sagar_acharya,173.0
38174.0,4279202.0,Make42,173.0
28125.0,3912363.0,Gabizon,173.0
19895.0,2845384.0,piccolo,173.0
38230.0,4916620.0,Frank Bryce,173.0
46624.0,6347972.0,Bertrand125,173.0
26714.0,6165091.0,SDG,173.0
23460.0,4963312.0,Utku,173.0
26498.0,8850536.0,Ralff,173.0
97628.0,42846461.0,Anushka_Grace Chattopadhyay,173.0
21131.0,12268979.0,Siddhant Tandon,173.0
2361.0,7623782.0,caveman,173.0
35633.0,16533016.0,bitWise,173.0
9818.0,8849188.0,JCP,173.0
38299.0,10220562.0,High GPA,173.0
2085.0,3795627.0,Peter - Reinstate Monica,173.0
17818.0,6980314.0,Max,173.0
16901.0,5599032.0,Leon,173.0
52014.0,19226250.0,Ashwiniku918,174.0
40843.0,16987392.0,cybershiptrooper,174.0
42398.0,11360736.0,Aung Khant,175.0
37980.0,10553624.0,Red,175.0
17432.0,13782724.0,Caleb H.,175.0
18795.0,11681313.0,Bloodstone Programmer,175.0
2930.0,1013937.0,UmAnusorn,175.0
16912.0,6792140.0,Afshin Oroojlooy,175.0
2937.0,5992755.0,hh32,175.0
37991.0,5439904.0,Jaroslav Tavgen,175.0
16720.0,7123240.0,Haytam,175.0
65899.0,16029.0,Johannes Schaub - litb,175.0
32434.0,1986127.0,ADA,175.0
70786.0,69659.0,knb,175.0
78536.0,29950924.0,Root Groves,175.0
35615.0,7808693.0,Khan,175.0
35978.0,6076199.0,mkanakis,175.0
2818.0,3034315.0,Tory,175.0
5240.0,1654071.0,TajyMany,176.0
26402.0,9328817.0,jottbe,176.0
11600.0,9019282.0,C. Yduqoli,176.0
12113.0,245795.0,SmootQ,176.0
9794.0,223744.0,xboard,176.0
8577.0,4736300.0,Foivos,176.0
11353.0,3756486.0,Tolga Birdal,176.0
33641.0,135320.0,Miquel Ramirez,176.0
38247.0,4057958.0,Zimm i48,176.0
3745.0,5243041.0,etal,176.0
9506.0,231657.0,Dynamic Stardust,176.0
11155.0,44284.0,alltom,176.0
3118.0,1931877.0,Jasper Citi,176.0
72114.0,107337.0,TomTom,176.0
22130.0,14673664.0,Jeremiah,176.0
9198.0,11382230.0,Ayushi Agarwal,176.0
4027.0,6170538.0,Rahul,177.0
16474.0,1656148.0,Miko Diko,177.0
21642.0,13399412.0,Harshal,177.0
6050.0,7380697.0,Hossein,177.0
7249.0,2372347.0,J.Todd,177.0
22525.0,10931845.0,Steven Davis,177.0
68942.0,6329754.0,Tran Khanh,177.0
37663.0,9412626.0,gnikol,177.0
40583.0,18841409.0,Spectre,177.0
33281.0,3420083.0,Martin,178.0
4034.0,7182807.0,Taichi Kato,178.0
79287.0,9440794.0,programjames,178.0
4709.0,6085540.0,Glorfindel,179.0
14939.0,3237950.0,Asif Khan,179.0
12770.0,8889412.0,icYou520,179.0
12138.0,2252003.0,gurvinder372,179.0
16634.0,4413443.0,Gilfoyle,179.0
46020.0,16381877.0,Michael,179.0
9581.0,3670793.0,ViniciusArruda,179.0
11391.0,9774435.0,Pablo Ruiz Ruiz,179.0
23413.0,1864995.0,Josiah,179.0
41564.0,12825948.0,Prasanjit Rath,179.0
11056.0,143535.0,Abhay Naik,179.0
35616.0,17447546.0,Hrushi,179.0
45906.0,3631997.0,causative,179.0
33916.0,1131127.0,user21820,180.0
33792.0,17744059.0,SahaTib,180.0
10046.0,3467525.0,arash moradi,181.0
5936.0,4133413.0,user3390629,181.0
9072.0,3954745.0,MackTuesday,181.0
72252.0,4724252.0,JRE,181.0
66773.0,3116542.0,Florian F,181.0
5133.0,9837397.0,Parry,181.0
33082.0,242479.0,Bill Yan,181.0
22433.0,3219679.0,Sebastian Dine,181.0
32303.0,15019666.0,musako,181.0
33930.0,1643345.0,IssaRice,181.0
32673.0,16034299.0,j200932,181.0
3128.0,8281200.0,CPHPython,181.0
14633.0,7647683.0,user239457,181.0
1725.0,66802.0,Royi,181.0
37744.0,18807135.0,samsambakster,181.0
43286.0,16576823.0,Anonymous5638,181.0
12269.0,3995817.0,chrishmorris,181.0
92491.0,33550134.0,Oktarine,181.0
29969.0,423151.0,Édouard Lopez,181.0
25305.0,2876745.0,user1024,181.0
29975.0,6498272.0,Rafael Santos,181.0
21099.0,1822043.0,argentum2f,181.0
23432.0,301392.0,PhD,181.0
75172.0,19691561.0,Jake,181.0
6020.0,7592662.0,a.kief,181.0
34038.0,52839.0,IMSoP,181.0
32249.0,2889180.0,Mayank Bhaskar,181.0
23420.0,6976939.0,Luke Guye,181.0
25232.0,8799472.0,M.N.Raia,181.0
22460.0,1024815.0,NMO,181.0
53762.0,19273956.0,Benjamin Cretois,181.0
23125.0,466776.0,Philipp Cannons,181.0
54806.0,4810803.0,Stefan Perko,181.0
42808.0,2225921.0,Mindaugas Bernatavičius,181.0
67525.0,14256329.0,DSP_CS,181.0
23844.0,5970330.0,thegreatjedi,181.0
4841.0,9889909.0,N. Chalifour,181.0
5122.0,9935796.0,Fenil,181.0
23273.0,228380.0,farhanhubble,181.0
8131.0,3987781.0,ComputerScientist,181.0
33580.0,2173069.0,Joe Black,181.0
16480.0,8641982.0,Cannabijoy,181.0
28538.0,16652192.0,Dimitris Monroe,181.0
34180.0,14245321.0,rich,181.0
74052.0,8283389.0,Beane,182.0
38234.0,4510009.0,dezdichado,182.0
14769.0,5807959.0,Alexander Aeons Torn,183.0
23910.0,476134.0,Jonathan Lindgren,183.0
9574.0,7715240.0,Cristóbal Alcázar,183.0
51646.0,2949572.0,Luke Wolcott,183.0
33586.0,457335.0,Maxim Volgin,183.0
34203.0,12041589.0,vojtak,183.0
4421.0,3475242.0,ihavenokia,183.0
29923.0,2681241.0,user2316602,183.0
48796.0,19541034.0,em1971,183.0
6522.0,1917753.0,Emad,183.0
21712.0,13531717.0,Cody Chung,183.0
22943.0,2207011.0,Alex,183.0
97071.0,30033702.0,WhatTheDuck,183.0
7998.0,7588160.0,Amresh Venugopal,183.0
40205.0,3804693.0,Ruli,183.0
32821.0,12616862.0,Shir K,183.0
81634.0,1563808.0,Borislav Stanimirov,183.0
32901.0,6962463.0,Onil90,183.0
27606.0,9643939.0,Pierre Gramme,183.0
12983.0,7021790.0,conv3d,183.0
24006.0,4537424.0,Majo_Jose,183.0
62288.0,9546969.0,wrek,183.0
7449.0,2179908.0,ngub05,184.0
32929.0,15352349.0,Nick Kunz,185.0
35806.0,5050731.0,Julen,185.0
35782.0,17811271.0,WXJ96163,185.0
87411.0,4872241.0,mlibre,185.0
53777.0,19520761.0,Quinten,185.0
23723.0,3470686.0,cgo,185.0
15517.0,9311017.0,Marco Favorito,185.0
36484.0,9044457.0,Hisan,185.0
27570.0,5170471.0,PyRsquared,185.0
36404.0,6009540.0,Stephane Hatgis-Kessell,185.0
6851.0,4413354.0,user3595632,185.0
44920.0,20369458.0,Sanyou,185.0
3773.0,3284421.0,Patel Sunil,185.0
42852.0,6534653.0,Mr Vinagi,186.0
12585.0,12900444.0,Chris D,186.0
30526.0,1028905.0,Jimmery,186.0
15796.0,8354153.0,mausamsion,186.0
1499.0,2295101.0,bren,186.0
18398.0,14383848.0,Saber,186.0
16857.0,2041285.0,Nate Diamond,186.0
38671.0,15216733.0,conscious_process,186.0
99930.0,6128339.0,Rohit  Gupta,186.0
30959.0,7413537.0,Tfovid,187.0
23501.0,15293797.0,hina munir,187.0
21964.0,14021601.0,satya,187.0
36175.0,8776328.0,Raphael Augusto,187.0
19524.0,1327177.0,Nike Dattani,187.0
63513.0,511463.0,Sangchul Lee,188.0
33835.0,16201495.0,overflow95,188.0
9836.0,1620855.0,omega,189.0
8820.0,11468107.0,Rajib Bahar,189.0
8041.0,11180107.0,Saurav Joshi,189.0
4809.0,8020709.0,Destructible Lemon,189.0
26502.0,16154869.0,unsmoother,189.0
21539.0,15064763.0,fgauth,189.0
54496.0,4152285.0,GalacticRaph,189.0
70193.0,12558377.0,Daniel Paleka,189.0
26993.0,3319908.0,Marko Zadravec,189.0
84685.0,12325059.0,saleh,190.0
5189.0,8135445.0,codeman,191.0
2143.0,7474192.0,Aspie96,191.0
91136.0,2846135.0,Ora G. Walters,191.0
1283.0,378721.0,ratchet freak,191.0
32300.0,989931.0,user1007522,191.0
10135.0,9572673.0,G Soares Peres,191.0
8418.0,11172996.0,Abhijit Balaji,191.0
91163.0,8091891.0,kopaka,191.0
16355.0,13337926.0,Programmer S,191.0
9484.0,2576419.0,micimize,191.0
44996.0,1788708.0,Jake B.,191.0
27072.0,2498724.0,abhimanyuaryan,191.0
50501.0,2401225.0,Carmellose,191.0
26472.0,4661319.0,Arashsyh,191.0
14909.0,7822595.0,Shamane Siriwardhana,191.0
50898.0,12231952.0,Druudik,191.0
15487.0,1042456.0,Josiah Yoder,191.0
38372.0,3449844.0,user9343456,191.0
27405.0,2696362.0,Chintan Trivedi,191.0
148.0,7884068.0,David Vogel,191.0
27060.0,3326164.0,pygosceles,191.0
34530.0,12882649.0,user9317212,191.0
27988.0,296730.0,Franva,191.0
27229.0,7349207.0,Cloud Cho,191.0
14789.0,2904880.0,Chrigi,191.0
4394.0,9896169.0,Aditya Gupta,191.0
15812.0,7691178.0,Z Z,191.0
32467.0,4669355.0,jgleoj23,192.0
38344.0,17829019.0,Nabla,192.0
35881.0,13763598.0,ZenBerry,193.0
42849.0,16834446.0,Yves Boutellier,193.0
15017.0,84171.0,Pietro,193.0
85497.0,19687275.0,hansoko,193.0
34041.0,3087156.0,fabian,193.0
82886.0,27990853.0,Amanda Wealth,193.0
41379.0,7112658.0,Uchiha Madara,193.0
19928.0,3259215.0,stefanbschneider,193.0
3250.0,121454.0,Dror Hilman,193.0
35739.0,1406232.0,Golo Roden,193.0
40052.0,18781330.0,EEAH,193.0
42296.0,15846473.0,IgnacioGaBo,193.0
15356.0,10295055.0,Chris,193.0
25141.0,3325894.0,BestR,193.0
34177.0,15117037.0,Samuel Beaussant,193.0
23941.0,5161187.0,Bryan Tan,193.0
42373.0,3211875.0,ker2x,193.0
9421.0,5167519.0,Thomas Kimber,194.0
4315.0,9192233.0,Ben Madison,194.0
30178.0,2244314.0,George White,194.0
4424.0,7034562.0,Programmer,194.0
36116.0,8153974.0,MMM,195.0
45492.0,15454715.0,user,195.0
34516.0,13435290.0,Metrician,195.0
25560.0,15628585.0,naisuu42,195.0
50418.0,4520100.0,user153245,195.0
60289.0,13099356.0,kklaw,195.0
44507.0,159873.0,Sunny88,196.0
10640.0,4541861.0,RAS,196.0
11450.0,2550620.0,Henriette Harmse,196.0
41804.0,7002987.0,e.Fro,196.0
14580.0,1102348.0,jspencer,196.0
65550.0,1497308.0,sjy,196.0
45340.0,72095.0,Ryan M,196.0
18819.0,497450.0,gatorback,196.0
4300.0,18290.0,Atilla Ozgur,196.0
18358.0,3948330.0,SantoshGupta7,197.0
64734.0,16820074.0,Lars Flieger,197.0
33875.0,9870095.0,Mostafa Ghadimi,197.0
1263.0,1796711.0,Alexey Vesnin,197.0
26159.0,16029138.0,THAT_AI_GUY,197.0
5054.0,2813465.0,Anas EL KORCHI,197.0
37178.0,16821895.0,o_yeah,197.0
35990.0,11692986.0,Stefan Radonjic,197.0
41293.0,12178197.0,David,198.0
49564.0,20834162.0,Damir Tenishev,198.0
1425.0,2491832.0,DiCaprio,199.0
20859.0,2186758.0,Yashas,199.0
12773.0,917243.0,SaldaVonSchwartz,199.0
67586.0,11680597.0,puradrogasincortar,199.0
19652.0,10698561.0,Huma Qaseem,199.0
41025.0,15804951.0,Winston,199.0
6221.0,6090213.0,Astronought,199.0
25322.0,5607464.0,jw_,199.0
18443.0,3911851.0,Umang Gupta,200.0
44192.0,2663825.0,Siguza,201.0
23433.0,3759138.0,stuart,201.0
5947.0,2270483.0,ikaruss,201.0
3270.0,1780060.0,Stefe Klauou,201.0
36199.0,6449032.0,Arqwer,201.0
6391.0,7622811.0,Philogy,201.0
25393.0,10454888.0,FirePower,201.0
27655.0,14343069.0,Jerome,201.0
74862.0,1077515.0,Igor F.,201.0
49929.0,6403542.0,ofou,201.0
12145.0,12469445.0,dan dan,201.0
3278.0,1676740.0,aminorex,201.0
15.0,949428.0,CarrKnight,201.0
32490.0,15915803.0,Arnav Das,201.0
72412.0,8432685.0,Garrett,201.0
17272.0,526093.0,hjf,201.0
20581.0,7828322.0,kevin,201.0
32055.0,6292702.0,Phúc Lê,201.0
17985.0,6117137.0,Daniel,201.0
43239.0,15837961.0,Hattori,201.0
27433.0,11363896.0,An Ignorant Wanderer,201.0
15541.0,8082160.0,Paul Brown,201.0
36518.0,592383.0,nikos,201.0
36611.0,18056575.0,Ryan S,201.0
19789.0,8770087.0,Mink,201.0
22297.0,11455959.0,Mei Zhang,202.0
65035.0,6622653.0,Obie 2.0,202.0
36907.0,7724185.0,Stefano Barone,203.0
61397.0,6925995.0,Nicola Lepetit,203.0
5312.0,308908.0,David,203.0
51661.0,17058026.0,BanDoP,203.0
34359.0,15923814.0,Tibo Geysen,203.0
2862.0,971148.0,tomahim,203.0
6328.0,4142537.0,user4779,203.0
67673.0,4441227.0,iMad,203.0
3142.0,144418.0,Dion,203.0
23601.0,8093905.0,mallea,203.0
54014.0,15579417.0,ReflectYourCharacter,203.0
17250.0,7959824.0,Efthymios Kalyviotis,203.0
5300.0,468289.0,tripleee,204.0
70886.0,28333318.0,FledDev,204.0
41227.0,140473.0,Robz,204.0
20874.0,1893897.0,DeltaIV,204.0
10051.0,6599206.0,CVDE,205.0
31800.0,4184511.0,RocketNuts,205.0
53761.0,19267771.0,Theo Deep,205.0
16141.0,6205671.0,ebrahimi,205.0
21688.0,4835128.0,Daniel Oliveira,205.0
25768.0,15631861.0,Amanda,205.0
33419.0,13350318.0,Sam,205.0
68845.0,7281.0,Ian Boyd,205.0
69031.0,4997847.0,tesio,205.0
17061.0,3892796.0,SchroedingersCat,205.0
64845.0,5828316.0,ak0000,205.0
68745.0,26882.0,Ian Kemp,205.0
33444.0,11521402.0,rhdxor,206.0
52997.0,332638.0,John St. John,206.0
98366.0,1954495.0,Dale M,206.0
3138.0,57094.0,Lior Kogan,206.0
12765.0,2058976.0,parrowdice,206.0
41319.0,2036405.0,Isbister,206.0
7714.0,10970508.0,José Henrique Luckmann,207.0
12746.0,3332966.0,Pablo Messina,207.0
44278.0,168481.0,Kricket,207.0
8035.0,8384840.0,dexteritas,208.0
41576.0,13723094.0,Ggjj11,208.0
68775.0,7857371.0,llllvvuu,208.0
45190.0,19655181.0,Abdur Rahman,209.0
3460.0,9146111.0,moondra,209.0
12931.0,530523.0,silkAdmin,209.0
156.0,5182392.0,Amazon Dies In Darkness,209.0
27283.0,276071.0,Jesus is Lord,209.0
24122.0,12704743.0,Karan Shah,209.0
6485.0,106570.0,mindplay.dk,209.0
3920.0,2625757.0,jstaker7,209.0
20191.0,2421817.0,Lukas Z.,209.0
31143.0,120009.0,Mahdi Amrollahi,209.0
4893.0,5415449.0,Prof.Chaos,210.0
3726.0,128896.0,icc97,210.0
16369.0,1464388.0,Pharap,210.0
16597.0,256707.0,kgautron,211.0
14408.0,4206952.0,JC R,211.0
1949.0,2058984.0,Nocta,211.0
31395.0,3187353.0,Bananin,211.0
31199.0,1384325.0,Dewi Morgan,211.0
16977.0,6141124.0,Panagiotis,211.0
53069.0,24364942.0,Eduard,211.0
33756.0,14643287.0,K.N,211.0
1282.0,6363922.0,X3R0,211.0
16466.0,13674464.0,user209974,211.0
17901.0,300698.0,Mario Alemi,211.0
17136.0,8178518.0,papabiceps,211.0
4869.0,8773395.0,Praharsh Bhatt,211.0
4163.0,8033202.0,cur10us,211.0
46681.0,21123997.0,Ubikuity,211.0
6095.0,1040530.0,Nasser,211.0
41418.0,19666247.0,Ivan Ivanov,211.0
30479.0,2788272.0,abkds,211.0
30354.0,11916744.0,internetofmine,211.0
4036.0,6721244.0,Nickpick,211.0
9648.0,4234182.0,N00b101,211.0
28108.0,16394674.0,Ken Grimes,211.0
22930.0,15339894.0,Angelo,211.0
35660.0,10755090.0,david david,212.0
13208.0,9926447.0,Default picture,212.0
11097.0,77424.0,Doc Brown,212.0
22368.0,3369925.0,P.S.,213.0
4573.0,6576609.0,PixelPioneer,213.0
77463.0,538687.0,Grant Curell,213.0
26846.0,11958433.0,noob,213.0
22161.0,692122.0,Gregor,213.0
49400.0,3432928.0,chasep255,213.0
73068.0,18613454.0,Blue Nebula,213.0
17446.0,130411.0,guillaume31,213.0
1278.0,8722929.0,1010101 Lifestyle,213.0
242.0,1161070.0,danidemi,213.0
11789.0,2893014.0,souparno majumder,213.0
35791.0,12560640.0,Aniket Velhankar,213.0
3211.0,1836799.0,frodeborli,213.0
5852.0,3413008.0,user31264,213.0
19403.0,4771881.0,Shrey,214.0
41964.0,2234578.0,Dave,214.0
37540.0,17348044.0,Rim Sleimi,215.0
26353.0,9081714.0,Ben,215.0
41984.0,4496446.0,user3656142,215.0
32528.0,233893.0,Ælex,215.0
37824.0,2236691.0,Martino,215.0
11795.0,7962087.0,w13rfed,215.0
20612.0,5727710.0,iv67,215.0
23063.0,2144726.0,oezguensi,215.0
61676.0,63714.0,Евген,216.0
16159.0,10919254.0,Suyog Jadhav,216.0
27851.0,2481403.0,cookiemonster,216.0
25248.0,1081114.0,Akavall,216.0
9423.0,2235827.0,Beryllium,217.0
20257.0,211851.0,JohnAllen,217.0
4802.0,9968326.0,A Cat Named Tiger,217.0
44529.0,14857177.0,Sadaf Shafi,218.0
12251.0,4380165.0,Tone Škoda,219.0
11365.0,1332304.0,Artem,221.0
66846.0,15026880.0,Milo Moses,221.0
30627.0,1082519.0,danijar,221.0
25415.0,4708174.0,Nico A,221.0
31158.0,16169832.0,grandtout,221.0
3702.0,215261.0,Benjamin Chambers,221.0
16839.0,1891013.0,user781486,221.0
31608.0,1324884.0,user1269942,221.0
3191.0,5277533.0,Avinash Hindupur,221.0
8918.0,7240311.0,tuomastik,221.0
12726.0,3820809.0,user3168961,221.0
96138.0,3068514.0,Chrispresso,221.0
14997.0,6005691.0,Philip,221.0
13036.0,1639433.0,Arnaldo Gualberto,221.0
5157.0,5664067.0,Harrichael,221.0
20685.0,3393457.0,Steven Sagona,221.0
21509.0,4101520.0,pg2455,221.0
41169.0,17392617.0,Rnj,221.0
30565.0,16913948.0,Krrrl,221.0
23119.0,10357304.0,niallmandal,221.0
15659.0,8714854.0,bsideswiped,221.0
40560.0,8145367.0,hH1sG0n3,221.0
3064.0,4169078.0,Jake Marry,221.0
48816.0,6499091.0,Manveru,221.0
2983.0,6603821.0,Lorry Laurence mcLarry,222.0
30327.0,15964768.0,basilisk,223.0
1334.0,108832.0,Christoph,223.0
12691.0,1396704.0,Ziemo,223.0
19686.0,1711161.0,Bruce Adams,223.0
18760.0,11254463.0,kocica,223.0
37482.0,11817464.0,Cloudy,223.0
67624.0,8934560.0,RLC,224.0
17490.0,2638908.0,NotThatGuy,224.0
38060.0,13774587.0,Naveen Reddy Marthala,224.0
27530.0,134625.0,Jay McCarthy,225.0
23380.0,15435838.0,some_programmer,225.0
40575.0,17332770.0,user192361237,225.0
2585.0,5986638.0,50k4,225.0
63793.0,17468176.0,User,225.0
20150.0,4389587.0,lo tolmencre,225.0
1306.0,3588081.0,DanTheMan,226.0
4185.0,2731895.0,Lord Alveric,226.0
32070.0,14938056.0,Brett Daley,226.0
35557.0,17482387.0,Paul Higazi,226.0
23392.0,10965391.0,Pedro Henrique Monforte,226.0
46260.0,4623233.0,nammerkage,226.0
52.0,1619469.0,dorien,226.0
14744.0,5039021.0,Pablo,226.0
1781.0,6325204.0,BobbyPi,227.0
35896.0,18218672.0,Piete3r,227.0
4211.0,4522928.0,DSarkar,228.0
46267.0,44249.0,IttayD,229.0
15765.0,1764146.0,krishnab,229.0
20025.0,10893406.0,nikki2,229.0
32400.0,7805543.0,lfgtm,230.0
2819.0,2093561.0,D.G. Redd,230.0
21511.0,5615269.0,Borun Chowdhury,230.0
26120.0,16065172.0,Herbert,231.0
10364.0,7182903.0,Yadeses,231.0
9803.0,319721.0,Andrew Butenko,231.0
8637.0,6275162.0,samlaf,231.0
43381.0,2180968.0,Aviad Hadad,231.0
33566.0,13918664.0,Hermes Morales,231.0
22993.0,121162.0,Hans-Martin Mosner,231.0
45689.0,14193578.0,JJJohn,231.0
9289.0,1589784.0,Charlie Parker,231.0
33910.0,14034262.0,Amit Chaudhary,232.0
7723.0,10542016.0,Jor,232.0
98168.0,3470426.0,Rohit Khera,233.0
5817.0,2581883.0,Stilez,233.0
1909.0,5776675.0,Kevin,233.0
31211.0,12570027.0,Someone,233.0
8861.0,5782784.0,Stepan Novikov,233.0
33579.0,15441949.0,Mark,233.0
29720.0,7442399.0,Ketil Malde,234.0
12901.0,10275999.0,dsfx3d,235.0
23871.0,14328751.0,Alex Marshall,235.0
37533.0,14044287.0,Single Malt,235.0
22742.0,9868342.0,josealeixo.pc,235.0
45562.0,6736865.0,Snowball,235.0
125.0,6784526.0,wizzwizz4,235.0
81456.0,30652967.0,Julius Hamilton,235.0
13138.0,1705773.0,Alexus,236.0
21269.0,240691.0,Leo Gallucci,236.0
59971.0,23297935.0,Lelouch,236.0
32173.0,4856315.0,J3soon,236.0
22418.0,15333665.0,Nyos,236.0
32265.0,13161527.0,Marcus,236.0
6275.0,1143399.0,HansPeterLoft,237.0
16724.0,3239757.0,OrangeMan,237.0
30051.0,12086979.0,Hunnam ,237.0
8385.0,1975776.0,schoon,237.0
13068.0,6565646.0,John M.,237.0
36323.0,12266974.0,Ray Butterworth,238.0
25973.0,1609054.0,lllllllllllll,239.0
68637.0,4326915.0,ACuriousMind,239.0
19783.0,8032449.0,Aura Lee,239.0
26195.0,3152837.0,BGa,239.0
32829.0,15569152.0,Andy Ayr,239.0
30672.0,474782.0,Warbo,241.0
17461.0,1466816.0,elgehelge,241.0
30438.0,51201.0,hobbs,241.0
9983.0,6002634.0,The Impossible Squish,241.0
34145.0,3285545.0,David Nemeskey,241.0
27056.0,160089.0,R.. GitHub STOP HELPING ICE,241.0
15967.0,11997803.0,user491626,241.0
28385.0,58219.0,Emilio M Bumachar,241.0
23584.0,8781153.0,Mathieu Bouville,241.0
29974.0,2138751.0,kuixiong,241.0
6899.0,5863894.0,Glrs,241.0
22897.0,7590799.0,Lio Elbammalf,241.0
27839.0,3078061.0,Mark,241.0
30392.0,1778531.0,pascal sautot,241.0
4903.0,10060184.0,a.t.,241.0
20745.0,113440.0,Amrinder Arora,241.0
84711.0,17323644.0,frad,241.0
6429.0,3497171.0,Pablo Arnau González,243.0
9428.0,6841805.0,Shubham Tiwari,243.0
16672.0,8436733.0,Martin S,243.0
10287.0,7350862.0,Adnan S,243.0
2254.0,93607.0,d56,243.0
21513.0,4451353.0,hridayns,243.0
1256.0,8478931.0,Tobias Strand,243.0
74676.0,10687045.0,Carl,243.0
14863.0,9408722.0,Gabriele,243.0
23918.0,8511096.0,i_rezic,245.0
14948.0,2396136.0,piratesailor,245.0
21460.0,11342013.0,JChat,245.0
3748.0,3731596.0,fuzzyhedge,245.0
6114.0,1851913.0,freesoul,246.0
61841.0,12934056.0,Mew,246.0
1774.0,5787146.0,Ébe Isaac,248.0
30679.0,3806607.0,user118967,248.0
7321.0,1277627.0,soriak,249.0
32237.0,11876640.0,Cristian M,249.0
47898.0,6528461.0,A_Arnold,249.0
1916.0,1572203.0,noɥʇʎԀʎzɐɹƆ,249.0
28428.0,204092.0,Stephan Kolassa,251.0
33079.0,9442515.0,Apollys supports Monica,251.0
9210.0,44046.0,A.Rashad,251.0
47800.0,13472219.0,Bernardo Costa,251.0
2306.0,4926742.0,Alex S King,251.0
32111.0,1341331.0,matthias_buehlmann,251.0
7107.0,4692510.0,PeterW,251.0
17430.0,14062285.0,present,251.0
31870.0,7951804.0,bit_scientist,251.0
51949.0,14282822.0,Antonios Sarikas,251.0
36341.0,16701969.0,Schach21,252.0
46718.0,14733134.0,MASTER OF CODE,252.0
14621.0,4477126.0,SandMan,253.0
27112.0,11300680.0,Ben,253.0
46842.0,6880381.0,a12345,253.0
12940.0,8225161.0,Jessica Chambers,253.0
51745.0,243197.0,martinkunev,255.0
17302.0,236479.0,Yan King Yin,255.0
19123.0,6620068.0,MrYouMath,255.0
23734.0,161590.0,Maanu,255.0
31215.0,4441934.0,Arun,255.0
5941.0,5416795.0,randomsurfer_123,256.0
3526.0,283531.0,tmaj,256.0
33275.0,17452.0,haz,256.0
76789.0,13681702.0,Karl,256.0
15525.0,6321153.0,fish_tree,257.0
28129.0,16209037.0,dasmehdix,257.0
48908.0,17972508.0,Emad,257.0
17763.0,10687437.0,Santhosh Dhaipule Chandrakanth,257.0
14892.0,3758327.0,EmmanuelMess,257.0
36131.0,16788374.0,PMaynard,258.0
11069.0,11213144.0,nsaura,258.0
4152.0,9421081.0,satibel,259.0
34473.0,14877125.0,Cameron Chandler,259.0
52001.0,7334945.0,Kroshtan,259.0
3576.0,6104749.0,Eskapp,260.0
38872.0,11927961.0,prashant0598,261.0
1913.0,3233438.0,Cort Ammon,261.0
60026.0,3109932.0,Tvde1,261.0
10434.0,1701102.0,tgogos,261.0
29739.0,15220.0,Artelius,261.0
19485.0,6787088.0,Monica Heddneck,261.0
8366.0,415918.0,eric.mitchell,261.0
26112.0,45709.0,LeafGlowPath,261.0
15919.0,8249834.0,pcko1,261.0
3592.0,2097803.0,skrtbhtngr,261.0
9288.0,9056565.0,Aleksei Maide,261.0
31075.0,16473123.0,nilsinelabore,261.0
46543.0,9671359.0,James,261.0
35626.0,18082542.0,jgauth,261.0
96.0,8593096.0,Luke,263.0
32583.0,11939849.0,Federico Taschin,263.0
41856.0,9073934.0,Mahmoud,263.0
16313.0,11811551.0,Ankish Bansal,263.0
4402.0,2105842.0,Brendan Hill,263.0
1522.0,6445124.0,Achilles,263.0
25590.0,84203.0,maxy,263.0
22369.0,4399448.0,ihavenoidea,265.0
32636.0,17268325.0,jr123456jr987654321,265.0
63672.0,5490866.0,ahron,265.0
69208.0,16816422.0,pcpthm,266.0
23818.0,4342263.0,Loheek,266.0
16035.0,7809129.0,Omegastick,266.0
25982.0,9281570.0,His Crispyness,266.0
42372.0,11120331.0,Ness,266.0
42300.0,19690581.0,yaminoyuki,267.0
19738.0,6489497.0,Trect,269.0
30623.0,9988765.0,Evgeniy,269.0
16671.0,6111654.0,firion,269.0
34225.0,12909121.0,ViktorStein,271.0
33286.0,7076625.0,Anon,271.0
3459.0,191443.0,Nikolay Shmyrev,271.0
36971.0,17568289.0,nagaK,271.0
10294.0,1636408.0,Matas Vaitkevicius,271.0
16291.0,2728.0,Graviton,271.0
77.0,6418119.0,callyalater,271.0
18006.0,1202105.0,Christopher King,271.0
5356.0,100946.0,kakaz,271.0
38980.0,3710720.0,Lutz Lehmann,271.0
95797.0,5192389.0,adsp42,271.0
2897.0,3758516.0,alwaysLearningABC,271.0
3861.0,1481439.0,xendi,272.0
89688.0,2945266.0,Humberto José Bortolossi,272.0
22128.0,392704.0,Simon,273.0
7495.0,5976377.0,AlexGuevara,273.0
18123.0,7662568.0,oren revenge,273.0
14390.0,9748472.0,rrz0,273.0
19062.0,13408567.0,TVSuchty,273.0
6378.0,3496340.0,Phylliida,274.0
101456.0,36612188.0,Stewie pixel,274.0
6687.0,5436362.0,Karan Nadagoudar,275.0
31180.0,7967908.0,SumakuTension,275.0
2426.0,3551531.0,AvahW,275.0
54733.0,13510830.0,emely_pi,275.0
2997.0,1500608.0,Iliyan Bobev,276.0
13360.0,36969.0,G__,276.0
48758.0,9608835.0,PeterBe,276.0
77140.0,29667623.0,will The J,277.0
11626.0,2353770.0,Ahti Ahde,278.0
30751.0,13225395.0,rubengavidia0x,278.0
40906.0,8548844.0,Michał Jaworski,279.0
27042.0,4410342.0,Kari,280.0
25904.0,28642.0,Ram Rachum,280.0
5708.0,9991881.0,Aaron,281.0
6978.0,6627391.0,Juliano Oliveira,281.0
113.0,948815.0,Kozuch,281.0
12975.0,1021083.0,0x90,281.0
65009.0,7772276.0,OpenAI was the last straw,281.0
8912.0,7045038.0,Adrien Forbu,281.0
26382.0,9788274.0,Nick,281.0
49444.0,418060.0,Pulse9,282.0
15498.0,4802469.0,mhsnk,283.0
21719.0,11604621.0,theantomc,283.0
30164.0,14210287.0,Pablo,283.0
30154.0,8217038.0,SuperCodeBrah,283.0
13295.0,4082491.0,user3352632,283.0
57913.0,3149801.0,Thomas,285.0
8684.0,439169.0,Erel Segal-Halevi,285.0
2557.0,4262249.0,user3486308,285.0
13102.0,7444406.0,Andrew,286.0
15176.0,4949673.0,Chris Cundy,286.0
11351.0,4787317.0,ted,286.0
26351.0,16110476.0,fabien,287.0
42424.0,9208511.0,Uskebasi,288.0
11030.0,6721710.0,ayandas,288.0
16687.0,100608.0,Dieshe,289.0
36486.0,9320077.0,Jacob B,289.0
18159.0,108913.0,Andre Holzner,289.0
12118.0,11835921.0,scientious,291.0
1863.0,2050891.0,CoffeDeveloper,291.0
6252.0,2137027.0,Charles,291.0
9091.0,10984606.0,redhqs,291.0
9374.0,7742922.0,Karan Chopra,291.0
22654.0,2247995.0,Lucas Morin,292.0
3763.0,9629643.0,netizen,293.0
202.0,2212818.0,v01d,293.0
26900.0,6608852.0,JobHunter69,293.0
2472.0,1259203.0,Souradeep Nanda,293.0
23360.0,269108.0,penkovsky,294.0
8872.0,8862663.0,Aric,295.0
7095.0,4025821.0,daniel451,296.0
7364.0,8196582.0,Manngo,296.0
48391.0,1033194.0,Archana David,297.0
4042.0,1938688.0,drerD,298.0
30205.0,5332101.0,ilkkachu,299.0
16354.0,2541805.0,Ilya Palachev,299.0
7720.0,10941481.0,Slightly Higher Average User,299.0
20760.0,10136971.0,Kartik Podugu,299.0
32634.0,15587411.0,Lawnmower Man,300.0
1982.0,4382841.0,user3573987,301.0
20955.0,4571737.0,adamconkey,301.0
60027.0,15073871.0,Scriddie,301.0
4738.0,6092666.0,Revolucion for Monica,302.0
45240.0,17837757.0,Dylan Kerler,303.0
5388.0,5885227.0,Alexander,303.0
19910.0,6497337.0,Questioner,303.0
53210.0,4843035.0,huang,303.0
36062.0,16230354.0,Deshwal,303.0
30789.0,16961451.0,Jonathan,304.0
10813.0,5766869.0,Pigna,305.0
40011.0,15151516.0,Nervous Hero,305.0
45586.0,9906557.0,Aether,305.0
30433.0,1882514.0,Wolphram jonny,306.0
43016.0,8716374.0,sb3,307.0
33227.0,10835822.0,KaneM,307.0
33314.0,17698820.0,jaeger6,308.0
18074.0,91198.0,Konstantin Solomatov,308.0
52278.0,9564186.0,Lars,309.0
31312.0,6618921.0,farid,309.0
13067.0,3164007.0,user2674414,309.0
25360.0,1966432.0,Hazzaldo,309.0
46703.0,4266083.0,user3489173,309.0
37206.0,2045380.0,user1825567,310.0
17282.0,14091497.0,Max Mustermann Junior,311.0
41709.0,5609006.0,AlDante,311.0
1741.0,119781.0,Ben,311.0
17143.0,12038204.0,pranav,311.0
71775.0,16508803.0,bogovicj,311.0
10623.0,6321023.0,tim_xyz,311.0
27624.0,16411675.0,Jens Classen,311.0
25798.0,480116.0,allo,312.0
14913.0,13328715.0,Wizard,313.0
38892.0,16452105.0,pedrum,313.0
25411.0,10994020.0,Marc Perlade,313.0
40250.0,7737741.0,David,313.0
72562.0,49543.0,morpheus,314.0
6310.0,5423590.0,Guest2000,315.0
11429.0,1200108.0,pascalwhoop,315.0
19442.0,14288514.0,Iram Shah,315.0
36067.0,16758995.0,Otherness,315.0
34315.0,286404.0,olix20,316.0
47551.0,14059381.0,James Arten,317.0
11667.0,1422915.0,Joshua Terrill,317.0
18652.0,3625085.0,R.M.,318.0
5095.0,9344824.0,marli,318.0
64805.0,3510023.0,DrCommando,319.0
2963.0,2762007.0,Jamgreen,319.0
37642.0,12726195.0,zdm,319.0
11845.0,5630616.0,Sergey Kravchenko,321.0
67424.0,4266052.0,Sander van den Oord,321.0
9660.0,1429295.0,pcaston2,321.0
38328.0,13194305.0,N. Kuhn,321.0
20357.0,7204978.0,Harsh Sikka,321.0
20271.0,7127274.0,junfanbl,323.0
9413.0,4547415.0,solarflare,324.0
36978.0,16931574.0,Felix P.,325.0
81911.0,22240288.0,James,325.0
20819.0,3061216.0,offchan,325.0
9271.0,8613982.0,Daniel,326.0
92852.0,17832331.0,bishop-fish,326.0
19703.0,5281920.0,CorruptedHeapScapeGoat,326.0
22365.0,387495.0,Guillermo Mosse,327.0
11584.0,3879041.0,amitection,327.0
19859.0,8427196.0,Louis Lac,328.0
33848.0,458906.0,Harrison Tran,329.0
5219.0,7113187.0,lilienfa,329.0
55107.0,13705874.0,thesofakillers,329.0
32694.0,14658788.0,FraMan,329.0
81504.0,30669519.0,stats_noob,329.0
15465.0,11468313.0,Simbarashe Timothy Motsi,330.0
210.0,57865.0,Cem Kalyoncu,330.0
30174.0,4984436.0,rert588,330.0
15493.0,7271179.0,user12075,330.0
6359.0,442600.0,Josh Albert,331.0
29824.0,4757969.0,Eli Korvigo,331.0
12732.0,3813396.0,Stella Biderman,331.0
10569.0,3373292.0,Saeed,331.0
21299.0,6247495.0,F.M.F.,331.0
20358.0,12098984.0,anonuser01,331.0
47.0,5539886.0,god of llamas,332.0
3989.0,5977156.0,Christian Westbrook,332.0
67543.0,11848404.0,pythonic833,332.0
1727.0,7639415.0,Addis,333.0
10118.0,10822055.0,m2rik,333.0
17853.0,254270.0,Andy,333.0
19448.0,14626539.0,dua fatima,333.0
16929.0,4155060.0,don_pablito,333.0
9220.0,135130.0,HelloGoodbye,333.0
31988.0,17281582.0,Kasia,333.0
1807.0,5964120.0,kiner_shah,333.0
41615.0,13860653.0,Enes,334.0
2212.0,6743833.0,Ray,334.0
55531.0,2086706.0,sfotiadis,336.0
42926.0,11471165.0,Slowat_Kela,337.0
17770.0,175030.0,Edward Dixon,337.0
29877.0,14970419.0,FeedMeInformation,337.0
62.0,5305518.0,Jeff Puckett,339.0
27789.0,12268702.0,Terry T.,339.0
30644.0,14469076.0,Balraj Ashwath,339.0
17050.0,8315615.0,elimohl,341.0
14862.0,1461614.0,tahasozgen,341.0
13087.0,8779980.0,kuma,341.0
6648.0,7071307.0,FunkyKowal,341.0
20721.0,53211.0,user366312,341.0
23500.0,14864554.0,Dimer,341.0
61427.0,26475275.0,James Ashford,341.0
37169.0,15753933.0,unter_983,341.0
21832.0,14255635.0,Jay Critch,343.0
9233.0,74321.0,rkellerm,344.0
75569.0,29307947.0,ben svenssohn,344.0
26580.0,14122576.0,Leevo,345.0
17980.0,10095283.0,Ruchit Dalwadi,345.0
12964.0,215504.0,blue-sky,345.0
48523.0,5699987.0,meliksahturker,346.0
41226.0,15591403.0,Sivaram Rasathurai,346.0
37972.0,2998367.0,primussucks,346.0
9319.0,6563158.0,ZakC,347.0
25676.0,1722122.0,Stephen Philip,347.0
12935.0,11803106.0,Alex,347.0
20044.0,10409157.0,nickw,347.0
18086.0,8532809.0,information_interchange,349.0
32410.0,10330624.0,Shayan Shafiq,350.0
18649.0,4641636.0,Ahsan Tarique,351.0
15114.0,4939213.0,Christopher Griffith,351.0
15107.0,13234817.0,mlman,351.0
15403.0,2256713.0,Brian Spiering,351.0
23707.0,5478988.0,ycenycute,351.0
1931.0,431507.0,Jack M,352.0
18372.0,6998394.0,Matt Hamilton,353.0
36074.0,6827256.0,pecey,353.0
4244.0,5357115.0,Parth Raghav,355.0
30632.0,16015211.0,flipped,355.0
30910.0,9197165.0,r4bb1t,355.0
109.0,435292.0,zergylord,356.0
27875.0,11238630.0,SajanGohil,356.0
1791.0,6138127.0,Erba Aitbayev,357.0
4994.0,7477921.0,Colin Beckingham,357.0
49455.0,11024861.0,tnfru,358.0
1720.0,5515655.0,Zakk Diaz,358.0
2420.0,3654099.0,Techidiot,359.0
33073.0,2256518.0,Mathias Müller,361.0
35614.0,8044988.0,Soltius,361.0
13156.0,13082648.0,Jackson Waschura,363.0
1366.0,3302011.0,Gottfried William,363.0
31324.0,17074769.0,Daniel Wiczew,363.0
10344.0,3338139.0,Deniz Beker,366.0
45724.0,10143715.0,postnubilaphoebus,366.0
97.0,251740.0,Rory Alsop,368.0
11893.0,87892.0,benbyford,368.0
79362.0,30155356.0,Kulin Patel,369.0
33010.0,6454152.0,s_bh,370.0
17493.0,74268.0,Nathan S.,371.0
20627.0,7699707.0,Rikard Olsson,371.0
17312.0,12870553.0,yewang,371.0
23288.0,8074287.0,Jan,371.0
65502.0,1387278.0,gctwnl,371.0
65757.0,407237.0,Anixx,371.0
72289.0,1890249.0,JimmyJames,371.0
25859.0,13356282.0,shiredude95,373.0
67552.0,539911.0,wide_eyed_pupil,373.0
17365.0,9065118.0,Kevin. Fang,373.0
11911.0,6452871.0,Fadi Bakoura,374.0
3373.0,1837336.0,user76284,375.0
198.0,1973010.0,agold,375.0
11303.0,8718828.0,gcorso,376.0
21229.0,13167716.0,Sooryakiran Pallikulathil,376.0
25836.0,11497985.0,user8426627,378.0
50997.0,19278176.0,DKDK,379.0
37831.0,18831732.0,Chukwudi,379.0
42207.0,7323596.0,mdc,380.0
18852.0,13144268.0,Astariul,381.0
12021.0,9458018.0,Surya Bhusal,381.0
25721.0,10982009.0,Gooby,381.0
32493.0,15938786.0,hola,381.0
34200.0,4889488.0,quarague,381.0
28348.0,12841869.0,S. McGrew,383.0
9092.0,1134207.0,Peter Franek,384.0
19657.0,14401505.0,Marosh Fatima,385.0
31821.0,4790002.0,Luca Thiede,386.0
44706.0,9236381.0,PeaBrane,386.0
9740.0,1621964.0,Evalds Urtans,387.0
7816.0,5723980.0,Mark Markrowave Charlton,387.0
46214.0,11808882.0,user529295,389.0
37519.0,3625986.0,Athena Wisdom,391.0
48703.0,12000440.0,Eduardo Montesuma,391.0
4259.0,302085.0,Totem,391.0
143.0,5898650.0,Didami,391.0
32517.0,14450041.0,Mika,391.0
52355.0,14672915.0,Hadar Sharvit,391.0
23276.0,15553941.0,Bionic Buffulo,393.0
36710.0,3768988.0,SJa,393.0
17565.0,8140149.0,Diego Orellana,393.0
7858.0,4767603.0,tryingtolearn,395.0
21278.0,12148656.0,ytolochko,395.0
50614.0,16603256.0,Tom Huntington,396.0
77392.0,27127305.0,TylerDurden,399.0
17948.0,14291171.0,Rana Wasif,399.0
17209.0,12054183.0,user79161,399.0
4550.0,6350501.0,Miemels,399.0
12648.0,8699338.0,Micky-D,401.0
37627.0,361432.0,tmaric,402.0
26384.0,15968597.0,skillsmuggler,403.0
3448.0,9015258.0,MountainSide Studios,403.0
31749.0,5388936.0,Bhuwan Bhatt,404.0
40485.0,17972355.0,Arpit-Gole,404.0
42514.0,18257639.0,quest ions,404.0
2424.0,4996579.0,Tom Hale,404.0
11359.0,3356567.0,Josef Ondrej,405.0
30983.0,13330876.0,Diego Gomez,405.0
2841.0,6139832.0,Nuclear Hoagie,408.0
15368.0,10594671.0,Posi2,408.0
22373.0,14112176.0,Archie Shahidullah,408.0
26.0,6343509.0,Soham,409.0
11814.0,9585668.0,Sebastian Nielsen,411.0
11837.0,5668560.0,Anurag Singh,411.0
15530.0,5878403.0,0xSwego,411.0
55013.0,18678324.0,Vladimir Belik,412.0
6382.0,6490650.0,WaterRocket8236,413.0
31627.0,222412.0,Thomas W.,413.0
55074.0,5816559.0,lpounng,413.0
28608.0,11839314.0,Anuar Y,414.0
61871.0,1021583.0,MaiaVictor,415.0
89755.0,35005647.0,Nikolai Vorobiev,415.0
6258.0,6796886.0,Alireza,415.0
14381.0,6111237.0,M.kazem Akhgary,416.0
73954.0,28991505.0,Venna Banana,416.0
5210.0,2540325.0,Greenstick,416.0
17582.0,9003259.0,Robot0110,417.0
1794.0,410094.0,D.W.,417.0
5037.0,2237574.0,Marko Bakić,420.0
66866.0,23931790.0,Ciodar,420.0
104.0,6083264.0,nalzok,421.0
2263.0,2538419.0,EngrStudent,421.0
9170.0,7603965.0,AshTyson,421.0
15283.0,1197904.0,bokan,423.0
20352.0,1504846.0,BigBadMe,423.0
17601.0,6691987.0,Siddhartha,423.0
36453.0,18405325.0,Igor,425.0
10368.0,3967070.0,mjul,426.0
1760.0,3435285.0,bmwalide,429.0
1321.0,7290901.0,user289661,429.0
1414.0,3678131.0,Mark,430.0
71413.0,7423325.0,Touhid,431.0
33139.0,7431536.0,Jindřich,431.0
41187.0,2526078.0,Exploring,431.0
27947.0,8344713.0,Maverick Meerkat,432.0
30335.0,3121331.0,Der Fänger im Roggen,433.0
43351.0,7553133.0,Cohensius,433.0
26961.0,9226570.0,kirua,434.0
41110.0,18015205.0,Leo,435.0
20508.0,9626273.0,Jason,436.0
5.0,8057826.0,skistaddy,439.0
12242.0,9818808.0,Inkplay_,441.0
14723.0,12513750.0,FreezePhoenix,442.0
64749.0,242612.0,iammilind,443.0
8221.0,201479.0,yters,443.0
15391.0,5699100.0,xava,443.0
27548.0,10879266.0,Shirish,443.0
20399.0,13405450.0,Mark.F,446.0
37359.0,10252060.0,Asher,446.0
12640.0,12909486.0,Paula Vega,448.0
127.0,5424927.0,bpachev,450.0
25400.0,8385126.0,Arun Aniyan,451.0
20170.0,5866004.0,ch271828n,453.0
31978.0,6561427.0,joethemow,455.0
27777.0,12196726.0,MScott,455.0
35.0,4482792.0,Abhishek Bhatia,457.0
190.0,49538.0,Alpha,458.0
2904.0,1038747.0,Th3Nic3Guy,459.0
30100.0,16791927.0,hal9000,459.0
41547.0,7201483.0,amin,460.0
7760.0,4275489.0,Mike NZ,461.0
3427.0,6281896.0,GJZ,462.0
38.0,90733.0,SF.,464.0
34183.0,8949866.0,Anshuman Kumar,466.0
5925.0,2171124.0,JahKnows,470.0
35821.0,10320087.0,Rustam,471.0
51975.0,14182475.0,Mariusmarten,473.0
17706.0,12645617.0,Rui Nian,473.0
1880.0,1136346.0,gaborous,476.0
10191.0,6229308.0,Amin,481.0
29873.0,159641.0,Andy,481.0
17769.0,11408359.0,Ben,485.0
19413.0,14071170.0,Bryan McGill,491.0
8689.0,9903728.0,Maybe,491.0
12574.0,4443341.0,Gokul NC,493.0
8829.0,9178006.0,pshlady,494.0
27047.0,4965836.0,Leroy Od,495.0
16322.0,9533159.0,Surya Sg,495.0
74.0,258578.0,Pimgd,496.0
16906.0,11532576.0,JoeyB,497.0
22840.0,14596323.0,Landon G,500.0
9.0,7263447.0,Rob Murray,501.0
38960.0,17281949.0,tsu,501.0
14612.0,976103.0,Andreas Storvik Strauman,501.0
36578.0,11954952.0,Kais Hasan,501.0
27652.0,14411020.0,ItsMeMario,503.0
21739.0,2523286.0,Sycorax,503.0
1427.0,3896173.0,SQLServerSteve,505.0
8720.0,5006437.0,imflash217,509.0
21726.0,144209.0,ssegvic,509.0
15277.0,7039987.0,Anish Gupta,511.0
9268.0,205095.0,Nav,511.0
3601.0,9635551.0,Jnani Jenny Hale,511.0
68600.0,3681639.0,Guntram Blohm,511.0
69058.0,514393.0,Hans-Peter Schrei,512.0
29671.0,16631017.0,Lustwelpintje,514.0
17221.0,11408016.0,Jérémy Blain,515.0
2492.0,1097219.0,Salvador Dali,516.0
52494.0,16120057.0,vl_knd,516.0
1670.0,18562.0,liori,523.0
34358.0,8102914.0,Tom Dörr,523.0
52372.0,5412613.0,KarelPeeters,523.0
16343.0,11149226.0,Hanzy,529.0
9793.0,1113137.0,Phizaz,530.0
1462.0,265925.0,Ankur,531.0
16917.0,10506266.0,Inertial Ignorance,531.0
22399.0,6999531.0,soloice,531.0
4920.0,26373.0,VansFannel,533.0
73537.0,24856351.0,Chinmay,539.0
55350.0,209587.0,Lee Reeves,541.0
7458.0,2597332.0,Fullk33,543.0
15524.0,2171236.0,Vladislav Gladkikh,544.0
3020.0,9425893.0,Keno,545.0
40732.0,13992684.0,Frederic,551.0
2310.0,9148500.0,D. Wade,551.0
22424.0,9708483.0,SeeDerekEngineer,551.0
157.0,4770459.0,Conor Cosnett,554.0
149.0,5845551.0,jrmyp,556.0
70.0,406804.0,Luis,558.0
30365.0,12423392.0,Michael Hearn,565.0
17408.0,12055319.0,juicedatom,567.0
7800.0,6954571.0,GIA,568.0
27444.0,5802474.0,David,571.0
9062.0,9651514.0,varsh,572.0
8448.0,9095809.0,Hai Nguyen,572.0
40671.0,19404663.0,mugoh,579.0
12053.0,283609.0,maaartinus,583.0
19254.0,14414473.0,Abbas Ali,586.0
13088.0,4767926.0,Andrew Butler,587.0
17488.0,14156077.0,Mr. Eivind,588.0
31879.0,5998658.0,Avatrin,596.0
42996.0,2174677.0,profPlum,596.0
30599.0,11741622.0,jennifer ruurs,599.0
23350.0,14748052.0,HLeb,599.0
17759.0,14229719.0,16Aghnar,601.0
12509.0,7079015.0,DrMcCleod,603.0
15298.0,4238770.0,Tejas Ramdas,605.0
44965.0,17003616.0,Daviiid,605.0
2329.0,61473.0,antlersoft,607.0
3323.0,6352088.0,Alecto,609.0
40573.0,1035041.0,Robby Goetschalckx,615.0
13257.0,4161171.0,MattSt,617.0
66457.0,14132826.0,Nicolas Zein,621.0
48038.0,1532620.0,Geremia,623.0
41026.0,19378665.0,S2673,630.0
13104.0,4764150.0,Marcel_marcel1991,631.0
60549.0,11602364.0,Broele,631.0
22835.0,11946229.0,Tomasz Bartkowiak,632.0
45529.0,6813737.0,mikkola,634.0
37120.0,15332023.0,Tinu,638.0
1270.0,2685693.0,Zoltán,643.0
43632.0,13252799.0,Bert Gayus,645.0
17742.0,4485506.0,Rob,647.0
54134.0,4073921.0,Raphael Lopez Kaufman,648.0
16521.0,8893267.0,The Pointer,661.0
27629.0,16443570.0,mason7663,663.0
31649.0,1963605.0,AB_IM,664.0
23811.0,9914032.0,Peyman,664.0
78733.0,29196497.0,Keval Pandya,666.0
1657.0,2048016.0,Randy,669.0
21158.0,2041093.0,user3180,678.0
3365.0,287509.0,deong,681.0
19102.0,945168.0,verdery,688.0
36083.0,7398111.0,Gilad Deutsch,689.0
74581.0,29065817.0,Cesar Ruiz,690.0
29713.0,6823977.0,M14,691.0
16940.0,1203203.0,Kirill Fedyanin,694.0
1538.0,5093125.0,Avik Mohan,706.0
16708.0,11063912.0,naive,709.0
6019.0,5780751.0,Molnár István,712.0
100516.0,45366994.0,Avalon Brooks,713.0
1441.0,331682.0,Kaiesh,716.0
16199.0,5968374.0,gvgramazio,716.0
31755.0,12064447.0,desert_ranger,722.0
33976.0,14958413.0,Gerry P,724.0
11566.0,8954213.0,echo,733.0
28048.0,14532190.0,Swakshar Deb,733.0
22745.0,17020.0,mirror2image,735.0
1467.0,5400312.0,Tim Atkinson,752.0
34010.0,6592487.0,user5093249,752.0
40434.0,18298626.0,Saurav Maheshkar,760.0
71.0,6823451.0,3442,778.0
97716.0,43835842.0,joerg-de,784.0
15935.0,12030273.0,thecomplexitytheorist,796.0
24054.0,13002362.0,Miguel Saraiva,797.0
32861.0,17431685.0,Hiren Namera,805.0
21645.0,543843.0,Gulzar,807.0
23527.0,3650110.0,olinarr,809.0
1963.0,5207667.0,Nicola Bernini,809.0
14389.0,5705590.0,Ryan Chase,813.0
7550.0,7377849.0,Tshilidzi Mudau,820.0
2317.0,4153260.0,Volker Siegel,827.0
7681.0,3845739.0,Maheshwar Ligade,836.0
9469.0,7176892.0,sma,843.0
60702.0,16270019.0,Muhammad Ikhwan Perwira,850.0
3335.0,447475.0,Basile Starynkevitch,852.0
37982.0,14290371.0,Daniel B.,855.0
28.0,32277.0,miku,860.0
4631.0,5788467.0,Aiden Grossman,863.0
30.0,8692869.0,Disenchanted Lurker,863.0
12853.0,11161550.0,Borhan Kazimipour,876.0
37203.0,12936846.0,Abhishek Verma,878.0
27665.0,7851302.0,Fnguyen,880.0
7268.0,7831764.0,Douglas Ferreira,885.0
38076.0,7026140.0,mark mark,893.0
49188.0,4611416.0,Andre Goulart,894.0
7496.0,2293919.0,BlueMoon93,896.0
22301.0,7075073.0,serali,900.0
1675.0,152198.0,Peteris,903.0
24014.0,4157437.0,Jaume Oliver Lafont,906.0
32390.0,9530813.0,FourierFlux,907.0
36107.0,16775007.0,dato nefaridze,912.0
8332.0,1461741.0,TomR,923.0
30885.0,11909125.0,user8714896,925.0
11810.0,263967.0,mico,937.0
25362.0,150314.0,Hans-Peter Stricker,951.0
16101.0,5893322.0,cantordust,963.0
36055.0,17552327.0,ddaedalus,967.0
28406.0,37136.0,Stack Exchange Broke The Law,989.0
12957.0,2476500.0,Mohsin,1002.0
12841.0,2697399.0,Aray Karjauv,1007.0
41287.0,14861802.0,CuCaRot,1012.0
10720.0,4836670.0,mynameisvinn,1031.0
44413.0,19911626.0,htl,1040.0
32722.0,4601094.0,NikoNyrh,1047.0
25529.0,15896855.0,Dave,1048.0
6645.0,10465107.0,Stephen Johnson,1049.0
41448.0,6617635.0,milez,1051.0
69796.0,27983760.0,pi-tau,1055.0
31388.0,1225708.0,Mary,1063.0
32621.0,2740787.0,SpiderRico,1070.0
23503.0,3559086.0,End genocide - save Gaza,1071.0
5351.0,4353517.0,Leon Zhang,1085.0
3217.0,271958.0,Martin Thoma,1095.0
62466.0,24023903.0,Snehal Patel,1097.0
72.0,8761221.0,Vishnu JK,1100.0
7402.0,2738792.0,Blaszard,1117.0
11539.0,2158506.0,desertnaut,1121.0
39.0,974718.0,Eka,1136.0
28343.0,3705906.0,respectful,1146.0
37829.0,18680186.0,harwiltz,1176.0
20430.0,4461054.0,razvanc92,1178.0
2522.0,910144.0,Asciiom,1181.0
1581.0,8423357.0,quintumnia,1183.0
10913.0,7363981.0,Seth Simba,1186.0
66456.0,15573539.0,Long Luu,1190.0
36737.0,12004772.0,Faizy,1204.0
5344.0,5802880.0,Thomas Wagenaar,1207.0
66.0,429324.0,S.L. Barth is on codidact.com,1224.0
26882.0,5022207.0,JVGD,1248.0
9608.0,9883433.0,hisairnessag3,1280.0
35585.0,6454321.0,stoic-santiago,1281.0
30426.0,2520655.0,David Hoelzer,1288.0
52800.0,20119518.0,DSPinfinity,1303.0
30725.0,15498653.0,Pluviophile,1323.0
69.0,5780101.0,intcreator,1325.0
22659.0,15406827.0,GKozinski,1340.0
2844.0,7328064.0,Dan D,1348.0
130.0,166296.0,Harsh,1363.0
12630.0,6288523.0,pasaba por aqui,1363.0
31632.0,141826.0,Dr. Snoopy,1363.0
46.0,404018.0,dynrepsys,1371.0
32780.0,13654132.0,calveeen,1391.0
16363.0,4589458.0,Rexcirus,1399.0
101.0,6444670.0,Dawny33,1401.0
16871.0,5531362.0,Alexander Soare,1409.0
6014.0,124226.0,SmallChess,1421.0
25658.0,9924427.0,ashenoy,1429.0
47080.0,14628638.0,Taw,1441.0
26726.0,13219673.0,Recessive,1476.0
74118.0,29025908.0,Alexander Wan,1499.0
169.0,1533.0,Eric Platon,1530.0
29.0,6241661.0,wythagoras,1581.0
9161.0,310795.0,Demento,1684.0
181.0,6108253.0,Left SE On 10_6_19,1730.0
23713.0,14781916.0,Clement,1755.0
37607.0,18763950.0,DeepQZero,1775.0
95.0,34933.0,Robert Cartaino,1810.0
42699.0,4511013.0,user3667125,1870.0
9863.0,3779609.0,DRV,1913.0
52211.0,13709086.0,Chillston,1938.0
4446.0,4652336.0,OmG,1946.0
1812.0,6161610.0,Josh B.,1959.0
1712.0,1211014.0,Doxosophoi,1963.0
96511.0,43006519.0,Mr. AI Cool,1973.0
3005.0,8244105.0,Ugnes,2023.0
9647.0,367061.0,Maxim,2037.0
5763.0,372648.0,Brian O'Donnell,2047.0
22916.0,6074822.0,Philip Raeisghasem,2104.0
6779.0,5982534.0,k.c. sayz 'k.c sayz',2141.0
144.0,443353.0,rcpinto,2168.0
4199.0,6476695.0,zooby,2300.0
20339.0,14862777.0,Brale,2426.0
25496.0,10060182.0,mshlis,2449.0
74920.0,7638213.0,foreverska,2482.0
55.0,40019.0,WilliamKF,2593.0
75.0,3364317.0,Ben N,2597.0
20538.0,215520.0,Kostya,2787.0
16565.0,2304865.0,malioboro,2929.0
38846.0,18387461.0,spiridon_the_sun_rotator,3002.0
145.0,5129611.0,Mithical,3004.0
52501.0,29144164.0,Alberto,3198.0
26652.0,7455258.0,Djib2011,3243.0
34383.0,11887562.0,Robin van Hoorn,3260.0
69468.0,27661191.0,Luca Anzalone,3286.0
12201.0,5523531.0,chessprogrammer,3323.0
4398.0,2159787.0,Jaden Travnik,3907.0
33.0,48222.0,mindcrime,3992.0
4.0,169656.0,Franck Dernoncourt,4266.0
2227.0,5416059.0,BlindKungFuMaster,4275.0
10.0,555192.0,Matthew Gray,4292.0
18758.0,3197090.0,hanugm,4362.0
36821.0,18043784.0,David,5190.0
2193.0,43694.0,Oliver Mason,5567.0
34098.0,14789024.0,Edoardo Guerriero,5806.0
1671.0,4146639.0,DukeZhou,6279.0
42.0,1448821.0,NietzscheanAI,7366.0
4302.0,7068245.0,Douglas Daseeco,7573.0
16909.0,388787.0,John Doucette,9502.0
1641.0,9042085.0,Dennis Soemers,10609.0
8.0,22370.0,kenorb,10665.0
45381.0,19516434.0,cinch,11420.0
1847.0,2274369.0,Neil Slater,34693.0
2444.0,4148701.0,nbro,43966.0
